Eastern Date Hour,Eastern Date Hour Time Zone,Zone Name,Zone PTID,DAM Zonal LBMP,DAM Zonal Losses,DAM Zonal Congestion,DAM Zonal Price Version
01-03-2021 00:00,EST,CAPITL,61757,34.01,0.15,-30.13,1
01-03-2021 01:00,EST,CAPITL,61757,31.36,0.15,-27.28,1
01-03-2021 02:00,EST,CAPITL,61757,30.86,0.16,-26.6,1
01-03-2021 03:00,EST,CAPITL,61757,30.66,0.16,-26.34,1
01-03-2021 04:00,EST,CAPITL,61757,30.56,0.21,-25.01,1
01-03-2021 05:00,EST,CAPITL,61757,32.54,0.32,-24.83,1
01-03-2021 06:00,EST,CAPITL,61757,41.54,0.41,-28.81,1
01-03-2021 07:00,EST,CAPITL,61757,39.45,0.66,-20.93,1
01-03-2021 08:00,EST,CAPITL,61757,36.06,0.82,-14.89,1
01-03-2021 09:00,EST,CAPITL,61757,30.34,1.18,-4.66,1
01-03-2021 10:00,EST,CAPITL,61757,31.91,1.11,-7.12,1
01-03-2021 11:00,EST,CAPITL,61757,30.15,1.15,-4.58,1
01-03-2021 12:00,EST,CAPITL,61757,30.19,0.83,-7.93,1
01-03-2021 13:00,EST,CAPITL,61757,31.31,0.62,-13.94,1
01-03-2021 14:00,EST,CAPITL,61757,29.35,0.62,-12.83,1
01-03-2021 15:00,EST,CAPITL,61757,29.43,0.64,-12.81,1
01-03-2021 16:00,EST,CAPITL,61757,30.69,0.78,-10.32,1
01-03-2021 17:00,EST,CAPITL,61757,44.11,0.92,-19.56,1
01-03-2021 18:00,EST,CAPITL,61757,38.32,2.27,0,1
01-03-2021 19:00,EST,CAPITL,61757,33.47,2.1,-2.55,1
01-03-2021 20:00,EST,CAPITL,61757,29.49,1.87,-4.82,1
01-03-2021 21:00,EST,CAPITL,61757,26.85,1.75,-3.26,1
01-03-2021 22:00,EST,CAPITL,61757,26.66,1.61,-4.13,1
01-03-2021 23:00,EST,CAPITL,61757,30.96,0.95,-15.98,1
02-03-2021 00:00,EST,CAPITL,61757,40.14,0.52,-33.02,1
02-03-2021 01:00,EST,CAPITL,61757,37.79,0.51,-30.77,1
02-03-2021 02:00,EST,CAPITL,61757,35.6,0.6,-27.47,1
02-03-2021 03:00,EST,CAPITL,61757,34.82,0.6,-26.67,1
02-03-2021 04:00,EST,CAPITL,61757,52.87,0.11,-50.54,1
02-03-2021 05:00,EST,CAPITL,61757,50.5,0.22,-45.61,1
02-03-2021 06:00,EST,CAPITL,61757,63.45,0.48,-55.51,1
02-03-2021 07:00,EST,CAPITL,61757,65.75,0.51,-56.59,1
02-03-2021 08:00,EST,CAPITL,61757,62.89,0.62,-51.48,1
02-03-2021 09:00,EST,CAPITL,61757,53.84,0.63,-42.57,1
02-03-2021 10:00,EST,CAPITL,61757,53.5,0.6,-42.26,1
02-03-2021 11:00,EST,CAPITL,61757,47.13,0.72,-33.45,1
02-03-2021 12:00,EST,CAPITL,61757,47.84,0.57,-36.64,1
02-03-2021 13:00,EST,CAPITL,61757,47.04,0.47,-37.55,1
02-03-2021 14:00,EST,CAPITL,61757,45.2,0.37,-37.2,1
02-03-2021 15:00,EST,CAPITL,61757,46.67,0.37,-38.82,1
02-03-2021 16:00,EST,CAPITL,61757,48,0.55,-36.83,1
02-03-2021 17:00,EST,CAPITL,61757,70.87,0.57,-59.35,1
02-03-2021 18:00,EST,CAPITL,61757,70,0.8,-53.78,1
02-03-2021 19:00,EST,CAPITL,61757,65,0.58,-52.4,1
02-03-2021 20:00,EST,CAPITL,61757,52.98,0.63,-40.99,1
02-03-2021 21:00,EST,CAPITL,61757,47.9,0.54,-36.74,1
02-03-2021 22:00,EST,CAPITL,61757,46.79,0.37,-38.81,1
02-03-2021 23:00,EST,CAPITL,61757,44.17,0.24,-37.54,1
03-03-2021 00:00,EST,CAPITL,61757,57.33,0.17,-54.08,1
03-03-2021 01:00,EST,CAPITL,61757,55.25,0.12,-53.08,1
03-03-2021 02:00,EST,CAPITL,61757,53.24,0.1,-51.47,1
03-03-2021 03:00,EST,CAPITL,61757,52.96,0.1,-51.21,1
03-03-2021 04:00,EST,CAPITL,61757,54.59,0.12,-52.35,1
03-03-2021 05:00,EST,CAPITL,61757,54.18,0.21,-50.45,1
03-03-2021 06:00,EST,CAPITL,61757,66.22,0.38,-59.45,1
03-03-2021 07:00,EST,CAPITL,61757,70.91,0.4,-64.11,1
03-03-2021 08:00,EST,CAPITL,61757,64.01,0.62,-52.81,1
03-03-2021 09:00,EST,CAPITL,61757,46,0.62,-32.64,1
03-03-2021 10:00,EST,CAPITL,61757,42.3,0.55,-30.78,1
03-03-2021 11:00,EST,CAPITL,61757,38.17,0.67,-24.4,1
03-03-2021 12:00,EST,CAPITL,61757,36.96,0.62,-23.1,1
03-03-2021 13:00,EST,CAPITL,61757,39.05,0.49,-27.97,1
03-03-2021 14:00,EST,CAPITL,61757,38.68,0.46,-27.65,1
03-03-2021 15:00,EST,CAPITL,61757,39.12,0.49,-28.07,1
03-03-2021 16:00,EST,CAPITL,61757,40.68,0.61,-27.19,1
03-03-2021 17:00,EST,CAPITL,61757,59.57,0.59,-45.85,1
03-03-2021 18:00,EST,CAPITL,61757,60.2,0.96,-39.62,1
03-03-2021 19:00,EST,CAPITL,61757,54.75,0.81,-37.07,1
03-03-2021 20:00,EST,CAPITL,61757,43.03,0.76,-26.71,1
03-03-2021 21:00,EST,CAPITL,61757,43.86,0.48,-32.79,1
03-03-2021 22:00,EST,CAPITL,61757,41.26,0.41,-31.57,1
03-03-2021 23:00,EST,CAPITL,61757,41.71,0.28,-33.98,1
04-03-2021 00:00,EST,CAPITL,61757,54.32,0.35,-47.58,1
04-03-2021 01:00,EST,CAPITL,61757,48.33,0.3,-42.69,1
04-03-2021 02:00,EST,CAPITL,61757,47.14,0.26,-42.25,1
04-03-2021 03:00,EST,CAPITL,61757,45.89,0.27,-40.99,1
04-03-2021 04:00,EST,CAPITL,61757,45.5,0.29,-40.58,1
04-03-2021 05:00,EST,CAPITL,61757,47.1,0.37,-41.04,1
04-03-2021 06:00,EST,CAPITL,61757,57.72,0.88,-43.28,1
04-03-2021 07:00,EST,CAPITL,61757,59.19,0.98,-42.64,1
04-03-2021 08:00,EST,CAPITL,61757,58.22,1.05,-39.94,1
04-03-2021 09:00,EST,CAPITL,61757,49.03,0.9,-32.56,1
04-03-2021 10:00,EST,CAPITL,61757,50.83,0.62,-38.85,1
04-03-2021 11:00,EST,CAPITL,61757,49.49,0.51,-39.49,1
04-03-2021 12:00,EST,CAPITL,61757,47.99,0.38,-39.78,1
04-03-2021 13:00,EST,CAPITL,61757,48.28,0.35,-40.48,1
04-03-2021 14:00,EST,CAPITL,61757,49.13,0.29,-42.44,1
04-03-2021 15:00,EST,CAPITL,61757,49.14,0.3,-42.44,1
04-03-2021 16:00,EST,CAPITL,61757,53.7,0.3,-46.98,1
04-03-2021 17:00,EST,CAPITL,61757,71.8,0.75,-56.1,1
04-03-2021 18:00,EST,CAPITL,61757,70.34,1.07,-49.54,1
04-03-2021 19:00,EST,CAPITL,61757,60.6,1,-41.33,1
04-03-2021 20:00,EST,CAPITL,61757,54.33,0.72,-42.06,1
04-03-2021 21:00,EST,CAPITL,61757,43.26,1.42,-25.16,1
04-03-2021 22:00,EST,CAPITL,61757,46.45,0.82,-36.23,1
04-03-2021 23:00,EST,CAPITL,61757,45.2,0.64,-37.08,1
05-03-2021 00:00,EST,CAPITL,61757,62.13,0.57,-55.13,1
05-03-2021 01:00,EST,CAPITL,61757,59.81,0.56,-52.83,1
05-03-2021 02:00,EST,CAPITL,61757,59.96,0.54,-53.24,1
05-03-2021 03:00,EST,CAPITL,61757,59.97,0.54,-53.27,1
05-03-2021 04:00,EST,CAPITL,61757,59.89,0.57,-52.91,1
05-03-2021 05:00,EST,CAPITL,61757,59.9,0.6,-52.86,1
05-03-2021 06:00,EST,CAPITL,61757,76.78,1.08,-64.31,1
05-03-2021 07:00,EST,CAPITL,61757,79.44,1.45,-63.09,1
05-03-2021 08:00,EST,CAPITL,61757,70.37,1.69,-52.17,1
05-03-2021 09:00,EST,CAPITL,61757,59.53,1.87,-39.53,1
05-03-2021 10:00,EST,CAPITL,61757,64,1.27,-50,1
05-03-2021 11:00,EST,CAPITL,61757,63.14,1.21,-49.5,1
05-03-2021 12:00,EST,CAPITL,61757,60.65,1.04,-48.96,1
05-03-2021 13:00,EST,CAPITL,61757,58.88,0.95,-48.04,1
05-03-2021 14:00,EST,CAPITL,61757,57.79,0.95,-46.98,1
05-03-2021 15:00,EST,CAPITL,61757,58.39,0.92,-47.79,1
05-03-2021 16:00,EST,CAPITL,61757,63.07,0.92,-52.84,1
05-03-2021 17:00,EST,CAPITL,61757,73.26,1.48,-56.74,1
05-03-2021 18:00,EST,CAPITL,61757,69.83,1.78,-49.89,1
05-03-2021 19:00,EST,CAPITL,61757,71.27,1.64,-52.91,1
05-03-2021 20:00,EST,CAPITL,61757,73.11,1.14,-60.57,1
05-03-2021 21:00,EST,CAPITL,61757,63.12,0.9,-52.89,1
05-03-2021 22:00,EST,CAPITL,61757,60.18,0.81,-51.06,1
05-03-2021 23:00,EST,CAPITL,61757,57.49,0.69,-49.32,1
06-03-2021 00:00,EST,CAPITL,61757,60.83,0.54,-53.89,1
06-03-2021 01:00,EST,CAPITL,61757,58.26,0.45,-52.51,1
06-03-2021 02:00,EST,CAPITL,61757,57.32,0.48,-51.31,1
06-03-2021 03:00,EST,CAPITL,61757,56.04,0.47,-50.17,1
06-03-2021 04:00,EST,CAPITL,61757,54.36,0.61,-46.72,1
06-03-2021 05:00,EST,CAPITL,61757,56.21,0.73,-47.52,1
06-03-2021 06:00,EST,CAPITL,61757,64.25,0.83,-54.16,1
06-03-2021 07:00,EST,CAPITL,61757,70.63,0.88,-59.97,1
06-03-2021 08:00,EST,CAPITL,61757,66.54,1.54,-48.78,1
06-03-2021 09:00,EST,CAPITL,61757,58.46,1.7,-39.63,1
06-03-2021 10:00,EST,CAPITL,61757,53.02,1.66,-34.47,1
06-03-2021 11:00,EST,CAPITL,61757,49.57,1.67,-30.31,1
06-03-2021 12:00,EST,CAPITL,61757,51.66,1.09,-38.7,1
06-03-2021 13:00,EST,CAPITL,61757,52.05,1.05,-39.95,1
06-03-2021 14:00,EST,CAPITL,61757,52.11,1.06,-40.14,1
06-03-2021 15:00,EST,CAPITL,61757,53.43,1.04,-41.53,1
06-03-2021 16:00,EST,CAPITL,61757,58.61,1.25,-44.6,1
06-03-2021 17:00,EST,CAPITL,61757,66.91,1.89,-45.38,1
06-03-2021 18:00,EST,CAPITL,61757,76.14,2.16,-51.72,1
06-03-2021 19:00,EST,CAPITL,61757,66.6,2.11,-43.18,1
06-03-2021 20:00,EST,CAPITL,61757,59.21,1.85,-38.87,1
06-03-2021 21:00,EST,CAPITL,61757,59.44,1.39,-43.55,1
06-03-2021 22:00,EST,CAPITL,61757,57.9,1.37,-42.25,1
06-03-2021 23:00,EST,CAPITL,61757,55.46,0.99,-43.79,1
07-03-2021 00:00,EST,CAPITL,61757,52.01,1.33,-35.76,1
07-03-2021 01:00,EST,CAPITL,61757,47.5,1.15,-33.28,1
07-03-2021 02:00,EST,CAPITL,61757,46.23,1,-33.58,1
07-03-2021 03:00,EST,CAPITL,61757,46.09,1.01,-33.42,1
07-03-2021 04:00,EST,CAPITL,61757,46.29,1.04,-33.57,1
07-03-2021 05:00,EST,CAPITL,61757,43.51,1.05,-30.68,1
07-03-2021 06:00,EST,CAPITL,61757,42.58,1.2,-27.45,1
07-03-2021 07:00,EST,CAPITL,61757,49.64,1.42,-32.31,1
07-03-2021 08:00,EST,CAPITL,61757,48.9,1.9,-26.61,1
07-03-2021 09:00,EST,CAPITL,61757,44.75,1.78,-23.63,1
07-03-2021 10:00,EST,CAPITL,61757,42.58,1.78,-22.04,1
07-03-2021 11:00,EST,CAPITL,61757,42.6,1.73,-22.32,1
07-03-2021 12:00,EST,CAPITL,61757,41.34,1.62,-21.96,1
07-03-2021 13:00,EST,CAPITL,61757,39.8,1.54,-21.19,1
07-03-2021 14:00,EST,CAPITL,61757,41.7,1.48,-23.6,1
07-03-2021 15:00,EST,CAPITL,61757,43.18,1.45,-25.96,1
07-03-2021 16:00,EST,CAPITL,61757,47.11,1.58,-28.37,1
07-03-2021 17:00,EST,CAPITL,61757,61.94,2.25,-35.45,1
07-03-2021 18:00,EST,CAPITL,61757,67.4,2.78,-35.38,1
07-03-2021 19:00,EST,CAPITL,61757,60.22,2.71,-28.95,1
07-03-2021 20:00,EST,CAPITL,61757,50.12,2.61,-21.9,1
07-03-2021 21:00,EST,CAPITL,61757,51.4,2.02,-28.58,1
07-03-2021 22:00,EST,CAPITL,61757,51.64,1.56,-33.83,1
07-03-2021 23:00,EST,CAPITL,61757,48.64,1.38,-32.45,1
08-03-2021 00:00,EST,CAPITL,61757,52.67,1.74,-32.64,1
08-03-2021 01:00,EST,CAPITL,61757,50.99,1.26,-35.99,1
08-03-2021 02:00,EST,CAPITL,61757,48.38,1.29,-33.03,1
08-03-2021 03:00,EST,CAPITL,61757,47.61,1.24,-33.03,1
08-03-2021 04:00,EST,CAPITL,61757,49.21,1.46,-32.22,1
08-03-2021 05:00,EST,CAPITL,61757,51,1.79,-30.57,1
08-03-2021 06:00,EST,CAPITL,61757,65.14,2.27,-38.19,1
08-03-2021 07:00,EST,CAPITL,61757,72.33,2.66,-39.09,1
08-03-2021 08:00,EST,CAPITL,61757,67.46,2.36,-40.27,1
08-03-2021 09:00,EST,CAPITL,61757,56.33,2.14,-31.64,1
08-03-2021 10:00,EST,CAPITL,61757,50.12,1.85,-28.33,1
08-03-2021 11:00,EST,CAPITL,61757,46.92,1.57,-28.1,1
08-03-2021 12:00,EST,CAPITL,61757,45.55,1.32,-29.68,1
08-03-2021 13:00,EST,CAPITL,61757,44.65,1.3,-28.9,1
08-03-2021 14:00,EST,CAPITL,61757,45.17,1.25,-30.03,1
08-03-2021 15:00,EST,CAPITL,61757,45.92,1.32,-30.23,1
08-03-2021 16:00,EST,CAPITL,61757,46.12,1.68,-26.39,1
08-03-2021 17:00,EST,CAPITL,61757,55.25,2.27,-28.57,1
08-03-2021 18:00,EST,CAPITL,61757,63.33,2.51,-34.92,1
08-03-2021 19:00,EST,CAPITL,61757,58.44,2.41,-31.68,1
08-03-2021 20:00,EST,CAPITL,61757,53.59,2.03,-31.21,1
08-03-2021 21:00,EST,CAPITL,61757,51,1.34,-35.37,1
08-03-2021 22:00,EST,CAPITL,61757,45.53,1.25,-30.89,1
08-03-2021 23:00,EST,CAPITL,61757,45.89,0.83,-35.69,1
09-03-2021 00:00,EST,CAPITL,61757,37.74,0.82,-27.35,1
09-03-2021 01:00,EST,CAPITL,61757,33.97,0.81,-23.71,1
09-03-2021 02:00,EST,CAPITL,61757,33.93,0.78,-23.93,1
09-03-2021 03:00,EST,CAPITL,61757,33.87,0.8,-23.66,1
09-03-2021 04:00,EST,CAPITL,61757,33.49,0.94,-21.88,1
09-03-2021 05:00,EST,CAPITL,61757,32.96,1.42,-16.15,1
09-03-2021 06:00,EST,CAPITL,61757,43.65,1.85,-22.33,1
09-03-2021 07:00,EST,CAPITL,61757,50.64,1.8,-29.51,1
09-03-2021 08:00,EST,CAPITL,61757,48.28,1.97,-25.98,1
09-03-2021 09:00,EST,CAPITL,61757,37.04,2.01,-14.1,1
09-03-2021 10:00,EST,CAPITL,61757,32.57,2.01,-9.11,1
09-03-2021 11:00,EST,CAPITL,61757,31.74,1.71,-11.43,1
09-03-2021 12:00,EST,CAPITL,61757,30.68,1.53,-12.3,1
09-03-2021 13:00,EST,CAPITL,61757,30.53,1.4,-13.6,1
09-03-2021 14:00,EST,CAPITL,61757,30.08,1.32,-14.27,1
09-03-2021 15:00,EST,CAPITL,61757,30.75,1.35,-14.35,1
09-03-2021 16:00,EST,CAPITL,61757,32.17,1.45,-14.46,1
09-03-2021 17:00,EST,CAPITL,61757,45.07,1.87,-21.12,1
09-03-2021 18:00,EST,CAPITL,61757,49.73,2.29,-21.46,1
09-03-2021 19:00,EST,CAPITL,61757,41.41,1.98,-16.97,1
09-03-2021 20:00,EST,CAPITL,61757,33.64,1.68,-13.31,1
09-03-2021 21:00,EST,CAPITL,61757,32.2,1.43,-14.13,1
09-03-2021 22:00,EST,CAPITL,61757,30.57,1.17,-15.5,1
09-03-2021 23:00,EST,CAPITL,61757,31.32,0.91,-19.35,1
10-03-2021 00:00,EST,CAPITL,61757,28.68,0.51,-21.11,1
10-03-2021 01:00,EST,CAPITL,61757,29.63,0.45,-22.79,1
10-03-2021 02:00,EST,CAPITL,61757,27.55,0.46,-20.7,1
10-03-2021 03:00,EST,CAPITL,61757,27.28,0.45,-20.44,1
10-03-2021 04:00,EST,CAPITL,61757,27.95,0.47,-21.07,1
10-03-2021 05:00,EST,CAPITL,61757,29,0.49,-22.11,1
10-03-2021 06:00,EST,CAPITL,61757,36.61,0.75,-27.71,1
10-03-2021 07:00,EST,CAPITL,61757,43.78,0.85,-33.33,1
10-03-2021 08:00,EST,CAPITL,61757,39.53,1.15,-26.23,1
10-03-2021 09:00,EST,CAPITL,61757,32.37,1.03,-20.68,1
10-03-2021 10:00,EST,CAPITL,61757,30.14,1.08,-17.5,1
10-03-2021 11:00,EST,CAPITL,61757,30.1,1.03,-17.76,1
10-03-2021 12:00,EST,CAPITL,61757,28.9,0.82,-18.81,1
10-03-2021 13:00,EST,CAPITL,61757,27.9,0.83,-17.69,1
10-03-2021 14:00,EST,CAPITL,61757,28.21,0.73,-19.32,1
10-03-2021 15:00,EST,CAPITL,61757,29.06,0.72,-20.63,1
10-03-2021 16:00,EST,CAPITL,61757,33.64,0.69,-25.79,1
10-03-2021 17:00,EST,CAPITL,61757,47.5,0.75,-38.33,1
10-03-2021 18:00,EST,CAPITL,61757,54.58,0.85,-44.96,1
10-03-2021 19:00,EST,CAPITL,61757,50.24,0.74,-41.42,1
10-03-2021 20:00,EST,CAPITL,61757,36.98,0.64,-29.58,1
10-03-2021 21:00,EST,CAPITL,61757,32.13,0.45,-26.18,1
10-03-2021 22:00,EST,CAPITL,61757,30.01,0.43,-24.26,1
10-03-2021 23:00,EST,CAPITL,61757,27.58,0.36,-22.57,1
11-03-2021 00:00,EST,CAPITL,61757,27.37,0.31,-22.55,1
11-03-2021 01:00,EST,CAPITL,61757,27.67,0.15,-25.24,1
11-03-2021 02:00,EST,CAPITL,61757,26.49,0.17,-23.84,1
11-03-2021 03:00,EST,CAPITL,61757,26.14,0.16,-23.59,1
11-03-2021 04:00,EST,CAPITL,61757,26.39,0.21,-23.08,1
11-03-2021 05:00,EST,CAPITL,61757,27.08,0.33,-22.16,1
11-03-2021 06:00,EST,CAPITL,61757,35.07,0.38,-30.04,1
11-03-2021 07:00,EST,CAPITL,61757,39.35,0.47,-33.37,1
11-03-2021 08:00,EST,CAPITL,61757,32.71,0.67,-24.55,1
11-03-2021 09:00,EST,CAPITL,61757,28.76,0.61,-21.24,1
11-03-2021 10:00,EST,CAPITL,61757,28.41,0.61,-20.83,1
11-03-2021 11:00,EST,CAPITL,61757,26.35,0.62,-18.24,1
11-03-2021 12:00,EST,CAPITL,61757,25.4,0.62,-17.29,1
11-03-2021 13:00,EST,CAPITL,61757,25.95,0.53,-18.97,1
11-03-2021 14:00,EST,CAPITL,61757,25.61,0.53,-18.64,1
11-03-2021 15:00,EST,CAPITL,61757,25.77,0.52,-18.8,1
11-03-2021 16:00,EST,CAPITL,61757,27.84,0.56,-20.18,1
11-03-2021 17:00,EST,CAPITL,61757,36.13,0.66,-27.64,1
11-03-2021 18:00,EST,CAPITL,61757,42.03,0.9,-30.97,1
11-03-2021 19:00,EST,CAPITL,61757,38.97,0.81,-28.71,1
11-03-2021 20:00,EST,CAPITL,61757,30.78,0.65,-22.45,1
11-03-2021 21:00,EST,CAPITL,61757,28.29,0.53,-21.32,1
11-03-2021 22:00,EST,CAPITL,61757,27.63,0.4,-22.17,1
11-03-2021 23:00,EST,CAPITL,61757,27.31,0.36,-22.31,1
12-03-2021 00:00,EST,CAPITL,61757,27.38,0.23,-24.02,1
12-03-2021 01:00,EST,CAPITL,61757,26.49,0.2,-23.55,1
12-03-2021 02:00,EST,CAPITL,61757,25.43,0.19,-22.47,1
12-03-2021 03:00,EST,CAPITL,61757,25.21,0.17,-22.6,1
12-03-2021 04:00,EST,CAPITL,61757,25.3,0.23,-21.95,1
12-03-2021 05:00,EST,CAPITL,61757,25.25,0.36,-20.22,1
12-03-2021 06:00,EST,CAPITL,61757,27.29,0.51,-19.94,1
12-03-2021 07:00,EST,CAPITL,61757,31.62,0.66,-22.56,1
12-03-2021 08:00,EST,CAPITL,61757,31,0.92,-18.64,1
12-03-2021 09:00,EST,CAPITL,61757,28.73,0.9,-16.47,1
12-03-2021 10:00,EST,CAPITL,61757,26.81,0.8,-15.84,1
12-03-2021 11:00,EST,CAPITL,61757,27.29,0.61,-18.62,1
12-03-2021 12:00,EST,CAPITL,61757,26.89,0.58,-18.46,1
12-03-2021 13:00,EST,CAPITL,61757,26.5,0.51,-19.05,1
12-03-2021 14:00,EST,CAPITL,61757,25.64,0.46,-18.75,1
12-03-2021 15:00,EST,CAPITL,61757,25.61,0.53,-17.89,1
12-03-2021 16:00,EST,CAPITL,61757,27.7,0.52,-19.99,1
12-03-2021 17:00,EST,CAPITL,61757,36.03,0.77,-25.66,1
12-03-2021 18:00,EST,CAPITL,61757,39.9,1.01,-26.91,1
12-03-2021 19:00,EST,CAPITL,61757,35.22,0.99,-22.29,1
12-03-2021 20:00,EST,CAPITL,61757,27.51,0.71,-18.39,1
12-03-2021 21:00,EST,CAPITL,61757,27.71,0.58,-19.94,1
12-03-2021 22:00,EST,CAPITL,61757,26.99,0.64,-18.2,1
12-03-2021 23:00,EST,CAPITL,61757,26.47,0.53,-19.25,1
13-03-2021 00:00,EST,CAPITL,61757,30.86,0.52,-23.89,1
13-03-2021 01:00,EST,CAPITL,61757,28.72,0.54,-21.47,1
13-03-2021 02:00,EST,CAPITL,61757,26.5,0.54,-19.24,1
13-03-2021 03:00,EST,CAPITL,61757,25.34,0.54,-18.02,1
13-03-2021 04:00,EST,CAPITL,61757,25.99,0.6,-18.02,1
13-03-2021 05:00,EST,CAPITL,61757,25.25,0.95,-13.42,1
13-03-2021 06:00,EST,CAPITL,61757,28.7,1.07,-14.63,1
13-03-2021 07:00,EST,CAPITL,61757,30.98,1.13,-16.21,1
13-03-2021 08:00,EST,CAPITL,61757,29.85,1.4,-12,1
13-03-2021 09:00,EST,CAPITL,61757,26.91,1.35,-8.83,1
13-03-2021 10:00,EST,CAPITL,61757,27.42,1.17,-11.8,1
13-03-2021 11:00,EST,CAPITL,61757,27.54,1.13,-12.06,1
13-03-2021 12:00,EST,CAPITL,61757,26.56,1.02,-12.66,1
13-03-2021 13:00,EST,CAPITL,61757,26.37,0.86,-14.55,1
13-03-2021 14:00,EST,CAPITL,61757,26.62,0.6,-17.95,1
13-03-2021 15:00,EST,CAPITL,61757,27.42,0.59,-18.95,1
13-03-2021 16:00,EST,CAPITL,61757,26.99,0.96,-13.74,1
13-03-2021 17:00,EST,CAPITL,61757,37.62,1.12,-22.39,1
13-03-2021 18:00,EST,CAPITL,61757,45.41,1.46,-26.78,1
13-03-2021 19:00,EST,CAPITL,61757,41.73,1.2,-26.21,1
13-03-2021 20:00,EST,CAPITL,61757,33.19,1.05,-20.81,1
13-03-2021 21:00,EST,CAPITL,61757,30.9,0.81,-20.95,1
13-03-2021 22:00,EST,CAPITL,61757,30.71,0.54,-23.55,1
13-03-2021 23:00,EST,CAPITL,61757,31.14,0.41,-25.22,1
14-03-2021 00:00,EST,CAPITL,61757,31.54,0.53,-24.58,1
14-03-2021 01:00,EST,CAPITL,61757,29.73,0.5,-23.25,1
14-03-2021 03:00,EDT,CAPITL,61757,27.69,0.39,-22.48,1
14-03-2021 04:00,EDT,CAPITL,61757,26.85,0.43,-21.19,1
14-03-2021 05:00,EDT,CAPITL,61757,26.84,0.51,-19.91,1
14-03-2021 06:00,EDT,CAPITL,61757,29.95,0.54,-22.97,1
14-03-2021 07:00,EDT,CAPITL,61757,33.4,0.55,-26.39,1
14-03-2021 08:00,EDT,CAPITL,61757,30.58,0.84,-20.68,1
14-03-2021 09:00,EDT,CAPITL,61757,28.13,0.78,-18.78,1
14-03-2021 10:00,EDT,CAPITL,61757,29.68,0.76,-20.44,1
14-03-2021 11:00,EDT,CAPITL,61757,29.22,0.72,-20.46,1
14-03-2021 12:00,EDT,CAPITL,61757,28.8,0.71,-20.08,1
14-03-2021 13:00,EDT,CAPITL,61757,28.55,0.64,-20.66,1
14-03-2021 14:00,EDT,CAPITL,61757,27.95,0.59,-20.49,1
14-03-2021 15:00,EDT,CAPITL,61757,28.3,0.62,-20.54,1
14-03-2021 16:00,EDT,CAPITL,61757,30.31,0.66,-22.06,1
14-03-2021 17:00,EDT,CAPITL,61757,43.6,0.76,-33.4,1
14-03-2021 18:00,EDT,CAPITL,61757,50.29,1.16,-36.14,1
14-03-2021 19:00,EDT,CAPITL,61757,49.93,1.33,-33.13,1
14-03-2021 20:00,EDT,CAPITL,61757,37.64,1.24,-22.93,1
14-03-2021 21:00,EDT,CAPITL,61757,34.81,1.11,-21.47,1
14-03-2021 22:00,EDT,CAPITL,61757,33.06,1.03,-20.66,1
14-03-2021 23:00,EDT,CAPITL,61757,33.57,0.54,-26.59,1
15-03-2021 00:00,EDT,CAPITL,61757,35.64,0.9,-25.17,1
15-03-2021 01:00,EDT,CAPITL,61757,38.9,0.83,-28.69,1
15-03-2021 02:00,EDT,CAPITL,61757,31.48,0.85,-21.38,1
15-03-2021 03:00,EDT,CAPITL,61757,31.43,0.87,-21.15,1
15-03-2021 04:00,EDT,CAPITL,61757,30.73,1.07,-18.32,1
15-03-2021 05:00,EDT,CAPITL,61757,26.57,1.94,-5.05,1
15-03-2021 06:00,EDT,CAPITL,61757,37.32,3.12,-2.43,1
15-03-2021 07:00,EDT,CAPITL,61757,46.06,3.52,-6.65,1
15-03-2021 08:00,EDT,CAPITL,61757,41.41,3.76,-0.83,1
15-03-2021 09:00,EDT,CAPITL,61757,36.27,3.18,-0.71,1
15-03-2021 10:00,EDT,CAPITL,61757,38.19,2.34,-12.92,1
15-03-2021 11:00,EDT,CAPITL,61757,33.91,2.1,-11,1
15-03-2021 12:00,EDT,CAPITL,61757,32.77,1.94,-10.87,1
15-03-2021 13:00,EDT,CAPITL,61757,31.12,1.73,-11.41,1
15-03-2021 14:00,EDT,CAPITL,61757,30.77,1.59,-12.57,1
15-03-2021 15:00,EDT,CAPITL,61757,31.19,1.4,-14.5,1
15-03-2021 16:00,EDT,CAPITL,61757,32,1.7,-11.45,1
15-03-2021 17:00,EDT,CAPITL,61757,49.7,2.41,-21.41,1
15-03-2021 18:00,EDT,CAPITL,61757,50.54,3.01,-17.14,1
15-03-2021 19:00,EDT,CAPITL,61757,49.09,3.5,-9.85,1
15-03-2021 20:00,EDT,CAPITL,61757,38.19,3.3,-0.91,1
15-03-2021 21:00,EDT,CAPITL,61757,32.72,2.71,-3.21,1
15-03-2021 22:00,EDT,CAPITL,61757,34.03,2.02,-12.05,1
15-03-2021 23:00,EDT,CAPITL,61757,30.31,1.56,-12.3,1
16-03-2021 00:00,EDT,CAPITL,61757,36.17,1.3,-20.72,1
16-03-2021 01:00,EDT,CAPITL,61757,31.79,1.28,-16.9,1
16-03-2021 02:00,EDT,CAPITL,61757,31.86,1.29,-17.02,1
16-03-2021 03:00,EDT,CAPITL,61757,32.29,1.27,-17.62,1
16-03-2021 04:00,EDT,CAPITL,61757,31.49,1.31,-16.66,1
16-03-2021 05:00,EDT,CAPITL,61757,32.64,1.6,-14.33,1
16-03-2021 06:00,EDT,CAPITL,61757,39.31,3.11,0,1
16-03-2021 07:00,EDT,CAPITL,61757,45.14,3.44,-1.66,1
16-03-2021 08:00,EDT,CAPITL,61757,42.83,3.34,-1.13,1
16-03-2021 09:00,EDT,CAPITL,61757,40,2.65,-9.52,1
16-03-2021 10:00,EDT,CAPITL,61757,39.72,2.17,-13.9,1
16-03-2021 11:00,EDT,CAPITL,61757,39.6,2.07,-14.76,1
16-03-2021 12:00,EDT,CAPITL,61757,37.34,1.86,-14.55,1
16-03-2021 13:00,EDT,CAPITL,61757,38.35,1.73,-17.01,1
16-03-2021 14:00,EDT,CAPITL,61757,34.24,1.7,-12.79,1
16-03-2021 15:00,EDT,CAPITL,61757,34.34,1.64,-13.46,1
16-03-2021 16:00,EDT,CAPITL,61757,35.25,1.85,-12.12,1
16-03-2021 17:00,EDT,CAPITL,61757,48.72,1.91,-22.9,1
16-03-2021 18:00,EDT,CAPITL,61757,48.44,2.24,-19.83,1
16-03-2021 19:00,EDT,CAPITL,61757,51.08,2.62,-19.05,1
16-03-2021 20:00,EDT,CAPITL,61757,39.74,2.66,-9.07,1
16-03-2021 21:00,EDT,CAPITL,61757,35.71,1.96,-12.46,1
16-03-2021 22:00,EDT,CAPITL,61757,35.45,1.64,-15.4,1
16-03-2021 23:00,EDT,CAPITL,61757,33.25,1.48,-15.81,1
17-03-2021 00:00,EDT,CAPITL,61757,30.18,1.38,-11.79,1
17-03-2021 01:00,EDT,CAPITL,61757,30.84,1.16,-15.24,1
17-03-2021 02:00,EDT,CAPITL,61757,29.05,1.08,-14.46,1
17-03-2021 03:00,EDT,CAPITL,61757,28.93,1.07,-14.25,1
17-03-2021 04:00,EDT,CAPITL,61757,27.17,1.26,-10.18,1
17-03-2021 05:00,EDT,CAPITL,61757,27.08,1.59,-7,1
17-03-2021 06:00,EDT,CAPITL,61757,30.67,2.05,-4.55,1
17-03-2021 07:00,EDT,CAPITL,61757,46.62,2.17,-19.18,1
17-03-2021 08:00,EDT,CAPITL,61757,45.69,2.39,-16.46,1
17-03-2021 09:00,EDT,CAPITL,61757,44.13,2.35,-14.48,1
17-03-2021 10:00,EDT,CAPITL,61757,34.32,1.92,-10.87,1
17-03-2021 11:00,EDT,CAPITL,61757,32.29,1.78,-9.32,1
17-03-2021 12:00,EDT,CAPITL,61757,31.95,1.67,-10.18,1
17-03-2021 13:00,EDT,CAPITL,61757,30.03,1.69,-7.92,1
17-03-2021 14:00,EDT,CAPITL,61757,28.81,1.57,-7.83,1
17-03-2021 15:00,EDT,CAPITL,61757,29.77,1.38,-11.31,1
17-03-2021 16:00,EDT,CAPITL,61757,28.36,1.51,-6.97,1
17-03-2021 17:00,EDT,CAPITL,61757,40.25,1.6,-15.81,1
17-03-2021 18:00,EDT,CAPITL,61757,40,1.71,-14.84,1
17-03-2021 19:00,EDT,CAPITL,61757,43.69,2.02,-14.38,1
17-03-2021 20:00,EDT,CAPITL,61757,29.47,2.23,0,1
17-03-2021 21:00,EDT,CAPITL,61757,28.14,1.81,-6.19,1
17-03-2021 22:00,EDT,CAPITL,61757,26.89,1.61,-6.96,1
17-03-2021 23:00,EDT,CAPITL,61757,27.44,1.24,-10.65,1
18-03-2021 00:00,EDT,CAPITL,61757,25,1.17,-9.91,1
18-03-2021 01:00,EDT,CAPITL,61757,24.71,1.03,-11.28,1
18-03-2021 02:00,EDT,CAPITL,61757,25.51,0.91,-13.46,1
18-03-2021 03:00,EDT,CAPITL,61757,24.56,0.93,-12.27,1
18-03-2021 04:00,EDT,CAPITL,61757,25.92,0.93,-13.89,1
18-03-2021 05:00,EDT,CAPITL,61757,25.59,1.12,-11.15,1
18-03-2021 06:00,EDT,CAPITL,61757,25.79,1.86,-3.3,1
18-03-2021 07:00,EDT,CAPITL,61757,34.9,1.7,-13.47,1
18-03-2021 08:00,EDT,CAPITL,61757,28.68,2.22,-0.08,1
18-03-2021 09:00,EDT,CAPITL,61757,25.77,1.92,-0.11,1
18-03-2021 10:00,EDT,CAPITL,61757,25.4,2.01,-0.31,1
18-03-2021 11:00,EDT,CAPITL,61757,24.19,1.89,-0.53,1
18-03-2021 12:00,EDT,CAPITL,61757,23.89,1.79,-1.49,1
18-03-2021 13:00,EDT,CAPITL,61757,24.13,1.75,-2.5,1
18-03-2021 14:00,EDT,CAPITL,61757,23.82,1.59,-3.76,1
18-03-2021 15:00,EDT,CAPITL,61757,27.24,1.21,-8.73,1
18-03-2021 16:00,EDT,CAPITL,61757,27.28,1.22,-8.13,1
18-03-2021 17:00,EDT,CAPITL,61757,32.03,1.26,-12.21,1
18-03-2021 18:00,EDT,CAPITL,61757,37.47,1.34,-17.75,1
18-03-2021 19:00,EDT,CAPITL,61757,37.11,1.48,-15.87,1
18-03-2021 20:00,EDT,CAPITL,61757,30.37,1.46,-10.65,1
18-03-2021 21:00,EDT,CAPITL,61757,26.38,1.05,-11.31,1
18-03-2021 22:00,EDT,CAPITL,61757,26.14,0.84,-14.06,1
18-03-2021 23:00,EDT,CAPITL,61757,25.81,0.69,-16.11,1
19-03-2021 00:00,EDT,CAPITL,61757,27.48,0.52,-20.3,1
19-03-2021 01:00,EDT,CAPITL,61757,26.79,0.5,-19.85,1
19-03-2021 02:00,EDT,CAPITL,61757,25.6,0.5,-18.66,1
19-03-2021 03:00,EDT,CAPITL,61757,24.92,0.5,-17.97,1
19-03-2021 04:00,EDT,CAPITL,61757,26.17,0.55,-18.69,1
19-03-2021 05:00,EDT,CAPITL,61757,26.13,0.68,-16.92,1
19-03-2021 06:00,EDT,CAPITL,61757,27.53,1.44,-9.76,1
19-03-2021 07:00,EDT,CAPITL,61757,37.98,2.04,-11.92,1
19-03-2021 08:00,EDT,CAPITL,61757,38.83,2.32,-10.16,1
19-03-2021 09:00,EDT,CAPITL,61757,39.63,2.31,-11.12,1
19-03-2021 10:00,EDT,CAPITL,61757,36.29,2.06,-10.33,1
19-03-2021 11:00,EDT,CAPITL,61757,35.74,1.83,-12.35,1
19-03-2021 12:00,EDT,CAPITL,61757,34.46,1.6,-13.84,1
19-03-2021 13:00,EDT,CAPITL,61757,32.65,1.4,-13.06,1
19-03-2021 14:00,EDT,CAPITL,61757,28.2,1.34,-9.45,1
19-03-2021 15:00,EDT,CAPITL,61757,26.75,1.32,-7.85,1
19-03-2021 16:00,EDT,CAPITL,61757,27.85,1.37,-8.49,1
19-03-2021 17:00,EDT,CAPITL,61757,34,1.82,-8.61,1
19-03-2021 18:00,EDT,CAPITL,61757,38.91,2.05,-11.3,1
19-03-2021 19:00,EDT,CAPITL,61757,40,2.59,-6.9,1
19-03-2021 20:00,EDT,CAPITL,61757,33.54,2.44,-3.62,1
19-03-2021 21:00,EDT,CAPITL,61757,34.78,1.98,-10.35,1
19-03-2021 22:00,EDT,CAPITL,61757,32.43,1.71,-10.78,1
19-03-2021 23:00,EDT,CAPITL,61757,26.96,1.62,-5.62,1
20-03-2021 00:00,EDT,CAPITL,61757,30.32,1.35,-13.47,1
20-03-2021 01:00,EDT,CAPITL,61757,27.89,1.36,-10.9,1
20-03-2021 02:00,EDT,CAPITL,61757,26.68,1.17,-11.86,1
20-03-2021 03:00,EDT,CAPITL,61757,27.04,0.93,-15.15,1
20-03-2021 04:00,EDT,CAPITL,61757,28.02,0.88,-17.05,1
20-03-2021 05:00,EDT,CAPITL,61757,28,1.2,-13.57,1
20-03-2021 06:00,EDT,CAPITL,61757,28.1,1.48,-10.88,1
20-03-2021 07:00,EDT,CAPITL,61757,36.4,1.3,-20.2,1
20-03-2021 08:00,EDT,CAPITL,61757,37.78,2.02,-13.61,1
20-03-2021 09:00,EDT,CAPITL,61757,32.34,1.91,-8.28,1
20-03-2021 10:00,EDT,CAPITL,61757,24.15,1.75,-2.11,1
20-03-2021 11:00,EDT,CAPITL,61757,23.13,1.45,-3.61,1
20-03-2021 12:00,EDT,CAPITL,61757,21.94,1.37,-3.39,1
20-03-2021 13:00,EDT,CAPITL,61757,21,1.1,-5.46,1
20-03-2021 14:00,EDT,CAPITL,61757,20.38,0.88,-7.62,1
20-03-2021 15:00,EDT,CAPITL,61757,20.97,0.79,-9.47,1
20-03-2021 16:00,EDT,CAPITL,61757,21.87,1.11,-5.71,1
20-03-2021 17:00,EDT,CAPITL,61757,25.13,1.32,-6.21,1
20-03-2021 18:00,EDT,CAPITL,61757,28.52,1.81,-3.79,1
20-03-2021 19:00,EDT,CAPITL,61757,30.84,2.21,0,1
20-03-2021 20:00,EDT,CAPITL,61757,27.02,1.96,0,1
20-03-2021 21:00,EDT,CAPITL,61757,24.29,1.66,-2.35,1
20-03-2021 22:00,EDT,CAPITL,61757,23.63,1.4,-4.95,1
20-03-2021 23:00,EDT,CAPITL,61757,23.49,1.26,-5.24,1
21-03-2021 00:00,EDT,CAPITL,61757,24.83,0.74,-14.34,1
21-03-2021 01:00,EDT,CAPITL,61757,23.23,0.67,-13.69,1
21-03-2021 02:00,EDT,CAPITL,61757,20.77,0.69,-10.85,1
21-03-2021 03:00,EDT,CAPITL,61757,20.29,0.71,-10.29,1
21-03-2021 04:00,EDT,CAPITL,61757,20.14,0.71,-10.15,1
21-03-2021 05:00,EDT,CAPITL,61757,21.07,0.63,-12.41,1
21-03-2021 06:00,EDT,CAPITL,61757,21.16,0.85,-9.54,1
21-03-2021 07:00,EDT,CAPITL,61757,22.45,0.95,-9.01,1
21-03-2021 08:00,EDT,CAPITL,61757,20.99,1.34,-2.07,1
21-03-2021 09:00,EDT,CAPITL,61757,20.07,1.33,-0.83,1
21-03-2021 10:00,EDT,CAPITL,61757,19.44,1.13,-2.88,1
21-03-2021 11:00,EDT,CAPITL,61757,18.55,0.96,-4.04,1
21-03-2021 12:00,EDT,CAPITL,61757,16.8,0.83,-3.77,1
21-03-2021 13:00,EDT,CAPITL,61757,17.14,0.74,-5.38,1
21-03-2021 14:00,EDT,CAPITL,61757,16.2,0.58,-6.67,1
21-03-2021 15:00,EDT,CAPITL,61757,16.57,0.58,-7.24,1
21-03-2021 16:00,EDT,CAPITL,61757,19.37,0.73,-7.85,1
21-03-2021 17:00,EDT,CAPITL,61757,22.75,1.21,-4.21,1
21-03-2021 18:00,EDT,CAPITL,61757,27.03,1.26,-8.43,1
21-03-2021 19:00,EDT,CAPITL,61757,30.56,1.55,-8.64,1
21-03-2021 20:00,EDT,CAPITL,61757,25.68,1.52,-4.95,1
21-03-2021 21:00,EDT,CAPITL,61757,23.9,1.17,-7.34,1
21-03-2021 22:00,EDT,CAPITL,61757,22.54,0.95,-8.72,1
21-03-2021 23:00,EDT,CAPITL,61757,21.11,0.63,-10.99,1
22-03-2021 00:00,EDT,CAPITL,61757,25.55,0.55,-17.53,1
22-03-2021 01:00,EDT,CAPITL,61757,24.85,0.52,-17.08,1
22-03-2021 02:00,EDT,CAPITL,61757,23.11,0.52,-15.22,1
22-03-2021 03:00,EDT,CAPITL,61757,21.87,0.53,-13.95,1
22-03-2021 04:00,EDT,CAPITL,61757,25.28,0.57,-17.49,1
22-03-2021 05:00,EDT,CAPITL,61757,26.59,0.63,-18.48,1
22-03-2021 06:00,EDT,CAPITL,61757,36.73,0.52,-29.72,1
22-03-2021 07:00,EDT,CAPITL,61757,46.17,0.49,-38.22,1
22-03-2021 08:00,EDT,CAPITL,61757,40.81,0.72,-28.71,1
22-03-2021 09:00,EDT,CAPITL,61757,37.96,0.52,-28.89,1
22-03-2021 10:00,EDT,CAPITL,61757,29.71,0.71,-16.58,1
22-03-2021 11:00,EDT,CAPITL,61757,28.03,0.69,-14.72,1
22-03-2021 12:00,EDT,CAPITL,61757,27.62,0.53,-16.86,1
22-03-2021 13:00,EDT,CAPITL,61757,27.18,0.44,-18.2,1
22-03-2021 14:00,EDT,CAPITL,61757,26.54,0.38,-18.63,1
22-03-2021 15:00,EDT,CAPITL,61757,26.65,0.37,-18.82,1
22-03-2021 16:00,EDT,CAPITL,61757,30.28,0.4,-22.44,1
22-03-2021 17:00,EDT,CAPITL,61757,39.55,0.43,-31.67,1
22-03-2021 18:00,EDT,CAPITL,61757,43.76,0.45,-35.86,1
22-03-2021 19:00,EDT,CAPITL,61757,48.36,0.68,-36.67,1
22-03-2021 20:00,EDT,CAPITL,61757,35.37,0.74,-22.97,1
22-03-2021 21:00,EDT,CAPITL,61757,31.3,0.38,-24.42,1
22-03-2021 22:00,EDT,CAPITL,61757,29.22,0.36,-22.44,1
22-03-2021 23:00,EDT,CAPITL,61757,25.74,0.33,-18.99,1
23-03-2021 00:00,EDT,CAPITL,61757,28.96,0.26,-24.06,1
23-03-2021 01:00,EDT,CAPITL,61757,26.82,0.2,-23.08,1
23-03-2021 02:00,EDT,CAPITL,61757,26.53,0.2,-22.7,1
23-03-2021 03:00,EDT,CAPITL,61757,25.86,0.21,-21.95,1
23-03-2021 04:00,EDT,CAPITL,61757,26.2,0.26,-21.3,1
23-03-2021 05:00,EDT,CAPITL,61757,26.46,0.37,-19.85,1
23-03-2021 06:00,EDT,CAPITL,61757,34.84,0.47,-27.62,1
23-03-2021 07:00,EDT,CAPITL,61757,50.09,0.53,-41.39,1
23-03-2021 08:00,EDT,CAPITL,61757,40.75,0.73,-27.84,1
23-03-2021 09:00,EDT,CAPITL,61757,33.49,0.61,-22.16,1
23-03-2021 10:00,EDT,CAPITL,61757,28.16,0.7,-14.5,1
23-03-2021 11:00,EDT,CAPITL,61757,27.58,0.68,-14.33,1
23-03-2021 12:00,EDT,CAPITL,61757,26.59,0.49,-16.41,1
23-03-2021 13:00,EDT,CAPITL,61757,27.18,0.44,-18.19,1
23-03-2021 14:00,EDT,CAPITL,61757,27.3,0.36,-19.46,1
23-03-2021 15:00,EDT,CAPITL,61757,27.47,0.37,-19.62,1
23-03-2021 16:00,EDT,CAPITL,61757,28.63,0.4,-20.77,1
23-03-2021 17:00,EDT,CAPITL,61757,33.61,0.5,-24.57,1
23-03-2021 18:00,EDT,CAPITL,61757,42.14,0.51,-33.13,1
23-03-2021 19:00,EDT,CAPITL,61757,46.42,0.52,-37.36,1
23-03-2021 20:00,EDT,CAPITL,61757,43.32,0.54,-34.09,1
23-03-2021 21:00,EDT,CAPITL,61757,31.48,0.37,-24.86,1
23-03-2021 22:00,EDT,CAPITL,61757,28.68,0.32,-22.9,1
23-03-2021 23:00,EDT,CAPITL,61757,26.26,0.24,-21.38,1
24-03-2021 00:00,EDT,CAPITL,61757,29.24,0.16,-26,1
24-03-2021 01:00,EDT,CAPITL,61757,27.64,0.12,-25.23,1
24-03-2021 02:00,EDT,CAPITL,61757,25.97,0.13,-23.4,1
24-03-2021 03:00,EDT,CAPITL,61757,25.49,0.13,-22.89,1
24-03-2021 04:00,EDT,CAPITL,61757,25.86,0.14,-23.26,1
24-03-2021 05:00,EDT,CAPITL,61757,26.67,0.15,-23.43,1
24-03-2021 06:00,EDT,CAPITL,61757,34.27,0.35,-27.63,1
24-03-2021 07:00,EDT,CAPITL,61757,41.7,0.38,-34.8,1
24-03-2021 08:00,EDT,CAPITL,61757,42.69,0.45,-34.8,1
24-03-2021 09:00,EDT,CAPITL,61757,36.44,0.44,-28.56,1
24-03-2021 10:00,EDT,CAPITL,61757,33.16,0.43,-25.28,1
24-03-2021 11:00,EDT,CAPITL,61757,31.77,0.42,-23.92,1
24-03-2021 12:00,EDT,CAPITL,61757,30.8,0.36,-23.72,1
24-03-2021 13:00,EDT,CAPITL,61757,30.55,0.31,-23.83,1
24-03-2021 14:00,EDT,CAPITL,61757,29.4,0.29,-22.73,1
24-03-2021 15:00,EDT,CAPITL,61757,27.95,0.29,-21.28,1
24-03-2021 16:00,EDT,CAPITL,61757,29.78,0.31,-23.1,1
24-03-2021 17:00,EDT,CAPITL,61757,31.8,0.31,-25.09,1
24-03-2021 18:00,EDT,CAPITL,61757,40.88,0.32,-34.16,1
24-03-2021 19:00,EDT,CAPITL,61757,42.27,0.4,-34.4,1
24-03-2021 20:00,EDT,CAPITL,61757,39.01,0.43,-30.84,1
24-03-2021 21:00,EDT,CAPITL,61757,29.12,0.16,-25.85,1
24-03-2021 22:00,EDT,CAPITL,61757,28.39,0.11,-26.14,1
24-03-2021 23:00,EDT,CAPITL,61757,26.81,0.12,-24.37,1
25-03-2021 00:00,EDT,CAPITL,61757,27.27,0.08,-25.42,1
25-03-2021 01:00,EDT,CAPITL,61757,24.43,0.1,-22.34,1
25-03-2021 02:00,EDT,CAPITL,61757,24.04,0.1,-21.9,1
25-03-2021 03:00,EDT,CAPITL,61757,23.66,0.1,-21.48,1
25-03-2021 04:00,EDT,CAPITL,61757,23.73,0.12,-21.1,1
25-03-2021 05:00,EDT,CAPITL,61757,25.16,0.13,-22.51,1
25-03-2021 06:00,EDT,CAPITL,61757,30.08,0.34,-23.34,1
25-03-2021 07:00,EDT,CAPITL,61757,34.7,0.35,-27.92,1
25-03-2021 08:00,EDT,CAPITL,61757,35.56,0.43,-27.66,1
25-03-2021 09:00,EDT,CAPITL,61757,32.89,0.43,-24.97,1
25-03-2021 10:00,EDT,CAPITL,61757,27.78,0.49,-18.85,1
25-03-2021 11:00,EDT,CAPITL,61757,26.26,0.5,-17.18,1
25-03-2021 12:00,EDT,CAPITL,61757,24.93,0.46,-16.06,1
25-03-2021 13:00,EDT,CAPITL,61757,24.81,0.43,-16.18,1
25-03-2021 14:00,EDT,CAPITL,61757,24.72,0.39,-16.82,1
25-03-2021 15:00,EDT,CAPITL,61757,24.51,0.38,-16.62,1
25-03-2021 16:00,EDT,CAPITL,61757,25.09,0.45,-16.06,1
25-03-2021 17:00,EDT,CAPITL,61757,30.18,0.41,-21.32,1
25-03-2021 18:00,EDT,CAPITL,61757,34.72,0.58,-23.28,1
25-03-2021 19:00,EDT,CAPITL,61757,36.16,0.79,-20.69,1
25-03-2021 20:00,EDT,CAPITL,61757,31.61,0.69,-18.64,1
25-03-2021 21:00,EDT,CAPITL,61757,25.97,0.35,-19.21,1
25-03-2021 22:00,EDT,CAPITL,61757,25.34,0.32,-18.63,1
25-03-2021 23:00,EDT,CAPITL,61757,24.39,0.28,-17.74,1
26-03-2021 00:00,EDT,CAPITL,61757,25.81,0.2,-20.95,1
26-03-2021 01:00,EDT,CAPITL,61757,23.27,0.17,-19.12,1
26-03-2021 02:00,EDT,CAPITL,61757,22.31,0.16,-18.51,1
26-03-2021 03:00,EDT,CAPITL,61757,21.34,0.13,-18.1,1
26-03-2021 04:00,EDT,CAPITL,61757,22.68,0.13,-19.65,1
26-03-2021 05:00,EDT,CAPITL,61757,23.63,0.16,-20.01,1
26-03-2021 06:00,EDT,CAPITL,61757,26.27,0.25,-21.11,1
26-03-2021 07:00,EDT,CAPITL,61757,28.98,0.3,-22.31,1
26-03-2021 08:00,EDT,CAPITL,61757,34.39,0.35,-27.62,1
26-03-2021 09:00,EDT,CAPITL,61757,35.37,0.35,-28.6,1
26-03-2021 10:00,EDT,CAPITL,61757,27.19,0.43,-19.29,1
26-03-2021 11:00,EDT,CAPITL,61757,25.33,0.43,-17.42,1
26-03-2021 12:00,EDT,CAPITL,61757,24.9,0.41,-17.12,1
26-03-2021 13:00,EDT,CAPITL,61757,24.54,0.4,-16.65,1
26-03-2021 14:00,EDT,CAPITL,61757,23.53,0.39,-15.73,1
26-03-2021 15:00,EDT,CAPITL,61757,23.54,0.33,-16.77,1
26-03-2021 16:00,EDT,CAPITL,61757,24.69,0.33,-17.93,1
26-03-2021 17:00,EDT,CAPITL,61757,32.06,0.36,-24.83,1
26-03-2021 18:00,EDT,CAPITL,61757,35.69,0.39,-28.12,1
26-03-2021 19:00,EDT,CAPITL,61757,37.97,0.4,-30.33,1
26-03-2021 20:00,EDT,CAPITL,61757,32.2,0.39,-24.63,1
26-03-2021 21:00,EDT,CAPITL,61757,25.26,0.39,-17.73,1
26-03-2021 22:00,EDT,CAPITL,61757,25.32,0.33,-18.58,1
26-03-2021 23:00,EDT,CAPITL,61757,25.66,0.3,-18.95,1
27-03-2021 00:00,EDT,CAPITL,61757,24,0.26,-17.33,1
27-03-2021 01:00,EDT,CAPITL,61757,21.97,0.32,-15.26,1
27-03-2021 02:00,EDT,CAPITL,61757,21.21,0.31,-14.49,1
27-03-2021 03:00,EDT,CAPITL,61757,20.42,0.31,-13.7,1
27-03-2021 04:00,EDT,CAPITL,61757,19.66,0.32,-12.93,1
27-03-2021 05:00,EDT,CAPITL,61757,20.09,0.31,-13.35,1
27-03-2021 06:00,EDT,CAPITL,61757,22.28,0.32,-15.56,1
27-03-2021 07:00,EDT,CAPITL,61757,25.49,0.34,-18.72,1
27-03-2021 08:00,EDT,CAPITL,61757,27.37,0.53,-17.93,1
27-03-2021 09:00,EDT,CAPITL,61757,26.78,0.54,-16.85,1
27-03-2021 10:00,EDT,CAPITL,61757,23.76,0.55,-13.64,1
27-03-2021 11:00,EDT,CAPITL,61757,23.71,0.56,-13.56,1
27-03-2021 12:00,EDT,CAPITL,61757,21.85,0.48,-12.62,1
27-03-2021 13:00,EDT,CAPITL,61757,21.53,0.44,-12.76,1
27-03-2021 14:00,EDT,CAPITL,61757,20.44,0.39,-12.61,1
27-03-2021 15:00,EDT,CAPITL,61757,20,0.39,-12.15,1
27-03-2021 16:00,EDT,CAPITL,61757,21.2,0.41,-12.91,1
27-03-2021 17:00,EDT,CAPITL,61757,23.58,0.42,-14.11,1
27-03-2021 18:00,EDT,CAPITL,61757,27.24,0.54,-15.46,1
27-03-2021 19:00,EDT,CAPITL,61757,30.97,0.7,-16.2,1
27-03-2021 20:00,EDT,CAPITL,61757,29.42,0.65,-16.29,1
27-03-2021 21:00,EDT,CAPITL,61757,24.37,0.44,-15.39,1
27-03-2021 22:00,EDT,CAPITL,61757,23.48,0.36,-15.46,1
27-03-2021 23:00,EDT,CAPITL,61757,23.77,0.27,-17.09,1
28-03-2021 00:00,EDT,CAPITL,61757,23.91,0.21,-18.6,1
28-03-2021 01:00,EDT,CAPITL,61757,22.81,0.13,-19.59,1
28-03-2021 02:00,EDT,CAPITL,61757,21.34,0.13,-18.15,1
28-03-2021 03:00,EDT,CAPITL,61757,21.64,0.11,-18.56,1
28-03-2021 04:00,EDT,CAPITL,61757,22.18,0.09,-19.78,1
28-03-2021 05:00,EDT,CAPITL,61757,22.13,0.1,-19.73,1
28-03-2021 06:00,EDT,CAPITL,61757,23.22,0.13,-20.3,1
28-03-2021 07:00,EDT,CAPITL,61757,28.07,0.09,-25.74,1
28-03-2021 08:00,EDT,CAPITL,61757,28.48,0.22,-23.68,1
28-03-2021 09:00,EDT,CAPITL,61757,29.73,0.21,-25.1,1
28-03-2021 10:00,EDT,CAPITL,61757,27.87,0.23,-23.03,1
28-03-2021 11:00,EDT,CAPITL,61757,28.85,0.22,-24.2,1
28-03-2021 12:00,EDT,CAPITL,61757,29.18,0.2,-24.83,1
28-03-2021 13:00,EDT,CAPITL,61757,29.01,0.15,-25.62,1
28-03-2021 14:00,EDT,CAPITL,61757,27.58,0.11,-25.18,1
28-03-2021 15:00,EDT,CAPITL,61757,26.99,0.13,-24.18,1
28-03-2021 16:00,EDT,CAPITL,61757,27.66,0.13,-24.68,1
28-03-2021 17:00,EDT,CAPITL,61757,32.53,0.19,-28.32,1
28-03-2021 18:00,EDT,CAPITL,61757,39.65,0.23,-34.81,1
28-03-2021 19:00,EDT,CAPITL,61757,41.95,0.31,-35.24,1
28-03-2021 20:00,EDT,CAPITL,61757,39.59,0.25,-34.01,1
28-03-2021 21:00,EDT,CAPITL,61757,29.48,0.17,-25.58,1
28-03-2021 22:00,EDT,CAPITL,61757,26.95,0.17,-22.87,1
28-03-2021 23:00,EDT,CAPITL,61757,25.71,0.14,-22,1
29-03-2021 00:00,EDT,CAPITL,61757,25.91,0.1,-23.42,1
29-03-2021 01:00,EDT,CAPITL,61757,23.76,0.1,-21.02,1
29-03-2021 02:00,EDT,CAPITL,61757,22.75,0.09,-20.51,1
29-03-2021 03:00,EDT,CAPITL,61757,22.3,0.09,-19.99,1
29-03-2021 04:00,EDT,CAPITL,61757,23.34,0.09,-21.15,1
29-03-2021 05:00,EDT,CAPITL,61757,25.19,0.11,-22.52,1
29-03-2021 06:00,EDT,CAPITL,61757,29.07,0.27,-23.25,1
29-03-2021 07:00,EDT,CAPITL,61757,35.98,0.35,-28.45,1
29-03-2021 08:00,EDT,CAPITL,61757,34.64,0.41,-26.14,1
29-03-2021 09:00,EDT,CAPITL,61757,33.35,0.45,-24.57,1
29-03-2021 10:00,EDT,CAPITL,61757,29.77,0.46,-20.63,1
29-03-2021 11:00,EDT,CAPITL,61757,30.17,0.38,-22.27,1
29-03-2021 12:00,EDT,CAPITL,61757,27.07,0.41,-18.32,1
29-03-2021 13:00,EDT,CAPITL,61757,26.01,0.35,-18.49,1
29-03-2021 14:00,EDT,CAPITL,61757,25.28,0.33,-17.81,1
29-03-2021 15:00,EDT,CAPITL,61757,24.93,0.33,-17.5,1
29-03-2021 16:00,EDT,CAPITL,61757,26.16,0.33,-18.7,1
29-03-2021 17:00,EDT,CAPITL,61757,36.13,0.42,-27.38,1
29-03-2021 18:00,EDT,CAPITL,61757,44.73,0.43,-36.1,1
29-03-2021 19:00,EDT,CAPITL,61757,43.33,0.49,-33.7,1
29-03-2021 20:00,EDT,CAPITL,61757,38.54,0.54,-27.82,1
29-03-2021 21:00,EDT,CAPITL,61757,30.31,0.43,-21.04,1
29-03-2021 22:00,EDT,CAPITL,61757,28.79,0.34,-20.96,1
29-03-2021 23:00,EDT,CAPITL,61757,25.17,0.29,-17.41,1
30-03-2021 00:00,EDT,CAPITL,61757,24.76,0.3,-18.06,1
30-03-2021 01:00,EDT,CAPITL,61757,22.59,0.29,-15.92,1
30-03-2021 02:00,EDT,CAPITL,61757,22.17,0.29,-15.52,1
30-03-2021 03:00,EDT,CAPITL,61757,21.64,0.27,-15,1
30-03-2021 04:00,EDT,CAPITL,61757,22.25,0.28,-16.01,1
30-03-2021 05:00,EDT,CAPITL,61757,26.92,0.36,-20.18,1
30-03-2021 06:00,EDT,CAPITL,61757,31.45,0.4,-24.66,1
30-03-2021 07:00,EDT,CAPITL,61757,41,0.37,-33.15,1
30-03-2021 08:00,EDT,CAPITL,61757,38.11,0.41,-30.21,1
30-03-2021 09:00,EDT,CAPITL,61757,33.84,0.39,-27.01,1
30-03-2021 10:00,EDT,CAPITL,61757,29.06,0.37,-22.26,1
30-03-2021 11:00,EDT,CAPITL,61757,27.71,0.35,-20.94,1
30-03-2021 12:00,EDT,CAPITL,61757,26.5,0.31,-20.18,1
30-03-2021 13:00,EDT,CAPITL,61757,26.24,0.24,-21.4,1
30-03-2021 14:00,EDT,CAPITL,61757,26.51,0.11,-23.95,1
30-03-2021 15:00,EDT,CAPITL,61757,26.86,0.12,-24.35,1
30-03-2021 16:00,EDT,CAPITL,61757,27.69,0.12,-25.3,1
30-03-2021 17:00,EDT,CAPITL,61757,36,0.21,-31.17,1
30-03-2021 18:00,EDT,CAPITL,61757,43.25,0.23,-38.24,1
30-03-2021 19:00,EDT,CAPITL,61757,47.09,0.25,-41.9,1
30-03-2021 20:00,EDT,CAPITL,61757,41.47,0.2,-37.39,1
30-03-2021 21:00,EDT,CAPITL,61757,29.91,0.09,-27.86,1
30-03-2021 22:00,EDT,CAPITL,61757,28.8,0.09,-26.63,1
30-03-2021 23:00,EDT,CAPITL,61757,26.57,0.1,-24.09,1
31-03-2021 00:00,EDT,CAPITL,61757,24.33,0.08,-22.27,1
31-03-2021 01:00,EDT,CAPITL,61757,22.78,0.08,-20.56,1
31-03-2021 02:00,EDT,CAPITL,61757,21.98,0.09,-19.65,1
31-03-2021 03:00,EDT,CAPITL,61757,20.9,0.09,-18.41,1
31-03-2021 04:00,EDT,CAPITL,61757,22.31,0.09,-19.99,1
31-03-2021 05:00,EDT,CAPITL,61757,24.74,0.08,-22.71,1
31-03-2021 06:00,EDT,CAPITL,61757,27.57,0.2,-22.88,1
31-03-2021 07:00,EDT,CAPITL,61757,33.27,0.26,-27.35,1
31-03-2021 08:00,EDT,CAPITL,61757,35.85,0.36,-27.93,1
31-03-2021 09:00,EDT,CAPITL,61757,32.36,0.39,-23.63,1
31-03-2021 10:00,EDT,CAPITL,61757,30.06,0.45,-20.05,1
31-03-2021 11:00,EDT,CAPITL,61757,31.18,0.36,-22.62,1
31-03-2021 12:00,EDT,CAPITL,61757,29.26,0.36,-20.58,1
31-03-2021 13:00,EDT,CAPITL,61757,27.94,0.36,-19.25,1
31-03-2021 14:00,EDT,CAPITL,61757,27.54,0.32,-19.72,1
31-03-2021 15:00,EDT,CAPITL,61757,26.43,0.33,-18.52,1
31-03-2021 16:00,EDT,CAPITL,61757,27.56,0.41,-18.41,1
31-03-2021 17:00,EDT,CAPITL,61757,33.62,0.45,-23.84,1
31-03-2021 18:00,EDT,CAPITL,61757,38,0.58,-26.33,1
31-03-2021 19:00,EDT,CAPITL,61757,37.36,0.65,-24.8,1
31-03-2021 20:00,EDT,CAPITL,61757,32.83,0.5,-22.72,1
31-03-2021 21:00,EDT,CAPITL,61757,27,0.46,-17.43,1
31-03-2021 22:00,EDT,CAPITL,61757,25.68,0.35,-17.84,1
31-03-2021 23:00,EDT,CAPITL,61757,23.28,0.37,-15.44,1
01-04-2021 00:00,EDT,CAPITL,61757,22.46,0.3,-15.75,1
01-04-2021 01:00,EDT,CAPITL,61757,20.34,0.31,-13.64,1
01-04-2021 02:00,EDT,CAPITL,61757,19.72,0.29,-13.05,1
01-04-2021 03:00,EDT,CAPITL,61757,19.46,0.29,-12.79,1
01-04-2021 04:00,EDT,CAPITL,61757,19.84,0.31,-13.14,1
01-04-2021 05:00,EDT,CAPITL,61757,22.69,0.36,-15.89,1
01-04-2021 06:00,EDT,CAPITL,61757,26.05,0.48,-18.08,1
01-04-2021 07:00,EDT,CAPITL,61757,32.57,0.54,-23.36,1
01-04-2021 08:00,EDT,CAPITL,61757,33.86,0.64,-22.85,1
01-04-2021 09:00,EDT,CAPITL,61757,33.51,0.74,-20.78,1
01-04-2021 10:00,EDT,CAPITL,61757,35.33,0.71,-23.14,1
01-04-2021 11:00,EDT,CAPITL,61757,34,0.6,-22.3,1
01-04-2021 12:00,EDT,CAPITL,61757,34,0.47,-24.6,1
01-04-2021 13:00,EDT,CAPITL,61757,33.04,0.47,-24.24,1
01-04-2021 14:00,EDT,CAPITL,61757,31.64,0.45,-23.58,1
01-04-2021 15:00,EDT,CAPITL,61757,31.44,0.47,-22.95,1
01-04-2021 16:00,EDT,CAPITL,61757,33.53,0.49,-24.9,1
01-04-2021 17:00,EDT,CAPITL,61757,39.88,0.49,-31.43,1
01-04-2021 18:00,EDT,CAPITL,61757,43.25,0.5,-34.75,1
01-04-2021 19:00,EDT,CAPITL,61757,45,0.78,-31.46,1
01-04-2021 20:00,EDT,CAPITL,61757,37.09,0.92,-21.61,1
01-04-2021 21:00,EDT,CAPITL,61757,34.12,0.61,-23.04,1
01-04-2021 22:00,EDT,CAPITL,61757,31.92,0.46,-23.26,1
01-04-2021 23:00,EDT,CAPITL,61757,27.61,0.38,-20.1,1
02-04-2021 00:00,EDT,CAPITL,61757,30,0.42,-22.26,1
02-04-2021 01:00,EDT,CAPITL,61757,27.26,0.38,-20.36,1
02-04-2021 02:00,EDT,CAPITL,61757,26.97,0.37,-20.18,1
02-04-2021 03:00,EDT,CAPITL,61757,26.93,0.38,-19.86,1
02-04-2021 04:00,EDT,CAPITL,61757,27.67,0.38,-20.87,1
02-04-2021 05:00,EDT,CAPITL,61757,29.34,0.45,-21.75,1
02-04-2021 06:00,EDT,CAPITL,61757,34.11,0.45,-27.2,1
02-04-2021 07:00,EDT,CAPITL,61757,44.99,0.58,-34.41,1
02-04-2021 08:00,EDT,CAPITL,61757,42.59,0.69,-30.09,1
02-04-2021 09:00,EDT,CAPITL,61757,38.28,0.91,-22.21,1
02-04-2021 10:00,EDT,CAPITL,61757,34.48,0.81,-20.55,1
02-04-2021 11:00,EDT,CAPITL,61757,34.64,0.6,-23.48,1
02-04-2021 12:00,EDT,CAPITL,61757,33.4,0.47,-24.37,1
02-04-2021 13:00,EDT,CAPITL,61757,31.82,0.43,-23.72,1
02-04-2021 14:00,EDT,CAPITL,61757,30.44,0.41,-22.58,1
02-04-2021 15:00,EDT,CAPITL,61757,32.46,0.37,-25.67,1
02-04-2021 16:00,EDT,CAPITL,61757,35.89,0.38,-29.08,1
02-04-2021 17:00,EDT,CAPITL,61757,42.43,0.5,-33.76,1
02-04-2021 18:00,EDT,CAPITL,61757,45,0.58,-35.01,1
02-04-2021 19:00,EDT,CAPITL,61757,49.88,0.95,-34.56,1
02-04-2021 20:00,EDT,CAPITL,61757,43.58,1.15,-24.68,1
02-04-2021 21:00,EDT,CAPITL,61757,34.64,0.97,-17.58,1
02-04-2021 22:00,EDT,CAPITL,61757,34.12,0.71,-21.38,1
02-04-2021 23:00,EDT,CAPITL,61757,29.68,0.53,-19.5,1
03-04-2021 00:00,EDT,CAPITL,61757,29.97,0.55,-20.11,1
03-04-2021 01:00,EDT,CAPITL,61757,28.23,0.51,-19.25,1
03-04-2021 02:00,EDT,CAPITL,61757,25.96,0.52,-16.78,1
03-04-2021 03:00,EDT,CAPITL,61757,26.9,0.51,-17.69,1
03-04-2021 04:00,EDT,CAPITL,61757,26.33,0.52,-17.2,1
03-04-2021 05:00,EDT,CAPITL,61757,27.29,0.51,-18.27,1
03-04-2021 06:00,EDT,CAPITL,61757,31.24,0.41,-24.39,1
03-04-2021 07:00,EDT,CAPITL,61757,37.58,0.35,-30.8,1
03-04-2021 08:00,EDT,CAPITL,61757,38.17,0.49,-28.96,1
03-04-2021 09:00,EDT,CAPITL,61757,36,0.43,-28.09,1
03-04-2021 10:00,EDT,CAPITL,61757,30.02,0.45,-21.35,1
03-04-2021 11:00,EDT,CAPITL,61757,25.99,0.36,-17.98,1
03-04-2021 12:00,EDT,CAPITL,61757,23.63,0.3,-16.91,1
03-04-2021 13:00,EDT,CAPITL,61757,23.06,0.31,-16.33,1
03-04-2021 14:00,EDT,CAPITL,61757,22.35,0.31,-15.64,1
03-04-2021 15:00,EDT,CAPITL,61757,22.76,0.31,-16.05,1
03-04-2021 16:00,EDT,CAPITL,61757,25,0.31,-18.3,1
03-04-2021 17:00,EDT,CAPITL,61757,29.45,0.38,-22.67,1
03-04-2021 18:00,EDT,CAPITL,61757,33,0.39,-26.36,1
03-04-2021 19:00,EDT,CAPITL,61757,39.74,0.48,-31.37,1
03-04-2021 20:00,EDT,CAPITL,61757,37.46,0.63,-26.68,1
03-04-2021 21:00,EDT,CAPITL,61757,29.63,0.38,-22.81,1
03-04-2021 22:00,EDT,CAPITL,61757,27.06,0.45,-18.93,1
03-04-2021 23:00,EDT,CAPITL,61757,25.86,0.4,-17.96,1
04-04-2021 00:00,EDT,CAPITL,61757,30.21,0.34,-23.5,1
04-04-2021 01:00,EDT,CAPITL,61757,28.89,0.25,-23.99,1
04-04-2021 02:00,EDT,CAPITL,61757,26.97,0.25,-22.08,1
04-04-2021 03:00,EDT,CAPITL,61757,26.59,0.25,-21.65,1
04-04-2021 04:00,EDT,CAPITL,61757,27.72,0.26,-22.48,1
04-04-2021 05:00,EDT,CAPITL,61757,27.99,0.3,-22.02,1
04-04-2021 06:00,EDT,CAPITL,61757,27.72,0.35,-20.97,1
04-04-2021 07:00,EDT,CAPITL,61757,32.01,0.28,-26.56,1
04-04-2021 08:00,EDT,CAPITL,61757,32.7,0.38,-25.91,1
04-04-2021 09:00,EDT,CAPITL,61757,30.55,0.37,-23.76,1
04-04-2021 10:00,EDT,CAPITL,61757,26.22,0.37,-19.43,1
04-04-2021 11:00,EDT,CAPITL,61757,24.95,0.35,-18.2,1
04-04-2021 12:00,EDT,CAPITL,61757,24.17,0.34,-17.45,1
04-04-2021 13:00,EDT,CAPITL,61757,22.4,0.34,-15.67,1
04-04-2021 14:00,EDT,CAPITL,61757,22.49,0.33,-15.95,1
04-04-2021 15:00,EDT,CAPITL,61757,22.91,0.28,-17.35,1
04-04-2021 16:00,EDT,CAPITL,61757,23,0.34,-16.5,1
04-04-2021 17:00,EDT,CAPITL,61757,29.4,0.25,-24.5,1
04-04-2021 18:00,EDT,CAPITL,61757,33.72,0.28,-28.49,1
04-04-2021 19:00,EDT,CAPITL,61757,41.94,0.32,-35.21,1
04-04-2021 20:00,EDT,CAPITL,61757,39.58,0.33,-32.82,1
04-04-2021 21:00,EDT,CAPITL,61757,29.07,0.37,-22.29,1
04-04-2021 22:00,EDT,CAPITL,61757,26.21,0.37,-19.41,1
04-04-2021 23:00,EDT,CAPITL,61757,26.09,0.32,-19.35,1
05-04-2021 00:00,EDT,CAPITL,61757,26.6,0.25,-21.72,1
05-04-2021 01:00,EDT,CAPITL,61757,26.67,0.23,-21.99,1
05-04-2021 02:00,EDT,CAPITL,61757,25.54,0.22,-21,1
05-04-2021 03:00,EDT,CAPITL,61757,25.75,0.24,-20.87,1
05-04-2021 04:00,EDT,CAPITL,61757,25.83,0.24,-21.14,1
05-04-2021 05:00,EDT,CAPITL,61757,27.19,0.27,-22.27,1
05-04-2021 06:00,EDT,CAPITL,61757,29.75,0.37,-22.98,1
05-04-2021 07:00,EDT,CAPITL,61757,38.78,0.36,-31.97,1
05-04-2021 08:00,EDT,CAPITL,61757,39.94,0.47,-31.14,1
05-04-2021 09:00,EDT,CAPITL,61757,31.26,0.54,-21.16,1
05-04-2021 10:00,EDT,CAPITL,61757,28.2,0.45,-19.79,1
05-04-2021 11:00,EDT,CAPITL,61757,27.62,0.37,-20.33,1
05-04-2021 12:00,EDT,CAPITL,61757,26.11,0.33,-19.11,1
05-04-2021 13:00,EDT,CAPITL,61757,25.26,0.33,-18.23,1
05-04-2021 14:00,EDT,CAPITL,61757,25.08,0.24,-19.73,1
05-04-2021 15:00,EDT,CAPITL,61757,25.51,0.23,-20.56,1
05-04-2021 16:00,EDT,CAPITL,61757,27.05,0.24,-22.14,1
05-04-2021 17:00,EDT,CAPITL,61757,33.96,0.26,-28.8,1
05-04-2021 18:00,EDT,CAPITL,61757,38.87,0.28,-33.49,1
05-04-2021 19:00,EDT,CAPITL,61757,44.85,0.37,-38.05,1
05-04-2021 20:00,EDT,CAPITL,61757,43.26,0.43,-35.34,1
05-04-2021 21:00,EDT,CAPITL,61757,32.73,0.35,-25.94,1
05-04-2021 22:00,EDT,CAPITL,61757,29.03,0.35,-22.25,1
05-04-2021 23:00,EDT,CAPITL,61757,26.6,0.31,-19.88,1
06-04-2021 00:00,EDT,CAPITL,61757,26.74,0.29,-20.23,1
06-04-2021 01:00,EDT,CAPITL,61757,26.59,0.24,-21.69,1
06-04-2021 02:00,EDT,CAPITL,61757,24.75,0.23,-19.87,1
06-04-2021 03:00,EDT,CAPITL,61757,24.2,0.25,-19.14,1
06-04-2021 04:00,EDT,CAPITL,61757,26.1,0.23,-21.21,1
06-04-2021 05:00,EDT,CAPITL,61757,28.16,0.29,-22.16,1
06-04-2021 06:00,EDT,CAPITL,61757,28.94,0.31,-22.17,1
06-04-2021 07:00,EDT,CAPITL,61757,41.08,0.33,-34.16,1
06-04-2021 08:00,EDT,CAPITL,61757,39.3,0.39,-31.12,1
06-04-2021 09:00,EDT,CAPITL,61757,31.95,0.43,-21.96,1
06-04-2021 10:00,EDT,CAPITL,61757,27.48,0.53,-15.29,1
06-04-2021 11:00,EDT,CAPITL,61757,28.41,0.37,-19.33,1
06-04-2021 12:00,EDT,CAPITL,61757,25.88,0.3,-18.09,1
06-04-2021 13:00,EDT,CAPITL,61757,24.6,0.26,-17.27,1
06-04-2021 14:00,EDT,CAPITL,61757,24.17,0.25,-17.07,1
06-04-2021 15:00,EDT,CAPITL,61757,24.46,0.24,-17.79,1
06-04-2021 16:00,EDT,CAPITL,61757,25.61,0.26,-18.9,1
06-04-2021 17:00,EDT,CAPITL,61757,33.3,0.28,-26.58,1
06-04-2021 18:00,EDT,CAPITL,61757,35.8,0.28,-29.07,1
06-04-2021 19:00,EDT,CAPITL,61757,43.75,0.37,-35.88,1
06-04-2021 20:00,EDT,CAPITL,61757,41.49,0.51,-30.67,1
06-04-2021 21:00,EDT,CAPITL,61757,32.6,0.3,-25.85,1
06-04-2021 22:00,EDT,CAPITL,61757,28.35,0.33,-21.56,1
06-04-2021 23:00,EDT,CAPITL,61757,26.76,0.31,-20.52,1
07-04-2021 00:00,EDT,CAPITL,61757,23.56,0.3,-16.86,1
07-04-2021 01:00,EDT,CAPITL,61757,22.76,0.29,-16.11,1
07-04-2021 02:00,EDT,CAPITL,61757,22.54,0.26,-16.57,1
07-04-2021 03:00,EDT,CAPITL,61757,22.41,0.24,-16.92,1
07-04-2021 04:00,EDT,CAPITL,61757,22.29,0.3,-15.59,1
07-04-2021 05:00,EDT,CAPITL,61757,23.92,0.27,-17.24,1
07-04-2021 06:00,EDT,CAPITL,61757,26.6,0.35,-19.8,1
07-04-2021 07:00,EDT,CAPITL,61757,33.91,0.38,-26.56,1
07-04-2021 08:00,EDT,CAPITL,61757,30.65,0.54,-20.2,1
07-04-2021 09:00,EDT,CAPITL,61757,27.43,0.53,-17.28,1
07-04-2021 10:00,EDT,CAPITL,61757,23.81,0.4,-14.79,1
07-04-2021 11:00,EDT,CAPITL,61757,22.99,0.4,-13.73,1
07-04-2021 12:00,EDT,CAPITL,61757,22.6,0.35,-13.93,1
07-04-2021 13:00,EDT,CAPITL,61757,22.29,0.35,-13.53,1
07-04-2021 14:00,EDT,CAPITL,61757,22.18,0.31,-14.38,1
07-04-2021 15:00,EDT,CAPITL,61757,23.09,0.31,-15.32,1
07-04-2021 16:00,EDT,CAPITL,61757,23.39,0.29,-16.04,1
07-04-2021 17:00,EDT,CAPITL,61757,29.71,0.32,-22.95,1
07-04-2021 18:00,EDT,CAPITL,61757,32.15,0.33,-25.38,1
07-04-2021 19:00,EDT,CAPITL,61757,39.56,0.39,-31.69,1
07-04-2021 20:00,EDT,CAPITL,61757,36.11,0.38,-28.25,1
07-04-2021 21:00,EDT,CAPITL,61757,27.32,0.31,-20.58,1
07-04-2021 22:00,EDT,CAPITL,61757,24.94,0.3,-18.21,1
07-04-2021 23:00,EDT,CAPITL,61757,24.39,0.19,-19.55,1
08-04-2021 00:00,EDT,CAPITL,61757,21.24,0.22,-16.76,1
08-04-2021 01:00,EDT,CAPITL,61757,21.06,0.17,-17.52,1
08-04-2021 02:00,EDT,CAPITL,61757,20.36,0.16,-17.1,1
08-04-2021 03:00,EDT,CAPITL,61757,19.36,0.17,-15.87,1
08-04-2021 04:00,EDT,CAPITL,61757,21.49,0.19,-17.68,1
08-04-2021 05:00,EDT,CAPITL,61757,23.07,0.26,-18.17,1
08-04-2021 06:00,EDT,CAPITL,61757,25.66,0.25,-20.7,1
08-04-2021 07:00,EDT,CAPITL,61757,32.46,0.31,-26.36,1
08-04-2021 08:00,EDT,CAPITL,61757,31.69,0.37,-24.74,1
08-04-2021 09:00,EDT,CAPITL,61757,28.79,0.35,-21.99,1
08-04-2021 10:00,EDT,CAPITL,61757,24.35,0.35,-17.58,1
08-04-2021 11:00,EDT,CAPITL,61757,24.34,0.33,-17.58,1
08-04-2021 12:00,EDT,CAPITL,61757,23.12,0.32,-16.38,1
08-04-2021 13:00,EDT,CAPITL,61757,23.11,0.31,-16.38,1
08-04-2021 14:00,EDT,CAPITL,61757,23.17,0.24,-16.82,1
08-04-2021 15:00,EDT,CAPITL,61757,23.54,0.23,-17.79,1
08-04-2021 16:00,EDT,CAPITL,61757,24.02,0.2,-19.15,1
08-04-2021 17:00,EDT,CAPITL,61757,28.54,0.24,-22.93,1
08-04-2021 18:00,EDT,CAPITL,61757,31.77,0.23,-26.66,1
08-04-2021 19:00,EDT,CAPITL,61757,35.83,0.34,-29.08,1
08-04-2021 20:00,EDT,CAPITL,61757,35,0.33,-28.27,1
08-04-2021 21:00,EDT,CAPITL,61757,26.43,0.22,-21.57,1
08-04-2021 22:00,EDT,CAPITL,61757,24.96,0.19,-21.03,1
08-04-2021 23:00,EDT,CAPITL,61757,25.39,0.14,-22.41,1
09-04-2021 00:00,EDT,CAPITL,61757,24.86,0.14,-22.26,1
09-04-2021 01:00,EDT,CAPITL,61757,24.09,0.14,-21.44,1
09-04-2021 02:00,EDT,CAPITL,61757,22.79,0.15,-19.98,1
09-04-2021 03:00,EDT,CAPITL,61757,23.23,0.15,-20.49,1
09-04-2021 04:00,EDT,CAPITL,61757,23.82,0.14,-21.16,1
09-04-2021 05:00,EDT,CAPITL,61757,25.36,0.14,-22.84,1
09-04-2021 06:00,EDT,CAPITL,61757,27.7,0.17,-24.58,1
09-04-2021 07:00,EDT,CAPITL,61757,33.8,0.2,-30.09,1
09-04-2021 08:00,EDT,CAPITL,61757,33,0.39,-26.2,1
09-04-2021 09:00,EDT,CAPITL,61757,30,0.36,-23.26,1
09-04-2021 10:00,EDT,CAPITL,61757,25.29,0.41,-18.45,1
09-04-2021 11:00,EDT,CAPITL,61757,25.03,0.39,-18.2,1
09-04-2021 12:00,EDT,CAPITL,61757,23.41,0.37,-16.61,1
09-04-2021 13:00,EDT,CAPITL,61757,23.36,0.37,-16.54,1
09-04-2021 14:00,EDT,CAPITL,61757,22.36,0.32,-15.57,1
09-04-2021 15:00,EDT,CAPITL,61757,22.32,0.31,-15.57,1
09-04-2021 16:00,EDT,CAPITL,61757,23.26,0.31,-16.51,1
09-04-2021 17:00,EDT,CAPITL,61757,29.73,0.33,-22.97,1
09-04-2021 18:00,EDT,CAPITL,61757,33.59,0.33,-26.82,1
09-04-2021 19:00,EDT,CAPITL,61757,38.22,0.36,-31.45,1
09-04-2021 20:00,EDT,CAPITL,61757,36.59,0.37,-29.5,1
09-04-2021 21:00,EDT,CAPITL,61757,26.21,0.28,-21,1
09-04-2021 22:00,EDT,CAPITL,61757,25.77,0.25,-20.87,1
09-04-2021 23:00,EDT,CAPITL,61757,24.78,0.22,-19.97,1
10-04-2021 00:00,EDT,CAPITL,61757,27.72,0.1,-25.59,1
10-04-2021 01:00,EDT,CAPITL,61757,26.63,0.08,-25.01,1
10-04-2021 02:00,EDT,CAPITL,61757,24.91,0.06,-23.56,1
10-04-2021 03:00,EDT,CAPITL,61757,24.08,0.09,-22.14,1
10-04-2021 04:00,EDT,CAPITL,61757,23.43,0.09,-21.53,1
10-04-2021 05:00,EDT,CAPITL,61757,24.51,0.12,-21.95,1
10-04-2021 06:00,EDT,CAPITL,61757,24.29,0.14,-21.4,1
10-04-2021 07:00,EDT,CAPITL,61757,26.54,0.16,-23.29,1
10-04-2021 08:00,EDT,CAPITL,61757,26.23,0.25,-21.42,1
10-04-2021 09:00,EDT,CAPITL,61757,25.04,0.24,-20.16,1
10-04-2021 10:00,EDT,CAPITL,61757,22.38,0.34,-15.68,1
10-04-2021 11:00,EDT,CAPITL,61757,21.97,0.33,-15.26,1
10-04-2021 12:00,EDT,CAPITL,61757,21.65,0.31,-14.94,1
10-04-2021 13:00,EDT,CAPITL,61757,21.38,0.27,-15.34,1
10-04-2021 14:00,EDT,CAPITL,61757,21.39,0.28,-15.48,1
10-04-2021 15:00,EDT,CAPITL,61757,21.34,0.25,-15.84,1
10-04-2021 16:00,EDT,CAPITL,61757,21.66,0.32,-15.12,1
10-04-2021 17:00,EDT,CAPITL,61757,27.39,0.31,-21.16,1
10-04-2021 18:00,EDT,CAPITL,61757,33.4,0.27,-28.18,1
10-04-2021 19:00,EDT,CAPITL,61757,38.56,0.25,-33.67,1
10-04-2021 20:00,EDT,CAPITL,61757,38.28,0.25,-33.56,1
10-04-2021 21:00,EDT,CAPITL,61757,26.66,0.26,-21.76,1
10-04-2021 22:00,EDT,CAPITL,61757,25.62,0.2,-21.76,1
10-04-2021 23:00,EDT,CAPITL,61757,25.47,0.12,-22.82,1
11-04-2021 00:00,EDT,CAPITL,61757,27.6,0.08,-26.04,1
11-04-2021 01:00,EDT,CAPITL,61757,25.14,0.07,-23.82,1
11-04-2021 02:00,EDT,CAPITL,61757,24.06,0.07,-22.63,1
11-04-2021 03:00,EDT,CAPITL,61757,24.82,0.07,-23.49,1
11-04-2021 04:00,EDT,CAPITL,61757,24.52,0.07,-23.16,1
11-04-2021 05:00,EDT,CAPITL,61757,24.87,0.07,-23.52,1
11-04-2021 06:00,EDT,CAPITL,61757,24.88,0.12,-22.53,1
11-04-2021 07:00,EDT,CAPITL,61757,25.29,0.18,-21.76,1
11-04-2021 08:00,EDT,CAPITL,61757,29.5,0.18,-26.19,1
11-04-2021 09:00,EDT,CAPITL,61757,28.13,0.27,-23.43,1
11-04-2021 10:00,EDT,CAPITL,61757,27.24,0.3,-22.31,1
11-04-2021 11:00,EDT,CAPITL,61757,26.39,0.29,-21.45,1
11-04-2021 12:00,EDT,CAPITL,61757,25.27,0.29,-20.22,1
11-04-2021 13:00,EDT,CAPITL,61757,24.22,0.34,-17.89,1
11-04-2021 14:00,EDT,CAPITL,61757,23.55,0.31,-17.61,1
11-04-2021 15:00,EDT,CAPITL,61757,24.02,0.28,-18.78,1
11-04-2021 16:00,EDT,CAPITL,61757,25.81,0.28,-20.71,1
11-04-2021 17:00,EDT,CAPITL,61757,31.72,0.27,-26.8,1
11-04-2021 18:00,EDT,CAPITL,61757,37.56,0.28,-32.64,1
11-04-2021 19:00,EDT,CAPITL,61757,42.32,0.39,-35.76,1
11-04-2021 20:00,EDT,CAPITL,61757,42.5,0.38,-35.94,1
11-04-2021 21:00,EDT,CAPITL,61757,31.02,0.31,-25.46,1
11-04-2021 22:00,EDT,CAPITL,61757,25,0.27,-20.08,1
11-04-2021 23:00,EDT,CAPITL,61757,25.59,0.23,-20.73,1
12-04-2021 00:00,EDT,CAPITL,61757,27.21,0.25,-22.43,1
12-04-2021 01:00,EDT,CAPITL,61757,26.46,0.12,-24.04,1
12-04-2021 02:00,EDT,CAPITL,61757,24.89,0.22,-20.59,1
12-04-2021 03:00,EDT,CAPITL,61757,25.46,0.15,-22.49,1
12-04-2021 04:00,EDT,CAPITL,61757,26.27,0.13,-23.84,1
12-04-2021 05:00,EDT,CAPITL,61757,27.27,0.26,-22.53,1
12-04-2021 06:00,EDT,CAPITL,61757,30.64,0.4,-23.72,1
12-04-2021 07:00,EDT,CAPITL,61757,35.48,0.42,-28.13,1
12-04-2021 08:00,EDT,CAPITL,61757,39.96,0.6,-30.12,1
12-04-2021 09:00,EDT,CAPITL,61757,37.15,0.6,-27.25,1
12-04-2021 10:00,EDT,CAPITL,61757,34.92,0.64,-24.74,1
12-04-2021 11:00,EDT,CAPITL,61757,36.26,0.58,-27.04,1
12-04-2021 12:00,EDT,CAPITL,61757,34.35,0.54,-25.32,1
12-04-2021 13:00,EDT,CAPITL,61757,31.13,0.52,-22.02,1
12-04-2021 14:00,EDT,CAPITL,61757,30.84,0.46,-22.24,1
12-04-2021 15:00,EDT,CAPITL,61757,30.44,0.44,-22.33,1
12-04-2021 16:00,EDT,CAPITL,61757,30.98,0.44,-22.66,1
12-04-2021 17:00,EDT,CAPITL,61757,42.03,0.41,-35.1,1
12-04-2021 18:00,EDT,CAPITL,61757,43.55,0.4,-36.72,1
12-04-2021 19:00,EDT,CAPITL,61757,46.68,0.61,-36.88,1
12-04-2021 20:00,EDT,CAPITL,61757,43.68,0.69,-32.74,1
12-04-2021 21:00,EDT,CAPITL,61757,37.15,0.47,-28.5,1
12-04-2021 22:00,EDT,CAPITL,61757,28.07,0.33,-22.01,1
12-04-2021 23:00,EDT,CAPITL,61757,27.55,0.33,-20.81,1
13-04-2021 00:00,EDT,CAPITL,61757,25.69,0.3,-20.73,1
13-04-2021 01:00,EDT,CAPITL,61757,24.2,0.31,-19.05,1
13-04-2021 02:00,EDT,CAPITL,61757,22.91,0.29,-17.97,1
13-04-2021 03:00,EDT,CAPITL,61757,22.43,0.32,-16.85,1
13-04-2021 04:00,EDT,CAPITL,61757,23.65,0.31,-18.45,1
13-04-2021 05:00,EDT,CAPITL,61757,25.34,0.43,-18.5,1
13-04-2021 06:00,EDT,CAPITL,61757,29.41,0.55,-21.3,1
13-04-2021 07:00,EDT,CAPITL,61757,35.7,0.57,-26.84,1
13-04-2021 08:00,EDT,CAPITL,61757,34.18,0.94,-20.25,1
13-04-2021 09:00,EDT,CAPITL,61757,32.01,0.94,-17.8,1
13-04-2021 10:00,EDT,CAPITL,61757,27.57,0.96,-12.82,1
13-04-2021 11:00,EDT,CAPITL,61757,26.12,0.86,-12.72,1
13-04-2021 12:00,EDT,CAPITL,61757,25.7,0.66,-15.05,1
13-04-2021 13:00,EDT,CAPITL,61757,26.37,0.53,-17.27,1
13-04-2021 14:00,EDT,CAPITL,61757,25.2,0.51,-16.36,1
13-04-2021 15:00,EDT,CAPITL,61757,26.06,0.41,-18.96,1
13-04-2021 16:00,EDT,CAPITL,61757,26.53,0.48,-18.57,1
13-04-2021 17:00,EDT,CAPITL,61757,33.36,0.5,-25.38,1
13-04-2021 18:00,EDT,CAPITL,61757,36.4,0.62,-27.22,1
13-04-2021 19:00,EDT,CAPITL,61757,39.76,0.88,-26.93,1
13-04-2021 20:00,EDT,CAPITL,61757,38.03,0.94,-24.17,1
13-04-2021 21:00,EDT,CAPITL,61757,29.82,0.68,-19.27,1
13-04-2021 22:00,EDT,CAPITL,61757,26.28,0.43,-19.34,1
13-04-2021 23:00,EDT,CAPITL,61757,25.27,0.39,-18.45,1
14-04-2021 00:00,EDT,CAPITL,61757,24.1,0.35,-17.33,1
14-04-2021 01:00,EDT,CAPITL,61757,23.26,0.34,-16.5,1
14-04-2021 02:00,EDT,CAPITL,61757,21.23,0.34,-14.49,1
14-04-2021 03:00,EDT,CAPITL,61757,21.36,0.34,-14.61,1
14-04-2021 04:00,EDT,CAPITL,61757,22.06,0.35,-15.29,1
14-04-2021 05:00,EDT,CAPITL,61757,24.99,0.43,-17.09,1
14-04-2021 06:00,EDT,CAPITL,61757,29.3,0.52,-20.53,1
14-04-2021 07:00,EDT,CAPITL,61757,34.68,0.68,-22.61,1
14-04-2021 08:00,EDT,CAPITL,61757,31.19,0.98,-14.73,1
14-04-2021 09:00,EDT,CAPITL,61757,26.76,1.07,-7.58,1
14-04-2021 10:00,EDT,CAPITL,61757,24.6,1.03,-7.28,1
14-04-2021 11:00,EDT,CAPITL,61757,23.45,0.88,-8.3,1
14-04-2021 12:00,EDT,CAPITL,61757,22.58,0.82,-7.41,1
14-04-2021 13:00,EDT,CAPITL,61757,22.42,0.8,-7.36,1
14-04-2021 14:00,EDT,CAPITL,61757,22.51,0.7,-9.6,1
14-04-2021 15:00,EDT,CAPITL,61757,23.49,0.53,-13.37,1
14-04-2021 16:00,EDT,CAPITL,61757,24.18,0.58,-13.42,1
14-04-2021 17:00,EDT,CAPITL,61757,29.85,0.65,-18.28,1
14-04-2021 18:00,EDT,CAPITL,61757,32.83,0.65,-21.67,1
14-04-2021 19:00,EDT,CAPITL,61757,38.22,0.87,-24.01,1
14-04-2021 20:00,EDT,CAPITL,61757,37.16,0.98,-20.83,1
14-04-2021 21:00,EDT,CAPITL,61757,28.33,0.76,-15.2,1
14-04-2021 22:00,EDT,CAPITL,61757,26.12,0.55,-16.6,1
14-04-2021 23:00,EDT,CAPITL,61757,25.95,0.45,-18.02,1
15-04-2021 00:00,EDT,CAPITL,61757,25.78,0.4,-18.95,1
15-04-2021 01:00,EDT,CAPITL,61757,24.47,0.31,-19.3,1
15-04-2021 02:00,EDT,CAPITL,61757,23.22,0.29,-18.01,1
15-04-2021 03:00,EDT,CAPITL,61757,23.2,0.3,-17.88,1
15-04-2021 04:00,EDT,CAPITL,61757,23.76,0.39,-16.94,1
15-04-2021 05:00,EDT,CAPITL,61757,28.14,0.41,-21.29,1
15-04-2021 06:00,EDT,CAPITL,61757,28.56,0.66,-18.62,1
15-04-2021 07:00,EDT,CAPITL,61757,37.37,0.72,-25.7,1
15-04-2021 08:00,EDT,CAPITL,61757,35.48,1.05,-19.22,1
15-04-2021 09:00,EDT,CAPITL,61757,35,1.01,-19.55,1
15-04-2021 10:00,EDT,CAPITL,61757,31.44,0.89,-17.66,1
15-04-2021 11:00,EDT,CAPITL,61757,31,0.91,-16.82,1
15-04-2021 12:00,EDT,CAPITL,61757,30.9,0.9,-17.39,1
15-04-2021 13:00,EDT,CAPITL,61757,31.32,0.82,-19.33,1
15-04-2021 14:00,EDT,CAPITL,61757,30.29,0.76,-18.75,1
15-04-2021 15:00,EDT,CAPITL,61757,31.01,0.66,-21.07,1
15-04-2021 16:00,EDT,CAPITL,61757,32.54,0.7,-22.28,1
15-04-2021 17:00,EDT,CAPITL,61757,40.67,0.59,-31.48,1
15-04-2021 18:00,EDT,CAPITL,61757,41.21,0.63,-31.04,1
15-04-2021 19:00,EDT,CAPITL,61757,42.95,0.8,-30.71,1
15-04-2021 20:00,EDT,CAPITL,61757,41.65,0.9,-27.44,1
15-04-2021 21:00,EDT,CAPITL,61757,34.08,0.7,-23.53,1
15-04-2021 22:00,EDT,CAPITL,61757,28.64,0.66,-19.03,1
15-04-2021 23:00,EDT,CAPITL,61757,27.35,0.48,-19.24,1
16-04-2021 00:00,EDT,CAPITL,61757,27.83,0.31,-22.25,1
16-04-2021 01:00,EDT,CAPITL,61757,25.83,0.3,-20.72,1
16-04-2021 02:00,EDT,CAPITL,61757,24.41,0.29,-19.19,1
16-04-2021 03:00,EDT,CAPITL,61757,24.37,0.29,-19.25,1
16-04-2021 04:00,EDT,CAPITL,61757,25.86,0.29,-20.85,1
16-04-2021 05:00,EDT,CAPITL,61757,28.33,0.35,-22.49,1
16-04-2021 06:00,EDT,CAPITL,61757,31.41,0.39,-25.48,1
16-04-2021 07:00,EDT,CAPITL,61757,40.61,0.7,-30.38,1
16-04-2021 08:00,EDT,CAPITL,61757,41.77,0.85,-29.09,1
16-04-2021 09:00,EDT,CAPITL,61757,41.34,0.82,-27.91,1
16-04-2021 10:00,EDT,CAPITL,61757,36.18,0.86,-22.83,1
16-04-2021 11:00,EDT,CAPITL,61757,36.43,0.69,-25.57,1
16-04-2021 12:00,EDT,CAPITL,61757,33.56,0.7,-22.33,1
16-04-2021 13:00,EDT,CAPITL,61757,32.54,0.68,-21.27,1
16-04-2021 14:00,EDT,CAPITL,61757,31.52,0.59,-21.61,1
16-04-2021 15:00,EDT,CAPITL,61757,31,0.56,-21.85,1
16-04-2021 16:00,EDT,CAPITL,61757,33.39,0.55,-25.14,1
16-04-2021 17:00,EDT,CAPITL,61757,43.78,0.54,-35.71,1
16-04-2021 18:00,EDT,CAPITL,61757,42.2,0.56,-33.72,1
16-04-2021 19:00,EDT,CAPITL,61757,42.94,0.64,-33.73,1
16-04-2021 20:00,EDT,CAPITL,61757,43.28,0.66,-33.27,1
16-04-2021 21:00,EDT,CAPITL,61757,34.62,0.51,-26.64,1
16-04-2021 22:00,EDT,CAPITL,61757,29.89,0.51,-21.9,1
16-04-2021 23:00,EDT,CAPITL,61757,27.55,0.45,-19.62,1
17-04-2021 00:00,EDT,CAPITL,61757,31.32,0.39,-24.54,1
17-04-2021 01:00,EDT,CAPITL,61757,27.37,0.35,-20.93,1
17-04-2021 02:00,EDT,CAPITL,61757,26.79,0.35,-20.56,1
17-04-2021 03:00,EDT,CAPITL,61757,26.9,0.38,-20.15,1
17-04-2021 04:00,EDT,CAPITL,61757,28.93,0.38,-22.16,1
17-04-2021 05:00,EDT,CAPITL,61757,29.49,0.39,-22.72,1
17-04-2021 06:00,EDT,CAPITL,61757,32.91,0.43,-26.08,1
17-04-2021 07:00,EDT,CAPITL,61757,33.06,0.44,-26.18,1
17-04-2021 08:00,EDT,CAPITL,61757,35.65,0.58,-27.07,1
17-04-2021 09:00,EDT,CAPITL,61757,34.33,0.68,-24.3,1
17-04-2021 10:00,EDT,CAPITL,61757,30.69,0.75,-19.81,1
17-04-2021 11:00,EDT,CAPITL,61757,28.42,0.71,-17.25,1
17-04-2021 12:00,EDT,CAPITL,61757,27.21,0.56,-18.1,1
17-04-2021 13:00,EDT,CAPITL,61757,26.26,0.47,-18.4,1
17-04-2021 14:00,EDT,CAPITL,61757,25.59,0.46,-17.64,1
17-04-2021 15:00,EDT,CAPITL,61757,25.71,0.42,-18.61,1
17-04-2021 16:00,EDT,CAPITL,61757,27.25,0.44,-19.86,1
17-04-2021 17:00,EDT,CAPITL,61757,32.14,0.4,-25.31,1
17-04-2021 18:00,EDT,CAPITL,61757,38.82,0.41,-32,1
17-04-2021 19:00,EDT,CAPITL,61757,42.68,0.47,-35.13,1
17-04-2021 20:00,EDT,CAPITL,61757,42.88,0.5,-34.87,1
17-04-2021 21:00,EDT,CAPITL,61757,33.85,0.52,-25.14,1
17-04-2021 22:00,EDT,CAPITL,61757,29.31,0.46,-21.35,1
17-04-2021 23:00,EDT,CAPITL,61757,27.58,0.37,-20.77,1
18-04-2021 00:00,EDT,CAPITL,61757,33.34,0.38,-26.6,1
18-04-2021 01:00,EDT,CAPITL,61757,32.57,0.33,-26.96,1
18-04-2021 02:00,EDT,CAPITL,61757,31.09,0.25,-26.68,1
18-04-2021 03:00,EDT,CAPITL,61757,31.11,0.26,-26.75,1
18-04-2021 04:00,EDT,CAPITL,61757,31.09,0.26,-26.66,1
18-04-2021 05:00,EDT,CAPITL,61757,30.92,0.27,-26.47,1
18-04-2021 06:00,EDT,CAPITL,61757,35.48,0.24,-31.23,1
18-04-2021 07:00,EDT,CAPITL,61757,34.42,0.21,-30.48,1
18-04-2021 08:00,EDT,CAPITL,61757,34.82,0.39,-28.03,1
18-04-2021 09:00,EDT,CAPITL,61757,34.52,0.4,-27.71,1
18-04-2021 10:00,EDT,CAPITL,61757,31.17,0.41,-24.33,1
18-04-2021 11:00,EDT,CAPITL,61757,28.05,0.4,-21.25,1
18-04-2021 12:00,EDT,CAPITL,61757,27.44,0.39,-20.65,1
18-04-2021 13:00,EDT,CAPITL,61757,26.64,0.36,-19.89,1
18-04-2021 14:00,EDT,CAPITL,61757,26.6,0.35,-19.86,1
18-04-2021 15:00,EDT,CAPITL,61757,25.63,0.36,-18.88,1
18-04-2021 16:00,EDT,CAPITL,61757,28,0.37,-21.25,1
18-04-2021 17:00,EDT,CAPITL,61757,37.97,0.34,-31.95,1
18-04-2021 18:00,EDT,CAPITL,61757,45.42,0.35,-39.56,1
18-04-2021 19:00,EDT,CAPITL,61757,48.96,0.41,-42.18,1
18-04-2021 20:00,EDT,CAPITL,61757,49.92,0.42,-43.08,1
18-04-2021 21:00,EDT,CAPITL,61757,41.18,0.4,-34.37,1
18-04-2021 22:00,EDT,CAPITL,61757,31.42,0.4,-24.61,1
18-04-2021 23:00,EDT,CAPITL,61757,27.64,0.36,-20.87,1
19-04-2021 00:00,EDT,CAPITL,61757,32.1,0.35,-25.74,1
19-04-2021 01:00,EDT,CAPITL,61757,28.62,0.32,-22.72,1
19-04-2021 02:00,EDT,CAPITL,61757,28.23,0.28,-22.95,1
19-04-2021 03:00,EDT,CAPITL,61757,28.49,0.25,-23.84,1
19-04-2021 04:00,EDT,CAPITL,61757,29.34,0.32,-23.57,1
19-04-2021 05:00,EDT,CAPITL,61757,32.58,0.31,-26.68,1
19-04-2021 06:00,EDT,CAPITL,61757,40.45,0.38,-33.64,1
19-04-2021 07:00,EDT,CAPITL,61757,43.82,0.48,-34.27,1
19-04-2021 08:00,EDT,CAPITL,61757,41.56,0.62,-29.19,1
19-04-2021 09:00,EDT,CAPITL,61757,41.04,0.56,-30.71,1
19-04-2021 10:00,EDT,CAPITL,61757,33.79,0.57,-23.62,1
19-04-2021 11:00,EDT,CAPITL,61757,33.55,0.49,-24.22,1
19-04-2021 12:00,EDT,CAPITL,61757,32.37,0.37,-24.21,1
19-04-2021 13:00,EDT,CAPITL,61757,31.69,0.35,-24.13,1
19-04-2021 14:00,EDT,CAPITL,61757,30.48,0.37,-22.65,1
19-04-2021 15:00,EDT,CAPITL,61757,31.15,0.32,-24.42,1
19-04-2021 16:00,EDT,CAPITL,61757,32.94,0.32,-26.24,1
19-04-2021 17:00,EDT,CAPITL,61757,43.27,0.33,-36.54,1
19-04-2021 18:00,EDT,CAPITL,61757,47.17,0.34,-40.46,1
19-04-2021 19:00,EDT,CAPITL,61757,47.29,0.37,-40.51,1
19-04-2021 20:00,EDT,CAPITL,61757,50,0.42,-42.17,1
19-04-2021 21:00,EDT,CAPITL,61757,36.51,0.37,-29.73,1
19-04-2021 22:00,EDT,CAPITL,61757,32.57,0.35,-25.83,1
19-04-2021 23:00,EDT,CAPITL,61757,29.18,0.25,-24.5,1
20-04-2021 00:00,EDT,CAPITL,61757,29.25,0.21,-24.65,1
20-04-2021 01:00,EDT,CAPITL,61757,26.72,0.21,-21.85,1
20-04-2021 02:00,EDT,CAPITL,61757,25.7,0.22,-20.79,1
20-04-2021 03:00,EDT,CAPITL,61757,26.11,0.21,-21.44,1
20-04-2021 04:00,EDT,CAPITL,61757,26.75,0.2,-22.13,1
20-04-2021 05:00,EDT,CAPITL,61757,29.17,0.29,-23.47,1
20-04-2021 06:00,EDT,CAPITL,61757,34.64,0.31,-28.77,1
20-04-2021 07:00,EDT,CAPITL,61757,39.9,0.33,-33.12,1
20-04-2021 08:00,EDT,CAPITL,61757,37.77,0.38,-30.44,1
20-04-2021 09:00,EDT,CAPITL,61757,36.5,0.37,-29.33,1
20-04-2021 10:00,EDT,CAPITL,61757,30.56,0.41,-22.62,1
20-04-2021 11:00,EDT,CAPITL,61757,30.29,0.42,-22.35,1
20-04-2021 12:00,EDT,CAPITL,61757,28.34,0.45,-19.51,1
20-04-2021 13:00,EDT,CAPITL,61757,28.51,0.4,-20.06,1
20-04-2021 14:00,EDT,CAPITL,61757,28.28,0.38,-20.12,1
20-04-2021 15:00,EDT,CAPITL,61757,27.84,0.39,-19.6,1
20-04-2021 16:00,EDT,CAPITL,61757,30.64,0.4,-22.73,1
20-04-2021 17:00,EDT,CAPITL,61757,39.49,0.42,-31.57,1
20-04-2021 18:00,EDT,CAPITL,61757,41.5,0.49,-32.7,1
20-04-2021 19:00,EDT,CAPITL,61757,47.17,0.6,-36.94,1
20-04-2021 20:00,EDT,CAPITL,61757,47.34,0.51,-38.25,1
20-04-2021 21:00,EDT,CAPITL,61757,33.21,0.54,-23.31,1
20-04-2021 22:00,EDT,CAPITL,61757,28.82,0.5,-20.67,1
20-04-2021 23:00,EDT,CAPITL,61757,26.36,0.45,-18.41,1
21-04-2021 00:00,EDT,CAPITL,61757,26.87,0.45,-19.16,1
21-04-2021 01:00,EDT,CAPITL,61757,26.24,0.39,-19.21,1
21-04-2021 02:00,EDT,CAPITL,61757,25.25,0.38,-18.37,1
21-04-2021 03:00,EDT,CAPITL,61757,24.32,0.38,-17.54,1
21-04-2021 04:00,EDT,CAPITL,61757,25.99,0.42,-18.87,1
21-04-2021 05:00,EDT,CAPITL,61757,27.2,0.43,-20.36,1
21-04-2021 06:00,EDT,CAPITL,61757,33.16,0.57,-23.29,1
21-04-2021 07:00,EDT,CAPITL,61757,35.9,0.6,-24.85,1
21-04-2021 08:00,EDT,CAPITL,61757,35.19,0.98,-18.38,1
21-04-2021 09:00,EDT,CAPITL,61757,31.45,1.06,-12.97,1
21-04-2021 10:00,EDT,CAPITL,61757,29.92,1.03,-12.09,1
21-04-2021 11:00,EDT,CAPITL,61757,30.52,0.97,-13.16,1
21-04-2021 12:00,EDT,CAPITL,61757,29.81,0.86,-14.44,1
21-04-2021 13:00,EDT,CAPITL,61757,30.17,0.74,-15.79,1
21-04-2021 14:00,EDT,CAPITL,61757,30.05,0.59,-17.81,1
21-04-2021 15:00,EDT,CAPITL,61757,30.58,0.62,-17.94,1
21-04-2021 16:00,EDT,CAPITL,61757,31.3,0.81,-16.04,1
21-04-2021 17:00,EDT,CAPITL,61757,39.77,0.82,-25.13,1
21-04-2021 18:00,EDT,CAPITL,61757,42.29,0.89,-26.59,1
21-04-2021 19:00,EDT,CAPITL,61757,44.62,1.16,-26.17,1
21-04-2021 20:00,EDT,CAPITL,61757,45.77,1.37,-23.68,1
21-04-2021 21:00,EDT,CAPITL,61757,37.98,0.65,-26.63,1
21-04-2021 22:00,EDT,CAPITL,61757,31.55,0.52,-22.46,1
21-04-2021 23:00,EDT,CAPITL,61757,30.1,0.46,-21.49,1
22-04-2021 00:00,EDT,CAPITL,61757,31.09,0.41,-23.19,1
22-04-2021 01:00,EDT,CAPITL,61757,29.48,0.35,-22.73,1
22-04-2021 02:00,EDT,CAPITL,61757,29.09,0.3,-23.21,1
22-04-2021 03:00,EDT,CAPITL,61757,28.94,0.24,-24.22,1
22-04-2021 04:00,EDT,CAPITL,61757,30.22,0.23,-25.77,1
22-04-2021 05:00,EDT,CAPITL,61757,32.13,0.3,-26.69,1
22-04-2021 06:00,EDT,CAPITL,61757,41.12,0.35,-34.31,1
22-04-2021 07:00,EDT,CAPITL,61757,46.19,0.4,-38.3,1
22-04-2021 08:00,EDT,CAPITL,61757,43.61,0.52,-33.83,1
22-04-2021 09:00,EDT,CAPITL,61757,38.83,0.45,-30.4,1
22-04-2021 10:00,EDT,CAPITL,61757,40.89,0.44,-33.3,1
22-04-2021 11:00,EDT,CAPITL,61757,38.88,0.39,-31.82,1
22-04-2021 12:00,EDT,CAPITL,61757,37.42,0.39,-29.87,1
22-04-2021 13:00,EDT,CAPITL,61757,37.26,0.38,-29.75,1
22-04-2021 14:00,EDT,CAPITL,61757,36.2,0.34,-28.7,1
22-04-2021 15:00,EDT,CAPITL,61757,36.47,0.33,-29.3,1
22-04-2021 16:00,EDT,CAPITL,61757,37.67,0.36,-30.59,1
22-04-2021 17:00,EDT,CAPITL,61757,49.09,0.35,-42.52,1
22-04-2021 18:00,EDT,CAPITL,61757,50.91,0.33,-44.81,1
22-04-2021 19:00,EDT,CAPITL,61757,56.69,0.52,-47.82,1
22-04-2021 20:00,EDT,CAPITL,61757,55.68,0.46,-47.66,1
22-04-2021 21:00,EDT,CAPITL,61757,45.74,0.39,-38.18,1
22-04-2021 22:00,EDT,CAPITL,61757,37.5,0.4,-29.95,1
22-04-2021 23:00,EDT,CAPITL,61757,35.77,0.37,-28.2,1
23-04-2021 00:00,EDT,CAPITL,61757,34.64,0.26,-29.83,1
23-04-2021 01:00,EDT,CAPITL,61757,32.58,0.25,-28.02,1
23-04-2021 02:00,EDT,CAPITL,61757,31.53,0.24,-27.04,1
23-04-2021 03:00,EDT,CAPITL,61757,32.38,0.24,-27.98,1
23-04-2021 04:00,EDT,CAPITL,61757,32.97,0.24,-28.62,1
23-04-2021 05:00,EDT,CAPITL,61757,34.59,0.33,-28.69,1
23-04-2021 06:00,EDT,CAPITL,61757,47.02,0.4,-39.87,1
23-04-2021 07:00,EDT,CAPITL,61757,48.03,0.5,-37.94,1
23-04-2021 08:00,EDT,CAPITL,61757,39.53,0.57,-29.63,1
23-04-2021 09:00,EDT,CAPITL,61757,35.09,0.52,-25.01,1
23-04-2021 10:00,EDT,CAPITL,61757,29.69,0.43,-20.84,1
23-04-2021 11:00,EDT,CAPITL,61757,30.24,0.36,-22.47,1
23-04-2021 12:00,EDT,CAPITL,61757,29.34,0.31,-22.04,1
23-04-2021 13:00,EDT,CAPITL,61757,27.6,0.32,-20.12,1
23-04-2021 14:00,EDT,CAPITL,61757,27.79,0.29,-20.59,1
23-04-2021 15:00,EDT,CAPITL,61757,28.64,0.24,-22.65,1
23-04-2021 16:00,EDT,CAPITL,61757,31.38,0.29,-24.9,1
23-04-2021 17:00,EDT,CAPITL,61757,37.62,0.27,-31.76,1
23-04-2021 18:00,EDT,CAPITL,61757,38.02,0.35,-31.22,1
23-04-2021 19:00,EDT,CAPITL,61757,43.13,0.37,-36.1,1
23-04-2021 20:00,EDT,CAPITL,61757,46.24,0.35,-39.22,1
23-04-2021 21:00,EDT,CAPITL,61757,37.32,0.34,-30.32,1
23-04-2021 22:00,EDT,CAPITL,61757,32.26,0.31,-25.52,1
23-04-2021 23:00,EDT,CAPITL,61757,30.22,0.33,-23.49,1
24-04-2021 00:00,EDT,CAPITL,61757,31.31,0.3,-25.34,1
24-04-2021 01:00,EDT,CAPITL,61757,29.93,0.23,-25.5,1
24-04-2021 02:00,EDT,CAPITL,61757,28.63,0.24,-24.06,1
24-04-2021 03:00,EDT,CAPITL,61757,28.74,0.22,-24.43,1
24-04-2021 04:00,EDT,CAPITL,61757,29,0.21,-25.03,1
24-04-2021 05:00,EDT,CAPITL,61757,29.75,0.25,-25.37,1
24-04-2021 06:00,EDT,CAPITL,61757,31.62,0.25,-27.12,1
24-04-2021 07:00,EDT,CAPITL,61757,32.44,0.26,-27.35,1
24-04-2021 08:00,EDT,CAPITL,61757,30,0.34,-23.25,1
24-04-2021 09:00,EDT,CAPITL,61757,27.97,0.35,-21.19,1
24-04-2021 10:00,EDT,CAPITL,61757,27.57,0.36,-20.75,1
24-04-2021 11:00,EDT,CAPITL,61757,26.73,0.38,-19.05,1
24-04-2021 12:00,EDT,CAPITL,61757,25.53,0.37,-17.84,1
24-04-2021 13:00,EDT,CAPITL,61757,23.98,0.35,-16.8,1
24-04-2021 14:00,EDT,CAPITL,61757,24.09,0.33,-17.33,1
24-04-2021 15:00,EDT,CAPITL,61757,24.35,0.35,-17.35,1
24-04-2021 16:00,EDT,CAPITL,61757,26.16,0.39,-18.46,1
24-04-2021 17:00,EDT,CAPITL,61757,28.41,0.44,-20.19,1
24-04-2021 18:00,EDT,CAPITL,61757,32.3,0.52,-23.11,1
24-04-2021 19:00,EDT,CAPITL,61757,39.19,0.52,-29.58,1
24-04-2021 20:00,EDT,CAPITL,61757,39.39,0.73,-25.88,1
24-04-2021 21:00,EDT,CAPITL,61757,30.3,0.63,-18.59,1
24-04-2021 22:00,EDT,CAPITL,61757,26.47,0.55,-17.36,1
24-04-2021 23:00,EDT,CAPITL,61757,26.78,0.44,-18.42,1
25-04-2021 00:00,EDT,CAPITL,61757,29.01,0.29,-22.34,1
25-04-2021 01:00,EDT,CAPITL,61757,25.61,0.29,-18.94,1
25-04-2021 02:00,EDT,CAPITL,61757,24.42,0.22,-19.4,1
25-04-2021 03:00,EDT,CAPITL,61757,24.1,0.21,-19.4,1
25-04-2021 04:00,EDT,CAPITL,61757,23.98,0.19,-19.72,1
25-04-2021 05:00,EDT,CAPITL,61757,24.88,0.16,-21.46,1
25-04-2021 06:00,EDT,CAPITL,61757,26.52,0.18,-22.69,1
25-04-2021 07:00,EDT,CAPITL,61757,27.42,0.2,-22.48,1
25-04-2021 08:00,EDT,CAPITL,61757,27.63,0.32,-20.93,1
25-04-2021 09:00,EDT,CAPITL,61757,28.92,0.32,-22.21,1
25-04-2021 10:00,EDT,CAPITL,61757,29.13,0.33,-22.42,1
25-04-2021 11:00,EDT,CAPITL,61757,30.58,0.33,-23.87,1
25-04-2021 12:00,EDT,CAPITL,61757,29.29,0.3,-23.06,1
25-04-2021 13:00,EDT,CAPITL,61757,28.37,0.23,-23.14,1
25-04-2021 14:00,EDT,CAPITL,61757,27.7,0.22,-22.81,1
25-04-2021 15:00,EDT,CAPITL,61757,27.3,0.18,-23.54,1
25-04-2021 16:00,EDT,CAPITL,61757,29.29,0.16,-25.85,1
25-04-2021 17:00,EDT,CAPITL,61757,35.79,0.16,-32.53,1
25-04-2021 18:00,EDT,CAPITL,61757,38.49,0.17,-35.21,1
25-04-2021 19:00,EDT,CAPITL,61757,44.67,0.24,-40.18,1
25-04-2021 20:00,EDT,CAPITL,61757,44.98,0.35,-38.21,1
25-04-2021 21:00,EDT,CAPITL,61757,35.18,0.33,-28.42,1
25-04-2021 22:00,EDT,CAPITL,61757,27.43,0.32,-20.7,1
25-04-2021 23:00,EDT,CAPITL,61757,26.11,0.26,-19.81,1
26-04-2021 00:00,EDT,CAPITL,61757,28.59,0.23,-24.03,1
26-04-2021 01:00,EDT,CAPITL,61757,26.54,0.18,-22.86,1
26-04-2021 02:00,EDT,CAPITL,61757,25.38,0.26,-20.38,1
26-04-2021 03:00,EDT,CAPITL,61757,25.18,0.24,-20.52,1
26-04-2021 04:00,EDT,CAPITL,61757,26.25,0.25,-21.28,1
26-04-2021 05:00,EDT,CAPITL,61757,28.53,0.33,-22.42,1
26-04-2021 06:00,EDT,CAPITL,61757,36.67,0.4,-29.49,1
26-04-2021 07:00,EDT,CAPITL,61757,38.38,0.62,-26.14,1
26-04-2021 08:00,EDT,CAPITL,61757,33.95,0.55,-22.97,1
26-04-2021 09:00,EDT,CAPITL,61757,28.2,0.63,-15.37,1
26-04-2021 10:00,EDT,CAPITL,61757,25.53,0.61,-13.2,1
26-04-2021 11:00,EDT,CAPITL,61757,26.03,0.48,-15.86,1
26-04-2021 12:00,EDT,CAPITL,61757,24.37,0.44,-15.48,1
26-04-2021 13:00,EDT,CAPITL,61757,24.53,0.34,-16.71,1
26-04-2021 14:00,EDT,CAPITL,61757,24.43,0.29,-17.64,1
26-04-2021 15:00,EDT,CAPITL,61757,25.1,0.28,-18.4,1
26-04-2021 16:00,EDT,CAPITL,61757,26.82,0.4,-18.13,1
26-04-2021 17:00,EDT,CAPITL,61757,33.63,0.37,-25.78,1
26-04-2021 18:00,EDT,CAPITL,61757,35.5,0.37,-27.65,1
26-04-2021 19:00,EDT,CAPITL,61757,40.68,0.43,-31.82,1
26-04-2021 20:00,EDT,CAPITL,61757,45.62,0.61,-33.7,1
26-04-2021 21:00,EDT,CAPITL,61757,32.87,0.46,-23.62,1
26-04-2021 22:00,EDT,CAPITL,61757,26.94,0.35,-19.38,1
26-04-2021 23:00,EDT,CAPITL,61757,26.37,0.27,-19.72,1
27-04-2021 00:00,EDT,CAPITL,61757,26.89,0.3,-20.26,1
27-04-2021 01:00,EDT,CAPITL,61757,24.14,0.3,-17.79,1
27-04-2021 02:00,EDT,CAPITL,61757,23.55,0.32,-16.99,1
27-04-2021 03:00,EDT,CAPITL,61757,23.73,0.27,-18.22,1
27-04-2021 04:00,EDT,CAPITL,61757,24.32,0.33,-17.63,1
27-04-2021 05:00,EDT,CAPITL,61757,25.97,0.36,-19.21,1
27-04-2021 06:00,EDT,CAPITL,61757,36.09,0.44,-28.23,1
27-04-2021 07:00,EDT,CAPITL,61757,39.41,0.5,-30.22,1
27-04-2021 08:00,EDT,CAPITL,61757,33.42,0.68,-20.84,1
27-04-2021 09:00,EDT,CAPITL,61757,30.33,0.67,-17.2,1
27-04-2021 10:00,EDT,CAPITL,61757,26.87,0.62,-15.09,1
27-04-2021 11:00,EDT,CAPITL,61757,25.58,0.6,-13.84,1
27-04-2021 12:00,EDT,CAPITL,61757,24.8,0.52,-14.74,1
27-04-2021 13:00,EDT,CAPITL,61757,24.62,0.48,-14.69,1
27-04-2021 14:00,EDT,CAPITL,61757,24.66,0.41,-15.85,1
27-04-2021 15:00,EDT,CAPITL,61757,25.22,0.38,-17.25,1
27-04-2021 16:00,EDT,CAPITL,61757,27.03,0.43,-18.82,1
27-04-2021 17:00,EDT,CAPITL,61757,36.08,0.45,-27.32,1
27-04-2021 18:00,EDT,CAPITL,61757,42.48,0.42,-34.65,1
27-04-2021 19:00,EDT,CAPITL,61757,44.3,0.5,-35.4,1
27-04-2021 20:00,EDT,CAPITL,61757,48.51,0.61,-37.72,1
27-04-2021 21:00,EDT,CAPITL,61757,40.79,0.47,-32.3,1
27-04-2021 22:00,EDT,CAPITL,61757,28.74,0.33,-22.72,1
27-04-2021 23:00,EDT,CAPITL,61757,26.29,0.33,-19.62,1
28-04-2021 00:00,EDT,CAPITL,61757,27.88,0.23,-22.58,1
28-04-2021 01:00,EDT,CAPITL,61757,25.54,0.23,-20.44,1
28-04-2021 02:00,EDT,CAPITL,61757,24.29,0.22,-19.07,1
28-04-2021 03:00,EDT,CAPITL,61757,24.34,0.17,-20.42,1
28-04-2021 04:00,EDT,CAPITL,61757,25.49,0.24,-20.38,1
28-04-2021 05:00,EDT,CAPITL,61757,27.31,0.24,-22.46,1
28-04-2021 06:00,EDT,CAPITL,61757,32.4,0.32,-25.72,1
28-04-2021 07:00,EDT,CAPITL,61757,37.37,0.38,-30.1,1
28-04-2021 08:00,EDT,CAPITL,61757,35.81,0.55,-25.18,1
28-04-2021 09:00,EDT,CAPITL,61757,32.43,0.58,-21.3,1
28-04-2021 10:00,EDT,CAPITL,61757,29.8,0.79,-15.69,1
28-04-2021 11:00,EDT,CAPITL,61757,29.53,0.75,-15.88,1
28-04-2021 12:00,EDT,CAPITL,61757,28.92,0.69,-15.97,1
28-04-2021 13:00,EDT,CAPITL,61757,30.57,0.63,-17.97,1
28-04-2021 14:00,EDT,CAPITL,61757,31.2,0.52,-20.55,1
28-04-2021 15:00,EDT,CAPITL,61757,32.42,0.59,-21.09,1
28-04-2021 16:00,EDT,CAPITL,61757,35.88,0.55,-25.69,1
28-04-2021 17:00,EDT,CAPITL,61757,50.84,0.5,-41.95,1
28-04-2021 18:00,EDT,CAPITL,61757,49.99,0.48,-41.14,1
28-04-2021 19:00,EDT,CAPITL,61757,49.55,0.61,-38.53,1
28-04-2021 20:00,EDT,CAPITL,61757,54.13,0.59,-43.89,1
28-04-2021 21:00,EDT,CAPITL,61757,43.2,0.52,-33.61,1
28-04-2021 22:00,EDT,CAPITL,61757,30.54,0.36,-23.42,1
28-04-2021 23:00,EDT,CAPITL,61757,28.24,0.32,-21.55,1
29-04-2021 00:00,EDT,CAPITL,61757,28.17,0.31,-21.51,1
29-04-2021 01:00,EDT,CAPITL,61757,26.75,0.23,-21.68,1
29-04-2021 02:00,EDT,CAPITL,61757,26.07,0.24,-20.82,1
29-04-2021 03:00,EDT,CAPITL,61757,26.39,0.24,-21.06,1
29-04-2021 04:00,EDT,CAPITL,61757,26.44,0.31,-20.01,1
29-04-2021 05:00,EDT,CAPITL,61757,28.03,0.34,-21.48,1
29-04-2021 06:00,EDT,CAPITL,61757,32.49,0.3,-26.84,1
29-04-2021 07:00,EDT,CAPITL,61757,35.76,0.59,-25.25,1
29-04-2021 08:00,EDT,CAPITL,61757,37.03,1,-19.85,1
29-04-2021 09:00,EDT,CAPITL,61757,37.64,0.84,-23.27,1
29-04-2021 10:00,EDT,CAPITL,61757,33.57,0.94,-18.13,1
29-04-2021 11:00,EDT,CAPITL,61757,35.2,0.61,-24.99,1
29-04-2021 12:00,EDT,CAPITL,61757,33.26,0.65,-22.3,1
29-04-2021 13:00,EDT,CAPITL,61757,32.95,0.72,-20.55,1
29-04-2021 14:00,EDT,CAPITL,61757,33.12,0.63,-22.09,1
29-04-2021 15:00,EDT,CAPITL,61757,33.2,0.58,-22.94,1
29-04-2021 16:00,EDT,CAPITL,61757,36.81,0.55,-27.18,1
29-04-2021 17:00,EDT,CAPITL,61757,49.38,0.52,-40.31,1
29-04-2021 18:00,EDT,CAPITL,61757,49.5,0.53,-40.56,1
29-04-2021 19:00,EDT,CAPITL,61757,46.72,0.59,-37.52,1
29-04-2021 20:00,EDT,CAPITL,61757,49.12,0.61,-39.84,1
29-04-2021 21:00,EDT,CAPITL,61757,40.13,0.55,-31.15,1
29-04-2021 22:00,EDT,CAPITL,61757,33.39,0.44,-25.52,1
29-04-2021 23:00,EDT,CAPITL,61757,29.66,0.35,-22.91,1
30-04-2021 00:00,EDT,CAPITL,61757,29.21,0.21,-24.38,1
30-04-2021 01:00,EDT,CAPITL,61757,27.54,0.22,-22.74,1
30-04-2021 02:00,EDT,CAPITL,61757,27.74,0.13,-24.73,1
30-04-2021 03:00,EDT,CAPITL,61757,27.35,0.11,-24.9,1
30-04-2021 04:00,EDT,CAPITL,61757,27.35,0.11,-24.91,1
30-04-2021 05:00,EDT,CAPITL,61757,28.1,0.16,-24.83,1
30-04-2021 06:00,EDT,CAPITL,61757,34.29,0.15,-31.01,1
30-04-2021 07:00,EDT,CAPITL,61757,37.08,0.15,-33.79,1
30-04-2021 08:00,EDT,CAPITL,61757,36.52,0.21,-31.96,1
30-04-2021 09:00,EDT,CAPITL,61757,36.81,0.18,-32.99,1
30-04-2021 10:00,EDT,CAPITL,61757,37.49,0.18,-33.73,1
30-04-2021 11:00,EDT,CAPITL,61757,37.58,0.18,-33.81,1
30-04-2021 12:00,EDT,CAPITL,61757,36.8,0.18,-32.99,1
30-04-2021 13:00,EDT,CAPITL,61757,36.28,0.17,-32.59,1
30-04-2021 14:00,EDT,CAPITL,61757,34.31,0.18,-30.19,1
30-04-2021 15:00,EDT,CAPITL,61757,33.15,0.16,-29.38,1
30-04-2021 16:00,EDT,CAPITL,61757,35.33,0.16,-31.67,1
30-04-2021 17:00,EDT,CAPITL,61757,41.64,0.15,-38.58,1
30-04-2021 18:00,EDT,CAPITL,61757,41.51,0.15,-38.44,1
30-04-2021 19:00,EDT,CAPITL,61757,43.39,0.17,-39.92,1
30-04-2021 20:00,EDT,CAPITL,61757,43.48,0.22,-39.17,1
30-04-2021 21:00,EDT,CAPITL,61757,37.24,0.2,-32.95,1
30-04-2021 22:00,EDT,CAPITL,61757,31.41,0.2,-26.97,1
30-04-2021 23:00,EDT,CAPITL,61757,31.49,0.15,-27.97,1
01-05-2021 00:00,EDT,CAPITL,61757,33.11,0.06,-31.74,1
01-05-2021 01:00,EDT,CAPITL,61757,30.32,0.05,-29.24,1
01-05-2021 02:00,EDT,CAPITL,61757,28.54,0.05,-27.46,1
01-05-2021 03:00,EDT,CAPITL,61757,27.65,0.05,-26.56,1
01-05-2021 04:00,EDT,CAPITL,61757,27.47,0.11,-25.32,1
01-05-2021 05:00,EDT,CAPITL,61757,28.88,0.17,-25.43,1
01-05-2021 06:00,EDT,CAPITL,61757,28.83,0.23,-24.14,1
01-05-2021 07:00,EDT,CAPITL,61757,30.73,0.21,-26.54,1
01-05-2021 08:00,EDT,CAPITL,61757,31.24,0.25,-26.36,1
01-05-2021 09:00,EDT,CAPITL,61757,31.31,0.28,-25.71,1
01-05-2021 10:00,EDT,CAPITL,61757,27.52,0.24,-22.14,1
01-05-2021 11:00,EDT,CAPITL,61757,27.5,0.23,-22.13,1
01-05-2021 12:00,EDT,CAPITL,61757,25.01,0.22,-19.73,1
01-05-2021 13:00,EDT,CAPITL,61757,25.16,0.18,-20.74,1
01-05-2021 14:00,EDT,CAPITL,61757,24.91,0.16,-20.89,1
01-05-2021 15:00,EDT,CAPITL,61757,24.96,0.16,-21.05,1
01-05-2021 16:00,EDT,CAPITL,61757,27.11,0.16,-23.4,1
01-05-2021 17:00,EDT,CAPITL,61757,31.31,0.19,-26.97,1
01-05-2021 18:00,EDT,CAPITL,61757,34.69,0.18,-30.69,1
01-05-2021 19:00,EDT,CAPITL,61757,39.21,0.17,-35.64,1
01-05-2021 20:00,EDT,CAPITL,61757,43.01,0.14,-40.18,1
01-05-2021 21:00,EDT,CAPITL,61757,37.01,0.16,-33.49,1
01-05-2021 22:00,EDT,CAPITL,61757,29.58,0.15,-26.17,1
01-05-2021 23:00,EDT,CAPITL,61757,30.47,0.05,-29.13,1
02-05-2021 00:00,EDT,CAPITL,61757,28.22,0.06,-26.72,1
02-05-2021 01:00,EDT,CAPITL,61757,26.47,0.05,-25.25,1
02-05-2021 02:00,EDT,CAPITL,61757,22.74,0.07,-21.06,1
02-05-2021 03:00,EDT,CAPITL,61757,22.25,0.07,-20.49,1
02-05-2021 04:00,EDT,CAPITL,61757,21.51,0.07,-19.65,1
02-05-2021 05:00,EDT,CAPITL,61757,23.35,0.06,-21.73,1
02-05-2021 06:00,EDT,CAPITL,61757,25.93,0.05,-24.59,1
02-05-2021 07:00,EDT,CAPITL,61757,27.1,0.05,-25.76,1
02-05-2021 08:00,EDT,CAPITL,61757,27.92,0.1,-25.55,1
02-05-2021 09:00,EDT,CAPITL,61757,28.2,0.16,-24.17,1
02-05-2021 10:00,EDT,CAPITL,61757,24.7,0.19,-20.09,1
02-05-2021 11:00,EDT,CAPITL,61757,25.38,0.2,-20.54,1
02-05-2021 12:00,EDT,CAPITL,61757,24.86,0.19,-19.95,1
02-05-2021 13:00,EDT,CAPITL,61757,25.23,0.19,-20.34,1
02-05-2021 14:00,EDT,CAPITL,61757,25.63,0.18,-20.83,1
02-05-2021 15:00,EDT,CAPITL,61757,24.97,0.19,-19.84,1
02-05-2021 16:00,EDT,CAPITL,61757,27.14,0.2,-22.1,1
02-05-2021 17:00,EDT,CAPITL,61757,34.25,0.29,-27.75,1
02-05-2021 18:00,EDT,CAPITL,61757,37.37,0.32,-30.32,1
02-05-2021 19:00,EDT,CAPITL,61757,40.86,0.29,-34.17,1
02-05-2021 20:00,EDT,CAPITL,61757,44.42,0.3,-37.71,1
02-05-2021 21:00,EDT,CAPITL,61757,34.33,0.3,-27.62,1
02-05-2021 22:00,EDT,CAPITL,61757,26.29,0.28,-19.63,1
02-05-2021 23:00,EDT,CAPITL,61757,25.75,0.19,-20.72,1
03-05-2021 00:00,EDT,CAPITL,61757,26.3,0.19,-21.29,1
03-05-2021 01:00,EDT,CAPITL,61757,23.12,0.18,-18.3,1
03-05-2021 02:00,EDT,CAPITL,61757,21.73,0.18,-16.92,1
03-05-2021 03:00,EDT,CAPITL,61757,21.26,0.19,-16.43,1
03-05-2021 04:00,EDT,CAPITL,61757,21.68,0.19,-16.62,1
03-05-2021 05:00,EDT,CAPITL,61757,24.91,0.25,-18.3,1
03-05-2021 06:00,EDT,CAPITL,61757,28.43,0.19,-23.47,1
03-05-2021 07:00,EDT,CAPITL,61757,32.78,0.35,-24.97,1
03-05-2021 08:00,EDT,CAPITL,61757,32.98,0.66,-19.76,1
03-05-2021 09:00,EDT,CAPITL,61757,33.62,0.66,-20.7,1
03-05-2021 10:00,EDT,CAPITL,61757,34.41,0.7,-21.5,1
03-05-2021 11:00,EDT,CAPITL,61757,34.28,0.74,-20.41,1
03-05-2021 12:00,EDT,CAPITL,61757,33.79,0.7,-19.89,1
03-05-2021 13:00,EDT,CAPITL,61757,34.04,0.63,-20.98,1
03-05-2021 14:00,EDT,CAPITL,61757,33.82,0.61,-20.96,1
03-05-2021 15:00,EDT,CAPITL,61757,34.14,0.61,-21.06,1
03-05-2021 16:00,EDT,CAPITL,61757,34.79,0.66,-22.12,1
03-05-2021 17:00,EDT,CAPITL,61757,45.7,0.62,-34.25,1
03-05-2021 18:00,EDT,CAPITL,61757,47.18,0.53,-36.57,1
03-05-2021 19:00,EDT,CAPITL,61757,45.4,0.43,-37.2,1
03-05-2021 20:00,EDT,CAPITL,61757,47.14,0.47,-38.26,1
03-05-2021 21:00,EDT,CAPITL,61757,37.76,0.37,-29.66,1
03-05-2021 22:00,EDT,CAPITL,61757,30.01,0.29,-23.3,1
03-05-2021 23:00,EDT,CAPITL,61757,27.34,0.28,-20.66,1
04-05-2021 00:00,EDT,CAPITL,61757,26.84,0.23,-21.1,1
04-05-2021 01:00,EDT,CAPITL,61757,23.59,0.19,-18.76,1
04-05-2021 02:00,EDT,CAPITL,61757,22.97,0.19,-18.14,1
04-05-2021 03:00,EDT,CAPITL,61757,22.71,0.2,-17.87,1
04-05-2021 04:00,EDT,CAPITL,61757,23.05,0.19,-18.32,1
04-05-2021 05:00,EDT,CAPITL,61757,25.8,0.2,-20.96,1
04-05-2021 06:00,EDT,CAPITL,61757,29.73,0.32,-22.52,1
04-05-2021 07:00,EDT,CAPITL,61757,32.42,0.36,-24.65,1
04-05-2021 08:00,EDT,CAPITL,61757,33.64,0.58,-21.46,1
04-05-2021 09:00,EDT,CAPITL,61757,35.26,0.57,-22.61,1
04-05-2021 10:00,EDT,CAPITL,61757,32.91,0.8,-16.95,1
04-05-2021 11:00,EDT,CAPITL,61757,32.33,0.88,-14.56,1
04-05-2021 12:00,EDT,CAPITL,61757,32.14,0.89,-13.87,1
04-05-2021 13:00,EDT,CAPITL,61757,34.68,0.79,-18.37,1
04-05-2021 14:00,EDT,CAPITL,61757,34.39,0.69,-18.32,1
04-05-2021 15:00,EDT,CAPITL,61757,37.2,0.52,-25.52,1
04-05-2021 16:00,EDT,CAPITL,61757,45.58,0.41,-37.08,1
04-05-2021 17:00,EDT,CAPITL,61757,53.45,0.54,-42.65,1
04-05-2021 18:00,EDT,CAPITL,61757,46.53,0.57,-34.03,1
04-05-2021 19:00,EDT,CAPITL,61757,42.87,0.68,-28.59,1
04-05-2021 20:00,EDT,CAPITL,61757,45.57,0.55,-34.31,1
04-05-2021 21:00,EDT,CAPITL,61757,38.58,0.37,-30.06,1
04-05-2021 22:00,EDT,CAPITL,61757,31.55,0.29,-24.31,1
04-05-2021 23:00,EDT,CAPITL,61757,28.56,0.27,-21.77,1
05-05-2021 00:00,EDT,CAPITL,61757,30.56,0.21,-25.63,1
05-05-2021 01:00,EDT,CAPITL,61757,27.27,0.16,-23.33,1
05-05-2021 02:00,EDT,CAPITL,61757,26.45,0.15,-22.52,1
05-05-2021 03:00,EDT,CAPITL,61757,25.58,0.17,-21.37,1
05-05-2021 04:00,EDT,CAPITL,61757,26.21,0.17,-22.18,1
05-05-2021 05:00,EDT,CAPITL,61757,26.43,0.18,-22.17,1
05-05-2021 06:00,EDT,CAPITL,61757,31.2,0.33,-23.91,1
05-05-2021 07:00,EDT,CAPITL,61757,36.08,0.42,-27.22,1
05-05-2021 08:00,EDT,CAPITL,61757,35.23,0.56,-22.58,1
05-05-2021 09:00,EDT,CAPITL,61757,37.54,0.68,-21.71,1
05-05-2021 10:00,EDT,CAPITL,61757,33.69,0.87,-15.49,1
05-05-2021 11:00,EDT,CAPITL,61757,33.87,0.78,-17.13,1
05-05-2021 12:00,EDT,CAPITL,61757,34.21,0.76,-17.91,1
05-05-2021 13:00,EDT,CAPITL,61757,35.05,0.71,-20.14,1
05-05-2021 14:00,EDT,CAPITL,61757,34.14,0.57,-21.43,1
05-05-2021 15:00,EDT,CAPITL,61757,34.78,0.49,-23.59,1
05-05-2021 16:00,EDT,CAPITL,61757,39.6,0.46,-29.68,1
05-05-2021 17:00,EDT,CAPITL,61757,45.98,0.5,-35.45,1
05-05-2021 18:00,EDT,CAPITL,61757,41.53,0.54,-30.16,1
05-05-2021 19:00,EDT,CAPITL,61757,40.23,0.61,-27.91,1
05-05-2021 20:00,EDT,CAPITL,61757,43.11,0.6,-30.43,1
05-05-2021 21:00,EDT,CAPITL,61757,34.73,0.51,-23.16,1
05-05-2021 22:00,EDT,CAPITL,61757,29.91,0.41,-20.06,1
05-05-2021 23:00,EDT,CAPITL,61757,27.87,0.33,-19.57,1
06-05-2021 00:00,EDT,CAPITL,61757,27.22,0.22,-21.6,1
06-05-2021 01:00,EDT,CAPITL,61757,24.56,0.21,-19.23,1
06-05-2021 02:00,EDT,CAPITL,61757,23.41,0.18,-18.81,1
06-05-2021 03:00,EDT,CAPITL,61757,23.41,0.17,-18.87,1
06-05-2021 04:00,EDT,CAPITL,61757,22.98,0.2,-18.25,1
06-05-2021 05:00,EDT,CAPITL,61757,24.95,0.48,-14.56,1
06-05-2021 06:00,EDT,CAPITL,61757,30.61,0.55,-18.18,1
06-05-2021 07:00,EDT,CAPITL,61757,31.14,0.59,-18.06,1
06-05-2021 08:00,EDT,CAPITL,61757,27.24,1.09,-3.47,1
06-05-2021 09:00,EDT,CAPITL,61757,25.66,1.05,-1.81,1
06-05-2021 10:00,EDT,CAPITL,61757,24.67,1.08,-0.15,1
06-05-2021 11:00,EDT,CAPITL,61757,27.13,0.81,-8.27,1
06-05-2021 12:00,EDT,CAPITL,61757,27.18,0.72,-10.57,1
06-05-2021 13:00,EDT,CAPITL,61757,27.1,0.64,-11.47,1
06-05-2021 14:00,EDT,CAPITL,61757,26.24,0.64,-11.46,1
06-05-2021 15:00,EDT,CAPITL,61757,27.43,0.6,-13.26,1
06-05-2021 16:00,EDT,CAPITL,61757,27.86,0.69,-12.57,1
06-05-2021 17:00,EDT,CAPITL,61757,32.48,0.95,-12.44,1
06-05-2021 18:00,EDT,CAPITL,61757,32.24,1.08,-10.76,1
06-05-2021 19:00,EDT,CAPITL,61757,35.35,1.08,-13.87,1
06-05-2021 20:00,EDT,CAPITL,61757,37.81,1.16,-14.29,1
06-05-2021 21:00,EDT,CAPITL,61757,31.34,0.8,-14.11,1
06-05-2021 22:00,EDT,CAPITL,61757,25.99,0.85,-9.41,1
06-05-2021 23:00,EDT,CAPITL,61757,26.04,0.55,-13.74,1
07-05-2021 00:00,EDT,CAPITL,61757,27.77,0.66,-15.37,1
07-05-2021 01:00,EDT,CAPITL,61757,25.89,0.55,-15.33,1
07-05-2021 02:00,EDT,CAPITL,61757,25.69,0.48,-16.57,1
07-05-2021 03:00,EDT,CAPITL,61757,25.71,0.41,-17.66,1
07-05-2021 04:00,EDT,CAPITL,61757,24.67,0.61,-13.2,1
07-05-2021 05:00,EDT,CAPITL,61757,25.34,0.62,-13.91,1
07-05-2021 06:00,EDT,CAPITL,61757,32.22,0.62,-20.71,1
07-05-2021 07:00,EDT,CAPITL,61757,31.13,1.4,-6.42,1
07-05-2021 08:00,EDT,CAPITL,61757,28.47,1.56,0,1
07-05-2021 09:00,EDT,CAPITL,61757,29.45,1.41,-4.49,1
07-05-2021 10:00,EDT,CAPITL,61757,25.58,1.38,-1.57,1
07-05-2021 11:00,EDT,CAPITL,61757,25.52,1.36,-1.54,1
07-05-2021 12:00,EDT,CAPITL,61757,25.55,1.32,-2.56,1
07-05-2021 13:00,EDT,CAPITL,61757,25.82,1.3,-3.62,1
07-05-2021 14:00,EDT,CAPITL,61757,25.74,1.16,-4.97,1
07-05-2021 15:00,EDT,CAPITL,61757,25.87,1.12,-6.03,1
07-05-2021 16:00,EDT,CAPITL,61757,31.67,0.85,-16.39,1
07-05-2021 17:00,EDT,CAPITL,61757,32.94,1.14,-13.69,1
07-05-2021 18:00,EDT,CAPITL,61757,32.8,1.18,-12.63,1
07-05-2021 19:00,EDT,CAPITL,61757,33.06,1.31,-11.32,1
07-05-2021 20:00,EDT,CAPITL,61757,35.78,1.45,-11.67,1
07-05-2021 21:00,EDT,CAPITL,61757,31.54,0.97,-14.97,1
07-05-2021 22:00,EDT,CAPITL,61757,27.28,0.79,-13.11,1
07-05-2021 23:00,EDT,CAPITL,61757,26.6,0.61,-14.44,1
08-05-2021 00:00,EDT,CAPITL,61757,28.1,0.56,-17.35,1
08-05-2021 01:00,EDT,CAPITL,61757,26.47,0.43,-18.3,1
08-05-2021 02:00,EDT,CAPITL,61757,25.97,0.4,-18.26,1
08-05-2021 03:00,EDT,CAPITL,61757,25.55,0.37,-18.22,1
08-05-2021 04:00,EDT,CAPITL,61757,25.64,0.27,-20.35,1
08-05-2021 05:00,EDT,CAPITL,61757,25.5,0.43,-17.28,1
08-05-2021 06:00,EDT,CAPITL,61757,29.54,0.26,-24.79,1
08-05-2021 07:00,EDT,CAPITL,61757,28.45,0.24,-23.77,1
08-05-2021 08:00,EDT,CAPITL,61757,26.81,0.42,-19.2,1
08-05-2021 09:00,EDT,CAPITL,61757,25.19,0.4,-17.61,1
08-05-2021 10:00,EDT,CAPITL,61757,24.11,0.51,-14.71,1
08-05-2021 11:00,EDT,CAPITL,61757,24.22,0.58,-13.52,1
08-05-2021 12:00,EDT,CAPITL,61757,23.49,0.42,-15.6,1
08-05-2021 13:00,EDT,CAPITL,61757,23.59,0.36,-16.62,1
08-05-2021 14:00,EDT,CAPITL,61757,23.19,0.24,-18.46,1
08-05-2021 15:00,EDT,CAPITL,61757,23.79,0.24,-19.11,1
08-05-2021 16:00,EDT,CAPITL,61757,25.88,0.24,-21.2,1
08-05-2021 17:00,EDT,CAPITL,61757,31.51,0.4,-24.24,1
08-05-2021 18:00,EDT,CAPITL,61757,34.53,0.57,-24.5,1
08-05-2021 19:00,EDT,CAPITL,61757,36.94,0.58,-26.87,1
08-05-2021 20:00,EDT,CAPITL,61757,36.08,0.56,-25.84,1
08-05-2021 21:00,EDT,CAPITL,61757,29.49,0.61,-18.68,1
08-05-2021 22:00,EDT,CAPITL,61757,23.72,0.55,-13.38,1
08-05-2021 23:00,EDT,CAPITL,61757,27.4,0.39,-18.66,1
09-05-2021 00:00,EDT,CAPITL,61757,29.74,0.37,-22.57,1
09-05-2021 01:00,EDT,CAPITL,61757,27.14,0.24,-22.42,1
09-05-2021 02:00,EDT,CAPITL,61757,26.91,0.24,-22.13,1
09-05-2021 03:00,EDT,CAPITL,61757,25.92,0.22,-21.48,1
09-05-2021 04:00,EDT,CAPITL,61757,25.92,0.22,-21.49,1
09-05-2021 05:00,EDT,CAPITL,61757,25.34,0.32,-19.12,1
09-05-2021 06:00,EDT,CAPITL,61757,29.56,0.22,-25.1,1
09-05-2021 07:00,EDT,CAPITL,61757,27.4,0.23,-22.64,1
09-05-2021 08:00,EDT,CAPITL,61757,25.42,0.38,-17.58,1
09-05-2021 09:00,EDT,CAPITL,61757,24.14,0.36,-16.62,1
09-05-2021 10:00,EDT,CAPITL,61757,23.59,0.41,-14.87,1
09-05-2021 11:00,EDT,CAPITL,61757,24.1,0.42,-15.04,1
09-05-2021 12:00,EDT,CAPITL,61757,22.6,0.41,-13.72,1
09-05-2021 13:00,EDT,CAPITL,61757,22.54,0.39,-13.66,1
09-05-2021 14:00,EDT,CAPITL,61757,23.12,0.38,-14.35,1
09-05-2021 15:00,EDT,CAPITL,61757,23.74,0.43,-13.95,1
09-05-2021 16:00,EDT,CAPITL,61757,25.17,0.47,-15.16,1
09-05-2021 17:00,EDT,CAPITL,61757,30.11,0.62,-17.82,1
09-05-2021 18:00,EDT,CAPITL,61757,34.27,0.7,-21.02,1
09-05-2021 19:00,EDT,CAPITL,61757,36.96,0.71,-24.03,1
09-05-2021 20:00,EDT,CAPITL,61757,39.87,0.91,-23.19,1
09-05-2021 21:00,EDT,CAPITL,61757,30.68,0.65,-17.94,1
09-05-2021 22:00,EDT,CAPITL,61757,26.07,0.54,-15.3,1
09-05-2021 23:00,EDT,CAPITL,61757,26.01,0.47,-16.02,1
10-05-2021 00:00,EDT,CAPITL,61757,28.24,0.49,-18.34,1
10-05-2021 01:00,EDT,CAPITL,61757,26.59,0.4,-18.47,1
10-05-2021 02:00,EDT,CAPITL,61757,26.37,0.35,-19.13,1
10-05-2021 03:00,EDT,CAPITL,61757,26.63,0.33,-20.03,1
10-05-2021 04:00,EDT,CAPITL,61757,26.24,0.36,-18.98,1
10-05-2021 05:00,EDT,CAPITL,61757,26.33,0.53,-16.49,1
10-05-2021 06:00,EDT,CAPITL,61757,31.94,0.46,-23.66,1
10-05-2021 07:00,EDT,CAPITL,61757,33.35,0.74,-19.17,1
10-05-2021 08:00,EDT,CAPITL,61757,28.94,1.36,-1.45,1
10-05-2021 09:00,EDT,CAPITL,61757,31.08,1.18,-6.67,1
10-05-2021 10:00,EDT,CAPITL,61757,27.81,1.26,-5.11,1
10-05-2021 11:00,EDT,CAPITL,61757,28.68,1.04,-9.35,1
10-05-2021 12:00,EDT,CAPITL,61757,28.98,0.87,-11.95,1
10-05-2021 13:00,EDT,CAPITL,61757,28.35,0.73,-14.14,1
10-05-2021 14:00,EDT,CAPITL,61757,28.64,0.48,-18.64,1
10-05-2021 15:00,EDT,CAPITL,61757,28.07,0.57,-16.57,1
10-05-2021 16:00,EDT,CAPITL,61757,31.58,0.5,-21.85,1
10-05-2021 17:00,EDT,CAPITL,61757,37.91,0.56,-27.41,1
10-05-2021 18:00,EDT,CAPITL,61757,39,0.64,-26.71,1
10-05-2021 19:00,EDT,CAPITL,61757,40.29,0.76,-26.36,1
10-05-2021 20:00,EDT,CAPITL,61757,43.82,0.8,-29.77,1
10-05-2021 21:00,EDT,CAPITL,61757,33.22,0.55,-22.02,1
10-05-2021 22:00,EDT,CAPITL,61757,27.97,0.46,-18.39,1
10-05-2021 23:00,EDT,CAPITL,61757,27.42,0.36,-19.5,1
11-05-2021 00:00,EDT,CAPITL,61757,29.9,0.55,-19.46,1
11-05-2021 01:00,EDT,CAPITL,61757,28.34,0.39,-21.02,1
11-05-2021 02:00,EDT,CAPITL,61757,26.85,0.4,-19.31,1
11-05-2021 03:00,EDT,CAPITL,61757,26.55,0.39,-19.25,1
11-05-2021 04:00,EDT,CAPITL,61757,26.04,0.41,-18.35,1
11-05-2021 05:00,EDT,CAPITL,61757,27.34,0.64,-16.32,1
11-05-2021 06:00,EDT,CAPITL,61757,31.48,0.73,-18.78,1
11-05-2021 07:00,EDT,CAPITL,61757,34.14,0.69,-21.63,1
11-05-2021 08:00,EDT,CAPITL,61757,29.2,0.92,-12.15,1
11-05-2021 09:00,EDT,CAPITL,61757,27.57,0.75,-13.12,1
11-05-2021 10:00,EDT,CAPITL,61757,26,0.79,-11.62,1
11-05-2021 11:00,EDT,CAPITL,61757,26.73,0.72,-13.81,1
11-05-2021 12:00,EDT,CAPITL,61757,25.6,0.67,-12.92,1
11-05-2021 13:00,EDT,CAPITL,61757,25.6,0.66,-13.08,1
11-05-2021 14:00,EDT,CAPITL,61757,25.32,0.67,-12.69,1
11-05-2021 15:00,EDT,CAPITL,61757,26.25,0.68,-13.5,1
11-05-2021 16:00,EDT,CAPITL,61757,29.67,0.65,-17.94,1
11-05-2021 17:00,EDT,CAPITL,61757,35.44,0.76,-22.57,1
11-05-2021 18:00,EDT,CAPITL,61757,37.83,0.72,-25.16,1
11-05-2021 19:00,EDT,CAPITL,61757,38.08,0.84,-23.9,1
11-05-2021 20:00,EDT,CAPITL,61757,39.52,0.77,-26.77,1
11-05-2021 21:00,EDT,CAPITL,61757,31.74,0.72,-19.05,1
11-05-2021 22:00,EDT,CAPITL,61757,26.62,0.66,-14.1,1
11-05-2021 23:00,EDT,CAPITL,61757,25.87,0.61,-13.34,1
12-05-2021 00:00,EDT,CAPITL,61757,30.14,0.46,-21.37,1
12-05-2021 01:00,EDT,CAPITL,61757,26.62,0.41,-19.16,1
12-05-2021 02:00,EDT,CAPITL,61757,27.16,0.25,-22.29,1
12-05-2021 03:00,EDT,CAPITL,61757,25.8,0.38,-18.68,1
12-05-2021 04:00,EDT,CAPITL,61757,26.49,0.26,-21.59,1
12-05-2021 05:00,EDT,CAPITL,61757,27.53,0.51,-18.42,1
12-05-2021 06:00,EDT,CAPITL,61757,31.65,0.7,-19.4,1
12-05-2021 07:00,EDT,CAPITL,61757,35.82,0.99,-18.13,1
12-05-2021 08:00,EDT,CAPITL,61757,28.2,1.4,-2.19,1
12-05-2021 09:00,EDT,CAPITL,61757,25.86,1.14,-4.29,1
12-05-2021 10:00,EDT,CAPITL,61757,23.59,1.04,-4.9,1
12-05-2021 11:00,EDT,CAPITL,61757,24.63,0.84,-9.22,1
12-05-2021 12:00,EDT,CAPITL,61757,24.89,0.69,-11.68,1
12-05-2021 13:00,EDT,CAPITL,61757,24.93,0.63,-12.49,1
12-05-2021 14:00,EDT,CAPITL,61757,24.99,0.6,-12.67,1
12-05-2021 15:00,EDT,CAPITL,61757,25.16,0.51,-12.93,1
12-05-2021 16:00,EDT,CAPITL,61757,28.73,0.56,-16.36,1
12-05-2021 17:00,EDT,CAPITL,61757,34.43,0.62,-21.43,1
12-05-2021 18:00,EDT,CAPITL,61757,35.15,0.68,-21.38,1
12-05-2021 19:00,EDT,CAPITL,61757,36.94,0.79,-21.76,1
12-05-2021 20:00,EDT,CAPITL,61757,39.16,0.99,-19.15,1
12-05-2021 21:00,EDT,CAPITL,61757,34.94,0.8,-17.84,1
12-05-2021 22:00,EDT,CAPITL,61757,25.68,0.66,-11.97,1
12-05-2021 23:00,EDT,CAPITL,61757,24.86,0.77,-8.67,1
13-05-2021 00:00,EDT,CAPITL,61757,26.07,0.54,-15.88,1
13-05-2021 01:00,EDT,CAPITL,61757,24.78,0.44,-16.7,1
13-05-2021 02:00,EDT,CAPITL,61757,24.57,0.44,-16.42,1
13-05-2021 03:00,EDT,CAPITL,61757,23.95,0.44,-15.56,1
13-05-2021 04:00,EDT,CAPITL,61757,24.38,0.48,-15.56,1
13-05-2021 05:00,EDT,CAPITL,61757,25.09,0.55,-15.15,1
13-05-2021 06:00,EDT,CAPITL,61757,30.27,0.67,-18.69,1
13-05-2021 07:00,EDT,CAPITL,61757,30.29,0.95,-12.94,1
13-05-2021 08:00,EDT,CAPITL,61757,27.38,1.15,-6.42,1
13-05-2021 09:00,EDT,CAPITL,61757,23.32,1.18,-1.02,1
13-05-2021 10:00,EDT,CAPITL,61757,22.39,1.05,-2.54,1
13-05-2021 11:00,EDT,CAPITL,61757,23.51,0.88,-6.87,1
13-05-2021 12:00,EDT,CAPITL,61757,22.67,0.86,-5.92,1
13-05-2021 13:00,EDT,CAPITL,61757,22.99,0.83,-6.47,1
13-05-2021 14:00,EDT,CAPITL,61757,23.59,0.77,-8.06,1
13-05-2021 15:00,EDT,CAPITL,61757,23.96,0.71,-9.85,1
13-05-2021 16:00,EDT,CAPITL,61757,25.81,0.77,-11.01,1
13-05-2021 17:00,EDT,CAPITL,61757,32.56,0.88,-16.24,1
13-05-2021 18:00,EDT,CAPITL,61757,31.72,0.98,-13.81,1
13-05-2021 19:00,EDT,CAPITL,61757,34.17,1.05,-15.53,1
13-05-2021 20:00,EDT,CAPITL,61757,40.04,1.03,-22.33,1
13-05-2021 21:00,EDT,CAPITL,61757,32.65,1.02,-14.58,1
13-05-2021 22:00,EDT,CAPITL,61757,26.85,0.77,-12.35,1
13-05-2021 23:00,EDT,CAPITL,61757,24.39,0.57,-11.94,1
14-05-2021 00:00,EDT,CAPITL,61757,27.37,0.69,-13.92,1
14-05-2021 01:00,EDT,CAPITL,61757,25.21,0.59,-14.14,1
14-05-2021 02:00,EDT,CAPITL,61757,25.48,0.43,-17.28,1
14-05-2021 03:00,EDT,CAPITL,61757,24.89,0.43,-16.72,1
14-05-2021 04:00,EDT,CAPITL,61757,24.82,0.46,-16.04,1
14-05-2021 05:00,EDT,CAPITL,61757,24.48,0.79,-10.02,1
14-05-2021 06:00,EDT,CAPITL,61757,28.19,0.84,-13.09,1
14-05-2021 07:00,EDT,CAPITL,61757,29.17,0.98,-10.44,1
14-05-2021 08:00,EDT,CAPITL,61757,26.45,1.13,-5.5,1
14-05-2021 09:00,EDT,CAPITL,61757,24.46,1.07,-4.24,1
14-05-2021 10:00,EDT,CAPITL,61757,23.9,0.8,-8.87,1
14-05-2021 11:00,EDT,CAPITL,61757,22.74,1.17,-1.31,1
14-05-2021 12:00,EDT,CAPITL,61757,22.02,1.15,0,1
14-05-2021 13:00,EDT,CAPITL,61757,22.5,1.15,0,1
14-05-2021 14:00,EDT,CAPITL,61757,23.17,0.89,-5.85,1
14-05-2021 15:00,EDT,CAPITL,61757,24.01,0.89,-6.65,1
14-05-2021 16:00,EDT,CAPITL,61757,26.41,0.89,-9.98,1
14-05-2021 17:00,EDT,CAPITL,61757,35.29,0.89,-18.72,1
14-05-2021 18:00,EDT,CAPITL,61757,33.8,1.05,-15.22,1
14-05-2021 19:00,EDT,CAPITL,61757,36.35,0.83,-21.88,1
14-05-2021 20:00,EDT,CAPITL,61757,37.24,0.94,-20.71,1
14-05-2021 21:00,EDT,CAPITL,61757,30.3,1.06,-12.2,1
14-05-2021 22:00,EDT,CAPITL,61757,24.84,0.84,-8.9,1
14-05-2021 23:00,EDT,CAPITL,61757,24.17,0.74,-9.11,1
15-05-2021 00:00,EDT,CAPITL,61757,28.6,0.29,-23.03,1
15-05-2021 01:00,EDT,CAPITL,61757,27.21,0.23,-22.98,1
15-05-2021 02:00,EDT,CAPITL,61757,26.09,0.24,-21.55,1
15-05-2021 03:00,EDT,CAPITL,61757,25.7,0.14,-23.12,1
15-05-2021 04:00,EDT,CAPITL,61757,24.84,0.25,-20.25,1
15-05-2021 05:00,EDT,CAPITL,61757,24.77,0.26,-19.86,1
15-05-2021 06:00,EDT,CAPITL,61757,25.79,0.26,-21.07,1
15-05-2021 07:00,EDT,CAPITL,61757,24.7,0.31,-18.15,1
15-05-2021 08:00,EDT,CAPITL,61757,23.72,0.46,-14.17,1
15-05-2021 09:00,EDT,CAPITL,61757,22.59,0.55,-11.01,1
15-05-2021 10:00,EDT,CAPITL,61757,21.98,0.55,-10.54,1
15-05-2021 11:00,EDT,CAPITL,61757,22.4,0.51,-11.56,1
15-05-2021 12:00,EDT,CAPITL,61757,21.64,0.49,-10.69,1
15-05-2021 13:00,EDT,CAPITL,61757,22.1,0.46,-11.75,1
15-05-2021 14:00,EDT,CAPITL,61757,22.57,0.4,-13.12,1
15-05-2021 15:00,EDT,CAPITL,61757,24.65,0.37,-16.51,1
15-05-2021 16:00,EDT,CAPITL,61757,26.99,0.27,-21.48,1
15-05-2021 17:00,EDT,CAPITL,61757,31.46,0.31,-25.05,1
15-05-2021 18:00,EDT,CAPITL,61757,32.33,0.4,-24.69,1
15-05-2021 19:00,EDT,CAPITL,61757,34.1,0.63,-22.43,1
15-05-2021 20:00,EDT,CAPITL,61757,37.38,0.62,-25.73,1
15-05-2021 21:00,EDT,CAPITL,61757,30.73,0.61,-19.07,1
15-05-2021 22:00,EDT,CAPITL,61757,25.93,0.58,-14.63,1
15-05-2021 23:00,EDT,CAPITL,61757,25.63,0.37,-17.62,1
16-05-2021 00:00,EDT,CAPITL,61757,28.29,0.22,-24,1
16-05-2021 01:00,EDT,CAPITL,61757,24.36,0.25,-19.5,1
16-05-2021 02:00,EDT,CAPITL,61757,24.07,0.25,-19.17,1
16-05-2021 03:00,EDT,CAPITL,61757,22.8,0.26,-17.79,1
16-05-2021 04:00,EDT,CAPITL,61757,22.88,0.23,-18.44,1
16-05-2021 05:00,EDT,CAPITL,61757,23.4,0.26,-18.36,1
16-05-2021 06:00,EDT,CAPITL,61757,22.75,0.27,-17.57,1
16-05-2021 07:00,EDT,CAPITL,61757,21.96,0.27,-16.65,1
16-05-2021 08:00,EDT,CAPITL,61757,21.24,0.29,-15.54,1
16-05-2021 09:00,EDT,CAPITL,61757,21.25,0.35,-14.49,1
16-05-2021 10:00,EDT,CAPITL,61757,22.7,0.29,-16.91,1
16-05-2021 11:00,EDT,CAPITL,61757,22.95,0.27,-17.35,1
16-05-2021 12:00,EDT,CAPITL,61757,22.32,0.37,-14.59,1
16-05-2021 13:00,EDT,CAPITL,61757,24.11,0.25,-18.69,1
16-05-2021 14:00,EDT,CAPITL,61757,23.81,0.23,-18.48,1
16-05-2021 15:00,EDT,CAPITL,61757,25.14,0.25,-19.72,1
16-05-2021 16:00,EDT,CAPITL,61757,26.52,0.33,-19.84,1
16-05-2021 17:00,EDT,CAPITL,61757,34.17,0.35,-26.45,1
16-05-2021 18:00,EDT,CAPITL,61757,37.13,0.37,-29.39,1
16-05-2021 19:00,EDT,CAPITL,61757,38.64,0.65,-26.43,1
16-05-2021 20:00,EDT,CAPITL,61757,40.76,0.62,-28.58,1
16-05-2021 21:00,EDT,CAPITL,61757,34.01,0.63,-20.58,1
16-05-2021 22:00,EDT,CAPITL,61757,25.35,0.44,-15.47,1
16-05-2021 23:00,EDT,CAPITL,61757,25.14,0.32,-16.7,1
17-05-2021 00:00,EDT,CAPITL,61757,29.79,0.21,-25.82,1
17-05-2021 01:00,EDT,CAPITL,61757,27.49,0.23,-23.14,1
17-05-2021 02:00,EDT,CAPITL,61757,24.93,0.23,-20.61,1
17-05-2021 03:00,EDT,CAPITL,61757,23.68,0.25,-18.91,1
17-05-2021 04:00,EDT,CAPITL,61757,24.8,0.25,-20.06,1
17-05-2021 05:00,EDT,CAPITL,61757,27.84,0.21,-23.78,1
17-05-2021 06:00,EDT,CAPITL,61757,29.79,0.41,-22.27,1
17-05-2021 07:00,EDT,CAPITL,61757,28.45,0.7,-14.23,1
17-05-2021 08:00,EDT,CAPITL,61757,27.84,0.99,-7.84,1
17-05-2021 09:00,EDT,CAPITL,61757,29.27,1.01,-8.35,1
17-05-2021 10:00,EDT,CAPITL,61757,25.25,1.15,-3.09,1
17-05-2021 11:00,EDT,CAPITL,61757,26.39,1.28,-2.58,1
17-05-2021 12:00,EDT,CAPITL,61757,27.99,1.02,-8.47,1
17-05-2021 13:00,EDT,CAPITL,61757,30.59,0.84,-13.04,1
17-05-2021 14:00,EDT,CAPITL,61757,30.6,0.68,-15.21,1
17-05-2021 15:00,EDT,CAPITL,61757,29.92,0.63,-16.1,1
17-05-2021 16:00,EDT,CAPITL,61757,31.14,0.72,-16.39,1
17-05-2021 17:00,EDT,CAPITL,61757,37.95,0.98,-18.79,1
17-05-2021 18:00,EDT,CAPITL,61757,38.4,1,-18.54,1
17-05-2021 19:00,EDT,CAPITL,61757,36.76,1,-17.51,1
17-05-2021 20:00,EDT,CAPITL,61757,38.47,1.17,-16.31,1
17-05-2021 21:00,EDT,CAPITL,61757,32.85,0.97,-14.8,1
17-05-2021 22:00,EDT,CAPITL,61757,27.14,0.8,-12.32,1
17-05-2021 23:00,EDT,CAPITL,61757,25.66,0.66,-12.91,1
18-05-2021 00:00,EDT,CAPITL,61757,27.95,0.43,-19.92,1
18-05-2021 01:00,EDT,CAPITL,61757,26.88,0.28,-21.55,1
18-05-2021 02:00,EDT,CAPITL,61757,24.82,0.25,-20.05,1
18-05-2021 03:00,EDT,CAPITL,61757,25.04,0.23,-20.75,1
18-05-2021 04:00,EDT,CAPITL,61757,24.04,0.23,-19.53,1
18-05-2021 05:00,EDT,CAPITL,61757,25.58,0.4,-18.29,1
18-05-2021 06:00,EDT,CAPITL,61757,30.22,0.45,-22.26,1
18-05-2021 07:00,EDT,CAPITL,61757,28.68,0.83,-13.58,1
18-05-2021 08:00,EDT,CAPITL,61757,26.43,1.17,-6.96,1
18-05-2021 09:00,EDT,CAPITL,61757,26.68,1.07,-8.33,1
18-05-2021 10:00,EDT,CAPITL,61757,25,1.42,-1.49,1
18-05-2021 11:00,EDT,CAPITL,61757,26.77,1.36,-4.11,1
18-05-2021 12:00,EDT,CAPITL,61757,27.55,1.28,-6.33,1
18-05-2021 13:00,EDT,CAPITL,61757,28.28,1.18,-8.1,1
18-05-2021 14:00,EDT,CAPITL,61757,28.16,1.04,-7.84,1
18-05-2021 15:00,EDT,CAPITL,61757,29.96,1.07,-10.06,1
18-05-2021 16:00,EDT,CAPITL,61757,31.9,1.06,-12.27,1
18-05-2021 17:00,EDT,CAPITL,61757,36.53,1.41,-11.16,1
18-05-2021 18:00,EDT,CAPITL,61757,36.38,1.46,-11.05,1
18-05-2021 19:00,EDT,CAPITL,61757,36.54,1.45,-12.1,1
18-05-2021 20:00,EDT,CAPITL,61757,37.8,1.42,-14.52,1
18-05-2021 21:00,EDT,CAPITL,61757,32.2,1.13,-13.09,1
18-05-2021 22:00,EDT,CAPITL,61757,27.41,0.88,-11.69,1
18-05-2021 23:00,EDT,CAPITL,61757,24.84,0.75,-10.73,1
19-05-2021 00:00,EDT,CAPITL,61757,32.5,0.4,-25.68,1
19-05-2021 01:00,EDT,CAPITL,61757,30.93,0.32,-25.53,1
19-05-2021 02:00,EDT,CAPITL,61757,28.66,0.22,-24.7,1
19-05-2021 03:00,EDT,CAPITL,61757,28.13,0.23,-24.12,1
19-05-2021 04:00,EDT,CAPITL,61757,26.99,0.27,-22.28,1
19-05-2021 05:00,EDT,CAPITL,61757,26.59,0.61,-16.47,1
19-05-2021 06:00,EDT,CAPITL,61757,30.71,0.83,-16.77,1
19-05-2021 07:00,EDT,CAPITL,61757,28.84,1.27,-7.42,1
19-05-2021 08:00,EDT,CAPITL,61757,27.47,1.49,-3.82,1
19-05-2021 09:00,EDT,CAPITL,61757,26.91,1.67,-1.36,1
19-05-2021 10:00,EDT,CAPITL,61757,27.93,1.67,-1.27,1
19-05-2021 11:00,EDT,CAPITL,61757,28.4,1.96,0.49,1
19-05-2021 12:00,EDT,CAPITL,61757,29.23,1.77,-0.56,1
19-05-2021 13:00,EDT,CAPITL,61757,30.84,1.81,-1.99,1
19-05-2021 14:00,EDT,CAPITL,61757,31.71,1.84,-3.52,1
19-05-2021 15:00,EDT,CAPITL,61757,34.04,2.04,-3.32,1
19-05-2021 16:00,EDT,CAPITL,61757,38.83,2.34,-3.97,1
19-05-2021 17:00,EDT,CAPITL,61757,51.44,2.37,-17.07,1
19-05-2021 18:00,EDT,CAPITL,61757,52.49,2.08,-22.33,1
19-05-2021 19:00,EDT,CAPITL,61757,45.41,2.15,-13.74,1
19-05-2021 20:00,EDT,CAPITL,61757,44.64,2.21,-12.52,1
19-05-2021 21:00,EDT,CAPITL,61757,36.64,1.68,-10.63,1
19-05-2021 22:00,EDT,CAPITL,61757,29.78,1.26,-8.12,1
19-05-2021 23:00,EDT,CAPITL,61757,26.91,1.26,-6.83,1
20-05-2021 00:00,EDT,CAPITL,61757,29.77,0.85,-13.72,1
20-05-2021 01:00,EDT,CAPITL,61757,27.91,0.65,-15.4,1
20-05-2021 02:00,EDT,CAPITL,61757,26.04,0.57,-15.17,1
20-05-2021 03:00,EDT,CAPITL,61757,25.51,0.51,-15.49,1
20-05-2021 04:00,EDT,CAPITL,61757,25.25,0.52,-15.26,1
20-05-2021 05:00,EDT,CAPITL,61757,26.7,0.62,-14.71,1
20-05-2021 06:00,EDT,CAPITL,61757,30.34,0.77,-15.21,1
20-05-2021 07:00,EDT,CAPITL,61757,27.67,1.17,-4.73,1
20-05-2021 08:00,EDT,CAPITL,61757,26.24,1.44,-1.22,1
20-05-2021 09:00,EDT,CAPITL,61757,28.33,1.56,-0.24,1
20-05-2021 10:00,EDT,CAPITL,61757,28.77,1.66,-0.29,1
20-05-2021 11:00,EDT,CAPITL,61757,30.15,1.79,0.06,1
20-05-2021 12:00,EDT,CAPITL,61757,30.42,1.87,0.59,1
20-05-2021 13:00,EDT,CAPITL,61757,32.56,2.14,1.01,1
20-05-2021 14:00,EDT,CAPITL,61757,33.37,2.27,0.9,1
20-05-2021 15:00,EDT,CAPITL,61757,35.51,2.43,1.15,1
20-05-2021 16:00,EDT,CAPITL,61757,47.98,2.5,-13.07,1
20-05-2021 17:00,EDT,CAPITL,61757,55.1,2.75,-18.34,1
20-05-2021 18:00,EDT,CAPITL,61757,53.69,2.32,-22.78,1
20-05-2021 19:00,EDT,CAPITL,61757,44.7,2.27,-13.34,1
20-05-2021 20:00,EDT,CAPITL,61757,46.11,2.06,-16.87,1
20-05-2021 21:00,EDT,CAPITL,61757,33.78,1.99,-5.33,1
20-05-2021 22:00,EDT,CAPITL,61757,28.31,1.43,-4.53,1
20-05-2021 23:00,EDT,CAPITL,61757,27.04,1.1,-7.25,1
21-05-2021 00:00,EDT,CAPITL,61757,25.74,1.09,-6.19,1
21-05-2021 01:00,EDT,CAPITL,61757,25,0.76,-11.41,1
21-05-2021 02:00,EDT,CAPITL,61757,24.11,0.62,-12.45,1
21-05-2021 03:00,EDT,CAPITL,61757,23.98,0.57,-13.15,1
21-05-2021 04:00,EDT,CAPITL,61757,23.88,0.56,-13.19,1
21-05-2021 05:00,EDT,CAPITL,61757,24.43,0.74,-10.64,1
21-05-2021 06:00,EDT,CAPITL,61757,26.45,0.99,-8.11,1
21-05-2021 07:00,EDT,CAPITL,61757,26.25,1.17,-5.22,1
21-05-2021 08:00,EDT,CAPITL,61757,25.33,1.49,0.26,1
21-05-2021 09:00,EDT,CAPITL,61757,26.85,1.57,0.45,1
21-05-2021 10:00,EDT,CAPITL,61757,27.13,1.51,0.35,1
21-05-2021 11:00,EDT,CAPITL,61757,28.01,1.61,0.39,1
21-05-2021 12:00,EDT,CAPITL,61757,29.06,1.71,0.62,1
21-05-2021 13:00,EDT,CAPITL,61757,30.32,1.83,0.62,1
21-05-2021 14:00,EDT,CAPITL,61757,30.17,1.81,0.84,1
21-05-2021 15:00,EDT,CAPITL,61757,33.33,2.14,0.74,1
21-05-2021 16:00,EDT,CAPITL,61757,36.86,2.53,0.74,1
21-05-2021 17:00,EDT,CAPITL,61757,39.18,2.69,0.31,1
21-05-2021 18:00,EDT,CAPITL,61757,36.82,2.68,0.26,1
21-05-2021 19:00,EDT,CAPITL,61757,32.11,2.29,0.29,1
21-05-2021 20:00,EDT,CAPITL,61757,31.51,2.15,0.18,1
21-05-2021 21:00,EDT,CAPITL,61757,26.95,1.71,-2.18,1
21-05-2021 22:00,EDT,CAPITL,61757,25.33,1.49,-0.64,1
21-05-2021 23:00,EDT,CAPITL,61757,25.26,1.2,-4.38,1
22-05-2021 00:00,EDT,CAPITL,61757,29.37,0.82,-15.83,1
22-05-2021 01:00,EDT,CAPITL,61757,26.96,0.61,-16.81,1
22-05-2021 02:00,EDT,CAPITL,61757,26.61,0.38,-20.06,1
22-05-2021 03:00,EDT,CAPITL,61757,25.28,0.39,-18.57,1
22-05-2021 04:00,EDT,CAPITL,61757,25.35,0.27,-20.56,1
22-05-2021 05:00,EDT,CAPITL,61757,26.01,0.26,-21.34,1
22-05-2021 06:00,EDT,CAPITL,61757,27.23,0.25,-22.58,1
22-05-2021 07:00,EDT,CAPITL,61757,26.38,0.44,-18.28,1
22-05-2021 08:00,EDT,CAPITL,61757,25.46,1.1,-7.4,1
22-05-2021 09:00,EDT,CAPITL,61757,25.96,1.3,-4.73,1
22-05-2021 10:00,EDT,CAPITL,61757,24.62,1.56,-0.18,1
22-05-2021 11:00,EDT,CAPITL,61757,25.33,1.7,0,1
22-05-2021 12:00,EDT,CAPITL,61757,26.53,1.71,0,1
22-05-2021 13:00,EDT,CAPITL,61757,27.9,1.92,0.69,1
22-05-2021 14:00,EDT,CAPITL,61757,26.99,1.87,0.19,1
22-05-2021 15:00,EDT,CAPITL,61757,30,1.6,-7.1,1
22-05-2021 16:00,EDT,CAPITL,61757,37.44,1.67,-14.09,1
22-05-2021 17:00,EDT,CAPITL,61757,35.55,2.32,-3.87,1
22-05-2021 18:00,EDT,CAPITL,61757,37.09,2.35,-5.02,1
22-05-2021 19:00,EDT,CAPITL,61757,33.81,2.06,-5.37,1
22-05-2021 20:00,EDT,CAPITL,61757,34.54,2.18,-4.49,1
22-05-2021 21:00,EDT,CAPITL,61757,28.78,1.87,-2.34,1
22-05-2021 22:00,EDT,CAPITL,61757,29.4,1.34,-8.98,1
22-05-2021 23:00,EDT,CAPITL,61757,28.2,1.11,-10.46,1
23-05-2021 00:00,EDT,CAPITL,61757,32.63,0.63,-22.23,1
23-05-2021 01:00,EDT,CAPITL,61757,31.19,0.51,-22.54,1
23-05-2021 02:00,EDT,CAPITL,61757,30.29,0.29,-25.24,1
23-05-2021 03:00,EDT,CAPITL,61757,30.31,0.28,-25.36,1
23-05-2021 04:00,EDT,CAPITL,61757,28.03,0.28,-23.08,1
23-05-2021 05:00,EDT,CAPITL,61757,27.66,0.28,-22.71,1
23-05-2021 06:00,EDT,CAPITL,61757,26.95,0.26,-21.86,1
23-05-2021 07:00,EDT,CAPITL,61757,27.89,0.35,-21.08,1
23-05-2021 08:00,EDT,CAPITL,61757,26.19,0.96,-9,1
23-05-2021 09:00,EDT,CAPITL,61757,27.85,1.23,-7.06,1
23-05-2021 10:00,EDT,CAPITL,61757,29.5,1.41,-8.01,1
23-05-2021 11:00,EDT,CAPITL,61757,32.19,1.45,-9.97,1
23-05-2021 12:00,EDT,CAPITL,61757,29.74,1.66,-5.71,1
23-05-2021 13:00,EDT,CAPITL,61757,34.75,1.28,-13.76,1
23-05-2021 14:00,EDT,CAPITL,61757,34.95,1.41,-12.48,1
23-05-2021 15:00,EDT,CAPITL,61757,44.31,1.34,-23.21,1
23-05-2021 16:00,EDT,CAPITL,61757,44.75,1.57,-20.81,1
23-05-2021 17:00,EDT,CAPITL,61757,55.11,1.54,-31.84,1
23-05-2021 18:00,EDT,CAPITL,61757,46.71,1.74,-20.13,1
23-05-2021 19:00,EDT,CAPITL,61757,43.62,1.59,-19.3,1
23-05-2021 20:00,EDT,CAPITL,61757,45.38,1.53,-21.35,1
23-05-2021 21:00,EDT,CAPITL,61757,35.09,1.18,-14.96,1
23-05-2021 22:00,EDT,CAPITL,61757,33.13,0.82,-16.81,1
23-05-2021 23:00,EDT,CAPITL,61757,32.17,0.64,-19.39,1
24-05-2021 00:00,EDT,CAPITL,61757,31.19,0.42,-22.96,1
24-05-2021 01:00,EDT,CAPITL,61757,29.14,0.24,-24.56,1
24-05-2021 02:00,EDT,CAPITL,61757,26.2,0.24,-21.63,1
24-05-2021 03:00,EDT,CAPITL,61757,26.19,0.24,-21.61,1
24-05-2021 04:00,EDT,CAPITL,61757,25.85,0.24,-21.21,1
24-05-2021 05:00,EDT,CAPITL,61757,26.51,0.32,-20.37,1
24-05-2021 06:00,EDT,CAPITL,61757,29.58,0.41,-21.48,1
24-05-2021 07:00,EDT,CAPITL,61757,30.2,0.61,-18.05,1
24-05-2021 08:00,EDT,CAPITL,61757,27.88,0.82,-12.68,1
24-05-2021 09:00,EDT,CAPITL,61757,26.03,1.26,-5.16,1
24-05-2021 10:00,EDT,CAPITL,61757,24.5,1.36,-2.87,1
24-05-2021 11:00,EDT,CAPITL,61757,25.36,1.7,0.32,1
24-05-2021 12:00,EDT,CAPITL,61757,24.38,1.57,0,1
24-05-2021 13:00,EDT,CAPITL,61757,24.66,1.63,0.21,1
24-05-2021 14:00,EDT,CAPITL,61757,25.18,1.68,0.21,1
24-05-2021 15:00,EDT,CAPITL,61757,25.35,1.66,0.04,1
24-05-2021 16:00,EDT,CAPITL,61757,26.83,1.75,0,1
24-05-2021 17:00,EDT,CAPITL,61757,31.63,1.82,-4.51,1
24-05-2021 18:00,EDT,CAPITL,61757,32.5,1.78,-6.29,1
24-05-2021 19:00,EDT,CAPITL,61757,32.8,1.7,-7.49,1
24-05-2021 20:00,EDT,CAPITL,61757,31,1.78,-5.54,1
24-05-2021 21:00,EDT,CAPITL,61757,28.69,1.31,-8.36,1
24-05-2021 22:00,EDT,CAPITL,61757,26.84,0.96,-9.91,1
24-05-2021 23:00,EDT,CAPITL,61757,26.68,0.55,-15.91,1
25-05-2021 00:00,EDT,CAPITL,61757,29.02,0.39,-21.54,1
25-05-2021 01:00,EDT,CAPITL,61757,27.5,0.26,-22.84,1
25-05-2021 02:00,EDT,CAPITL,61757,26.81,0.26,-22.18,1
25-05-2021 03:00,EDT,CAPITL,61757,26.28,0.26,-21.69,1
25-05-2021 04:00,EDT,CAPITL,61757,26.25,0.26,-21.6,1
25-05-2021 05:00,EDT,CAPITL,61757,26.95,0.26,-22.29,1
25-05-2021 06:00,EDT,CAPITL,61757,30.77,0.39,-24.13,1
25-05-2021 07:00,EDT,CAPITL,61757,29.17,0.84,-15.14,1
25-05-2021 08:00,EDT,CAPITL,61757,29.84,0.96,-13.89,1
25-05-2021 09:00,EDT,CAPITL,61757,27,1.35,-5.87,1
25-05-2021 10:00,EDT,CAPITL,61757,27.1,1.35,-5.63,1
25-05-2021 11:00,EDT,CAPITL,61757,27.26,1.47,-4.22,1
25-05-2021 12:00,EDT,CAPITL,61757,27.91,1.47,-4.9,1
25-05-2021 13:00,EDT,CAPITL,61757,28.68,1.52,-6.01,1
25-05-2021 14:00,EDT,CAPITL,61757,28.5,1.65,-4.29,1
25-05-2021 15:00,EDT,CAPITL,61757,27.77,1.7,-2.79,1
25-05-2021 16:00,EDT,CAPITL,61757,29.68,1.87,-2.23,1
25-05-2021 17:00,EDT,CAPITL,61757,31.96,2.08,-0.55,1
25-05-2021 18:00,EDT,CAPITL,61757,32.78,2.15,-0.77,1
25-05-2021 19:00,EDT,CAPITL,61757,32.85,1.95,-3.79,1
25-05-2021 20:00,EDT,CAPITL,61757,32.73,2.04,-3.84,1
25-05-2021 21:00,EDT,CAPITL,61757,31.15,1.48,-9.12,1
25-05-2021 22:00,EDT,CAPITL,61757,30.19,0.96,-13.81,1
25-05-2021 23:00,EDT,CAPITL,61757,27.69,0.81,-13.45,1
26-05-2021 00:00,EDT,CAPITL,61757,31.28,0.45,-23.96,1
26-05-2021 01:00,EDT,CAPITL,61757,30.77,0.32,-25.43,1
26-05-2021 02:00,EDT,CAPITL,61757,29.08,0.31,-23.87,1
26-05-2021 03:00,EDT,CAPITL,61757,28.01,0.3,-22.83,1
26-05-2021 04:00,EDT,CAPITL,61757,28.09,0.31,-22.87,1
26-05-2021 05:00,EDT,CAPITL,61757,29.18,0.32,-23.95,1
26-05-2021 06:00,EDT,CAPITL,61757,31.4,0.62,-21.41,1
26-05-2021 07:00,EDT,CAPITL,61757,29.86,1.25,-10.98,1
26-05-2021 08:00,EDT,CAPITL,61757,29.63,1.48,-7.67,1
26-05-2021 09:00,EDT,CAPITL,61757,30.57,1.74,-5.98,1
26-05-2021 10:00,EDT,CAPITL,61757,29.05,1.85,-4.9,1
26-05-2021 11:00,EDT,CAPITL,61757,30.91,1.9,-4.68,1
26-05-2021 12:00,EDT,CAPITL,61757,32.88,1.98,-6.13,1
26-05-2021 13:00,EDT,CAPITL,61757,34.95,2.4,-3.62,1
26-05-2021 14:00,EDT,CAPITL,61757,44.87,2.25,-15.53,1
26-05-2021 15:00,EDT,CAPITL,61757,40.32,2.12,-12.6,1
26-05-2021 16:00,EDT,CAPITL,61757,62,2.18,-33.3,1
26-05-2021 17:00,EDT,CAPITL,61757,71.55,2.02,-44.92,1
26-05-2021 18:00,EDT,CAPITL,61757,58.65,2.28,-28.52,1
26-05-2021 19:00,EDT,CAPITL,61757,51.32,2.12,-22.34,1
26-05-2021 20:00,EDT,CAPITL,61757,50.07,2.16,-20.51,1
26-05-2021 21:00,EDT,CAPITL,61757,39.05,1.79,-14.06,1
26-05-2021 22:00,EDT,CAPITL,61757,32.4,1.32,-12.15,1
26-05-2021 23:00,EDT,CAPITL,61757,31.65,0.82,-17.19,1
27-05-2021 00:00,EDT,CAPITL,61757,32.21,0.52,-22.58,1
27-05-2021 01:00,EDT,CAPITL,61757,30.05,0.43,-22.37,1
27-05-2021 02:00,EDT,CAPITL,61757,29.22,0.34,-22.92,1
27-05-2021 03:00,EDT,CAPITL,61757,27.44,0.37,-20.56,1
27-05-2021 04:00,EDT,CAPITL,61757,27.05,0.43,-19,1
27-05-2021 05:00,EDT,CAPITL,61757,27.27,0.55,-17.3,1
27-05-2021 06:00,EDT,CAPITL,61757,30.86,0.67,-18.42,1
27-05-2021 07:00,EDT,CAPITL,61757,31.2,1.09,-11.28,1
27-05-2021 08:00,EDT,CAPITL,61757,32.64,1.26,-11.72,1
27-05-2021 09:00,EDT,CAPITL,61757,28.42,1.39,-6.33,1
27-05-2021 10:00,EDT,CAPITL,61757,28.7,1.51,-3.98,1
27-05-2021 11:00,EDT,CAPITL,61757,29.26,1.54,-3.98,1
27-05-2021 12:00,EDT,CAPITL,61757,29.41,1.7,-1.51,1
27-05-2021 13:00,EDT,CAPITL,61757,31.73,1.46,-8.74,1
27-05-2021 14:00,EDT,CAPITL,61757,32.2,1.45,-9.45,1
27-05-2021 15:00,EDT,CAPITL,61757,33.62,1.22,-13.92,1
27-05-2021 16:00,EDT,CAPITL,61757,40.2,1.04,-24.57,1
27-05-2021 17:00,EDT,CAPITL,61757,51.29,1.35,-30.68,1
27-05-2021 18:00,EDT,CAPITL,61757,43.34,1.32,-22.63,1
27-05-2021 19:00,EDT,CAPITL,61757,32.94,2.02,0.6,1
27-05-2021 20:00,EDT,CAPITL,61757,31.03,2.16,0.3,1
27-05-2021 21:00,EDT,CAPITL,61757,26.81,1.9,0.39,1
27-05-2021 22:00,EDT,CAPITL,61757,24.81,1.5,-1.94,1
27-05-2021 23:00,EDT,CAPITL,61757,24.71,1.2,-5.61,1
28-05-2021 00:00,EDT,CAPITL,61757,23.69,0.95,-9.12,1
28-05-2021 01:00,EDT,CAPITL,61757,23.05,0.91,-9.19,1
28-05-2021 02:00,EDT,CAPITL,61757,22.45,0.77,-10.05,1
28-05-2021 03:00,EDT,CAPITL,61757,22.13,0.8,-9.68,1
28-05-2021 04:00,EDT,CAPITL,61757,22.12,0.79,-9.67,1
28-05-2021 05:00,EDT,CAPITL,61757,21.49,0.8,-9.04,1
28-05-2021 06:00,EDT,CAPITL,61757,23.93,0.95,-9.56,1
28-05-2021 07:00,EDT,CAPITL,61757,22.61,1.13,-6.87,1
28-05-2021 08:00,EDT,CAPITL,61757,22.12,1.54,-1.11,1
28-05-2021 09:00,EDT,CAPITL,61757,23.26,1.53,-1.08,1
28-05-2021 10:00,EDT,CAPITL,61757,24.65,1.67,-0.47,1
28-05-2021 11:00,EDT,CAPITL,61757,24.83,1.75,-0.3,1
28-05-2021 12:00,EDT,CAPITL,61757,23.54,1.63,-0.75,1
28-05-2021 13:00,EDT,CAPITL,61757,23.35,1.62,-0.9,1
28-05-2021 14:00,EDT,CAPITL,61757,22.06,1.5,-1.61,1
28-05-2021 15:00,EDT,CAPITL,61757,20.8,1.32,-2.16,1
28-05-2021 16:00,EDT,CAPITL,61757,21.41,1.29,-2.51,1
28-05-2021 17:00,EDT,CAPITL,61757,22.47,1.36,-2.73,1
28-05-2021 18:00,EDT,CAPITL,61757,22.73,1.49,-2.39,1
28-05-2021 19:00,EDT,CAPITL,61757,22.21,1.41,-2.49,1
28-05-2021 20:00,EDT,CAPITL,61757,22.25,1.51,-1.68,1
28-05-2021 21:00,EDT,CAPITL,61757,21.78,1.48,-1.4,1
28-05-2021 22:00,EDT,CAPITL,61757,18.89,1.04,-3.46,1
28-05-2021 23:00,EDT,CAPITL,61757,23.18,0.92,-7.84,1
29-05-2021 00:00,EDT,CAPITL,61757,21.29,0.77,-8.87,1
29-05-2021 01:00,EDT,CAPITL,61757,19.89,0.77,-7.49,1
29-05-2021 02:00,EDT,CAPITL,61757,21.83,0.74,-9.46,1
29-05-2021 03:00,EDT,CAPITL,61757,19.86,0.72,-8.05,1
29-05-2021 04:00,EDT,CAPITL,61757,20.28,0.67,-9.4,1
29-05-2021 05:00,EDT,CAPITL,61757,20.33,0.64,-10.14,1
29-05-2021 06:00,EDT,CAPITL,61757,22.77,0.74,-10.97,1
29-05-2021 07:00,EDT,CAPITL,61757,22.55,0.77,-10.16,1
29-05-2021 08:00,EDT,CAPITL,61757,23.36,0.93,-8.8,1
29-05-2021 09:00,EDT,CAPITL,61757,24.26,0.92,-9.87,1
29-05-2021 10:00,EDT,CAPITL,61757,23.9,0.91,-9.34,1
29-05-2021 11:00,EDT,CAPITL,61757,23.9,0.92,-9.33,1
29-05-2021 12:00,EDT,CAPITL,61757,23.32,0.9,-8.77,1
29-05-2021 13:00,EDT,CAPITL,61757,23.91,0.89,-9.38,1
29-05-2021 14:00,EDT,CAPITL,61757,23.53,0.85,-9.14,1
29-05-2021 15:00,EDT,CAPITL,61757,23.46,0.73,-11.07,1
29-05-2021 16:00,EDT,CAPITL,61757,24.59,0.78,-12.17,1
29-05-2021 17:00,EDT,CAPITL,61757,28.09,0.97,-13.46,1
29-05-2021 18:00,EDT,CAPITL,61757,27.81,1.17,-10.85,1
29-05-2021 19:00,EDT,CAPITL,61757,27.78,1.2,-9.98,1
29-05-2021 20:00,EDT,CAPITL,61757,26.05,1.53,-3.48,1
29-05-2021 21:00,EDT,CAPITL,61757,24.26,1.34,-4.32,1
29-05-2021 22:00,EDT,CAPITL,61757,22.44,1.09,-5.54,1
29-05-2021 23:00,EDT,CAPITL,61757,22.01,0.96,-6.29,1
30-05-2021 00:00,EDT,CAPITL,61757,23.86,1.1,-6.39,1
30-05-2021 01:00,EDT,CAPITL,61757,20.94,0.94,-5.81,1
30-05-2021 02:00,EDT,CAPITL,61757,20.41,0.78,-7.96,1
30-05-2021 03:00,EDT,CAPITL,61757,19.57,0.76,-7.16,1
30-05-2021 04:00,EDT,CAPITL,61757,17.81,0.78,-5.35,1
30-05-2021 05:00,EDT,CAPITL,61757,18.11,0.78,-5.66,1
30-05-2021 06:00,EDT,CAPITL,61757,21.56,0.76,-9.16,1
30-05-2021 07:00,EDT,CAPITL,61757,21.89,0.91,-7.33,1
30-05-2021 08:00,EDT,CAPITL,61757,21.65,1.3,-2.51,1
30-05-2021 09:00,EDT,CAPITL,61757,22.27,1.3,-3.15,1
30-05-2021 10:00,EDT,CAPITL,61757,22.89,1.22,-4.71,1
30-05-2021 11:00,EDT,CAPITL,61757,22.89,1.3,-3.59,1
30-05-2021 12:00,EDT,CAPITL,61757,23.02,1.24,-4.57,1
30-05-2021 13:00,EDT,CAPITL,61757,22.51,1.23,-3.72,1
30-05-2021 14:00,EDT,CAPITL,61757,21.73,1.13,-3.97,1
30-05-2021 15:00,EDT,CAPITL,61757,21.53,1.08,-4.62,1
30-05-2021 16:00,EDT,CAPITL,61757,21.97,1.34,-2.09,1
30-05-2021 17:00,EDT,CAPITL,61757,24.34,1.68,0,1
30-05-2021 18:00,EDT,CAPITL,61757,26.39,1.89,0,1
30-05-2021 19:00,EDT,CAPITL,61757,28.08,1.86,-2.03,1
30-05-2021 20:00,EDT,CAPITL,61757,30.32,1.99,-2.48,1
30-05-2021 21:00,EDT,CAPITL,61757,23.78,1.7,0,1
30-05-2021 22:00,EDT,CAPITL,61757,21.82,1.39,-1.44,1
30-05-2021 23:00,EDT,CAPITL,61757,22.79,1.05,-6.1,1
31-05-2021 00:00,EDT,CAPITL,61757,23.24,1.06,-7.28,1
31-05-2021 01:00,EDT,CAPITL,61757,19.83,1.04,-3.9,1
31-05-2021 02:00,EDT,CAPITL,61757,18.52,1.01,-3.1,1
31-05-2021 03:00,EDT,CAPITL,61757,17.52,0.94,-2.92,1
31-05-2021 04:00,EDT,CAPITL,61757,17.11,0.98,-2.07,1
31-05-2021 05:00,EDT,CAPITL,61757,17.12,1.05,-1.54,1
31-05-2021 06:00,EDT,CAPITL,61757,18.78,1.06,-3.15,1
31-05-2021 07:00,EDT,CAPITL,61757,19.79,1.2,-2.56,1
31-05-2021 08:00,EDT,CAPITL,61757,21.04,1.45,0,1
31-05-2021 09:00,EDT,CAPITL,61757,22.07,1.52,0,1
31-05-2021 10:00,EDT,CAPITL,61757,22.04,1.52,0,1
31-05-2021 11:00,EDT,CAPITL,61757,22.01,1.43,-1.48,1
31-05-2021 12:00,EDT,CAPITL,61757,21.82,1.42,-1.27,1
31-05-2021 13:00,EDT,CAPITL,61757,22.07,1.28,-2.81,1
31-05-2021 14:00,EDT,CAPITL,61757,21.35,1.38,-0.82,1
31-05-2021 15:00,EDT,CAPITL,61757,21.95,1.35,-2.14,1
31-05-2021 16:00,EDT,CAPITL,61757,24.1,1.48,-3.19,1
31-05-2021 17:00,EDT,CAPITL,61757,26.43,1.71,-2.51,1
31-05-2021 18:00,EDT,CAPITL,61757,27.81,2.08,0,1
31-05-2021 19:00,EDT,CAPITL,61757,28.63,1.98,-2.21,1
31-05-2021 20:00,EDT,CAPITL,61757,29.44,2.14,-0.9,1
31-05-2021 21:00,EDT,CAPITL,61757,24.36,1.74,0,1
31-05-2021 22:00,EDT,CAPITL,61757,22.17,1.43,-2.48,1
31-05-2021 23:00,EDT,CAPITL,61757,22.84,1.01,-7.38,1
01-06-2021 00:00,EDT,CAPITL,61757,25.34,0.81,-12.84,1
01-06-2021 01:00,EDT,CAPITL,61757,22.52,0.84,-9.99,1
01-06-2021 02:00,EDT,CAPITL,61757,22.19,0.8,-9.79,1
01-06-2021 03:00,EDT,CAPITL,61757,19.72,0.79,-7.35,1
01-06-2021 04:00,EDT,CAPITL,61757,21.58,0.78,-9.2,1
01-06-2021 05:00,EDT,CAPITL,61757,23.45,0.83,-10.94,1
01-06-2021 06:00,EDT,CAPITL,61757,24.69,1.33,-5.4,1
01-06-2021 07:00,EDT,CAPITL,61757,28.11,1.18,-10.02,1
01-06-2021 08:00,EDT,CAPITL,61757,28.1,1.57,-5.33,1
01-06-2021 09:00,EDT,CAPITL,61757,28.05,1.66,-3.91,1
01-06-2021 10:00,EDT,CAPITL,61757,27.01,1.82,-0.59,1
01-06-2021 11:00,EDT,CAPITL,61757,27.3,1.75,-0.54,1
01-06-2021 12:00,EDT,CAPITL,61757,27.24,1.67,-0.65,1
01-06-2021 13:00,EDT,CAPITL,61757,27.63,1.74,-0.59,1
01-06-2021 14:00,EDT,CAPITL,61757,28.26,1.79,-0.46,1
01-06-2021 15:00,EDT,CAPITL,61757,28.82,1.82,-0.63,1
01-06-2021 16:00,EDT,CAPITL,61757,31.87,2.1,-1.79,1
01-06-2021 17:00,EDT,CAPITL,61757,33.94,2.26,-0.75,1
01-06-2021 18:00,EDT,CAPITL,61757,34.27,2.32,-2.23,1
01-06-2021 19:00,EDT,CAPITL,61757,33.41,2.09,-4.21,1
01-06-2021 20:00,EDT,CAPITL,61757,35.32,2.23,-5.26,1
01-06-2021 21:00,EDT,CAPITL,61757,28.11,1.9,-2.21,1
01-06-2021 22:00,EDT,CAPITL,61757,24.98,1.6,-2.36,1
01-06-2021 23:00,EDT,CAPITL,61757,24.04,1.2,-5.17,1
02-06-2021 00:00,EDT,CAPITL,61757,25.07,0.85,-10.56,1
02-06-2021 01:00,EDT,CAPITL,61757,22.39,0.71,-10.06,1
02-06-2021 02:00,EDT,CAPITL,61757,21.42,0.71,-9.06,1
02-06-2021 03:00,EDT,CAPITL,61757,20.52,0.64,-8.85,1
02-06-2021 04:00,EDT,CAPITL,61757,21.14,0.64,-9.66,1
02-06-2021 05:00,EDT,CAPITL,61757,22.54,0.73,-10.17,1
02-06-2021 06:00,EDT,CAPITL,61757,24.07,0.9,-9.58,1
02-06-2021 07:00,EDT,CAPITL,61757,25.67,1.32,-7.01,1
02-06-2021 08:00,EDT,CAPITL,61757,24.52,1.65,-2.22,1
02-06-2021 09:00,EDT,CAPITL,61757,25.27,1.77,-0.46,1
02-06-2021 10:00,EDT,CAPITL,61757,25.51,1.79,-0.99,1
02-06-2021 11:00,EDT,CAPITL,61757,26.46,1.87,0,1
02-06-2021 12:00,EDT,CAPITL,61757,26.62,1.95,0,1
02-06-2021 13:00,EDT,CAPITL,61757,28.13,2.06,0,1
02-06-2021 14:00,EDT,CAPITL,61757,29.41,1.97,-2.8,1
02-06-2021 15:00,EDT,CAPITL,61757,30.81,2.04,-3.3,1
02-06-2021 16:00,EDT,CAPITL,61757,33.42,2.1,-5.15,1
02-06-2021 17:00,EDT,CAPITL,61757,37.61,2.14,-8.98,1
02-06-2021 18:00,EDT,CAPITL,61757,35.58,2.49,-3.84,1
02-06-2021 19:00,EDT,CAPITL,61757,30.91,2.25,-1.84,1
02-06-2021 20:00,EDT,CAPITL,61757,30.84,2.34,-1.52,1
02-06-2021 21:00,EDT,CAPITL,61757,26.5,2.09,-0.12,1
02-06-2021 22:00,EDT,CAPITL,61757,25.18,1.55,-4.23,1
02-06-2021 23:00,EDT,CAPITL,61757,24.27,1.27,-5.41,1
03-06-2021 00:00,EDT,CAPITL,61757,23.71,1,-8.41,1
03-06-2021 01:00,EDT,CAPITL,61757,21.7,0.82,-8.93,1
03-06-2021 02:00,EDT,CAPITL,61757,20.89,0.8,-8.42,1
03-06-2021 03:00,EDT,CAPITL,61757,20.14,0.79,-7.68,1
03-06-2021 04:00,EDT,CAPITL,61757,20.55,0.79,-8.09,1
03-06-2021 05:00,EDT,CAPITL,61757,21.68,0.79,-9.24,1
03-06-2021 06:00,EDT,CAPITL,61757,25.77,0.89,-13.22,1
03-06-2021 07:00,EDT,CAPITL,61757,25.12,1.36,-6.27,1
03-06-2021 08:00,EDT,CAPITL,61757,26.56,1.79,-3.76,1
03-06-2021 09:00,EDT,CAPITL,61757,26.22,1.93,-1.54,1
03-06-2021 10:00,EDT,CAPITL,61757,26.67,1.93,-2.51,1
03-06-2021 11:00,EDT,CAPITL,61757,27.69,2.04,-1.89,1
03-06-2021 12:00,EDT,CAPITL,61757,27.09,2.12,0,1
03-06-2021 13:00,EDT,CAPITL,61757,28.42,2.15,0,1
03-06-2021 14:00,EDT,CAPITL,61757,29.56,2.08,-1.55,1
03-06-2021 15:00,EDT,CAPITL,61757,30.95,1.89,-4.87,1
03-06-2021 16:00,EDT,CAPITL,61757,31.21,1.91,-5.45,1
03-06-2021 17:00,EDT,CAPITL,61757,32.82,2.03,-6.01,1
03-06-2021 18:00,EDT,CAPITL,61757,30.63,2.18,-2.48,1
03-06-2021 19:00,EDT,CAPITL,61757,30,1.92,-4.09,1
03-06-2021 20:00,EDT,CAPITL,61757,29.93,1.95,-4.2,1
03-06-2021 21:00,EDT,CAPITL,61757,25.94,1.93,-0.7,1
03-06-2021 22:00,EDT,CAPITL,61757,24.8,1.52,-4.76,1
03-06-2021 23:00,EDT,CAPITL,61757,24.92,1.1,-8.1,1
04-06-2021 00:00,EDT,CAPITL,61757,25.14,0.92,-10.05,1
04-06-2021 01:00,EDT,CAPITL,61757,24.23,0.84,-11.02,1
04-06-2021 02:00,EDT,CAPITL,61757,22.7,0.8,-9.93,1
04-06-2021 03:00,EDT,CAPITL,61757,22.17,0.75,-9.83,1
04-06-2021 04:00,EDT,CAPITL,61757,22.12,0.77,-9.74,1
04-06-2021 05:00,EDT,CAPITL,61757,22.93,0.83,-9.9,1
04-06-2021 06:00,EDT,CAPITL,61757,25.29,1.01,-10.41,1
04-06-2021 07:00,EDT,CAPITL,61757,26.79,1.49,-6.66,1
04-06-2021 08:00,EDT,CAPITL,61757,27.4,1.8,-4.65,1
04-06-2021 09:00,EDT,CAPITL,61757,27.88,2.11,0,1
04-06-2021 10:00,EDT,CAPITL,61757,28.85,1.96,0,1
04-06-2021 11:00,EDT,CAPITL,61757,29.55,2.01,-0.37,1
04-06-2021 12:00,EDT,CAPITL,61757,29.46,1.99,-0.17,1
04-06-2021 13:00,EDT,CAPITL,61757,31.31,2,-2.32,1
04-06-2021 14:00,EDT,CAPITL,61757,30.56,1.95,-1.58,1
04-06-2021 15:00,EDT,CAPITL,61757,32.11,2.04,-3.17,1
04-06-2021 16:00,EDT,CAPITL,61757,32.68,2.02,-3.79,1
04-06-2021 17:00,EDT,CAPITL,61757,34.75,2.01,-5.88,1
04-06-2021 18:00,EDT,CAPITL,61757,33.51,2.06,-5.1,1
04-06-2021 19:00,EDT,CAPITL,61757,30.93,2.09,-1.67,1
04-06-2021 20:00,EDT,CAPITL,61757,30.55,2.11,-1.75,1
04-06-2021 21:00,EDT,CAPITL,61757,28.28,2.06,-1.05,1
04-06-2021 22:00,EDT,CAPITL,61757,26.9,1.43,-8.41,1
04-06-2021 23:00,EDT,CAPITL,61757,26.2,1.24,-7.78,1
05-06-2021 00:00,EDT,CAPITL,61757,28.33,1.01,-12.6,1
05-06-2021 01:00,EDT,CAPITL,61757,25.83,0.86,-12.32,1
05-06-2021 02:00,EDT,CAPITL,61757,25.06,0.72,-13.69,1
05-06-2021 03:00,EDT,CAPITL,61757,24.15,0.59,-14.59,1
05-06-2021 04:00,EDT,CAPITL,61757,24.14,0.5,-16.27,1
05-06-2021 05:00,EDT,CAPITL,61757,24.35,0.52,-15.93,1
05-06-2021 06:00,EDT,CAPITL,61757,26.19,0.56,-16.98,1
05-06-2021 07:00,EDT,CAPITL,61757,26.4,0.73,-14.12,1
05-06-2021 08:00,EDT,CAPITL,61757,26.47,1.08,-9.72,1
05-06-2021 09:00,EDT,CAPITL,61757,28.86,1.01,-11.82,1
05-06-2021 10:00,EDT,CAPITL,61757,29.14,1.13,-11.39,1
05-06-2021 11:00,EDT,CAPITL,61757,30.36,1.41,-8.15,1
05-06-2021 12:00,EDT,CAPITL,61757,31.59,1.52,-8.07,1
05-06-2021 13:00,EDT,CAPITL,61757,34.08,1.49,-11.04,1
05-06-2021 14:00,EDT,CAPITL,61757,37.33,1.6,-12.16,1
05-06-2021 15:00,EDT,CAPITL,61757,39.75,1.73,-13.7,1
05-06-2021 16:00,EDT,CAPITL,61757,40.43,2.36,-7.01,1
05-06-2021 17:00,EDT,CAPITL,61757,42.31,2.79,-3.72,1
05-06-2021 18:00,EDT,CAPITL,61757,40.08,2.93,-1.02,1
05-06-2021 19:00,EDT,CAPITL,61757,38.3,2.86,-1.03,1
05-06-2021 20:00,EDT,CAPITL,61757,38.8,2.45,-7.46,1
05-06-2021 21:00,EDT,CAPITL,61757,32.22,2.05,-4.18,1
05-06-2021 22:00,EDT,CAPITL,61757,28.29,1.71,-5.18,1
05-06-2021 23:00,EDT,CAPITL,61757,27.47,1.45,-7.26,1
06-06-2021 00:00,EDT,CAPITL,61757,30.7,1.44,-9.57,1
06-06-2021 01:00,EDT,CAPITL,61757,28.17,1.22,-10.28,1
06-06-2021 02:00,EDT,CAPITL,61757,27.67,0.98,-12.55,1
06-06-2021 03:00,EDT,CAPITL,61757,25.97,1,-10.82,1
06-06-2021 04:00,EDT,CAPITL,61757,25.43,0.97,-10.67,1
06-06-2021 05:00,EDT,CAPITL,61757,25.69,0.94,-11.28,1
06-06-2021 06:00,EDT,CAPITL,61757,25.37,1.05,-9.57,1
06-06-2021 07:00,EDT,CAPITL,61757,27.39,1.05,-10.69,1
06-06-2021 08:00,EDT,CAPITL,61757,30.19,1.35,-11,1
06-06-2021 09:00,EDT,CAPITL,61757,35.17,1.87,-9.59,1
06-06-2021 10:00,EDT,CAPITL,61757,36.8,2.12,-8.55,1
06-06-2021 11:00,EDT,CAPITL,61757,38.85,2.32,-7.15,1
06-06-2021 12:00,EDT,CAPITL,61757,41.27,2.54,-7.02,1
06-06-2021 13:00,EDT,CAPITL,61757,43.94,2.65,-7.79,1
06-06-2021 14:00,EDT,CAPITL,61757,48.67,2.75,-11.56,1
06-06-2021 15:00,EDT,CAPITL,61757,54.38,3,-13.88,1
06-06-2021 16:00,EDT,CAPITL,61757,61.47,3.31,-18.71,1
06-06-2021 17:00,EDT,CAPITL,61757,64.96,3.81,-16.9,1
06-06-2021 18:00,EDT,CAPITL,61757,56.15,4.02,-6.48,1
06-06-2021 19:00,EDT,CAPITL,61757,49.29,3.96,-0.29,1
06-06-2021 20:00,EDT,CAPITL,61757,47.4,3.56,-2.45,1
06-06-2021 21:00,EDT,CAPITL,61757,39.89,3.16,0,1
06-06-2021 22:00,EDT,CAPITL,61757,33.24,2.52,0,1
06-06-2021 23:00,EDT,CAPITL,61757,31.43,2.1,-3.08,1
07-06-2021 00:00,EDT,CAPITL,61757,32.36,1.73,-8.19,1
07-06-2021 01:00,EDT,CAPITL,61757,28.69,1.43,-7.94,1
07-06-2021 02:00,EDT,CAPITL,61757,28.26,1.18,-10.47,1
07-06-2021 03:00,EDT,CAPITL,61757,26.82,1.05,-11.03,1
07-06-2021 04:00,EDT,CAPITL,61757,25.38,1.17,-7.95,1
07-06-2021 05:00,EDT,CAPITL,61757,26.88,1.26,-8.63,1
07-06-2021 06:00,EDT,CAPITL,61757,29.34,1.67,-6.03,1
07-06-2021 07:00,EDT,CAPITL,61757,34.38,2.2,-5.61,1
07-06-2021 08:00,EDT,CAPITL,61757,41.58,2.9,-7.85,1
07-06-2021 09:00,EDT,CAPITL,61757,47.2,3.08,-11.99,1
07-06-2021 10:00,EDT,CAPITL,61757,48.96,3.36,-11.7,1
07-06-2021 11:00,EDT,CAPITL,61757,52.97,3.89,-12.34,1
07-06-2021 12:00,EDT,CAPITL,61757,54,4.46,-8.65,1
07-06-2021 13:00,EDT,CAPITL,61757,58.5,4.61,-10.84,1
07-06-2021 14:00,EDT,CAPITL,61757,60,4.69,-9.79,1
07-06-2021 15:00,EDT,CAPITL,61757,84.27,4.53,-33.51,1
07-06-2021 16:00,EDT,CAPITL,61757,76.52,5.08,-14.99,1
07-06-2021 17:00,EDT,CAPITL,61757,77.96,5.74,-10.45,1
07-06-2021 18:00,EDT,CAPITL,61757,71.15,5.03,-11.99,1
07-06-2021 19:00,EDT,CAPITL,61757,58.33,4.29,-7.35,1
07-06-2021 20:00,EDT,CAPITL,61757,49.59,4.05,0,1
07-06-2021 21:00,EDT,CAPITL,61757,45.47,3.58,-2.09,1
07-06-2021 22:00,EDT,CAPITL,61757,38.12,2.98,0,1
07-06-2021 23:00,EDT,CAPITL,61757,33.47,2.54,0,1
08-06-2021 00:00,EDT,CAPITL,61757,29.54,2.14,0,1
08-06-2021 01:00,EDT,CAPITL,61757,27.1,1.96,0,1
08-06-2021 02:00,EDT,CAPITL,61757,24.41,1.68,0,1
08-06-2021 03:00,EDT,CAPITL,61757,23.19,1.64,0,1
08-06-2021 04:00,EDT,CAPITL,61757,23.17,1.59,-1,1
08-06-2021 05:00,EDT,CAPITL,61757,24.39,1.75,-0.83,1
08-06-2021 06:00,EDT,CAPITL,61757,26.51,1.83,0,1
08-06-2021 07:00,EDT,CAPITL,61757,30.08,2.18,0,1
08-06-2021 08:00,EDT,CAPITL,61757,33.9,2.65,0,1
08-06-2021 09:00,EDT,CAPITL,61757,38.99,3.05,0,1
08-06-2021 10:00,EDT,CAPITL,61757,41.36,3.24,0,1
08-06-2021 11:00,EDT,CAPITL,61757,43.55,2.89,0,1
08-06-2021 12:00,EDT,CAPITL,61757,47.34,3.1,0,1
08-06-2021 13:00,EDT,CAPITL,61757,49.14,3.51,0,1
08-06-2021 14:00,EDT,CAPITL,61757,53.96,4.18,0,1
08-06-2021 15:00,EDT,CAPITL,61757,68.28,4.52,-11.23,1
08-06-2021 16:00,EDT,CAPITL,61757,69.94,5.15,-4.21,1
08-06-2021 17:00,EDT,CAPITL,61757,77.28,5.06,-13.38,1
08-06-2021 18:00,EDT,CAPITL,61757,65.14,4.27,-12.38,1
08-06-2021 19:00,EDT,CAPITL,61757,48.59,3.93,0,1
08-06-2021 20:00,EDT,CAPITL,61757,44.93,3.48,0,1
08-06-2021 21:00,EDT,CAPITL,61757,41.53,3.43,0,1
08-06-2021 22:00,EDT,CAPITL,61757,36,2.85,0,1
08-06-2021 23:00,EDT,CAPITL,61757,32.37,2.31,0,1
09-06-2021 00:00,EDT,CAPITL,61757,32.31,2.23,-3.81,1
09-06-2021 01:00,EDT,CAPITL,61757,27.98,2.22,0,1
09-06-2021 02:00,EDT,CAPITL,61757,26.77,1.8,-3.5,1
09-06-2021 03:00,EDT,CAPITL,61757,25.58,1.74,-2.36,1
09-06-2021 04:00,EDT,CAPITL,61757,24.38,1.85,0,1
09-06-2021 05:00,EDT,CAPITL,61757,25.6,1.98,0,1
09-06-2021 06:00,EDT,CAPITL,61757,27.94,2.14,0,1
09-06-2021 07:00,EDT,CAPITL,61757,30.86,2.44,0,1
09-06-2021 08:00,EDT,CAPITL,61757,34.28,2.86,0,1
09-06-2021 09:00,EDT,CAPITL,61757,38.17,2.9,-3.1,1
09-06-2021 10:00,EDT,CAPITL,61757,39.24,3.27,0,1
09-06-2021 11:00,EDT,CAPITL,61757,43.03,3.48,0,1
09-06-2021 12:00,EDT,CAPITL,61757,44.94,3.48,0,1
09-06-2021 13:00,EDT,CAPITL,61757,48.28,3.82,0,1
09-06-2021 14:00,EDT,CAPITL,61757,51.13,4.18,0,1
09-06-2021 15:00,EDT,CAPITL,61757,55.88,4.66,0,1
09-06-2021 16:00,EDT,CAPITL,61757,58.56,5,-0.33,1
09-06-2021 17:00,EDT,CAPITL,61757,58.73,4.91,-1.62,1
09-06-2021 18:00,EDT,CAPITL,61757,50.08,4.14,0,1
09-06-2021 19:00,EDT,CAPITL,61757,45.84,3.67,0,1
09-06-2021 20:00,EDT,CAPITL,61757,42.35,3.39,0,1
09-06-2021 21:00,EDT,CAPITL,61757,38.94,3.18,0,1
09-06-2021 22:00,EDT,CAPITL,61757,34.83,2.82,0,1
09-06-2021 23:00,EDT,CAPITL,61757,30.88,2.31,0,1
10-06-2021 00:00,EDT,CAPITL,61757,32.44,2.22,-4.45,1
10-06-2021 01:00,EDT,CAPITL,61757,30.83,1.65,-9.72,1
10-06-2021 02:00,EDT,CAPITL,61757,26.32,1.56,-5.92,1
10-06-2021 03:00,EDT,CAPITL,61757,26.09,1.43,-7.04,1
10-06-2021 04:00,EDT,CAPITL,61757,25.43,1.5,-5.17,1
10-06-2021 05:00,EDT,CAPITL,61757,30.98,1.48,-12.24,1
10-06-2021 06:00,EDT,CAPITL,61757,34.87,1.52,-15.84,1
10-06-2021 07:00,EDT,CAPITL,61757,50.03,1.46,-33.85,1
10-06-2021 08:00,EDT,CAPITL,61757,50,1.6,-32.42,1
10-06-2021 09:00,EDT,CAPITL,61757,49.99,1.73,-30.96,1
10-06-2021 10:00,EDT,CAPITL,61757,50,1.82,-30.46,1
10-06-2021 11:00,EDT,CAPITL,61757,51.97,1.77,-32.17,1
10-06-2021 12:00,EDT,CAPITL,61757,54.71,1.81,-34.64,1
10-06-2021 13:00,EDT,CAPITL,61757,54.66,2.01,-32.74,1
10-06-2021 14:00,EDT,CAPITL,61757,58.95,1.97,-37.32,1
10-06-2021 15:00,EDT,CAPITL,61757,60.16,1.93,-38.34,1
10-06-2021 16:00,EDT,CAPITL,61757,72.37,1.85,-52,1
10-06-2021 17:00,EDT,CAPITL,61757,69.55,1.86,-49.09,1
10-06-2021 18:00,EDT,CAPITL,61757,59.43,1.85,-38.76,1
10-06-2021 19:00,EDT,CAPITL,61757,54.1,1.81,-34.35,1
10-06-2021 20:00,EDT,CAPITL,61757,52.4,1.7,-33.39,1
10-06-2021 21:00,EDT,CAPITL,61757,47.73,1.69,-28.86,1
10-06-2021 22:00,EDT,CAPITL,61757,40.65,1.66,-21.93,1
10-06-2021 23:00,EDT,CAPITL,61757,37.36,1.21,-21.44,1
11-06-2021 00:00,EDT,CAPITL,61757,32.15,1.26,-15.72,1
11-06-2021 01:00,EDT,CAPITL,61757,28.99,1.19,-13.15,1
11-06-2021 02:00,EDT,CAPITL,61757,27.6,1.1,-12.39,1
11-06-2021 03:00,EDT,CAPITL,61757,27.46,0.92,-14.69,1
11-06-2021 04:00,EDT,CAPITL,61757,26.25,1.04,-12.27,1
11-06-2021 05:00,EDT,CAPITL,61757,26.76,1.11,-11.55,1
11-06-2021 06:00,EDT,CAPITL,61757,30.45,1.02,-16.17,1
11-06-2021 07:00,EDT,CAPITL,61757,33.2,1.16,-17.37,1
11-06-2021 08:00,EDT,CAPITL,61757,32.87,1.59,-14.55,1
11-06-2021 09:00,EDT,CAPITL,61757,32.26,1.69,-12.95,1
11-06-2021 10:00,EDT,CAPITL,61757,28.7,1.72,-8.53,1
11-06-2021 11:00,EDT,CAPITL,61757,30.18,1.64,-9.65,1
11-06-2021 12:00,EDT,CAPITL,61757,31.21,1.63,-10.39,1
11-06-2021 13:00,EDT,CAPITL,61757,32.68,1.69,-11.5,1
11-06-2021 14:00,EDT,CAPITL,61757,34.07,1.76,-12.54,1
11-06-2021 15:00,EDT,CAPITL,61757,35.72,1.91,-13.97,1
11-06-2021 16:00,EDT,CAPITL,61757,40.18,1.83,-18.88,1
11-06-2021 17:00,EDT,CAPITL,61757,48.19,1.84,-27.22,1
11-06-2021 18:00,EDT,CAPITL,61757,39.13,1.84,-18.08,1
11-06-2021 19:00,EDT,CAPITL,61757,38.74,1.74,-18.86,1
11-06-2021 20:00,EDT,CAPITL,61757,35.68,1.72,-16.05,1
11-06-2021 21:00,EDT,CAPITL,61757,32.25,1.7,-13.03,1
11-06-2021 22:00,EDT,CAPITL,61757,29.09,1.58,-10.93,1
11-06-2021 23:00,EDT,CAPITL,61757,29.95,1.22,-13.63,1
12-06-2021 00:00,EDT,CAPITL,61757,33.45,1.25,-17.53,1
12-06-2021 01:00,EDT,CAPITL,61757,29.83,1.14,-14.62,1
12-06-2021 02:00,EDT,CAPITL,61757,29.11,1.12,-14.04,1
12-06-2021 03:00,EDT,CAPITL,61757,29.04,0.88,-17.02,1
12-06-2021 04:00,EDT,CAPITL,61757,29.12,0.89,-17.17,1
12-06-2021 05:00,EDT,CAPITL,61757,28.21,0.88,-16.06,1
12-06-2021 06:00,EDT,CAPITL,61757,29.79,0.73,-19.39,1
12-06-2021 07:00,EDT,CAPITL,61757,32.63,0.72,-22.2,1
12-06-2021 08:00,EDT,CAPITL,61757,30.63,1.11,-15.4,1
12-06-2021 09:00,EDT,CAPITL,61757,31.43,1.19,-15.48,1
12-06-2021 10:00,EDT,CAPITL,61757,32.1,1.24,-16.11,1
12-06-2021 11:00,EDT,CAPITL,61757,32.65,1.42,-14.37,1
12-06-2021 12:00,EDT,CAPITL,61757,31.96,1.49,-13.17,1
12-06-2021 13:00,EDT,CAPITL,61757,32.99,1.42,-14.5,1
12-06-2021 14:00,EDT,CAPITL,61757,34.66,1.42,-16.33,1
12-06-2021 15:00,EDT,CAPITL,61757,35.35,1.46,-16.71,1
12-06-2021 16:00,EDT,CAPITL,61757,38.71,1.59,-19.84,1
12-06-2021 17:00,EDT,CAPITL,61757,41.42,1.69,-22.15,1
12-06-2021 18:00,EDT,CAPITL,61757,41.62,1.67,-22.52,1
12-06-2021 19:00,EDT,CAPITL,61757,40.12,1.65,-21.41,1
12-06-2021 20:00,EDT,CAPITL,61757,39.3,1.64,-20.58,1
12-06-2021 21:00,EDT,CAPITL,61757,33.67,1.59,-15.52,1
12-06-2021 22:00,EDT,CAPITL,61757,30.11,1.48,-13.1,1
12-06-2021 23:00,EDT,CAPITL,61757,29.07,1.23,-13.02,1
13-06-2021 00:00,EDT,CAPITL,61757,28.85,1.59,-8.29,1
13-06-2021 01:00,EDT,CAPITL,61757,26.23,1.27,-8.82,1
13-06-2021 02:00,EDT,CAPITL,61757,25.46,1.12,-9.74,1
13-06-2021 03:00,EDT,CAPITL,61757,24.45,1.08,-9.33,1
13-06-2021 04:00,EDT,CAPITL,61757,26.42,0.85,-14.62,1
13-06-2021 05:00,EDT,CAPITL,61757,26.52,0.68,-17.08,1
13-06-2021 06:00,EDT,CAPITL,61757,27.93,0.38,-22.32,1
13-06-2021 07:00,EDT,CAPITL,61757,28.85,0.46,-21.96,1
13-06-2021 08:00,EDT,CAPITL,61757,28.64,0.72,-18.17,1
13-06-2021 09:00,EDT,CAPITL,61757,28.33,1.09,-12.93,1
13-06-2021 10:00,EDT,CAPITL,61757,28.86,1.25,-12.7,1
13-06-2021 11:00,EDT,CAPITL,61757,28.09,1.27,-11.39,1
13-06-2021 12:00,EDT,CAPITL,61757,28.65,1.56,-9.73,1
13-06-2021 13:00,EDT,CAPITL,61757,28.57,1.5,-9.97,1
13-06-2021 14:00,EDT,CAPITL,61757,30.98,1.54,-11.97,1
13-06-2021 15:00,EDT,CAPITL,61757,33.3,1.57,-14.03,1
13-06-2021 16:00,EDT,CAPITL,61757,40.82,1.56,-22.7,1
13-06-2021 17:00,EDT,CAPITL,61757,35.41,2.65,0,1
13-06-2021 18:00,EDT,CAPITL,61757,39.87,2.54,-6.76,1
13-06-2021 19:00,EDT,CAPITL,61757,39.12,2.44,-7.66,1
13-06-2021 20:00,EDT,CAPITL,61757,37,2.31,-7.52,1
13-06-2021 21:00,EDT,CAPITL,61757,29.74,2.31,0,1
13-06-2021 22:00,EDT,CAPITL,61757,25.04,1.84,-1.24,1
13-06-2021 23:00,EDT,CAPITL,61757,25.01,1.38,-5.68,1
14-06-2021 00:00,EDT,CAPITL,61757,25,1.79,-1.07,1
14-06-2021 01:00,EDT,CAPITL,61757,22.6,1.46,-2.95,1
14-06-2021 02:00,EDT,CAPITL,61757,22.24,1.37,-3.55,1
14-06-2021 03:00,EDT,CAPITL,61757,21.19,1.24,-3.83,1
14-06-2021 04:00,EDT,CAPITL,61757,22.04,1.27,-4.85,1
14-06-2021 05:00,EDT,CAPITL,61757,22.66,1.43,-3.78,1
14-06-2021 06:00,EDT,CAPITL,61757,25.36,1.47,-5.76,1
14-06-2021 07:00,EDT,CAPITL,61757,27.67,1.45,-6.67,1
14-06-2021 08:00,EDT,CAPITL,61757,26.41,1.96,0,1
14-06-2021 09:00,EDT,CAPITL,61757,27.93,2.02,0,1
14-06-2021 10:00,EDT,CAPITL,61757,28.21,1.99,0,1
14-06-2021 11:00,EDT,CAPITL,61757,29.7,2.12,0,1
14-06-2021 12:00,EDT,CAPITL,61757,31.59,2.23,0,1
14-06-2021 13:00,EDT,CAPITL,61757,32.86,2.32,0,1
14-06-2021 14:00,EDT,CAPITL,61757,33.05,2.33,0,1
14-06-2021 15:00,EDT,CAPITL,61757,34.23,2.51,0,1
14-06-2021 16:00,EDT,CAPITL,61757,35.62,2.61,0,1
14-06-2021 17:00,EDT,CAPITL,61757,38.48,2.95,0,1
14-06-2021 18:00,EDT,CAPITL,61757,36.1,2.86,0,1
14-06-2021 19:00,EDT,CAPITL,61757,34.59,2.8,0,1
14-06-2021 20:00,EDT,CAPITL,61757,33.84,2.66,-0.54,1
14-06-2021 21:00,EDT,CAPITL,61757,28.38,2.2,0,1
14-06-2021 22:00,EDT,CAPITL,61757,25.65,1.99,0,1
14-06-2021 23:00,EDT,CAPITL,61757,25.03,1.65,-2.48,1
15-06-2021 00:00,EDT,CAPITL,61757,24.78,1.41,-5.53,1
15-06-2021 01:00,EDT,CAPITL,61757,23.13,1.18,-6.22,1
15-06-2021 02:00,EDT,CAPITL,61757,22.36,1.06,-6.6,1
15-06-2021 03:00,EDT,CAPITL,61757,21.33,1.07,-5.52,1
15-06-2021 04:00,EDT,CAPITL,61757,21.46,1.1,-5.66,1
15-06-2021 05:00,EDT,CAPITL,61757,22.72,1.2,-5.96,1
15-06-2021 06:00,EDT,CAPITL,61757,24.72,1.2,-7.91,1
15-06-2021 07:00,EDT,CAPITL,61757,29.72,1.15,-13.39,1
15-06-2021 08:00,EDT,CAPITL,61757,28.83,1.63,-7.36,1
15-06-2021 09:00,EDT,CAPITL,61757,28.8,1.6,0,1
15-06-2021 10:00,EDT,CAPITL,61757,29.29,1.68,0,1
15-06-2021 11:00,EDT,CAPITL,61757,30.45,1.81,0,1
15-06-2021 12:00,EDT,CAPITL,61757,32.02,1.81,0,1
15-06-2021 13:00,EDT,CAPITL,61757,33.33,1.92,0,1
15-06-2021 14:00,EDT,CAPITL,61757,33.34,1.95,0,1
15-06-2021 15:00,EDT,CAPITL,61757,36.16,2.18,0,1
15-06-2021 16:00,EDT,CAPITL,61757,37.65,2.36,0,1
15-06-2021 17:00,EDT,CAPITL,61757,39.33,2.54,0,1
15-06-2021 18:00,EDT,CAPITL,61757,37.81,2.57,0,1
15-06-2021 19:00,EDT,CAPITL,61757,35.3,2.43,0,1
15-06-2021 20:00,EDT,CAPITL,61757,35.62,1.94,-11.38,1
15-06-2021 21:00,EDT,CAPITL,61757,30.08,1.97,-6.19,1
15-06-2021 22:00,EDT,CAPITL,61757,26.39,1.4,-7.77,1
15-06-2021 23:00,EDT,CAPITL,61757,24.9,1.3,-6.42,1
16-06-2021 00:00,EDT,CAPITL,61757,26.2,1.34,-7.5,1
16-06-2021 01:00,EDT,CAPITL,61757,22.83,1.24,-5.46,1
16-06-2021 02:00,EDT,CAPITL,61757,22.67,1.1,-6.85,1
16-06-2021 03:00,EDT,CAPITL,61757,20.74,1.19,-3.7,1
16-06-2021 04:00,EDT,CAPITL,61757,21.85,1.29,-3.85,1
16-06-2021 05:00,EDT,CAPITL,61757,22.82,1.32,-4.77,1
16-06-2021 06:00,EDT,CAPITL,61757,26.17,1.23,-9.52,1
16-06-2021 07:00,EDT,CAPITL,61757,29.3,1.16,-13.25,1
16-06-2021 08:00,EDT,CAPITL,61757,27.8,1.43,-8.47,1
16-06-2021 09:00,EDT,CAPITL,61757,26.61,1.91,-0.82,1
16-06-2021 10:00,EDT,CAPITL,61757,27.01,1.82,-2.5,1
16-06-2021 11:00,EDT,CAPITL,61757,29.84,1.64,-7.77,1
16-06-2021 12:00,EDT,CAPITL,61757,28.23,1.62,-5.64,1
16-06-2021 13:00,EDT,CAPITL,61757,29.66,1.61,-6.63,1
16-06-2021 14:00,EDT,CAPITL,61757,32.36,1.58,-9.73,1
16-06-2021 15:00,EDT,CAPITL,61757,34.76,1.43,-14.69,1
16-06-2021 16:00,EDT,CAPITL,61757,35.55,1.78,-11.19,1
16-06-2021 17:00,EDT,CAPITL,61757,39.93,2.12,-12.52,1
16-06-2021 18:00,EDT,CAPITL,61757,38.57,2.17,-11.17,1
16-06-2021 19:00,EDT,CAPITL,61757,38.49,2.31,-10.17,1
16-06-2021 20:00,EDT,CAPITL,61757,35.3,2.31,-7.02,1
16-06-2021 21:00,EDT,CAPITL,61757,27.1,2.25,-0.12,1
16-06-2021 22:00,EDT,CAPITL,61757,26.59,1.61,-5.57,1
16-06-2021 23:00,EDT,CAPITL,61757,24.79,1.45,-4.32,1
17-06-2021 00:00,EDT,CAPITL,61757,23.02,1.63,0,1
17-06-2021 01:00,EDT,CAPITL,61757,20,1.36,-0.71,1
17-06-2021 02:00,EDT,CAPITL,61757,20.11,1.19,-3.28,1
17-06-2021 03:00,EDT,CAPITL,61757,19.89,1.13,-3.84,1
17-06-2021 04:00,EDT,CAPITL,61757,20,1.15,-3.46,1
17-06-2021 05:00,EDT,CAPITL,61757,20,1.29,-2.2,1
17-06-2021 06:00,EDT,CAPITL,61757,23.86,1.32,-6.3,1
17-06-2021 07:00,EDT,CAPITL,61757,24.67,1.65,-1.62,1
17-06-2021 08:00,EDT,CAPITL,61757,24.28,1.84,0,1
17-06-2021 09:00,EDT,CAPITL,61757,25.02,1.87,0,1
17-06-2021 10:00,EDT,CAPITL,61757,25.25,1.89,0,1
17-06-2021 11:00,EDT,CAPITL,61757,25.86,1.94,0,1
17-06-2021 12:00,EDT,CAPITL,61757,26.22,1.94,0,1
17-06-2021 13:00,EDT,CAPITL,61757,27.06,1.82,0,1
17-06-2021 14:00,EDT,CAPITL,61757,27.5,1.85,0,1
17-06-2021 15:00,EDT,CAPITL,61757,29.72,2.05,0,1
17-06-2021 16:00,EDT,CAPITL,61757,32.57,2.27,0,1
17-06-2021 17:00,EDT,CAPITL,61757,34.62,2.57,0,1
17-06-2021 18:00,EDT,CAPITL,61757,35.32,2.69,-0.67,1
17-06-2021 19:00,EDT,CAPITL,61757,32.64,2.21,-4.08,1
17-06-2021 20:00,EDT,CAPITL,61757,30.67,2.28,-1.57,1
17-06-2021 21:00,EDT,CAPITL,61757,28.39,2,-3.16,1
17-06-2021 22:00,EDT,CAPITL,61757,24.95,1.69,-2.39,1
17-06-2021 23:00,EDT,CAPITL,61757,23.81,1.67,-1.72,1
18-06-2021 00:00,EDT,CAPITL,61757,26.67,1.45,-7.05,1
18-06-2021 01:00,EDT,CAPITL,61757,24.16,1.35,-5.74,1
18-06-2021 02:00,EDT,CAPITL,61757,23.4,1.14,-7.43,1
18-06-2021 03:00,EDT,CAPITL,61757,21.6,1.14,-5.44,1
18-06-2021 04:00,EDT,CAPITL,61757,21.37,1.16,-5.18,1
18-06-2021 05:00,EDT,CAPITL,61757,23.26,1.27,-5.97,1
18-06-2021 06:00,EDT,CAPITL,61757,27.31,1.23,-11.11,1
18-06-2021 07:00,EDT,CAPITL,61757,28.22,1.35,-9.95,1
18-06-2021 08:00,EDT,CAPITL,61757,26.42,1.7,-3.95,1
18-06-2021 09:00,EDT,CAPITL,61757,26.29,1.83,-2.35,1
18-06-2021 10:00,EDT,CAPITL,61757,26.86,2.04,0,1
18-06-2021 11:00,EDT,CAPITL,61757,27.8,2.08,0,1
18-06-2021 12:00,EDT,CAPITL,61757,28.65,2.19,0,1
18-06-2021 13:00,EDT,CAPITL,61757,30.24,2.06,0,1
18-06-2021 14:00,EDT,CAPITL,61757,31.99,2.18,0,1
18-06-2021 15:00,EDT,CAPITL,61757,36.26,2.58,-1.03,1
18-06-2021 16:00,EDT,CAPITL,61757,37.3,2.67,-1.59,1
18-06-2021 17:00,EDT,CAPITL,61757,46.33,2.73,-10.33,1
18-06-2021 18:00,EDT,CAPITL,61757,45,2.51,-11.9,1
18-06-2021 19:00,EDT,CAPITL,61757,41.5,2.31,-11.97,1
18-06-2021 20:00,EDT,CAPITL,61757,40.02,2.25,-11.31,1
18-06-2021 21:00,EDT,CAPITL,61757,31.35,2.2,-3.8,1
18-06-2021 22:00,EDT,CAPITL,61757,28,2.1,-2.28,1
18-06-2021 23:00,EDT,CAPITL,61757,26.03,1.92,-1.55,1
19-06-2021 00:00,EDT,CAPITL,61757,29.84,1.68,-8.85,1
19-06-2021 01:00,EDT,CAPITL,61757,26.89,1.49,-8.5,1
19-06-2021 02:00,EDT,CAPITL,61757,25.73,1.51,-6.66,1
19-06-2021 03:00,EDT,CAPITL,61757,25.28,1.31,-8.71,1
19-06-2021 04:00,EDT,CAPITL,61757,24.17,1.5,-5.22,1
19-06-2021 05:00,EDT,CAPITL,61757,23.93,1.51,-4.5,1
19-06-2021 06:00,EDT,CAPITL,61757,25.31,1.21,-8.94,1
19-06-2021 07:00,EDT,CAPITL,61757,28.55,1.18,-12.08,1
19-06-2021 08:00,EDT,CAPITL,61757,26.65,1.68,-4.23,1
19-06-2021 09:00,EDT,CAPITL,61757,28.93,1.7,-6.67,1
19-06-2021 10:00,EDT,CAPITL,61757,28.58,2.14,0,1
19-06-2021 11:00,EDT,CAPITL,61757,30.08,2.3,0,1
19-06-2021 12:00,EDT,CAPITL,61757,32.29,2.61,0,1
19-06-2021 13:00,EDT,CAPITL,61757,34.68,2.66,-1.75,1
19-06-2021 14:00,EDT,CAPITL,61757,43.19,2.62,-9.43,1
19-06-2021 15:00,EDT,CAPITL,61757,51.11,2.6,-18.62,1
19-06-2021 16:00,EDT,CAPITL,61757,52.64,2.89,-17.22,1
19-06-2021 17:00,EDT,CAPITL,61757,59.46,3.18,-21.38,1
19-06-2021 18:00,EDT,CAPITL,61757,60.27,3,-24.59,1
19-06-2021 19:00,EDT,CAPITL,61757,52.71,2.73,-20.6,1
19-06-2021 20:00,EDT,CAPITL,61757,48.1,2.61,-17.71,1
19-06-2021 21:00,EDT,CAPITL,61757,37.64,2.74,-5.14,1
19-06-2021 22:00,EDT,CAPITL,61757,31.55,2.51,-1.15,1
19-06-2021 23:00,EDT,CAPITL,61757,28.5,2.01,-3.36,1
20-06-2021 00:00,EDT,CAPITL,61757,30.34,2.07,-5.48,1
20-06-2021 01:00,EDT,CAPITL,61757,27.27,2.01,-2.98,1
20-06-2021 02:00,EDT,CAPITL,61757,26.13,1.73,-4.52,1
20-06-2021 03:00,EDT,CAPITL,61757,25.71,1.5,-6.71,1
20-06-2021 04:00,EDT,CAPITL,61757,24.39,1.54,-4.72,1
20-06-2021 05:00,EDT,CAPITL,61757,23.8,1.41,-5.75,1
20-06-2021 06:00,EDT,CAPITL,61757,24.25,1.17,-8.4,1
20-06-2021 07:00,EDT,CAPITL,61757,25.44,1.23,-8.51,1
20-06-2021 08:00,EDT,CAPITL,61757,26.2,1.72,-3.71,1
20-06-2021 09:00,EDT,CAPITL,61757,27.37,1.96,-1.73,1
20-06-2021 10:00,EDT,CAPITL,61757,28.96,2.22,0,1
20-06-2021 11:00,EDT,CAPITL,61757,31.88,2.42,0,1
20-06-2021 12:00,EDT,CAPITL,61757,35.42,2.77,0,1
20-06-2021 13:00,EDT,CAPITL,61757,37.6,2.88,0,1
20-06-2021 14:00,EDT,CAPITL,61757,40.37,3.13,0,1
20-06-2021 15:00,EDT,CAPITL,61757,45.16,3.65,0,1
20-06-2021 16:00,EDT,CAPITL,61757,50.51,4.04,0,1
20-06-2021 17:00,EDT,CAPITL,61757,55,4.25,-4.06,1
20-06-2021 18:00,EDT,CAPITL,61757,55.36,4.12,-6.93,1
20-06-2021 19:00,EDT,CAPITL,61757,54.82,3.92,-10.09,1
20-06-2021 20:00,EDT,CAPITL,61757,44.52,3.55,-2.78,1
20-06-2021 21:00,EDT,CAPITL,61757,44.63,3.05,-8.45,1
20-06-2021 22:00,EDT,CAPITL,61757,41.51,2.58,-10.27,1
20-06-2021 23:00,EDT,CAPITL,61757,31.52,2.44,0,1
21-06-2021 00:00,EDT,CAPITL,61757,34.64,1.86,-9.17,1
21-06-2021 01:00,EDT,CAPITL,61757,28.84,1.5,-7.92,1
21-06-2021 02:00,EDT,CAPITL,61757,28.74,1.34,-10,1
21-06-2021 03:00,EDT,CAPITL,61757,27.92,1.23,-10.36,1
21-06-2021 04:00,EDT,CAPITL,61757,27.7,1.11,-11.83,1
21-06-2021 05:00,EDT,CAPITL,61757,27.8,1.33,-8.68,1
21-06-2021 06:00,EDT,CAPITL,61757,31.49,1.4,-11.61,1
21-06-2021 07:00,EDT,CAPITL,61757,35.16,1.66,-11.64,1
21-06-2021 08:00,EDT,CAPITL,61757,39.23,2.63,-4.9,1
21-06-2021 09:00,EDT,CAPITL,61757,42.82,2.73,-7.64,1
21-06-2021 10:00,EDT,CAPITL,61757,46.26,3.02,-7.3,1
21-06-2021 11:00,EDT,CAPITL,61757,46.26,3.44,-1.88,1
21-06-2021 12:00,EDT,CAPITL,61757,50,3.49,-5.01,1
21-06-2021 13:00,EDT,CAPITL,61757,50.95,3.68,-2.37,1
21-06-2021 14:00,EDT,CAPITL,61757,60,3.92,-9.4,1
21-06-2021 15:00,EDT,CAPITL,61757,80.25,4.49,-22.27,1
21-06-2021 16:00,EDT,CAPITL,61757,92.91,4.33,-36.38,1
21-06-2021 17:00,EDT,CAPITL,61757,100.04,4.2,-45.85,1
21-06-2021 18:00,EDT,CAPITL,61757,102.21,3.47,-57.85,1
21-06-2021 19:00,EDT,CAPITL,61757,73.91,3.39,-30.56,1
21-06-2021 20:00,EDT,CAPITL,61757,58.17,3.08,-19.34,1
21-06-2021 21:00,EDT,CAPITL,61757,52.53,3.08,-13.16,1
21-06-2021 22:00,EDT,CAPITL,61757,44.19,2.72,-8.31,1
21-06-2021 23:00,EDT,CAPITL,61757,34.12,2.53,0,1
22-06-2021 00:00,EDT,CAPITL,61757,33.15,2.28,-3.33,1
22-06-2021 01:00,EDT,CAPITL,61757,28.49,1.83,-4.83,1
22-06-2021 02:00,EDT,CAPITL,61757,26.99,1.62,-5.32,1
22-06-2021 03:00,EDT,CAPITL,61757,26.71,1.55,-5.49,1
22-06-2021 04:00,EDT,CAPITL,61757,26.06,1.64,-3.9,1
22-06-2021 05:00,EDT,CAPITL,61757,25.91,1.84,-1.33,1
22-06-2021 06:00,EDT,CAPITL,61757,28.92,1.89,-3.48,1
22-06-2021 07:00,EDT,CAPITL,61757,32.78,1.97,-5.55,1
22-06-2021 08:00,EDT,CAPITL,61757,33.31,2.5,0,1
22-06-2021 09:00,EDT,CAPITL,61757,35.01,2.65,-0.07,1
22-06-2021 10:00,EDT,CAPITL,61757,34.28,2.45,0,1
22-06-2021 11:00,EDT,CAPITL,61757,35.65,2.52,0,1
22-06-2021 12:00,EDT,CAPITL,61757,35.65,2.42,0,1
22-06-2021 13:00,EDT,CAPITL,61757,35.39,2.35,0,1
22-06-2021 14:00,EDT,CAPITL,61757,35.08,2.36,0,1
22-06-2021 15:00,EDT,CAPITL,61757,34.94,2.32,0,1
22-06-2021 16:00,EDT,CAPITL,61757,35.18,2.36,0,1
22-06-2021 17:00,EDT,CAPITL,61757,36.38,2.44,0,1
22-06-2021 18:00,EDT,CAPITL,61757,35.03,2.44,0,1
22-06-2021 19:00,EDT,CAPITL,61757,32.34,2.28,0,1
22-06-2021 20:00,EDT,CAPITL,61757,31.92,2.34,0,1
22-06-2021 21:00,EDT,CAPITL,61757,29.89,2.09,0,1
22-06-2021 22:00,EDT,CAPITL,61757,26.56,1.88,-0.83,1
22-06-2021 23:00,EDT,CAPITL,61757,26.05,1.82,-1.22,1
23-06-2021 00:00,EDT,CAPITL,61757,25,1.6,-3.43,1
23-06-2021 01:00,EDT,CAPITL,61757,22.53,1.49,-2.67,1
23-06-2021 02:00,EDT,CAPITL,61757,22.06,1.33,-4.25,1
23-06-2021 03:00,EDT,CAPITL,61757,20.99,1.2,-4.64,1
23-06-2021 04:00,EDT,CAPITL,61757,21.46,1.27,-4.77,1
23-06-2021 05:00,EDT,CAPITL,61757,21.67,1.46,-2.55,1
23-06-2021 06:00,EDT,CAPITL,61757,23.17,1.73,-1.33,1
23-06-2021 07:00,EDT,CAPITL,61757,25.79,1.91,-1.33,1
23-06-2021 08:00,EDT,CAPITL,61757,27.03,1.73,-5.16,1
23-06-2021 09:00,EDT,CAPITL,61757,26.44,1.98,-1.14,1
23-06-2021 10:00,EDT,CAPITL,61757,26.36,1.95,-1.24,1
23-06-2021 11:00,EDT,CAPITL,61757,26.92,2,-1.16,1
23-06-2021 12:00,EDT,CAPITL,61757,27,2,-1.24,1
23-06-2021 13:00,EDT,CAPITL,61757,27,1.97,-0.74,1
23-06-2021 14:00,EDT,CAPITL,61757,28.17,1.97,-1.85,1
23-06-2021 15:00,EDT,CAPITL,61757,29.9,1.93,-4.39,1
23-06-2021 16:00,EDT,CAPITL,61757,31.91,1.93,-6.74,1
23-06-2021 17:00,EDT,CAPITL,61757,31.81,2.38,0,1
23-06-2021 18:00,EDT,CAPITL,61757,32.08,2.51,0,1
23-06-2021 19:00,EDT,CAPITL,61757,30.17,2.36,0,1
23-06-2021 20:00,EDT,CAPITL,61757,28.93,2.31,0,1
23-06-2021 21:00,EDT,CAPITL,61757,27.13,2.12,0,1
23-06-2021 22:00,EDT,CAPITL,61757,26.07,1.74,-3.08,1
23-06-2021 23:00,EDT,CAPITL,61757,24.9,1.55,-2.65,1
24-06-2021 00:00,EDT,CAPITL,61757,25.17,1.47,-5.33,1
24-06-2021 01:00,EDT,CAPITL,61757,24.06,1.19,-8.15,1
24-06-2021 02:00,EDT,CAPITL,61757,22.93,1.18,-7.03,1
24-06-2021 03:00,EDT,CAPITL,61757,23.02,1.18,-7.16,1
24-06-2021 04:00,EDT,CAPITL,61757,22.54,1.21,-6.62,1
24-06-2021 05:00,EDT,CAPITL,61757,23.17,1.21,-7.21,1
24-06-2021 06:00,EDT,CAPITL,61757,24.23,1.32,-6.88,1
24-06-2021 07:00,EDT,CAPITL,61757,25.25,1.56,-3.37,1
24-06-2021 08:00,EDT,CAPITL,61757,23.87,1.66,-1.21,1
24-06-2021 09:00,EDT,CAPITL,61757,23.87,1.58,-1.48,1
24-06-2021 10:00,EDT,CAPITL,61757,24.18,1.65,-1.37,1
24-06-2021 11:00,EDT,CAPITL,61757,23.59,1.51,-2.17,1
24-06-2021 12:00,EDT,CAPITL,61757,24.52,1.54,-2.12,1
24-06-2021 13:00,EDT,CAPITL,61757,25.46,1.53,-1.69,1
24-06-2021 14:00,EDT,CAPITL,61757,24.97,1.63,-2.22,1
24-06-2021 15:00,EDT,CAPITL,61757,27.95,1.86,-2.25,1
24-06-2021 16:00,EDT,CAPITL,61757,32.9,2.41,0,1
24-06-2021 17:00,EDT,CAPITL,61757,35.42,2.8,0,1
24-06-2021 18:00,EDT,CAPITL,61757,36.63,2.74,-3.07,1
24-06-2021 19:00,EDT,CAPITL,61757,36.09,2.48,-6.11,1
24-06-2021 20:00,EDT,CAPITL,61757,33.98,2.27,-6.76,1
24-06-2021 21:00,EDT,CAPITL,61757,31.82,2.06,-6.93,1
24-06-2021 22:00,EDT,CAPITL,61757,26.42,1.83,-3.02,1
24-06-2021 23:00,EDT,CAPITL,61757,26.31,1.54,-5.33,1
25-06-2021 00:00,EDT,CAPITL,61757,26.48,1.16,-10.61,1
25-06-2021 01:00,EDT,CAPITL,61757,24.57,1.19,-8.7,1
25-06-2021 02:00,EDT,CAPITL,61757,23.53,1.1,-8.33,1
25-06-2021 03:00,EDT,CAPITL,61757,22.76,1.07,-7.94,1
25-06-2021 04:00,EDT,CAPITL,61757,22.67,1.17,-6.87,1
25-06-2021 05:00,EDT,CAPITL,61757,24.23,1.21,-8.32,1
25-06-2021 06:00,EDT,CAPITL,61757,26.41,1.19,-10.49,1
25-06-2021 07:00,EDT,CAPITL,61757,27.68,1.34,-9.57,1
25-06-2021 08:00,EDT,CAPITL,61757,25.56,2.05,0,1
25-06-2021 09:00,EDT,CAPITL,61757,25.53,2.07,0,1
25-06-2021 10:00,EDT,CAPITL,61757,26.29,1.95,0,1
25-06-2021 11:00,EDT,CAPITL,61757,28.28,2.12,0,1
25-06-2021 12:00,EDT,CAPITL,61757,30.82,2.02,0,1
25-06-2021 13:00,EDT,CAPITL,61757,32.21,1.96,0,1
25-06-2021 14:00,EDT,CAPITL,61757,34.34,2.09,0,1
25-06-2021 15:00,EDT,CAPITL,61757,36.64,2.27,0,1
25-06-2021 16:00,EDT,CAPITL,61757,39.56,2.66,0,1
25-06-2021 17:00,EDT,CAPITL,61757,41.63,3.05,0,1
25-06-2021 18:00,EDT,CAPITL,61757,40.04,3.2,0,1
25-06-2021 19:00,EDT,CAPITL,61757,37.17,3.01,0,1
25-06-2021 20:00,EDT,CAPITL,61757,37.02,2.62,-5.27,1
25-06-2021 21:00,EDT,CAPITL,61757,29.39,2.43,0,1
25-06-2021 22:00,EDT,CAPITL,61757,27.29,2.25,0,1
25-06-2021 23:00,EDT,CAPITL,61757,26.01,2,-0.41,1
26-06-2021 00:00,EDT,CAPITL,61757,31.17,1.39,-11.53,1
26-06-2021 01:00,EDT,CAPITL,61757,27.82,1.22,-10.13,1
26-06-2021 02:00,EDT,CAPITL,61757,26.58,1.21,-8.81,1
26-06-2021 03:00,EDT,CAPITL,61757,25.92,1.06,-10.13,1
26-06-2021 04:00,EDT,CAPITL,61757,25.39,1.05,-9.56,1
26-06-2021 05:00,EDT,CAPITL,61757,25.57,1.03,-9.85,1
26-06-2021 06:00,EDT,CAPITL,61757,26,0.98,-10.38,1
26-06-2021 07:00,EDT,CAPITL,61757,28.97,0.9,-13.39,1
26-06-2021 08:00,EDT,CAPITL,61757,29.47,1.29,-9.52,1
26-06-2021 09:00,EDT,CAPITL,61757,29.55,1.46,-6.93,1
26-06-2021 10:00,EDT,CAPITL,61757,29.05,1.82,-2.66,1
26-06-2021 11:00,EDT,CAPITL,61757,31.28,1.85,-5.37,1
26-06-2021 12:00,EDT,CAPITL,61757,34.39,1.8,-9.84,1
26-06-2021 13:00,EDT,CAPITL,61757,37.67,2.02,-9.39,1
26-06-2021 14:00,EDT,CAPITL,61757,40.62,2.05,-11.64,1
26-06-2021 15:00,EDT,CAPITL,61757,47.63,2.22,-16.13,1
26-06-2021 16:00,EDT,CAPITL,61757,55.23,2.32,-23.97,1
26-06-2021 17:00,EDT,CAPITL,61757,60.09,2.64,-25.2,1
26-06-2021 18:00,EDT,CAPITL,61757,59.88,2.52,-27.4,1
26-06-2021 19:00,EDT,CAPITL,61757,60.69,2.01,-35.04,1
26-06-2021 20:00,EDT,CAPITL,61757,52.07,1.85,-28.75,1
26-06-2021 21:00,EDT,CAPITL,61757,45.27,1.99,-20.11,1
26-06-2021 22:00,EDT,CAPITL,61757,38.59,1.99,-12.98,1
26-06-2021 23:00,EDT,CAPITL,61757,32.63,1.38,-13.27,1
27-06-2021 00:00,EDT,CAPITL,61757,39.45,1.43,-20.56,1
27-06-2021 01:00,EDT,CAPITL,61757,34.23,1.37,-15.78,1
27-06-2021 02:00,EDT,CAPITL,61757,32.12,1.31,-13.61,1
27-06-2021 03:00,EDT,CAPITL,61757,32.01,1.29,-13.54,1
27-06-2021 04:00,EDT,CAPITL,61757,29.66,1.29,-11.19,1
27-06-2021 05:00,EDT,CAPITL,61757,29.66,1.3,-11.19,1
27-06-2021 06:00,EDT,CAPITL,61757,30.8,0.82,-18.36,1
27-06-2021 07:00,EDT,CAPITL,61757,31.41,0.91,-17.82,1
27-06-2021 08:00,EDT,CAPITL,61757,32.2,1.38,-13.59,1
27-06-2021 09:00,EDT,CAPITL,61757,37.47,1.92,-12.16,1
27-06-2021 10:00,EDT,CAPITL,61757,39.95,2.09,-13.04,1
27-06-2021 11:00,EDT,CAPITL,61757,41.35,2.71,-7.09,1
27-06-2021 12:00,EDT,CAPITL,61757,44.68,3.02,-6.89,1
27-06-2021 13:00,EDT,CAPITL,61757,46.59,3.2,-5.71,1
27-06-2021 14:00,EDT,CAPITL,61757,51.31,3.45,-7.3,1
27-06-2021 15:00,EDT,CAPITL,61757,57.63,3.66,-9.8,1
27-06-2021 16:00,EDT,CAPITL,61757,70.38,3.65,-23.23,1
27-06-2021 17:00,EDT,CAPITL,61757,77.34,3.95,-27.47,1
27-06-2021 18:00,EDT,CAPITL,61757,76.35,3.91,-28,1
27-06-2021 19:00,EDT,CAPITL,61757,55,4.68,0,1
27-06-2021 20:00,EDT,CAPITL,61757,50.69,4.03,-4.23,1
27-06-2021 21:00,EDT,CAPITL,61757,47.95,3.8,-4.18,1
27-06-2021 22:00,EDT,CAPITL,61757,44.02,3.19,-6.08,1
27-06-2021 23:00,EDT,CAPITL,61757,40.65,2.16,-12.49,1
28-06-2021 00:00,EDT,CAPITL,61757,39.89,2.47,-9.34,1
28-06-2021 01:00,EDT,CAPITL,61757,32.87,2.29,-3.62,1
28-06-2021 02:00,EDT,CAPITL,61757,31.48,2.12,-4.13,1
28-06-2021 03:00,EDT,CAPITL,61757,29.26,2.06,-2.7,1
28-06-2021 04:00,EDT,CAPITL,61757,28.87,2,-2.7,1
28-06-2021 05:00,EDT,CAPITL,61757,31.51,2.04,-5.23,1
28-06-2021 06:00,EDT,CAPITL,61757,35.12,2.14,-6.87,1
28-06-2021 07:00,EDT,CAPITL,61757,41.21,2.55,-7.17,1
28-06-2021 08:00,EDT,CAPITL,61757,42.37,3.42,-0.1,1
28-06-2021 09:00,EDT,CAPITL,61757,45.2,3.53,-0.16,1
28-06-2021 10:00,EDT,CAPITL,61757,48.08,3.81,0,1
28-06-2021 11:00,EDT,CAPITL,61757,52.23,4.18,0,1
28-06-2021 12:00,EDT,CAPITL,61757,53.77,4.39,0,1
28-06-2021 13:00,EDT,CAPITL,61757,58.83,4.76,0,1
28-06-2021 14:00,EDT,CAPITL,61757,71.7,5.82,-2.53,1
28-06-2021 15:00,EDT,CAPITL,61757,73.52,5.98,-0.32,1
28-06-2021 16:00,EDT,CAPITL,61757,77.35,6.32,0,1
28-06-2021 17:00,EDT,CAPITL,61757,87.95,7.04,0,1
28-06-2021 18:00,EDT,CAPITL,61757,80.45,6.58,-2.28,1
28-06-2021 19:00,EDT,CAPITL,61757,66.94,5.47,0,1
28-06-2021 20:00,EDT,CAPITL,61757,54.51,4.45,0,1
28-06-2021 21:00,EDT,CAPITL,61757,51.63,4.18,0,1
28-06-2021 22:00,EDT,CAPITL,61757,46.37,3.55,0,1
28-06-2021 23:00,EDT,CAPITL,61757,40.11,2.94,0,1
29-06-2021 00:00,EDT,CAPITL,61757,40.43,3.3,0,1
29-06-2021 01:00,EDT,CAPITL,61757,36.87,2.95,0,1
29-06-2021 02:00,EDT,CAPITL,61757,34.73,2.66,0,1
29-06-2021 03:00,EDT,CAPITL,61757,32.98,2.53,0,1
29-06-2021 04:00,EDT,CAPITL,61757,33.02,2.56,0,1
29-06-2021 05:00,EDT,CAPITL,61757,34.03,2.61,0,1
29-06-2021 06:00,EDT,CAPITL,61757,34.8,2.76,0,1
29-06-2021 07:00,EDT,CAPITL,61757,39.45,3.22,0,1
29-06-2021 08:00,EDT,CAPITL,61757,46.14,3.77,0,1
29-06-2021 09:00,EDT,CAPITL,61757,50.3,4.11,0,1
29-06-2021 10:00,EDT,CAPITL,61757,52.2,4.35,0,1
29-06-2021 11:00,EDT,CAPITL,61757,54.78,4.43,0,1
29-06-2021 12:00,EDT,CAPITL,61757,67.06,5.71,0,1
29-06-2021 13:00,EDT,CAPITL,61757,72.22,5.84,0,1
29-06-2021 14:00,EDT,CAPITL,61757,78.76,6.51,0,1
29-06-2021 15:00,EDT,CAPITL,61757,95.29,7.64,-0.85,1
29-06-2021 16:00,EDT,CAPITL,61757,96.81,7.64,-0.28,1
29-06-2021 17:00,EDT,CAPITL,61757,99.75,7.98,0,1
29-06-2021 18:00,EDT,CAPITL,61757,94.13,8.01,0,1
29-06-2021 19:00,EDT,CAPITL,61757,77.26,6.71,0,1
29-06-2021 20:00,EDT,CAPITL,61757,67.19,5.74,-4.04,1
29-06-2021 21:00,EDT,CAPITL,61757,53.37,4.72,0,1
29-06-2021 22:00,EDT,CAPITL,61757,49.96,4.13,0,1
29-06-2021 23:00,EDT,CAPITL,61757,44.15,3.46,0,1
30-06-2021 00:00,EDT,CAPITL,61757,48.98,3.96,0,1
30-06-2021 01:00,EDT,CAPITL,61757,43.67,3.61,0,1
30-06-2021 02:00,EDT,CAPITL,61757,42.38,3.03,-5.34,1
30-06-2021 03:00,EDT,CAPITL,61757,40.12,2.78,-5.75,1
30-06-2021 04:00,EDT,CAPITL,61757,42.39,2.76,-10.57,1
30-06-2021 05:00,EDT,CAPITL,61757,41,2.91,-8.11,1
30-06-2021 06:00,EDT,CAPITL,61757,46.61,3.2,-10.12,1
30-06-2021 07:00,EDT,CAPITL,61757,45,3.18,-7.99,1
30-06-2021 08:00,EDT,CAPITL,61757,58.9,3.93,-12.71,1
30-06-2021 09:00,EDT,CAPITL,61757,64.81,4.35,-14.15,1
30-06-2021 10:00,EDT,CAPITL,61757,60.65,5.26,0,1
30-06-2021 11:00,EDT,CAPITL,61757,67.13,5.14,-8.51,1
30-06-2021 12:00,EDT,CAPITL,61757,116.65,4.58,-65.77,1
30-06-2021 13:00,EDT,CAPITL,61757,135,5.25,-73.86,1
30-06-2021 14:00,EDT,CAPITL,61757,135,5.44,-71.11,1
30-06-2021 15:00,EDT,CAPITL,61757,144.06,6.53,-65.82,1
30-06-2021 16:00,EDT,CAPITL,61757,100,7.1,-13.04,1
30-06-2021 17:00,EDT,CAPITL,61757,90,7.28,0,1
30-06-2021 18:00,EDT,CAPITL,61757,85,6.83,-1.41,1
30-06-2021 19:00,EDT,CAPITL,61757,75.26,5.7,0,1
30-06-2021 20:00,EDT,CAPITL,61757,58.77,4.65,0,1
30-06-2021 21:00,EDT,CAPITL,61757,57.18,4.38,0,1
30-06-2021 22:00,EDT,CAPITL,61757,51.61,3.94,-0.18,1
30-06-2021 23:00,EDT,CAPITL,61757,49.96,3.29,-7.99,1
01-07-2021 00:00,EDT,CAPITL,61757,48.96,4,0,1
01-07-2021 01:00,EDT,CAPITL,61757,44.55,3.22,-5.17,1
01-07-2021 02:00,EDT,CAPITL,61757,42,2.97,-4.87,1
01-07-2021 03:00,EDT,CAPITL,61757,41.17,2.8,-5.87,1
01-07-2021 04:00,EDT,CAPITL,61757,39.05,2.83,-3.36,1
01-07-2021 05:00,EDT,CAPITL,61757,38.03,3,-0.99,1
01-07-2021 06:00,EDT,CAPITL,61757,40.38,3.34,0,1
01-07-2021 07:00,EDT,CAPITL,61757,45.47,3.27,-4.53,1
01-07-2021 08:00,EDT,CAPITL,61757,69.73,3.39,-30.68,1
01-07-2021 09:00,EDT,CAPITL,61757,69.1,3.55,-27.74,1
01-07-2021 10:00,EDT,CAPITL,61757,50.93,3.94,-3.73,1
01-07-2021 11:00,EDT,CAPITL,61757,56.97,3.94,-10.2,1
01-07-2021 12:00,EDT,CAPITL,61757,51.91,4.15,0,1
01-07-2021 13:00,EDT,CAPITL,61757,52.26,3.83,0,1
01-07-2021 14:00,EDT,CAPITL,61757,56.49,4.13,0,1
01-07-2021 15:00,EDT,CAPITL,61757,56.54,4.14,0,1
01-07-2021 16:00,EDT,CAPITL,61757,57.69,4.32,0,1
01-07-2021 17:00,EDT,CAPITL,61757,57.19,4.28,0,1
01-07-2021 18:00,EDT,CAPITL,61757,52.84,4.1,0,1
01-07-2021 19:00,EDT,CAPITL,61757,49.05,3.67,0,1
01-07-2021 20:00,EDT,CAPITL,61757,45.86,3.51,0,1
01-07-2021 21:00,EDT,CAPITL,61757,43.5,3.48,0,1
01-07-2021 22:00,EDT,CAPITL,61757,39.2,3.04,0,1
01-07-2021 23:00,EDT,CAPITL,61757,37.45,2.81,0,1
02-07-2021 00:00,EDT,CAPITL,61757,35.65,1.89,-8.89,1
02-07-2021 01:00,EDT,CAPITL,61757,31.54,1.66,-7.17,1
02-07-2021 02:00,EDT,CAPITL,61757,30.15,1.49,-7.98,1
02-07-2021 03:00,EDT,CAPITL,61757,30.56,1.24,-11.86,1
02-07-2021 04:00,EDT,CAPITL,61757,29.35,1.42,-7.91,1
02-07-2021 05:00,EDT,CAPITL,61757,32.49,1.33,-13.95,1
02-07-2021 06:00,EDT,CAPITL,61757,39.96,0.97,-24.9,1
02-07-2021 07:00,EDT,CAPITL,61757,41.44,0.84,-25.9,1
02-07-2021 08:00,EDT,CAPITL,61757,42.19,1.08,-22.83,1
02-07-2021 09:00,EDT,CAPITL,61757,44.49,1.29,-22.14,1
02-07-2021 10:00,EDT,CAPITL,61757,40.74,1.49,-14.85,1
02-07-2021 11:00,EDT,CAPITL,61757,40.29,1.52,-13.81,1
02-07-2021 12:00,EDT,CAPITL,61757,41.38,1.52,-14.9,1
02-07-2021 13:00,EDT,CAPITL,61757,41.32,1.45,-15.22,1
02-07-2021 14:00,EDT,CAPITL,61757,37.32,1.95,-4.4,1
02-07-2021 15:00,EDT,CAPITL,61757,37.58,1.99,-4.88,1
02-07-2021 16:00,EDT,CAPITL,61757,39.3,2.04,-7.26,1
02-07-2021 17:00,EDT,CAPITL,61757,39.55,2.2,-5.39,1
02-07-2021 18:00,EDT,CAPITL,61757,37.02,2.2,-3.84,1
02-07-2021 19:00,EDT,CAPITL,61757,35.49,2.11,-4.02,1
02-07-2021 20:00,EDT,CAPITL,61757,32.97,2.04,-4.02,1
02-07-2021 21:00,EDT,CAPITL,61757,30.84,2.01,-2.01,1
02-07-2021 22:00,EDT,CAPITL,61757,28.79,2.16,0,1
02-07-2021 23:00,EDT,CAPITL,61757,27.34,1.79,-1.69,1
03-07-2021 00:00,EDT,CAPITL,61757,28.33,1.62,-5.36,1
03-07-2021 01:00,EDT,CAPITL,61757,25.39,1.51,-3.81,1
03-07-2021 02:00,EDT,CAPITL,61757,24.87,1.39,-5.36,1
03-07-2021 03:00,EDT,CAPITL,61757,23.35,1.26,-5.56,1
03-07-2021 04:00,EDT,CAPITL,61757,22.97,1.26,-5.15,1
03-07-2021 05:00,EDT,CAPITL,61757,23.11,1.27,-5.36,1
03-07-2021 06:00,EDT,CAPITL,61757,23.76,1.22,-6.44,1
03-07-2021 07:00,EDT,CAPITL,61757,26.8,1.25,-8.14,1
03-07-2021 08:00,EDT,CAPITL,61757,25.2,1.79,-0.21,1
03-07-2021 09:00,EDT,CAPITL,61757,26.19,1.99,0,1
03-07-2021 10:00,EDT,CAPITL,61757,25.75,1.91,0,1
03-07-2021 11:00,EDT,CAPITL,61757,26.53,1.99,0,1
03-07-2021 12:00,EDT,CAPITL,61757,26.04,1.91,0,1
03-07-2021 13:00,EDT,CAPITL,61757,25.98,1.99,0,1
03-07-2021 14:00,EDT,CAPITL,61757,26.17,2,0,1
03-07-2021 15:00,EDT,CAPITL,61757,27.09,2.08,0,1
03-07-2021 16:00,EDT,CAPITL,61757,28.61,2.12,0,1
03-07-2021 17:00,EDT,CAPITL,61757,30.64,2.32,0,1
03-07-2021 18:00,EDT,CAPITL,61757,30.61,2.37,0,1
03-07-2021 19:00,EDT,CAPITL,61757,29.22,2.31,0,1
03-07-2021 20:00,EDT,CAPITL,61757,27.24,2.09,0,1
03-07-2021 21:00,EDT,CAPITL,61757,26.14,1.96,0,1
03-07-2021 22:00,EDT,CAPITL,61757,24.79,1.84,0,1
03-07-2021 23:00,EDT,CAPITL,61757,24.5,1.64,-1.27,1
04-07-2021 00:00,EDT,CAPITL,61757,23.75,1.68,0,1
04-07-2021 01:00,EDT,CAPITL,61757,22.75,1.26,-4.74,1
04-07-2021 02:00,EDT,CAPITL,61757,22.07,1.19,-4.73,1
04-07-2021 03:00,EDT,CAPITL,61757,20.63,1.26,-2.77,1
04-07-2021 04:00,EDT,CAPITL,61757,18.68,1.24,-1.18,1
04-07-2021 05:00,EDT,CAPITL,61757,19.26,1.25,-2.15,1
04-07-2021 06:00,EDT,CAPITL,61757,18.59,1.18,-2.66,1
04-07-2021 07:00,EDT,CAPITL,61757,20.62,1.26,-3.28,1
04-07-2021 08:00,EDT,CAPITL,61757,22.18,1.53,-1.03,1
04-07-2021 09:00,EDT,CAPITL,61757,23.08,1.69,0,1
04-07-2021 10:00,EDT,CAPITL,61757,22.93,1.58,0,1
04-07-2021 11:00,EDT,CAPITL,61757,24.31,1.59,0,1
04-07-2021 12:00,EDT,CAPITL,61757,25.04,1.64,0,1
04-07-2021 13:00,EDT,CAPITL,61757,25.27,1.54,0,1
04-07-2021 14:00,EDT,CAPITL,61757,25.96,1.57,0.05,1
04-07-2021 15:00,EDT,CAPITL,61757,28.07,1.75,0.21,1
04-07-2021 16:00,EDT,CAPITL,61757,29.95,1.88,0.36,1
04-07-2021 17:00,EDT,CAPITL,61757,33.63,2.13,0.28,1
04-07-2021 18:00,EDT,CAPITL,61757,34.8,2.29,0.16,1
04-07-2021 19:00,EDT,CAPITL,61757,32.18,2.08,0.06,1
04-07-2021 20:00,EDT,CAPITL,61757,30.18,2.11,0,1
04-07-2021 21:00,EDT,CAPITL,61757,28.24,1.92,0,1
04-07-2021 22:00,EDT,CAPITL,61757,25.65,1.7,0,1
04-07-2021 23:00,EDT,CAPITL,61757,23.31,1.52,0,1
05-07-2021 00:00,EDT,CAPITL,61757,26.93,1.75,-2.73,1
05-07-2021 01:00,EDT,CAPITL,61757,24.95,1.53,-4.58,1
05-07-2021 02:00,EDT,CAPITL,61757,23.93,1.35,-5.68,1
05-07-2021 03:00,EDT,CAPITL,61757,23.37,1.24,-6.29,1
05-07-2021 04:00,EDT,CAPITL,61757,22.36,1.31,-4.75,1
05-07-2021 05:00,EDT,CAPITL,61757,23.42,1.33,-5.63,1
05-07-2021 06:00,EDT,CAPITL,61757,25.67,1.38,-7.67,1
05-07-2021 07:00,EDT,CAPITL,61757,25.66,1.7,-2.99,1
05-07-2021 08:00,EDT,CAPITL,61757,26.13,1.91,0,1
05-07-2021 09:00,EDT,CAPITL,61757,28.01,1.96,0,1
05-07-2021 10:00,EDT,CAPITL,61757,28.2,1.82,0,1
05-07-2021 11:00,EDT,CAPITL,61757,30.16,1.89,0,1
05-07-2021 12:00,EDT,CAPITL,61757,32.49,2.06,0.23,1
05-07-2021 13:00,EDT,CAPITL,61757,34.4,2.04,0.07,1
05-07-2021 14:00,EDT,CAPITL,61757,35.88,2.1,0.09,1
05-07-2021 15:00,EDT,CAPITL,61757,40.53,2.58,0.51,1
05-07-2021 16:00,EDT,CAPITL,61757,44.7,2.88,0,1
05-07-2021 17:00,EDT,CAPITL,61757,48.71,3.27,0,1
05-07-2021 18:00,EDT,CAPITL,61757,47.44,3.43,0,1
05-07-2021 19:00,EDT,CAPITL,61757,43.4,3.14,0,1
05-07-2021 20:00,EDT,CAPITL,61757,38,2.88,0,1
05-07-2021 21:00,EDT,CAPITL,61757,34.83,2.7,0,1
05-07-2021 22:00,EDT,CAPITL,61757,31.35,2.45,0,1
05-07-2021 23:00,EDT,CAPITL,61757,29.19,2.24,0,1
06-07-2021 00:00,EDT,CAPITL,61757,33.37,2.61,0,1
06-07-2021 01:00,EDT,CAPITL,61757,29,2.19,-1.36,1
06-07-2021 02:00,EDT,CAPITL,61757,27.8,1.8,-5.07,1
06-07-2021 03:00,EDT,CAPITL,61757,26.87,1.7,-5.39,1
06-07-2021 04:00,EDT,CAPITL,61757,26.86,1.66,-5.85,1
06-07-2021 05:00,EDT,CAPITL,61757,26.92,1.72,-5.37,1
06-07-2021 06:00,EDT,CAPITL,61757,31.39,1.8,-8.61,1
06-07-2021 07:00,EDT,CAPITL,61757,35.78,2.49,-1.38,1
06-07-2021 08:00,EDT,CAPITL,61757,39.48,2.82,0,1
06-07-2021 09:00,EDT,CAPITL,61757,42.36,2.92,0,1
06-07-2021 10:00,EDT,CAPITL,61757,45.11,3.19,0,1
06-07-2021 11:00,EDT,CAPITL,61757,50.56,3.4,0,1
06-07-2021 12:00,EDT,CAPITL,61757,55.13,3.8,0,1
06-07-2021 13:00,EDT,CAPITL,61757,58.32,3.92,0,1
06-07-2021 14:00,EDT,CAPITL,61757,65.75,4.76,0,1
06-07-2021 15:00,EDT,CAPITL,61757,76.43,5.46,0,1
06-07-2021 16:00,EDT,CAPITL,61757,83.32,6.24,0,1
06-07-2021 17:00,EDT,CAPITL,61757,88.14,6.53,0,1
06-07-2021 18:00,EDT,CAPITL,61757,83.82,6.5,0,1
06-07-2021 19:00,EDT,CAPITL,61757,67.78,5.19,0,1
06-07-2021 20:00,EDT,CAPITL,61757,60.76,4.76,0,1
06-07-2021 21:00,EDT,CAPITL,61757,52.99,4.02,0,1
06-07-2021 22:00,EDT,CAPITL,61757,46.29,3.39,0,1
06-07-2021 23:00,EDT,CAPITL,61757,42.23,2.95,0,1
07-07-2021 00:00,EDT,CAPITL,61757,38.71,2.8,0,1
07-07-2021 01:00,EDT,CAPITL,61757,35.27,2.64,0,1
07-07-2021 02:00,EDT,CAPITL,61757,31.95,2.42,0,1
07-07-2021 03:00,EDT,CAPITL,61757,30.8,2.29,-0.93,1
07-07-2021 04:00,EDT,CAPITL,61757,30.14,2.21,-1.26,1
07-07-2021 05:00,EDT,CAPITL,61757,31.05,2.35,0,1
07-07-2021 06:00,EDT,CAPITL,61757,34.86,2.33,-4.13,1
07-07-2021 07:00,EDT,CAPITL,61757,37.15,2.61,-1.93,1
07-07-2021 08:00,EDT,CAPITL,61757,41.28,3.19,-0.09,1
07-07-2021 09:00,EDT,CAPITL,61757,43.89,3.43,-0.06,1
07-07-2021 10:00,EDT,CAPITL,61757,47.55,3.52,0,1
07-07-2021 11:00,EDT,CAPITL,61757,51.16,3.83,0,1
07-07-2021 12:00,EDT,CAPITL,61757,56.82,4.26,0,1
07-07-2021 13:00,EDT,CAPITL,61757,63,4.72,0,1
07-07-2021 14:00,EDT,CAPITL,61757,70.97,5.38,0,1
07-07-2021 15:00,EDT,CAPITL,61757,67.35,4.99,-0.02,1
07-07-2021 16:00,EDT,CAPITL,61757,69.79,5.46,0,1
07-07-2021 17:00,EDT,CAPITL,61757,69.86,5.3,0,1
07-07-2021 18:00,EDT,CAPITL,61757,71.2,5.54,-0.46,1
07-07-2021 19:00,EDT,CAPITL,61757,57.54,4.36,-0.64,1
07-07-2021 20:00,EDT,CAPITL,61757,53,4.15,-0.03,1
07-07-2021 21:00,EDT,CAPITL,61757,49.84,3.99,0,1
07-07-2021 22:00,EDT,CAPITL,61757,44.7,3.42,0,1
07-07-2021 23:00,EDT,CAPITL,61757,39.83,2.92,0,1
08-07-2021 00:00,EDT,CAPITL,61757,38.82,2.4,-6.84,1
08-07-2021 01:00,EDT,CAPITL,61757,34.99,2.11,-7.4,1
08-07-2021 02:00,EDT,CAPITL,61757,33.05,1.87,-8.4,1
08-07-2021 03:00,EDT,CAPITL,61757,31.91,1.69,-9.63,1
08-07-2021 04:00,EDT,CAPITL,61757,31.28,1.77,-7.65,1
08-07-2021 05:00,EDT,CAPITL,61757,32.4,1.83,-8.51,1
08-07-2021 06:00,EDT,CAPITL,61757,37.4,1.85,-15.26,1
08-07-2021 07:00,EDT,CAPITL,61757,39.76,2.15,-14.53,1
08-07-2021 08:00,EDT,CAPITL,61757,43.25,2.93,-8.12,1
08-07-2021 09:00,EDT,CAPITL,61757,39.8,3.24,-0.59,1
08-07-2021 10:00,EDT,CAPITL,61757,40.54,3.21,-0.04,1
08-07-2021 11:00,EDT,CAPITL,61757,43.74,3.32,0,1
08-07-2021 12:00,EDT,CAPITL,61757,44.83,3.52,0.13,1
08-07-2021 13:00,EDT,CAPITL,61757,41.73,3.03,-1.72,1
08-07-2021 14:00,EDT,CAPITL,61757,41.63,3.26,0,1
08-07-2021 15:00,EDT,CAPITL,61757,39.27,3.04,0,1
08-07-2021 16:00,EDT,CAPITL,61757,42.84,2.94,-4.89,1
08-07-2021 17:00,EDT,CAPITL,61757,55.66,2.92,-18.32,1
08-07-2021 18:00,EDT,CAPITL,61757,54.68,2.94,-18.69,1
08-07-2021 19:00,EDT,CAPITL,61757,54.22,2.73,-21.47,1
08-07-2021 20:00,EDT,CAPITL,61757,55.68,2.85,-22.14,1
08-07-2021 21:00,EDT,CAPITL,61757,50.71,2.85,-16.83,1
08-07-2021 22:00,EDT,CAPITL,61757,45.64,2.57,-15.18,1
08-07-2021 23:00,EDT,CAPITL,61757,38.16,2.18,-11.74,1
09-07-2021 00:00,EDT,CAPITL,61757,38.77,1.73,-15.15,1
09-07-2021 01:00,EDT,CAPITL,61757,34.84,1.6,-14.45,1
09-07-2021 02:00,EDT,CAPITL,61757,31.98,1.5,-12.88,1
09-07-2021 03:00,EDT,CAPITL,61757,31.81,1.37,-13.7,1
09-07-2021 04:00,EDT,CAPITL,61757,30.71,1.48,-11.36,1
09-07-2021 05:00,EDT,CAPITL,61757,31.49,1.61,-10.86,1
09-07-2021 06:00,EDT,CAPITL,61757,35.48,1.7,-13.97,1
09-07-2021 07:00,EDT,CAPITL,61757,37.73,1.75,-14.87,1
09-07-2021 08:00,EDT,CAPITL,61757,36.21,2.27,-7.84,1
09-07-2021 09:00,EDT,CAPITL,61757,37.27,2.75,-2.87,1
09-07-2021 10:00,EDT,CAPITL,61757,36.97,3.02,0,1
09-07-2021 11:00,EDT,CAPITL,61757,37.79,2.93,0,1
09-07-2021 12:00,EDT,CAPITL,61757,41.15,3.12,0,1
09-07-2021 13:00,EDT,CAPITL,61757,41.95,3.18,0,1
09-07-2021 14:00,EDT,CAPITL,61757,42.31,3.17,0,1
09-07-2021 15:00,EDT,CAPITL,61757,44.42,3.4,0,1
09-07-2021 16:00,EDT,CAPITL,61757,47.11,3.69,0,1
09-07-2021 17:00,EDT,CAPITL,61757,50.32,3.86,-2.08,1
09-07-2021 18:00,EDT,CAPITL,61757,53.41,3.26,-13.17,1
09-07-2021 19:00,EDT,CAPITL,61757,47.01,2.98,-10.48,1
09-07-2021 20:00,EDT,CAPITL,61757,45.22,2.73,-12.52,1
09-07-2021 21:00,EDT,CAPITL,61757,40.95,2.75,-7.96,1
09-07-2021 22:00,EDT,CAPITL,61757,33.93,2.35,-4.85,1
09-07-2021 23:00,EDT,CAPITL,61757,36.31,1.89,-9.89,1
10-07-2021 00:00,EDT,CAPITL,61757,35.13,1.8,-10.33,1
10-07-2021 01:00,EDT,CAPITL,61757,31.71,1.58,-9.85,1
10-07-2021 02:00,EDT,CAPITL,61757,30.67,1.42,-11.06,1
10-07-2021 03:00,EDT,CAPITL,61757,29.4,1.29,-11.59,1
10-07-2021 04:00,EDT,CAPITL,61757,28.9,1.27,-11.11,1
10-07-2021 05:00,EDT,CAPITL,61757,27.89,1.48,-7.63,1
10-07-2021 06:00,EDT,CAPITL,61757,28.43,1.36,-9.6,1
10-07-2021 07:00,EDT,CAPITL,61757,28,1.47,-6.89,1
10-07-2021 08:00,EDT,CAPITL,61757,27.71,2.01,0,1
10-07-2021 09:00,EDT,CAPITL,61757,30.98,2.27,0,1
10-07-2021 10:00,EDT,CAPITL,61757,33.06,2.31,0,1
10-07-2021 11:00,EDT,CAPITL,61757,34.23,2.36,0,1
10-07-2021 12:00,EDT,CAPITL,61757,35.1,2.39,0,1
10-07-2021 13:00,EDT,CAPITL,61757,36.03,2.3,0,1
10-07-2021 14:00,EDT,CAPITL,61757,37.04,2.29,0,1
10-07-2021 15:00,EDT,CAPITL,61757,41.62,2.68,0,1
10-07-2021 16:00,EDT,CAPITL,61757,44.89,2.98,0,1
10-07-2021 17:00,EDT,CAPITL,61757,47.25,3.38,0,1
10-07-2021 18:00,EDT,CAPITL,61757,46.21,3.38,0,1
10-07-2021 19:00,EDT,CAPITL,61757,40.02,2.95,0.32,1
10-07-2021 20:00,EDT,CAPITL,61757,35.8,2.71,0,1
10-07-2021 21:00,EDT,CAPITL,61757,34.36,2.55,0.01,1
10-07-2021 22:00,EDT,CAPITL,61757,31.32,2.3,0.1,1
10-07-2021 23:00,EDT,CAPITL,61757,31.08,2.21,0.27,1
11-07-2021 00:00,EDT,CAPITL,61757,32.44,1.95,-5.48,1
11-07-2021 01:00,EDT,CAPITL,61757,29.01,1.82,-3.58,1
11-07-2021 02:00,EDT,CAPITL,61757,29.28,1.64,-6.02,1
11-07-2021 03:00,EDT,CAPITL,61757,27.54,1.56,-5.49,1
11-07-2021 04:00,EDT,CAPITL,61757,27.48,1.45,-6.92,1
11-07-2021 05:00,EDT,CAPITL,61757,28.27,1.32,-9.83,1
11-07-2021 06:00,EDT,CAPITL,61757,27.62,1.11,-11.78,1
11-07-2021 07:00,EDT,CAPITL,61757,27.76,1.19,-10.27,1
11-07-2021 08:00,EDT,CAPITL,61757,26.97,1.79,-1.61,1
11-07-2021 09:00,EDT,CAPITL,61757,28.94,2.1,0,1
11-07-2021 10:00,EDT,CAPITL,61757,30.04,2.02,0,1
11-07-2021 11:00,EDT,CAPITL,61757,32.79,2.29,0,1
11-07-2021 12:00,EDT,CAPITL,61757,33.55,2.31,0,1
11-07-2021 13:00,EDT,CAPITL,61757,35.14,2.33,0,1
11-07-2021 14:00,EDT,CAPITL,61757,39.64,2.66,0,1
11-07-2021 15:00,EDT,CAPITL,61757,41.97,2.75,0,1
11-07-2021 16:00,EDT,CAPITL,61757,45.28,2.96,0,1
11-07-2021 17:00,EDT,CAPITL,61757,48.93,3.45,0,1
11-07-2021 18:00,EDT,CAPITL,61757,47.75,3.58,0,1
11-07-2021 19:00,EDT,CAPITL,61757,44.21,3.39,0,1
11-07-2021 20:00,EDT,CAPITL,61757,40.93,3.2,0,1
11-07-2021 21:00,EDT,CAPITL,61757,34.64,2.71,0,1
11-07-2021 22:00,EDT,CAPITL,61757,32.37,2.4,0,1
11-07-2021 23:00,EDT,CAPITL,61757,31.44,2.11,0,1
12-07-2021 00:00,EDT,CAPITL,61757,33.1,2.36,-2,1
12-07-2021 01:00,EDT,CAPITL,61757,30.38,1.98,-2.62,1
12-07-2021 02:00,EDT,CAPITL,61757,30.63,1.58,-8.75,1
12-07-2021 03:00,EDT,CAPITL,61757,29.96,1.56,-8.39,1
12-07-2021 04:00,EDT,CAPITL,61757,29.67,1.5,-8.9,1
12-07-2021 05:00,EDT,CAPITL,61757,29.19,1.85,-4.45,1
12-07-2021 06:00,EDT,CAPITL,61757,32.98,1.81,-8.52,1
12-07-2021 07:00,EDT,CAPITL,61757,33.73,2.14,-4.88,1
12-07-2021 08:00,EDT,CAPITL,61757,32.83,2.57,0,1
12-07-2021 09:00,EDT,CAPITL,61757,35.53,2.42,0,1
12-07-2021 10:00,EDT,CAPITL,61757,37.06,2.31,0.2,1
12-07-2021 11:00,EDT,CAPITL,61757,38.53,2.11,0,1
12-07-2021 12:00,EDT,CAPITL,61757,39.98,2.12,0,1
12-07-2021 13:00,EDT,CAPITL,61757,40.38,1.96,0,1
12-07-2021 14:00,EDT,CAPITL,61757,43.11,2.17,0,1
12-07-2021 15:00,EDT,CAPITL,61757,46.77,2.31,0,1
12-07-2021 16:00,EDT,CAPITL,61757,49.91,2.6,0,1
12-07-2021 17:00,EDT,CAPITL,61757,52.95,3,0,1
12-07-2021 18:00,EDT,CAPITL,61757,49.92,3.14,0,1
12-07-2021 19:00,EDT,CAPITL,61757,45.96,2.85,0.01,1
12-07-2021 20:00,EDT,CAPITL,61757,40.83,2.67,0,1
12-07-2021 21:00,EDT,CAPITL,61757,38.13,2.56,0,1
12-07-2021 22:00,EDT,CAPITL,61757,35.87,2.47,0,1
12-07-2021 23:00,EDT,CAPITL,61757,33.98,2.52,0,1
13-07-2021 00:00,EDT,CAPITL,61757,35.68,2.16,-6.83,1
13-07-2021 01:00,EDT,CAPITL,61757,31.81,2.01,-4.95,1
13-07-2021 02:00,EDT,CAPITL,61757,31.05,1.77,-7.39,1
13-07-2021 03:00,EDT,CAPITL,61757,30.69,1.77,-7.01,1
13-07-2021 04:00,EDT,CAPITL,61757,30.43,1.81,-6.81,1
13-07-2021 05:00,EDT,CAPITL,61757,30.92,2.01,-4.97,1
13-07-2021 06:00,EDT,CAPITL,61757,32.64,2.13,-4.85,1
13-07-2021 07:00,EDT,CAPITL,61757,32.1,2.32,0,1
13-07-2021 08:00,EDT,CAPITL,61757,35.97,2.57,0,1
13-07-2021 09:00,EDT,CAPITL,61757,37.13,2.46,0,1
13-07-2021 10:00,EDT,CAPITL,61757,38.46,2.45,0,1
13-07-2021 11:00,EDT,CAPITL,61757,42.76,2.5,0,1
13-07-2021 12:00,EDT,CAPITL,61757,44.79,2.41,0,1
13-07-2021 13:00,EDT,CAPITL,61757,45.52,2.25,0,1
13-07-2021 14:00,EDT,CAPITL,61757,47.22,2.63,0,1
13-07-2021 15:00,EDT,CAPITL,61757,48.05,2.85,0,1
13-07-2021 16:00,EDT,CAPITL,61757,51.76,3.07,0,1
13-07-2021 17:00,EDT,CAPITL,61757,55.48,3.73,0,1
13-07-2021 18:00,EDT,CAPITL,61757,49.85,3.56,0,1
13-07-2021 19:00,EDT,CAPITL,61757,46.7,3.58,0,1
13-07-2021 20:00,EDT,CAPITL,61757,44.18,3.42,0,1
13-07-2021 21:00,EDT,CAPITL,61757,40.73,3.15,0.37,1
13-07-2021 22:00,EDT,CAPITL,61757,36.63,2.75,0.08,1
13-07-2021 23:00,EDT,CAPITL,61757,33.79,2.53,0,1
14-07-2021 00:00,EDT,CAPITL,61757,33.3,2.14,-4.48,1
14-07-2021 01:00,EDT,CAPITL,61757,31,2,-4.91,1
14-07-2021 02:00,EDT,CAPITL,61757,31,1.81,-7.41,1
14-07-2021 03:00,EDT,CAPITL,61757,30,1.73,-7.36,1
14-07-2021 04:00,EDT,CAPITL,61757,30,1.67,-8.14,1
14-07-2021 05:00,EDT,CAPITL,61757,31.21,1.69,-8.59,1
14-07-2021 06:00,EDT,CAPITL,61757,32.63,2.09,-4.75,1
14-07-2021 07:00,EDT,CAPITL,61757,31.48,2.25,0,1
14-07-2021 08:00,EDT,CAPITL,61757,33.82,2.36,0,1
14-07-2021 09:00,EDT,CAPITL,61757,36.02,2.45,0,1
14-07-2021 10:00,EDT,CAPITL,61757,36.89,2.19,0,1
14-07-2021 11:00,EDT,CAPITL,61757,38.2,2.36,0,1
14-07-2021 12:00,EDT,CAPITL,61757,42.03,2.59,-0.13,1
14-07-2021 13:00,EDT,CAPITL,61757,43.86,2.68,-0.58,1
14-07-2021 14:00,EDT,CAPITL,61757,47.45,2.97,-0.76,1
14-07-2021 15:00,EDT,CAPITL,61757,49.06,3.27,-0.9,1
14-07-2021 16:00,EDT,CAPITL,61757,52.48,3.49,-1.1,1
14-07-2021 17:00,EDT,CAPITL,61757,55.11,3.75,-1.32,1
14-07-2021 18:00,EDT,CAPITL,61757,50.55,3.69,-0.75,1
14-07-2021 19:00,EDT,CAPITL,61757,46.45,3.25,-0.48,1
14-07-2021 20:00,EDT,CAPITL,61757,43.99,3.21,-0.14,1
14-07-2021 21:00,EDT,CAPITL,61757,39.55,2.79,0,1
14-07-2021 22:00,EDT,CAPITL,61757,36.61,2.49,0,1
14-07-2021 23:00,EDT,CAPITL,61757,34.13,2.35,0,1
15-07-2021 00:00,EDT,CAPITL,61757,36.09,2.33,-5.31,1
15-07-2021 01:00,EDT,CAPITL,61757,33.15,2.03,-5.99,1
15-07-2021 02:00,EDT,CAPITL,61757,31.59,1.89,-6.03,1
15-07-2021 03:00,EDT,CAPITL,61757,30,1.78,-5.37,1
15-07-2021 04:00,EDT,CAPITL,61757,29.65,1.78,-5.88,1
15-07-2021 05:00,EDT,CAPITL,61757,30.22,1.83,-5.27,1
15-07-2021 06:00,EDT,CAPITL,61757,32.17,1.95,-5.91,1
15-07-2021 07:00,EDT,CAPITL,61757,32.53,2.3,0,1
15-07-2021 08:00,EDT,CAPITL,61757,35.82,2.56,0,1
15-07-2021 09:00,EDT,CAPITL,61757,36.16,2.4,0,1
15-07-2021 10:00,EDT,CAPITL,61757,40.04,2.58,-0.04,1
15-07-2021 11:00,EDT,CAPITL,61757,45.49,2.83,-0.36,1
15-07-2021 12:00,EDT,CAPITL,61757,48.42,3.23,-0.31,1
15-07-2021 13:00,EDT,CAPITL,61757,51.23,3.48,-0.03,1
15-07-2021 14:00,EDT,CAPITL,61757,55.69,3.74,-0.06,1
15-07-2021 15:00,EDT,CAPITL,61757,62.3,4.33,-0.21,1
15-07-2021 16:00,EDT,CAPITL,61757,67.17,4.77,-0.53,1
15-07-2021 17:00,EDT,CAPITL,61757,72.86,5.37,-0.44,1
15-07-2021 18:00,EDT,CAPITL,61757,61.49,4.71,0,1
15-07-2021 19:00,EDT,CAPITL,61757,53.41,4.09,0,1
15-07-2021 20:00,EDT,CAPITL,61757,50.87,4.03,0,1
15-07-2021 21:00,EDT,CAPITL,61757,43.71,3.39,0,1
15-07-2021 22:00,EDT,CAPITL,61757,39.31,2.94,0,1
15-07-2021 23:00,EDT,CAPITL,61757,38.16,2.53,-3.96,1
16-07-2021 00:00,EDT,CAPITL,61757,40.8,2.65,-6.67,1
16-07-2021 01:00,EDT,CAPITL,61757,38.07,2.22,-9.03,1
16-07-2021 02:00,EDT,CAPITL,61757,35.63,2.17,-7.33,1
16-07-2021 03:00,EDT,CAPITL,61757,33.33,1.96,-7.77,1
16-07-2021 04:00,EDT,CAPITL,61757,35.16,1.94,-9.78,1
16-07-2021 05:00,EDT,CAPITL,61757,32.8,2,-6.4,1
16-07-2021 06:00,EDT,CAPITL,61757,37.66,2.19,-8.8,1
16-07-2021 07:00,EDT,CAPITL,61757,47.8,2.5,-14.11,1
16-07-2021 08:00,EDT,CAPITL,61757,49.03,2.89,-10.39,1
16-07-2021 09:00,EDT,CAPITL,61757,48.36,3.28,-5.13,1
16-07-2021 10:00,EDT,CAPITL,61757,49.17,3.64,0,1
16-07-2021 11:00,EDT,CAPITL,61757,52.49,3.8,0,1
16-07-2021 12:00,EDT,CAPITL,61757,53.85,3.85,0,1
16-07-2021 13:00,EDT,CAPITL,61757,57.39,3.99,-0.9,1
16-07-2021 14:00,EDT,CAPITL,61757,67.75,4.75,-2.09,1
16-07-2021 15:00,EDT,CAPITL,61757,82.24,4.9,-14.61,1
16-07-2021 16:00,EDT,CAPITL,61757,90.97,5.06,-21.02,1
16-07-2021 17:00,EDT,CAPITL,61757,99.45,5.09,-30.71,1
16-07-2021 18:00,EDT,CAPITL,61757,96.56,4.12,-41.55,1
16-07-2021 19:00,EDT,CAPITL,61757,62.91,4.03,-9.81,1
16-07-2021 20:00,EDT,CAPITL,61757,56.7,3.57,-8.99,1
16-07-2021 21:00,EDT,CAPITL,61757,56.75,3.59,-10.37,1
16-07-2021 22:00,EDT,CAPITL,61757,49.97,3.17,-7.66,1
16-07-2021 23:00,EDT,CAPITL,61757,41.62,2.74,-4.58,1
17-07-2021 00:00,EDT,CAPITL,61757,36.99,2.24,-7.42,1
17-07-2021 01:00,EDT,CAPITL,61757,36.43,1.86,-10.98,1
17-07-2021 02:00,EDT,CAPITL,61757,34.74,1.64,-11.77,1
17-07-2021 03:00,EDT,CAPITL,61757,32.82,1.63,-9.76,1
17-07-2021 04:00,EDT,CAPITL,61757,32.28,1.59,-9.24,1
17-07-2021 05:00,EDT,CAPITL,61757,32.61,1.53,-10.96,1
17-07-2021 06:00,EDT,CAPITL,61757,33.22,1.42,-12.56,1
17-07-2021 07:00,EDT,CAPITL,61757,31.94,1.45,-12.18,1
17-07-2021 08:00,EDT,CAPITL,61757,33.4,1.85,-8.97,1
17-07-2021 09:00,EDT,CAPITL,61757,33.89,2.05,-7.18,1
17-07-2021 10:00,EDT,CAPITL,61757,32.58,2.22,-3.34,1
17-07-2021 11:00,EDT,CAPITL,61757,33.16,2.27,-2.1,1
17-07-2021 12:00,EDT,CAPITL,61757,29.69,1.83,-3.42,1
17-07-2021 13:00,EDT,CAPITL,61757,23.23,1.5,0,1
17-07-2021 14:00,EDT,CAPITL,61757,28.46,1.44,-4.46,1
17-07-2021 15:00,EDT,CAPITL,61757,31.93,2.07,-0.28,1
17-07-2021 16:00,EDT,CAPITL,61757,32.73,2.15,-0.3,1
17-07-2021 17:00,EDT,CAPITL,61757,34.04,2.29,-0.33,1
17-07-2021 18:00,EDT,CAPITL,61757,37.72,2.67,-0.42,1
17-07-2021 19:00,EDT,CAPITL,61757,33.6,2.13,-4.17,1
17-07-2021 20:00,EDT,CAPITL,61757,33.47,2.2,-3.4,1
17-07-2021 21:00,EDT,CAPITL,61757,32.19,2.2,-2.56,1
17-07-2021 22:00,EDT,CAPITL,61757,31.36,2.07,-2.81,1
17-07-2021 23:00,EDT,CAPITL,61757,34.47,1.63,-9.2,1
18-07-2021 00:00,EDT,CAPITL,61757,40.58,1.73,-16.43,1
18-07-2021 01:00,EDT,CAPITL,61757,36.29,1.64,-12.77,1
18-07-2021 02:00,EDT,CAPITL,61757,36.53,1.45,-16.21,1
18-07-2021 03:00,EDT,CAPITL,61757,34.31,1.53,-12.68,1
18-07-2021 04:00,EDT,CAPITL,61757,33.82,1.43,-13.49,1
18-07-2021 05:00,EDT,CAPITL,61757,32.38,1.41,-12.72,1
18-07-2021 06:00,EDT,CAPITL,61757,32.9,1.31,-13.84,1
18-07-2021 07:00,EDT,CAPITL,61757,31.69,1.28,-12.61,1
18-07-2021 08:00,EDT,CAPITL,61757,31.08,1.84,-4.96,1
18-07-2021 09:00,EDT,CAPITL,61757,29.9,2.17,-0.91,1
18-07-2021 10:00,EDT,CAPITL,61757,30.35,2.25,0.34,1
18-07-2021 11:00,EDT,CAPITL,61757,34.45,2.47,0.51,1
18-07-2021 12:00,EDT,CAPITL,61757,36.48,2.58,0.05,1
18-07-2021 13:00,EDT,CAPITL,61757,37.55,2.57,0.29,1
18-07-2021 14:00,EDT,CAPITL,61757,39.74,2.72,0.2,1
18-07-2021 15:00,EDT,CAPITL,61757,42.38,2.91,-0.18,1
18-07-2021 16:00,EDT,CAPITL,61757,42.34,2.97,-0.34,1
18-07-2021 17:00,EDT,CAPITL,61757,47.27,3.4,-0.36,1
18-07-2021 18:00,EDT,CAPITL,61757,46.08,3.43,-0.24,1
18-07-2021 19:00,EDT,CAPITL,61757,43.64,3.31,-0.4,1
18-07-2021 20:00,EDT,CAPITL,61757,42.36,3.35,0,1
18-07-2021 21:00,EDT,CAPITL,61757,36.65,2.83,-0.19,1
18-07-2021 22:00,EDT,CAPITL,61757,34.93,2.68,-0.34,1
18-07-2021 23:00,EDT,CAPITL,61757,33.91,2.49,-0.32,1
19-07-2021 00:00,EDT,CAPITL,61757,35.08,2.26,-4.17,1
19-07-2021 01:00,EDT,CAPITL,61757,32.3,2,-5.87,1
19-07-2021 02:00,EDT,CAPITL,61757,31.5,1.85,-6.57,1
19-07-2021 03:00,EDT,CAPITL,61757,30.49,1.78,-6.16,1
19-07-2021 04:00,EDT,CAPITL,61757,29.48,1.87,-4.81,1
19-07-2021 05:00,EDT,CAPITL,61757,30.76,2.02,-4.73,1
19-07-2021 06:00,EDT,CAPITL,61757,32.58,2.17,-3.57,1
19-07-2021 07:00,EDT,CAPITL,61757,35.85,2.03,-4.39,1
19-07-2021 08:00,EDT,CAPITL,61757,37,2.12,-3.72,1
19-07-2021 09:00,EDT,CAPITL,61757,39.12,2.29,-3.66,1
19-07-2021 10:00,EDT,CAPITL,61757,41.45,2.48,-1.43,1
19-07-2021 11:00,EDT,CAPITL,61757,43.01,2.5,-2.65,1
19-07-2021 12:00,EDT,CAPITL,61757,45.38,2.76,-1.48,1
19-07-2021 13:00,EDT,CAPITL,61757,46.59,2.8,-1.39,1
19-07-2021 14:00,EDT,CAPITL,61757,47.48,3.03,-0.43,1
19-07-2021 15:00,EDT,CAPITL,61757,49.13,3.09,-0.59,1
19-07-2021 16:00,EDT,CAPITL,61757,52.85,3.44,-0.23,1
19-07-2021 17:00,EDT,CAPITL,61757,56.91,3.85,-0.34,1
19-07-2021 18:00,EDT,CAPITL,61757,51.67,3.77,-0.15,1
19-07-2021 19:00,EDT,CAPITL,61757,47.42,3.43,-0.11,1
19-07-2021 20:00,EDT,CAPITL,61757,45.05,3.14,-0.02,1
19-07-2021 21:00,EDT,CAPITL,61757,40.41,2.9,-0.36,1
19-07-2021 22:00,EDT,CAPITL,61757,37.55,2.56,-1.25,1
19-07-2021 23:00,EDT,CAPITL,61757,34.6,2.49,-1.37,1
20-07-2021 00:00,EDT,CAPITL,61757,34.4,2.76,-0.3,1
20-07-2021 01:00,EDT,CAPITL,61757,32.69,2.27,-4.26,1
20-07-2021 02:00,EDT,CAPITL,61757,30.59,2.28,-2.7,1
20-07-2021 03:00,EDT,CAPITL,61757,30.72,1.8,-7.77,1
20-07-2021 04:00,EDT,CAPITL,61757,29.85,1.77,-7.25,1
20-07-2021 05:00,EDT,CAPITL,61757,30.61,1.8,-7.64,1
20-07-2021 06:00,EDT,CAPITL,61757,31.05,2.06,-3.83,1
20-07-2021 07:00,EDT,CAPITL,61757,35.74,2.29,-4.05,1
20-07-2021 08:00,EDT,CAPITL,61757,37.87,2.77,-0.93,1
20-07-2021 09:00,EDT,CAPITL,61757,39.27,2.92,-0.25,1
20-07-2021 10:00,EDT,CAPITL,61757,40.83,2.76,-0.31,1
20-07-2021 11:00,EDT,CAPITL,61757,45.62,3.02,-0.05,1
20-07-2021 12:00,EDT,CAPITL,61757,48.13,3.32,0.01,1
20-07-2021 13:00,EDT,CAPITL,61757,50.09,3.54,0,1
20-07-2021 14:00,EDT,CAPITL,61757,54.14,3.92,0,1
20-07-2021 15:00,EDT,CAPITL,61757,59.4,4.4,0,1
20-07-2021 16:00,EDT,CAPITL,61757,65.9,4.92,-0.15,1
20-07-2021 17:00,EDT,CAPITL,61757,72.8,5.47,-1.45,1
20-07-2021 18:00,EDT,CAPITL,61757,65.76,4.76,-5.6,1
20-07-2021 19:00,EDT,CAPITL,61757,56.4,3.92,-6.35,1
20-07-2021 20:00,EDT,CAPITL,61757,52.54,3.78,-4.32,1
20-07-2021 21:00,EDT,CAPITL,61757,45,3.2,-3.73,1
20-07-2021 22:00,EDT,CAPITL,61757,39.73,2.89,-2.51,1
20-07-2021 23:00,EDT,CAPITL,61757,36.84,2.39,-5.26,1
21-07-2021 00:00,EDT,CAPITL,61757,36.7,1.76,-11.2,1
21-07-2021 01:00,EDT,CAPITL,61757,33.56,1.6,-10.33,1
21-07-2021 02:00,EDT,CAPITL,61757,31.72,1.55,-8.94,1
21-07-2021 03:00,EDT,CAPITL,61757,30.45,1.38,-9.9,1
21-07-2021 04:00,EDT,CAPITL,61757,29.86,1.41,-8.83,1
21-07-2021 05:00,EDT,CAPITL,61757,30.49,1.57,-7.97,1
21-07-2021 06:00,EDT,CAPITL,61757,32.57,1.7,-7.97,1
21-07-2021 07:00,EDT,CAPITL,61757,33.39,1.63,-8.08,1
21-07-2021 08:00,EDT,CAPITL,61757,34.38,2.14,-3.32,1
21-07-2021 09:00,EDT,CAPITL,61757,37.4,2.31,-4.32,1
21-07-2021 10:00,EDT,CAPITL,61757,39.75,1.87,-12.28,1
21-07-2021 11:00,EDT,CAPITL,61757,42.31,2.24,-9.75,1
21-07-2021 12:00,EDT,CAPITL,61757,43.35,2.13,-11.72,1
21-07-2021 13:00,EDT,CAPITL,61757,43.37,2.03,-13.11,1
21-07-2021 14:00,EDT,CAPITL,61757,43.37,2.15,-11.71,1
21-07-2021 15:00,EDT,CAPITL,61757,44.67,2.13,-14.2,1
21-07-2021 16:00,EDT,CAPITL,61757,48.37,2.32,-15.5,1
21-07-2021 17:00,EDT,CAPITL,61757,55,2.35,-21.68,1
21-07-2021 18:00,EDT,CAPITL,61757,53.61,3.21,-9.34,1
21-07-2021 19:00,EDT,CAPITL,61757,47.37,3,-6.36,1
21-07-2021 20:00,EDT,CAPITL,61757,45.07,3.03,-3.74,1
21-07-2021 21:00,EDT,CAPITL,61757,37.37,2.68,0.11,1
21-07-2021 22:00,EDT,CAPITL,61757,34.18,2.36,0.09,1
21-07-2021 23:00,EDT,CAPITL,61757,33.72,1.87,-5.48,1
22-07-2021 00:00,EDT,CAPITL,61757,33.73,1.8,-7.9,1
22-07-2021 01:00,EDT,CAPITL,61757,30.33,1.77,-5.9,1
22-07-2021 02:00,EDT,CAPITL,61757,29.68,1.56,-7.64,1
22-07-2021 03:00,EDT,CAPITL,61757,27.46,1.49,-6.36,1
22-07-2021 04:00,EDT,CAPITL,61757,27.28,1.49,-6.15,1
22-07-2021 05:00,EDT,CAPITL,61757,27.93,1.63,-5.15,1
22-07-2021 06:00,EDT,CAPITL,61757,29.23,1.76,-4.64,1
22-07-2021 07:00,EDT,CAPITL,61757,30.38,1.69,-3.93,1
22-07-2021 08:00,EDT,CAPITL,61757,30.3,1.96,-0.78,1
22-07-2021 09:00,EDT,CAPITL,61757,30.62,2.2,0.13,1
22-07-2021 10:00,EDT,CAPITL,61757,31.1,2.1,0.18,1
22-07-2021 11:00,EDT,CAPITL,61757,31.78,2.12,0.22,1
22-07-2021 12:00,EDT,CAPITL,61757,33.27,2.22,0.25,1
22-07-2021 13:00,EDT,CAPITL,61757,35.25,2.38,0.24,1
22-07-2021 14:00,EDT,CAPITL,61757,36.21,2.3,-0.05,1
22-07-2021 15:00,EDT,CAPITL,61757,38.33,2.45,-0.4,1
22-07-2021 16:00,EDT,CAPITL,61757,42.44,2.64,0.18,1
22-07-2021 17:00,EDT,CAPITL,61757,45.53,3.02,0.09,1
22-07-2021 18:00,EDT,CAPITL,61757,42.07,2.8,0.11,1
22-07-2021 19:00,EDT,CAPITL,61757,40,2.66,0.1,1
22-07-2021 20:00,EDT,CAPITL,61757,37.46,2.45,0,1
22-07-2021 21:00,EDT,CAPITL,61757,33.85,2.21,0.02,1
22-07-2021 22:00,EDT,CAPITL,61757,30.08,2,0.05,1
22-07-2021 23:00,EDT,CAPITL,61757,29.01,2.13,0.06,1
23-07-2021 00:00,EDT,CAPITL,61757,31.9,1.86,-4.24,1
23-07-2021 01:00,EDT,CAPITL,61757,29.77,1.71,-4.94,1
23-07-2021 02:00,EDT,CAPITL,61757,26.7,1.64,-2.85,1
23-07-2021 03:00,EDT,CAPITL,61757,25.29,1.62,-1.43,1
23-07-2021 04:00,EDT,CAPITL,61757,25.27,1.63,-1.26,1
23-07-2021 05:00,EDT,CAPITL,61757,25.31,1.76,-0.69,1
23-07-2021 06:00,EDT,CAPITL,61757,28.14,1.8,-2.89,1
23-07-2021 07:00,EDT,CAPITL,61757,30.48,1.51,-9.11,1
23-07-2021 08:00,EDT,CAPITL,61757,29.79,1.95,-3.42,1
23-07-2021 09:00,EDT,CAPITL,61757,28.77,2.06,-0.27,1
23-07-2021 10:00,EDT,CAPITL,61757,29.8,2.02,-0.16,1
23-07-2021 11:00,EDT,CAPITL,61757,30.66,2.14,-0.06,1
23-07-2021 12:00,EDT,CAPITL,61757,31.08,2.16,0.33,1
23-07-2021 13:00,EDT,CAPITL,61757,34.45,2.42,0.25,1
23-07-2021 14:00,EDT,CAPITL,61757,33.8,2.51,0.54,1
23-07-2021 15:00,EDT,CAPITL,61757,34.15,2.43,0.28,1
23-07-2021 16:00,EDT,CAPITL,61757,43.01,2.96,-0.01,1
23-07-2021 17:00,EDT,CAPITL,61757,45.27,3.36,-0.42,1
23-07-2021 18:00,EDT,CAPITL,61757,43.56,3.35,-1.68,1
23-07-2021 19:00,EDT,CAPITL,61757,40.56,3.08,-2.07,1
23-07-2021 20:00,EDT,CAPITL,61757,37.25,2.85,-2.03,1
23-07-2021 21:00,EDT,CAPITL,61757,33.99,2.81,-0.3,1
23-07-2021 22:00,EDT,CAPITL,61757,30.77,2.38,-0.03,1
23-07-2021 23:00,EDT,CAPITL,61757,30.66,1.96,-2.92,1
24-07-2021 00:00,EDT,CAPITL,61757,33.76,1.54,-13.04,1
24-07-2021 01:00,EDT,CAPITL,61757,32.53,1.43,-13.28,1
24-07-2021 02:00,EDT,CAPITL,61757,31.07,1.33,-12.05,1
24-07-2021 03:00,EDT,CAPITL,61757,30.31,1.34,-11.27,1
24-07-2021 04:00,EDT,CAPITL,61757,30.26,1.14,-13.68,1
24-07-2021 05:00,EDT,CAPITL,61757,28.8,1.3,-10.42,1
24-07-2021 06:00,EDT,CAPITL,61757,29.32,1.16,-12.73,1
24-07-2021 07:00,EDT,CAPITL,61757,29.71,1.02,-13.76,1
24-07-2021 08:00,EDT,CAPITL,61757,30.04,1.29,-10.9,1
24-07-2021 09:00,EDT,CAPITL,61757,31.56,1.42,-10.65,1
24-07-2021 10:00,EDT,CAPITL,61757,31.8,1.64,-7.68,1
24-07-2021 11:00,EDT,CAPITL,61757,32.53,1.81,-5.96,1
24-07-2021 12:00,EDT,CAPITL,61757,32.91,1.97,-5.07,1
24-07-2021 13:00,EDT,CAPITL,61757,33.14,2.02,-5.49,1
24-07-2021 14:00,EDT,CAPITL,61757,35.52,2.16,-5.67,1
24-07-2021 15:00,EDT,CAPITL,61757,37.15,2.2,-7.09,1
24-07-2021 16:00,EDT,CAPITL,61757,39.85,2.39,-6.81,1
24-07-2021 17:00,EDT,CAPITL,61757,48.47,2.83,-10.65,1
24-07-2021 18:00,EDT,CAPITL,61757,48.01,2.68,-13.84,1
24-07-2021 19:00,EDT,CAPITL,61757,44.74,2.43,-14.72,1
24-07-2021 20:00,EDT,CAPITL,61757,38.93,2.35,-10.17,1
24-07-2021 21:00,EDT,CAPITL,61757,37.27,2.08,-11,1
24-07-2021 22:00,EDT,CAPITL,61757,34.05,1.98,-8.22,1
24-07-2021 23:00,EDT,CAPITL,61757,34.79,1.51,-13.61,1
25-07-2021 00:00,EDT,CAPITL,61757,35.89,1.65,-13.09,1
25-07-2021 01:00,EDT,CAPITL,61757,32.78,1.48,-12.13,1
25-07-2021 02:00,EDT,CAPITL,61757,33.15,1.32,-14.23,1
25-07-2021 03:00,EDT,CAPITL,61757,32.59,1.12,-16.51,1
25-07-2021 04:00,EDT,CAPITL,61757,31.77,1.26,-13.71,1
25-07-2021 05:00,EDT,CAPITL,61757,32.03,1.11,-15.91,1
25-07-2021 06:00,EDT,CAPITL,61757,31.45,0.78,-20.07,1
25-07-2021 07:00,EDT,CAPITL,61757,31.63,0.99,-16.46,1
25-07-2021 08:00,EDT,CAPITL,61757,32.44,1.52,-10.02,1
25-07-2021 09:00,EDT,CAPITL,61757,33.15,1.99,-5.37,1
25-07-2021 10:00,EDT,CAPITL,61757,35.11,2.08,-7.68,1
25-07-2021 11:00,EDT,CAPITL,61757,35.9,2.48,-3.47,1
25-07-2021 12:00,EDT,CAPITL,61757,37.68,2.44,-6.23,1
25-07-2021 13:00,EDT,CAPITL,61757,39.09,2.38,-8.39,1
25-07-2021 14:00,EDT,CAPITL,61757,42.21,2.36,-9.58,1
25-07-2021 15:00,EDT,CAPITL,61757,44.19,2.69,-7,1
25-07-2021 16:00,EDT,CAPITL,61757,51.46,3.71,-0.79,1
25-07-2021 17:00,EDT,CAPITL,61757,60.25,4.49,-2.85,1
25-07-2021 18:00,EDT,CAPITL,61757,56.88,4.2,-3.84,1
25-07-2021 19:00,EDT,CAPITL,61757,50.08,3.36,-7.16,1
25-07-2021 20:00,EDT,CAPITL,61757,45.1,3.57,-0.51,1
25-07-2021 21:00,EDT,CAPITL,61757,41.95,2.16,-14.66,1
25-07-2021 22:00,EDT,CAPITL,61757,38.62,3.07,-2.55,1
25-07-2021 23:00,EDT,CAPITL,61757,36.08,2.58,-3.77,1
26-07-2021 00:00,EDT,CAPITL,61757,38.26,2.28,-10.63,1
26-07-2021 01:00,EDT,CAPITL,61757,35.77,1.94,-11.99,1
26-07-2021 02:00,EDT,CAPITL,61757,34.09,1.65,-12.53,1
26-07-2021 03:00,EDT,CAPITL,61757,32.98,1.59,-11.96,1
26-07-2021 04:00,EDT,CAPITL,61757,32.57,1.55,-12.11,1
26-07-2021 05:00,EDT,CAPITL,61757,32.27,1.76,-9.27,1
26-07-2021 06:00,EDT,CAPITL,61757,33.46,1.85,-9.62,1
26-07-2021 07:00,EDT,CAPITL,61757,35.11,2.56,-1.28,1
26-07-2021 08:00,EDT,CAPITL,61757,36.04,2.7,-0.38,1
26-07-2021 09:00,EDT,CAPITL,61757,38.92,2.62,-0.89,1
26-07-2021 10:00,EDT,CAPITL,61757,41.65,2.7,-0.93,1
26-07-2021 11:00,EDT,CAPITL,61757,44,2.81,-0.98,1
26-07-2021 12:00,EDT,CAPITL,61757,50.77,3.12,-1.11,1
26-07-2021 13:00,EDT,CAPITL,61757,54.65,3.41,-1.09,1
26-07-2021 14:00,EDT,CAPITL,61757,56.71,3.63,-1.13,1
26-07-2021 15:00,EDT,CAPITL,61757,68.54,4.51,-1.45,1
26-07-2021 16:00,EDT,CAPITL,61757,75.84,5.17,-1.76,1
26-07-2021 17:00,EDT,CAPITL,61757,78.96,5.58,-1.83,1
26-07-2021 18:00,EDT,CAPITL,61757,69.73,4.99,-1.49,1
26-07-2021 19:00,EDT,CAPITL,61757,56.98,4.08,-1.29,1
26-07-2021 20:00,EDT,CAPITL,61757,50.44,2.84,-14.53,1
26-07-2021 21:00,EDT,CAPITL,61757,46.1,3.57,-1.06,1
26-07-2021 22:00,EDT,CAPITL,61757,39.55,2.93,-0.47,1
26-07-2021 23:00,EDT,CAPITL,61757,40.14,2.36,-9.01,1
27-07-2021 00:00,EDT,CAPITL,61757,38.6,1.97,-10.99,1
27-07-2021 01:00,EDT,CAPITL,61757,33.87,1.94,-7.35,1
27-07-2021 02:00,EDT,CAPITL,61757,33.41,1.5,-12.13,1
27-07-2021 03:00,EDT,CAPITL,61757,31.59,1.4,-10.72,1
27-07-2021 04:00,EDT,CAPITL,61757,30.66,1.41,-9.43,1
27-07-2021 05:00,EDT,CAPITL,61757,31.04,1.59,-7.96,1
27-07-2021 06:00,EDT,CAPITL,61757,32.88,1.56,-10,1
27-07-2021 07:00,EDT,CAPITL,61757,35.99,1.99,-6.32,1
27-07-2021 08:00,EDT,CAPITL,61757,35.21,2.43,-0.37,1
27-07-2021 09:00,EDT,CAPITL,61757,39.32,2.68,-0.47,1
27-07-2021 10:00,EDT,CAPITL,61757,39.14,2.6,-0.47,1
27-07-2021 11:00,EDT,CAPITL,61757,45.33,3,-0.63,1
27-07-2021 12:00,EDT,CAPITL,61757,48.51,3.13,-0.69,1
27-07-2021 13:00,EDT,CAPITL,61757,52.3,3.38,-0.68,1
27-07-2021 14:00,EDT,CAPITL,61757,54.95,3.74,-0.68,1
27-07-2021 15:00,EDT,CAPITL,61757,62.83,4.53,-1,1
27-07-2021 16:00,EDT,CAPITL,61757,72.72,5.36,-2.7,1
27-07-2021 17:00,EDT,CAPITL,61757,75.98,5.6,-1.21,1
27-07-2021 18:00,EDT,CAPITL,61757,65.55,5.01,-0.94,1
27-07-2021 19:00,EDT,CAPITL,61757,52.95,4.05,-0.74,1
27-07-2021 20:00,EDT,CAPITL,61757,49.27,3.61,-0.53,1
27-07-2021 21:00,EDT,CAPITL,61757,41.75,3.16,-0.45,1
27-07-2021 22:00,EDT,CAPITL,61757,38.97,2.96,-0.38,1
27-07-2021 23:00,EDT,CAPITL,61757,37.09,2.27,-5.35,1
28-07-2021 00:00,EDT,CAPITL,61757,38.88,1.86,-12.58,1
28-07-2021 01:00,EDT,CAPITL,61757,35.82,1.71,-12.72,1
28-07-2021 02:00,EDT,CAPITL,61757,33,1.62,-10.86,1
28-07-2021 03:00,EDT,CAPITL,61757,32.55,1.41,-12.59,1
28-07-2021 04:00,EDT,CAPITL,61757,31.59,1.46,-10.92,1
28-07-2021 05:00,EDT,CAPITL,61757,31.6,1.6,-9,1
28-07-2021 06:00,EDT,CAPITL,61757,33.28,1.54,-11.43,1
28-07-2021 07:00,EDT,CAPITL,61757,34.74,1.87,-7.99,1
28-07-2021 08:00,EDT,CAPITL,61757,33.04,1.88,-5.01,1
28-07-2021 09:00,EDT,CAPITL,61757,34.15,2.27,-0.79,1
28-07-2021 10:00,EDT,CAPITL,61757,35.09,2.22,-0.29,1
28-07-2021 11:00,EDT,CAPITL,61757,36.64,2.28,-0.33,1
28-07-2021 12:00,EDT,CAPITL,61757,37.22,2.22,-0.35,1
28-07-2021 13:00,EDT,CAPITL,61757,40,2.32,-0.31,1
28-07-2021 14:00,EDT,CAPITL,61757,42.45,2.38,-0.42,1
28-07-2021 15:00,EDT,CAPITL,61757,47.35,2.71,-0.3,1
28-07-2021 16:00,EDT,CAPITL,61757,51.72,3.09,-0.32,1
28-07-2021 17:00,EDT,CAPITL,61757,55.34,3.52,-0.73,1
28-07-2021 18:00,EDT,CAPITL,61757,49.65,3.38,-0.59,1
28-07-2021 19:00,EDT,CAPITL,61757,43.24,3.02,-0.5,1
28-07-2021 20:00,EDT,CAPITL,61757,40.15,2.81,-0.3,1
28-07-2021 21:00,EDT,CAPITL,61757,37.27,2.61,-0.34,1
28-07-2021 22:00,EDT,CAPITL,61757,34.49,2.53,-0.29,1
28-07-2021 23:00,EDT,CAPITL,61757,32.89,2.01,-4.81,1
29-07-2021 00:00,EDT,CAPITL,61757,34.18,1.81,-8.49,1
29-07-2021 01:00,EDT,CAPITL,61757,31.58,1.63,-9.27,1
29-07-2021 02:00,EDT,CAPITL,61757,30.25,1.55,-8.8,1
29-07-2021 03:00,EDT,CAPITL,61757,28.61,1.53,-7.43,1
29-07-2021 04:00,EDT,CAPITL,61757,29.16,1.49,-8.64,1
29-07-2021 05:00,EDT,CAPITL,61757,30.46,1.66,-8.09,1
29-07-2021 06:00,EDT,CAPITL,61757,32.71,1.56,-11.35,1
29-07-2021 07:00,EDT,CAPITL,61757,34.26,1.7,-10.12,1
29-07-2021 08:00,EDT,CAPITL,61757,32.17,2.23,-1.76,1
29-07-2021 09:00,EDT,CAPITL,61757,32.94,2.37,-0.23,1
29-07-2021 10:00,EDT,CAPITL,61757,32.12,2.17,-0.21,1
29-07-2021 11:00,EDT,CAPITL,61757,33.84,2.28,-0.25,1
29-07-2021 12:00,EDT,CAPITL,61757,35.24,2.36,-0.18,1
29-07-2021 13:00,EDT,CAPITL,61757,36.33,2.47,-0.07,1
29-07-2021 14:00,EDT,CAPITL,61757,35.11,2.43,0.62,1
29-07-2021 15:00,EDT,CAPITL,61757,35.83,2.51,0.1,1
29-07-2021 16:00,EDT,CAPITL,61757,38.18,2.74,0.08,1
29-07-2021 17:00,EDT,CAPITL,61757,43.05,2.94,-3.83,1
29-07-2021 18:00,EDT,CAPITL,61757,40,2.86,-2.64,1
29-07-2021 19:00,EDT,CAPITL,61757,40,2.82,-3.12,1
29-07-2021 20:00,EDT,CAPITL,61757,40.43,2.78,-4.89,1
29-07-2021 21:00,EDT,CAPITL,61757,36.13,2.66,-1.46,1
29-07-2021 22:00,EDT,CAPITL,61757,31.81,2.31,-0.2,1
29-07-2021 23:00,EDT,CAPITL,61757,31.64,1.92,-3.37,1
30-07-2021 00:00,EDT,CAPITL,61757,36.16,1.55,-14.5,1
30-07-2021 01:00,EDT,CAPITL,61757,31.46,1.43,-12.15,1
30-07-2021 02:00,EDT,CAPITL,61757,30.45,1.35,-11.38,1
30-07-2021 03:00,EDT,CAPITL,61757,29.68,1.37,-10.59,1
30-07-2021 04:00,EDT,CAPITL,61757,29.6,1.37,-10.51,1
30-07-2021 05:00,EDT,CAPITL,61757,30.39,1.37,-11.26,1
30-07-2021 06:00,EDT,CAPITL,61757,32.7,1.37,-13.61,1
30-07-2021 07:00,EDT,CAPITL,61757,34.57,1.34,-15.41,1
30-07-2021 08:00,EDT,CAPITL,61757,37.92,1.61,-15.07,1
30-07-2021 09:00,EDT,CAPITL,61757,36.85,1.79,-11.27,1
30-07-2021 10:00,EDT,CAPITL,61757,36.11,1.83,-10.51,1
30-07-2021 11:00,EDT,CAPITL,61757,35.79,2.05,-6.73,1
30-07-2021 12:00,EDT,CAPITL,61757,35.91,2.14,-5.54,1
30-07-2021 13:00,EDT,CAPITL,61757,38,2.04,-7.98,1
30-07-2021 14:00,EDT,CAPITL,61757,40,1.89,-12.24,1
30-07-2021 15:00,EDT,CAPITL,61757,40,1.92,-12.18,1
30-07-2021 16:00,EDT,CAPITL,61757,40.86,2.13,-10.34,1
30-07-2021 17:00,EDT,CAPITL,61757,50.32,2.09,-20.43,1
30-07-2021 18:00,EDT,CAPITL,61757,44.4,2.28,-12.5,1
30-07-2021 19:00,EDT,CAPITL,61757,39.14,2.27,-8.13,1
30-07-2021 20:00,EDT,CAPITL,61757,35.67,2.07,-7.05,1
30-07-2021 21:00,EDT,CAPITL,61757,33.15,2.02,-5.31,1
30-07-2021 22:00,EDT,CAPITL,61757,30.78,1.84,-4.37,1
30-07-2021 23:00,EDT,CAPITL,61757,31.57,1.4,-9.29,1
31-07-2021 00:00,EDT,CAPITL,61757,32.71,1.26,-13.49,1
31-07-2021 01:00,EDT,CAPITL,61757,30.01,1.28,-10.91,1
31-07-2021 02:00,EDT,CAPITL,61757,28.56,1.22,-9.59,1
31-07-2021 03:00,EDT,CAPITL,61757,27.57,1.2,-8.66,1
31-07-2021 04:00,EDT,CAPITL,61757,27.72,1.24,-8.77,1
31-07-2021 05:00,EDT,CAPITL,61757,26.12,1.21,-7.64,1
31-07-2021 06:00,EDT,CAPITL,61757,26.24,1.12,-9.13,1
31-07-2021 07:00,EDT,CAPITL,61757,27.8,1.12,-10.05,1
31-07-2021 08:00,EDT,CAPITL,61757,27.84,1.26,-8.88,1
31-07-2021 09:00,EDT,CAPITL,61757,28.93,1.32,-9.29,1
31-07-2021 10:00,EDT,CAPITL,61757,29.25,1.53,-6.13,1
31-07-2021 11:00,EDT,CAPITL,61757,29.84,1.42,-8.2,1
31-07-2021 12:00,EDT,CAPITL,61757,29.89,1.48,-7.33,1
31-07-2021 13:00,EDT,CAPITL,61757,30.41,1.5,-7.5,1
31-07-2021 14:00,EDT,CAPITL,61757,30.75,1.43,-9.12,1
31-07-2021 15:00,EDT,CAPITL,61757,33.38,1.48,-11.68,1
31-07-2021 16:00,EDT,CAPITL,61757,35.58,1.54,-12.7,1
31-07-2021 17:00,EDT,CAPITL,61757,42.94,1.74,-17.68,1
31-07-2021 18:00,EDT,CAPITL,61757,42.59,1.83,-17.32,1
31-07-2021 19:00,EDT,CAPITL,61757,39.33,1.73,-15.37,1
31-07-2021 20:00,EDT,CAPITL,61757,34.81,2,-8.07,1
31-07-2021 21:00,EDT,CAPITL,61757,32.75,1.78,-8.69,1
31-07-2021 22:00,EDT,CAPITL,61757,30.34,1.84,-4.67,1
31-07-2021 23:00,EDT,CAPITL,61757,29.15,1.65,-4.96,1
01-08-2021 00:00,EDT,CAPITL,61757,31.73,1.47,-8.35,1
01-08-2021 01:00,EDT,CAPITL,61757,29.75,1.38,-8.63,1
01-08-2021 02:00,EDT,CAPITL,61757,28.66,1.14,-10.47,1
01-08-2021 03:00,EDT,CAPITL,61757,29.03,0.91,-14.32,1
01-08-2021 04:00,EDT,CAPITL,61757,28.4,0.9,-13.81,1
01-08-2021 05:00,EDT,CAPITL,61757,27.06,0.92,-12.38,1
01-08-2021 06:00,EDT,CAPITL,61757,26.11,0.79,-13.37,1
01-08-2021 07:00,EDT,CAPITL,61757,25.67,0.94,-10.26,1
01-08-2021 08:00,EDT,CAPITL,61757,27.33,1.17,-8.47,1
01-08-2021 09:00,EDT,CAPITL,61757,28.67,1.24,-8.97,1
01-08-2021 10:00,EDT,CAPITL,61757,28.24,1.3,-7.27,1
01-08-2021 11:00,EDT,CAPITL,61757,30.5,1.34,-9.15,1
01-08-2021 12:00,EDT,CAPITL,61757,29.73,1.47,-6.68,1
01-08-2021 13:00,EDT,CAPITL,61757,30.31,1.4,-8.38,1
01-08-2021 14:00,EDT,CAPITL,61757,32.64,1.4,-10.71,1
01-08-2021 15:00,EDT,CAPITL,61757,36.88,1.46,-14.89,1
01-08-2021 16:00,EDT,CAPITL,61757,36.96,1.43,-15.03,1
01-08-2021 17:00,EDT,CAPITL,61757,47.58,1.85,-20.36,1
01-08-2021 18:00,EDT,CAPITL,61757,47.16,2.13,-17.69,1
01-08-2021 19:00,EDT,CAPITL,61757,43.69,1.84,-17.57,1
01-08-2021 20:00,EDT,CAPITL,61757,39.92,1.79,-14.23,1
01-08-2021 21:00,EDT,CAPITL,61757,35.69,1.71,-10.58,1
01-08-2021 22:00,EDT,CAPITL,61757,29.3,1.48,-8.08,1
01-08-2021 23:00,EDT,CAPITL,61757,29.11,1.34,-7.44,1
02-08-2021 00:00,EDT,CAPITL,61757,31.22,1.48,-8.32,1
02-08-2021 01:00,EDT,CAPITL,61757,31.13,1.23,-12.08,1
02-08-2021 02:00,EDT,CAPITL,61757,29.11,1.21,-10.14,1
02-08-2021 03:00,EDT,CAPITL,61757,27.83,1.27,-8.73,1
02-08-2021 04:00,EDT,CAPITL,61757,26.95,1.45,-5.32,1
02-08-2021 05:00,EDT,CAPITL,61757,27.44,1.57,-4.98,1
02-08-2021 06:00,EDT,CAPITL,61757,28.93,1.32,-9.48,1
02-08-2021 07:00,EDT,CAPITL,61757,32.05,1.24,-13.13,1
02-08-2021 08:00,EDT,CAPITL,61757,31.57,2.08,-2.16,1
02-08-2021 09:00,EDT,CAPITL,61757,32.31,2.18,-2.2,1
02-08-2021 10:00,EDT,CAPITL,61757,33.4,2.34,-0.32,1
02-08-2021 11:00,EDT,CAPITL,61757,34.34,2.29,-3.06,1
02-08-2021 12:00,EDT,CAPITL,61757,35.41,2.3,-3.63,1
02-08-2021 13:00,EDT,CAPITL,61757,37.37,2.43,-4.21,1
02-08-2021 14:00,EDT,CAPITL,61757,39.11,2.45,-5.58,1
02-08-2021 15:00,EDT,CAPITL,61757,41.71,2.5,-7.59,1
02-08-2021 16:00,EDT,CAPITL,61757,43.29,2.91,0,1
02-08-2021 17:00,EDT,CAPITL,61757,47.62,3.36,0,1
02-08-2021 18:00,EDT,CAPITL,61757,44.97,3.26,0,1
02-08-2021 19:00,EDT,CAPITL,61757,39.5,2.82,0,1
02-08-2021 20:00,EDT,CAPITL,61757,36.81,2.6,0,1
02-08-2021 21:00,EDT,CAPITL,61757,33.09,2.25,0,1
02-08-2021 22:00,EDT,CAPITL,61757,30.34,1.96,0,1
02-08-2021 23:00,EDT,CAPITL,61757,28.67,1.75,0,1
03-08-2021 00:00,EDT,CAPITL,61757,30.82,2.07,0,1
03-08-2021 01:00,EDT,CAPITL,61757,28.25,2.02,0,1
03-08-2021 02:00,EDT,CAPITL,61757,27.52,1.69,-3.28,1
03-08-2021 03:00,EDT,CAPITL,61757,26.71,1.69,-2.77,1
03-08-2021 04:00,EDT,CAPITL,61757,26.56,1.79,-1.46,1
03-08-2021 05:00,EDT,CAPITL,61757,27.22,1.97,0,1
03-08-2021 06:00,EDT,CAPITL,61757,30.24,1.74,-5.97,1
03-08-2021 07:00,EDT,CAPITL,61757,29.02,1.85,0,1
03-08-2021 08:00,EDT,CAPITL,61757,30.97,2.06,-0.25,1
03-08-2021 09:00,EDT,CAPITL,61757,32.08,2.07,-0.42,1
03-08-2021 10:00,EDT,CAPITL,61757,33.07,1.93,-0.47,1
03-08-2021 11:00,EDT,CAPITL,61757,35.24,2.12,-0.48,1
03-08-2021 12:00,EDT,CAPITL,61757,36.13,2.15,-0.39,1
03-08-2021 13:00,EDT,CAPITL,61757,37.99,2.29,-0.44,1
03-08-2021 14:00,EDT,CAPITL,61757,39.8,2.4,-0.48,1
03-08-2021 15:00,EDT,CAPITL,61757,41.2,2.53,-0.27,1
03-08-2021 16:00,EDT,CAPITL,61757,45.63,2.91,0,1
03-08-2021 17:00,EDT,CAPITL,61757,49.3,3.27,0,1
03-08-2021 18:00,EDT,CAPITL,61757,45.03,3.06,0,1
03-08-2021 19:00,EDT,CAPITL,61757,41.09,2.83,0,1
03-08-2021 20:00,EDT,CAPITL,61757,37.53,2.59,0,1
03-08-2021 21:00,EDT,CAPITL,61757,34.85,2.22,0,1
03-08-2021 22:00,EDT,CAPITL,61757,31.39,1.89,0,1
03-08-2021 23:00,EDT,CAPITL,61757,29.89,1.9,0,1
04-08-2021 00:00,EDT,CAPITL,61757,29.62,2.07,0,1
04-08-2021 01:00,EDT,CAPITL,61757,27.4,1.82,0,1
04-08-2021 02:00,EDT,CAPITL,61757,26.51,1.76,0,1
04-08-2021 03:00,EDT,CAPITL,61757,25.7,1.69,-0.55,1
04-08-2021 04:00,EDT,CAPITL,61757,25.38,1.68,0,1
04-08-2021 05:00,EDT,CAPITL,61757,26.51,1.8,0,1
04-08-2021 06:00,EDT,CAPITL,61757,29.01,1.7,-4.04,1
04-08-2021 07:00,EDT,CAPITL,61757,29.29,1.79,0,1
04-08-2021 08:00,EDT,CAPITL,61757,32.35,1.85,-4.51,1
04-08-2021 09:00,EDT,CAPITL,61757,32.06,2.15,-1.63,1
04-08-2021 10:00,EDT,CAPITL,61757,32.41,2.15,-0.01,1
04-08-2021 11:00,EDT,CAPITL,61757,34.56,2.26,-0.04,1
04-08-2021 12:00,EDT,CAPITL,61757,35.48,2.32,0.02,1
04-08-2021 13:00,EDT,CAPITL,61757,38.92,2.64,0.33,1
04-08-2021 14:00,EDT,CAPITL,61757,41.08,2.89,0.26,1
04-08-2021 15:00,EDT,CAPITL,61757,45.35,3.14,0.17,1
04-08-2021 16:00,EDT,CAPITL,61757,46.75,2.98,0,1
04-08-2021 17:00,EDT,CAPITL,61757,49.82,3.26,0,1
04-08-2021 18:00,EDT,CAPITL,61757,46.93,3.15,0,1
04-08-2021 19:00,EDT,CAPITL,61757,44.07,2.83,0.29,1
04-08-2021 20:00,EDT,CAPITL,61757,40.14,2.61,0.33,1
04-08-2021 21:00,EDT,CAPITL,61757,36.64,2.39,0.39,1
04-08-2021 22:00,EDT,CAPITL,61757,31.86,1.83,0,1
04-08-2021 23:00,EDT,CAPITL,61757,30.2,1.84,0,1
05-08-2021 00:00,EDT,CAPITL,61757,31.16,2.12,0,1
05-08-2021 01:00,EDT,CAPITL,61757,29.08,2.05,0,1
05-08-2021 02:00,EDT,CAPITL,61757,28.32,1.9,-1.73,1
05-08-2021 03:00,EDT,CAPITL,61757,26.94,1.91,-0.28,1
05-08-2021 04:00,EDT,CAPITL,61757,27.04,1.88,-1.07,1
05-08-2021 05:00,EDT,CAPITL,61757,28.14,2.01,-0.7,1
05-08-2021 06:00,EDT,CAPITL,61757,31.03,1.94,-4.54,1
05-08-2021 07:00,EDT,CAPITL,61757,30.94,1.99,-1.67,1
05-08-2021 08:00,EDT,CAPITL,61757,31.96,2.12,0,1
05-08-2021 09:00,EDT,CAPITL,61757,33.43,2.16,0.01,1
05-08-2021 10:00,EDT,CAPITL,61757,35.2,2.18,0.01,1
05-08-2021 11:00,EDT,CAPITL,61757,37.84,2.31,0.02,1
05-08-2021 12:00,EDT,CAPITL,61757,39.31,2.5,0,1
05-08-2021 13:00,EDT,CAPITL,61757,42.04,2.68,0,1
05-08-2021 14:00,EDT,CAPITL,61757,43.32,2.76,0,1
05-08-2021 15:00,EDT,CAPITL,61757,48.63,3.1,0,1
05-08-2021 16:00,EDT,CAPITL,61757,50.32,3.25,0,1
05-08-2021 17:00,EDT,CAPITL,61757,53.58,3.64,0,1
05-08-2021 18:00,EDT,CAPITL,61757,50.39,3.43,0,1
05-08-2021 19:00,EDT,CAPITL,61757,48.11,3.31,0,1
05-08-2021 20:00,EDT,CAPITL,61757,42.96,2.89,0,1
05-08-2021 21:00,EDT,CAPITL,61757,40.44,2.65,0.03,1
05-08-2021 22:00,EDT,CAPITL,61757,35.14,2.24,0,1
05-08-2021 23:00,EDT,CAPITL,61757,33.06,2.13,0,1
06-08-2021 00:00,EDT,CAPITL,61757,34.76,2.43,0,1
06-08-2021 01:00,EDT,CAPITL,61757,30.55,2.18,0,1
06-08-2021 02:00,EDT,CAPITL,61757,29.82,2.16,0,1
06-08-2021 03:00,EDT,CAPITL,61757,28.45,2,-0.82,1
06-08-2021 04:00,EDT,CAPITL,61757,28.25,2,-0.61,1
06-08-2021 05:00,EDT,CAPITL,61757,29.6,2.09,-1.46,1
06-08-2021 06:00,EDT,CAPITL,61757,31.87,2.04,-4.39,1
06-08-2021 07:00,EDT,CAPITL,61757,31.57,2.21,0.02,1
06-08-2021 08:00,EDT,CAPITL,61757,33.55,2.32,0.06,1
06-08-2021 09:00,EDT,CAPITL,61757,35.58,2.33,0.12,1
06-08-2021 10:00,EDT,CAPITL,61757,39.09,2.54,-0.24,1
06-08-2021 11:00,EDT,CAPITL,61757,40.46,2.59,0.14,1
06-08-2021 12:00,EDT,CAPITL,61757,46.04,2.57,0.04,1
06-08-2021 13:00,EDT,CAPITL,61757,49.41,2.8,0,1
06-08-2021 14:00,EDT,CAPITL,61757,50.86,2.97,0,1
06-08-2021 15:00,EDT,CAPITL,61757,56.77,3.21,0,1
06-08-2021 16:00,EDT,CAPITL,61757,64.79,3.53,-1.44,1
06-08-2021 17:00,EDT,CAPITL,61757,68.25,3.96,-1.46,1
06-08-2021 18:00,EDT,CAPITL,61757,60.1,3.59,-1.27,1
06-08-2021 19:00,EDT,CAPITL,61757,55.4,3.36,-1.1,1
06-08-2021 20:00,EDT,CAPITL,61757,50.08,3.13,-0.91,1
06-08-2021 21:00,EDT,CAPITL,61757,45.6,2.66,-0.76,1
06-08-2021 22:00,EDT,CAPITL,61757,41.48,2.6,-0.61,1
06-08-2021 23:00,EDT,CAPITL,61757,37.27,2.24,-0.59,1
07-08-2021 00:00,EDT,CAPITL,61757,38.92,2.76,-0.75,1
07-08-2021 01:00,EDT,CAPITL,61757,34.31,2.5,-0.59,1
07-08-2021 02:00,EDT,CAPITL,61757,34.43,2.19,-4.51,1
07-08-2021 03:00,EDT,CAPITL,61757,33.12,1.98,-5.38,1
07-08-2021 04:00,EDT,CAPITL,61757,31.63,1.9,-5.1,1
07-08-2021 05:00,EDT,CAPITL,61757,31.97,2.01,-4.14,1
07-08-2021 06:00,EDT,CAPITL,61757,33.55,1.85,-7.71,1
07-08-2021 07:00,EDT,CAPITL,61757,32.45,2.02,-2.69,1
07-08-2021 08:00,EDT,CAPITL,61757,34.32,2.22,-0.35,1
07-08-2021 09:00,EDT,CAPITL,61757,36.49,2.36,-0.42,1
07-08-2021 10:00,EDT,CAPITL,61757,37.67,2.34,-0.37,1
07-08-2021 11:00,EDT,CAPITL,61757,41.06,2.34,-0.42,1
07-08-2021 12:00,EDT,CAPITL,61757,43.97,2.28,-0.24,1
07-08-2021 13:00,EDT,CAPITL,61757,46.32,2.36,-0.15,1
07-08-2021 14:00,EDT,CAPITL,61757,48.98,2.63,-0.2,1
07-08-2021 15:00,EDT,CAPITL,61757,54.19,2.93,-0.8,1
07-08-2021 16:00,EDT,CAPITL,61757,59.3,3.33,-0.44,1
07-08-2021 17:00,EDT,CAPITL,61757,62.97,3.67,-0.18,1
07-08-2021 18:00,EDT,CAPITL,61757,56.37,3.46,-0.44,1
07-08-2021 19:00,EDT,CAPITL,61757,49.49,3.09,-0.21,1
07-08-2021 20:00,EDT,CAPITL,61757,46.72,3.05,-0.07,1
07-08-2021 21:00,EDT,CAPITL,61757,42.86,2.69,-0.07,1
07-08-2021 22:00,EDT,CAPITL,61757,39.18,2.37,-0.39,1
07-08-2021 23:00,EDT,CAPITL,61757,37.73,2.47,-0.47,1
08-08-2021 00:00,EDT,CAPITL,61757,38.19,2.79,-0.6,1
08-08-2021 01:00,EDT,CAPITL,61757,32.67,2.31,-0.36,1
08-08-2021 02:00,EDT,CAPITL,61757,31.4,2.17,-0.29,1
08-08-2021 03:00,EDT,CAPITL,61757,30.86,2.13,-0.35,1
08-08-2021 04:00,EDT,CAPITL,61757,30.77,2.03,-1.73,1
08-08-2021 05:00,EDT,CAPITL,61757,29.9,2.06,-1.41,1
08-08-2021 06:00,EDT,CAPITL,61757,31.41,1.67,-7.75,1
08-08-2021 07:00,EDT,CAPITL,61757,28.56,1.92,-0.26,1
08-08-2021 08:00,EDT,CAPITL,61757,30.51,2.04,-0.21,1
08-08-2021 09:00,EDT,CAPITL,61757,33.28,2.16,-0.31,1
08-08-2021 10:00,EDT,CAPITL,61757,35.62,2.21,-0.39,1
08-08-2021 11:00,EDT,CAPITL,61757,38.8,2.34,-0.5,1
08-08-2021 12:00,EDT,CAPITL,61757,43.83,2.53,-0.52,1
08-08-2021 13:00,EDT,CAPITL,61757,47.23,2.51,-0.64,1
08-08-2021 14:00,EDT,CAPITL,61757,50.71,2.83,-0.75,1
08-08-2021 15:00,EDT,CAPITL,61757,55.5,3.2,-0.77,1
08-08-2021 16:00,EDT,CAPITL,61757,59.25,3.35,-1.06,1
08-08-2021 17:00,EDT,CAPITL,61757,66.09,3.98,-0.79,1
08-08-2021 18:00,EDT,CAPITL,61757,58.98,3.73,-0.38,1
08-08-2021 19:00,EDT,CAPITL,61757,53.46,3.44,-0.84,1
08-08-2021 20:00,EDT,CAPITL,61757,49.35,3.13,-0.88,1
08-08-2021 21:00,EDT,CAPITL,61757,44.67,3.1,-0.71,1
08-08-2021 22:00,EDT,CAPITL,61757,38.32,2.57,-0.48,1
08-08-2021 23:00,EDT,CAPITL,61757,37.82,2.4,-0.56,1
09-08-2021 00:00,EDT,CAPITL,61757,34.05,2.38,-0.33,1
09-08-2021 01:00,EDT,CAPITL,61757,31.81,2.19,-0.37,1
09-08-2021 02:00,EDT,CAPITL,61757,30.13,2.07,-0.44,1
09-08-2021 03:00,EDT,CAPITL,61757,29.7,1.99,-1.25,1
09-08-2021 04:00,EDT,CAPITL,61757,29.48,1.95,-1.59,1
09-08-2021 05:00,EDT,CAPITL,61757,30.44,2.12,-0.4,1
09-08-2021 06:00,EDT,CAPITL,61757,32.28,2.31,-0.39,1
09-08-2021 07:00,EDT,CAPITL,61757,33.16,2.11,-0.43,1
09-08-2021 08:00,EDT,CAPITL,61757,35.81,2.22,-0.4,1
09-08-2021 09:00,EDT,CAPITL,61757,40.72,2.27,-0.58,1
09-08-2021 10:00,EDT,CAPITL,61757,41.21,2.2,-0.35,1
09-08-2021 11:00,EDT,CAPITL,61757,46.3,2.25,0,1
09-08-2021 12:00,EDT,CAPITL,61757,50.47,2.36,0,1
09-08-2021 13:00,EDT,CAPITL,61757,53.98,2.42,0,1
09-08-2021 14:00,EDT,CAPITL,61757,56.7,2.6,0,1
09-08-2021 15:00,EDT,CAPITL,61757,60.9,2.85,0.03,1
09-08-2021 16:00,EDT,CAPITL,61757,69.25,3.46,0.72,1
09-08-2021 17:00,EDT,CAPITL,61757,74.63,4.02,0,1
09-08-2021 18:00,EDT,CAPITL,61757,65.35,3.58,0,1
09-08-2021 19:00,EDT,CAPITL,61757,57.06,3.18,0,1
09-08-2021 20:00,EDT,CAPITL,61757,53.17,3.29,0,1
09-08-2021 21:00,EDT,CAPITL,61757,48.04,2.87,0.39,1
09-08-2021 22:00,EDT,CAPITL,61757,41.49,2.39,0,1
09-08-2021 23:00,EDT,CAPITL,61757,38.13,2.53,0,1
10-08-2021 00:00,EDT,CAPITL,61757,38.17,2.99,0,1
10-08-2021 01:00,EDT,CAPITL,61757,34.07,2.64,-0.06,1
10-08-2021 02:00,EDT,CAPITL,61757,32.83,2.3,-2.16,1
10-08-2021 03:00,EDT,CAPITL,61757,32.53,2.21,-3.32,1
10-08-2021 04:00,EDT,CAPITL,61757,32.12,2.13,-3.38,1
10-08-2021 05:00,EDT,CAPITL,61757,30.72,2.38,0,1
10-08-2021 06:00,EDT,CAPITL,61757,32.51,2.52,0,1
10-08-2021 07:00,EDT,CAPITL,61757,36.03,2.51,0,1
10-08-2021 08:00,EDT,CAPITL,61757,40.06,2.55,0,1
10-08-2021 09:00,EDT,CAPITL,61757,41.43,2.64,0,1
10-08-2021 10:00,EDT,CAPITL,61757,44.22,2.42,0,1
10-08-2021 11:00,EDT,CAPITL,61757,50.09,2.79,0,1
10-08-2021 12:00,EDT,CAPITL,61757,52.95,2.76,0,1
10-08-2021 13:00,EDT,CAPITL,61757,57.43,2.99,0,1
10-08-2021 14:00,EDT,CAPITL,61757,59.39,3.15,0,1
10-08-2021 15:00,EDT,CAPITL,61757,66.53,3.71,0,1
10-08-2021 16:00,EDT,CAPITL,61757,76.79,4.55,0,1
10-08-2021 17:00,EDT,CAPITL,61757,84.55,5.45,0,1
10-08-2021 18:00,EDT,CAPITL,61757,72.83,4.89,0,1
10-08-2021 19:00,EDT,CAPITL,61757,59.84,4.12,0,1
10-08-2021 20:00,EDT,CAPITL,61757,55.1,3.85,0,1
10-08-2021 21:00,EDT,CAPITL,61757,49.38,3.32,0,1
10-08-2021 22:00,EDT,CAPITL,61757,43.86,2.95,0,1
10-08-2021 23:00,EDT,CAPITL,61757,40.16,2.8,0,1
11-08-2021 00:00,EDT,CAPITL,61757,37.76,2.82,-2.93,1
11-08-2021 01:00,EDT,CAPITL,61757,35.79,2.33,-6.4,1
11-08-2021 02:00,EDT,CAPITL,61757,32.86,2.21,-4.97,1
11-08-2021 03:00,EDT,CAPITL,61757,31.48,2.24,-3.52,1
11-08-2021 04:00,EDT,CAPITL,61757,30.78,2.36,-1.25,1
11-08-2021 05:00,EDT,CAPITL,61757,31.45,2.37,-2.77,1
11-08-2021 06:00,EDT,CAPITL,61757,34.98,2.48,-4.28,1
11-08-2021 07:00,EDT,CAPITL,61757,36.97,2.8,0,1
11-08-2021 08:00,EDT,CAPITL,61757,40.8,3.02,0,1
11-08-2021 09:00,EDT,CAPITL,61757,42.45,2.85,0,1
11-08-2021 10:00,EDT,CAPITL,61757,47.44,3.23,0,1
11-08-2021 11:00,EDT,CAPITL,61757,51.36,3.36,0,1
11-08-2021 12:00,EDT,CAPITL,61757,55.66,3.74,0,1
11-08-2021 13:00,EDT,CAPITL,61757,60.83,4.14,0,1
11-08-2021 14:00,EDT,CAPITL,61757,62.7,4.32,0,1
11-08-2021 15:00,EDT,CAPITL,61757,70.8,4.88,0,1
11-08-2021 16:00,EDT,CAPITL,61757,78.22,5.59,0,1
11-08-2021 17:00,EDT,CAPITL,61757,87.01,6.14,0,1
11-08-2021 18:00,EDT,CAPITL,61757,72.57,5.25,0,1
11-08-2021 19:00,EDT,CAPITL,61757,61.74,4.57,0,1
11-08-2021 20:00,EDT,CAPITL,61757,56.91,4.22,0,1
11-08-2021 21:00,EDT,CAPITL,61757,52.64,3.9,0,1
11-08-2021 22:00,EDT,CAPITL,61757,46.99,3.36,0,1
11-08-2021 23:00,EDT,CAPITL,61757,41.46,3.03,0,1
12-08-2021 00:00,EDT,CAPITL,61757,41.08,3.06,-2.01,1
12-08-2021 01:00,EDT,CAPITL,61757,34.89,2.64,0,1
12-08-2021 02:00,EDT,CAPITL,61757,34.6,2.34,-4.05,1
12-08-2021 03:00,EDT,CAPITL,61757,33.43,2.35,-2.71,1
12-08-2021 04:00,EDT,CAPITL,61757,32.19,2.34,-1.64,1
12-08-2021 05:00,EDT,CAPITL,61757,34.72,2.47,-3.14,1
12-08-2021 06:00,EDT,CAPITL,61757,36.76,2.58,-4.22,1
12-08-2021 07:00,EDT,CAPITL,61757,38.15,2.73,0,1
12-08-2021 08:00,EDT,CAPITL,61757,41.9,2.96,0,1
12-08-2021 09:00,EDT,CAPITL,61757,47.06,3.32,0,1
12-08-2021 10:00,EDT,CAPITL,61757,53.02,3.61,0,1
12-08-2021 11:00,EDT,CAPITL,61757,56.43,3.84,0,1
12-08-2021 12:00,EDT,CAPITL,61757,58.32,4.12,0,1
12-08-2021 13:00,EDT,CAPITL,61757,64.16,4.59,0,1
12-08-2021 14:00,EDT,CAPITL,61757,67.53,4.94,0,1
12-08-2021 15:00,EDT,CAPITL,61757,85.6,6.41,0,1
12-08-2021 16:00,EDT,CAPITL,61757,93.1,6.81,0,1
12-08-2021 17:00,EDT,CAPITL,61757,98.59,7.38,0,1
12-08-2021 18:00,EDT,CAPITL,61757,85.83,6.57,0,1
12-08-2021 19:00,EDT,CAPITL,61757,69.91,5.18,0,1
12-08-2021 20:00,EDT,CAPITL,61757,59.46,4.61,0,1
12-08-2021 21:00,EDT,CAPITL,61757,53.87,3.94,0,1
12-08-2021 22:00,EDT,CAPITL,61757,49.5,3.58,0,1
12-08-2021 23:00,EDT,CAPITL,61757,43.16,3.23,0,1
13-08-2021 00:00,EDT,CAPITL,61757,44.3,3.28,-5.32,1
13-08-2021 01:00,EDT,CAPITL,61757,38.36,2.91,-3.52,1
13-08-2021 02:00,EDT,CAPITL,61757,36.1,2.72,-2.78,1
13-08-2021 03:00,EDT,CAPITL,61757,34.48,2.48,-3.76,1
13-08-2021 04:00,EDT,CAPITL,61757,32.97,2.55,-1.05,1
13-08-2021 05:00,EDT,CAPITL,61757,35.53,2.66,-2.94,1
13-08-2021 06:00,EDT,CAPITL,61757,35.31,2.85,-0.11,1
13-08-2021 07:00,EDT,CAPITL,61757,38.34,2.94,0,1
13-08-2021 08:00,EDT,CAPITL,61757,41.33,3.13,0,1
13-08-2021 09:00,EDT,CAPITL,61757,46.7,3.62,0,1
13-08-2021 10:00,EDT,CAPITL,61757,51.13,3.96,0,1
13-08-2021 11:00,EDT,CAPITL,61757,54.44,4.17,0,1
13-08-2021 12:00,EDT,CAPITL,61757,56.38,4.47,0,1
13-08-2021 13:00,EDT,CAPITL,61757,64.41,5.15,0,1
13-08-2021 14:00,EDT,CAPITL,61757,67.27,5.61,0,1
13-08-2021 15:00,EDT,CAPITL,61757,82.6,6.94,-1.82,1
13-08-2021 16:00,EDT,CAPITL,61757,90.1,7.33,-5.62,1
13-08-2021 17:00,EDT,CAPITL,61757,90.17,7.83,0,1
13-08-2021 18:00,EDT,CAPITL,61757,70.47,6.12,0,1
13-08-2021 19:00,EDT,CAPITL,61757,58.65,4.99,0,1
13-08-2021 20:00,EDT,CAPITL,61757,53.14,4.39,0,1
13-08-2021 21:00,EDT,CAPITL,61757,50.28,4.23,0,1
13-08-2021 22:00,EDT,CAPITL,61757,45.51,3.64,0,1
13-08-2021 23:00,EDT,CAPITL,61757,40.17,3.21,0,1
14-08-2021 00:00,EDT,CAPITL,61757,46.08,2.45,-15.45,1
14-08-2021 01:00,EDT,CAPITL,61757,41.72,2.1,-15.46,1
14-08-2021 02:00,EDT,CAPITL,61757,38.27,2.01,-12.92,1
14-08-2021 03:00,EDT,CAPITL,61757,36.38,1.96,-11.05,1
14-08-2021 04:00,EDT,CAPITL,61757,36.7,1.65,-15.18,1
14-08-2021 05:00,EDT,CAPITL,61757,36.26,1.78,-13.5,1
14-08-2021 06:00,EDT,CAPITL,61757,37.38,1.66,-15.95,1
14-08-2021 07:00,EDT,CAPITL,61757,37.12,1.8,-12.21,1
14-08-2021 08:00,EDT,CAPITL,61757,39.54,2.12,-11.27,1
14-08-2021 09:00,EDT,CAPITL,61757,42.83,2.39,-12.32,1
14-08-2021 10:00,EDT,CAPITL,61757,43.94,2.75,-10.6,1
14-08-2021 11:00,EDT,CAPITL,61757,46.56,2.83,-10.88,1
14-08-2021 12:00,EDT,CAPITL,61757,53.62,2.85,-17.69,1
14-08-2021 13:00,EDT,CAPITL,61757,59.69,2.64,-26.34,1
14-08-2021 14:00,EDT,CAPITL,61757,58.83,2.88,-22.48,1
14-08-2021 15:00,EDT,CAPITL,61757,61.71,2.79,-26.03,1
14-08-2021 16:00,EDT,CAPITL,61757,61.44,3.32,-20.4,1
14-08-2021 17:00,EDT,CAPITL,61757,68.83,3.42,-26.97,1
14-08-2021 18:00,EDT,CAPITL,61757,64.34,3.41,-22.61,1
14-08-2021 19:00,EDT,CAPITL,61757,45.56,3.02,-8.23,1
14-08-2021 20:00,EDT,CAPITL,61757,42.41,3.1,-4.94,1
14-08-2021 21:00,EDT,CAPITL,61757,40.76,2.74,-6.15,1
14-08-2021 22:00,EDT,CAPITL,61757,39.03,2.3,-7.62,1
14-08-2021 23:00,EDT,CAPITL,61757,38.91,1.91,-10.83,1
15-08-2021 00:00,EDT,CAPITL,61757,35.21,2.16,-6.1,1
15-08-2021 01:00,EDT,CAPITL,61757,31.71,2.06,-3.84,1
15-08-2021 02:00,EDT,CAPITL,61757,30.2,1.83,-4.57,1
15-08-2021 03:00,EDT,CAPITL,61757,29.52,1.83,-3.96,1
15-08-2021 04:00,EDT,CAPITL,61757,29.29,1.56,-7.13,1
15-08-2021 05:00,EDT,CAPITL,61757,29.26,1.56,-7.41,1
15-08-2021 06:00,EDT,CAPITL,61757,28.94,1.49,-7.58,1
15-08-2021 07:00,EDT,CAPITL,61757,28.13,1.47,-6.77,1
15-08-2021 08:00,EDT,CAPITL,61757,28.46,1.76,-3.87,1
15-08-2021 09:00,EDT,CAPITL,61757,29.06,2.08,0,1
15-08-2021 10:00,EDT,CAPITL,61757,30.42,2.1,0,1
15-08-2021 11:00,EDT,CAPITL,61757,31.06,2.06,0,1
15-08-2021 12:00,EDT,CAPITL,61757,31.77,2.19,0,1
15-08-2021 13:00,EDT,CAPITL,61757,32.76,2.23,0,1
15-08-2021 14:00,EDT,CAPITL,61757,34.11,2.32,0,1
15-08-2021 15:00,EDT,CAPITL,61757,36.79,2.6,0,1
15-08-2021 16:00,EDT,CAPITL,61757,41.89,2.96,0,1
15-08-2021 17:00,EDT,CAPITL,61757,44.32,3.24,0,1
15-08-2021 18:00,EDT,CAPITL,61757,42.76,3.2,0,1
15-08-2021 19:00,EDT,CAPITL,61757,35.4,2.65,0,1
15-08-2021 20:00,EDT,CAPITL,61757,35.38,2.65,0,1
15-08-2021 21:00,EDT,CAPITL,61757,33.41,2.36,0,1
15-08-2021 22:00,EDT,CAPITL,61757,31.15,2.17,0,1
15-08-2021 23:00,EDT,CAPITL,61757,30.93,2.02,0,1
16-08-2021 00:00,EDT,CAPITL,61757,34.23,2.19,-1.64,1
16-08-2021 01:00,EDT,CAPITL,61757,29.43,2.03,0,1
16-08-2021 02:00,EDT,CAPITL,61757,30.16,1.61,-6.18,1
16-08-2021 03:00,EDT,CAPITL,61757,31.07,1.48,-9.36,1
16-08-2021 04:00,EDT,CAPITL,61757,30.12,1.56,-7.12,1
16-08-2021 05:00,EDT,CAPITL,61757,30.1,1.86,-4.05,1
16-08-2021 06:00,EDT,CAPITL,61757,32.4,1.93,-5.42,1
16-08-2021 07:00,EDT,CAPITL,61757,32.98,2.08,-2.78,1
16-08-2021 08:00,EDT,CAPITL,61757,32.31,2.21,-0.29,1
16-08-2021 09:00,EDT,CAPITL,61757,32.76,2.14,-0.06,1
16-08-2021 10:00,EDT,CAPITL,61757,34.99,2.22,-0.09,1
16-08-2021 11:00,EDT,CAPITL,61757,36.56,2.23,-0.07,1
16-08-2021 12:00,EDT,CAPITL,61757,38.75,2.29,-0.11,1
16-08-2021 13:00,EDT,CAPITL,61757,39.96,2.36,-0.08,1
16-08-2021 14:00,EDT,CAPITL,61757,41.45,2.49,-0.11,1
16-08-2021 15:00,EDT,CAPITL,61757,46.96,2.88,-0.37,1
16-08-2021 16:00,EDT,CAPITL,61757,48.6,3.12,-0.2,1
16-08-2021 17:00,EDT,CAPITL,61757,52.26,3.5,-0.24,1
16-08-2021 18:00,EDT,CAPITL,61757,49.15,3.29,-0.14,1
16-08-2021 19:00,EDT,CAPITL,61757,44.51,2.99,-0.07,1
16-08-2021 20:00,EDT,CAPITL,61757,40.68,2.84,0,1
16-08-2021 21:00,EDT,CAPITL,61757,37.45,2.58,-0.02,1
16-08-2021 22:00,EDT,CAPITL,61757,34.94,2.34,-0.11,1
16-08-2021 23:00,EDT,CAPITL,61757,32.93,2.24,0,1
17-08-2021 00:00,EDT,CAPITL,61757,33.58,2.36,-0.14,1
17-08-2021 01:00,EDT,CAPITL,61757,31.57,2.23,-0.33,1
17-08-2021 02:00,EDT,CAPITL,61757,29.39,2.06,-0.23,1
17-08-2021 03:00,EDT,CAPITL,61757,28.91,2.05,-0.27,1
17-08-2021 04:00,EDT,CAPITL,61757,28.46,2.04,-0.25,1
17-08-2021 05:00,EDT,CAPITL,61757,29.82,2.11,-0.3,1
17-08-2021 06:00,EDT,CAPITL,61757,31.42,2.27,-0.1,1
17-08-2021 07:00,EDT,CAPITL,61757,32.78,2.34,-0.07,1
17-08-2021 08:00,EDT,CAPITL,61757,34.62,2.53,0,1
17-08-2021 09:00,EDT,CAPITL,61757,35.99,2.61,0,1
17-08-2021 10:00,EDT,CAPITL,61757,38.76,2.71,0,1
17-08-2021 11:00,EDT,CAPITL,61757,40.49,2.83,0,1
17-08-2021 12:00,EDT,CAPITL,61757,42.85,2.99,0,1
17-08-2021 13:00,EDT,CAPITL,61757,44.29,3.09,0,1
17-08-2021 14:00,EDT,CAPITL,61757,45.51,3.33,0,1
17-08-2021 15:00,EDT,CAPITL,61757,48.61,3.56,0,1
17-08-2021 16:00,EDT,CAPITL,61757,50.85,3.77,0,1
17-08-2021 17:00,EDT,CAPITL,61757,53.82,4.12,0,1
17-08-2021 18:00,EDT,CAPITL,61757,50.88,3.94,0,1
17-08-2021 19:00,EDT,CAPITL,61757,49.73,3.77,0,1
17-08-2021 20:00,EDT,CAPITL,61757,44.44,3.48,0,1
17-08-2021 21:00,EDT,CAPITL,61757,40.12,3.07,0,1
17-08-2021 22:00,EDT,CAPITL,61757,38.15,2.92,0,1
17-08-2021 23:00,EDT,CAPITL,61757,34.27,2.54,0,1
18-08-2021 00:00,EDT,CAPITL,61757,37.73,2.98,-0.87,1
18-08-2021 01:00,EDT,CAPITL,61757,34.89,2.71,-1.4,1
18-08-2021 02:00,EDT,CAPITL,61757,34,2.41,-3.6,1
18-08-2021 03:00,EDT,CAPITL,61757,31.78,2.46,-1.34,1
18-08-2021 04:00,EDT,CAPITL,61757,33.26,2.47,-2.73,1
18-08-2021 05:00,EDT,CAPITL,61757,35.29,2.55,-4.08,1
18-08-2021 06:00,EDT,CAPITL,61757,38.57,2.58,-6.64,1
18-08-2021 07:00,EDT,CAPITL,61757,36.26,2.84,0,1
18-08-2021 08:00,EDT,CAPITL,61757,38.26,2.93,0,1
18-08-2021 09:00,EDT,CAPITL,61757,40.16,3.08,0,1
18-08-2021 10:00,EDT,CAPITL,61757,43.39,2.84,0,1
18-08-2021 11:00,EDT,CAPITL,61757,47.17,2.92,0,1
18-08-2021 12:00,EDT,CAPITL,61757,48.29,2.91,0,1
18-08-2021 13:00,EDT,CAPITL,61757,50.7,3.14,0,1
18-08-2021 14:00,EDT,CAPITL,61757,51.77,3.34,0,1
18-08-2021 15:00,EDT,CAPITL,61757,53.22,3.48,0,1
18-08-2021 16:00,EDT,CAPITL,61757,57.6,3.77,0,1
18-08-2021 17:00,EDT,CAPITL,61757,60.68,4.13,0,1
18-08-2021 18:00,EDT,CAPITL,61757,55,3.84,0,1
18-08-2021 19:00,EDT,CAPITL,61757,53.53,3.74,0,1
18-08-2021 20:00,EDT,CAPITL,61757,51.71,3.78,0,1
18-08-2021 21:00,EDT,CAPITL,61757,44.18,3.08,0,1
18-08-2021 22:00,EDT,CAPITL,61757,40.6,3.11,0,1
18-08-2021 23:00,EDT,CAPITL,61757,37.89,2.9,0,1
19-08-2021 00:00,EDT,CAPITL,61757,36.95,2.83,0,1
19-08-2021 01:00,EDT,CAPITL,61757,33.84,2.59,0,1
19-08-2021 02:00,EDT,CAPITL,61757,32.58,2.5,0,1
19-08-2021 03:00,EDT,CAPITL,61757,32.3,2.47,0,1
19-08-2021 04:00,EDT,CAPITL,61757,31.7,2.46,0,1
19-08-2021 05:00,EDT,CAPITL,61757,33.13,2.59,0,1
19-08-2021 06:00,EDT,CAPITL,61757,39.04,2.59,-5.22,1
19-08-2021 07:00,EDT,CAPITL,61757,38.21,2.86,0,1
19-08-2021 08:00,EDT,CAPITL,61757,41.31,3.06,0,1
19-08-2021 09:00,EDT,CAPITL,61757,44.54,3.22,0,1
19-08-2021 10:00,EDT,CAPITL,61757,45.4,3.09,0,1
19-08-2021 11:00,EDT,CAPITL,61757,47.72,3.04,0,1
19-08-2021 12:00,EDT,CAPITL,61757,49.47,3.06,0,1
19-08-2021 13:00,EDT,CAPITL,61757,52.52,3.16,0,1
19-08-2021 14:00,EDT,CAPITL,61757,54.52,3.37,0,1
19-08-2021 15:00,EDT,CAPITL,61757,55.99,3.52,0,1
19-08-2021 16:00,EDT,CAPITL,61757,60.33,3.73,0,1
19-08-2021 17:00,EDT,CAPITL,61757,60.88,3.93,0,1
19-08-2021 18:00,EDT,CAPITL,61757,54.43,3.51,0,1
19-08-2021 19:00,EDT,CAPITL,61757,53.92,3.67,0,1
19-08-2021 20:00,EDT,CAPITL,61757,51.2,3.79,0,1
19-08-2021 21:00,EDT,CAPITL,61757,44.53,3.07,0,1
19-08-2021 22:00,EDT,CAPITL,61757,39.94,2.79,0,1
19-08-2021 23:00,EDT,CAPITL,61757,37.14,2.62,0,1
20-08-2021 00:00,EDT,CAPITL,61757,38.51,3.05,0,1
20-08-2021 01:00,EDT,CAPITL,61757,36.84,2.88,-0.44,1
20-08-2021 02:00,EDT,CAPITL,61757,35.58,2.76,-1.11,1
20-08-2021 03:00,EDT,CAPITL,61757,35.3,2.61,-2.7,1
20-08-2021 04:00,EDT,CAPITL,61757,33.4,2.66,-0.11,1
20-08-2021 05:00,EDT,CAPITL,61757,36.13,2.69,-2.82,1
20-08-2021 06:00,EDT,CAPITL,61757,41.62,2.68,-7.75,1
20-08-2021 07:00,EDT,CAPITL,61757,38.13,3.02,0,1
20-08-2021 08:00,EDT,CAPITL,61757,41.77,3.24,0,1
20-08-2021 09:00,EDT,CAPITL,61757,47.05,3.52,0,1
20-08-2021 10:00,EDT,CAPITL,61757,49.43,3.58,0,1
20-08-2021 11:00,EDT,CAPITL,61757,51.17,3.66,0,1
20-08-2021 12:00,EDT,CAPITL,61757,53.92,3.86,0,1
20-08-2021 13:00,EDT,CAPITL,61757,57.65,4.02,0,1
20-08-2021 14:00,EDT,CAPITL,61757,58.55,3.88,0,1
20-08-2021 15:00,EDT,CAPITL,61757,65.83,4.36,0,1
20-08-2021 16:00,EDT,CAPITL,61757,71.9,4.77,0,1
20-08-2021 17:00,EDT,CAPITL,61757,72.58,5.12,0,1
20-08-2021 18:00,EDT,CAPITL,61757,61.56,4.4,0,1
20-08-2021 19:00,EDT,CAPITL,61757,57.47,4.26,0,1
20-08-2021 20:00,EDT,CAPITL,61757,54.43,4.26,0,1
20-08-2021 21:00,EDT,CAPITL,61757,48.67,3.65,0,1
20-08-2021 22:00,EDT,CAPITL,61757,43.52,3.3,0,1
20-08-2021 23:00,EDT,CAPITL,61757,39.4,3.02,0,1
21-08-2021 00:00,EDT,CAPITL,61757,39.47,3.02,0,1
21-08-2021 01:00,EDT,CAPITL,61757,36.84,2.82,0,1
21-08-2021 02:00,EDT,CAPITL,61757,35.32,2.74,0,1
21-08-2021 03:00,EDT,CAPITL,61757,33.42,2.59,0,1
21-08-2021 04:00,EDT,CAPITL,61757,33.62,2.57,-1.13,1
21-08-2021 05:00,EDT,CAPITL,61757,34.5,2.55,-2.3,1
21-08-2021 06:00,EDT,CAPITL,61757,34.72,2.54,-2.27,1
21-08-2021 07:00,EDT,CAPITL,61757,33.42,2.65,0,1
21-08-2021 08:00,EDT,CAPITL,61757,36.68,2.75,0,1
21-08-2021 09:00,EDT,CAPITL,61757,38.6,2.79,0,1
21-08-2021 10:00,EDT,CAPITL,61757,41.45,3,0,1
21-08-2021 11:00,EDT,CAPITL,61757,45.41,3.21,0,1
21-08-2021 12:00,EDT,CAPITL,61757,49.16,3.39,0,1
21-08-2021 13:00,EDT,CAPITL,61757,55.41,3.72,0,1
21-08-2021 14:00,EDT,CAPITL,61757,56.13,3.82,0,1
21-08-2021 15:00,EDT,CAPITL,61757,58.84,3.85,0,1
21-08-2021 16:00,EDT,CAPITL,61757,67.57,4.54,0,1
21-08-2021 17:00,EDT,CAPITL,61757,71.81,4.88,0,1
21-08-2021 18:00,EDT,CAPITL,61757,63.23,4.36,0,1
21-08-2021 19:00,EDT,CAPITL,61757,54.07,4.01,0,1
21-08-2021 20:00,EDT,CAPITL,61757,54.71,3.96,0,1
21-08-2021 21:00,EDT,CAPITL,61757,45.01,2.94,0,1
21-08-2021 22:00,EDT,CAPITL,61757,39.81,2.78,0,1
21-08-2021 23:00,EDT,CAPITL,61757,37.66,2.53,0,1
22-08-2021 00:00,EDT,CAPITL,61757,38.27,2.62,-0.23,1
22-08-2021 01:00,EDT,CAPITL,61757,33.09,2.28,-0.01,1
22-08-2021 02:00,EDT,CAPITL,61757,31.27,2.13,0,1
22-08-2021 03:00,EDT,CAPITL,61757,31.03,2.11,-0.02,1
22-08-2021 04:00,EDT,CAPITL,61757,29.64,2.02,0,1
22-08-2021 05:00,EDT,CAPITL,61757,29.88,2.03,0,1
22-08-2021 06:00,EDT,CAPITL,61757,29.45,1.98,0,1
22-08-2021 07:00,EDT,CAPITL,61757,28.74,1.78,0,1
22-08-2021 08:00,EDT,CAPITL,61757,32.07,1.98,0,1
22-08-2021 09:00,EDT,CAPITL,61757,34.82,2.1,0,1
22-08-2021 10:00,EDT,CAPITL,61757,38.07,2.15,0,1
22-08-2021 11:00,EDT,CAPITL,61757,41.08,2.25,0,1
22-08-2021 12:00,EDT,CAPITL,61757,45.29,2.44,0,1
22-08-2021 13:00,EDT,CAPITL,61757,46.46,2.46,0,1
22-08-2021 14:00,EDT,CAPITL,61757,49.15,2.38,0,1
22-08-2021 15:00,EDT,CAPITL,61757,52.41,2.64,0,1
22-08-2021 16:00,EDT,CAPITL,61757,55.09,2.82,0,1
22-08-2021 17:00,EDT,CAPITL,61757,60.08,3.51,0,1
22-08-2021 18:00,EDT,CAPITL,61757,53.34,3.25,0,1
22-08-2021 19:00,EDT,CAPITL,61757,49.56,3.07,0,1
22-08-2021 20:00,EDT,CAPITL,61757,47.59,2.9,0,1
22-08-2021 21:00,EDT,CAPITL,61757,42.92,2.47,0,1
22-08-2021 22:00,EDT,CAPITL,61757,37.16,2.1,0,1
22-08-2021 23:00,EDT,CAPITL,61757,36.96,1.99,-0.57,1
23-08-2021 00:00,EDT,CAPITL,61757,37.85,2.37,-0.59,1
23-08-2021 01:00,EDT,CAPITL,61757,36.01,2.38,-0.52,1
23-08-2021 02:00,EDT,CAPITL,61757,33.57,2.23,-0.44,1
23-08-2021 03:00,EDT,CAPITL,61757,32.44,2.15,-0.4,1
23-08-2021 04:00,EDT,CAPITL,61757,32.72,2.14,-0.41,1
23-08-2021 05:00,EDT,CAPITL,61757,34.18,2.29,-0.46,1
23-08-2021 06:00,EDT,CAPITL,61757,36.53,2.54,-0.54,1
23-08-2021 07:00,EDT,CAPITL,61757,38.28,2.3,-0.61,1
23-08-2021 08:00,EDT,CAPITL,61757,40.74,2.41,-0.69,1
23-08-2021 09:00,EDT,CAPITL,61757,43.94,2.52,-0.04,1
23-08-2021 10:00,EDT,CAPITL,61757,47.97,2.53,-0.14,1
23-08-2021 11:00,EDT,CAPITL,61757,50.94,2.7,0,1
23-08-2021 12:00,EDT,CAPITL,61757,53.82,2.85,0,1
23-08-2021 13:00,EDT,CAPITL,61757,55.98,2.86,-0.06,1
23-08-2021 14:00,EDT,CAPITL,61757,56.73,2.96,0,1
23-08-2021 15:00,EDT,CAPITL,61757,61,3.34,0,1
23-08-2021 16:00,EDT,CAPITL,61757,67.44,3.82,0,1
23-08-2021 17:00,EDT,CAPITL,61757,68.19,4.22,0,1
23-08-2021 18:00,EDT,CAPITL,61757,61.2,3.79,0,1
23-08-2021 19:00,EDT,CAPITL,61757,58.24,3.66,0,1
23-08-2021 20:00,EDT,CAPITL,61757,56.7,3.46,0,1
23-08-2021 21:00,EDT,CAPITL,61757,49.71,3.03,0,1
23-08-2021 22:00,EDT,CAPITL,61757,43.12,2.66,-0.17,1
23-08-2021 23:00,EDT,CAPITL,61757,40.15,2.48,-0.67,1
24-08-2021 00:00,EDT,CAPITL,61757,39.58,2.75,-0.65,1
24-08-2021 01:00,EDT,CAPITL,61757,35.72,2.52,-0.5,1
24-08-2021 02:00,EDT,CAPITL,61757,33.68,2.35,-0.43,1
24-08-2021 03:00,EDT,CAPITL,61757,31.69,2.24,-0.36,1
24-08-2021 04:00,EDT,CAPITL,61757,31.38,2.19,-0.35,1
24-08-2021 05:00,EDT,CAPITL,61757,33.79,2.38,-0.44,1
24-08-2021 06:00,EDT,CAPITL,61757,35.79,2.55,-0.51,1
24-08-2021 07:00,EDT,CAPITL,61757,38.62,2.55,-0.61,1
24-08-2021 08:00,EDT,CAPITL,61757,42.75,2.75,-0.75,1
24-08-2021 09:00,EDT,CAPITL,61757,47.43,3,-0.92,1
24-08-2021 10:00,EDT,CAPITL,61757,50.67,3.03,-1.02,1
24-08-2021 11:00,EDT,CAPITL,61757,53.42,3.24,-1.11,1
24-08-2021 12:00,EDT,CAPITL,61757,57.44,3.38,-1.25,1
24-08-2021 13:00,EDT,CAPITL,61757,61.65,3.68,-1.4,1
24-08-2021 14:00,EDT,CAPITL,61757,63.84,3.92,-1.47,1
24-08-2021 15:00,EDT,CAPITL,61757,75.42,4.74,-1.87,1
24-08-2021 16:00,EDT,CAPITL,61757,82.33,5.51,-0.32,1
24-08-2021 17:00,EDT,CAPITL,61757,85.67,6.05,0,1
24-08-2021 18:00,EDT,CAPITL,61757,73.91,5.09,0,1
24-08-2021 19:00,EDT,CAPITL,61757,63.11,4.67,-0.13,1
24-08-2021 20:00,EDT,CAPITL,61757,57.89,3.9,-1.26,1
24-08-2021 21:00,EDT,CAPITL,61757,53.57,3.66,-1.11,1
24-08-2021 22:00,EDT,CAPITL,61757,46.09,2.92,-0.87,1
24-08-2021 23:00,EDT,CAPITL,61757,42.2,2.64,-0.75,1
25-08-2021 00:00,EDT,CAPITL,61757,37.9,2.65,0,1
25-08-2021 01:00,EDT,CAPITL,61757,33.71,2.35,0,1
25-08-2021 02:00,EDT,CAPITL,61757,31.43,2.19,0,1
25-08-2021 03:00,EDT,CAPITL,61757,30.16,2.11,0,1
25-08-2021 04:00,EDT,CAPITL,61757,29.94,2.09,0,1
25-08-2021 05:00,EDT,CAPITL,61757,30.86,2.15,0,1
25-08-2021 06:00,EDT,CAPITL,61757,33.68,2.38,0,1
25-08-2021 07:00,EDT,CAPITL,61757,35.45,2.38,0,1
25-08-2021 08:00,EDT,CAPITL,61757,38.48,2.48,0,1
25-08-2021 09:00,EDT,CAPITL,61757,42.85,2.58,0,1
25-08-2021 10:00,EDT,CAPITL,61757,48.26,2.64,0,1
25-08-2021 11:00,EDT,CAPITL,61757,52.32,2.82,0,1
25-08-2021 12:00,EDT,CAPITL,61757,57.2,2.88,0,1
25-08-2021 13:00,EDT,CAPITL,61757,60.37,3.09,0,1
25-08-2021 14:00,EDT,CAPITL,61757,65.32,3.46,0,1
25-08-2021 15:00,EDT,CAPITL,61757,81.17,4.74,0,1
25-08-2021 16:00,EDT,CAPITL,61757,90.26,5.27,0,1
25-08-2021 17:00,EDT,CAPITL,61757,92.95,5.6,0,1
25-08-2021 18:00,EDT,CAPITL,61757,79.25,4.77,0,1
25-08-2021 19:00,EDT,CAPITL,61757,64.58,3.83,0,1
25-08-2021 20:00,EDT,CAPITL,61757,56.3,3.24,0,1
25-08-2021 21:00,EDT,CAPITL,61757,51.54,3.1,0,1
25-08-2021 22:00,EDT,CAPITL,61757,48.1,2.9,0,1
25-08-2021 23:00,EDT,CAPITL,61757,41.7,2.51,0,1
26-08-2021 00:00,EDT,CAPITL,61757,40.37,2.78,0,1
26-08-2021 01:00,EDT,CAPITL,61757,37.07,2.49,0,1
26-08-2021 02:00,EDT,CAPITL,61757,34.63,2.33,0,1
26-08-2021 03:00,EDT,CAPITL,61757,32.77,2.17,0,1
26-08-2021 04:00,EDT,CAPITL,61757,32.27,2.08,0,1
26-08-2021 05:00,EDT,CAPITL,61757,33.74,2.47,0,1
26-08-2021 06:00,EDT,CAPITL,61757,35.91,2.6,0,1
26-08-2021 07:00,EDT,CAPITL,61757,39.67,2.84,0,1
26-08-2021 08:00,EDT,CAPITL,61757,42.08,2.94,0,1
26-08-2021 09:00,EDT,CAPITL,61757,47.27,3.26,0,1
26-08-2021 10:00,EDT,CAPITL,61757,55.73,3.55,0,1
26-08-2021 11:00,EDT,CAPITL,61757,59.07,3.6,0,1
26-08-2021 12:00,EDT,CAPITL,61757,62.58,3.87,0,1
26-08-2021 13:00,EDT,CAPITL,61757,69.38,4.05,0,1
26-08-2021 14:00,EDT,CAPITL,61757,76.09,4.44,0,1
26-08-2021 15:00,EDT,CAPITL,61757,101.97,6.22,0,1
26-08-2021 16:00,EDT,CAPITL,61757,106.5,6.78,0,1
26-08-2021 17:00,EDT,CAPITL,61757,107.24,6.92,0,1
26-08-2021 18:00,EDT,CAPITL,61757,90.85,5.94,0,1
26-08-2021 19:00,EDT,CAPITL,61757,70.85,4.63,0,1
26-08-2021 20:00,EDT,CAPITL,61757,62.01,4,0,1
26-08-2021 21:00,EDT,CAPITL,61757,55.93,3.51,0,1
26-08-2021 22:00,EDT,CAPITL,61757,50.16,3.28,0,1
26-08-2021 23:00,EDT,CAPITL,61757,44.5,2.83,0,1
27-08-2021 00:00,EDT,CAPITL,61757,40.26,2.81,0,1
27-08-2021 01:00,EDT,CAPITL,61757,35.99,2.54,0,1
27-08-2021 02:00,EDT,CAPITL,61757,34.99,2.38,0,1
27-08-2021 03:00,EDT,CAPITL,61757,32.84,2.23,0,1
27-08-2021 04:00,EDT,CAPITL,61757,32.25,2.19,0,1
27-08-2021 05:00,EDT,CAPITL,61757,34.35,2.31,0,1
27-08-2021 06:00,EDT,CAPITL,61757,35.57,2.28,-0.28,1
27-08-2021 07:00,EDT,CAPITL,61757,36.77,2.27,-0.15,1
27-08-2021 08:00,EDT,CAPITL,61757,40.34,2.48,-0.27,1
27-08-2021 09:00,EDT,CAPITL,61757,43.76,2.68,-0.39,1
27-08-2021 10:00,EDT,CAPITL,61757,48.66,2.81,-0.56,1
27-08-2021 11:00,EDT,CAPITL,61757,50.74,2.94,-0.39,1
27-08-2021 12:00,EDT,CAPITL,61757,56.12,3.28,0,1
27-08-2021 13:00,EDT,CAPITL,61757,60.37,3.56,-0.33,1
27-08-2021 14:00,EDT,CAPITL,61757,61.83,3.64,-0.44,1
27-08-2021 15:00,EDT,CAPITL,61757,75.83,4.68,-1.3,1
27-08-2021 16:00,EDT,CAPITL,61757,84.62,5.36,-1.59,1
27-08-2021 17:00,EDT,CAPITL,61757,83.31,5.38,-1.08,1
27-08-2021 18:00,EDT,CAPITL,61757,68.3,4.54,-0.75,1
27-08-2021 19:00,EDT,CAPITL,61757,54.04,3.58,-0.04,1
27-08-2021 20:00,EDT,CAPITL,61757,49.92,3.35,-0.6,1
27-08-2021 21:00,EDT,CAPITL,61757,48.38,3,-0.56,1
27-08-2021 22:00,EDT,CAPITL,61757,43.59,2.7,-0.6,1
27-08-2021 23:00,EDT,CAPITL,61757,39.34,2.36,-0.68,1
28-08-2021 00:00,EDT,CAPITL,61757,42.95,2.67,-1.02,1
28-08-2021 01:00,EDT,CAPITL,61757,37.05,2.43,-0.82,1
28-08-2021 02:00,EDT,CAPITL,61757,36.06,2.13,-3.08,1
28-08-2021 03:00,EDT,CAPITL,61757,33.59,2.11,-0.9,1
28-08-2021 04:00,EDT,CAPITL,61757,33.5,1.99,-2.68,1
28-08-2021 05:00,EDT,CAPITL,61757,33.54,2.04,-2.84,1
28-08-2021 06:00,EDT,CAPITL,61757,32.26,1.93,-2.32,1
28-08-2021 07:00,EDT,CAPITL,61757,30.2,1.89,-0.08,1
28-08-2021 08:00,EDT,CAPITL,61757,33.33,1.94,-0.19,1
28-08-2021 09:00,EDT,CAPITL,61757,35.67,2.04,-0.2,1
28-08-2021 10:00,EDT,CAPITL,61757,36.74,1.93,-0.25,1
28-08-2021 11:00,EDT,CAPITL,61757,39.16,1.95,-0.33,1
28-08-2021 12:00,EDT,CAPITL,61757,41.4,2.05,0,1
28-08-2021 13:00,EDT,CAPITL,61757,43.68,2,0,1
28-08-2021 14:00,EDT,CAPITL,61757,46.29,2.12,0,1
28-08-2021 15:00,EDT,CAPITL,61757,48.93,2.3,-0.67,1
28-08-2021 16:00,EDT,CAPITL,61757,53.37,2.6,-0.82,1
28-08-2021 17:00,EDT,CAPITL,61757,54.78,2.78,-0.45,1
28-08-2021 18:00,EDT,CAPITL,61757,52.66,2.91,-0.36,1
28-08-2021 19:00,EDT,CAPITL,61757,45.15,2.47,0,1
28-08-2021 20:00,EDT,CAPITL,61757,43.41,2.47,-0.39,1
28-08-2021 21:00,EDT,CAPITL,61757,39.16,2.23,-0.32,1
28-08-2021 22:00,EDT,CAPITL,61757,36.9,2.3,-0.31,1
28-08-2021 23:00,EDT,CAPITL,61757,35.57,2.19,-0.26,1
29-08-2021 00:00,EDT,CAPITL,61757,38.94,2.6,-0.72,1
29-08-2021 01:00,EDT,CAPITL,61757,34.43,2.29,-0.27,1
29-08-2021 02:00,EDT,CAPITL,61757,33.72,2.23,-0.51,1
29-08-2021 03:00,EDT,CAPITL,61757,32.81,2.16,-0.68,1
29-08-2021 04:00,EDT,CAPITL,61757,32.09,2.15,-0.43,1
29-08-2021 05:00,EDT,CAPITL,61757,32.19,2.09,-1.5,1
29-08-2021 06:00,EDT,CAPITL,61757,32.57,2.01,-2.64,1
29-08-2021 07:00,EDT,CAPITL,61757,30.65,2.03,-0.45,1
29-08-2021 08:00,EDT,CAPITL,61757,33.86,2.17,-0.21,1
29-08-2021 09:00,EDT,CAPITL,61757,36.01,2.15,-0.29,1
29-08-2021 10:00,EDT,CAPITL,61757,39.5,2.38,-0.41,1
29-08-2021 11:00,EDT,CAPITL,61757,40.7,2.39,-0.35,1
29-08-2021 12:00,EDT,CAPITL,61757,44.1,2.48,-0.26,1
29-08-2021 13:00,EDT,CAPITL,61757,44.03,2.15,-0.46,1
29-08-2021 14:00,EDT,CAPITL,61757,46.99,2.29,-0.56,1
29-08-2021 15:00,EDT,CAPITL,61757,51.01,2.62,-0.7,1
29-08-2021 16:00,EDT,CAPITL,61757,53.8,2.95,0,1
29-08-2021 17:00,EDT,CAPITL,61757,57.31,3.35,0,1
29-08-2021 18:00,EDT,CAPITL,61757,55.11,3.46,0,1
29-08-2021 19:00,EDT,CAPITL,61757,51.77,3.43,0,1
29-08-2021 20:00,EDT,CAPITL,61757,47.58,2.95,0,1
29-08-2021 21:00,EDT,CAPITL,61757,44.28,2.79,-0.5,1
29-08-2021 22:00,EDT,CAPITL,61757,39.93,2.79,-0.42,1
29-08-2021 23:00,EDT,CAPITL,61757,37.39,2.48,-0.54,1
30-08-2021 00:00,EDT,CAPITL,61757,39.87,2.63,-1.21,1
30-08-2021 01:00,EDT,CAPITL,61757,35.64,2.42,-1.04,1
30-08-2021 02:00,EDT,CAPITL,61757,34.52,2.28,-1.02,1
30-08-2021 03:00,EDT,CAPITL,61757,33.82,2.29,-1,1
30-08-2021 04:00,EDT,CAPITL,61757,33.73,2.29,-0.99,1
30-08-2021 05:00,EDT,CAPITL,61757,34.61,2.46,-1.02,1
30-08-2021 06:00,EDT,CAPITL,61757,37.81,2.69,-1.11,1
30-08-2021 07:00,EDT,CAPITL,61757,39.18,2.6,-0.97,1
30-08-2021 08:00,EDT,CAPITL,61757,39.23,2.49,-0.58,1
30-08-2021 09:00,EDT,CAPITL,61757,44.14,2.52,-0.95,1
30-08-2021 10:00,EDT,CAPITL,61757,48.71,2.77,-0.62,1
30-08-2021 11:00,EDT,CAPITL,61757,52.37,2.87,-0.89,1
30-08-2021 12:00,EDT,CAPITL,61757,56.04,3.07,-0.02,1
30-08-2021 13:00,EDT,CAPITL,61757,60.26,3.34,-1.16,1
30-08-2021 14:00,EDT,CAPITL,61757,62.37,3.53,0,1
30-08-2021 15:00,EDT,CAPITL,61757,68.83,3.76,-0.21,1
30-08-2021 16:00,EDT,CAPITL,61757,74.86,4.32,-0.93,1
30-08-2021 17:00,EDT,CAPITL,61757,76.94,4.7,-1.02,1
30-08-2021 18:00,EDT,CAPITL,61757,64.45,3.87,-0.24,1
30-08-2021 19:00,EDT,CAPITL,61757,57.73,3.63,0,1
30-08-2021 20:00,EDT,CAPITL,61757,56.47,3.51,-0.53,1
30-08-2021 21:00,EDT,CAPITL,61757,47.75,2.87,-0.71,1
30-08-2021 22:00,EDT,CAPITL,61757,43.74,2.52,-0.58,1
30-08-2021 23:00,EDT,CAPITL,61757,41.64,2.8,-0.94,1
31-08-2021 00:00,EDT,CAPITL,61757,39.11,2.57,-0.93,1
31-08-2021 01:00,EDT,CAPITL,61757,34.19,2.31,-0.27,1
31-08-2021 02:00,EDT,CAPITL,61757,32.57,2.15,-0.19,1
31-08-2021 03:00,EDT,CAPITL,61757,31.78,2.18,-0.19,1
31-08-2021 04:00,EDT,CAPITL,61757,31.82,2.2,-0.23,1
31-08-2021 05:00,EDT,CAPITL,61757,33.13,2.39,-0.18,1
31-08-2021 06:00,EDT,CAPITL,61757,36.56,2.4,-0.31,1
31-08-2021 07:00,EDT,CAPITL,61757,36.99,2.28,-0.18,1
31-08-2021 08:00,EDT,CAPITL,61757,41.16,2.53,-0.26,1
31-08-2021 09:00,EDT,CAPITL,61757,42.44,2.54,-0.23,1
31-08-2021 10:00,EDT,CAPITL,61757,43.32,2.48,-0.12,1
31-08-2021 11:00,EDT,CAPITL,61757,46,2.47,-0.2,1
31-08-2021 12:00,EDT,CAPITL,61757,49.14,2.72,-0.27,1
31-08-2021 13:00,EDT,CAPITL,61757,51.55,2.75,-0.59,1
31-08-2021 14:00,EDT,CAPITL,61757,54.26,2.99,-0.67,1
31-08-2021 15:00,EDT,CAPITL,61757,59.27,3.15,-0.81,1
31-08-2021 16:00,EDT,CAPITL,61757,64.35,3.53,-0.94,1
31-08-2021 17:00,EDT,CAPITL,61757,62.23,3.64,-0.86,1
31-08-2021 18:00,EDT,CAPITL,61757,55.73,3.37,-0.4,1
31-08-2021 19:00,EDT,CAPITL,61757,52.42,3.28,-0.14,1
31-08-2021 20:00,EDT,CAPITL,61757,49.65,3.11,-0.17,1
31-08-2021 21:00,EDT,CAPITL,61757,43.17,2.62,-0.14,1
31-08-2021 22:00,EDT,CAPITL,61757,40.15,2.37,-0.19,1
31-08-2021 23:00,EDT,CAPITL,61757,37.62,2.45,-0.15,1
01-09-2021 00:00,EDT,CAPITL,61757,35.64,2.29,-0.16,1
01-09-2021 01:00,EDT,CAPITL,61757,32.44,2.09,-0.11,1
01-09-2021 02:00,EDT,CAPITL,61757,31.49,2.11,-0.13,1
01-09-2021 03:00,EDT,CAPITL,61757,30.65,1.97,-0.11,1
01-09-2021 04:00,EDT,CAPITL,61757,30.32,1.95,-0.09,1
01-09-2021 05:00,EDT,CAPITL,61757,30.83,2.01,-0.11,1
01-09-2021 06:00,EDT,CAPITL,61757,32.66,2.28,0,1
01-09-2021 07:00,EDT,CAPITL,61757,35.44,2.48,-0.25,1
01-09-2021 08:00,EDT,CAPITL,61757,37.66,2.61,-0.32,1
01-09-2021 09:00,EDT,CAPITL,61757,38.08,2.59,-0.03,1
01-09-2021 10:00,EDT,CAPITL,61757,38.78,2.72,-0.22,1
01-09-2021 11:00,EDT,CAPITL,61757,41.84,3,-0.36,1
01-09-2021 12:00,EDT,CAPITL,61757,42.54,2.96,-0.19,1
01-09-2021 13:00,EDT,CAPITL,61757,42.63,2.99,-0.27,1
01-09-2021 14:00,EDT,CAPITL,61757,42.64,2.86,-0.1,1
01-09-2021 15:00,EDT,CAPITL,61757,45.66,3.05,-0.26,1
01-09-2021 16:00,EDT,CAPITL,61757,49.49,3.29,-0.52,1
01-09-2021 17:00,EDT,CAPITL,61757,50.92,3.47,-0.54,1
01-09-2021 18:00,EDT,CAPITL,61757,46.04,3.15,-0.38,1
01-09-2021 19:00,EDT,CAPITL,61757,43.9,3.06,-0.12,1
01-09-2021 20:00,EDT,CAPITL,61757,40.49,2.71,-0.14,1
01-09-2021 21:00,EDT,CAPITL,61757,38.48,2.47,-0.26,1
01-09-2021 22:00,EDT,CAPITL,61757,35.33,2.2,-0.27,1
01-09-2021 23:00,EDT,CAPITL,61757,32.84,2.03,-0.07,1
02-09-2021 00:00,EDT,CAPITL,61757,33.25,2.03,-3.46,1
02-09-2021 01:00,EDT,CAPITL,61757,30.24,1.84,-2.49,1
02-09-2021 02:00,EDT,CAPITL,61757,29.46,1.72,-3.84,1
02-09-2021 03:00,EDT,CAPITL,61757,27.89,1.72,-2.26,1
02-09-2021 04:00,EDT,CAPITL,61757,27.44,1.75,-1.77,1
02-09-2021 05:00,EDT,CAPITL,61757,28.77,1.96,-1.35,1
02-09-2021 06:00,EDT,CAPITL,61757,33.52,1.93,-4.78,1
02-09-2021 07:00,EDT,CAPITL,61757,30.63,2,-0.1,1
02-09-2021 08:00,EDT,CAPITL,61757,31.48,2.05,-0.13,1
02-09-2021 09:00,EDT,CAPITL,61757,34.2,2.22,-0.23,1
02-09-2021 10:00,EDT,CAPITL,61757,35.91,2.39,-0.29,1
02-09-2021 11:00,EDT,CAPITL,61757,36.16,2.38,-0.3,1
02-09-2021 12:00,EDT,CAPITL,61757,36.31,2.29,-0.31,1
02-09-2021 13:00,EDT,CAPITL,61757,36.78,2.29,-0.32,1
02-09-2021 14:00,EDT,CAPITL,61757,36.78,2.32,-0.32,1
02-09-2021 15:00,EDT,CAPITL,61757,37.99,2.46,-0.37,1
02-09-2021 16:00,EDT,CAPITL,61757,39.63,2.6,-0.42,1
02-09-2021 17:00,EDT,CAPITL,61757,43.03,2.93,-0.48,1
02-09-2021 18:00,EDT,CAPITL,61757,39.11,2.76,0,1
02-09-2021 19:00,EDT,CAPITL,61757,38.95,2.68,0,1
02-09-2021 20:00,EDT,CAPITL,61757,34.97,2.35,0,1
02-09-2021 21:00,EDT,CAPITL,61757,33.25,2.32,0,1
02-09-2021 22:00,EDT,CAPITL,61757,31.94,2.12,0,1
02-09-2021 23:00,EDT,CAPITL,61757,30.83,2.02,0,1
03-09-2021 00:00,EDT,CAPITL,61757,34.26,1.94,-4.56,1
03-09-2021 01:00,EDT,CAPITL,61757,30.44,1.87,-1.77,1
03-09-2021 02:00,EDT,CAPITL,61757,28.78,1.78,-1.15,1
03-09-2021 03:00,EDT,CAPITL,61757,27.61,1.76,0,1
03-09-2021 04:00,EDT,CAPITL,61757,27.08,1.75,0,1
03-09-2021 05:00,EDT,CAPITL,61757,29.27,1.9,-0.66,1
03-09-2021 06:00,EDT,CAPITL,61757,32.82,2.09,-1.78,1
03-09-2021 07:00,EDT,CAPITL,61757,33.4,2.13,0,1
03-09-2021 08:00,EDT,CAPITL,61757,33.77,2.12,0,1
03-09-2021 09:00,EDT,CAPITL,61757,34.43,2.16,0,1
03-09-2021 10:00,EDT,CAPITL,61757,34.43,2.04,0,1
03-09-2021 11:00,EDT,CAPITL,61757,34.84,2.07,0,1
03-09-2021 12:00,EDT,CAPITL,61757,34.79,2.15,0,1
03-09-2021 13:00,EDT,CAPITL,61757,35.1,2.2,0,1
03-09-2021 14:00,EDT,CAPITL,61757,35.68,2.3,0,1
03-09-2021 15:00,EDT,CAPITL,61757,36.34,2.38,0,1
03-09-2021 16:00,EDT,CAPITL,61757,39.36,2.68,0,1
03-09-2021 17:00,EDT,CAPITL,61757,42.84,2.99,0,1
03-09-2021 18:00,EDT,CAPITL,61757,40.54,2.79,0,1
03-09-2021 19:00,EDT,CAPITL,61757,40.07,2.72,0,1
03-09-2021 20:00,EDT,CAPITL,61757,35.28,2.31,0,1
03-09-2021 21:00,EDT,CAPITL,61757,33.53,2.19,0,1
03-09-2021 22:00,EDT,CAPITL,61757,32,2.06,0,1
03-09-2021 23:00,EDT,CAPITL,61757,31.39,2,0,1
04-09-2021 00:00,EDT,CAPITL,61757,33.62,1.78,-5.74,1
04-09-2021 01:00,EDT,CAPITL,61757,29.85,1.79,-1.76,1
04-09-2021 02:00,EDT,CAPITL,61757,28.02,1.62,-2.19,1
04-09-2021 03:00,EDT,CAPITL,61757,27.1,1.64,-1.31,1
04-09-2021 04:00,EDT,CAPITL,61757,26.63,1.68,-0.2,1
04-09-2021 05:00,EDT,CAPITL,61757,26.44,1.61,-0.81,1
04-09-2021 06:00,EDT,CAPITL,61757,27.54,1.58,-2,1
04-09-2021 07:00,EDT,CAPITL,61757,27.07,1.62,-0.92,1
04-09-2021 08:00,EDT,CAPITL,61757,29.03,1.85,0,1
04-09-2021 09:00,EDT,CAPITL,61757,30.17,1.87,0,1
04-09-2021 10:00,EDT,CAPITL,61757,30.08,1.76,0,1
04-09-2021 11:00,EDT,CAPITL,61757,30.96,1.78,0,1
04-09-2021 12:00,EDT,CAPITL,61757,31.26,1.69,0,1
04-09-2021 13:00,EDT,CAPITL,61757,32.54,1.81,0,1
04-09-2021 14:00,EDT,CAPITL,61757,32.98,1.9,0,1
04-09-2021 15:00,EDT,CAPITL,61757,34.68,1.96,0,1
04-09-2021 16:00,EDT,CAPITL,61757,36.98,2.26,0,1
04-09-2021 17:00,EDT,CAPITL,61757,41.98,2.78,0,1
04-09-2021 18:00,EDT,CAPITL,61757,41.77,2.88,0,1
04-09-2021 19:00,EDT,CAPITL,61757,39.34,2.71,0,1
04-09-2021 20:00,EDT,CAPITL,61757,34.6,2.29,0,1
04-09-2021 21:00,EDT,CAPITL,61757,33.68,2.08,0,1
04-09-2021 22:00,EDT,CAPITL,61757,32.53,2.16,0,1
04-09-2021 23:00,EDT,CAPITL,61757,30.77,2.01,0,1
05-09-2021 00:00,EDT,CAPITL,61757,33.92,2.26,-1.07,1
05-09-2021 01:00,EDT,CAPITL,61757,31.92,2.05,-2.56,1
05-09-2021 02:00,EDT,CAPITL,61757,29.59,1.94,-1.39,1
05-09-2021 03:00,EDT,CAPITL,61757,28.29,1.89,-0.45,1
05-09-2021 04:00,EDT,CAPITL,61757,27.92,1.83,-0.63,1
05-09-2021 05:00,EDT,CAPITL,61757,28.71,1.89,-0.64,1
05-09-2021 06:00,EDT,CAPITL,61757,29.5,1.68,-3.78,1
05-09-2021 07:00,EDT,CAPITL,61757,28.35,1.71,-2.59,1
05-09-2021 08:00,EDT,CAPITL,61757,28.37,1.83,0,1
05-09-2021 09:00,EDT,CAPITL,61757,30.42,1.96,0,1
05-09-2021 10:00,EDT,CAPITL,61757,31.57,1.98,0,1
05-09-2021 11:00,EDT,CAPITL,61757,31.91,2,0,1
05-09-2021 12:00,EDT,CAPITL,61757,32.82,2.06,0,1
05-09-2021 13:00,EDT,CAPITL,61757,32.9,2.01,0,1
05-09-2021 14:00,EDT,CAPITL,61757,32.73,2.08,0,1
05-09-2021 15:00,EDT,CAPITL,61757,36.64,2.33,0,1
05-09-2021 16:00,EDT,CAPITL,61757,39.28,2.57,0,1
05-09-2021 17:00,EDT,CAPITL,61757,44.75,3.12,0,1
05-09-2021 18:00,EDT,CAPITL,61757,43.7,3.09,0,1
05-09-2021 19:00,EDT,CAPITL,61757,42.27,2.91,0,1
05-09-2021 20:00,EDT,CAPITL,61757,38.58,2.59,0,1
05-09-2021 21:00,EDT,CAPITL,61757,36.11,2.43,0,1
05-09-2021 22:00,EDT,CAPITL,61757,33.47,2.22,0,1
05-09-2021 23:00,EDT,CAPITL,61757,32.8,2.2,0,1
06-09-2021 00:00,EDT,CAPITL,61757,35.29,1.89,-7.23,1
06-09-2021 01:00,EDT,CAPITL,61757,33.44,1.88,-6.18,1
06-09-2021 02:00,EDT,CAPITL,61757,31.83,1.83,-5.23,1
06-09-2021 03:00,EDT,CAPITL,61757,29.54,1.75,-3.75,1
06-09-2021 04:00,EDT,CAPITL,61757,29.56,1.7,-3.89,1
06-09-2021 05:00,EDT,CAPITL,61757,30.34,1.73,-4.65,1
06-09-2021 06:00,EDT,CAPITL,61757,29.94,1.67,-4.37,1
06-09-2021 07:00,EDT,CAPITL,61757,30.91,1.63,-5.31,1
06-09-2021 08:00,EDT,CAPITL,61757,31.06,1.92,-1.76,1
06-09-2021 09:00,EDT,CAPITL,61757,31.46,2.11,0,1
06-09-2021 10:00,EDT,CAPITL,61757,32.33,2.11,0,1
06-09-2021 11:00,EDT,CAPITL,61757,32.58,2.27,0,1
06-09-2021 12:00,EDT,CAPITL,61757,33.37,2.33,0,1
06-09-2021 13:00,EDT,CAPITL,61757,34.83,2.43,0,1
06-09-2021 14:00,EDT,CAPITL,61757,34.68,2.5,0.28,1
06-09-2021 15:00,EDT,CAPITL,61757,36.05,2.68,0.58,1
06-09-2021 16:00,EDT,CAPITL,61757,47.19,3.05,-6.05,1
06-09-2021 17:00,EDT,CAPITL,61757,46.77,3.47,-1,1
06-09-2021 18:00,EDT,CAPITL,61757,47.12,3.54,-1.93,1
06-09-2021 19:00,EDT,CAPITL,61757,46.42,3.51,-0.06,1
06-09-2021 20:00,EDT,CAPITL,61757,38.99,2.92,0,1
06-09-2021 21:00,EDT,CAPITL,61757,34.15,2.47,0,1
06-09-2021 22:00,EDT,CAPITL,61757,32.55,2.24,0,1
06-09-2021 23:00,EDT,CAPITL,61757,32.35,2.15,0,1
07-09-2021 00:00,EDT,CAPITL,61757,35.59,1.98,-6.86,1
07-09-2021 01:00,EDT,CAPITL,61757,31.72,1.95,-4.1,1
07-09-2021 02:00,EDT,CAPITL,61757,30.79,1.8,-4.95,1
07-09-2021 03:00,EDT,CAPITL,61757,29.07,1.8,-3.25,1
07-09-2021 04:00,EDT,CAPITL,61757,28.04,1.8,-2.22,1
07-09-2021 05:00,EDT,CAPITL,61757,30.22,1.92,-2.98,1
07-09-2021 06:00,EDT,CAPITL,61757,32.14,2.06,-1.82,1
07-09-2021 07:00,EDT,CAPITL,61757,30.52,1.82,-1.61,1
07-09-2021 08:00,EDT,CAPITL,61757,32.38,1.89,-1.44,1
07-09-2021 09:00,EDT,CAPITL,61757,33.69,1.91,-1.96,1
07-09-2021 10:00,EDT,CAPITL,61757,35.4,1.88,-2.12,1
07-09-2021 11:00,EDT,CAPITL,61757,36.3,1.85,-2.61,1
07-09-2021 12:00,EDT,CAPITL,61757,37.77,1.91,-2.26,1
07-09-2021 13:00,EDT,CAPITL,61757,40.44,2.02,-2.26,1
07-09-2021 14:00,EDT,CAPITL,61757,41.28,2.04,-2.75,1
07-09-2021 15:00,EDT,CAPITL,61757,45.33,2.3,-4.03,1
07-09-2021 16:00,EDT,CAPITL,61757,48.75,2.65,-4.01,1
07-09-2021 17:00,EDT,CAPITL,61757,52.48,3.17,-3.29,1
07-09-2021 18:00,EDT,CAPITL,61757,50.88,3.39,-1.62,1
07-09-2021 19:00,EDT,CAPITL,61757,48.21,3.17,-2.25,1
07-09-2021 20:00,EDT,CAPITL,61757,41.56,2.67,-2.35,1
07-09-2021 21:00,EDT,CAPITL,61757,39.08,2.61,-1.19,1
07-09-2021 22:00,EDT,CAPITL,61757,35.19,2.23,-2.02,1
07-09-2021 23:00,EDT,CAPITL,61757,38.79,1.71,-11.94,1
08-09-2021 00:00,EDT,CAPITL,61757,31.91,1.54,-6.61,1
08-09-2021 01:00,EDT,CAPITL,61757,28.09,1.34,-5.44,1
08-09-2021 02:00,EDT,CAPITL,61757,27.79,1.33,-5.31,1
08-09-2021 03:00,EDT,CAPITL,61757,29.42,1.15,-10.34,1
08-09-2021 04:00,EDT,CAPITL,61757,28.3,1.29,-7.15,1
08-09-2021 05:00,EDT,CAPITL,61757,27.62,1.46,-4.12,1
08-09-2021 06:00,EDT,CAPITL,61757,30.31,1.46,-7.74,1
08-09-2021 07:00,EDT,CAPITL,61757,31.6,1.85,-1.67,1
08-09-2021 08:00,EDT,CAPITL,61757,32.3,1.9,-1.66,1
08-09-2021 09:00,EDT,CAPITL,61757,33.45,1.95,-1.92,1
08-09-2021 10:00,EDT,CAPITL,61757,36.89,2.11,-1.78,1
08-09-2021 11:00,EDT,CAPITL,61757,38.94,2.15,-2.11,1
08-09-2021 12:00,EDT,CAPITL,61757,39.22,2.13,-2.69,1
08-09-2021 13:00,EDT,CAPITL,61757,38.9,2.13,-2.94,1
08-09-2021 14:00,EDT,CAPITL,61757,41.62,2.42,-3.6,1
08-09-2021 15:00,EDT,CAPITL,61757,44.23,2.38,-4.65,1
08-09-2021 16:00,EDT,CAPITL,61757,49.02,2.82,-5.31,1
08-09-2021 17:00,EDT,CAPITL,61757,50.33,3.05,-4.96,1
08-09-2021 18:00,EDT,CAPITL,61757,48.04,3,-3.95,1
08-09-2021 19:00,EDT,CAPITL,61757,48.15,3.06,-3.17,1
08-09-2021 20:00,EDT,CAPITL,61757,47.47,3.11,-1.17,1
08-09-2021 21:00,EDT,CAPITL,61757,39.81,2.45,-1.82,1
08-09-2021 22:00,EDT,CAPITL,61757,37.28,2.25,-1.92,1
08-09-2021 23:00,EDT,CAPITL,61757,37.75,1.87,-7.54,1
09-09-2021 00:00,EDT,CAPITL,61757,35.15,1.87,-6.61,1
09-09-2021 01:00,EDT,CAPITL,61757,32.33,1.68,-6.28,1
09-09-2021 02:00,EDT,CAPITL,61757,30.78,1.62,-5.29,1
09-09-2021 03:00,EDT,CAPITL,61757,28.23,1.53,-3.55,1
09-09-2021 04:00,EDT,CAPITL,61757,31.71,1.56,-6.92,1
09-09-2021 05:00,EDT,CAPITL,61757,30.79,1.7,-4.16,1
09-09-2021 06:00,EDT,CAPITL,61757,35.7,2.03,-4.72,1
09-09-2021 07:00,EDT,CAPITL,61757,35.07,2.16,-2.5,1
09-09-2021 08:00,EDT,CAPITL,61757,35.02,1.92,-4.43,1
09-09-2021 09:00,EDT,CAPITL,61757,37.33,2,-4.61,1
09-09-2021 10:00,EDT,CAPITL,61757,38.57,2.01,-5.17,1
09-09-2021 11:00,EDT,CAPITL,61757,41.94,2.19,-5.03,1
09-09-2021 12:00,EDT,CAPITL,61757,41.11,2.12,-5.92,1
09-09-2021 13:00,EDT,CAPITL,61757,39.43,1.96,-6.93,1
09-09-2021 14:00,EDT,CAPITL,61757,40.87,2.14,-6.81,1
09-09-2021 15:00,EDT,CAPITL,61757,41.13,1.86,-9.71,1
09-09-2021 16:00,EDT,CAPITL,61757,44.61,2.2,-9.61,1
09-09-2021 17:00,EDT,CAPITL,61757,50.48,2.83,-7.26,1
09-09-2021 18:00,EDT,CAPITL,61757,50.56,2.95,-4.79,1
09-09-2021 19:00,EDT,CAPITL,61757,49.4,3.06,-4.37,1
09-09-2021 20:00,EDT,CAPITL,61757,45.28,2.6,-5.03,1
09-09-2021 21:00,EDT,CAPITL,61757,34.54,1.9,-4.33,1
09-09-2021 22:00,EDT,CAPITL,61757,31.61,1.69,-4.3,1
09-09-2021 23:00,EDT,CAPITL,61757,30.8,1.58,-4.08,1
10-09-2021 00:00,EDT,CAPITL,61757,39.85,1.89,-9.32,1
10-09-2021 01:00,EDT,CAPITL,61757,36.45,1.74,-7.89,1
10-09-2021 02:00,EDT,CAPITL,61757,36.22,1.65,-9.5,1
10-09-2021 03:00,EDT,CAPITL,61757,33.53,1.77,-4.94,1
10-09-2021 04:00,EDT,CAPITL,61757,32.91,1.81,-4.14,1
10-09-2021 05:00,EDT,CAPITL,61757,35.19,1.84,-6.3,1
10-09-2021 06:00,EDT,CAPITL,61757,38.33,2.1,-6.58,1
10-09-2021 07:00,EDT,CAPITL,61757,39.57,2.28,-4.76,1
10-09-2021 08:00,EDT,CAPITL,61757,40.63,2.58,-0.62,1
10-09-2021 09:00,EDT,CAPITL,61757,41.43,2.52,-0.65,1
10-09-2021 10:00,EDT,CAPITL,61757,41.27,2.48,-0.64,1
10-09-2021 11:00,EDT,CAPITL,61757,41.35,2.38,-0.65,1
10-09-2021 12:00,EDT,CAPITL,61757,42.1,2.33,-1.01,1
10-09-2021 13:00,EDT,CAPITL,61757,43.69,2.37,-1.11,1
10-09-2021 14:00,EDT,CAPITL,61757,43.88,2.37,-1.42,1
10-09-2021 15:00,EDT,CAPITL,61757,44.23,2.5,-1.42,1
10-09-2021 16:00,EDT,CAPITL,61757,51.32,2.9,-1.66,1
10-09-2021 17:00,EDT,CAPITL,61757,52.64,3.03,-1.63,1
10-09-2021 18:00,EDT,CAPITL,61757,50.39,2.99,-1.32,1
10-09-2021 19:00,EDT,CAPITL,61757,48.61,3.06,-0.62,1
10-09-2021 20:00,EDT,CAPITL,61757,43.9,2.64,-0.62,1
10-09-2021 21:00,EDT,CAPITL,61757,38.49,2.39,-0.39,1
10-09-2021 22:00,EDT,CAPITL,61757,39.52,1.97,-7.75,1
10-09-2021 23:00,EDT,CAPITL,61757,38.23,1.88,-6.45,1
11-09-2021 00:00,EDT,CAPITL,61757,38.16,1.78,-9.32,1
11-09-2021 01:00,EDT,CAPITL,61757,36.61,1.82,-8.08,1
11-09-2021 02:00,EDT,CAPITL,61757,34.51,1.76,-6.48,1
11-09-2021 03:00,EDT,CAPITL,61757,33.24,1.74,-5.93,1
11-09-2021 04:00,EDT,CAPITL,61757,32.58,1.7,-6.28,1
11-09-2021 05:00,EDT,CAPITL,61757,34.14,1.85,-5.11,1
11-09-2021 06:00,EDT,CAPITL,61757,31.61,1.36,-10.18,1
11-09-2021 07:00,EDT,CAPITL,61757,34.14,1.51,-10.13,1
11-09-2021 08:00,EDT,CAPITL,61757,34.92,1.64,-8.44,1
11-09-2021 09:00,EDT,CAPITL,61757,35.38,1.78,-6.66,1
11-09-2021 10:00,EDT,CAPITL,61757,35.87,1.75,-7.12,1
11-09-2021 11:00,EDT,CAPITL,61757,35.66,1.74,-6.77,1
11-09-2021 12:00,EDT,CAPITL,61757,35.7,1.92,-2.81,1
11-09-2021 13:00,EDT,CAPITL,61757,36.82,1.81,-5.37,1
11-09-2021 14:00,EDT,CAPITL,61757,35.91,1.92,-2.99,1
11-09-2021 15:00,EDT,CAPITL,61757,39.91,1.85,-7.79,1
11-09-2021 16:00,EDT,CAPITL,61757,44.81,2.05,-10.69,1
11-09-2021 17:00,EDT,CAPITL,61757,52.14,2.42,-15.14,1
11-09-2021 18:00,EDT,CAPITL,61757,48.96,2.43,-12.33,1
11-09-2021 19:00,EDT,CAPITL,61757,47.12,2.57,-9.88,1
11-09-2021 20:00,EDT,CAPITL,61757,41.65,2.53,-6.77,1
11-09-2021 21:00,EDT,CAPITL,61757,39.13,2.18,-8.63,1
11-09-2021 22:00,EDT,CAPITL,61757,38.31,2.07,-8.6,1
11-09-2021 23:00,EDT,CAPITL,61757,38.14,1.88,-10.1,1
12-09-2021 00:00,EDT,CAPITL,61757,40.66,2.24,-6.82,1
12-09-2021 01:00,EDT,CAPITL,61757,38.27,1.93,-9.88,1
12-09-2021 02:00,EDT,CAPITL,61757,37.35,1.85,-10.15,1
12-09-2021 03:00,EDT,CAPITL,61757,37.36,1.77,-11.26,1
12-09-2021 04:00,EDT,CAPITL,61757,35.48,1.79,-8.78,1
12-09-2021 05:00,EDT,CAPITL,61757,35.97,1.77,-9.68,1
12-09-2021 06:00,EDT,CAPITL,61757,38.55,1.61,-13.54,1
12-09-2021 07:00,EDT,CAPITL,61757,37.72,1.9,-7.93,1
12-09-2021 08:00,EDT,CAPITL,61757,38.5,2.16,-5.43,1
12-09-2021 09:00,EDT,CAPITL,61757,38.84,2.39,-3.72,1
12-09-2021 10:00,EDT,CAPITL,61757,38.5,2.44,-1.22,1
12-09-2021 11:00,EDT,CAPITL,61757,38.94,2.47,-1.12,1
12-09-2021 12:00,EDT,CAPITL,61757,40.77,2.7,-1.04,1
12-09-2021 13:00,EDT,CAPITL,61757,41.89,2.72,-0.9,1
12-09-2021 14:00,EDT,CAPITL,61757,42.64,2.78,-0.69,1
12-09-2021 15:00,EDT,CAPITL,61757,46.27,3.03,-0.63,1
12-09-2021 16:00,EDT,CAPITL,61757,53.28,3.84,-0.86,1
12-09-2021 17:00,EDT,CAPITL,61757,62.03,4.62,-1.03,1
12-09-2021 18:00,EDT,CAPITL,61757,62.39,4.97,-1,1
12-09-2021 19:00,EDT,CAPITL,61757,61.42,4.73,-0.97,1
12-09-2021 20:00,EDT,CAPITL,61757,50.07,3.79,-0.03,1
12-09-2021 21:00,EDT,CAPITL,61757,45.74,3.39,0,1
12-09-2021 22:00,EDT,CAPITL,61757,42.25,2.98,0,1
12-09-2021 23:00,EDT,CAPITL,61757,40.38,2.77,-0.25,1
13-09-2021 00:00,EDT,CAPITL,61757,41.83,2.97,-0.36,1
13-09-2021 01:00,EDT,CAPITL,61757,39.26,2.79,-0.29,1
13-09-2021 02:00,EDT,CAPITL,61757,36.57,2.6,-0.19,1
13-09-2021 03:00,EDT,CAPITL,61757,34.53,2.48,-0.32,1
13-09-2021 04:00,EDT,CAPITL,61757,34.78,2.47,-0.22,1
13-09-2021 05:00,EDT,CAPITL,61757,36,2.56,-0.99,1
13-09-2021 06:00,EDT,CAPITL,61757,42.59,2.63,-6.61,1
13-09-2021 07:00,EDT,CAPITL,61757,44.45,3.13,-1.24,1
13-09-2021 08:00,EDT,CAPITL,61757,45.97,3.22,-0.87,1
13-09-2021 09:00,EDT,CAPITL,61757,48.84,3.14,-0.9,1
13-09-2021 10:00,EDT,CAPITL,61757,49.99,2.99,-0.94,1
13-09-2021 11:00,EDT,CAPITL,61757,50.11,2.96,-0.95,1
13-09-2021 12:00,EDT,CAPITL,61757,50.13,2.93,-0.79,1
13-09-2021 13:00,EDT,CAPITL,61757,49.76,2.89,-0.29,1
13-09-2021 14:00,EDT,CAPITL,61757,49.33,2.92,-0.88,1
13-09-2021 15:00,EDT,CAPITL,61757,51.84,3,-1.25,1
13-09-2021 16:00,EDT,CAPITL,61757,58.36,3.34,-1.21,1
13-09-2021 17:00,EDT,CAPITL,61757,63.1,3.78,-1.19,1
13-09-2021 18:00,EDT,CAPITL,61757,63.19,3.85,-0.99,1
13-09-2021 19:00,EDT,CAPITL,61757,64.1,4.07,-0.93,1
13-09-2021 20:00,EDT,CAPITL,61757,56.43,3.55,-0.69,1
13-09-2021 21:00,EDT,CAPITL,61757,47.58,2.9,-0.7,1
13-09-2021 22:00,EDT,CAPITL,61757,46.92,3.11,-0.61,1
13-09-2021 23:00,EDT,CAPITL,61757,41.64,2.62,-0.52,1
14-09-2021 00:00,EDT,CAPITL,61757,42.43,2.86,-0.91,1
14-09-2021 01:00,EDT,CAPITL,61757,39.57,2.49,-4.79,1
14-09-2021 02:00,EDT,CAPITL,61757,38.73,2.4,-4.71,1
14-09-2021 03:00,EDT,CAPITL,61757,37.94,2.33,-5.37,1
14-09-2021 04:00,EDT,CAPITL,61757,39.17,2.28,-7.64,1
14-09-2021 05:00,EDT,CAPITL,61757,39.83,2.54,-5.06,1
14-09-2021 06:00,EDT,CAPITL,61757,42.71,2.98,-0.55,1
14-09-2021 07:00,EDT,CAPITL,61757,43.74,2.91,-0.5,1
14-09-2021 08:00,EDT,CAPITL,61757,45.57,3.13,-0.66,1
14-09-2021 09:00,EDT,CAPITL,61757,44.08,2.96,-0.61,1
14-09-2021 10:00,EDT,CAPITL,61757,45.57,2.94,-0.56,1
14-09-2021 11:00,EDT,CAPITL,61757,46.9,2.87,-0.51,1
14-09-2021 12:00,EDT,CAPITL,61757,46.69,2.52,-0.71,1
14-09-2021 13:00,EDT,CAPITL,61757,49.13,2.67,-0.45,1
14-09-2021 14:00,EDT,CAPITL,61757,49.78,2.68,-0.85,1
14-09-2021 15:00,EDT,CAPITL,61757,51.91,2.79,-0.98,1
14-09-2021 16:00,EDT,CAPITL,61757,63.98,3.43,-0.35,1
14-09-2021 17:00,EDT,CAPITL,61757,68.7,3.78,-0.81,1
14-09-2021 18:00,EDT,CAPITL,61757,64.7,3.87,-0.44,1
14-09-2021 19:00,EDT,CAPITL,61757,61.67,3.89,-0.56,1
14-09-2021 20:00,EDT,CAPITL,61757,60,3.81,-1.01,1
14-09-2021 21:00,EDT,CAPITL,61757,52.87,3.48,-1.1,1
14-09-2021 22:00,EDT,CAPITL,61757,46.28,3.08,-1.05,1
14-09-2021 23:00,EDT,CAPITL,61757,43.42,2.73,-3.74,1
15-09-2021 00:00,EDT,CAPITL,61757,52.48,3.35,-6.16,1
15-09-2021 01:00,EDT,CAPITL,61757,47.02,3.1,-4.71,1
15-09-2021 02:00,EDT,CAPITL,61757,46.31,2.89,-6.86,1
15-09-2021 03:00,EDT,CAPITL,61757,45.4,2.92,-6.45,1
15-09-2021 04:00,EDT,CAPITL,61757,44.69,2.99,-4.39,1
15-09-2021 05:00,EDT,CAPITL,61757,45.99,3.37,-1.49,1
15-09-2021 06:00,EDT,CAPITL,61757,48.49,3.61,-1.93,1
15-09-2021 07:00,EDT,CAPITL,61757,54.69,3.81,-3.82,1
15-09-2021 08:00,EDT,CAPITL,61757,54.67,3.95,-1.36,1
15-09-2021 09:00,EDT,CAPITL,61757,58.31,4.32,-0.68,1
15-09-2021 10:00,EDT,CAPITL,61757,62.2,4.34,-0.69,1
15-09-2021 11:00,EDT,CAPITL,61757,62.41,4.09,-0.65,1
15-09-2021 12:00,EDT,CAPITL,61757,66.99,4.45,-0.75,1
15-09-2021 13:00,EDT,CAPITL,61757,70.95,4.65,-0.81,1
15-09-2021 14:00,EDT,CAPITL,61757,74.97,5.03,-1.06,1
15-09-2021 15:00,EDT,CAPITL,61757,75.1,5,-1.6,1
15-09-2021 16:00,EDT,CAPITL,61757,88.59,5.87,0,1
15-09-2021 17:00,EDT,CAPITL,61757,90.07,6.05,0,1
15-09-2021 18:00,EDT,CAPITL,61757,78.65,5.55,0,1
15-09-2021 19:00,EDT,CAPITL,61757,75.17,5.31,0,1
15-09-2021 20:00,EDT,CAPITL,61757,73.54,4.95,-5.12,1
15-09-2021 21:00,EDT,CAPITL,61757,60.97,4.36,0,1
15-09-2021 22:00,EDT,CAPITL,61757,54.73,3.74,-1.73,1
15-09-2021 23:00,EDT,CAPITL,61757,49.56,3.59,0,1
16-09-2021 00:00,EDT,CAPITL,61757,51.71,3.08,-5.87,1
16-09-2021 01:00,EDT,CAPITL,61757,47.95,2.7,-8.24,1
16-09-2021 02:00,EDT,CAPITL,61757,47.83,2.29,-12.74,1
16-09-2021 03:00,EDT,CAPITL,61757,46.49,2.28,-11.58,1
16-09-2021 04:00,EDT,CAPITL,61757,46.74,2.41,-11.71,1
16-09-2021 05:00,EDT,CAPITL,61757,48.96,2.8,-11.22,1
16-09-2021 06:00,EDT,CAPITL,61757,61.11,2.05,-31.76,1
16-09-2021 07:00,EDT,CAPITL,61757,61.5,2.15,-25.84,1
16-09-2021 08:00,EDT,CAPITL,61757,63.29,2.51,-22.75,1
16-09-2021 09:00,EDT,CAPITL,61757,66.49,2.57,-24.32,1
16-09-2021 10:00,EDT,CAPITL,61757,64.63,3.21,-14.27,1
16-09-2021 11:00,EDT,CAPITL,61757,62.91,3.18,-13.07,1
16-09-2021 12:00,EDT,CAPITL,61757,67.99,3.03,-19.8,1
16-09-2021 13:00,EDT,CAPITL,61757,70,3.42,-17.66,1
16-09-2021 14:00,EDT,CAPITL,61757,75.97,3.55,-21.68,1
16-09-2021 15:00,EDT,CAPITL,61757,71.38,3.71,-12.35,1
16-09-2021 16:00,EDT,CAPITL,61757,86.47,4.22,-22.86,1
16-09-2021 17:00,EDT,CAPITL,61757,87.77,4.52,-20.55,1
16-09-2021 18:00,EDT,CAPITL,61757,83.61,3.7,-28.48,1
16-09-2021 19:00,EDT,CAPITL,61757,86.49,3.41,-37.02,1
16-09-2021 20:00,EDT,CAPITL,61757,73.67,3.27,-25.63,1
16-09-2021 21:00,EDT,CAPITL,61757,63.06,2.94,-18.71,1
16-09-2021 22:00,EDT,CAPITL,61757,58.88,2.33,-20.7,1
16-09-2021 23:00,EDT,CAPITL,61757,57.06,1.92,-24.14,1
17-09-2021 00:00,EDT,CAPITL,61757,58.81,1.96,-25.32,1
17-09-2021 01:00,EDT,CAPITL,61757,53.85,1.65,-25.17,1
17-09-2021 02:00,EDT,CAPITL,61757,52.5,1.62,-23.85,1
17-09-2021 03:00,EDT,CAPITL,61757,50.64,1.62,-22.08,1
17-09-2021 04:00,EDT,CAPITL,61757,51.39,1.64,-22.81,1
17-09-2021 05:00,EDT,CAPITL,61757,53.37,1.65,-24.67,1
17-09-2021 06:00,EDT,CAPITL,61757,60.84,1.74,-31,1
17-09-2021 07:00,EDT,CAPITL,61757,70.47,1.77,-39.69,1
17-09-2021 08:00,EDT,CAPITL,61757,71.31,2.37,-31.29,1
17-09-2021 09:00,EDT,CAPITL,61757,66.64,2.89,-19.97,1
17-09-2021 10:00,EDT,CAPITL,61757,67.43,3.12,-19.09,1
17-09-2021 11:00,EDT,CAPITL,61757,62.88,3.57,-7.57,1
17-09-2021 12:00,EDT,CAPITL,61757,62.72,3.41,-8.49,1
17-09-2021 13:00,EDT,CAPITL,61757,66.52,3.42,-12.9,1
17-09-2021 14:00,EDT,CAPITL,61757,77.64,3.69,-20.43,1
17-09-2021 15:00,EDT,CAPITL,61757,66.6,3.42,-11.4,1
17-09-2021 16:00,EDT,CAPITL,61757,77.17,4.07,-14.14,1
17-09-2021 17:00,EDT,CAPITL,61757,80.94,4.39,-14.67,1
17-09-2021 18:00,EDT,CAPITL,61757,71.26,4.38,-5.26,1
17-09-2021 19:00,EDT,CAPITL,61757,73.51,4.29,-11.17,1
17-09-2021 20:00,EDT,CAPITL,61757,74.46,3.86,-18.49,1
17-09-2021 21:00,EDT,CAPITL,61757,64.31,3.11,-16.06,1
17-09-2021 22:00,EDT,CAPITL,61757,58.31,2.77,-15.31,1
17-09-2021 23:00,EDT,CAPITL,61757,54.71,2.55,-13.56,1
18-09-2021 00:00,EDT,CAPITL,61757,56.82,2.13,-25.52,1
18-09-2021 01:00,EDT,CAPITL,61757,50.63,2.15,-19.4,1
18-09-2021 02:00,EDT,CAPITL,61757,49.84,2.12,-18.71,1
18-09-2021 03:00,EDT,CAPITL,61757,47.36,2.02,-16.41,1
18-09-2021 04:00,EDT,CAPITL,61757,46.57,2.09,-15.46,1
18-09-2021 05:00,EDT,CAPITL,61757,46.9,2.09,-15.8,1
18-09-2021 06:00,EDT,CAPITL,61757,50.09,2.03,-19.1,1
18-09-2021 07:00,EDT,CAPITL,61757,53,1.97,-22.05,1
18-09-2021 08:00,EDT,CAPITL,61757,57.28,2.19,-24.27,1
18-09-2021 09:00,EDT,CAPITL,61757,60.75,2.38,-24.78,1
18-09-2021 10:00,EDT,CAPITL,61757,57.48,2.9,-14.37,1
18-09-2021 11:00,EDT,CAPITL,61757,57.55,3.16,-9.88,1
18-09-2021 12:00,EDT,CAPITL,61757,56.72,3.28,-7.21,1
18-09-2021 13:00,EDT,CAPITL,61757,60.19,3.24,-9.89,1
18-09-2021 14:00,EDT,CAPITL,61757,64,3.14,-15.34,1
18-09-2021 15:00,EDT,CAPITL,61757,64.95,3.3,-12.33,1
18-09-2021 16:00,EDT,CAPITL,61757,86.49,3.81,-30.51,1
18-09-2021 17:00,EDT,CAPITL,61757,91.42,3.96,-34.65,1
18-09-2021 18:00,EDT,CAPITL,61757,88.19,3.95,-32.21,1
18-09-2021 19:00,EDT,CAPITL,61757,84.5,3.82,-30.34,1
18-09-2021 20:00,EDT,CAPITL,61757,80.46,3.57,-29.95,1
18-09-2021 21:00,EDT,CAPITL,61757,70.69,2.99,-27.81,1
18-09-2021 22:00,EDT,CAPITL,61757,56.88,3.03,-13.46,1
18-09-2021 23:00,EDT,CAPITL,61757,56.08,2.4,-19.32,1
19-09-2021 00:00,EDT,CAPITL,61757,62.94,1.98,-31.85,1
19-09-2021 01:00,EDT,CAPITL,61757,53.3,2,-22.31,1
19-09-2021 02:00,EDT,CAPITL,61757,48.69,1.94,-17.82,1
19-09-2021 03:00,EDT,CAPITL,61757,47.09,1.91,-16.28,1
19-09-2021 04:00,EDT,CAPITL,61757,45.9,1.91,-15.93,1
19-09-2021 05:00,EDT,CAPITL,61757,46.87,1.91,-16.48,1
19-09-2021 06:00,EDT,CAPITL,61757,49.43,1.72,-20.34,1
19-09-2021 07:00,EDT,CAPITL,61757,46.74,1.69,-17.78,1
19-09-2021 08:00,EDT,CAPITL,61757,49.19,1.94,-18.29,1
19-09-2021 09:00,EDT,CAPITL,61757,53.03,2,-22.01,1
19-09-2021 10:00,EDT,CAPITL,61757,55.16,1.89,-24.23,1
19-09-2021 11:00,EDT,CAPITL,61757,57.71,1.9,-25.63,1
19-09-2021 12:00,EDT,CAPITL,61757,55.75,2.04,-22.33,1
19-09-2021 13:00,EDT,CAPITL,61757,57.79,1.96,-23.18,1
19-09-2021 14:00,EDT,CAPITL,61757,62.24,2.12,-26.01,1
19-09-2021 15:00,EDT,CAPITL,61757,64.78,2.45,-23.43,1
19-09-2021 16:00,EDT,CAPITL,61757,73.16,3.02,-25.74,1
19-09-2021 17:00,EDT,CAPITL,61757,79.69,3.42,-30.76,1
19-09-2021 18:00,EDT,CAPITL,61757,87.05,3.57,-37.14,1
19-09-2021 19:00,EDT,CAPITL,61757,78.03,3.35,-31.14,1
19-09-2021 20:00,EDT,CAPITL,61757,71.59,3.23,-24.02,1
19-09-2021 21:00,EDT,CAPITL,61757,60.26,2.82,-17.66,1
19-09-2021 22:00,EDT,CAPITL,61757,49.33,2.7,-8,1
19-09-2021 23:00,EDT,CAPITL,61757,51.1,1.95,-18.68,1
20-09-2021 00:00,EDT,CAPITL,61757,50.54,1.72,-19.75,1
20-09-2021 01:00,EDT,CAPITL,61757,46.8,1.71,-16.07,1
20-09-2021 02:00,EDT,CAPITL,61757,43.54,1.74,-12.87,1
20-09-2021 03:00,EDT,CAPITL,61757,43.29,1.73,-12.69,1
20-09-2021 04:00,EDT,CAPITL,61757,43.55,1.79,-12.92,1
20-09-2021 05:00,EDT,CAPITL,61757,45.26,1.85,-14.51,1
20-09-2021 06:00,EDT,CAPITL,61757,55.12,1.72,-26.91,1
20-09-2021 07:00,EDT,CAPITL,61757,64.06,2.02,-30.47,1
20-09-2021 08:00,EDT,CAPITL,61757,59.68,2.51,-20.83,1
20-09-2021 09:00,EDT,CAPITL,61757,58.87,2.8,-17.75,1
20-09-2021 10:00,EDT,CAPITL,61757,56.77,3.11,-11.61,1
20-09-2021 11:00,EDT,CAPITL,61757,54.66,3.37,-5.11,1
20-09-2021 12:00,EDT,CAPITL,61757,53.44,3.5,-2.64,1
20-09-2021 13:00,EDT,CAPITL,61757,55.61,3.85,-0.4,1
20-09-2021 14:00,EDT,CAPITL,61757,58.18,3.69,-1.74,1
20-09-2021 15:00,EDT,CAPITL,61757,62.52,3.79,-6.16,1
20-09-2021 16:00,EDT,CAPITL,61757,73.75,4.58,-7.2,1
20-09-2021 17:00,EDT,CAPITL,61757,85.65,4.67,-17.92,1
20-09-2021 18:00,EDT,CAPITL,61757,92.57,4.01,-38.51,1
20-09-2021 19:00,EDT,CAPITL,61757,90.88,3.5,-44.19,1
20-09-2021 20:00,EDT,CAPITL,61757,88.61,3.13,-45.87,1
20-09-2021 21:00,EDT,CAPITL,61757,58.22,3.01,-16.15,1
20-09-2021 22:00,EDT,CAPITL,61757,54.85,2.4,-19.1,1
20-09-2021 23:00,EDT,CAPITL,61757,52.04,2.13,-18.97,1
21-09-2021 00:00,EDT,CAPITL,61757,50.57,1.8,-20.69,1
21-09-2021 01:00,EDT,CAPITL,61757,46.55,1.53,-21.12,1
21-09-2021 02:00,EDT,CAPITL,61757,45.31,1.57,-20.68,1
21-09-2021 03:00,EDT,CAPITL,61757,44.57,1.6,-19.74,1
21-09-2021 04:00,EDT,CAPITL,61757,44.76,1.6,-20.29,1
21-09-2021 05:00,EDT,CAPITL,61757,46.76,1.6,-22.24,1
21-09-2021 06:00,EDT,CAPITL,61757,54.44,1.65,-28.54,1
21-09-2021 07:00,EDT,CAPITL,61757,63.72,1.98,-31.67,1
21-09-2021 08:00,EDT,CAPITL,61757,61.09,2.06,-29.98,1
21-09-2021 09:00,EDT,CAPITL,61757,59.92,2.04,-28.78,1
21-09-2021 10:00,EDT,CAPITL,61757,58.21,2.18,-24.41,1
21-09-2021 11:00,EDT,CAPITL,61757,58.22,2.24,-22.6,1
21-09-2021 12:00,EDT,CAPITL,61757,57.35,2.64,-17.57,1
21-09-2021 13:00,EDT,CAPITL,61757,61.67,2.76,-20.07,1
21-09-2021 14:00,EDT,CAPITL,61757,65.79,2.87,-22.45,1
21-09-2021 15:00,EDT,CAPITL,61757,67,2.72,-24.26,1
21-09-2021 16:00,EDT,CAPITL,61757,74.52,3.17,-26.7,1
21-09-2021 17:00,EDT,CAPITL,61757,77.6,3.31,-28.93,1
21-09-2021 18:00,EDT,CAPITL,61757,86.83,3.45,-38.55,1
21-09-2021 19:00,EDT,CAPITL,61757,85.88,3.38,-38.62,1
21-09-2021 20:00,EDT,CAPITL,61757,85.15,2.94,-43.45,1
21-09-2021 21:00,EDT,CAPITL,61757,55.67,2.76,-15.66,1
21-09-2021 22:00,EDT,CAPITL,61757,55.45,2.3,-20.69,1
21-09-2021 23:00,EDT,CAPITL,61757,54.04,1.98,-22.89,1
22-09-2021 00:00,EDT,CAPITL,61757,51.44,1.58,-26.28,1
22-09-2021 01:00,EDT,CAPITL,61757,47.69,1.52,-22.79,1
22-09-2021 02:00,EDT,CAPITL,61757,47.31,1.58,-22.56,1
22-09-2021 03:00,EDT,CAPITL,61757,47.21,1.54,-22.63,1
22-09-2021 04:00,EDT,CAPITL,61757,47.02,1.59,-22.42,1
22-09-2021 05:00,EDT,CAPITL,61757,47.77,1.62,-22.65,1
22-09-2021 06:00,EDT,CAPITL,61757,53.37,1.93,-22.57,1
22-09-2021 07:00,EDT,CAPITL,61757,64.67,1.66,-37.4,1
22-09-2021 08:00,EDT,CAPITL,61757,62.84,1.94,-31.97,1
22-09-2021 09:00,EDT,CAPITL,61757,64.04,1.97,-33.12,1
22-09-2021 10:00,EDT,CAPITL,61757,61.17,2.02,-29.9,1
22-09-2021 11:00,EDT,CAPITL,61757,63.03,2.11,-30.76,1
22-09-2021 12:00,EDT,CAPITL,61757,63.21,2.16,-30.16,1
22-09-2021 13:00,EDT,CAPITL,61757,66.62,2.26,-32.06,1
22-09-2021 14:00,EDT,CAPITL,61757,69.22,2.12,-35.9,1
22-09-2021 15:00,EDT,CAPITL,61757,74.6,2.13,-41.19,1
22-09-2021 16:00,EDT,CAPITL,61757,79.57,2.36,-43.91,1
22-09-2021 17:00,EDT,CAPITL,61757,85.79,2.61,-46.98,1
22-09-2021 18:00,EDT,CAPITL,61757,82.29,2.49,-46.63,1
22-09-2021 19:00,EDT,CAPITL,61757,85.11,2.36,-51.69,1
22-09-2021 20:00,EDT,CAPITL,61757,73.01,2.3,-40.5,1
22-09-2021 21:00,EDT,CAPITL,61757,63.53,2,-32.55,1
22-09-2021 22:00,EDT,CAPITL,61757,60.83,1.99,-29.94,1
22-09-2021 23:00,EDT,CAPITL,61757,55.69,1.79,-26.31,1
23-09-2021 00:00,EDT,CAPITL,61757,54.33,1.19,-35.44,1
23-09-2021 01:00,EDT,CAPITL,61757,51.09,1.06,-34.38,1
23-09-2021 02:00,EDT,CAPITL,61757,50.52,0.89,-36.49,1
23-09-2021 03:00,EDT,CAPITL,61757,49.12,0.91,-34.82,1
23-09-2021 04:00,EDT,CAPITL,61757,49.08,1.03,-33.09,1
23-09-2021 05:00,EDT,CAPITL,61757,48.6,1.42,-26.83,1
23-09-2021 06:00,EDT,CAPITL,61757,57.53,1.67,-32.01,1
23-09-2021 07:00,EDT,CAPITL,61757,65.69,1.59,-40.77,1
23-09-2021 08:00,EDT,CAPITL,61757,67.82,1.72,-41.47,1
23-09-2021 09:00,EDT,CAPITL,61757,68.27,1.99,-38.69,1
23-09-2021 10:00,EDT,CAPITL,61757,67.98,2.03,-37.79,1
23-09-2021 11:00,EDT,CAPITL,61757,65.28,2.06,-34.18,1
23-09-2021 12:00,EDT,CAPITL,61757,67.8,2.03,-36.72,1
23-09-2021 13:00,EDT,CAPITL,61757,70.75,1.99,-39.82,1
23-09-2021 14:00,EDT,CAPITL,61757,70.89,1.91,-40.09,1
23-09-2021 15:00,EDT,CAPITL,61757,77.4,1.91,-46.5,1
23-09-2021 16:00,EDT,CAPITL,61757,80.27,1.95,-49.28,1
23-09-2021 17:00,EDT,CAPITL,61757,83.88,2.01,-52.76,1
23-09-2021 18:00,EDT,CAPITL,61757,81.78,2.14,-50.28,1
23-09-2021 19:00,EDT,CAPITL,61757,81.69,2.12,-50.55,1
23-09-2021 20:00,EDT,CAPITL,61757,69.9,2.12,-38.77,1
23-09-2021 21:00,EDT,CAPITL,61757,66.07,1.63,-40.06,1
23-09-2021 22:00,EDT,CAPITL,61757,60.69,1.38,-38.37,1
23-09-2021 23:00,EDT,CAPITL,61757,58.85,1.15,-39.39,1
24-09-2021 00:00,EDT,CAPITL,61757,59.86,1.01,-42,1
24-09-2021 01:00,EDT,CAPITL,61757,56.22,0.74,-43.72,1
24-09-2021 02:00,EDT,CAPITL,61757,53.15,0.67,-41.3,1
24-09-2021 03:00,EDT,CAPITL,61757,51.94,0.68,-39.94,1
24-09-2021 04:00,EDT,CAPITL,61757,51.93,0.64,-40.77,1
24-09-2021 05:00,EDT,CAPITL,61757,51.63,0.94,-35.6,1
24-09-2021 06:00,EDT,CAPITL,61757,58.06,1.42,-34.08,1
24-09-2021 07:00,EDT,CAPITL,61757,67.35,1.49,-41.75,1
24-09-2021 08:00,EDT,CAPITL,61757,65.78,1.91,-35.35,1
24-09-2021 09:00,EDT,CAPITL,61757,66.83,1.96,-36.03,1
24-09-2021 10:00,EDT,CAPITL,61757,65.33,1.9,-34.62,1
24-09-2021 11:00,EDT,CAPITL,61757,64.95,1.88,-34.2,1
24-09-2021 12:00,EDT,CAPITL,61757,64.05,1.85,-33.33,1
24-09-2021 13:00,EDT,CAPITL,61757,67.17,1.74,-38.62,1
24-09-2021 14:00,EDT,CAPITL,61757,67.43,1.63,-39.52,1
24-09-2021 15:00,EDT,CAPITL,61757,68.33,1.62,-40.53,1
24-09-2021 16:00,EDT,CAPITL,61757,71.27,1.79,-41.85,1
24-09-2021 17:00,EDT,CAPITL,61757,74.37,1.85,-43.65,1
24-09-2021 18:00,EDT,CAPITL,61757,73.55,2,-42.51,1
24-09-2021 19:00,EDT,CAPITL,61757,71.76,2.03,-40.68,1
24-09-2021 20:00,EDT,CAPITL,61757,64.25,1.88,-33.44,1
24-09-2021 21:00,EDT,CAPITL,61757,58.59,1.8,-28.2,1
24-09-2021 22:00,EDT,CAPITL,61757,54.33,1.71,-26.29,1
24-09-2021 23:00,EDT,CAPITL,61757,51.11,1.43,-26.28,1
25-09-2021 00:00,EDT,CAPITL,61757,54.4,0.87,-39.3,1
25-09-2021 01:00,EDT,CAPITL,61757,50.22,0.8,-36.58,1
25-09-2021 02:00,EDT,CAPITL,61757,49.76,0.75,-37.34,1
25-09-2021 03:00,EDT,CAPITL,61757,48.56,0.62,-38.25,1
25-09-2021 04:00,EDT,CAPITL,61757,47.61,0.56,-38.39,1
25-09-2021 05:00,EDT,CAPITL,61757,48.34,0.62,-37.92,1
25-09-2021 06:00,EDT,CAPITL,61757,50.42,0.7,-38.41,1
25-09-2021 07:00,EDT,CAPITL,61757,41,0.9,-23.68,1
25-09-2021 08:00,EDT,CAPITL,61757,42.53,1.18,-21.33,1
25-09-2021 09:00,EDT,CAPITL,61757,39.42,1.37,-13.63,1
25-09-2021 10:00,EDT,CAPITL,61757,39.52,1.52,-11.32,1
25-09-2021 11:00,EDT,CAPITL,61757,40.38,1.41,-12.78,1
25-09-2021 12:00,EDT,CAPITL,61757,41.96,1.39,-15.75,1
25-09-2021 13:00,EDT,CAPITL,61757,41.45,1.45,-13.54,1
25-09-2021 14:00,EDT,CAPITL,61757,41.33,1.45,-13.47,1
25-09-2021 15:00,EDT,CAPITL,61757,46.49,1.29,-18.88,1
25-09-2021 16:00,EDT,CAPITL,61757,55.39,1.35,-27.13,1
25-09-2021 17:00,EDT,CAPITL,61757,62.88,1.46,-33.4,1
25-09-2021 18:00,EDT,CAPITL,61757,68.24,1.43,-41.24,1
25-09-2021 19:00,EDT,CAPITL,61757,68.71,1.59,-39.66,1
25-09-2021 20:00,EDT,CAPITL,61757,55.58,1.61,-25.68,1
25-09-2021 21:00,EDT,CAPITL,61757,46.18,1.62,-16.58,1
25-09-2021 22:00,EDT,CAPITL,61757,42.99,1.48,-15.47,1
25-09-2021 23:00,EDT,CAPITL,61757,47.97,1,-28.38,1
26-09-2021 00:00,EDT,CAPITL,61757,47.17,0.74,-32.1,1
26-09-2021 01:00,EDT,CAPITL,61757,44.25,0.67,-30.79,1
26-09-2021 02:00,EDT,CAPITL,61757,44.96,0.35,-37.9,1
26-09-2021 03:00,EDT,CAPITL,61757,44.73,0.34,-37.66,1
26-09-2021 04:00,EDT,CAPITL,61757,44.4,0.35,-37.33,1
26-09-2021 05:00,EDT,CAPITL,61757,44.42,0.36,-37.2,1
26-09-2021 06:00,EDT,CAPITL,61757,44.48,0.36,-37.25,1
26-09-2021 07:00,EDT,CAPITL,61757,40.68,0.53,-29.53,1
26-09-2021 08:00,EDT,CAPITL,61757,41.47,0.66,-28.63,1
26-09-2021 09:00,EDT,CAPITL,61757,43.97,0.65,-31.06,1
26-09-2021 10:00,EDT,CAPITL,61757,41.68,0.78,-25.92,1
26-09-2021 11:00,EDT,CAPITL,61757,41.77,0.78,-25.66,1
26-09-2021 12:00,EDT,CAPITL,61757,43.4,0.67,-29.76,1
26-09-2021 13:00,EDT,CAPITL,61757,44.04,0.68,-30.28,1
26-09-2021 14:00,EDT,CAPITL,61757,44.41,0.62,-32.38,1
26-09-2021 15:00,EDT,CAPITL,61757,47.91,0.6,-35.91,1
26-09-2021 16:00,EDT,CAPITL,61757,51.42,0.92,-32.89,1
26-09-2021 17:00,EDT,CAPITL,61757,60.94,1.12,-39.36,1
26-09-2021 18:00,EDT,CAPITL,61757,60.67,1.34,-35.76,1
26-09-2021 19:00,EDT,CAPITL,61757,63.82,1.41,-38.12,1
26-09-2021 20:00,EDT,CAPITL,61757,55.82,1.4,-30.29,1
26-09-2021 21:00,EDT,CAPITL,61757,42.8,1.24,-19.75,1
26-09-2021 22:00,EDT,CAPITL,61757,41.33,1.04,-22.09,1
26-09-2021 23:00,EDT,CAPITL,61757,44.55,0.48,-35.02,1
27-09-2021 00:00,EDT,CAPITL,61757,44.76,0.54,-33.83,1
27-09-2021 01:00,EDT,CAPITL,61757,43.51,0.49,-33.76,1
27-09-2021 02:00,EDT,CAPITL,61757,42.75,0.4,-34.72,1
27-09-2021 03:00,EDT,CAPITL,61757,42.48,0.36,-35.27,1
27-09-2021 04:00,EDT,CAPITL,61757,42.48,0.37,-35.27,1
27-09-2021 05:00,EDT,CAPITL,61757,44.65,0.52,-34.87,1
27-09-2021 06:00,EDT,CAPITL,61757,49.25,0.92,-32.67,1
27-09-2021 07:00,EDT,CAPITL,61757,48.75,1.17,-25.5,1
27-09-2021 08:00,EDT,CAPITL,61757,38.28,1.67,-7.74,1
27-09-2021 09:00,EDT,CAPITL,61757,37.81,1.68,-7.2,1
27-09-2021 10:00,EDT,CAPITL,61757,37.84,1.68,-7.1,1
27-09-2021 11:00,EDT,CAPITL,61757,37.58,1.69,-6.78,1
27-09-2021 12:00,EDT,CAPITL,61757,37.88,1.73,-6.8,1
27-09-2021 13:00,EDT,CAPITL,61757,38.81,1.81,-6.86,1
27-09-2021 14:00,EDT,CAPITL,61757,37.69,1.77,-5.86,1
27-09-2021 15:00,EDT,CAPITL,61757,40.27,1.81,-7.82,1
27-09-2021 16:00,EDT,CAPITL,61757,45.64,1.9,-12.03,1
27-09-2021 17:00,EDT,CAPITL,61757,53.76,1.94,-20.04,1
27-09-2021 18:00,EDT,CAPITL,61757,58.36,1.93,-25.82,1
27-09-2021 19:00,EDT,CAPITL,61757,58.71,2.3,-20.52,1
27-09-2021 20:00,EDT,CAPITL,61757,45.62,2.04,-10.09,1
27-09-2021 21:00,EDT,CAPITL,61757,40,1.88,-7.78,1
27-09-2021 22:00,EDT,CAPITL,61757,38.26,1.62,-7.68,1
27-09-2021 23:00,EDT,CAPITL,61757,39.39,1.51,-10.46,1
28-09-2021 00:00,EDT,CAPITL,61757,43.48,1.11,-22.59,1
28-09-2021 01:00,EDT,CAPITL,61757,40.49,1.09,-19.48,1
28-09-2021 02:00,EDT,CAPITL,61757,40.28,0.87,-23.56,1
28-09-2021 03:00,EDT,CAPITL,61757,40.23,0.87,-23.61,1
28-09-2021 04:00,EDT,CAPITL,61757,40.21,0.89,-23.51,1
28-09-2021 05:00,EDT,CAPITL,61757,40.61,1.14,-19.55,1
28-09-2021 06:00,EDT,CAPITL,61757,42.74,1.61,-14.3,1
28-09-2021 07:00,EDT,CAPITL,61757,44.72,1.71,-13.08,1
28-09-2021 08:00,EDT,CAPITL,61757,44.64,1.81,-12.61,1
28-09-2021 09:00,EDT,CAPITL,61757,39.8,2.3,0.18,1
28-09-2021 10:00,EDT,CAPITL,61757,43.48,2.15,-4.26,1
28-09-2021 11:00,EDT,CAPITL,61757,44.74,2.29,-0.84,1
28-09-2021 12:00,EDT,CAPITL,61757,42.44,2.22,-1.28,1
28-09-2021 13:00,EDT,CAPITL,61757,43.2,2.12,-4.44,1
28-09-2021 14:00,EDT,CAPITL,61757,43.22,2.1,-5.56,1
28-09-2021 15:00,EDT,CAPITL,61757,45.35,2.06,-7.71,1
28-09-2021 16:00,EDT,CAPITL,61757,57.64,2.2,-19.42,1
28-09-2021 17:00,EDT,CAPITL,61757,68.7,2.18,-30.76,1
28-09-2021 18:00,EDT,CAPITL,61757,71.34,2.07,-35.82,1
28-09-2021 19:00,EDT,CAPITL,61757,69.52,2.21,-31.64,1
28-09-2021 20:00,EDT,CAPITL,61757,56.42,1.94,-23.13,1
28-09-2021 21:00,EDT,CAPITL,61757,45.75,1.63,-15.07,1
28-09-2021 22:00,EDT,CAPITL,61757,44.78,1.47,-14.4,1
28-09-2021 23:00,EDT,CAPITL,61757,41.06,1.48,-11.6,1
29-09-2021 00:00,EDT,CAPITL,61757,45.61,1.45,-17.21,1
29-09-2021 01:00,EDT,CAPITL,61757,41.13,1.31,-14.14,1
29-09-2021 02:00,EDT,CAPITL,61757,39.53,1.28,-13.66,1
29-09-2021 03:00,EDT,CAPITL,61757,38.29,1.22,-13.08,1
29-09-2021 04:00,EDT,CAPITL,61757,38.4,1.24,-13.21,1
29-09-2021 05:00,EDT,CAPITL,61757,39.77,1.48,-11.44,1
29-09-2021 06:00,EDT,CAPITL,61757,47.92,1.59,-19.44,1
29-09-2021 07:00,EDT,CAPITL,61757,46.35,1.72,-14.91,1
29-09-2021 08:00,EDT,CAPITL,61757,44.64,2.05,-8.45,1
29-09-2021 09:00,EDT,CAPITL,61757,42.15,2.28,-1.9,1
29-09-2021 10:00,EDT,CAPITL,61757,40.3,2.16,-0.2,1
29-09-2021 11:00,EDT,CAPITL,61757,40.03,2.11,-0.2,1
29-09-2021 12:00,EDT,CAPITL,61757,40.61,2.18,-0.19,1
29-09-2021 13:00,EDT,CAPITL,61757,40.41,2.26,-0.52,1
29-09-2021 14:00,EDT,CAPITL,61757,44.25,2.34,-2.99,1
29-09-2021 15:00,EDT,CAPITL,61757,46.11,2.43,-2.57,1
29-09-2021 16:00,EDT,CAPITL,61757,59.78,2.27,-20.34,1
29-09-2021 17:00,EDT,CAPITL,61757,64.54,2.53,-21.94,1
29-09-2021 18:00,EDT,CAPITL,61757,62.54,2.77,-17.16,1
29-09-2021 19:00,EDT,CAPITL,61757,63.54,2.99,-14.57,1
29-09-2021 20:00,EDT,CAPITL,61757,50.38,2.64,-6.45,1
29-09-2021 21:00,EDT,CAPITL,61757,42.72,1.99,-7.57,1
29-09-2021 22:00,EDT,CAPITL,61757,41.05,1.87,-6.37,1
29-09-2021 23:00,EDT,CAPITL,61757,43.17,1.57,-12.43,1
30-09-2021 00:00,EDT,CAPITL,61757,51.13,1.24,-25,1
30-09-2021 01:00,EDT,CAPITL,61757,46.48,1.34,-20.35,1
30-09-2021 02:00,EDT,CAPITL,61757,43.2,1.34,-17.1,1
30-09-2021 03:00,EDT,CAPITL,61757,42.06,1.32,-16.19,1
30-09-2021 04:00,EDT,CAPITL,61757,42.95,1.36,-16.77,1
30-09-2021 05:00,EDT,CAPITL,61757,46.5,1.44,-20.22,1
30-09-2021 06:00,EDT,CAPITL,61757,51.71,1.81,-20.8,1
30-09-2021 07:00,EDT,CAPITL,61757,52.79,2.34,-11.36,1
30-09-2021 08:00,EDT,CAPITL,61757,51.44,2.64,-9.38,1
30-09-2021 09:00,EDT,CAPITL,61757,47.04,2.61,-6.13,1
30-09-2021 10:00,EDT,CAPITL,61757,43.49,2.95,-0.08,1
30-09-2021 11:00,EDT,CAPITL,61757,43.14,2.72,-1.56,1
30-09-2021 12:00,EDT,CAPITL,61757,43.27,2.69,-0.43,1
30-09-2021 13:00,EDT,CAPITL,61757,44.52,2.55,-3.97,1
30-09-2021 14:00,EDT,CAPITL,61757,45.92,2.43,-5.47,1
30-09-2021 15:00,EDT,CAPITL,61757,46.15,2.64,-0.92,1
30-09-2021 16:00,EDT,CAPITL,61757,55.22,2.77,-7.73,1
30-09-2021 17:00,EDT,CAPITL,61757,61.77,3.28,-8.07,1
30-09-2021 18:00,EDT,CAPITL,61757,63.7,3.25,-12.68,1
30-09-2021 19:00,EDT,CAPITL,61757,62.39,3.54,-6.81,1
30-09-2021 20:00,EDT,CAPITL,61757,52.18,2.83,-7.14,1
30-09-2021 21:00,EDT,CAPITL,61757,45.56,2.31,-8.23,1
30-09-2021 22:00,EDT,CAPITL,61757,45.13,1.89,-11.22,1
30-09-2021 23:00,EDT,CAPITL,61757,45.1,1.59,-15.17,1
01-10-2021 00:00,EDT,CAPITL,61757,44.84,1.7,-12.84,1
01-10-2021 01:00,EDT,CAPITL,61757,41.82,1.61,-11.88,1
01-10-2021 02:00,EDT,CAPITL,61757,42.23,1.45,-14.88,1
01-10-2021 03:00,EDT,CAPITL,61757,42.51,1.37,-16.2,1
01-10-2021 04:00,EDT,CAPITL,61757,42.58,1.44,-15.49,1
01-10-2021 05:00,EDT,CAPITL,61757,41.88,1.73,-9.78,1
01-10-2021 06:00,EDT,CAPITL,61757,49.09,2.27,-10.75,1
01-10-2021 07:00,EDT,CAPITL,61757,51.58,2.76,-3.67,1
01-10-2021 08:00,EDT,CAPITL,61757,51.59,3.19,-1.51,1
01-10-2021 09:00,EDT,CAPITL,61757,47.67,2.86,-0.12,1
01-10-2021 10:00,EDT,CAPITL,61757,43.32,2.57,-0.02,1
01-10-2021 11:00,EDT,CAPITL,61757,42.09,2.42,-0.08,1
01-10-2021 12:00,EDT,CAPITL,61757,41.99,2.33,-0.11,1
01-10-2021 13:00,EDT,CAPITL,61757,42.37,2.17,-3.48,1
01-10-2021 14:00,EDT,CAPITL,61757,42.54,2.13,-3.71,1
01-10-2021 15:00,EDT,CAPITL,61757,43.36,1.91,-6.75,1
01-10-2021 16:00,EDT,CAPITL,61757,50.9,2.02,-12.07,1
01-10-2021 17:00,EDT,CAPITL,61757,59.56,2.15,-20.93,1
01-10-2021 18:00,EDT,CAPITL,61757,57.65,2.87,-8.56,1
01-10-2021 19:00,EDT,CAPITL,61757,55.92,2.96,-6.68,1
01-10-2021 20:00,EDT,CAPITL,61757,45.53,2.7,0,1
01-10-2021 21:00,EDT,CAPITL,61757,45.49,2.13,-7.91,1
01-10-2021 22:00,EDT,CAPITL,61757,43.32,1.95,-7.8,1
01-10-2021 23:00,EDT,CAPITL,61757,41.82,1.78,-7.6,1
02-10-2021 00:00,EDT,CAPITL,61757,50.67,1.45,-23.32,1
02-10-2021 01:00,EDT,CAPITL,61757,46.31,1.37,-20.07,1
02-10-2021 02:00,EDT,CAPITL,61757,45.41,1.29,-19.35,1
02-10-2021 03:00,EDT,CAPITL,61757,44.61,1.19,-20.46,1
02-10-2021 04:00,EDT,CAPITL,61757,43.86,1.25,-18.62,1
02-10-2021 05:00,EDT,CAPITL,61757,45.15,1.1,-23.35,1
02-10-2021 06:00,EDT,CAPITL,61757,46.64,1.34,-20.51,1
02-10-2021 07:00,EDT,CAPITL,61757,42.84,1.23,-17.57,1
02-10-2021 08:00,EDT,CAPITL,61757,44.53,1.65,-13.95,1
02-10-2021 09:00,EDT,CAPITL,61757,46.32,1.62,-15.8,1
02-10-2021 10:00,EDT,CAPITL,61757,42.18,1.65,-11.6,1
02-10-2021 11:00,EDT,CAPITL,61757,44.19,1.65,-13.61,1
02-10-2021 12:00,EDT,CAPITL,61757,43.65,1.6,-12.94,1
02-10-2021 13:00,EDT,CAPITL,61757,43.44,1.61,-12.47,1
02-10-2021 14:00,EDT,CAPITL,61757,44.64,1.56,-14.15,1
02-10-2021 15:00,EDT,CAPITL,61757,44.73,1.65,-13.03,1
02-10-2021 16:00,EDT,CAPITL,61757,49.99,1.69,-17.04,1
02-10-2021 17:00,EDT,CAPITL,61757,60.68,2.09,-21.32,1
02-10-2021 18:00,EDT,CAPITL,61757,65.29,2.15,-26.71,1
02-10-2021 19:00,EDT,CAPITL,61757,62.87,2.42,-21.42,1
02-10-2021 20:00,EDT,CAPITL,61757,53.6,2.24,-15.83,1
02-10-2021 21:00,EDT,CAPITL,61757,47.58,1.83,-15.29,1
02-10-2021 22:00,EDT,CAPITL,61757,45.62,1.77,-13.88,1
02-10-2021 23:00,EDT,CAPITL,61757,45.55,1.54,-15.96,1
03-10-2021 00:00,EDT,CAPITL,61757,50.55,1.23,-27.33,1
03-10-2021 01:00,EDT,CAPITL,61757,45.84,1.05,-25.41,1
03-10-2021 02:00,EDT,CAPITL,61757,43.31,0.88,-26.44,1
03-10-2021 03:00,EDT,CAPITL,61757,43.03,0.8,-27.6,1
03-10-2021 04:00,EDT,CAPITL,61757,41.18,0.88,-23.63,1
03-10-2021 05:00,EDT,CAPITL,61757,41.83,0.91,-24.33,1
03-10-2021 06:00,EDT,CAPITL,61757,40.79,1.15,-18.32,1
03-10-2021 07:00,EDT,CAPITL,61757,39.55,1.1,-16.93,1
03-10-2021 08:00,EDT,CAPITL,61757,37.61,1.67,-6.14,1
03-10-2021 09:00,EDT,CAPITL,61757,39.1,1.77,-5.18,1
03-10-2021 10:00,EDT,CAPITL,61757,37,1.94,-2.66,1
03-10-2021 11:00,EDT,CAPITL,61757,39.67,2.02,-3.94,1
03-10-2021 12:00,EDT,CAPITL,61757,43.67,1.96,-8.49,1
03-10-2021 13:00,EDT,CAPITL,61757,45,1.79,-8.04,1
03-10-2021 14:00,EDT,CAPITL,61757,44.65,1.85,-7.21,1
03-10-2021 15:00,EDT,CAPITL,61757,46.02,2.1,-4.36,1
03-10-2021 16:00,EDT,CAPITL,61757,53.44,2.41,-7.16,1
03-10-2021 17:00,EDT,CAPITL,61757,66.36,2.85,-14.35,1
03-10-2021 18:00,EDT,CAPITL,61757,67.23,3.21,-12.23,1
03-10-2021 19:00,EDT,CAPITL,61757,67.05,3.3,-11.39,1
03-10-2021 20:00,EDT,CAPITL,61757,62.5,3.05,-9.5,1
03-10-2021 21:00,EDT,CAPITL,61757,47.02,2.43,-3.43,1
03-10-2021 22:00,EDT,CAPITL,61757,44.46,2.31,-1.52,1
03-10-2021 23:00,EDT,CAPITL,61757,44.26,1.85,-8.8,1
04-10-2021 00:00,EDT,CAPITL,61757,44.47,2.29,-4.6,1
04-10-2021 01:00,EDT,CAPITL,61757,41.43,1.98,-7.06,1
04-10-2021 02:00,EDT,CAPITL,61757,39.23,1.94,-5.98,1
04-10-2021 03:00,EDT,CAPITL,61757,38.4,1.9,-5.9,1
04-10-2021 04:00,EDT,CAPITL,61757,37.36,2.08,-1.12,1
04-10-2021 05:00,EDT,CAPITL,61757,40.15,2.31,-0.56,1
04-10-2021 06:00,EDT,CAPITL,61757,46.8,3.02,0,1
04-10-2021 07:00,EDT,CAPITL,61757,48.72,2.8,0,1
04-10-2021 08:00,EDT,CAPITL,61757,52.63,3.21,0,1
04-10-2021 09:00,EDT,CAPITL,61757,53.39,3.12,-0.01,1
04-10-2021 10:00,EDT,CAPITL,61757,53.4,3.12,-0.04,1
04-10-2021 11:00,EDT,CAPITL,61757,54.33,2.78,-0.04,1
04-10-2021 12:00,EDT,CAPITL,61757,53.64,2.76,0.26,1
04-10-2021 13:00,EDT,CAPITL,61757,55.25,2.73,0.03,1
04-10-2021 14:00,EDT,CAPITL,61757,54.73,2.62,0.26,1
04-10-2021 15:00,EDT,CAPITL,61757,55.32,2.73,-0.11,1
04-10-2021 16:00,EDT,CAPITL,61757,60.92,2.92,0.43,1
04-10-2021 17:00,EDT,CAPITL,61757,68.27,3.32,0.12,1
04-10-2021 18:00,EDT,CAPITL,61757,69.23,3.67,-0.02,1
04-10-2021 19:00,EDT,CAPITL,61757,66.76,3.48,0,1
04-10-2021 20:00,EDT,CAPITL,61757,58.52,3,0.15,1
04-10-2021 21:00,EDT,CAPITL,61757,50.78,2.87,-0.12,1
04-10-2021 22:00,EDT,CAPITL,61757,47.03,2.82,-0.11,1
04-10-2021 23:00,EDT,CAPITL,61757,44.57,2.48,-0.06,1
05-10-2021 00:00,EDT,CAPITL,61757,47.24,2.38,-5.15,1
05-10-2021 01:00,EDT,CAPITL,61757,42.59,2.3,-3.16,1
05-10-2021 02:00,EDT,CAPITL,61757,40.79,2.16,-3.83,1
05-10-2021 03:00,EDT,CAPITL,61757,39.29,2.02,-3.64,1
05-10-2021 04:00,EDT,CAPITL,61757,38.95,2.09,-2.02,1
05-10-2021 05:00,EDT,CAPITL,61757,41.52,2.31,0,1
05-10-2021 06:00,EDT,CAPITL,61757,51.14,3.03,0,1
05-10-2021 07:00,EDT,CAPITL,61757,56.04,3.32,0,1
05-10-2021 08:00,EDT,CAPITL,61757,56.18,2.83,0,1
05-10-2021 09:00,EDT,CAPITL,61757,57.11,2.98,0,1
05-10-2021 10:00,EDT,CAPITL,61757,58.08,3.03,-0.01,1
05-10-2021 11:00,EDT,CAPITL,61757,59.15,3.03,0,1
05-10-2021 12:00,EDT,CAPITL,61757,57.96,2.92,0,1
05-10-2021 13:00,EDT,CAPITL,61757,57.86,2.86,0,1
05-10-2021 14:00,EDT,CAPITL,61757,57.98,2.92,0,1
05-10-2021 15:00,EDT,CAPITL,61757,57.21,2.72,0,1
05-10-2021 16:00,EDT,CAPITL,61757,60.76,3.11,0,1
05-10-2021 17:00,EDT,CAPITL,61757,68.01,3.48,0,1
05-10-2021 18:00,EDT,CAPITL,61757,68.23,3.68,0,1
05-10-2021 19:00,EDT,CAPITL,61757,66.48,3.58,0,1
05-10-2021 20:00,EDT,CAPITL,61757,57.65,3.11,0,1
05-10-2021 21:00,EDT,CAPITL,61757,55.44,2.84,0,1
05-10-2021 22:00,EDT,CAPITL,61757,47.88,2.8,0,1
05-10-2021 23:00,EDT,CAPITL,61757,46,2.52,0,1
06-10-2021 00:00,EDT,CAPITL,61757,50.48,2.32,-8.21,1
06-10-2021 01:00,EDT,CAPITL,61757,45.09,2.38,-3.74,1
06-10-2021 02:00,EDT,CAPITL,61757,44.43,2.18,-7.1,1
06-10-2021 03:00,EDT,CAPITL,61757,43.21,2.12,-5.81,1
06-10-2021 04:00,EDT,CAPITL,61757,42.53,2.12,-3.17,1
06-10-2021 05:00,EDT,CAPITL,61757,44.06,2.36,-0.21,1
06-10-2021 06:00,EDT,CAPITL,61757,53.54,2.62,-0.5,1
06-10-2021 07:00,EDT,CAPITL,61757,58.17,3.24,-0.03,1
06-10-2021 08:00,EDT,CAPITL,61757,58.98,3.02,-0.06,1
06-10-2021 09:00,EDT,CAPITL,61757,56.84,2.75,-0.07,1
06-10-2021 10:00,EDT,CAPITL,61757,57.5,2.73,-0.09,1
06-10-2021 11:00,EDT,CAPITL,61757,57.38,2.62,-0.08,1
06-10-2021 12:00,EDT,CAPITL,61757,56.54,2.58,-0.12,1
06-10-2021 13:00,EDT,CAPITL,61757,58.53,2.57,-0.13,1
06-10-2021 14:00,EDT,CAPITL,61757,59.5,2.56,-0.15,1
06-10-2021 15:00,EDT,CAPITL,61757,60.21,2.53,-0.11,1
06-10-2021 16:00,EDT,CAPITL,61757,63.37,3.13,-0.05,1
06-10-2021 17:00,EDT,CAPITL,61757,67.66,3.53,0,1
06-10-2021 18:00,EDT,CAPITL,61757,67.74,3.77,0,1
06-10-2021 19:00,EDT,CAPITL,61757,68.17,3.86,0,1
06-10-2021 20:00,EDT,CAPITL,61757,62.33,3.42,0,1
06-10-2021 21:00,EDT,CAPITL,61757,56.94,3.38,0,1
06-10-2021 22:00,EDT,CAPITL,61757,53.45,3.17,-4.29,1
06-10-2021 23:00,EDT,CAPITL,61757,46.79,2.73,0,1
07-10-2021 00:00,EDT,CAPITL,61757,52.52,2.61,-6.34,1
07-10-2021 01:00,EDT,CAPITL,61757,46.68,2.28,-5.77,1
07-10-2021 02:00,EDT,CAPITL,61757,45.18,2.22,-5.92,1
07-10-2021 03:00,EDT,CAPITL,61757,45.41,2.04,-8.82,1
07-10-2021 04:00,EDT,CAPITL,61757,45.03,2.16,-6.85,1
07-10-2021 05:00,EDT,CAPITL,61757,45.88,2.64,0,1
07-10-2021 06:00,EDT,CAPITL,61757,55.71,3.59,0,1
07-10-2021 07:00,EDT,CAPITL,61757,59.84,3.49,0,1
07-10-2021 08:00,EDT,CAPITL,61757,61.05,3.45,-0.05,1
07-10-2021 09:00,EDT,CAPITL,61757,60.39,3.2,-0.06,1
07-10-2021 10:00,EDT,CAPITL,61757,61.91,3.33,-0.1,1
07-10-2021 11:00,EDT,CAPITL,61757,61.55,3.04,0,1
07-10-2021 12:00,EDT,CAPITL,61757,62.48,2.98,0.07,1
07-10-2021 13:00,EDT,CAPITL,61757,62.01,2.95,0,1
07-10-2021 14:00,EDT,CAPITL,61757,63.52,3.02,0,1
07-10-2021 15:00,EDT,CAPITL,61757,65.67,3.13,0,1
07-10-2021 16:00,EDT,CAPITL,61757,72.56,3.84,-0.12,1
07-10-2021 17:00,EDT,CAPITL,61757,76.81,4.28,0,1
07-10-2021 18:00,EDT,CAPITL,61757,75.91,3.89,0,1
07-10-2021 19:00,EDT,CAPITL,61757,77.47,4.32,0,1
07-10-2021 20:00,EDT,CAPITL,61757,68.63,3.76,0,1
07-10-2021 21:00,EDT,CAPITL,61757,61.29,3.41,0,1
07-10-2021 22:00,EDT,CAPITL,61757,55.63,3.39,0,1
07-10-2021 23:00,EDT,CAPITL,61757,51.73,2.93,0,1
08-10-2021 00:00,EDT,CAPITL,61757,51.97,2.84,-3.3,1
08-10-2021 01:00,EDT,CAPITL,61757,47.52,2.48,-5.67,1
08-10-2021 02:00,EDT,CAPITL,61757,46.64,2.32,-7.59,1
08-10-2021 03:00,EDT,CAPITL,61757,44.46,2.27,-5.59,1
08-10-2021 04:00,EDT,CAPITL,61757,44.2,2.46,-2.09,1
08-10-2021 05:00,EDT,CAPITL,61757,47.07,2.79,0,1
08-10-2021 06:00,EDT,CAPITL,61757,56.91,3.37,0,1
08-10-2021 07:00,EDT,CAPITL,61757,62.22,3.91,0,1
08-10-2021 08:00,EDT,CAPITL,61757,61.63,3.93,0,1
08-10-2021 09:00,EDT,CAPITL,61757,61.48,3.8,-0.03,1
08-10-2021 10:00,EDT,CAPITL,61757,61.98,3.39,-0.05,1
08-10-2021 11:00,EDT,CAPITL,61757,61.88,3.22,-0.05,1
08-10-2021 12:00,EDT,CAPITL,61757,64.32,3.12,0,1
08-10-2021 13:00,EDT,CAPITL,61757,65.18,3.1,0,1
08-10-2021 14:00,EDT,CAPITL,61757,63.95,3.16,0,1
08-10-2021 15:00,EDT,CAPITL,61757,65.71,3.24,-0.03,1
08-10-2021 16:00,EDT,CAPITL,61757,74.39,3.92,-6.28,1
08-10-2021 17:00,EDT,CAPITL,61757,75,4.38,0,1
08-10-2021 18:00,EDT,CAPITL,61757,72.77,4.44,0,1
08-10-2021 19:00,EDT,CAPITL,61757,71.66,4.25,0,1
08-10-2021 20:00,EDT,CAPITL,61757,68.67,3.9,-4.65,1
08-10-2021 21:00,EDT,CAPITL,61757,63.69,3.57,-6.05,1
08-10-2021 22:00,EDT,CAPITL,61757,54.31,3.57,-0.52,1
08-10-2021 23:00,EDT,CAPITL,61757,56.28,3.07,-8.11,1
09-10-2021 00:00,EDT,CAPITL,61757,53.97,1.86,-18.3,1
09-10-2021 01:00,EDT,CAPITL,61757,48.39,1.81,-14.29,1
09-10-2021 02:00,EDT,CAPITL,61757,48.9,1.5,-18.99,1
09-10-2021 03:00,EDT,CAPITL,61757,47.7,1.42,-19.42,1
09-10-2021 04:00,EDT,CAPITL,61757,46.14,1.59,-15.01,1
09-10-2021 05:00,EDT,CAPITL,61757,46.06,1.93,-9.11,1
09-10-2021 06:00,EDT,CAPITL,61757,50.2,2.15,-9.61,1
09-10-2021 07:00,EDT,CAPITL,61757,52.58,2.55,-6.73,1
09-10-2021 08:00,EDT,CAPITL,61757,49.32,2.88,-0.82,1
09-10-2021 09:00,EDT,CAPITL,61757,49.63,2.98,-0.77,1
09-10-2021 10:00,EDT,CAPITL,61757,49.38,2.94,-0.57,1
09-10-2021 11:00,EDT,CAPITL,61757,50.86,3.05,-0.79,1
09-10-2021 12:00,EDT,CAPITL,61757,49.84,2.81,-0.96,1
09-10-2021 13:00,EDT,CAPITL,61757,49.32,2.84,-0.7,1
09-10-2021 14:00,EDT,CAPITL,61757,45.36,2.5,-1.12,1
09-10-2021 15:00,EDT,CAPITL,61757,56.31,2.68,-8.11,1
09-10-2021 16:00,EDT,CAPITL,61757,62.86,2.55,-17.73,1
09-10-2021 17:00,EDT,CAPITL,61757,71.52,3.11,-19.06,1
09-10-2021 18:00,EDT,CAPITL,61757,75,3.24,-22.61,1
09-10-2021 19:00,EDT,CAPITL,61757,72.77,3.19,-21.23,1
09-10-2021 20:00,EDT,CAPITL,61757,65.71,2.84,-19.14,1
09-10-2021 21:00,EDT,CAPITL,61757,62.89,2.42,-22.11,1
09-10-2021 22:00,EDT,CAPITL,61757,55.19,2.46,-13.02,1
09-10-2021 23:00,EDT,CAPITL,61757,50.85,1.83,-16.28,1
10-10-2021 00:00,EDT,CAPITL,61757,50.87,1.28,-24.06,1
10-10-2021 01:00,EDT,CAPITL,61757,49.34,1.32,-23.11,1
10-10-2021 02:00,EDT,CAPITL,61757,48.47,1.18,-23.78,1
10-10-2021 03:00,EDT,CAPITL,61757,48.26,1.06,-25.55,1
10-10-2021 04:00,EDT,CAPITL,61757,46.15,1.15,-21.51,1
10-10-2021 05:00,EDT,CAPITL,61757,46.23,1.19,-20.79,1
10-10-2021 06:00,EDT,CAPITL,61757,48.5,1.19,-23.9,1
10-10-2021 07:00,EDT,CAPITL,61757,45.79,1.22,-19.68,1
10-10-2021 08:00,EDT,CAPITL,61757,48.49,1.6,-16.76,1
10-10-2021 09:00,EDT,CAPITL,61757,55.24,1.83,-20.14,1
10-10-2021 10:00,EDT,CAPITL,61757,55.09,2.14,-16.64,1
10-10-2021 11:00,EDT,CAPITL,61757,54.92,2.16,-16.7,1
10-10-2021 12:00,EDT,CAPITL,61757,52.77,2.29,-12.22,1
10-10-2021 13:00,EDT,CAPITL,61757,53.3,2.39,-11.77,1
10-10-2021 14:00,EDT,CAPITL,61757,51.92,2.4,-8.86,1
10-10-2021 15:00,EDT,CAPITL,61757,53.99,2.55,-9.02,1
10-10-2021 16:00,EDT,CAPITL,61757,58.73,2.84,-9.35,1
10-10-2021 17:00,EDT,CAPITL,61757,66.77,3.16,-14.32,1
10-10-2021 18:00,EDT,CAPITL,61757,69.76,3.43,-14.42,1
10-10-2021 19:00,EDT,CAPITL,61757,70.23,3.38,-15.59,1
10-10-2021 20:00,EDT,CAPITL,61757,64.17,2.69,-18.16,1
10-10-2021 21:00,EDT,CAPITL,61757,58.06,2.25,-17.63,1
10-10-2021 22:00,EDT,CAPITL,61757,52.92,2.13,-15.3,1
10-10-2021 23:00,EDT,CAPITL,61757,51.97,1.39,-23.73,1
11-10-2021 00:00,EDT,CAPITL,61757,48.96,1.57,-15.93,1
11-10-2021 01:00,EDT,CAPITL,61757,47.13,1.49,-16.92,1
11-10-2021 02:00,EDT,CAPITL,61757,47.65,1.37,-19.44,1
11-10-2021 03:00,EDT,CAPITL,61757,46.89,1.24,-20.81,1
11-10-2021 04:00,EDT,CAPITL,61757,46.46,1.27,-20.36,1
11-10-2021 05:00,EDT,CAPITL,61757,42.33,2.4,0,1
11-10-2021 06:00,EDT,CAPITL,61757,46.83,2.69,0,1
11-10-2021 07:00,EDT,CAPITL,61757,48.46,2.76,0.31,1
11-10-2021 08:00,EDT,CAPITL,61757,51.14,2.83,0.46,1
11-10-2021 09:00,EDT,CAPITL,61757,58.22,3.03,0,1
11-10-2021 10:00,EDT,CAPITL,61757,59.88,3.23,0,1
11-10-2021 11:00,EDT,CAPITL,61757,59.54,2.73,0,1
11-10-2021 12:00,EDT,CAPITL,61757,59.46,2.72,0,1
11-10-2021 13:00,EDT,CAPITL,61757,59.38,2.5,0,1
11-10-2021 14:00,EDT,CAPITL,61757,60.5,2.55,0,1
11-10-2021 15:00,EDT,CAPITL,61757,61.42,2.53,0,1
11-10-2021 16:00,EDT,CAPITL,61757,68.28,3.13,0,1
11-10-2021 17:00,EDT,CAPITL,61757,74.11,3.39,0,1
11-10-2021 18:00,EDT,CAPITL,61757,75.61,3.87,0,1
11-10-2021 19:00,EDT,CAPITL,61757,77.37,3.96,0,1
11-10-2021 20:00,EDT,CAPITL,61757,63.37,3.19,0,1
11-10-2021 21:00,EDT,CAPITL,61757,56.03,3.34,0.24,1
11-10-2021 22:00,EDT,CAPITL,61757,51.3,2.95,0,1
11-10-2021 23:00,EDT,CAPITL,61757,47.34,2.68,0,1
12-10-2021 00:00,EDT,CAPITL,61757,48.4,2.27,-11.19,1
12-10-2021 01:00,EDT,CAPITL,61757,43.8,2.14,-8.73,1
12-10-2021 02:00,EDT,CAPITL,61757,44.94,2.08,-11.86,1
12-10-2021 03:00,EDT,CAPITL,61757,42.97,2.12,-9.67,1
12-10-2021 04:00,EDT,CAPITL,61757,43.43,2.22,-8.56,1
12-10-2021 05:00,EDT,CAPITL,61757,46.48,2.61,-7.61,1
12-10-2021 06:00,EDT,CAPITL,61757,50.93,3.43,-1.73,1
12-10-2021 07:00,EDT,CAPITL,61757,54.47,3.8,0,1
12-10-2021 08:00,EDT,CAPITL,61757,55.63,3.84,0.16,1
12-10-2021 09:00,EDT,CAPITL,61757,56.65,3.77,0.18,1
12-10-2021 10:00,EDT,CAPITL,61757,57.43,3.41,0.09,1
12-10-2021 11:00,EDT,CAPITL,61757,58.54,3.32,0.16,1
12-10-2021 12:00,EDT,CAPITL,61757,60.17,3.35,0,1
12-10-2021 13:00,EDT,CAPITL,61757,58.24,3.11,0.35,1
12-10-2021 14:00,EDT,CAPITL,61757,60.44,2.99,0.12,1
12-10-2021 15:00,EDT,CAPITL,61757,62.94,3.05,0,1
12-10-2021 16:00,EDT,CAPITL,61757,65.85,3.7,0.57,1
12-10-2021 17:00,EDT,CAPITL,61757,71.7,3.89,0.42,1
12-10-2021 18:00,EDT,CAPITL,61757,75.5,4.21,0.07,1
12-10-2021 19:00,EDT,CAPITL,61757,78,4.49,0,1
12-10-2021 20:00,EDT,CAPITL,61757,66.51,3.88,0,1
12-10-2021 21:00,EDT,CAPITL,61757,55.52,3.26,0.23,1
12-10-2021 22:00,EDT,CAPITL,61757,50.3,3.11,0,1
12-10-2021 23:00,EDT,CAPITL,61757,48.68,2.97,0,1
13-10-2021 00:00,EDT,CAPITL,61757,46.45,2.54,-5.96,1
13-10-2021 01:00,EDT,CAPITL,61757,43.16,2.3,-5.95,1
13-10-2021 02:00,EDT,CAPITL,61757,42.66,2.34,-6.3,1
13-10-2021 03:00,EDT,CAPITL,61757,42.11,2.21,-7.82,1
13-10-2021 04:00,EDT,CAPITL,61757,41.86,2.33,-5.31,1
13-10-2021 05:00,EDT,CAPITL,61757,42.57,2.68,-1.66,1
13-10-2021 06:00,EDT,CAPITL,61757,49.7,3.3,0,1
13-10-2021 07:00,EDT,CAPITL,61757,51.46,2.96,0,1
13-10-2021 08:00,EDT,CAPITL,61757,54.57,3.24,0,1
13-10-2021 09:00,EDT,CAPITL,61757,55.5,3.09,0,1
13-10-2021 10:00,EDT,CAPITL,61757,54.14,2.87,0,1
13-10-2021 11:00,EDT,CAPITL,61757,55.87,2.91,0,1
13-10-2021 12:00,EDT,CAPITL,61757,56.33,3.13,-0.1,1
13-10-2021 13:00,EDT,CAPITL,61757,56.58,3.15,-0.11,1
13-10-2021 14:00,EDT,CAPITL,61757,57.21,3.02,-0.24,1
13-10-2021 15:00,EDT,CAPITL,61757,59.2,3.13,-0.16,1
13-10-2021 16:00,EDT,CAPITL,61757,62.09,3.51,0,1
13-10-2021 17:00,EDT,CAPITL,61757,66.13,3.74,-0.07,1
13-10-2021 18:00,EDT,CAPITL,61757,70.72,3.94,0,1
13-10-2021 19:00,EDT,CAPITL,61757,68.01,3.85,0,1
13-10-2021 20:00,EDT,CAPITL,61757,60.64,3.6,0,1
13-10-2021 21:00,EDT,CAPITL,61757,53.97,3.21,-0.69,1
13-10-2021 22:00,EDT,CAPITL,61757,48.85,3.02,0,1
13-10-2021 23:00,EDT,CAPITL,61757,45.64,3.07,0,1
14-10-2021 00:00,EDT,CAPITL,61757,46.57,2.87,-0.24,1
14-10-2021 01:00,EDT,CAPITL,61757,42.03,2.63,-0.18,1
14-10-2021 02:00,EDT,CAPITL,61757,39.52,2.47,-0.23,1
14-10-2021 03:00,EDT,CAPITL,61757,39.02,2.47,-0.24,1
14-10-2021 04:00,EDT,CAPITL,61757,39.72,2.52,-0.18,1
14-10-2021 05:00,EDT,CAPITL,61757,42.59,2.64,0,1
14-10-2021 06:00,EDT,CAPITL,61757,47.51,2.52,0,1
14-10-2021 07:00,EDT,CAPITL,61757,50.47,2.49,0,1
14-10-2021 08:00,EDT,CAPITL,61757,52.07,2.67,0,1
14-10-2021 09:00,EDT,CAPITL,61757,52.49,2.64,0.02,1
14-10-2021 10:00,EDT,CAPITL,61757,53.27,2.63,0,1
14-10-2021 11:00,EDT,CAPITL,61757,54.02,2.63,0.21,1
14-10-2021 12:00,EDT,CAPITL,61757,54.28,2.69,0.17,1
14-10-2021 13:00,EDT,CAPITL,61757,55.46,2.65,0.17,1
14-10-2021 14:00,EDT,CAPITL,61757,57.65,2.75,0.03,1
14-10-2021 15:00,EDT,CAPITL,61757,59.15,2.87,0,1
14-10-2021 16:00,EDT,CAPITL,61757,64.41,3.3,0,1
14-10-2021 17:00,EDT,CAPITL,61757,70,3.65,0,1
14-10-2021 18:00,EDT,CAPITL,61757,72.65,3.78,0,1
14-10-2021 19:00,EDT,CAPITL,61757,68.75,3.64,0,1
14-10-2021 20:00,EDT,CAPITL,61757,58.42,3.25,0,1
14-10-2021 21:00,EDT,CAPITL,61757,51.07,2.8,0,1
14-10-2021 22:00,EDT,CAPITL,61757,48.12,2.47,0.08,1
14-10-2021 23:00,EDT,CAPITL,61757,47.26,2.38,0,1
15-10-2021 00:00,EDT,CAPITL,61757,47.18,3.04,0,1
15-10-2021 01:00,EDT,CAPITL,61757,43.74,2.82,0,1
15-10-2021 02:00,EDT,CAPITL,61757,42.9,2.77,0,1
15-10-2021 03:00,EDT,CAPITL,61757,41.61,2.68,0,1
15-10-2021 04:00,EDT,CAPITL,61757,41.97,2.71,0,1
15-10-2021 05:00,EDT,CAPITL,61757,43.85,2.87,0,1
15-10-2021 06:00,EDT,CAPITL,61757,50.49,3.48,0,1
15-10-2021 07:00,EDT,CAPITL,61757,53.91,3.53,0,1
15-10-2021 08:00,EDT,CAPITL,61757,58.51,4.03,0,1
15-10-2021 09:00,EDT,CAPITL,61757,58.47,3.98,0.01,1
15-10-2021 10:00,EDT,CAPITL,61757,59.93,3.97,0,1
15-10-2021 11:00,EDT,CAPITL,61757,61.68,4.09,0,1
15-10-2021 12:00,EDT,CAPITL,61757,62.99,4.12,0.03,1
15-10-2021 13:00,EDT,CAPITL,61757,61.92,3.95,0.15,1
15-10-2021 14:00,EDT,CAPITL,61757,61.86,3.78,0.17,1
15-10-2021 15:00,EDT,CAPITL,61757,65.82,3.97,0.12,1
15-10-2021 16:00,EDT,CAPITL,61757,67.29,4.29,0.07,1
15-10-2021 17:00,EDT,CAPITL,61757,71.98,4.52,0,1
15-10-2021 18:00,EDT,CAPITL,61757,71.67,4.62,0,1
15-10-2021 19:00,EDT,CAPITL,61757,70.73,4.51,0,1
15-10-2021 20:00,EDT,CAPITL,61757,64.44,4.34,0.09,1
15-10-2021 21:00,EDT,CAPITL,61757,53.91,3.6,0.38,1
15-10-2021 22:00,EDT,CAPITL,61757,50.11,3.34,0.34,1
15-10-2021 23:00,EDT,CAPITL,61757,53.81,3.23,-5.75,1
16-10-2021 00:00,EDT,CAPITL,61757,56.8,2.46,-17.11,1
16-10-2021 01:00,EDT,CAPITL,61757,53.99,2.18,-19.23,1
16-10-2021 02:00,EDT,CAPITL,61757,52.96,1.99,-21.21,1
16-10-2021 03:00,EDT,CAPITL,61757,52.23,1.9,-22.78,1
16-10-2021 04:00,EDT,CAPITL,61757,51.96,1.82,-23.38,1
16-10-2021 05:00,EDT,CAPITL,61757,55,1.8,-26.33,1
16-10-2021 06:00,EDT,CAPITL,61757,56.1,2.13,-22.69,1
16-10-2021 07:00,EDT,CAPITL,61757,59.56,2.09,-24.26,1
16-10-2021 08:00,EDT,CAPITL,61757,62.86,2.5,-25.16,1
16-10-2021 09:00,EDT,CAPITL,61757,63.5,2.98,-17.94,1
16-10-2021 10:00,EDT,CAPITL,61757,63.08,3.07,-16.19,1
16-10-2021 11:00,EDT,CAPITL,61757,65.44,2.37,-24.22,1
16-10-2021 12:00,EDT,CAPITL,61757,70.44,2.09,-35.14,1
16-10-2021 13:00,EDT,CAPITL,61757,69.96,2.02,-34.32,1
16-10-2021 14:00,EDT,CAPITL,61757,68.12,1.96,-32.35,1
16-10-2021 15:00,EDT,CAPITL,61757,69.27,1.74,-37.57,1
16-10-2021 16:00,EDT,CAPITL,61757,82.41,1.98,-46.89,1
16-10-2021 17:00,EDT,CAPITL,61757,81.27,2.04,-44.68,1
16-10-2021 18:00,EDT,CAPITL,61757,90.17,2.07,-53.52,1
16-10-2021 19:00,EDT,CAPITL,61757,83,2.04,-47.55,1
16-10-2021 20:00,EDT,CAPITL,61757,76.44,1.88,-44.32,1
16-10-2021 21:00,EDT,CAPITL,61757,66.68,1.66,-36.89,1
16-10-2021 22:00,EDT,CAPITL,61757,61.29,1.87,-31.07,1
16-10-2021 23:00,EDT,CAPITL,61757,60.77,1.37,-37.33,1
17-10-2021 00:00,EDT,CAPITL,61757,51.87,1.36,-27.53,1
17-10-2021 01:00,EDT,CAPITL,61757,52.04,1.13,-32.04,1
17-10-2021 02:00,EDT,CAPITL,61757,50.11,0.95,-33.61,1
17-10-2021 03:00,EDT,CAPITL,61757,48.38,0.83,-33.89,1
17-10-2021 04:00,EDT,CAPITL,61757,46.09,0.87,-30.74,1
17-10-2021 05:00,EDT,CAPITL,61757,44.5,1.08,-24.39,1
17-10-2021 06:00,EDT,CAPITL,61757,43.12,1.44,-16.41,1
17-10-2021 07:00,EDT,CAPITL,61757,42.5,1.24,-18.74,1
17-10-2021 08:00,EDT,CAPITL,61757,44.46,1.56,-16.01,1
17-10-2021 09:00,EDT,CAPITL,61757,43.96,1.93,-8.83,1
17-10-2021 10:00,EDT,CAPITL,61757,42.68,2.03,-7.43,1
17-10-2021 11:00,EDT,CAPITL,61757,47.44,1.95,-12.5,1
17-10-2021 12:00,EDT,CAPITL,61757,43.8,1.9,-10.22,1
17-10-2021 13:00,EDT,CAPITL,61757,43.82,1.84,-10.76,1
17-10-2021 14:00,EDT,CAPITL,61757,46.79,1.59,-17.32,1
17-10-2021 15:00,EDT,CAPITL,61757,46.25,1.7,-14.63,1
17-10-2021 16:00,EDT,CAPITL,61757,52.71,1.87,-18.67,1
17-10-2021 17:00,EDT,CAPITL,61757,62.68,2.24,-24.34,1
17-10-2021 18:00,EDT,CAPITL,61757,64.56,3.1,-13.66,1
17-10-2021 19:00,EDT,CAPITL,61757,66.23,3.07,-17.96,1
17-10-2021 20:00,EDT,CAPITL,61757,58.62,2.87,-11.53,1
17-10-2021 21:00,EDT,CAPITL,61757,50.53,2.27,-11.72,1
17-10-2021 22:00,EDT,CAPITL,61757,50.48,2.04,-16.61,1
17-10-2021 23:00,EDT,CAPITL,61757,47.58,1.47,-21.2,1
18-10-2021 00:00,EDT,CAPITL,61757,47.04,1.59,-20.56,1
18-10-2021 01:00,EDT,CAPITL,61757,45.45,1.59,-18.97,1
18-10-2021 02:00,EDT,CAPITL,61757,43.4,1.51,-18.3,1
18-10-2021 03:00,EDT,CAPITL,61757,43.44,1.46,-19.12,1
18-10-2021 04:00,EDT,CAPITL,61757,43.35,1.59,-16.92,1
18-10-2021 05:00,EDT,CAPITL,61757,44.11,1.71,-14.88,1
18-10-2021 06:00,EDT,CAPITL,61757,48.31,3.03,0,1
18-10-2021 07:00,EDT,CAPITL,61757,50.29,3.16,0.02,1
18-10-2021 08:00,EDT,CAPITL,61757,54.74,3.63,0,1
18-10-2021 09:00,EDT,CAPITL,61757,54.96,3.45,0,1
18-10-2021 10:00,EDT,CAPITL,61757,55.58,3.64,0,1
18-10-2021 11:00,EDT,CAPITL,61757,55.44,3.53,0,1
18-10-2021 12:00,EDT,CAPITL,61757,53.29,3.4,0.16,1
18-10-2021 13:00,EDT,CAPITL,61757,51,3.27,0.34,1
18-10-2021 14:00,EDT,CAPITL,61757,49.03,3.15,0.41,1
18-10-2021 15:00,EDT,CAPITL,61757,46.18,2.89,0.47,1
18-10-2021 16:00,EDT,CAPITL,61757,51.71,3.34,0.01,1
18-10-2021 17:00,EDT,CAPITL,61757,57.92,3.74,0.08,1
18-10-2021 18:00,EDT,CAPITL,61757,67.91,4.56,0,1
18-10-2021 19:00,EDT,CAPITL,61757,67.98,4.57,0,1
18-10-2021 20:00,EDT,CAPITL,61757,56.65,3.7,-0.09,1
18-10-2021 21:00,EDT,CAPITL,61757,49.19,3.12,-0.22,1
18-10-2021 22:00,EDT,CAPITL,61757,43.4,2.79,-0.12,1
18-10-2021 23:00,EDT,CAPITL,61757,44.43,2.37,-6.08,1
19-10-2021 00:00,EDT,CAPITL,61757,47,2.12,-12.17,1
19-10-2021 01:00,EDT,CAPITL,61757,44.02,1.89,-13.85,1
19-10-2021 02:00,EDT,CAPITL,61757,42.87,1.87,-12.62,1
19-10-2021 03:00,EDT,CAPITL,61757,42.07,1.74,-14.03,1
19-10-2021 04:00,EDT,CAPITL,61757,42.54,1.86,-12.96,1
19-10-2021 05:00,EDT,CAPITL,61757,45.28,2.33,-7.68,1
19-10-2021 06:00,EDT,CAPITL,61757,52.53,3.37,-3.69,1
19-10-2021 07:00,EDT,CAPITL,61757,56.78,3.76,-4.19,1
19-10-2021 08:00,EDT,CAPITL,61757,58.22,3.94,-3.11,1
19-10-2021 09:00,EDT,CAPITL,61757,56.48,3.61,-4.72,1
19-10-2021 10:00,EDT,CAPITL,61757,53.55,3.57,-2.34,1
19-10-2021 11:00,EDT,CAPITL,61757,51.79,3.28,-2.98,1
19-10-2021 12:00,EDT,CAPITL,61757,47.78,3.04,-0.57,1
19-10-2021 13:00,EDT,CAPITL,61757,48.54,2.69,-7.42,1
19-10-2021 14:00,EDT,CAPITL,61757,49.43,2.55,-10.37,1
19-10-2021 15:00,EDT,CAPITL,61757,45.85,2.68,-4.31,1
19-10-2021 16:00,EDT,CAPITL,61757,50.06,3.04,-3.52,1
19-10-2021 17:00,EDT,CAPITL,61757,55.01,3.76,0.36,1
19-10-2021 18:00,EDT,CAPITL,61757,77.35,3.84,-22.3,1
19-10-2021 19:00,EDT,CAPITL,61757,67.99,3.92,-12.5,1
19-10-2021 20:00,EDT,CAPITL,61757,52.69,3.68,-0.01,1
19-10-2021 21:00,EDT,CAPITL,61757,51.87,2.45,-13.47,1
19-10-2021 22:00,EDT,CAPITL,61757,54.33,2.44,-17.02,1
19-10-2021 23:00,EDT,CAPITL,61757,54.65,1.7,-27.13,1
20-10-2021 00:00,EDT,CAPITL,61757,47.29,1.55,-22.88,1
20-10-2021 01:00,EDT,CAPITL,61757,46.34,1.21,-27.26,1
20-10-2021 02:00,EDT,CAPITL,61757,44.15,1.17,-25.98,1
20-10-2021 03:00,EDT,CAPITL,61757,43.41,1.2,-24.76,1
20-10-2021 04:00,EDT,CAPITL,61757,42.08,1.48,-19.14,1
20-10-2021 05:00,EDT,CAPITL,61757,45.23,1.81,-18.36,1
20-10-2021 06:00,EDT,CAPITL,61757,60.42,2.98,-14.78,1
20-10-2021 07:00,EDT,CAPITL,61757,56.02,3.58,-2.81,1
20-10-2021 08:00,EDT,CAPITL,61757,57.61,3.41,-7.43,1
20-10-2021 09:00,EDT,CAPITL,61757,51.45,3.37,0.05,1
20-10-2021 10:00,EDT,CAPITL,61757,49.06,3.13,0,1
20-10-2021 11:00,EDT,CAPITL,61757,50.01,3.14,0,1
20-10-2021 12:00,EDT,CAPITL,61757,48.58,2.96,0,1
20-10-2021 13:00,EDT,CAPITL,61757,47.64,3.04,0.14,1
20-10-2021 14:00,EDT,CAPITL,61757,49,3.04,0.12,1
20-10-2021 15:00,EDT,CAPITL,61757,47.51,2.97,0.44,1
20-10-2021 16:00,EDT,CAPITL,61757,59.61,3.35,-7.04,1
20-10-2021 17:00,EDT,CAPITL,61757,67.27,3.45,-12.41,1
20-10-2021 18:00,EDT,CAPITL,61757,65,3.93,-2.5,1
20-10-2021 19:00,EDT,CAPITL,61757,60.7,3.91,0.7,1
20-10-2021 20:00,EDT,CAPITL,61757,51.07,3.39,0.7,1
20-10-2021 21:00,EDT,CAPITL,61757,49.57,3.03,-2.66,1
20-10-2021 22:00,EDT,CAPITL,61757,47.44,2.79,-2.98,1
20-10-2021 23:00,EDT,CAPITL,61757,43.73,2.6,-1.79,1
21-10-2021 00:00,EDT,CAPITL,61757,41.88,2.1,-6.46,1
21-10-2021 01:00,EDT,CAPITL,61757,39.13,1.89,-8.14,1
21-10-2021 02:00,EDT,CAPITL,61757,37,1.86,-6.1,1
21-10-2021 03:00,EDT,CAPITL,61757,38.11,1.8,-7.28,1
21-10-2021 04:00,EDT,CAPITL,61757,37.75,1.86,-6.79,1
21-10-2021 05:00,EDT,CAPITL,61757,37.91,2.04,-4.92,1
21-10-2021 06:00,EDT,CAPITL,61757,47.37,2.97,0,1
21-10-2021 07:00,EDT,CAPITL,61757,52.53,3.14,-2.61,1
21-10-2021 08:00,EDT,CAPITL,61757,49.79,3.22,0.14,1
21-10-2021 09:00,EDT,CAPITL,61757,48.67,2.98,0.21,1
21-10-2021 10:00,EDT,CAPITL,61757,47.97,2.81,0.21,1
21-10-2021 11:00,EDT,CAPITL,61757,49.76,2.87,0.12,1
21-10-2021 12:00,EDT,CAPITL,61757,47.24,2.82,0.36,1
21-10-2021 13:00,EDT,CAPITL,61757,46.03,2.8,0.5,1
21-10-2021 14:00,EDT,CAPITL,61757,44.69,2.94,0.82,1
21-10-2021 15:00,EDT,CAPITL,61757,45.2,2.78,-0.97,1
21-10-2021 16:00,EDT,CAPITL,61757,50.13,2.93,-4.12,1
21-10-2021 17:00,EDT,CAPITL,61757,61.49,2.92,-14.96,1
21-10-2021 18:00,EDT,CAPITL,61757,63.06,3.03,-15.48,1
21-10-2021 19:00,EDT,CAPITL,61757,60.97,2.95,-15.24,1
21-10-2021 20:00,EDT,CAPITL,61757,50.91,2.63,-9.08,1
21-10-2021 21:00,EDT,CAPITL,61757,54.98,2.13,-19.08,1
21-10-2021 22:00,EDT,CAPITL,61757,49.91,2.01,-12.58,1
21-10-2021 23:00,EDT,CAPITL,61757,44.83,1.51,-14.26,1
22-10-2021 00:00,EDT,CAPITL,61757,46.36,1.28,-20.54,1
22-10-2021 01:00,EDT,CAPITL,61757,45.05,0.91,-26.89,1
22-10-2021 02:00,EDT,CAPITL,61757,43.35,0.92,-25.33,1
22-10-2021 03:00,EDT,CAPITL,61757,43.2,0.96,-25.15,1
22-10-2021 04:00,EDT,CAPITL,61757,42.11,0.99,-22.09,1
22-10-2021 05:00,EDT,CAPITL,61757,41.5,1.44,-14.29,1
22-10-2021 06:00,EDT,CAPITL,61757,50,2.49,-9.12,1
22-10-2021 07:00,EDT,CAPITL,61757,51.02,2.9,-2.2,1
22-10-2021 08:00,EDT,CAPITL,61757,51.2,3.17,0,1
22-10-2021 09:00,EDT,CAPITL,61757,50.36,2.85,0,1
22-10-2021 10:00,EDT,CAPITL,61757,50.05,2.74,0,1
22-10-2021 11:00,EDT,CAPITL,61757,52.22,2.53,-1.1,1
22-10-2021 12:00,EDT,CAPITL,61757,49.83,2.66,-0.4,1
22-10-2021 13:00,EDT,CAPITL,61757,49.77,2.71,-0.39,1
22-10-2021 14:00,EDT,CAPITL,61757,49.01,2.71,-0.36,1
22-10-2021 15:00,EDT,CAPITL,61757,50.07,2.76,-0.5,1
22-10-2021 16:00,EDT,CAPITL,61757,53.5,3.08,-0.72,1
22-10-2021 17:00,EDT,CAPITL,61757,57.14,3.29,0,1
22-10-2021 18:00,EDT,CAPITL,61757,60.91,3.5,0,1
22-10-2021 19:00,EDT,CAPITL,61757,58.72,3.27,0,1
22-10-2021 20:00,EDT,CAPITL,61757,52.17,2.95,0,1
22-10-2021 21:00,EDT,CAPITL,61757,47.7,2.79,0,1
22-10-2021 22:00,EDT,CAPITL,61757,43.92,2.33,0,1
22-10-2021 23:00,EDT,CAPITL,61757,41.26,2.22,0,1
23-10-2021 00:00,EDT,CAPITL,61757,47,1.89,-11.29,1
23-10-2021 01:00,EDT,CAPITL,61757,43.82,1.8,-9.78,1
23-10-2021 02:00,EDT,CAPITL,61757,39.46,1.66,-7.08,1
23-10-2021 03:00,EDT,CAPITL,61757,38.61,1.75,-5.09,1
23-10-2021 04:00,EDT,CAPITL,61757,39.16,1.68,-6.84,1
23-10-2021 05:00,EDT,CAPITL,61757,39.69,1.86,-5.23,1
23-10-2021 06:00,EDT,CAPITL,61757,41.82,2.29,-1.39,1
23-10-2021 07:00,EDT,CAPITL,61757,44.96,1.94,-7.09,1
23-10-2021 08:00,EDT,CAPITL,61757,51.58,2.4,-10.55,1
23-10-2021 09:00,EDT,CAPITL,61757,50,2.64,-6.13,1
23-10-2021 10:00,EDT,CAPITL,61757,50.27,2.79,-4.48,1
23-10-2021 11:00,EDT,CAPITL,61757,50.82,2.49,-7.49,1
23-10-2021 12:00,EDT,CAPITL,61757,47.04,2.45,-4.48,1
23-10-2021 13:00,EDT,CAPITL,61757,46.17,2.29,-6.41,1
23-10-2021 14:00,EDT,CAPITL,61757,45.55,2.13,-8,1
23-10-2021 15:00,EDT,CAPITL,61757,49.44,2.12,-11.45,1
23-10-2021 16:00,EDT,CAPITL,61757,49.38,2.3,-8.04,1
23-10-2021 17:00,EDT,CAPITL,61757,55.19,2.75,-7.31,1
23-10-2021 18:00,EDT,CAPITL,61757,65.33,3.07,-12.81,1
23-10-2021 19:00,EDT,CAPITL,61757,62.12,3.05,-9.98,1
23-10-2021 20:00,EDT,CAPITL,61757,58.53,2.76,-11.92,1
23-10-2021 21:00,EDT,CAPITL,61757,52.56,2.42,-11.11,1
23-10-2021 22:00,EDT,CAPITL,61757,44.7,2.37,-4.69,1
23-10-2021 23:00,EDT,CAPITL,61757,44.14,2.09,-6.67,1
24-10-2021 00:00,EDT,CAPITL,61757,49.11,1.86,-14.02,1
24-10-2021 01:00,EDT,CAPITL,61757,45.35,1.75,-12.34,1
24-10-2021 02:00,EDT,CAPITL,61757,43.86,1.61,-12.87,1
24-10-2021 03:00,EDT,CAPITL,61757,41.96,1.63,-11.26,1
24-10-2021 04:00,EDT,CAPITL,61757,41.01,1.66,-9.67,1
24-10-2021 05:00,EDT,CAPITL,61757,42.58,1.57,-11.94,1
24-10-2021 06:00,EDT,CAPITL,61757,41.2,1.78,-8.72,1
24-10-2021 07:00,EDT,CAPITL,61757,46.14,1.77,-12.7,1
24-10-2021 08:00,EDT,CAPITL,61757,48.62,2.05,-11.22,1
24-10-2021 09:00,EDT,CAPITL,61757,44.41,2.33,-1.89,1
24-10-2021 10:00,EDT,CAPITL,61757,43.82,2.43,-0.27,1
24-10-2021 11:00,EDT,CAPITL,61757,43.73,2.11,-3.21,1
24-10-2021 12:00,EDT,CAPITL,61757,43.69,1.93,-6.59,1
24-10-2021 13:00,EDT,CAPITL,61757,42.7,1.83,-7.52,1
24-10-2021 14:00,EDT,CAPITL,61757,43.98,1.82,-9.12,1
24-10-2021 15:00,EDT,CAPITL,61757,48.08,1.86,-12.95,1
24-10-2021 16:00,EDT,CAPITL,61757,50.22,2.23,-9.49,1
24-10-2021 17:00,EDT,CAPITL,61757,64.38,2.84,-16.42,1
24-10-2021 18:00,EDT,CAPITL,61757,75.06,3.09,-24.41,1
24-10-2021 19:00,EDT,CAPITL,61757,67.23,3.01,-16.55,1
24-10-2021 20:00,EDT,CAPITL,61757,65.97,2.6,-22.7,1
24-10-2021 21:00,EDT,CAPITL,61757,60.25,2.15,-23.49,1
24-10-2021 22:00,EDT,CAPITL,61757,49.73,2.03,-13.85,1
24-10-2021 23:00,EDT,CAPITL,61757,46.77,1.54,-16.18,1
25-10-2021 00:00,EDT,CAPITL,61757,48.57,1.6,-17.86,1
25-10-2021 01:00,EDT,CAPITL,61757,43.9,1.65,-13.21,1
25-10-2021 02:00,EDT,CAPITL,61757,43.43,1.55,-14.17,1
25-10-2021 03:00,EDT,CAPITL,61757,42,1.62,-11.37,1
25-10-2021 04:00,EDT,CAPITL,61757,42.74,1.63,-11.94,1
25-10-2021 05:00,EDT,CAPITL,61757,45.87,2.04,-10.35,1
25-10-2021 06:00,EDT,CAPITL,61757,51.37,3.2,-1.18,1
25-10-2021 07:00,EDT,CAPITL,61757,56.69,2.94,-3.96,1
25-10-2021 08:00,EDT,CAPITL,61757,60.26,3.3,-4.65,1
25-10-2021 09:00,EDT,CAPITL,61757,64.59,3.13,-11.73,1
25-10-2021 10:00,EDT,CAPITL,61757,63.49,3.22,-9.26,1
25-10-2021 11:00,EDT,CAPITL,61757,60.93,3.35,-3.6,1
25-10-2021 12:00,EDT,CAPITL,61757,59.88,3.25,-3.45,1
25-10-2021 13:00,EDT,CAPITL,61757,59.43,3.01,-6.19,1
25-10-2021 14:00,EDT,CAPITL,61757,58.31,2.98,-6.45,1
25-10-2021 15:00,EDT,CAPITL,61757,58.93,2.62,-11.06,1
25-10-2021 16:00,EDT,CAPITL,61757,61.03,2.93,-10.14,1
25-10-2021 17:00,EDT,CAPITL,61757,77.62,3.5,-19.43,1
25-10-2021 18:00,EDT,CAPITL,61757,88.77,3.58,-30.12,1
25-10-2021 19:00,EDT,CAPITL,61757,75.95,3.64,-16.22,1
25-10-2021 20:00,EDT,CAPITL,61757,69.3,3.13,-16.56,1
25-10-2021 21:00,EDT,CAPITL,61757,57.56,2.61,-12.17,1
25-10-2021 22:00,EDT,CAPITL,61757,53.66,2.78,-8.7,1
25-10-2021 23:00,EDT,CAPITL,61757,46.63,2.22,-7.96,1
26-10-2021 00:00,EDT,CAPITL,61757,50.43,1.65,-20.25,1
26-10-2021 01:00,EDT,CAPITL,61757,46.81,1.72,-15.49,1
26-10-2021 02:00,EDT,CAPITL,61757,44.95,1.71,-14.2,1
26-10-2021 03:00,EDT,CAPITL,61757,44.35,1.68,-13.66,1
26-10-2021 04:00,EDT,CAPITL,61757,45.84,1.74,-15.06,1
26-10-2021 05:00,EDT,CAPITL,61757,47.67,2.16,-10.17,1
26-10-2021 06:00,EDT,CAPITL,61757,54.48,2.9,-3.21,1
26-10-2021 07:00,EDT,CAPITL,61757,61.64,2.98,-9.02,1
26-10-2021 08:00,EDT,CAPITL,61757,62.12,2.92,-10.53,1
26-10-2021 09:00,EDT,CAPITL,61757,66.3,2.94,-15.25,1
26-10-2021 10:00,EDT,CAPITL,61757,80.4,3.33,-23.43,1
26-10-2021 11:00,EDT,CAPITL,61757,81.25,3.22,-26.05,1
26-10-2021 12:00,EDT,CAPITL,61757,75.4,3.18,-20.16,1
26-10-2021 13:00,EDT,CAPITL,61757,62.92,2.68,-15.61,1
26-10-2021 14:00,EDT,CAPITL,61757,60,2.75,-12.23,1
26-10-2021 15:00,EDT,CAPITL,61757,59.77,2.64,-12.42,1
26-10-2021 16:00,EDT,CAPITL,61757,67.6,2.87,-17.77,1
26-10-2021 17:00,EDT,CAPITL,61757,85.19,3.43,-27.37,1
26-10-2021 18:00,EDT,CAPITL,61757,92.37,3.62,-32.27,1
26-10-2021 19:00,EDT,CAPITL,61757,81.86,3.57,-21.62,1
26-10-2021 20:00,EDT,CAPITL,61757,71.46,3.14,-19.26,1
26-10-2021 21:00,EDT,CAPITL,61757,55.94,2.93,-7.28,1
26-10-2021 22:00,EDT,CAPITL,61757,49.06,2.9,-2.18,1
26-10-2021 23:00,EDT,CAPITL,61757,47.31,2.28,-8.29,1
27-10-2021 00:00,EDT,CAPITL,61757,55.92,0.93,-38.38,1
27-10-2021 01:00,EDT,CAPITL,61757,52.34,1.48,-26.14,1
27-10-2021 02:00,EDT,CAPITL,61757,49.66,1.43,-25.25,1
27-10-2021 03:00,EDT,CAPITL,61757,47.88,1.3,-24.46,1
27-10-2021 04:00,EDT,CAPITL,61757,48.36,1.38,-24.38,1
27-10-2021 05:00,EDT,CAPITL,61757,50.61,1.82,-18.45,1
27-10-2021 06:00,EDT,CAPITL,61757,59.93,2.54,-16.41,1
27-10-2021 07:00,EDT,CAPITL,61757,67.4,2.61,-19.69,1
27-10-2021 08:00,EDT,CAPITL,61757,68.91,3.34,-12.66,1
27-10-2021 09:00,EDT,CAPITL,61757,69.47,3.22,-14.29,1
27-10-2021 10:00,EDT,CAPITL,61757,69.81,3.14,-15.27,1
27-10-2021 11:00,EDT,CAPITL,61757,68.17,3.05,-15.97,1
27-10-2021 12:00,EDT,CAPITL,61757,66.32,2.8,-15.97,1
27-10-2021 13:00,EDT,CAPITL,61757,66.01,2.65,-19.13,1
27-10-2021 14:00,EDT,CAPITL,61757,63.99,2.64,-17.43,1
27-10-2021 15:00,EDT,CAPITL,61757,62.88,2.63,-14.96,1
27-10-2021 16:00,EDT,CAPITL,61757,67.15,2.87,-16.5,1
27-10-2021 17:00,EDT,CAPITL,61757,71.97,3.55,-10.15,1
27-10-2021 18:00,EDT,CAPITL,61757,75,3.9,-9.2,1
27-10-2021 19:00,EDT,CAPITL,61757,71.98,3.78,-8.2,1
27-10-2021 20:00,EDT,CAPITL,61757,67.83,3.04,-15.74,1
27-10-2021 21:00,EDT,CAPITL,61757,60.5,2.69,-14.37,1
27-10-2021 22:00,EDT,CAPITL,61757,53.19,2.3,-11.97,1
27-10-2021 23:00,EDT,CAPITL,61757,51.39,1.82,-16.43,1
28-10-2021 00:00,EDT,CAPITL,61757,57.3,1.08,-35.87,1
28-10-2021 01:00,EDT,CAPITL,61757,51.98,1.58,-22.66,1
28-10-2021 02:00,EDT,CAPITL,61757,53.01,1.34,-27.64,1
28-10-2021 03:00,EDT,CAPITL,61757,52.4,1.33,-27.36,1
28-10-2021 04:00,EDT,CAPITL,61757,51.29,1.55,-21.54,1
28-10-2021 05:00,EDT,CAPITL,61757,51.8,1.88,-16.89,1
28-10-2021 06:00,EDT,CAPITL,61757,66.22,1.86,-29.3,1
28-10-2021 07:00,EDT,CAPITL,61757,79.74,2.11,-36.19,1
28-10-2021 08:00,EDT,CAPITL,61757,74.54,2.65,-25.3,1
28-10-2021 09:00,EDT,CAPITL,61757,70.3,2.4,-24.28,1
28-10-2021 10:00,EDT,CAPITL,61757,66.6,2.27,-21.48,1
28-10-2021 11:00,EDT,CAPITL,61757,66.17,2.13,-23,1
28-10-2021 12:00,EDT,CAPITL,61757,66.17,1.75,-28.63,1
28-10-2021 13:00,EDT,CAPITL,61757,65.57,1.7,-28.43,1
28-10-2021 14:00,EDT,CAPITL,61757,65.75,1.65,-31.09,1
28-10-2021 15:00,EDT,CAPITL,61757,65.85,1.68,-29.19,1
28-10-2021 16:00,EDT,CAPITL,61757,70.09,1.89,-33.22,1
28-10-2021 17:00,EDT,CAPITL,61757,79.59,2.32,-37.97,1
28-10-2021 18:00,EDT,CAPITL,61757,89.89,2.74,-40.72,1
28-10-2021 19:00,EDT,CAPITL,61757,83.56,2.18,-44.47,1
28-10-2021 20:00,EDT,CAPITL,61757,79.1,1.98,-41.77,1
28-10-2021 21:00,EDT,CAPITL,61757,66.64,1.72,-31.88,1
28-10-2021 22:00,EDT,CAPITL,61757,59.16,1.92,-24.15,1
28-10-2021 23:00,EDT,CAPITL,61757,54.51,1.76,-21.23,1
29-10-2021 00:00,EDT,CAPITL,61757,57.96,1.22,-35.69,1
29-10-2021 01:00,EDT,CAPITL,61757,58.53,0.91,-41.64,1
29-10-2021 02:00,EDT,CAPITL,61757,57.07,0.8,-41.99,1
29-10-2021 03:00,EDT,CAPITL,61757,56.65,0.79,-42.54,1
29-10-2021 04:00,EDT,CAPITL,61757,56.88,0.79,-42.41,1
29-10-2021 05:00,EDT,CAPITL,61757,58.25,1.25,-35.83,1
29-10-2021 06:00,EDT,CAPITL,61757,67.88,1.6,-34.18,1
29-10-2021 07:00,EDT,CAPITL,61757,85.67,1.92,-47.47,1
29-10-2021 08:00,EDT,CAPITL,61757,83.17,2.23,-42.45,1
29-10-2021 09:00,EDT,CAPITL,61757,77.19,2.01,-38.59,1
29-10-2021 10:00,EDT,CAPITL,61757,74.29,1.93,-36.67,1
29-10-2021 11:00,EDT,CAPITL,61757,69.93,1.85,-32.52,1
29-10-2021 12:00,EDT,CAPITL,61757,67,1.8,-29.89,1
29-10-2021 13:00,EDT,CAPITL,61757,67.23,1.66,-31.71,1
29-10-2021 14:00,EDT,CAPITL,61757,66.33,1.71,-30.38,1
29-10-2021 15:00,EDT,CAPITL,61757,67.14,1.65,-31.9,1
29-10-2021 16:00,EDT,CAPITL,61757,75.33,1.69,-40.55,1
29-10-2021 17:00,EDT,CAPITL,61757,84.32,1.82,-49.42,1
29-10-2021 18:00,EDT,CAPITL,61757,94.38,1.9,-57.24,1
29-10-2021 19:00,EDT,CAPITL,61757,86.71,1.83,-51.05,1
29-10-2021 20:00,EDT,CAPITL,61757,75.77,1.75,-41.03,1
29-10-2021 21:00,EDT,CAPITL,61757,67.3,1.25,-40.98,1
29-10-2021 22:00,EDT,CAPITL,61757,63.48,1.04,-41.56,1
29-10-2021 23:00,EDT,CAPITL,61757,60.93,0.84,-45,1
30-10-2021 00:00,EDT,CAPITL,61757,61.25,1.07,-38.86,1
30-10-2021 01:00,EDT,CAPITL,61757,57.8,0.93,-38.56,1
30-10-2021 02:00,EDT,CAPITL,61757,55.35,0.61,-42.8,1
30-10-2021 03:00,EDT,CAPITL,61757,55.3,0.58,-43.33,1
30-10-2021 04:00,EDT,CAPITL,61757,53.5,0.59,-41.58,1
30-10-2021 05:00,EDT,CAPITL,61757,53.59,0.95,-34.02,1
30-10-2021 06:00,EDT,CAPITL,61757,54.47,1.07,-31.64,1
30-10-2021 07:00,EDT,CAPITL,61757,59.44,0.92,-38.58,1
30-10-2021 08:00,EDT,CAPITL,61757,62.69,1.62,-29.31,1
30-10-2021 09:00,EDT,CAPITL,61757,67.73,1.75,-32.87,1
30-10-2021 10:00,EDT,CAPITL,61757,69.98,1.82,-35.08,1
30-10-2021 11:00,EDT,CAPITL,61757,70.31,1.82,-35.3,1
30-10-2021 12:00,EDT,CAPITL,61757,66.21,1.75,-31.35,1
30-10-2021 13:00,EDT,CAPITL,61757,63.36,1.78,-28.49,1
30-10-2021 14:00,EDT,CAPITL,61757,61.95,1.7,-28.16,1
30-10-2021 15:00,EDT,CAPITL,61757,61.85,1.78,-26.98,1
30-10-2021 16:00,EDT,CAPITL,61757,64.91,1.88,-29.53,1
30-10-2021 17:00,EDT,CAPITL,61757,69.2,2.34,-27.92,1
30-10-2021 18:00,EDT,CAPITL,61757,85.88,2.46,-42.34,1
30-10-2021 19:00,EDT,CAPITL,61757,77.92,2.25,-37.57,1
30-10-2021 20:00,EDT,CAPITL,61757,72.61,1.89,-37.61,1
30-10-2021 21:00,EDT,CAPITL,61757,66.92,1.79,-31.25,1
30-10-2021 22:00,EDT,CAPITL,61757,56.18,1.57,-24.94,1
30-10-2021 23:00,EDT,CAPITL,61757,52.65,1.32,-23.75,1
31-10-2021 00:00,EDT,CAPITL,61757,51.1,1.3,-26.06,1
31-10-2021 01:00,EDT,CAPITL,61757,49.13,1.15,-26.58,1
31-10-2021 02:00,EDT,CAPITL,61757,47.01,1.05,-25.7,1
31-10-2021 03:00,EDT,CAPITL,61757,46.71,1.04,-25.71,1
31-10-2021 04:00,EDT,CAPITL,61757,45.1,1.08,-22.87,1
31-10-2021 05:00,EDT,CAPITL,61757,45.63,1.1,-22.49,1
31-10-2021 06:00,EDT,CAPITL,61757,45.34,1.07,-22.37,1
31-10-2021 07:00,EDT,CAPITL,61757,52.14,1.03,-30.08,1
31-10-2021 08:00,EDT,CAPITL,61757,51.97,1.39,-24.77,1
31-10-2021 09:00,EDT,CAPITL,61757,52.25,1.63,-20.32,1
31-10-2021 10:00,EDT,CAPITL,61757,54.6,1.92,-20.09,1
31-10-2021 11:00,EDT,CAPITL,61757,55.77,1.89,-21.29,1
31-10-2021 12:00,EDT,CAPITL,61757,56,1.68,-25.38,1
31-10-2021 13:00,EDT,CAPITL,61757,56.19,1.58,-26.81,1
31-10-2021 14:00,EDT,CAPITL,61757,59.5,1.09,-39.9,1
31-10-2021 15:00,EDT,CAPITL,61757,65.72,0.61,-54.63,1
31-10-2021 16:00,EDT,CAPITL,61757,69.52,0.72,-56.93,1
31-10-2021 17:00,EDT,CAPITL,61757,74.72,1.53,-48.89,1
31-10-2021 18:00,EDT,CAPITL,61757,106.78,1.83,-75.91,1
31-10-2021 19:00,EDT,CAPITL,61757,85.31,1.22,-64.7,1
31-10-2021 20:00,EDT,CAPITL,61757,73.81,1.18,-52.99,1
31-10-2021 21:00,EDT,CAPITL,61757,67.11,1.24,-44.52,1
31-10-2021 22:00,EDT,CAPITL,61757,58.33,1.12,-38.25,1
31-10-2021 23:00,EDT,CAPITL,61757,55.79,0.73,-41.29,1
01-11-2021 00:00,EDT,CAPITL,61757,58.36,0.5,-48.34,1
01-11-2021 01:00,EDT,CAPITL,61757,54.63,0.48,-44.58,1
01-11-2021 02:00,EDT,CAPITL,61757,53.96,0.49,-43.95,1
01-11-2021 03:00,EDT,CAPITL,61757,53.94,0.48,-43.94,1
01-11-2021 04:00,EDT,CAPITL,61757,54.07,0.5,-44.02,1
01-11-2021 05:00,EDT,CAPITL,61757,57.74,0.5,-47.71,1
01-11-2021 06:00,EDT,CAPITL,61757,66.65,0.92,-49.67,1
01-11-2021 07:00,EDT,CAPITL,61757,77.24,1.38,-48.31,1
01-11-2021 08:00,EDT,CAPITL,61757,76.21,1.66,-44.86,1
01-11-2021 09:00,EDT,CAPITL,61757,67.46,1.47,-37.61,1
01-11-2021 10:00,EDT,CAPITL,61757,65.98,1.42,-37.26,1
01-11-2021 11:00,EDT,CAPITL,61757,62.85,1.35,-33.35,1
01-11-2021 12:00,EDT,CAPITL,61757,64.22,1.1,-40.64,1
01-11-2021 13:00,EDT,CAPITL,61757,65.56,1.15,-41.31,1
01-11-2021 14:00,EDT,CAPITL,61757,62.27,1.3,-35.05,1
01-11-2021 15:00,EDT,CAPITL,61757,67.62,1.11,-44.27,1
01-11-2021 16:00,EDT,CAPITL,61757,72.83,1.27,-47.54,1
01-11-2021 17:00,EDT,CAPITL,61757,83.61,1.92,-48.5,1
01-11-2021 18:00,EDT,CAPITL,61757,94.27,2.35,-55.28,1
01-11-2021 19:00,EDT,CAPITL,61757,85.11,2.29,-46.51,1
01-11-2021 20:00,EDT,CAPITL,61757,77.84,2.26,-37.87,1
01-11-2021 21:00,EDT,CAPITL,61757,63.8,1.86,-29.95,1
01-11-2021 22:00,EDT,CAPITL,61757,61.04,1.39,-33.82,1
01-11-2021 23:00,EDT,CAPITL,61757,54.64,1.2,-29.5,1
02-11-2021 00:00,EDT,CAPITL,61757,52.14,1.17,-30.5,1
02-11-2021 01:00,EDT,CAPITL,61757,50.05,1.07,-29.79,1
02-11-2021 02:00,EDT,CAPITL,61757,49.45,0.98,-31,1
02-11-2021 03:00,EDT,CAPITL,61757,48.34,0.93,-29.91,1
02-11-2021 04:00,EDT,CAPITL,61757,49.89,1.04,-28.75,1
02-11-2021 05:00,EDT,CAPITL,61757,49.55,1.32,-23.69,1
02-11-2021 06:00,EDT,CAPITL,61757,62.5,1.92,-27.53,1
02-11-2021 07:00,EDT,CAPITL,61757,77.14,2.62,-33.54,1
02-11-2021 08:00,EDT,CAPITL,61757,78.87,2.81,-34.74,1
02-11-2021 09:00,EDT,CAPITL,61757,71.64,2.53,-29.04,1
02-11-2021 10:00,EDT,CAPITL,61757,70.21,2.19,-32.18,1
02-11-2021 11:00,EDT,CAPITL,61757,69.67,2.18,-31.76,1
02-11-2021 12:00,EDT,CAPITL,61757,69.73,2.01,-34.27,1
02-11-2021 13:00,EDT,CAPITL,61757,69.13,1.99,-33.91,1
02-11-2021 14:00,EDT,CAPITL,61757,68.77,1.99,-33.69,1
02-11-2021 15:00,EDT,CAPITL,61757,71.18,1.92,-36.19,1
02-11-2021 16:00,EDT,CAPITL,61757,74.13,2.23,-36.02,1
02-11-2021 17:00,EDT,CAPITL,61757,88.24,2.75,-43.11,1
02-11-2021 18:00,EDT,CAPITL,61757,101.47,3.44,-49.56,1
02-11-2021 19:00,EDT,CAPITL,61757,86.3,3.38,-35.32,1
02-11-2021 20:00,EDT,CAPITL,61757,81.08,3.01,-35.05,1
02-11-2021 21:00,EDT,CAPITL,61757,70.82,2.46,-32.22,1
02-11-2021 22:00,EDT,CAPITL,61757,64.15,1.92,-31.32,1
02-11-2021 23:00,EDT,CAPITL,61757,57.33,1.62,-27.34,1
03-11-2021 00:00,EDT,CAPITL,61757,51.54,1.76,-17.2,1
03-11-2021 01:00,EDT,CAPITL,61757,47.44,1.81,-12.62,1
03-11-2021 02:00,EDT,CAPITL,61757,48.51,1.81,-13.77,1
03-11-2021 03:00,EDT,CAPITL,61757,47.47,1.74,-12.8,1
03-11-2021 04:00,EDT,CAPITL,61757,47.44,1.75,-13.27,1
03-11-2021 05:00,EDT,CAPITL,61757,52.26,1.95,-17.21,1
03-11-2021 06:00,EDT,CAPITL,61757,65.64,2.55,-26.04,1
03-11-2021 07:00,EDT,CAPITL,61757,81.87,4.14,-24.69,1
03-11-2021 08:00,EDT,CAPITL,61757,81.12,4.33,-23.96,1
03-11-2021 09:00,EDT,CAPITL,61757,69.9,3.64,-19.6,1
03-11-2021 10:00,EDT,CAPITL,61757,67.04,3.16,-22.78,1
03-11-2021 11:00,EDT,CAPITL,61757,65.21,2.97,-21.57,1
03-11-2021 12:00,EDT,CAPITL,61757,62.03,2.8,-19.23,1
03-11-2021 13:00,EDT,CAPITL,61757,63.09,2.62,-22.99,1
03-11-2021 14:00,EDT,CAPITL,61757,65.39,2.43,-27.67,1
03-11-2021 15:00,EDT,CAPITL,61757,67.39,2.48,-28.95,1
03-11-2021 16:00,EDT,CAPITL,61757,68.5,2.83,-25.78,1
03-11-2021 17:00,EDT,CAPITL,61757,84.12,4.05,-26.79,1
03-11-2021 18:00,EDT,CAPITL,61757,95,5.06,-25.14,1
03-11-2021 19:00,EDT,CAPITL,61757,81.28,4.59,-17.05,1
03-11-2021 20:00,EDT,CAPITL,61757,73.93,4.17,-15.55,1
03-11-2021 21:00,EDT,CAPITL,61757,66.99,3.01,-22.67,1
03-11-2021 22:00,EDT,CAPITL,61757,65.91,2.43,-27.84,1
03-11-2021 23:00,EDT,CAPITL,61757,56.24,2.22,-18.73,1
04-11-2021 00:00,EDT,CAPITL,61757,53.95,2.27,-14.5,1
04-11-2021 01:00,EDT,CAPITL,61757,53.67,2.15,-16.86,1
04-11-2021 02:00,EDT,CAPITL,61757,51.44,2.03,-15.08,1
04-11-2021 03:00,EDT,CAPITL,61757,52.15,2.09,-15.27,1
04-11-2021 04:00,EDT,CAPITL,61757,51.98,2.31,-12.5,1
04-11-2021 05:00,EDT,CAPITL,61757,55.84,2.74,-10.95,1
04-11-2021 06:00,EDT,CAPITL,61757,67.55,3.26,-17.64,1
04-11-2021 07:00,EDT,CAPITL,61757,86.64,4,-26.34,1
04-11-2021 08:00,EDT,CAPITL,61757,83.38,4.23,-19.58,1
04-11-2021 09:00,EDT,CAPITL,61757,68.11,3.77,-10.54,1
04-11-2021 10:00,EDT,CAPITL,61757,62.42,3.5,-8.2,1
04-11-2021 11:00,EDT,CAPITL,61757,63.04,3.2,-13.48,1
04-11-2021 12:00,EDT,CAPITL,61757,59.24,3,-12.17,1
04-11-2021 13:00,EDT,CAPITL,61757,60.1,2.8,-15.51,1
04-11-2021 14:00,EDT,CAPITL,61757,62.28,2.62,-19.92,1
04-11-2021 15:00,EDT,CAPITL,61757,63.07,2.65,-19.58,1
04-11-2021 16:00,EDT,CAPITL,61757,67.48,3.05,-21.52,1
04-11-2021 17:00,EDT,CAPITL,61757,81.72,4.01,-22.05,1
04-11-2021 18:00,EDT,CAPITL,61757,89.16,4.82,-20.07,1
04-11-2021 19:00,EDT,CAPITL,61757,81.87,4.44,-17.37,1
04-11-2021 20:00,EDT,CAPITL,61757,73.8,3.74,-18.77,1
04-11-2021 21:00,EDT,CAPITL,61757,66.59,2.88,-20.77,1
04-11-2021 22:00,EDT,CAPITL,61757,62.79,2.77,-16.77,1
04-11-2021 23:00,EDT,CAPITL,61757,54.33,2.38,-12.87,1
05-11-2021 00:00,EDT,CAPITL,61757,56.18,2.54,-14.48,1
05-11-2021 01:00,EDT,CAPITL,61757,56.36,2.45,-16.16,1
05-11-2021 02:00,EDT,CAPITL,61757,56.89,2.26,-19.89,1
05-11-2021 03:00,EDT,CAPITL,61757,56.14,2.17,-18.95,1
05-11-2021 04:00,EDT,CAPITL,61757,54.8,2.58,-14.87,1
05-11-2021 05:00,EDT,CAPITL,61757,56.26,2.65,-15.11,1
05-11-2021 06:00,EDT,CAPITL,61757,74.99,3.53,-23.76,1
05-11-2021 07:00,EDT,CAPITL,61757,88.14,4.54,-25.41,1
05-11-2021 08:00,EDT,CAPITL,61757,84.91,5.22,-13.66,1
05-11-2021 09:00,EDT,CAPITL,61757,72.43,4.11,-13.51,1
05-11-2021 10:00,EDT,CAPITL,61757,58.36,3.78,-2.05,1
05-11-2021 11:00,EDT,CAPITL,61757,55.65,3.49,-4.4,1
05-11-2021 12:00,EDT,CAPITL,61757,53.56,3.08,-6.51,1
05-11-2021 13:00,EDT,CAPITL,61757,56.2,2.93,-10.75,1
05-11-2021 14:00,EDT,CAPITL,61757,57,2.48,-16.96,1
05-11-2021 15:00,EDT,CAPITL,61757,59.48,2.47,-20.18,1
05-11-2021 16:00,EDT,CAPITL,61757,66.45,3.2,-20.6,1
05-11-2021 17:00,EDT,CAPITL,61757,81.06,3.97,-26.84,1
05-11-2021 18:00,EDT,CAPITL,61757,90.8,4.56,-28.53,1
05-11-2021 19:00,EDT,CAPITL,61757,83.69,3.79,-30.65,1
05-11-2021 20:00,EDT,CAPITL,61757,77.3,3.51,-27.04,1
05-11-2021 21:00,EDT,CAPITL,61757,67.88,2.84,-23.86,1
05-11-2021 22:00,EDT,CAPITL,61757,63.87,2.61,-22.91,1
05-11-2021 23:00,EDT,CAPITL,61757,60.4,2.02,-25.79,1
06-11-2021 00:00,EDT,CAPITL,61757,75.81,1.82,-46.33,1
06-11-2021 01:00,EDT,CAPITL,61757,70.43,1.7,-42.63,1
06-11-2021 02:00,EDT,CAPITL,61757,70.33,1.44,-47.45,1
06-11-2021 03:00,EDT,CAPITL,61757,69.03,1.46,-46.1,1
06-11-2021 04:00,EDT,CAPITL,61757,66.46,1.42,-43.58,1
06-11-2021 05:00,EDT,CAPITL,61757,66.82,1.66,-39.69,1
06-11-2021 06:00,EDT,CAPITL,61757,79.84,1.78,-50.72,1
06-11-2021 07:00,EDT,CAPITL,61757,90.74,1.79,-59.58,1
06-11-2021 08:00,EDT,CAPITL,61757,88.9,2.42,-50.95,1
06-11-2021 09:00,EDT,CAPITL,61757,75.42,2.53,-36.25,1
06-11-2021 10:00,EDT,CAPITL,61757,70.23,2.1,-35.81,1
06-11-2021 11:00,EDT,CAPITL,61757,66.18,1.68,-37.77,1
06-11-2021 12:00,EDT,CAPITL,61757,66.01,1.29,-43.21,1
06-11-2021 13:00,EDT,CAPITL,61757,62.18,1.23,-39.83,1
06-11-2021 14:00,EDT,CAPITL,61757,62.84,1.23,-40.7,1
06-11-2021 15:00,EDT,CAPITL,61757,67.69,1.29,-45.56,1
06-11-2021 16:00,EDT,CAPITL,61757,73.56,1.7,-46.53,1
06-11-2021 17:00,EDT,CAPITL,61757,92.76,2.16,-59.72,1
06-11-2021 18:00,EDT,CAPITL,61757,106.78,2.65,-67.37,1
06-11-2021 19:00,EDT,CAPITL,61757,99.45,2.19,-65.05,1
06-11-2021 20:00,EDT,CAPITL,61757,91.84,1.59,-66.17,1
06-11-2021 21:00,EDT,CAPITL,61757,79.6,1.52,-55.32,1
06-11-2021 22:00,EDT,CAPITL,61757,76.72,1.29,-56.16,1
06-11-2021 23:00,EDT,CAPITL,61757,70.75,1.08,-52.47,1
07-11-2021 00:00,EDT,CAPITL,61757,78.73,0.99,-61.95,1
07-11-2021 01:00,EDT,CAPITL,61757,73.99,1.01,-56.14,1
07-11-2021 01:00,EST,CAPITL,61757,84.75,0.93,-68.12,1
07-11-2021 02:00,EST,CAPITL,61757,77.09,0.91,-60.45,1
07-11-2021 03:00,EST,CAPITL,61757,74.03,0.98,-55.49,1
07-11-2021 04:00,EST,CAPITL,61757,74,0.98,-55.43,1
07-11-2021 05:00,EST,CAPITL,61757,75.15,1.04,-55.57,1
07-11-2021 06:00,EST,CAPITL,61757,70.53,1.22,-48.67,1
07-11-2021 07:00,EST,CAPITL,61757,73.16,1.29,-50.45,1
07-11-2021 08:00,EST,CAPITL,61757,70.16,1.7,-41.02,1
07-11-2021 09:00,EST,CAPITL,61757,61.91,2.12,-26.1,1
07-11-2021 10:00,EST,CAPITL,61757,60.97,1.81,-29.41,1
07-11-2021 11:00,EST,CAPITL,61757,59.9,1.63,-31.13,1
07-11-2021 12:00,EST,CAPITL,61757,61.35,1.28,-37.55,1
07-11-2021 13:00,EST,CAPITL,61757,60,1.28,-36.67,1
07-11-2021 14:00,EST,CAPITL,61757,61.54,1.32,-37.91,1
07-11-2021 15:00,EST,CAPITL,61757,70.02,1.37,-46.61,1
07-11-2021 16:00,EST,CAPITL,61757,80.79,1.85,-50.4,1
07-11-2021 17:00,EST,CAPITL,61757,102.73,2.71,-62.45,1
07-11-2021 18:00,EST,CAPITL,61757,107.17,2.64,-66.2,1
07-11-2021 19:00,EST,CAPITL,61757,92.5,2.32,-55.53,1
07-11-2021 20:00,EST,CAPITL,61757,84.54,1.83,-53.24,1
07-11-2021 21:00,EST,CAPITL,61757,72.53,1.5,-46.9,1
07-11-2021 22:00,EST,CAPITL,61757,70.39,1.37,-45.88,1
07-11-2021 23:00,EST,CAPITL,61757,72.79,0.77,-57.21,1
08-11-2021 00:00,EST,CAPITL,61757,67.81,1.03,-48.69,1
08-11-2021 01:00,EST,CAPITL,61757,60.99,1.05,-41.83,1
08-11-2021 02:00,EST,CAPITL,61757,60.52,1.01,-41.44,1
08-11-2021 03:00,EST,CAPITL,61757,62.57,0.92,-45.43,1
08-11-2021 04:00,EST,CAPITL,61757,63.28,1.05,-44.07,1
08-11-2021 05:00,EST,CAPITL,61757,69.9,1.35,-46.79,1
08-11-2021 06:00,EST,CAPITL,61757,88.22,2.2,-52.71,1
08-11-2021 07:00,EST,CAPITL,61757,101.86,2.67,-59.35,1
08-11-2021 08:00,EST,CAPITL,61757,94.83,2.61,-53.89,1
08-11-2021 09:00,EST,CAPITL,61757,78.28,2.4,-38.42,1
08-11-2021 10:00,EST,CAPITL,61757,68.95,2.09,-31.39,1
08-11-2021 11:00,EST,CAPITL,61757,65.72,1.92,-30.03,1
08-11-2021 12:00,EST,CAPITL,61757,66.58,1.89,-30.98,1
08-11-2021 13:00,EST,CAPITL,61757,65.74,1.82,-30.75,1
08-11-2021 14:00,EST,CAPITL,61757,68.82,1.74,-34.87,1
08-11-2021 15:00,EST,CAPITL,61757,71.41,1.95,-35.87,1
08-11-2021 16:00,EST,CAPITL,61757,89.99,2.62,-48.84,1
08-11-2021 17:00,EST,CAPITL,61757,118.98,3.64,-64.8,1
08-11-2021 18:00,EST,CAPITL,61757,122.06,2.95,-78.64,1
08-11-2021 19:00,EST,CAPITL,61757,101.09,2.47,-63.29,1
08-11-2021 20:00,EST,CAPITL,61757,92.84,2,-59.99,1
08-11-2021 21:00,EST,CAPITL,61757,79.67,1.43,-54.73,1
08-11-2021 22:00,EST,CAPITL,61757,71.12,1.28,-47.82,1
08-11-2021 23:00,EST,CAPITL,61757,66.28,1.04,-46.96,1
09-11-2021 00:00,EST,CAPITL,61757,61.46,1.16,-40.99,1
09-11-2021 01:00,EST,CAPITL,61757,61.84,1.08,-41.54,1
09-11-2021 02:00,EST,CAPITL,61757,58.2,1.12,-37.75,1
09-11-2021 03:00,EST,CAPITL,61757,57.48,1.12,-37.03,1
09-11-2021 04:00,EST,CAPITL,61757,58.24,1.18,-37.68,1
09-11-2021 05:00,EST,CAPITL,61757,63.17,1.27,-41.67,1
09-11-2021 06:00,EST,CAPITL,61757,75.01,2.74,-32.48,1
09-11-2021 07:00,EST,CAPITL,61757,88.91,3.48,-39.07,1
09-11-2021 08:00,EST,CAPITL,61757,75.05,3.52,-23.89,1
09-11-2021 09:00,EST,CAPITL,61757,66.08,3.17,-18.32,1
09-11-2021 10:00,EST,CAPITL,61757,58.76,2.74,-15.69,1
09-11-2021 11:00,EST,CAPITL,61757,55.81,2.6,-12.64,1
09-11-2021 12:00,EST,CAPITL,61757,55.58,2.51,-13.33,1
09-11-2021 13:00,EST,CAPITL,61757,57.68,2.41,-17.57,1
09-11-2021 14:00,EST,CAPITL,61757,61.39,2.39,-22.15,1
09-11-2021 15:00,EST,CAPITL,61757,65.72,2.44,-26.29,1
09-11-2021 16:00,EST,CAPITL,61757,85.21,3.34,-37.91,1
09-11-2021 17:00,EST,CAPITL,61757,110.23,4.9,-42.5,1
09-11-2021 18:00,EST,CAPITL,61757,90.31,4.25,-32.23,1
09-11-2021 19:00,EST,CAPITL,61757,89.35,3.29,-42.24,1
09-11-2021 20:00,EST,CAPITL,61757,83.36,2.99,-39.44,1
09-11-2021 21:00,EST,CAPITL,61757,68.5,2.17,-30.69,1
09-11-2021 22:00,EST,CAPITL,61757,62.27,2.07,-25.68,1
09-11-2021 23:00,EST,CAPITL,61757,58.31,1.34,-33.77,1
10-11-2021 00:00,EST,CAPITL,61757,58.85,1.16,-37.7,1
10-11-2021 01:00,EST,CAPITL,61757,48.85,1.72,-15.76,1
10-11-2021 02:00,EST,CAPITL,61757,50.58,1.59,-20.62,1
10-11-2021 03:00,EST,CAPITL,61757,47.43,1.73,-11.77,1
10-11-2021 04:00,EST,CAPITL,61757,47.93,1.82,-11.06,1
10-11-2021 05:00,EST,CAPITL,61757,51.15,2.4,-9.44,1
10-11-2021 06:00,EST,CAPITL,61757,57.15,3.44,0,1
10-11-2021 07:00,EST,CAPITL,61757,65.82,3.67,0,1
10-11-2021 08:00,EST,CAPITL,61757,57.99,3.13,0,1
10-11-2021 09:00,EST,CAPITL,61757,54.34,2.59,0,1
10-11-2021 10:00,EST,CAPITL,61757,50.73,2.37,0,1
10-11-2021 11:00,EST,CAPITL,61757,49.68,2.41,0,1
10-11-2021 12:00,EST,CAPITL,61757,48.31,2.21,0,1
10-11-2021 13:00,EST,CAPITL,61757,49.14,2.56,0,1
10-11-2021 14:00,EST,CAPITL,61757,50.76,2.69,0,1
10-11-2021 15:00,EST,CAPITL,61757,55.58,3.15,0,1
10-11-2021 16:00,EST,CAPITL,61757,67.24,4.25,-0.59,1
10-11-2021 17:00,EST,CAPITL,61757,84.49,5.38,-4.38,1
10-11-2021 18:00,EST,CAPITL,61757,72.58,4.56,0,1
10-11-2021 19:00,EST,CAPITL,61757,68.22,4.11,0,1
10-11-2021 20:00,EST,CAPITL,61757,58.3,3.35,0,1
10-11-2021 21:00,EST,CAPITL,61757,53.21,3.01,0,1
10-11-2021 22:00,EST,CAPITL,61757,48.5,2.48,0,1
10-11-2021 23:00,EST,CAPITL,61757,48.23,2.06,-4.89,1
11-11-2021 00:00,EST,CAPITL,61757,52.62,1.18,-27.92,1
11-11-2021 01:00,EST,CAPITL,61757,46.77,1.36,-17.71,1
11-11-2021 02:00,EST,CAPITL,61757,45.59,1.3,-17.26,1
11-11-2021 03:00,EST,CAPITL,61757,46.86,1.16,-22.4,1
11-11-2021 04:00,EST,CAPITL,61757,46.95,1.28,-19.96,1
11-11-2021 05:00,EST,CAPITL,61757,47.66,1.63,-14.57,1
11-11-2021 06:00,EST,CAPITL,61757,50.89,2.79,-3.08,1
11-11-2021 07:00,EST,CAPITL,61757,55.21,3.15,-1.22,1
11-11-2021 08:00,EST,CAPITL,61757,52.56,3.12,0,1
11-11-2021 09:00,EST,CAPITL,61757,49.62,2.76,0,1
11-11-2021 10:00,EST,CAPITL,61757,48.17,2.6,0,1
11-11-2021 11:00,EST,CAPITL,61757,47.52,2.56,0,1
11-11-2021 12:00,EST,CAPITL,61757,47.4,2.38,-2.55,1
11-11-2021 13:00,EST,CAPITL,61757,48.6,2.32,-4.1,1
11-11-2021 14:00,EST,CAPITL,61757,51.02,2.32,-9.37,1
11-11-2021 15:00,EST,CAPITL,61757,54.81,2.25,-13.74,1
11-11-2021 16:00,EST,CAPITL,61757,66.85,3.13,-18.3,1
11-11-2021 17:00,EST,CAPITL,61757,84.77,3.95,-24.31,1
11-11-2021 18:00,EST,CAPITL,61757,75.82,2.86,-30.32,1
11-11-2021 19:00,EST,CAPITL,61757,73.13,2.16,-37.22,1
11-11-2021 20:00,EST,CAPITL,61757,63.61,1.66,-33.24,1
11-11-2021 21:00,EST,CAPITL,61757,58.13,1.34,-31.55,1
11-11-2021 22:00,EST,CAPITL,61757,55.69,1.21,-31.2,1
11-11-2021 23:00,EST,CAPITL,61757,55.24,0.74,-39.49,1
12-11-2021 00:00,EST,CAPITL,61757,46.29,0.77,-30.64,1
12-11-2021 01:00,EST,CAPITL,61757,41.94,0.76,-26.55,1
12-11-2021 02:00,EST,CAPITL,61757,41.44,0.65,-27.88,1
12-11-2021 03:00,EST,CAPITL,61757,41.73,0.65,-28.34,1
12-11-2021 04:00,EST,CAPITL,61757,41.66,0.75,-26.28,1
12-11-2021 05:00,EST,CAPITL,61757,41.81,0.9,-24.48,1
12-11-2021 06:00,EST,CAPITL,61757,50.95,2.01,-13.67,1
12-11-2021 07:00,EST,CAPITL,61757,49.92,2.1,-13.97,1
12-11-2021 08:00,EST,CAPITL,61757,51.77,2.3,-12.4,1
12-11-2021 09:00,EST,CAPITL,61757,51.09,2.34,-11.03,1
12-11-2021 10:00,EST,CAPITL,61757,49.07,2.41,-9.1,1
12-11-2021 11:00,EST,CAPITL,61757,47.48,2.6,-2.93,1
12-11-2021 12:00,EST,CAPITL,61757,46.75,2.34,-6.09,1
12-11-2021 13:00,EST,CAPITL,61757,46.43,2.21,-7.92,1
12-11-2021 14:00,EST,CAPITL,61757,44.33,2.29,-3.86,1
12-11-2021 15:00,EST,CAPITL,61757,46.76,2.43,-5.07,1
12-11-2021 16:00,EST,CAPITL,61757,53.55,3.04,-3.75,1
12-11-2021 17:00,EST,CAPITL,61757,60.97,3.72,0,1
12-11-2021 18:00,EST,CAPITL,61757,54.6,3.24,0,1
12-11-2021 19:00,EST,CAPITL,61757,46.66,2.68,0,1
12-11-2021 20:00,EST,CAPITL,61757,43.24,2.46,-1.13,1
12-11-2021 21:00,EST,CAPITL,61757,42.94,1.71,-8.38,1
12-11-2021 22:00,EST,CAPITL,61757,39.88,1.7,-4.74,1
12-11-2021 23:00,EST,CAPITL,61757,38.49,1.49,-6.51,1
13-11-2021 00:00,EST,CAPITL,61757,41.35,2.02,-5.14,1
13-11-2021 01:00,EST,CAPITL,61757,40.02,1.56,-11.48,1
13-11-2021 02:00,EST,CAPITL,61757,38.16,1.5,-11.25,1
13-11-2021 03:00,EST,CAPITL,61757,37.3,1.48,-10.7,1
13-11-2021 04:00,EST,CAPITL,61757,37.84,1.44,-11.55,1
13-11-2021 05:00,EST,CAPITL,61757,40.2,1.78,-9.26,1
13-11-2021 06:00,EST,CAPITL,61757,39.77,2.31,-0.82,1
13-11-2021 07:00,EST,CAPITL,61757,41.5,2.39,0,1
13-11-2021 08:00,EST,CAPITL,61757,43.53,2.58,0,1
13-11-2021 09:00,EST,CAPITL,61757,44.19,2.66,0,1
13-11-2021 10:00,EST,CAPITL,61757,43.54,2.7,0,1
13-11-2021 11:00,EST,CAPITL,61757,43.5,2.69,0,1
13-11-2021 12:00,EST,CAPITL,61757,41.96,2.6,0,1
13-11-2021 13:00,EST,CAPITL,61757,42.98,2.43,0,1
13-11-2021 14:00,EST,CAPITL,61757,41.41,2.49,0,1
13-11-2021 15:00,EST,CAPITL,61757,42.87,2.73,0,1
13-11-2021 16:00,EST,CAPITL,61757,52.14,3.36,0,1
13-11-2021 17:00,EST,CAPITL,61757,62.27,4.07,0,1
13-11-2021 18:00,EST,CAPITL,61757,57.83,3.73,0,1
13-11-2021 19:00,EST,CAPITL,61757,52.16,3.28,0,1
13-11-2021 20:00,EST,CAPITL,61757,45.74,2.87,0,1
13-11-2021 21:00,EST,CAPITL,61757,41.8,2.63,0,1
13-11-2021 22:00,EST,CAPITL,61757,41.03,2.47,0,1
13-11-2021 23:00,EST,CAPITL,61757,38.89,2.17,0,1
14-11-2021 00:00,EST,CAPITL,61757,53.48,1.35,-30.08,1
14-11-2021 01:00,EST,CAPITL,61757,49.53,1.35,-26.12,1
14-11-2021 02:00,EST,CAPITL,61757,48.98,1.16,-28.77,1
14-11-2021 03:00,EST,CAPITL,61757,48.09,1.24,-26.55,1
14-11-2021 04:00,EST,CAPITL,61757,46.74,1.46,-21.32,1
14-11-2021 05:00,EST,CAPITL,61757,47.43,1.71,-18.65,1
14-11-2021 06:00,EST,CAPITL,61757,47.26,2.32,-9.18,1
14-11-2021 07:00,EST,CAPITL,61757,44.62,2.76,0,1
14-11-2021 08:00,EST,CAPITL,61757,45.39,2.93,0,1
14-11-2021 09:00,EST,CAPITL,61757,43.72,2.67,0,1
14-11-2021 10:00,EST,CAPITL,61757,42.73,2.57,0,1
14-11-2021 11:00,EST,CAPITL,61757,43.43,2.54,0,1
14-11-2021 12:00,EST,CAPITL,61757,44.01,2.76,0,1
14-11-2021 13:00,EST,CAPITL,61757,44.12,2.77,0,1
14-11-2021 14:00,EST,CAPITL,61757,44.16,2.77,0,1
14-11-2021 15:00,EST,CAPITL,61757,46.14,3.02,0,1
14-11-2021 16:00,EST,CAPITL,61757,66.98,4,-10.26,1
14-11-2021 17:00,EST,CAPITL,61757,77.58,5.07,-9.82,1
14-11-2021 18:00,EST,CAPITL,61757,70.19,4.55,-7.38,1
14-11-2021 19:00,EST,CAPITL,61757,59.56,4.05,0,1
14-11-2021 20:00,EST,CAPITL,61757,55.09,3.75,0,1
14-11-2021 21:00,EST,CAPITL,61757,50.87,3.33,0,1
14-11-2021 22:00,EST,CAPITL,61757,45.6,3.02,0,1
14-11-2021 23:00,EST,CAPITL,61757,43.32,2.87,0,1
15-11-2021 00:00,EST,CAPITL,61757,46.09,2.53,0,1
15-11-2021 01:00,EST,CAPITL,61757,47.11,1.62,-11.8,1
15-11-2021 02:00,EST,CAPITL,61757,46.14,1.69,-9.95,1
15-11-2021 03:00,EST,CAPITL,61757,45.11,1.69,-8.91,1
15-11-2021 04:00,EST,CAPITL,61757,46.81,1.68,-10.84,1
15-11-2021 05:00,EST,CAPITL,61757,51.56,2.1,-8.16,1
15-11-2021 06:00,EST,CAPITL,61757,61.46,2.59,-7.12,1
15-11-2021 07:00,EST,CAPITL,61757,70.89,2.65,-13.12,1
15-11-2021 08:00,EST,CAPITL,61757,73.74,2.71,-19.83,1
15-11-2021 09:00,EST,CAPITL,61757,72.42,2.54,-21,1
15-11-2021 10:00,EST,CAPITL,61757,65.1,2.4,-17.29,1
15-11-2021 11:00,EST,CAPITL,61757,63.52,2.26,-17.71,1
15-11-2021 12:00,EST,CAPITL,61757,66.36,1.85,-26.74,1
15-11-2021 13:00,EST,CAPITL,61757,65.62,1.8,-26.31,1
15-11-2021 14:00,EST,CAPITL,61757,66.49,1.75,-28.38,1
15-11-2021 15:00,EST,CAPITL,61757,70.52,1.9,-31.31,1
15-11-2021 16:00,EST,CAPITL,61757,86.84,2.33,-44.97,1
15-11-2021 17:00,EST,CAPITL,61757,98.57,2.99,-47.32,1
15-11-2021 18:00,EST,CAPITL,61757,94.54,2.54,-50.35,1
15-11-2021 19:00,EST,CAPITL,61757,84.76,2.31,-43.95,1
15-11-2021 20:00,EST,CAPITL,61757,81.49,2.26,-38.07,1
15-11-2021 21:00,EST,CAPITL,61757,74.59,1.83,-34.53,1
15-11-2021 22:00,EST,CAPITL,61757,61.81,1.76,-22.61,1
15-11-2021 23:00,EST,CAPITL,61757,54.97,1.63,-15.36,1
16-11-2021 00:00,EST,CAPITL,61757,48.75,1.82,-6.55,1
16-11-2021 01:00,EST,CAPITL,61757,46.93,1.53,-10.69,1
16-11-2021 02:00,EST,CAPITL,61757,47.75,1.41,-14.21,1
16-11-2021 03:00,EST,CAPITL,61757,47.27,1.45,-12.17,1
16-11-2021 04:00,EST,CAPITL,61757,46.01,1.58,-7.74,1
16-11-2021 05:00,EST,CAPITL,61757,50.61,2.11,-8.61,1
16-11-2021 06:00,EST,CAPITL,61757,61.75,2.85,-6.95,1
16-11-2021 07:00,EST,CAPITL,61757,66.08,3.18,-0.43,1
16-11-2021 08:00,EST,CAPITL,61757,67.74,3.47,0,1
16-11-2021 09:00,EST,CAPITL,61757,60.26,2.88,-2.94,1
16-11-2021 10:00,EST,CAPITL,61757,55.09,2.45,-1.62,1
16-11-2021 11:00,EST,CAPITL,61757,54.61,2.05,-5.92,1
16-11-2021 12:00,EST,CAPITL,61757,54.73,1.93,-6.77,1
16-11-2021 13:00,EST,CAPITL,61757,54.95,2.03,-6.64,1
16-11-2021 14:00,EST,CAPITL,61757,55.03,2.02,-6.95,1
16-11-2021 15:00,EST,CAPITL,61757,59.58,2.34,-7.42,1
16-11-2021 16:00,EST,CAPITL,61757,73,3.37,-7.16,1
16-11-2021 17:00,EST,CAPITL,61757,87.71,4.81,0,1
16-11-2021 18:00,EST,CAPITL,61757,78.07,3.65,-10.34,1
16-11-2021 19:00,EST,CAPITL,61757,73.95,2.95,-15.34,1
16-11-2021 20:00,EST,CAPITL,61757,71.16,2.67,-16.16,1
16-11-2021 21:00,EST,CAPITL,61757,59.57,2.27,-11.83,1
16-11-2021 22:00,EST,CAPITL,61757,52.04,2.03,-7.66,1
16-11-2021 23:00,EST,CAPITL,61757,50.46,1.83,-11.96,1
17-11-2021 00:00,EST,CAPITL,61757,48.31,1.52,-10.55,1
17-11-2021 01:00,EST,CAPITL,61757,45,1.37,-9.37,1
17-11-2021 02:00,EST,CAPITL,61757,46.8,1.17,-15.49,1
17-11-2021 03:00,EST,CAPITL,61757,46.96,1.21,-15.61,1
17-11-2021 04:00,EST,CAPITL,61757,47.94,1.2,-15.91,1
17-11-2021 05:00,EST,CAPITL,61757,48.24,1.59,-11.37,1
17-11-2021 06:00,EST,CAPITL,61757,59.97,2.07,-14.7,1
17-11-2021 07:00,EST,CAPITL,61757,64.41,2.68,-10.08,1
17-11-2021 08:00,EST,CAPITL,61757,59.63,2.46,-5.85,1
17-11-2021 09:00,EST,CAPITL,61757,54.72,2.01,-6.96,1
17-11-2021 10:00,EST,CAPITL,61757,50.71,1.75,-7.2,1
17-11-2021 11:00,EST,CAPITL,61757,49.97,1.54,-10.07,1
17-11-2021 12:00,EST,CAPITL,61757,50.78,1.54,-10.84,1
17-11-2021 13:00,EST,CAPITL,61757,52.13,1.42,-15.31,1
17-11-2021 14:00,EST,CAPITL,61757,52.79,1.36,-18.28,1
17-11-2021 15:00,EST,CAPITL,61757,60.67,1.49,-26.07,1
17-11-2021 16:00,EST,CAPITL,61757,70.36,1.68,-34.41,1
17-11-2021 17:00,EST,CAPITL,61757,84.62,2.64,-33.08,1
17-11-2021 18:00,EST,CAPITL,61757,77.91,1.94,-37.96,1
17-11-2021 19:00,EST,CAPITL,61757,70.78,1.55,-37.03,1
17-11-2021 20:00,EST,CAPITL,61757,63.4,1.43,-29.41,1
17-11-2021 21:00,EST,CAPITL,61757,59.87,0.92,-35.85,1
17-11-2021 22:00,EST,CAPITL,61757,54.19,1.04,-27.07,1
17-11-2021 23:00,EST,CAPITL,61757,46.85,0.81,-24.28,1
18-11-2021 00:00,EST,CAPITL,61757,51.75,0.84,-32.73,1
18-11-2021 01:00,EST,CAPITL,61757,49.74,0.68,-34.23,1
18-11-2021 02:00,EST,CAPITL,61757,48.01,0.73,-31.52,1
18-11-2021 03:00,EST,CAPITL,61757,48.02,0.71,-31.57,1
18-11-2021 04:00,EST,CAPITL,61757,48.39,0.8,-30.3,1
18-11-2021 05:00,EST,CAPITL,61757,49.94,1.09,-27.11,1
18-11-2021 06:00,EST,CAPITL,61757,60.42,1.38,-30.82,1
18-11-2021 07:00,EST,CAPITL,61757,59.3,2,-16.47,1
18-11-2021 08:00,EST,CAPITL,61757,58.05,2.12,-16.62,1
18-11-2021 09:00,EST,CAPITL,61757,49.37,2.07,-5.97,1
18-11-2021 10:00,EST,CAPITL,61757,47.84,1.87,-4.44,1
18-11-2021 11:00,EST,CAPITL,61757,46.46,1.96,-2.73,1
18-11-2021 12:00,EST,CAPITL,61757,44.84,2.02,0.1,1
18-11-2021 13:00,EST,CAPITL,61757,46.31,1.99,-1.19,1
18-11-2021 14:00,EST,CAPITL,61757,47.94,1.94,-5.55,1
18-11-2021 15:00,EST,CAPITL,61757,52.23,2.12,-8.61,1
18-11-2021 16:00,EST,CAPITL,61757,63.13,2.32,-17.03,1
18-11-2021 17:00,EST,CAPITL,61757,71.73,3.49,-7.05,1
18-11-2021 18:00,EST,CAPITL,61757,69.16,2.74,-18.24,1
18-11-2021 19:00,EST,CAPITL,61757,59.06,2.35,-13.09,1
18-11-2021 20:00,EST,CAPITL,61757,51.18,2.17,-6.46,1
18-11-2021 21:00,EST,CAPITL,61757,48.62,1.94,-7.05,1
18-11-2021 22:00,EST,CAPITL,61757,47.36,1.68,-9.1,1
18-11-2021 23:00,EST,CAPITL,61757,46.38,1.31,-17.88,1
19-11-2021 00:00,EST,CAPITL,61757,42.72,1.55,-12.9,1
19-11-2021 01:00,EST,CAPITL,61757,42.52,1.28,-17.45,1
19-11-2021 02:00,EST,CAPITL,61757,43.33,1.19,-20.13,1
19-11-2021 03:00,EST,CAPITL,61757,43.58,1.23,-19.96,1
19-11-2021 04:00,EST,CAPITL,61757,41.76,1.48,-12.77,1
19-11-2021 05:00,EST,CAPITL,61757,45.22,1.92,-11.27,1
19-11-2021 06:00,EST,CAPITL,61757,54.37,2.57,-11.05,1
19-11-2021 07:00,EST,CAPITL,61757,55.12,3.18,-3.74,1
19-11-2021 08:00,EST,CAPITL,61757,55,3.15,-5.57,1
19-11-2021 09:00,EST,CAPITL,61757,51.48,2.74,-7.89,1
19-11-2021 10:00,EST,CAPITL,61757,50.79,2.74,-5.93,1
19-11-2021 11:00,EST,CAPITL,61757,52.21,2.42,-12.02,1
19-11-2021 12:00,EST,CAPITL,61757,51.66,2.32,-11.36,1
19-11-2021 13:00,EST,CAPITL,61757,51.6,2.35,-11.33,1
19-11-2021 14:00,EST,CAPITL,61757,52.6,2.22,-14.05,1
19-11-2021 15:00,EST,CAPITL,61757,55.8,2.64,-11.29,1
19-11-2021 16:00,EST,CAPITL,61757,59.41,3.76,-0.45,1
19-11-2021 17:00,EST,CAPITL,61757,72.28,4.66,0,1
19-11-2021 18:00,EST,CAPITL,61757,64.73,4.07,0,1
19-11-2021 19:00,EST,CAPITL,61757,57.69,3.42,0,1
19-11-2021 20:00,EST,CAPITL,61757,53.36,3.07,0,1
19-11-2021 21:00,EST,CAPITL,61757,48.32,2.78,0,1
19-11-2021 22:00,EST,CAPITL,61757,46.8,2.56,0,1
19-11-2021 23:00,EST,CAPITL,61757,44.31,1.94,-5.11,1
20-11-2021 00:00,EST,CAPITL,61757,47.99,2.5,0,1
20-11-2021 01:00,EST,CAPITL,61757,44.36,2.25,-1.88,1
20-11-2021 02:00,EST,CAPITL,61757,44.76,2.12,-6.15,1
20-11-2021 03:00,EST,CAPITL,61757,44.76,2.14,-6.28,1
20-11-2021 04:00,EST,CAPITL,61757,43.52,2.1,-3.29,1
20-11-2021 05:00,EST,CAPITL,61757,43.57,2.19,0,1
20-11-2021 06:00,EST,CAPITL,61757,46.9,2.41,-0.6,1
20-11-2021 07:00,EST,CAPITL,61757,48.83,2.5,0,1
20-11-2021 08:00,EST,CAPITL,61757,48.71,2.36,0,1
20-11-2021 09:00,EST,CAPITL,61757,45.63,2.05,0,1
20-11-2021 10:00,EST,CAPITL,61757,44.13,1.9,0,1
20-11-2021 11:00,EST,CAPITL,61757,43.52,1.83,0,1
20-11-2021 12:00,EST,CAPITL,61757,43.38,1.79,0,1
20-11-2021 13:00,EST,CAPITL,61757,43.75,1.84,0,1
20-11-2021 14:00,EST,CAPITL,61757,43.96,2.05,0,1
20-11-2021 15:00,EST,CAPITL,61757,44.8,2.17,0,1
20-11-2021 16:00,EST,CAPITL,61757,58.06,2.84,-5.38,1
20-11-2021 17:00,EST,CAPITL,61757,72.64,3.45,-11.64,1
20-11-2021 18:00,EST,CAPITL,61757,64.6,2.99,-10.99,1
20-11-2021 19:00,EST,CAPITL,61757,63.23,2.46,-15.96,1
20-11-2021 20:00,EST,CAPITL,61757,56.01,2.18,-12.76,1
20-11-2021 21:00,EST,CAPITL,61757,50.02,1.95,-8.96,1
20-11-2021 22:00,EST,CAPITL,61757,48.14,1.77,-9.41,1
20-11-2021 23:00,EST,CAPITL,61757,45.52,1.52,-10.36,1
21-11-2021 00:00,EST,CAPITL,61757,48.51,1.76,-12.15,1
21-11-2021 01:00,EST,CAPITL,61757,45.76,1.63,-12.19,1
21-11-2021 02:00,EST,CAPITL,61757,44.78,1.6,-11.7,1
21-11-2021 03:00,EST,CAPITL,61757,43.64,1.62,-10.2,1
21-11-2021 04:00,EST,CAPITL,61757,42.13,1.53,-8.7,1
21-11-2021 05:00,EST,CAPITL,61757,43.22,1.79,-6.22,1
21-11-2021 06:00,EST,CAPITL,61757,44.92,2.04,-5.68,1
21-11-2021 07:00,EST,CAPITL,61757,41.91,2.11,0,1
21-11-2021 08:00,EST,CAPITL,61757,43.73,2.08,0,1
21-11-2021 09:00,EST,CAPITL,61757,43.49,1.95,0,1
21-11-2021 10:00,EST,CAPITL,61757,42.89,1.85,0,1
21-11-2021 11:00,EST,CAPITL,61757,42.5,1.87,0,1
21-11-2021 12:00,EST,CAPITL,61757,42.03,1.96,0,1
21-11-2021 13:00,EST,CAPITL,61757,42.15,2.01,0,1
21-11-2021 14:00,EST,CAPITL,61757,42.81,2.08,0,1
21-11-2021 15:00,EST,CAPITL,61757,45.47,2,-6.33,1
21-11-2021 16:00,EST,CAPITL,61757,58.64,2.75,-10.88,1
21-11-2021 17:00,EST,CAPITL,61757,73.41,3.22,-19.12,1
21-11-2021 18:00,EST,CAPITL,61757,62.93,2.89,-14.13,1
21-11-2021 19:00,EST,CAPITL,61757,63.11,2.31,-21.04,1
21-11-2021 20:00,EST,CAPITL,61757,53.87,1.87,-17.36,1
21-11-2021 21:00,EST,CAPITL,61757,47.21,1.62,-13.07,1
21-11-2021 22:00,EST,CAPITL,61757,46.85,1.37,-15.05,1
21-11-2021 23:00,EST,CAPITL,61757,46.37,1.02,-21.58,1
22-11-2021 00:00,EST,CAPITL,61757,44.79,1.1,-21.66,1
22-11-2021 01:00,EST,CAPITL,61757,42.4,0.88,-23.86,1
22-11-2021 02:00,EST,CAPITL,61757,42.87,0.84,-25.15,1
22-11-2021 03:00,EST,CAPITL,61757,41.96,0.81,-24.03,1
22-11-2021 04:00,EST,CAPITL,61757,41.11,1.08,-17.57,1
22-11-2021 05:00,EST,CAPITL,61757,43.05,1.43,-12.95,1
22-11-2021 06:00,EST,CAPITL,61757,48.49,2.22,-4.38,1
22-11-2021 07:00,EST,CAPITL,61757,49.35,2.66,0,1
22-11-2021 08:00,EST,CAPITL,61757,51.03,2.45,-7.76,1
22-11-2021 09:00,EST,CAPITL,61757,50.3,2.59,-5.24,1
22-11-2021 10:00,EST,CAPITL,61757,45.21,2.53,0.13,1
22-11-2021 11:00,EST,CAPITL,61757,45.89,2.52,0.11,1
22-11-2021 12:00,EST,CAPITL,61757,45.11,2.44,0.13,1
22-11-2021 13:00,EST,CAPITL,61757,44.22,2.35,0.16,1
22-11-2021 14:00,EST,CAPITL,61757,44.3,2.32,0.15,1
22-11-2021 15:00,EST,CAPITL,61757,47.97,2.54,-2.31,1
22-11-2021 16:00,EST,CAPITL,61757,63.57,3.5,-4.48,1
22-11-2021 17:00,EST,CAPITL,61757,74.07,4.51,-2.32,1
22-11-2021 18:00,EST,CAPITL,61757,66.38,4.18,0.15,1
22-11-2021 19:00,EST,CAPITL,61757,58.68,3.5,0.26,1
22-11-2021 20:00,EST,CAPITL,61757,54.25,3.18,0.19,1
22-11-2021 21:00,EST,CAPITL,61757,47.17,2.55,0.19,1
22-11-2021 22:00,EST,CAPITL,61757,44.61,2.13,0.2,1
22-11-2021 23:00,EST,CAPITL,61757,42,1.73,0.07,1
23-11-2021 00:00,EST,CAPITL,61757,41.5,1.98,0,1
23-11-2021 01:00,EST,CAPITL,61757,38.86,1.92,0,1
23-11-2021 02:00,EST,CAPITL,61757,37.23,1.77,0,1
23-11-2021 03:00,EST,CAPITL,61757,37.72,1.8,0,1
23-11-2021 04:00,EST,CAPITL,61757,39.77,1.89,0,1
23-11-2021 05:00,EST,CAPITL,61757,44.04,2.37,0,1
23-11-2021 06:00,EST,CAPITL,61757,55.9,3.21,0,1
23-11-2021 07:00,EST,CAPITL,61757,61.8,3.33,0,1
23-11-2021 08:00,EST,CAPITL,61757,60.06,3.08,0,1
23-11-2021 09:00,EST,CAPITL,61757,54.67,2.7,0,1
23-11-2021 10:00,EST,CAPITL,61757,52.42,2.5,0.08,1
23-11-2021 11:00,EST,CAPITL,61757,51.31,2.5,0.16,1
23-11-2021 12:00,EST,CAPITL,61757,49.42,2.54,0.16,1
23-11-2021 13:00,EST,CAPITL,61757,49.47,2.59,0.16,1
23-11-2021 14:00,EST,CAPITL,61757,49.81,2.65,0.15,1
23-11-2021 15:00,EST,CAPITL,61757,53.09,2.58,0.12,1
23-11-2021 16:00,EST,CAPITL,61757,67.86,3.6,0,1
23-11-2021 17:00,EST,CAPITL,61757,85.61,4.69,0,1
23-11-2021 18:00,EST,CAPITL,61757,75.97,3.96,0,1
23-11-2021 19:00,EST,CAPITL,61757,67.94,3.48,0,1
23-11-2021 20:00,EST,CAPITL,61757,63.27,3.13,0,1
23-11-2021 21:00,EST,CAPITL,61757,56.61,2.69,0,1
23-11-2021 22:00,EST,CAPITL,61757,50.81,2.28,0.03,1
23-11-2021 23:00,EST,CAPITL,61757,46.48,2.34,0,1
24-11-2021 00:00,EST,CAPITL,61757,60.46,2.21,-13.15,1
24-11-2021 01:00,EST,CAPITL,61757,58.64,1.83,-19.51,1
24-11-2021 02:00,EST,CAPITL,61757,59.54,1.71,-23.71,1
24-11-2021 03:00,EST,CAPITL,61757,58.11,1.72,-22.62,1
24-11-2021 04:00,EST,CAPITL,61757,59.25,1.81,-21.86,1
24-11-2021 05:00,EST,CAPITL,61757,64.23,2.13,-22.57,1
24-11-2021 06:00,EST,CAPITL,61757,75.11,2.87,-22.7,1
24-11-2021 07:00,EST,CAPITL,61757,90,3.01,-30.23,1
24-11-2021 08:00,EST,CAPITL,61757,80,3.21,-16.27,1
24-11-2021 09:00,EST,CAPITL,61757,67.76,2.79,-13.19,1
24-11-2021 10:00,EST,CAPITL,61757,66.37,2.47,-13.44,1
24-11-2021 11:00,EST,CAPITL,61757,64,2.09,-19.15,1
24-11-2021 12:00,EST,CAPITL,61757,63.27,2.05,-18.54,1
24-11-2021 13:00,EST,CAPITL,61757,62.88,2.15,-15.85,1
24-11-2021 14:00,EST,CAPITL,61757,66.46,2.09,-22.62,1
24-11-2021 15:00,EST,CAPITL,61757,73.39,2.05,-33.32,1
24-11-2021 16:00,EST,CAPITL,61757,92.57,2.55,-44.53,1
24-11-2021 17:00,EST,CAPITL,61757,106.93,3.15,-51.32,1
24-11-2021 18:00,EST,CAPITL,61757,95.57,2.89,-43.61,1
24-11-2021 19:00,EST,CAPITL,61757,88.59,2.45,-44.67,1
24-11-2021 20:00,EST,CAPITL,61757,88.4,2.06,-47.38,1
24-11-2021 21:00,EST,CAPITL,61757,79.09,1.9,-39.17,1
24-11-2021 22:00,EST,CAPITL,61757,72.36,1.55,-37.13,1
24-11-2021 23:00,EST,CAPITL,61757,68.16,1.14,-37.8,1
25-11-2021 00:00,EST,CAPITL,61757,55.62,1.25,-25.38,1
25-11-2021 01:00,EST,CAPITL,61757,53.83,1.05,-27.67,1
25-11-2021 02:00,EST,CAPITL,61757,51.31,1.03,-26.23,1
25-11-2021 03:00,EST,CAPITL,61757,51.1,0.98,-27.38,1
25-11-2021 04:00,EST,CAPITL,61757,49.62,1.06,-23.93,1
25-11-2021 05:00,EST,CAPITL,61757,50.81,1.33,-20.57,1
25-11-2021 06:00,EST,CAPITL,61757,51.89,1.47,-18.58,1
25-11-2021 07:00,EST,CAPITL,61757,53.77,1.68,-14.84,1
25-11-2021 08:00,EST,CAPITL,61757,50.87,2.03,-5.6,1
25-11-2021 09:00,EST,CAPITL,61757,55.49,1.97,-10.62,1
25-11-2021 10:00,EST,CAPITL,61757,53.86,2.02,-8.92,1
25-11-2021 11:00,EST,CAPITL,61757,53.05,1.96,-8.56,1
25-11-2021 12:00,EST,CAPITL,61757,52.23,1.88,-9.51,1
25-11-2021 13:00,EST,CAPITL,61757,50.48,1.88,-7.86,1
25-11-2021 14:00,EST,CAPITL,61757,48.81,1.76,-9.64,1
25-11-2021 15:00,EST,CAPITL,61757,49.82,1.58,-15.33,1
25-11-2021 16:00,EST,CAPITL,61757,54.42,1.76,-15.26,1
25-11-2021 17:00,EST,CAPITL,61757,70.19,1.66,-33.93,1
25-11-2021 18:00,EST,CAPITL,61757,61.26,1.45,-27.53,1
25-11-2021 19:00,EST,CAPITL,61757,60.11,1.33,-27.88,1
25-11-2021 20:00,EST,CAPITL,61757,55.46,1.25,-24.43,1
25-11-2021 21:00,EST,CAPITL,61757,54.63,0.98,-27.74,1
25-11-2021 22:00,EST,CAPITL,61757,54.73,0.87,-30.34,1
25-11-2021 23:00,EST,CAPITL,61757,50.89,0.68,-30.12,1
26-11-2021 00:00,EST,CAPITL,61757,56.39,0.7,-41.3,1
26-11-2021 01:00,EST,CAPITL,61757,56.17,0.47,-45.7,1
26-11-2021 02:00,EST,CAPITL,61757,54.95,0.47,-44.39,1
26-11-2021 03:00,EST,CAPITL,61757,54.11,0.49,-43.45,1
26-11-2021 04:00,EST,CAPITL,61757,55.78,0.47,-45.25,1
26-11-2021 05:00,EST,CAPITL,61757,55.64,0.69,-41.51,1
26-11-2021 06:00,EST,CAPITL,61757,58.9,0.96,-38.74,1
26-11-2021 07:00,EST,CAPITL,61757,60.61,0.8,-42.87,1
26-11-2021 08:00,EST,CAPITL,61757,62.94,1.15,-37.34,1
26-11-2021 09:00,EST,CAPITL,61757,61.07,1.46,-29.88,1
26-11-2021 10:00,EST,CAPITL,61757,61.37,1.38,-31.2,1
26-11-2021 11:00,EST,CAPITL,61757,63.3,1.33,-33.63,1
26-11-2021 12:00,EST,CAPITL,61757,60.42,1.32,-30.33,1
26-11-2021 13:00,EST,CAPITL,61757,58.96,1.37,-27.78,1
26-11-2021 14:00,EST,CAPITL,61757,60.94,1.28,-31.8,1
26-11-2021 15:00,EST,CAPITL,61757,64.99,1.49,-34.88,1
26-11-2021 16:00,EST,CAPITL,61757,76.22,1.91,-38.92,1
26-11-2021 17:00,EST,CAPITL,61757,84.74,2.88,-32.2,1
26-11-2021 18:00,EST,CAPITL,61757,80.2,2.64,-32,1
26-11-2021 19:00,EST,CAPITL,61757,73.25,2.12,-32.59,1
26-11-2021 20:00,EST,CAPITL,61757,71.61,1.75,-36.27,1
26-11-2021 21:00,EST,CAPITL,61757,61.07,1.67,-26.03,1
26-11-2021 22:00,EST,CAPITL,61757,58.84,1.54,-25.8,1
26-11-2021 23:00,EST,CAPITL,61757,56,1.37,-24.14,1
27-11-2021 00:00,EST,CAPITL,61757,61.84,1.52,-29.98,1
27-11-2021 01:00,EST,CAPITL,61757,57.94,1.47,-27.54,1
27-11-2021 02:00,EST,CAPITL,61757,57,1.36,-29.03,1
27-11-2021 03:00,EST,CAPITL,61757,58.07,1.32,-31.75,1
27-11-2021 04:00,EST,CAPITL,61757,54,1.61,-21.44,1
27-11-2021 05:00,EST,CAPITL,61757,53.8,1.73,-20.08,1
27-11-2021 06:00,EST,CAPITL,61757,56.68,1.92,-19.17,1
27-11-2021 07:00,EST,CAPITL,61757,57.83,2.13,-14.72,1
27-11-2021 08:00,EST,CAPITL,61757,58.65,2.28,-14.18,1
27-11-2021 09:00,EST,CAPITL,61757,56.38,2.42,-11.49,1
27-11-2021 10:00,EST,CAPITL,61757,53.11,2.16,-10.08,1
27-11-2021 11:00,EST,CAPITL,61757,54.41,2.41,-9,1
27-11-2021 12:00,EST,CAPITL,61757,54.83,2.33,-10.85,1
27-11-2021 13:00,EST,CAPITL,61757,52.6,2.17,-10.97,1
27-11-2021 14:00,EST,CAPITL,61757,54.39,2.13,-13.55,1
27-11-2021 15:00,EST,CAPITL,61757,58.43,2.34,-14.19,1
27-11-2021 16:00,EST,CAPITL,61757,73.18,3.34,-13.22,1
27-11-2021 17:00,EST,CAPITL,61757,76.81,4.42,-3.44,1
27-11-2021 18:00,EST,CAPITL,61757,76.21,3.89,-11.53,1
27-11-2021 19:00,EST,CAPITL,61757,73.16,3.26,-13.64,1
27-11-2021 20:00,EST,CAPITL,61757,69.75,2.77,-16.52,1
27-11-2021 21:00,EST,CAPITL,61757,56.31,2.83,-2.94,1
27-11-2021 22:00,EST,CAPITL,61757,56.7,2.53,-8.05,1
27-11-2021 23:00,EST,CAPITL,61757,53.49,2.1,-12.5,1
28-11-2021 00:00,EST,CAPITL,61757,59.04,2.28,-16.67,1
28-11-2021 01:00,EST,CAPITL,61757,55.24,2.03,-17.65,1
28-11-2021 02:00,EST,CAPITL,61757,53.91,1.99,-16.4,1
28-11-2021 03:00,EST,CAPITL,61757,52.41,1.99,-14.93,1
28-11-2021 04:00,EST,CAPITL,61757,53.12,1.95,-16.37,1
28-11-2021 05:00,EST,CAPITL,61757,53.38,2.12,-15.33,1
28-11-2021 06:00,EST,CAPITL,61757,56.33,2.02,-18.29,1
28-11-2021 07:00,EST,CAPITL,61757,58.82,2.23,-15.93,1
28-11-2021 08:00,EST,CAPITL,61757,59.75,2.61,-10.43,1
28-11-2021 09:00,EST,CAPITL,61757,53.22,2.64,-2.59,1
28-11-2021 10:00,EST,CAPITL,61757,54.3,2.47,-5.14,1
28-11-2021 11:00,EST,CAPITL,61757,54.72,2.51,-3.92,1
28-11-2021 12:00,EST,CAPITL,61757,55.1,2.36,-7.39,1
28-11-2021 13:00,EST,CAPITL,61757,58.15,2.25,-13.51,1
28-11-2021 14:00,EST,CAPITL,61757,59.12,2.37,-14.39,1
28-11-2021 15:00,EST,CAPITL,61757,61.5,2.62,-14.42,1
28-11-2021 16:00,EST,CAPITL,61757,79.31,3.35,-23.69,1
28-11-2021 17:00,EST,CAPITL,61757,85.31,4.53,-16.02,1
28-11-2021 18:00,EST,CAPITL,61757,82.59,3.8,-22.05,1
28-11-2021 19:00,EST,CAPITL,61757,79.6,3.07,-27.11,1
28-11-2021 20:00,EST,CAPITL,61757,76.21,2.78,-27.11,1
28-11-2021 21:00,EST,CAPITL,61757,64.75,2.34,-22.05,1
28-11-2021 22:00,EST,CAPITL,61757,62.59,2.29,-20.75,1
28-11-2021 23:00,EST,CAPITL,61757,58.33,1.97,-20.45,1
29-11-2021 00:00,EST,CAPITL,61757,62.78,2.11,-20.93,1
29-11-2021 01:00,EST,CAPITL,61757,60.75,1.82,-25.79,1
29-11-2021 02:00,EST,CAPITL,61757,58.34,1.67,-26.28,1
29-11-2021 03:00,EST,CAPITL,61757,60.05,1.79,-25.75,1
29-11-2021 04:00,EST,CAPITL,61757,58.51,2.05,-18.39,1
29-11-2021 05:00,EST,CAPITL,61757,62.6,2.28,-21.06,1
29-11-2021 06:00,EST,CAPITL,61757,72.84,2.91,-22.95,1
29-11-2021 07:00,EST,CAPITL,61757,78.03,3.58,-17.59,1
29-11-2021 08:00,EST,CAPITL,61757,74.91,3.77,-11.4,1
29-11-2021 09:00,EST,CAPITL,61757,68.45,3.4,-10.27,1
29-11-2021 10:00,EST,CAPITL,61757,63.86,3.16,-7.05,1
29-11-2021 11:00,EST,CAPITL,61757,66.07,3.07,-11.9,1
29-11-2021 12:00,EST,CAPITL,61757,66.31,2.95,-14.19,1
29-11-2021 13:00,EST,CAPITL,61757,66.35,2.93,-14.59,1
29-11-2021 14:00,EST,CAPITL,61757,66.36,3.05,-13.29,1
29-11-2021 15:00,EST,CAPITL,61757,73.36,3.31,-19.13,1
29-11-2021 16:00,EST,CAPITL,61757,76.23,4.88,-1.67,1
29-11-2021 17:00,EST,CAPITL,61757,94.23,6.58,0,1
29-11-2021 18:00,EST,CAPITL,61757,84.5,5.82,0,1
29-11-2021 19:00,EST,CAPITL,61757,84.07,4.09,-20.73,1
29-11-2021 20:00,EST,CAPITL,61757,82.5,3.53,-26.24,1
29-11-2021 21:00,EST,CAPITL,61757,70.9,3.14,-19.42,1
29-11-2021 22:00,EST,CAPITL,61757,67.46,2.92,-16.68,1
29-11-2021 23:00,EST,CAPITL,61757,61.91,2.54,-15.65,1
30-11-2021 00:00,EST,CAPITL,61757,67.87,2.59,-18.95,1
30-11-2021 01:00,EST,CAPITL,61757,69.09,2.18,-27.16,1
30-11-2021 02:00,EST,CAPITL,61757,67.47,2.2,-26.06,1
30-11-2021 03:00,EST,CAPITL,61757,67.82,2.21,-26.07,1
30-11-2021 04:00,EST,CAPITL,61757,66.81,2.49,-22.8,1
30-11-2021 05:00,EST,CAPITL,61757,69.67,2.78,-23.56,1
30-11-2021 06:00,EST,CAPITL,61757,79.17,3.54,-22.76,1
30-11-2021 07:00,EST,CAPITL,61757,94.7,4.14,-28.8,1
30-11-2021 08:00,EST,CAPITL,61757,87.85,4.13,-20.19,1
30-11-2021 09:00,EST,CAPITL,61757,67.95,3.91,0,1
30-11-2021 10:00,EST,CAPITL,61757,69.61,3.67,-5.75,1
30-11-2021 11:00,EST,CAPITL,61757,72.26,3.34,-14.25,1
30-11-2021 12:00,EST,CAPITL,61757,73.46,3.17,-19.19,1
30-11-2021 13:00,EST,CAPITL,61757,74.45,2.93,-23.45,1
30-11-2021 14:00,EST,CAPITL,61757,72.31,2.91,-21.64,1
30-11-2021 15:00,EST,CAPITL,61757,75.04,3.19,-22.08,1
30-11-2021 16:00,EST,CAPITL,61757,92.15,3.82,-32.22,1
30-11-2021 17:00,EST,CAPITL,61757,101.68,5.48,-21.06,1
30-11-2021 18:00,EST,CAPITL,61757,91.65,4.68,-17.15,1
30-11-2021 19:00,EST,CAPITL,61757,70.66,4.8,0,1
30-11-2021 20:00,EST,CAPITL,61757,65.9,4.37,0.08,1
30-11-2021 21:00,EST,CAPITL,61757,56.6,3.96,-5.53,1
30-11-2021 22:00,EST,CAPITL,61757,55.54,3.49,-10.56,1
30-11-2021 23:00,EST,CAPITL,61757,55.41,3.14,-12.99,1
01-12-2021 00:00,EST,CAPITL,61757,51.64,3.39,-7.34,1
01-12-2021 01:00,EST,CAPITL,61757,53.16,2.92,-14.63,1
01-12-2021 02:00,EST,CAPITL,61757,52.18,2.85,-13.7,1
01-12-2021 03:00,EST,CAPITL,61757,52.5,2.89,-13.93,1
01-12-2021 04:00,EST,CAPITL,61757,53,2.97,-14.23,1
01-12-2021 05:00,EST,CAPITL,61757,48.28,3.76,-3.25,1
01-12-2021 06:00,EST,CAPITL,61757,58.14,4.16,-8.3,1
01-12-2021 07:00,EST,CAPITL,61757,67,4.59,-10.85,1
01-12-2021 08:00,EST,CAPITL,61757,58.73,4.84,-0.72,1
01-12-2021 09:00,EST,CAPITL,61757,57.04,4.51,-0.66,1
01-12-2021 10:00,EST,CAPITL,61757,53.44,4.1,-0.53,1
01-12-2021 11:00,EST,CAPITL,61757,52.57,4.04,-0.46,1
01-12-2021 12:00,EST,CAPITL,61757,49.94,3.72,-0.29,1
01-12-2021 13:00,EST,CAPITL,61757,50.18,3.66,-0.14,1
01-12-2021 14:00,EST,CAPITL,61757,49.84,3.75,0.19,1
01-12-2021 15:00,EST,CAPITL,61757,52.73,4.1,0.18,1
01-12-2021 16:00,EST,CAPITL,61757,58.46,4.58,0,1
01-12-2021 17:00,EST,CAPITL,61757,72.79,5.95,0,1
01-12-2021 18:00,EST,CAPITL,61757,64.63,5.34,0,1
01-12-2021 19:00,EST,CAPITL,61757,53.07,4.29,0,1
01-12-2021 20:00,EST,CAPITL,61757,52.52,4.2,0,1
01-12-2021 21:00,EST,CAPITL,61757,54.03,3.37,-11,1
01-12-2021 22:00,EST,CAPITL,61757,51.91,3.28,-8.6,1
01-12-2021 23:00,EST,CAPITL,61757,40.13,2.83,0,1
02-12-2021 00:00,EST,CAPITL,61757,42.19,2.71,-3.84,1
02-12-2021 01:00,EST,CAPITL,61757,44.27,2.42,-8.63,1
02-12-2021 02:00,EST,CAPITL,61757,42.54,2.35,-7.08,1
02-12-2021 03:00,EST,CAPITL,61757,40.99,2.35,-5.53,1
02-12-2021 04:00,EST,CAPITL,61757,42.69,2.39,-7.12,1
02-12-2021 05:00,EST,CAPITL,61757,42.75,2.65,-5.7,1
02-12-2021 06:00,EST,CAPITL,61757,59.94,3.02,-18.66,1
02-12-2021 07:00,EST,CAPITL,61757,60.77,3.38,-15.58,1
02-12-2021 08:00,EST,CAPITL,61757,53.62,3.38,-9.44,1
02-12-2021 09:00,EST,CAPITL,61757,52.51,3.29,-10.12,1
02-12-2021 10:00,EST,CAPITL,61757,49.63,3.43,-4.32,1
02-12-2021 11:00,EST,CAPITL,61757,47.89,3.44,-1.92,1
02-12-2021 12:00,EST,CAPITL,61757,50.41,3.3,-5.94,1
02-12-2021 13:00,EST,CAPITL,61757,49.09,3.21,-5.77,1
02-12-2021 14:00,EST,CAPITL,61757,48.91,3.08,-7.38,1
02-12-2021 15:00,EST,CAPITL,61757,49.91,3.22,-6.92,1
02-12-2021 16:00,EST,CAPITL,61757,55.21,3.78,-5.31,1
02-12-2021 17:00,EST,CAPITL,61757,65.64,4.75,-3.68,1
02-12-2021 18:00,EST,CAPITL,61757,65.92,4.28,-10.1,1
02-12-2021 19:00,EST,CAPITL,61757,49.81,3.3,-6.73,1
02-12-2021 20:00,EST,CAPITL,61757,44.23,3.2,-1.07,1
02-12-2021 21:00,EST,CAPITL,61757,48.7,2.96,-8.82,1
02-12-2021 22:00,EST,CAPITL,61757,42.08,3.05,-0.88,1
02-12-2021 23:00,EST,CAPITL,61757,40.05,2.68,-0.67,1
03-12-2021 00:00,EST,CAPITL,61757,35.07,2.23,-0.57,1
03-12-2021 01:00,EST,CAPITL,61757,34.32,2.2,-0.63,1
03-12-2021 02:00,EST,CAPITL,61757,32.69,2.1,-0.57,1
03-12-2021 03:00,EST,CAPITL,61757,32.75,2.05,-0.57,1
03-12-2021 04:00,EST,CAPITL,61757,32.75,2.06,-0.47,1
03-12-2021 05:00,EST,CAPITL,61757,35.48,2.32,0,1
03-12-2021 06:00,EST,CAPITL,61757,39.58,2.78,-0.22,1
03-12-2021 07:00,EST,CAPITL,61757,48.25,3.7,-4.26,1
03-12-2021 08:00,EST,CAPITL,61757,47.43,3.8,-3.14,1
03-12-2021 09:00,EST,CAPITL,61757,45.27,3.65,-2.42,1
03-12-2021 10:00,EST,CAPITL,61757,43.67,3.07,-0.75,1
03-12-2021 11:00,EST,CAPITL,61757,42.99,3.06,-0.17,1
03-12-2021 12:00,EST,CAPITL,61757,43.05,3.14,-0.17,1
03-12-2021 13:00,EST,CAPITL,61757,42.81,3.09,-0.17,1
03-12-2021 14:00,EST,CAPITL,61757,43.14,3.11,-0.18,1
03-12-2021 15:00,EST,CAPITL,61757,43.41,3.17,-0.17,1
03-12-2021 16:00,EST,CAPITL,61757,54.92,4.16,0,1
03-12-2021 17:00,EST,CAPITL,61757,65.4,5.07,0,1
03-12-2021 18:00,EST,CAPITL,61757,56.4,4.37,0,1
03-12-2021 19:00,EST,CAPITL,61757,51.91,3.93,0,1
03-12-2021 20:00,EST,CAPITL,61757,48.12,3.6,0,1
03-12-2021 21:00,EST,CAPITL,61757,43.52,3.26,0,1
03-12-2021 22:00,EST,CAPITL,61757,41.95,3.04,0,1
03-12-2021 23:00,EST,CAPITL,61757,40.04,2.97,0,1
04-12-2021 00:00,EST,CAPITL,61757,44.39,2.91,-5.51,1
04-12-2021 01:00,EST,CAPITL,61757,41.59,2.86,-3.03,1
04-12-2021 02:00,EST,CAPITL,61757,38.88,2.63,-1.57,1
04-12-2021 03:00,EST,CAPITL,61757,37.67,2.58,-0.66,1
04-12-2021 04:00,EST,CAPITL,61757,38.22,2.45,-2.69,1
04-12-2021 05:00,EST,CAPITL,61757,38.85,2.65,-1.36,1
04-12-2021 06:00,EST,CAPITL,61757,47.84,2.72,-10.23,1
04-12-2021 07:00,EST,CAPITL,61757,56.28,2.6,-18.98,1
04-12-2021 08:00,EST,CAPITL,61757,57.79,2.71,-19.93,1
04-12-2021 09:00,EST,CAPITL,61757,53.4,2.88,-13.67,1
04-12-2021 10:00,EST,CAPITL,61757,48.53,2.73,-10.39,1
04-12-2021 11:00,EST,CAPITL,61757,46.63,2.82,-7.66,1
04-12-2021 12:00,EST,CAPITL,61757,46.48,2.64,-9.03,1
04-12-2021 13:00,EST,CAPITL,61757,46.59,2.55,-10.53,1
04-12-2021 14:00,EST,CAPITL,61757,46.4,2.56,-10.14,1
04-12-2021 15:00,EST,CAPITL,61757,46.37,2.76,-8.72,1
04-12-2021 16:00,EST,CAPITL,61757,52.5,3.98,0,1
04-12-2021 17:00,EST,CAPITL,61757,63.86,5.06,0,1
04-12-2021 18:00,EST,CAPITL,61757,58.65,4.42,-2.21,1
04-12-2021 19:00,EST,CAPITL,61757,60.09,3.78,-12.41,1
04-12-2021 20:00,EST,CAPITL,61757,54.18,3.38,-10.07,1
04-12-2021 21:00,EST,CAPITL,61757,50.54,2.95,-11.99,1
04-12-2021 22:00,EST,CAPITL,61757,47.83,2.78,-9.45,1
04-12-2021 23:00,EST,CAPITL,61757,46.3,2.41,-9.96,1
05-12-2021 00:00,EST,CAPITL,61757,49.96,2.32,-15.51,1
05-12-2021 01:00,EST,CAPITL,61757,45.39,2.41,-9.9,1
05-12-2021 02:00,EST,CAPITL,61757,40.97,2.31,-5.61,1
05-12-2021 03:00,EST,CAPITL,61757,39.93,2.35,-4.46,1
05-12-2021 04:00,EST,CAPITL,61757,38.5,2.36,-2.43,1
05-12-2021 05:00,EST,CAPITL,61757,38.77,2.48,-1.31,1
05-12-2021 06:00,EST,CAPITL,61757,40.43,2.58,-2.03,1
05-12-2021 07:00,EST,CAPITL,61757,42.98,2.49,-5.9,1
05-12-2021 08:00,EST,CAPITL,61757,44.34,2.95,-3.55,1
05-12-2021 09:00,EST,CAPITL,61757,41.13,2.84,-1.94,1
05-12-2021 10:00,EST,CAPITL,61757,40.85,2.8,-1.71,1
05-12-2021 11:00,EST,CAPITL,61757,41.11,2.71,-2.68,1
05-12-2021 12:00,EST,CAPITL,61757,38.84,2.45,-3.32,1
05-12-2021 13:00,EST,CAPITL,61757,39.33,2.41,-3.91,1
05-12-2021 14:00,EST,CAPITL,61757,39.43,2.45,-3.94,1
05-12-2021 15:00,EST,CAPITL,61757,39.87,2.58,-2.42,1
05-12-2021 16:00,EST,CAPITL,61757,44.88,3.25,0,1
05-12-2021 17:00,EST,CAPITL,61757,65,4.21,-11.23,1
05-12-2021 18:00,EST,CAPITL,61757,54.96,3.48,-9.54,1
05-12-2021 19:00,EST,CAPITL,61757,52.89,2.78,-14.96,1
05-12-2021 20:00,EST,CAPITL,61757,44.6,2.65,-7.05,1
05-12-2021 21:00,EST,CAPITL,61757,42.37,2.31,-7.59,1
05-12-2021 22:00,EST,CAPITL,61757,42.4,2.24,-7.72,1
05-12-2021 23:00,EST,CAPITL,61757,41.83,1.73,-12.57,1
06-12-2021 00:00,EST,CAPITL,61757,44.82,1.33,-23.09,1
06-12-2021 01:00,EST,CAPITL,61757,41.33,1.37,-18.9,1
06-12-2021 02:00,EST,CAPITL,61757,38.48,1.42,-15.53,1
06-12-2021 03:00,EST,CAPITL,61757,39.56,1.42,-16.63,1
06-12-2021 04:00,EST,CAPITL,61757,41.14,1.37,-18.74,1
06-12-2021 05:00,EST,CAPITL,61757,42.28,1.79,-14.89,1
06-12-2021 06:00,EST,CAPITL,61757,48.73,2.4,-13.83,1
06-12-2021 07:00,EST,CAPITL,61757,46.12,2.42,-10.52,1
06-12-2021 08:00,EST,CAPITL,61757,48.93,2.61,-12.02,1
06-12-2021 09:00,EST,CAPITL,61757,45.18,2.53,-8.46,1
06-12-2021 10:00,EST,CAPITL,61757,44.38,2.52,-8.24,1
06-12-2021 11:00,EST,CAPITL,61757,45.04,2.36,-9.51,1
06-12-2021 12:00,EST,CAPITL,61757,43.1,2.43,-7.42,1
06-12-2021 13:00,EST,CAPITL,61757,44.32,2.29,-8.85,1
06-12-2021 14:00,EST,CAPITL,61757,42.76,2.19,-7.39,1
06-12-2021 15:00,EST,CAPITL,61757,47.48,2.22,-12.08,1
06-12-2021 16:00,EST,CAPITL,61757,51.5,2.92,-8.06,1
06-12-2021 17:00,EST,CAPITL,61757,62.93,4.28,-4.47,1
06-12-2021 18:00,EST,CAPITL,61757,56.1,3.41,-7.2,1
06-12-2021 19:00,EST,CAPITL,61757,53.49,2.76,-12.88,1
06-12-2021 20:00,EST,CAPITL,61757,48.9,2.46,-11.29,1
06-12-2021 21:00,EST,CAPITL,61757,44.48,2.49,-8.81,1
06-12-2021 22:00,EST,CAPITL,61757,41.83,2.39,-6.33,1
06-12-2021 23:00,EST,CAPITL,61757,40.23,2.04,-7.32,1
07-12-2021 00:00,EST,CAPITL,61757,39.26,1.47,-15.94,1
07-12-2021 01:00,EST,CAPITL,61757,37.09,1.67,-10.11,1
07-12-2021 02:00,EST,CAPITL,61757,35.76,1.7,-8.68,1
07-12-2021 03:00,EST,CAPITL,61757,34.53,1.74,-6.9,1
07-12-2021 04:00,EST,CAPITL,61757,35.15,2.09,-1.86,1
07-12-2021 05:00,EST,CAPITL,61757,36.53,2.35,-1.07,1
07-12-2021 06:00,EST,CAPITL,61757,46.14,3.22,-2.16,1
07-12-2021 07:00,EST,CAPITL,61757,51.1,3.7,0,1
07-12-2021 08:00,EST,CAPITL,61757,45.99,3.44,0,1
07-12-2021 09:00,EST,CAPITL,61757,45.9,3.4,0,1
07-12-2021 10:00,EST,CAPITL,61757,45.79,3.43,0,1
07-12-2021 11:00,EST,CAPITL,61757,46.35,3.55,-0.03,1
07-12-2021 12:00,EST,CAPITL,61757,47.04,3.13,-2.13,1
07-12-2021 13:00,EST,CAPITL,61757,47.49,3.18,-2.46,1
07-12-2021 14:00,EST,CAPITL,61757,48.98,3.31,-2.63,1
07-12-2021 15:00,EST,CAPITL,61757,47.08,3.45,0,1
07-12-2021 16:00,EST,CAPITL,61757,60.49,4.27,0,1
07-12-2021 17:00,EST,CAPITL,61757,71.73,5.06,0,1
07-12-2021 18:00,EST,CAPITL,61757,67.42,4.65,0,1
07-12-2021 19:00,EST,CAPITL,61757,62.04,4.33,0,1
07-12-2021 20:00,EST,CAPITL,61757,56.3,3.78,0,1
07-12-2021 21:00,EST,CAPITL,61757,49.93,3.36,0,1
07-12-2021 22:00,EST,CAPITL,61757,45.86,3.04,0,1
07-12-2021 23:00,EST,CAPITL,61757,41.93,2.96,0,1
08-12-2021 00:00,EST,CAPITL,61757,37.51,2.55,0,1
08-12-2021 01:00,EST,CAPITL,61757,36.05,2.3,0,1
08-12-2021 02:00,EST,CAPITL,61757,35.25,2.25,0,1
08-12-2021 03:00,EST,CAPITL,61757,35.32,2.28,0,1
08-12-2021 04:00,EST,CAPITL,61757,36.18,2.33,0,1
08-12-2021 05:00,EST,CAPITL,61757,39.56,2.83,0,1
08-12-2021 06:00,EST,CAPITL,61757,48.69,3.44,0,1
08-12-2021 07:00,EST,CAPITL,61757,57.95,4.2,0,1
08-12-2021 08:00,EST,CAPITL,61757,55.38,3.82,0,1
08-12-2021 09:00,EST,CAPITL,61757,52.37,3.56,0,1
08-12-2021 10:00,EST,CAPITL,61757,53.63,3.56,0,1
08-12-2021 11:00,EST,CAPITL,61757,52.07,3.63,0,1
08-12-2021 12:00,EST,CAPITL,61757,50.41,3.52,0,1
08-12-2021 13:00,EST,CAPITL,61757,50.11,3.54,0,1
08-12-2021 14:00,EST,CAPITL,61757,50.61,3.62,0,1
08-12-2021 15:00,EST,CAPITL,61757,53.57,3.78,0,1
08-12-2021 16:00,EST,CAPITL,61757,66.94,4.44,0,1
08-12-2021 17:00,EST,CAPITL,61757,74.79,5.09,0,1
08-12-2021 18:00,EST,CAPITL,61757,68.39,4.83,0,1
08-12-2021 19:00,EST,CAPITL,61757,61.23,4.32,0,1
08-12-2021 20:00,EST,CAPITL,61757,56.59,4.14,0,1
08-12-2021 21:00,EST,CAPITL,61757,52.96,3.59,-5.08,1
08-12-2021 22:00,EST,CAPITL,61757,45.63,2.96,-3.27,1
08-12-2021 23:00,EST,CAPITL,61757,46.19,2.53,-8.54,1
09-12-2021 00:00,EST,CAPITL,61757,59.57,2.62,-22.04,1
09-12-2021 01:00,EST,CAPITL,61757,57.07,2.38,-21.64,1
09-12-2021 02:00,EST,CAPITL,61757,55.24,2.39,-19.69,1
09-12-2021 03:00,EST,CAPITL,61757,56.82,2.45,-21.25,1
09-12-2021 04:00,EST,CAPITL,61757,56.12,2.54,-19.2,1
09-12-2021 05:00,EST,CAPITL,61757,59.29,2.83,-20.62,1
09-12-2021 06:00,EST,CAPITL,61757,60.91,4.24,-4.91,1
09-12-2021 07:00,EST,CAPITL,61757,64.43,4.71,-0.06,1
09-12-2021 08:00,EST,CAPITL,61757,60.37,4.37,0,1
09-12-2021 09:00,EST,CAPITL,61757,56.64,4.1,0,1
09-12-2021 10:00,EST,CAPITL,61757,58.71,3.86,-3.98,1
09-12-2021 11:00,EST,CAPITL,61757,58.92,4.06,-1.44,1
09-12-2021 12:00,EST,CAPITL,61757,61.3,3.4,-11.29,1
09-12-2021 13:00,EST,CAPITL,61757,58.5,3.36,-9.11,1
09-12-2021 14:00,EST,CAPITL,61757,57.81,3.5,-7.03,1
09-12-2021 15:00,EST,CAPITL,61757,59.42,3.72,-7.4,1
09-12-2021 16:00,EST,CAPITL,61757,70.17,5.08,0,1
09-12-2021 17:00,EST,CAPITL,61757,84.99,6.37,0,1
09-12-2021 18:00,EST,CAPITL,61757,68.81,5.22,0,1
09-12-2021 19:00,EST,CAPITL,61757,73.46,3.91,-18.83,1
09-12-2021 20:00,EST,CAPITL,61757,63.65,3.48,-14.42,1
09-12-2021 21:00,EST,CAPITL,61757,62.14,2.82,-21.76,1
09-12-2021 22:00,EST,CAPITL,61757,58.38,2.39,-21.87,1
09-12-2021 23:00,EST,CAPITL,61757,57.32,2.11,-22.19,1
10-12-2021 00:00,EST,CAPITL,61757,44.89,2.25,-9.52,1
10-12-2021 01:00,EST,CAPITL,61757,41.01,2.14,-5.88,1
10-12-2021 02:00,EST,CAPITL,61757,39.29,2.17,-4.7,1
10-12-2021 03:00,EST,CAPITL,61757,40.75,2.21,-6.5,1
10-12-2021 04:00,EST,CAPITL,61757,40.91,2.31,-5.55,1
10-12-2021 05:00,EST,CAPITL,61757,43.12,2.52,-7.42,1
10-12-2021 06:00,EST,CAPITL,61757,58.21,2.7,-22.14,1
10-12-2021 07:00,EST,CAPITL,61757,69.36,3.27,-26.73,1
10-12-2021 08:00,EST,CAPITL,61757,59.89,3.13,-18.53,1
10-12-2021 09:00,EST,CAPITL,61757,56.43,3.15,-13.93,1
10-12-2021 10:00,EST,CAPITL,61757,53.68,3.1,-11.4,1
10-12-2021 11:00,EST,CAPITL,61757,50.92,3.14,-8.51,1
10-12-2021 12:00,EST,CAPITL,61757,47.76,2.87,-8.1,1
10-12-2021 13:00,EST,CAPITL,61757,46.63,2.85,-6.75,1
10-12-2021 14:00,EST,CAPITL,61757,47.08,2.89,-7.16,1
10-12-2021 15:00,EST,CAPITL,61757,47.07,3.07,-5.65,1
10-12-2021 16:00,EST,CAPITL,61757,55.84,3.96,-4.12,1
10-12-2021 17:00,EST,CAPITL,61757,60.6,4.27,-6.08,1
10-12-2021 18:00,EST,CAPITL,61757,59.78,3.95,-9.34,1
10-12-2021 19:00,EST,CAPITL,61757,49.74,2.91,-10.47,1
10-12-2021 20:00,EST,CAPITL,61757,49.76,2.79,-11.62,1
10-12-2021 21:00,EST,CAPITL,61757,47.11,2.38,-11.72,1
10-12-2021 22:00,EST,CAPITL,61757,43.6,2.21,-8.44,1
10-12-2021 23:00,EST,CAPITL,61757,40.55,2.07,-5.56,1
11-12-2021 00:00,EST,CAPITL,61757,34.85,2.07,0,1
11-12-2021 01:00,EST,CAPITL,61757,32.65,1.78,-2.56,1
11-12-2021 02:00,EST,CAPITL,61757,32.75,1.63,-4.42,1
11-12-2021 03:00,EST,CAPITL,61757,33.32,1.49,-7,1
11-12-2021 04:00,EST,CAPITL,61757,34.04,1.29,-11.3,1
11-12-2021 05:00,EST,CAPITL,61757,36.52,1.21,-16.06,1
11-12-2021 06:00,EST,CAPITL,61757,36.75,1.27,-14.62,1
11-12-2021 07:00,EST,CAPITL,61757,39.75,1.41,-15.2,1
11-12-2021 08:00,EST,CAPITL,61757,35.09,2.17,0,1
11-12-2021 09:00,EST,CAPITL,61757,40.39,2,-10.22,1
11-12-2021 10:00,EST,CAPITL,61757,38.62,2,-8.07,1
11-12-2021 11:00,EST,CAPITL,61757,41.13,2.05,-10.61,1
11-12-2021 12:00,EST,CAPITL,61757,39.94,1.93,-9.65,1
11-12-2021 13:00,EST,CAPITL,61757,37.74,1.96,-6.99,1
11-12-2021 14:00,EST,CAPITL,61757,38.01,1.8,-9.8,1
11-12-2021 15:00,EST,CAPITL,61757,37.92,1.99,-7.53,1
11-12-2021 16:00,EST,CAPITL,61757,41.57,2.37,-5.82,1
11-12-2021 17:00,EST,CAPITL,61757,54.6,2.68,-16.22,1
11-12-2021 18:00,EST,CAPITL,61757,44.33,2.47,-7.58,1
11-12-2021 19:00,EST,CAPITL,61757,38.59,2.29,-3.12,1
11-12-2021 20:00,EST,CAPITL,61757,37.55,2.1,-3.65,1
11-12-2021 21:00,EST,CAPITL,61757,37.54,1.73,-8.87,1
11-12-2021 22:00,EST,CAPITL,61757,36.75,1.6,-9.36,1
11-12-2021 23:00,EST,CAPITL,61757,34.19,1.49,-9.4,1
12-12-2021 00:00,EST,CAPITL,61757,36.12,0.93,-19.1,1
12-12-2021 01:00,EST,CAPITL,61757,35.18,0.72,-22.44,1
12-12-2021 02:00,EST,CAPITL,61757,33.84,0.56,-23.55,1
12-12-2021 03:00,EST,CAPITL,61757,32.04,0.6,-21.33,1
12-12-2021 04:00,EST,CAPITL,61757,31.91,0.66,-19.8,1
12-12-2021 05:00,EST,CAPITL,61757,31.8,0.8,-17.6,1
12-12-2021 06:00,EST,CAPITL,61757,31.62,1.06,-13.43,1
12-12-2021 07:00,EST,CAPITL,61757,35.15,0.95,-18.11,1
12-12-2021 08:00,EST,CAPITL,61757,35.79,1.31,-14.67,1
12-12-2021 09:00,EST,CAPITL,61757,34.77,1.45,-11.72,1
12-12-2021 10:00,EST,CAPITL,61757,35.37,1.26,-14.45,1
12-12-2021 11:00,EST,CAPITL,61757,36.21,1.26,-15.49,1
12-12-2021 12:00,EST,CAPITL,61757,35.99,1.34,-13.69,1
12-12-2021 13:00,EST,CAPITL,61757,35.88,1.17,-15.78,1
12-12-2021 14:00,EST,CAPITL,61757,35.83,1.21,-15.5,1
12-12-2021 15:00,EST,CAPITL,61757,33.07,1.55,-8.07,1
12-12-2021 16:00,EST,CAPITL,61757,39.85,2.05,-8.03,1
12-12-2021 17:00,EST,CAPITL,61757,50.24,2.42,-15.05,1
12-12-2021 18:00,EST,CAPITL,61757,40.64,2.32,-5.69,1
12-12-2021 19:00,EST,CAPITL,61757,39.32,2.07,-7.62,1
12-12-2021 20:00,EST,CAPITL,61757,36.57,1.92,-6.46,1
12-12-2021 21:00,EST,CAPITL,61757,39.92,1.62,-14.08,1
12-12-2021 22:00,EST,CAPITL,61757,37.76,1.33,-15.7,1
12-12-2021 23:00,EST,CAPITL,61757,37.46,0.95,-20.35,1
13-12-2021 00:00,EST,CAPITL,61757,39.16,1.17,-19.12,1
13-12-2021 01:00,EST,CAPITL,61757,36.65,0.98,-19.95,1
13-12-2021 02:00,EST,CAPITL,61757,34.09,0.98,-17.37,1
13-12-2021 03:00,EST,CAPITL,61757,34.34,0.97,-17.66,1
13-12-2021 04:00,EST,CAPITL,61757,36.33,0.97,-19.65,1
13-12-2021 05:00,EST,CAPITL,61757,36.17,1.24,-16.47,1
13-12-2021 06:00,EST,CAPITL,61757,40.48,1.74,-13.23,1
13-12-2021 07:00,EST,CAPITL,61757,44.32,2.21,-11.85,1
13-12-2021 08:00,EST,CAPITL,61757,37.04,2.55,-0.03,1
13-12-2021 09:00,EST,CAPITL,61757,36.66,2.49,0,1
13-12-2021 10:00,EST,CAPITL,61757,35.21,2.11,-0.64,1
13-12-2021 11:00,EST,CAPITL,61757,33.3,2.1,-0.69,1
13-12-2021 12:00,EST,CAPITL,61757,33.27,1.98,-1.33,1
13-12-2021 13:00,EST,CAPITL,61757,32.42,1.94,-0.55,1
13-12-2021 14:00,EST,CAPITL,61757,32.83,2.06,-0.56,1
13-12-2021 15:00,EST,CAPITL,61757,32.24,1.96,-0.54,1
13-12-2021 16:00,EST,CAPITL,61757,41.03,2.28,-5.68,1
13-12-2021 17:00,EST,CAPITL,61757,54.09,3.02,-10.28,1
13-12-2021 18:00,EST,CAPITL,61757,44.39,2.66,-5.33,1
13-12-2021 19:00,EST,CAPITL,61757,36.9,2.48,0,1
13-12-2021 20:00,EST,CAPITL,61757,35.34,2.22,0,1
13-12-2021 21:00,EST,CAPITL,61757,34.81,2.14,-1.58,1
13-12-2021 22:00,EST,CAPITL,61757,33.82,2.03,-1.9,1
13-12-2021 23:00,EST,CAPITL,61757,33.86,1.77,-4.89,1
14-12-2021 00:00,EST,CAPITL,61757,32.12,2.2,-1.37,1
14-12-2021 01:00,EST,CAPITL,61757,29.95,2.01,-1.53,1
14-12-2021 02:00,EST,CAPITL,61757,28.4,1.97,-0.5,1
14-12-2021 03:00,EST,CAPITL,61757,28.31,1.98,0,1
14-12-2021 04:00,EST,CAPITL,61757,28.99,1.95,0,1
14-12-2021 05:00,EST,CAPITL,61757,31.06,1.84,0,1
14-12-2021 06:00,EST,CAPITL,61757,37.98,2.32,0,1
14-12-2021 07:00,EST,CAPITL,61757,42.17,2.8,0,1
14-12-2021 08:00,EST,CAPITL,61757,38.34,2.51,0,1
14-12-2021 09:00,EST,CAPITL,61757,36.55,2,0,1
14-12-2021 10:00,EST,CAPITL,61757,35.17,1.86,0,1
14-12-2021 11:00,EST,CAPITL,61757,34.19,1.72,0,1
14-12-2021 12:00,EST,CAPITL,61757,33.98,1.68,0,1
14-12-2021 13:00,EST,CAPITL,61757,33.56,1.72,0,1
14-12-2021 14:00,EST,CAPITL,61757,33.35,1.8,0,1
14-12-2021 15:00,EST,CAPITL,61757,35.33,2.03,0,1
14-12-2021 16:00,EST,CAPITL,61757,41.51,2.64,0,1
14-12-2021 17:00,EST,CAPITL,61757,55.01,3.55,0,1
14-12-2021 18:00,EST,CAPITL,61757,44.91,2.9,0,1
14-12-2021 19:00,EST,CAPITL,61757,38.91,2.44,0,1
14-12-2021 20:00,EST,CAPITL,61757,38.06,2.49,0,1
14-12-2021 21:00,EST,CAPITL,61757,35.96,2.32,0,1
14-12-2021 22:00,EST,CAPITL,61757,33.67,2.29,0,1
14-12-2021 23:00,EST,CAPITL,61757,32.55,2.1,0,1
15-12-2021 00:00,EST,CAPITL,61757,33.95,2.13,0,1
15-12-2021 01:00,EST,CAPITL,61757,33.25,1.93,-4.19,1
15-12-2021 02:00,EST,CAPITL,61757,31.79,1.83,-3.03,1
15-12-2021 03:00,EST,CAPITL,61757,31.36,1.93,-1.84,1
15-12-2021 04:00,EST,CAPITL,61757,31.82,1.9,-3.16,1
15-12-2021 05:00,EST,CAPITL,61757,34.75,2.13,-4.18,1
15-12-2021 06:00,EST,CAPITL,61757,37.33,2.64,-1.2,1
15-12-2021 07:00,EST,CAPITL,61757,42.64,2.73,-6.26,1
15-12-2021 08:00,EST,CAPITL,61757,40.85,3.1,-0.85,1
15-12-2021 09:00,EST,CAPITL,61757,39.72,2.94,-1.31,1
15-12-2021 10:00,EST,CAPITL,61757,37.78,2.85,-0.12,1
15-12-2021 11:00,EST,CAPITL,61757,36.09,2.73,-0.12,1
15-12-2021 12:00,EST,CAPITL,61757,36.5,2.62,-2.32,1
15-12-2021 13:00,EST,CAPITL,61757,36.28,2.54,-2.81,1
15-12-2021 14:00,EST,CAPITL,61757,35.97,2.43,-2.81,1
15-12-2021 15:00,EST,CAPITL,61757,38.55,2.33,-6.77,1
15-12-2021 16:00,EST,CAPITL,61757,41.33,2.94,-4.19,1
15-12-2021 17:00,EST,CAPITL,61757,55.9,3.2,-16.71,1
15-12-2021 18:00,EST,CAPITL,61757,49.45,2.83,-13.3,1
15-12-2021 19:00,EST,CAPITL,61757,41.02,2.6,-6.76,1
15-12-2021 20:00,EST,CAPITL,61757,40.56,2.1,-11.93,1
15-12-2021 21:00,EST,CAPITL,61757,39.45,1.82,-14.02,1
15-12-2021 22:00,EST,CAPITL,61757,38.92,1.42,-18.37,1
15-12-2021 23:00,EST,CAPITL,61757,38.66,1.16,-20.67,1
16-12-2021 00:00,EST,CAPITL,61757,35.66,1.09,-18.96,1
16-12-2021 01:00,EST,CAPITL,61757,34.94,0.93,-20.35,1
16-12-2021 02:00,EST,CAPITL,61757,34.64,0.77,-22.68,1
16-12-2021 03:00,EST,CAPITL,61757,34.18,0.71,-23.09,1
16-12-2021 04:00,EST,CAPITL,61757,35.22,0.76,-23.63,1
16-12-2021 05:00,EST,CAPITL,61757,35.44,0.83,-22.57,1
16-12-2021 06:00,EST,CAPITL,61757,34.99,1.32,-15.37,1
16-12-2021 07:00,EST,CAPITL,61757,38.54,1.29,-18.85,1
16-12-2021 08:00,EST,CAPITL,61757,37.66,1.38,-16.89,1
16-12-2021 09:00,EST,CAPITL,61757,37.89,1.47,-15.39,1
16-12-2021 10:00,EST,CAPITL,61757,36.3,1.51,-12.59,1
16-12-2021 11:00,EST,CAPITL,61757,34.89,1.6,-10.08,1
16-12-2021 12:00,EST,CAPITL,61757,34.67,1.66,-8.58,1
16-12-2021 13:00,EST,CAPITL,61757,35.05,1.54,-10.84,1
16-12-2021 14:00,EST,CAPITL,61757,34.41,1.41,-11.98,1
16-12-2021 15:00,EST,CAPITL,61757,35.07,1.46,-12.1,1
16-12-2021 16:00,EST,CAPITL,61757,40.35,1.92,-11.36,1
16-12-2021 17:00,EST,CAPITL,61757,46.42,2.22,-14.68,1
16-12-2021 18:00,EST,CAPITL,61757,42.08,1.88,-14.78,1
16-12-2021 19:00,EST,CAPITL,61757,36.68,1.79,-10.43,1
16-12-2021 20:00,EST,CAPITL,61757,35.78,1.53,-12.33,1
16-12-2021 21:00,EST,CAPITL,61757,35.73,1.32,-15.61,1
16-12-2021 22:00,EST,CAPITL,61757,33.96,1.27,-14.07,1
16-12-2021 23:00,EST,CAPITL,61757,33.93,1.02,-17.45,1
17-12-2021 00:00,EST,CAPITL,61757,36.16,0.8,-23.79,1
17-12-2021 01:00,EST,CAPITL,61757,35.5,0.66,-25.32,1
17-12-2021 02:00,EST,CAPITL,61757,32.88,0.61,-22.95,1
17-12-2021 03:00,EST,CAPITL,61757,32.19,0.65,-21.57,1
17-12-2021 04:00,EST,CAPITL,61757,31.51,0.66,-20.78,1
17-12-2021 05:00,EST,CAPITL,61757,31.15,1.02,-14.92,1
17-12-2021 06:00,EST,CAPITL,61757,32.03,1.71,-6.53,1
17-12-2021 07:00,EST,CAPITL,61757,35.88,1.96,-6.65,1
17-12-2021 08:00,EST,CAPITL,61757,32.74,2.2,-1.2,1
17-12-2021 09:00,EST,CAPITL,61757,32.48,2.24,-1.16,1
17-12-2021 10:00,EST,CAPITL,61757,31.89,2.07,-1.15,1
17-12-2021 11:00,EST,CAPITL,61757,31.68,2.05,-1.14,1
17-12-2021 12:00,EST,CAPITL,61757,31.84,2.03,-1.17,1
17-12-2021 13:00,EST,CAPITL,61757,31.25,1.97,-1.13,1
17-12-2021 14:00,EST,CAPITL,61757,31.83,2.05,-0.97,1
17-12-2021 15:00,EST,CAPITL,61757,32.03,2.11,-0.98,1
17-12-2021 16:00,EST,CAPITL,61757,39.36,2.64,-0.5,1
17-12-2021 17:00,EST,CAPITL,61757,46.72,3.38,-0.51,1
17-12-2021 18:00,EST,CAPITL,61757,42.21,3.03,-0.35,1
17-12-2021 19:00,EST,CAPITL,61757,37.57,2.54,-0.19,1
17-12-2021 20:00,EST,CAPITL,61757,35.89,2.37,-0.14,1
17-12-2021 21:00,EST,CAPITL,61757,34.39,2.22,0,1
17-12-2021 22:00,EST,CAPITL,61757,31.79,2.08,0,1
17-12-2021 23:00,EST,CAPITL,61757,30.6,1.97,0,1
18-12-2021 00:00,EST,CAPITL,61757,38.65,2.53,-2.8,1
18-12-2021 01:00,EST,CAPITL,61757,33.37,2.3,0,1
18-12-2021 02:00,EST,CAPITL,61757,31.53,2.06,0,1
18-12-2021 03:00,EST,CAPITL,61757,32.02,1.69,-5.83,1
18-12-2021 04:00,EST,CAPITL,61757,30.04,1.85,-0.55,1
18-12-2021 05:00,EST,CAPITL,61757,31.39,1.95,-0.74,1
18-12-2021 06:00,EST,CAPITL,61757,35.49,2.22,-0.09,1
18-12-2021 07:00,EST,CAPITL,61757,43.01,2.37,-7.19,1
18-12-2021 08:00,EST,CAPITL,61757,48.68,2.36,-12.56,1
18-12-2021 09:00,EST,CAPITL,61757,50.41,2.51,-14,1
18-12-2021 10:00,EST,CAPITL,61757,57.55,2.75,-19.08,1
18-12-2021 11:00,EST,CAPITL,61757,59.99,2.72,-21.89,1
18-12-2021 12:00,EST,CAPITL,61757,57.51,2.62,-20.35,1
18-12-2021 13:00,EST,CAPITL,61757,57.71,2.6,-20.5,1
18-12-2021 14:00,EST,CAPITL,61757,53.92,2.67,-15.62,1
18-12-2021 15:00,EST,CAPITL,61757,55.79,2.62,-17.79,1
18-12-2021 16:00,EST,CAPITL,61757,72.52,2.98,-31.81,1
18-12-2021 17:00,EST,CAPITL,61757,73.35,4.99,-9.01,1
18-12-2021 18:00,EST,CAPITL,61757,69.88,3.87,-18.27,1
18-12-2021 19:00,EST,CAPITL,61757,69.04,3.06,-26.82,1
18-12-2021 20:00,EST,CAPITL,61757,65.87,2.59,-29.12,1
18-12-2021 21:00,EST,CAPITL,61757,54.07,2.43,-17.96,1
18-12-2021 22:00,EST,CAPITL,61757,45.27,2.36,-9.73,1
18-12-2021 23:00,EST,CAPITL,61757,43.5,2.49,-7.85,1
19-12-2021 00:00,EST,CAPITL,61757,52.59,2.75,-15.47,1
19-12-2021 01:00,EST,CAPITL,61757,44.09,2.61,-8.46,1
19-12-2021 02:00,EST,CAPITL,61757,45.13,2.26,-14.31,1
19-12-2021 03:00,EST,CAPITL,61757,45.35,2.09,-17.11,1
19-12-2021 04:00,EST,CAPITL,61757,45.74,2.09,-17.52,1
19-12-2021 05:00,EST,CAPITL,61757,42.6,2.24,-12.76,1
19-12-2021 06:00,EST,CAPITL,61757,43.31,2.05,-15.6,1
19-12-2021 07:00,EST,CAPITL,61757,50.42,2.27,-19.35,1
19-12-2021 08:00,EST,CAPITL,61757,55.04,2.85,-19.07,1
19-12-2021 09:00,EST,CAPITL,61757,56.54,2.89,-20.39,1
19-12-2021 10:00,EST,CAPITL,61757,62.87,2.89,-26.4,1
19-12-2021 11:00,EST,CAPITL,61757,61.12,2.87,-24.94,1
19-12-2021 12:00,EST,CAPITL,61757,60.39,2.83,-24.23,1
19-12-2021 13:00,EST,CAPITL,61757,62.85,2.9,-26.61,1
19-12-2021 14:00,EST,CAPITL,61757,64.43,2.83,-28.3,1
19-12-2021 15:00,EST,CAPITL,61757,66.78,2.93,-30.5,1
19-12-2021 16:00,EST,CAPITL,61757,82.99,4.21,-35.89,1
19-12-2021 17:00,EST,CAPITL,61757,99,6.67,-26.94,1
19-12-2021 18:00,EST,CAPITL,61757,90.45,5.18,-34.54,1
19-12-2021 19:00,EST,CAPITL,61757,85,4.58,-34.15,1
19-12-2021 20:00,EST,CAPITL,61757,91.02,3.91,-45.93,1
19-12-2021 21:00,EST,CAPITL,61757,85,3.13,-48.26,1
19-12-2021 22:00,EST,CAPITL,61757,69.3,3.14,-32.76,1
19-12-2021 23:00,EST,CAPITL,61757,55.71,2.98,-19.18,1
20-12-2021 00:00,EST,CAPITL,61757,66.47,2.81,-30.22,1
20-12-2021 01:00,EST,CAPITL,61757,58.83,2.86,-22.76,1
20-12-2021 02:00,EST,CAPITL,61757,58.71,2.77,-22.95,1
20-12-2021 03:00,EST,CAPITL,61757,60.71,2.71,-26.82,1
20-12-2021 04:00,EST,CAPITL,61757,61,2.83,-25.25,1
20-12-2021 05:00,EST,CAPITL,61757,65.27,2.92,-29.16,1
20-12-2021 06:00,EST,CAPITL,61757,83.06,3.57,-39.36,1
20-12-2021 07:00,EST,CAPITL,61757,95.07,3.98,-41.95,1
20-12-2021 08:00,EST,CAPITL,61757,112.05,3.3,-69.41,1
20-12-2021 09:00,EST,CAPITL,61757,92.91,3.24,-50.17,1
20-12-2021 10:00,EST,CAPITL,61757,102.23,2.74,-66.51,1
20-12-2021 11:00,EST,CAPITL,61757,100.19,2.28,-68.65,1
20-12-2021 12:00,EST,CAPITL,61757,99,1.76,-74.72,1
20-12-2021 13:00,EST,CAPITL,61757,97.6,1.76,-73.32,1
20-12-2021 14:00,EST,CAPITL,61757,95.71,1.26,-78.46,1
20-12-2021 15:00,EST,CAPITL,61757,108.78,1.27,-91.87,1
20-12-2021 16:00,EST,CAPITL,61757,97.07,2.83,-61.3,1
20-12-2021 17:00,EST,CAPITL,61757,134.14,3.28,-95.22,1
20-12-2021 18:00,EST,CAPITL,61757,120.31,3.06,-83.93,1
20-12-2021 19:00,EST,CAPITL,61757,101.35,2.95,-65.61,1
20-12-2021 20:00,EST,CAPITL,61757,96.54,2.11,-69.87,1
20-12-2021 21:00,EST,CAPITL,61757,94.52,1.4,-76.52,1
20-12-2021 22:00,EST,CAPITL,61757,103.86,1.19,-86.95,1
20-12-2021 23:00,EST,CAPITL,61757,90.86,1.3,-72.01,1
21-12-2021 00:00,EST,CAPITL,61757,109.43,1.28,-91.25,1
21-12-2021 01:00,EST,CAPITL,61757,93.64,1.21,-76.74,1
21-12-2021 02:00,EST,CAPITL,61757,90.5,1.37,-71.15,1
21-12-2021 03:00,EST,CAPITL,61757,95.29,1.43,-75.23,1
21-12-2021 04:00,EST,CAPITL,61757,91.48,1.49,-70.93,1
21-12-2021 05:00,EST,CAPITL,61757,92.43,2.43,-60.72,1
21-12-2021 06:00,EST,CAPITL,61757,101.15,3.04,-61.5,1
21-12-2021 07:00,EST,CAPITL,61757,125.57,2.53,-92.48,1
21-12-2021 08:00,EST,CAPITL,61757,121,2.95,-84.17,1
21-12-2021 09:00,EST,CAPITL,61757,104.5,2.84,-68.18,1
21-12-2021 10:00,EST,CAPITL,61757,88.12,2.95,-49.19,1
21-12-2021 11:00,EST,CAPITL,61757,86.94,2.7,-50.84,1
21-12-2021 12:00,EST,CAPITL,61757,82.85,2.66,-46.9,1
21-12-2021 13:00,EST,CAPITL,61757,82.44,2.6,-46.55,1
21-12-2021 14:00,EST,CAPITL,61757,81.41,2.62,-45.57,1
21-12-2021 15:00,EST,CAPITL,61757,85.01,2.67,-48.96,1
21-12-2021 16:00,EST,CAPITL,61757,100.77,3.27,-58.61,1
21-12-2021 17:00,EST,CAPITL,61757,127.71,5.11,-65.23,1
21-12-2021 18:00,EST,CAPITL,61757,118.45,3.92,-70.05,1
21-12-2021 19:00,EST,CAPITL,61757,100.12,3.3,-57.95,1
21-12-2021 20:00,EST,CAPITL,61757,88.96,2.97,-50.19,1
21-12-2021 21:00,EST,CAPITL,61757,84.65,2.65,-48.87,1
21-12-2021 22:00,EST,CAPITL,61757,77.52,2.62,-41.68,1
21-12-2021 23:00,EST,CAPITL,61757,73.99,2.36,-40.56,1
22-12-2021 00:00,EST,CAPITL,61757,59.47,1.69,-32.9,1
22-12-2021 01:00,EST,CAPITL,61757,58.62,1.2,-39.46,1
22-12-2021 02:00,EST,CAPITL,61757,56.92,1.08,-39.22,1
22-12-2021 03:00,EST,CAPITL,61757,56.6,1.09,-38.94,1
22-12-2021 04:00,EST,CAPITL,61757,56.08,1.3,-35.45,1
22-12-2021 05:00,EST,CAPITL,61757,53.02,1.88,-23.86,1
22-12-2021 06:00,EST,CAPITL,61757,64.37,2.42,-28.29,1
22-12-2021 07:00,EST,CAPITL,61757,81.98,2.29,-46.4,1
22-12-2021 08:00,EST,CAPITL,61757,72.59,2.38,-36.64,1
22-12-2021 09:00,EST,CAPITL,61757,64.61,2.24,-30.9,1
22-12-2021 10:00,EST,CAPITL,61757,62.14,2.21,-28.86,1
22-12-2021 11:00,EST,CAPITL,61757,64.89,2.01,-34.95,1
22-12-2021 12:00,EST,CAPITL,61757,61.26,1.81,-34.02,1
22-12-2021 13:00,EST,CAPITL,61757,58.56,1.85,-30.3,1
22-12-2021 14:00,EST,CAPITL,61757,56.77,1.96,-27.19,1
22-12-2021 15:00,EST,CAPITL,61757,57.35,2.14,-26.29,1
22-12-2021 16:00,EST,CAPITL,61757,70.19,2.64,-34.62,1
22-12-2021 17:00,EST,CAPITL,61757,85.54,3.3,-41.54,1
22-12-2021 18:00,EST,CAPITL,61757,77.77,3.01,-38.1,1
22-12-2021 19:00,EST,CAPITL,61757,74.39,2.78,-36.42,1
22-12-2021 20:00,EST,CAPITL,61757,59.91,2.82,-21.41,1
22-12-2021 21:00,EST,CAPITL,61757,59.57,2.51,-23.57,1
22-12-2021 22:00,EST,CAPITL,61757,57.8,2.41,-22.42,1
22-12-2021 23:00,EST,CAPITL,61757,51.36,2.18,-17.63,1
23-12-2021 00:00,EST,CAPITL,61757,79.67,1.51,-57.45,1
23-12-2021 01:00,EST,CAPITL,61757,75.06,1.12,-58.22,1
23-12-2021 02:00,EST,CAPITL,61757,72.86,1.12,-56.04,1
23-12-2021 03:00,EST,CAPITL,61757,75.25,1.13,-58.41,1
23-12-2021 04:00,EST,CAPITL,61757,74.13,1.16,-57.23,1
23-12-2021 05:00,EST,CAPITL,61757,72.13,1.97,-44.19,1
23-12-2021 06:00,EST,CAPITL,61757,82.63,2.53,-46.81,1
23-12-2021 07:00,EST,CAPITL,61757,90.76,2.69,-53.57,1
23-12-2021 08:00,EST,CAPITL,61757,84.45,2.74,-45.25,1
23-12-2021 09:00,EST,CAPITL,61757,79.73,2.52,-43.16,1
23-12-2021 10:00,EST,CAPITL,61757,74.56,2.54,-37.15,1
23-12-2021 11:00,EST,CAPITL,61757,74.48,2.29,-39.39,1
23-12-2021 12:00,EST,CAPITL,61757,71.92,2.21,-36.75,1
23-12-2021 13:00,EST,CAPITL,61757,71.58,2.15,-37.37,1
23-12-2021 14:00,EST,CAPITL,61757,70.42,2.21,-35.8,1
23-12-2021 15:00,EST,CAPITL,61757,75.8,2.42,-40.24,1
23-12-2021 16:00,EST,CAPITL,61757,84.64,2.72,-47.09,1
23-12-2021 17:00,EST,CAPITL,61757,113.62,3.22,-70.66,1
23-12-2021 18:00,EST,CAPITL,61757,103.28,2.86,-64.7,1
23-12-2021 19:00,EST,CAPITL,61757,92.83,2.77,-54.15,1
23-12-2021 20:00,EST,CAPITL,61757,82.27,2.62,-44.78,1
23-12-2021 21:00,EST,CAPITL,61757,76.85,2.52,-40.76,1
23-12-2021 22:00,EST,CAPITL,61757,76.71,2.48,-41.15,1
23-12-2021 23:00,EST,CAPITL,61757,72.06,2.08,-41.07,1
24-12-2021 00:00,EST,CAPITL,61757,56.96,1.96,-26.6,1
24-12-2021 01:00,EST,CAPITL,61757,53.64,1.56,-29.12,1
24-12-2021 02:00,EST,CAPITL,61757,54.9,1.28,-34.29,1
24-12-2021 03:00,EST,CAPITL,61757,57.85,1.1,-40.11,1
24-12-2021 04:00,EST,CAPITL,61757,52.46,1.78,-24.54,1
24-12-2021 05:00,EST,CAPITL,61757,47.15,2.29,-12.2,1
24-12-2021 06:00,EST,CAPITL,61757,53.56,2.25,-18.23,1
24-12-2021 07:00,EST,CAPITL,61757,60.61,2.22,-25.27,1
24-12-2021 08:00,EST,CAPITL,61757,60.31,2.29,-24.88,1
24-12-2021 09:00,EST,CAPITL,61757,52.65,2.28,-17.25,1
24-12-2021 10:00,EST,CAPITL,61757,52.58,2.15,-18.4,1
24-12-2021 11:00,EST,CAPITL,61757,49.82,2.21,-14.56,1
24-12-2021 12:00,EST,CAPITL,61757,48.04,2.13,-13.58,1
24-12-2021 13:00,EST,CAPITL,61757,47.76,2.22,-12.89,1
24-12-2021 14:00,EST,CAPITL,61757,47.35,2.1,-14.8,1
24-12-2021 15:00,EST,CAPITL,61757,48.21,1.99,-17.3,1
24-12-2021 16:00,EST,CAPITL,61757,73.66,1.79,-45.6,1
24-12-2021 17:00,EST,CAPITL,61757,82.25,2.09,-50.33,1
24-12-2021 18:00,EST,CAPITL,61757,84.55,1.67,-58.42,1
24-12-2021 19:00,EST,CAPITL,61757,74.43,1.79,-45.02,1
24-12-2021 20:00,EST,CAPITL,61757,55.88,1.66,-29.47,1
24-12-2021 21:00,EST,CAPITL,61757,55.65,1.69,-28.75,1
24-12-2021 22:00,EST,CAPITL,61757,56.35,1.6,-31.3,1
24-12-2021 23:00,EST,CAPITL,61757,55.08,1.23,-34.85,1
25-12-2021 00:00,EST,CAPITL,61757,48.34,1.01,-31.81,1
25-12-2021 01:00,EST,CAPITL,61757,44.68,0.91,-29.5,1
25-12-2021 02:00,EST,CAPITL,61757,44.36,0.81,-30.95,1
25-12-2021 03:00,EST,CAPITL,61757,42,0.84,-28.23,1
25-12-2021 04:00,EST,CAPITL,61757,41.68,0.85,-27.98,1
25-12-2021 05:00,EST,CAPITL,61757,41.62,0.85,-27.81,1
25-12-2021 06:00,EST,CAPITL,61757,38.85,1.02,-22.29,1
25-12-2021 07:00,EST,CAPITL,61757,42.67,1.06,-25.25,1
25-12-2021 08:00,EST,CAPITL,61757,39.25,1.88,-10.54,1
25-12-2021 09:00,EST,CAPITL,61757,38.47,2.3,-4.68,1
25-12-2021 10:00,EST,CAPITL,61757,38.84,2.3,-4.65,1
25-12-2021 11:00,EST,CAPITL,61757,36.8,2.26,-3.63,1
25-12-2021 12:00,EST,CAPITL,61757,37.36,1.98,-6.74,1
25-12-2021 13:00,EST,CAPITL,61757,35,1.98,-4.23,1
25-12-2021 14:00,EST,CAPITL,61757,35.27,1.88,-6.06,1
25-12-2021 15:00,EST,CAPITL,61757,35.79,1.89,-6.91,1
25-12-2021 16:00,EST,CAPITL,61757,46.88,2.01,-15.25,1
25-12-2021 17:00,EST,CAPITL,61757,58.03,2.38,-22.56,1
25-12-2021 18:00,EST,CAPITL,61757,51.01,2.31,-15.64,1
25-12-2021 19:00,EST,CAPITL,61757,43.8,2.01,-12.26,1
25-12-2021 20:00,EST,CAPITL,61757,36.65,1.95,-6.01,1
25-12-2021 21:00,EST,CAPITL,61757,35.37,1.81,-6.1,1
25-12-2021 22:00,EST,CAPITL,61757,37.47,1.45,-13.37,1
25-12-2021 23:00,EST,CAPITL,61757,44.43,0.95,-27.94,1
26-12-2021 00:00,EST,CAPITL,61757,46.87,0.97,-30.27,1
26-12-2021 01:00,EST,CAPITL,61757,41.48,0.97,-24.9,1
26-12-2021 02:00,EST,CAPITL,61757,40.09,0.95,-23.51,1
26-12-2021 03:00,EST,CAPITL,61757,39.18,0.94,-22.65,1
26-12-2021 04:00,EST,CAPITL,61757,37.2,0.95,-20.62,1
26-12-2021 05:00,EST,CAPITL,61757,36.24,0.99,-19.56,1
26-12-2021 06:00,EST,CAPITL,61757,35.27,1.04,-18.23,1
26-12-2021 07:00,EST,CAPITL,61757,35.18,1.26,-13.67,1
26-12-2021 08:00,EST,CAPITL,61757,36.68,1.65,-10.81,1
26-12-2021 09:00,EST,CAPITL,61757,37.19,1.99,-6.37,1
26-12-2021 10:00,EST,CAPITL,61757,35.84,2.08,-3.98,1
26-12-2021 11:00,EST,CAPITL,61757,37.19,2.02,-6.28,1
26-12-2021 12:00,EST,CAPITL,61757,37.14,1.96,-7.18,1
26-12-2021 13:00,EST,CAPITL,61757,34.39,2.01,-3.29,1
26-12-2021 14:00,EST,CAPITL,61757,32.91,2.05,-1.5,1
26-12-2021 15:00,EST,CAPITL,61757,36.14,2.09,-4.23,1
26-12-2021 16:00,EST,CAPITL,61757,39.84,2.39,-4.32,1
26-12-2021 17:00,EST,CAPITL,61757,63.1,2.65,-24.1,1
26-12-2021 18:00,EST,CAPITL,61757,53.88,2.65,-14.89,1
26-12-2021 19:00,EST,CAPITL,61757,45,2.63,-6.36,1
26-12-2021 20:00,EST,CAPITL,61757,40.71,2.63,-2.47,1
26-12-2021 21:00,EST,CAPITL,61757,38.77,2.44,-1.96,1
26-12-2021 22:00,EST,CAPITL,61757,37.92,2.04,-5.48,1
26-12-2021 23:00,EST,CAPITL,61757,40.6,1.5,-15.61,1
27-12-2021 00:00,EST,CAPITL,61757,38.38,2.14,-3.26,1
27-12-2021 01:00,EST,CAPITL,61757,38.05,1.76,-9.14,1
27-12-2021 02:00,EST,CAPITL,61757,38.3,1.72,-10.18,1
27-12-2021 03:00,EST,CAPITL,61757,38.09,1.71,-9.66,1
27-12-2021 04:00,EST,CAPITL,61757,39.17,1.8,-10.15,1
27-12-2021 05:00,EST,CAPITL,61757,41.86,2.13,-8.01,1
27-12-2021 06:00,EST,CAPITL,61757,40.39,2.25,-5.01,1
27-12-2021 07:00,EST,CAPITL,61757,48.47,2.32,-12.04,1
27-12-2021 08:00,EST,CAPITL,61757,58.61,2.67,-18.3,1
27-12-2021 09:00,EST,CAPITL,61757,61.49,2.85,-18.52,1
27-12-2021 10:00,EST,CAPITL,61757,53.77,2.95,-9.85,1
27-12-2021 11:00,EST,CAPITL,61757,47.76,3.17,0,1
27-12-2021 12:00,EST,CAPITL,61757,45.77,3.03,0,1
27-12-2021 13:00,EST,CAPITL,61757,43.3,2.83,-0.03,1
27-12-2021 14:00,EST,CAPITL,61757,42.64,2.5,-3.9,1
27-12-2021 15:00,EST,CAPITL,61757,46.25,2.34,-8.49,1
27-12-2021 16:00,EST,CAPITL,61757,70.08,2.46,-31.94,1
27-12-2021 17:00,EST,CAPITL,61757,76.56,3.23,-28.53,1
27-12-2021 18:00,EST,CAPITL,61757,71.81,2.57,-33.51,1
27-12-2021 19:00,EST,CAPITL,61757,68.35,2.45,-30.92,1
27-12-2021 20:00,EST,CAPITL,61757,56.35,2.28,-20.94,1
27-12-2021 21:00,EST,CAPITL,61757,50.39,2.14,-15.83,1
27-12-2021 22:00,EST,CAPITL,61757,45.41,1.8,-16.36,1
27-12-2021 23:00,EST,CAPITL,61757,44.21,1.43,-19.01,1
28-12-2021 00:00,EST,CAPITL,61757,45.51,1.42,-21.11,1
28-12-2021 01:00,EST,CAPITL,61757,42.5,1.23,-21.47,1
28-12-2021 02:00,EST,CAPITL,61757,41.61,0.97,-24.72,1
28-12-2021 03:00,EST,CAPITL,61757,39.37,1,-21.96,1
28-12-2021 04:00,EST,CAPITL,61757,40.79,1.01,-23.75,1
28-12-2021 05:00,EST,CAPITL,61757,44.33,1.19,-24.76,1
28-12-2021 06:00,EST,CAPITL,61757,52.2,1.21,-31.71,1
28-12-2021 07:00,EST,CAPITL,61757,49.74,1.93,-18.98,1
28-12-2021 08:00,EST,CAPITL,61757,49.38,2.32,-13.97,1
28-12-2021 09:00,EST,CAPITL,61757,51.33,2.29,-15.78,1
28-12-2021 10:00,EST,CAPITL,61757,46.73,2.4,-9.46,1
28-12-2021 11:00,EST,CAPITL,61757,43.82,2.41,-6.41,1
28-12-2021 12:00,EST,CAPITL,61757,42.46,2.24,-6.75,1
28-12-2021 13:00,EST,CAPITL,61757,40.01,2.31,-3.24,1
28-12-2021 14:00,EST,CAPITL,61757,41.45,2.26,-5.43,1
28-12-2021 15:00,EST,CAPITL,61757,42.31,2.43,-4.16,1
28-12-2021 16:00,EST,CAPITL,61757,51.26,2.86,-8.19,1
28-12-2021 17:00,EST,CAPITL,61757,65.27,3.71,-10.66,1
28-12-2021 18:00,EST,CAPITL,61757,51.87,2.95,-7.92,1
28-12-2021 19:00,EST,CAPITL,61757,46.98,2.89,-4.01,1
28-12-2021 20:00,EST,CAPITL,61757,42.71,2.72,-1.68,1
28-12-2021 21:00,EST,CAPITL,61757,42.2,2.39,-4.16,1
28-12-2021 22:00,EST,CAPITL,61757,37.7,2.18,-2.47,1
28-12-2021 23:00,EST,CAPITL,61757,38.3,1.75,-6.94,1
29-12-2021 00:00,EST,CAPITL,61757,34.05,1.9,0,1
29-12-2021 01:00,EST,CAPITL,61757,30.35,1.69,-0.53,1
29-12-2021 02:00,EST,CAPITL,61757,33.82,1.42,-8.29,1
29-12-2021 03:00,EST,CAPITL,61757,32.56,1.44,-6.66,1
29-12-2021 04:00,EST,CAPITL,61757,30.26,1.5,-3.79,1
29-12-2021 05:00,EST,CAPITL,61757,31.14,1.82,-0.06,1
29-12-2021 06:00,EST,CAPITL,61757,35.2,2.09,0,1
29-12-2021 07:00,EST,CAPITL,61757,38,2.38,-0.65,1
29-12-2021 08:00,EST,CAPITL,61757,46.57,2.11,-15.24,1
29-12-2021 09:00,EST,CAPITL,61757,46.85,2.37,-11.6,1
29-12-2021 10:00,EST,CAPITL,61757,49.43,2.42,-13.88,1
29-12-2021 11:00,EST,CAPITL,61757,45.69,2.38,-10.2,1
29-12-2021 12:00,EST,CAPITL,61757,44.75,2.29,-10.61,1
29-12-2021 13:00,EST,CAPITL,61757,43.47,2.28,-9.59,1
29-12-2021 14:00,EST,CAPITL,61757,42.81,2.26,-8.3,1
29-12-2021 15:00,EST,CAPITL,61757,44,2.17,-11.26,1
29-12-2021 16:00,EST,CAPITL,61757,49.57,2.61,-12.65,1
29-12-2021 17:00,EST,CAPITL,61757,62.18,2.85,-24.08,1
29-12-2021 18:00,EST,CAPITL,61757,51.6,2.56,-15.84,1
29-12-2021 19:00,EST,CAPITL,61757,45.54,2.19,-14.14,1
29-12-2021 20:00,EST,CAPITL,61757,41.75,2.19,-9.9,1
29-12-2021 21:00,EST,CAPITL,61757,40.04,1.87,-10.65,1
29-12-2021 22:00,EST,CAPITL,61757,39.38,1.61,-12.97,1
29-12-2021 23:00,EST,CAPITL,61757,36,1.82,-5.26,1
30-12-2021 00:00,EST,CAPITL,61757,34.82,1.65,-7.45,1
30-12-2021 01:00,EST,CAPITL,61757,31.28,1.44,-7.43,1
30-12-2021 02:00,EST,CAPITL,61757,31.52,1.19,-11.49,1
30-12-2021 03:00,EST,CAPITL,61757,31.3,1.04,-13.74,1
30-12-2021 04:00,EST,CAPITL,61757,32.51,1.04,-15.17,1
30-12-2021 05:00,EST,CAPITL,61757,31.03,1.48,-7.1,1
30-12-2021 06:00,EST,CAPITL,61757,34.15,1.76,-5.67,1
30-12-2021 07:00,EST,CAPITL,61757,37.07,1.81,-8.22,1
30-12-2021 08:00,EST,CAPITL,61757,39.72,2.12,-6.44,1
30-12-2021 09:00,EST,CAPITL,61757,41.11,2.3,-6.01,1
30-12-2021 10:00,EST,CAPITL,61757,41.52,2.42,-5.96,1
30-12-2021 11:00,EST,CAPITL,61757,41.12,2.42,-5.59,1
30-12-2021 12:00,EST,CAPITL,61757,40.25,2.39,-4.75,1
30-12-2021 13:00,EST,CAPITL,61757,39.76,2.39,-4.26,1
30-12-2021 14:00,EST,CAPITL,61757,39.06,2.35,-3.67,1
30-12-2021 15:00,EST,CAPITL,61757,36.65,2.33,0,1
30-12-2021 16:00,EST,CAPITL,61757,40.25,2.77,0,1
30-12-2021 17:00,EST,CAPITL,61757,47.27,3.3,0,1
30-12-2021 18:00,EST,CAPITL,61757,41.34,2.92,0,1
30-12-2021 19:00,EST,CAPITL,61757,38.43,2.68,0,1
30-12-2021 20:00,EST,CAPITL,61757,35.56,2.36,0,1
30-12-2021 21:00,EST,CAPITL,61757,34.57,2.2,0,1
30-12-2021 22:00,EST,CAPITL,61757,34.04,2.03,-2.61,1
30-12-2021 23:00,EST,CAPITL,61757,32.67,1.9,-1.58,1
31-12-2021 00:00,EST,CAPITL,61757,30.02,1.73,0,1
31-12-2021 01:00,EST,CAPITL,61757,26.17,1.53,0,1
31-12-2021 02:00,EST,CAPITL,61757,25.07,1.44,0,1
31-12-2021 03:00,EST,CAPITL,61757,24.72,1.44,0,1
31-12-2021 04:00,EST,CAPITL,61757,24.65,1.46,0,1
31-12-2021 05:00,EST,CAPITL,61757,25.19,1.54,0,1
31-12-2021 06:00,EST,CAPITL,61757,26.82,1.54,-1.18,1
31-12-2021 07:00,EST,CAPITL,61757,28.89,1.66,0,1
31-12-2021 08:00,EST,CAPITL,61757,31.24,1.93,0,1
31-12-2021 09:00,EST,CAPITL,61757,33.66,2.11,0,1
31-12-2021 10:00,EST,CAPITL,61757,33.9,2.07,0,1
31-12-2021 11:00,EST,CAPITL,61757,34.17,2.12,0,1
31-12-2021 12:00,EST,CAPITL,61757,33.11,2.05,0,1
31-12-2021 13:00,EST,CAPITL,61757,32.09,1.96,0,1
31-12-2021 14:00,EST,CAPITL,61757,31.35,2.06,-0.27,1
31-12-2021 15:00,EST,CAPITL,61757,30.98,2.05,0,1
31-12-2021 16:00,EST,CAPITL,61757,35.76,2.29,-1.65,1
31-12-2021 17:00,EST,CAPITL,61757,42.49,2.68,-4.12,1
31-12-2021 18:00,EST,CAPITL,61757,38.43,2.33,-3.25,1
31-12-2021 19:00,EST,CAPITL,61757,33.09,1.99,-2.29,1
31-12-2021 20:00,EST,CAPITL,61757,30.61,1.85,-1.18,1
31-12-2021 21:00,EST,CAPITL,61757,29.49,1.8,0,1
31-12-2021 22:00,EST,CAPITL,61757,29.63,1.63,-2.84,1
31-12-2021 23:00,EST,CAPITL,61757,28.7,1.5,-2.59,1
01-01-2022 00:00,EST,CAPITL,61757,30.95,1.75,-2.76,1
01-01-2022 01:00,EST,CAPITL,61757,28.6,1.64,-3.16,1
01-01-2022 02:00,EST,CAPITL,61757,27.13,1.42,-4.78,1
01-01-2022 03:00,EST,CAPITL,61757,26.49,1.3,-6.07,1
01-01-2022 04:00,EST,CAPITL,61757,27.05,1.2,-8.2,1
01-01-2022 05:00,EST,CAPITL,61757,28.76,1.15,-10.64,1
01-01-2022 06:00,EST,CAPITL,61757,34.22,0.92,-19.7,1
01-01-2022 07:00,EST,CAPITL,61757,33.62,1.33,-12.68,1
01-01-2022 08:00,EST,CAPITL,61757,34.81,1.51,-12.56,1
01-01-2022 09:00,EST,CAPITL,61757,32.75,2.04,-3.57,1
01-01-2022 10:00,EST,CAPITL,61757,34.58,2.08,-4.8,1
01-01-2022 11:00,EST,CAPITL,61757,35.56,2.09,-6,1
01-01-2022 12:00,EST,CAPITL,61757,35.96,2.05,-6.23,1
01-01-2022 13:00,EST,CAPITL,61757,35.17,1.99,-5.55,1
01-01-2022 14:00,EST,CAPITL,61757,35.08,2.01,-5.57,1
01-01-2022 15:00,EST,CAPITL,61757,35.1,2.05,-5.34,1
01-01-2022 16:00,EST,CAPITL,61757,35.8,2.51,-0.31,1
01-01-2022 17:00,EST,CAPITL,61757,44.98,2.73,-7.26,1
01-01-2022 18:00,EST,CAPITL,61757,39.46,2.48,-3.97,1
01-01-2022 19:00,EST,CAPITL,61757,37.11,2.16,-5.76,1
01-01-2022 20:00,EST,CAPITL,61757,36.28,1.97,-7.01,1
01-01-2022 21:00,EST,CAPITL,61757,35.42,1.78,-7.81,1
01-01-2022 22:00,EST,CAPITL,61757,35.8,1.61,-10.1,1
01-01-2022 23:00,EST,CAPITL,61757,34.08,1.58,-7.78,1
02-01-2022 00:00,EST,CAPITL,61757,32.19,1.55,-7.83,1
02-01-2022 01:00,EST,CAPITL,61757,30.31,1.1,-12.97,1
02-01-2022 02:00,EST,CAPITL,61757,29.79,0.96,-14.46,1
02-01-2022 03:00,EST,CAPITL,61757,29.53,0.95,-14.67,1
02-01-2022 04:00,EST,CAPITL,61757,28.96,0.92,-14.76,1
02-01-2022 05:00,EST,CAPITL,61757,28.44,0.98,-13.41,1
02-01-2022 06:00,EST,CAPITL,61757,28.28,0.97,-12.77,1
02-01-2022 07:00,EST,CAPITL,61757,23.5,1.49,-0.18,1
02-01-2022 08:00,EST,CAPITL,61757,25.6,1.74,0,1
02-01-2022 09:00,EST,CAPITL,61757,30.29,2.14,-0.69,1
02-01-2022 10:00,EST,CAPITL,61757,32.52,2.38,0,1
02-01-2022 11:00,EST,CAPITL,61757,34.03,2.52,0,1
02-01-2022 12:00,EST,CAPITL,61757,33.84,2.48,0,1
02-01-2022 13:00,EST,CAPITL,61757,33.8,2.41,-0.09,1
02-01-2022 14:00,EST,CAPITL,61757,34,2.4,-0.91,1
02-01-2022 15:00,EST,CAPITL,61757,34.31,2.41,-1.34,1
02-01-2022 16:00,EST,CAPITL,61757,42.42,2.95,-4.34,1
02-01-2022 17:00,EST,CAPITL,61757,51.47,3.46,-8.65,1
02-01-2022 18:00,EST,CAPITL,61757,46.1,3.24,-5.57,1
02-01-2022 19:00,EST,CAPITL,61757,42.55,3.1,-3.43,1
02-01-2022 20:00,EST,CAPITL,61757,36.93,2.8,0,1
02-01-2022 21:00,EST,CAPITL,61757,35.55,2.51,0,1
02-01-2022 22:00,EST,CAPITL,61757,33.53,2.37,0,1
02-01-2022 23:00,EST,CAPITL,61757,33.23,2.23,0,1
03-01-2022 00:00,EST,CAPITL,61757,46.96,2.46,-12.09,1
03-01-2022 01:00,EST,CAPITL,61757,40.29,2.4,-6.7,1
03-01-2022 02:00,EST,CAPITL,61757,38.57,2.28,-6.21,1
03-01-2022 03:00,EST,CAPITL,61757,38.53,2.29,-6.09,1
03-01-2022 04:00,EST,CAPITL,61757,39.42,2.37,-5.88,1
03-01-2022 05:00,EST,CAPITL,61757,44.44,2.55,-8.82,1
03-01-2022 06:00,EST,CAPITL,61757,49.66,2.63,-12.86,1
03-01-2022 07:00,EST,CAPITL,61757,65.03,3.11,-23.01,1
03-01-2022 08:00,EST,CAPITL,61757,58.09,3.12,-17.87,1
03-01-2022 09:00,EST,CAPITL,61757,60.89,3.06,-21.41,1
03-01-2022 10:00,EST,CAPITL,61757,64.99,3.18,-24.35,1
03-01-2022 11:00,EST,CAPITL,61757,57.4,3.15,-16.8,1
03-01-2022 12:00,EST,CAPITL,61757,57.82,3,-19.13,1
03-01-2022 13:00,EST,CAPITL,61757,56.98,3,-18.26,1
03-01-2022 14:00,EST,CAPITL,61757,56.09,2.99,-17.57,1
03-01-2022 15:00,EST,CAPITL,61757,58.05,2.9,-21.02,1
03-01-2022 16:00,EST,CAPITL,61757,85.83,3.39,-43.91,1
03-01-2022 17:00,EST,CAPITL,61757,100,4.53,-45.15,1
03-01-2022 18:00,EST,CAPITL,61757,91.51,3.9,-44.35,1
03-01-2022 19:00,EST,CAPITL,61757,86.07,3.39,-43.75,1
03-01-2022 20:00,EST,CAPITL,61757,62.71,3.5,-18.97,1
03-01-2022 21:00,EST,CAPITL,61757,67.54,3.11,-28.33,1
03-01-2022 22:00,EST,CAPITL,61757,63.38,2.88,-25.73,1
03-01-2022 23:00,EST,CAPITL,61757,54.06,2.78,-16.55,1
04-01-2022 00:00,EST,CAPITL,61757,71.86,2.6,-37.17,1
04-01-2022 01:00,EST,CAPITL,61757,65,2.24,-35.14,1
04-01-2022 02:00,EST,CAPITL,61757,63.4,2.23,-33.99,1
04-01-2022 03:00,EST,CAPITL,61757,62.58,2.23,-33.15,1
04-01-2022 04:00,EST,CAPITL,61757,64.02,2.26,-34.83,1
04-01-2022 05:00,EST,CAPITL,61757,69.3,2.5,-37.44,1
04-01-2022 06:00,EST,CAPITL,61757,64.87,3.68,-15.68,1
04-01-2022 07:00,EST,CAPITL,61757,93.71,3.19,-51.08,1
04-01-2022 08:00,EST,CAPITL,61757,89.47,3.13,-49.96,1
04-01-2022 09:00,EST,CAPITL,61757,83.13,2.88,-46.73,1
04-01-2022 10:00,EST,CAPITL,61757,82.45,2.56,-49.41,1
04-01-2022 11:00,EST,CAPITL,61757,71.34,2.59,-37.48,1
04-01-2022 12:00,EST,CAPITL,61757,66.59,2.52,-32.98,1
04-01-2022 13:00,EST,CAPITL,61757,64.92,2.49,-32.11,1
04-01-2022 14:00,EST,CAPITL,61757,65.55,2.46,-33.14,1
04-01-2022 15:00,EST,CAPITL,61757,67.91,2.57,-34.42,1
04-01-2022 16:00,EST,CAPITL,61757,89.08,2.58,-55.45,1
04-01-2022 17:00,EST,CAPITL,61757,108.89,2.89,-72.74,1
04-01-2022 18:00,EST,CAPITL,61757,95.45,2.8,-60.85,1
04-01-2022 19:00,EST,CAPITL,61757,90.12,2.51,-57.72,1
04-01-2022 20:00,EST,CAPITL,61757,73.61,2.45,-41.24,1
04-01-2022 21:00,EST,CAPITL,61757,72.06,2.2,-42.06,1
04-01-2022 22:00,EST,CAPITL,61757,64.05,1.75,-39.31,1
04-01-2022 23:00,EST,CAPITL,61757,57.24,1.87,-29.78,1
05-01-2022 00:00,EST,CAPITL,61757,93.12,1.23,-74.34,1
05-01-2022 01:00,EST,CAPITL,61757,84.97,1.16,-67.41,1
05-01-2022 02:00,EST,CAPITL,61757,86.2,0.79,-73.98,1
05-01-2022 03:00,EST,CAPITL,61757,88.01,0.67,-77.75,1
05-01-2022 04:00,EST,CAPITL,61757,87.35,0.72,-76.5,1
05-01-2022 05:00,EST,CAPITL,61757,87.93,1.02,-72.72,1
05-01-2022 06:00,EST,CAPITL,61757,92.18,1.53,-69.14,1
05-01-2022 07:00,EST,CAPITL,61757,118.26,1.7,-93.96,1
05-01-2022 08:00,EST,CAPITL,61757,110.72,2.15,-80.97,1
05-01-2022 09:00,EST,CAPITL,61757,112.13,1.91,-85.76,1
05-01-2022 10:00,EST,CAPITL,61757,95.16,2.31,-61.69,1
05-01-2022 11:00,EST,CAPITL,61757,82.97,2.4,-47.6,1
05-01-2022 12:00,EST,CAPITL,61757,80.52,2.25,-47.01,1
05-01-2022 13:00,EST,CAPITL,61757,77.27,2.04,-46.98,1
05-01-2022 14:00,EST,CAPITL,61757,76.33,1.97,-46.94,1
05-01-2022 15:00,EST,CAPITL,61757,79.74,1.95,-51.09,1
05-01-2022 16:00,EST,CAPITL,61757,93.43,2.52,-57.79,1
05-01-2022 17:00,EST,CAPITL,61757,116.19,2.92,-77.63,1
05-01-2022 18:00,EST,CAPITL,61757,101.44,2.55,-66.23,1
05-01-2022 19:00,EST,CAPITL,61757,91.37,2.26,-59.3,1
05-01-2022 20:00,EST,CAPITL,61757,75.43,2.4,-41.05,1
05-01-2022 21:00,EST,CAPITL,61757,72.45,2.23,-40.09,1
05-01-2022 22:00,EST,CAPITL,61757,73.25,1.39,-51.45,1
05-01-2022 23:00,EST,CAPITL,61757,66.66,1.4,-44.34,1
06-01-2022 00:00,EST,CAPITL,61757,90.46,1.24,-70.5,1
06-01-2022 01:00,EST,CAPITL,61757,87.11,1.16,-68.11,1
06-01-2022 02:00,EST,CAPITL,61757,84.44,1.12,-65.92,1
06-01-2022 03:00,EST,CAPITL,61757,84.48,1.08,-66.57,1
06-01-2022 04:00,EST,CAPITL,61757,84.35,1.24,-64.05,1
06-01-2022 05:00,EST,CAPITL,61757,87.51,1.82,-59.76,1
06-01-2022 06:00,EST,CAPITL,61757,96.06,2.3,-60.42,1
06-01-2022 07:00,EST,CAPITL,61757,112.43,2.7,-72.18,1
06-01-2022 08:00,EST,CAPITL,61757,107.99,2.54,-71.55,1
06-01-2022 09:00,EST,CAPITL,61757,102.4,2.6,-64.21,1
06-01-2022 10:00,EST,CAPITL,61757,99.45,2.85,-57.07,1
06-01-2022 11:00,EST,CAPITL,61757,91.32,2.75,-50.95,1
06-01-2022 12:00,EST,CAPITL,61757,84.77,2.77,-43.6,1
06-01-2022 13:00,EST,CAPITL,61757,87.09,2.61,-49.24,1
06-01-2022 14:00,EST,CAPITL,61757,84.91,2.6,-47.1,1
06-01-2022 15:00,EST,CAPITL,61757,87.13,2.92,-45.27,1
06-01-2022 16:00,EST,CAPITL,61757,105.85,3.45,-56.47,1
06-01-2022 17:00,EST,CAPITL,61757,114.35,6.15,-31.32,1
06-01-2022 18:00,EST,CAPITL,61757,110,4.94,-43.29,1
06-01-2022 19:00,EST,CAPITL,61757,107.97,4.75,-42.38,1
06-01-2022 20:00,EST,CAPITL,61757,86.82,3.35,-40.49,1
06-01-2022 21:00,EST,CAPITL,61757,84.1,3.02,-42.83,1
06-01-2022 22:00,EST,CAPITL,61757,81.31,2.71,-43.85,1
06-01-2022 23:00,EST,CAPITL,61757,72.21,2.59,-35.16,1
07-01-2022 00:00,EST,CAPITL,61757,107.4,2.4,-72.97,1
07-01-2022 01:00,EST,CAPITL,61757,98.12,2.37,-63.76,1
07-01-2022 02:00,EST,CAPITL,61757,96.8,2.21,-64.23,1
07-01-2022 03:00,EST,CAPITL,61757,96.55,2.22,-63.94,1
07-01-2022 04:00,EST,CAPITL,61757,97.64,2.37,-63.25,1
07-01-2022 05:00,EST,CAPITL,61757,102.49,2.5,-67.89,1
07-01-2022 06:00,EST,CAPITL,61757,108.68,5.48,-28.09,1
07-01-2022 07:00,EST,CAPITL,61757,124.06,7.14,-20.47,1
07-01-2022 08:00,EST,CAPITL,61757,128.57,6.91,-33.2,1
07-01-2022 09:00,EST,CAPITL,61757,137.2,5.26,-57.8,1
07-01-2022 10:00,EST,CAPITL,61757,155.09,5.25,-74.8,1
07-01-2022 11:00,EST,CAPITL,61757,141.25,5.21,-61.62,1
07-01-2022 12:00,EST,CAPITL,61757,141.46,2.4,-103.83,1
07-01-2022 13:00,EST,CAPITL,61757,141.75,2.29,-105.78,1
07-01-2022 14:00,EST,CAPITL,61757,142.79,2.18,-108.56,1
07-01-2022 15:00,EST,CAPITL,61757,152.86,2.06,-120.88,1
07-01-2022 16:00,EST,CAPITL,61757,174.4,2.58,-134.93,1
07-01-2022 17:00,EST,CAPITL,61757,183.58,5.41,-104.03,1
07-01-2022 18:00,EST,CAPITL,61757,183.48,4.23,-120.55,1
07-01-2022 19:00,EST,CAPITL,61757,182.08,3.05,-136.13,1
07-01-2022 20:00,EST,CAPITL,61757,158.02,2.68,-117.58,1
07-01-2022 21:00,EST,CAPITL,61757,153.62,2.42,-117.13,1
07-01-2022 22:00,EST,CAPITL,61757,158.02,2.25,-123.11,1
07-01-2022 23:00,EST,CAPITL,61757,142.52,2.32,-108.01,1
08-01-2022 00:00,EST,CAPITL,61757,198.99,1.98,-170.28,1
08-01-2022 01:00,EST,CAPITL,61757,187.63,1.71,-162.48,1
08-01-2022 02:00,EST,CAPITL,61757,180.97,1.76,-155.07,1
08-01-2022 03:00,EST,CAPITL,61757,175,1.94,-146.82,1
08-01-2022 04:00,EST,CAPITL,61757,176.99,2.03,-147.84,1
08-01-2022 05:00,EST,CAPITL,61757,181.81,2.39,-147.1,1
08-01-2022 06:00,EST,CAPITL,61757,189.55,2.23,-156.79,1
08-01-2022 07:00,EST,CAPITL,61757,203.73,2.26,-170.92,1
08-01-2022 08:00,EST,CAPITL,61757,214.75,2.85,-175.34,1
08-01-2022 09:00,EST,CAPITL,61757,213.2,2.84,-174.81,1
08-01-2022 10:00,EST,CAPITL,61757,193.49,2.95,-154.62,1
08-01-2022 11:00,EST,CAPITL,61757,178.1,2.85,-139.67,1
08-01-2022 12:00,EST,CAPITL,61757,170.97,2.86,-133.3,1
08-01-2022 13:00,EST,CAPITL,61757,171.29,2.52,-136.81,1
08-01-2022 14:00,EST,CAPITL,61757,170.94,2.52,-136.49,1
08-01-2022 15:00,EST,CAPITL,61757,180.02,2.49,-145.57,1
08-01-2022 16:00,EST,CAPITL,61757,196.9,2.59,-162.32,1
08-01-2022 17:00,EST,CAPITL,61757,230.73,2.96,-193.37,1
08-01-2022 18:00,EST,CAPITL,61757,216.63,2.72,-181.92,1
08-01-2022 19:00,EST,CAPITL,61757,214,2.06,-186.8,1
08-01-2022 20:00,EST,CAPITL,61757,199.86,2.04,-172.05,1
08-01-2022 21:00,EST,CAPITL,61757,191.97,2.33,-159.75,1
08-01-2022 22:00,EST,CAPITL,61757,180.9,2.37,-147,1
08-01-2022 23:00,EST,CAPITL,61757,187.8,1.21,-168.8,1
09-01-2022 00:00,EST,CAPITL,61757,189.47,0.51,-181.52,1
09-01-2022 01:00,EST,CAPITL,61757,173.28,0.43,-166.64,1
09-01-2022 02:00,EST,CAPITL,61757,169.95,0.41,-163.5,1
09-01-2022 03:00,EST,CAPITL,61757,166.46,0.4,-160.12,1
09-01-2022 04:00,EST,CAPITL,61757,166.96,0.41,-160.63,1
09-01-2022 05:00,EST,CAPITL,61757,164.95,0.42,-158.62,1
09-01-2022 06:00,EST,CAPITL,61757,173.24,0.45,-166.59,1
09-01-2022 07:00,EST,CAPITL,61757,178.1,0.38,-172.39,1
09-01-2022 08:00,EST,CAPITL,61757,182.91,0.75,-171.78,1
09-01-2022 09:00,EST,CAPITL,61757,187.95,1.25,-170.19,1
09-01-2022 10:00,EST,CAPITL,61757,176,0.9,-163.57,1
09-01-2022 11:00,EST,CAPITL,61757,164.15,1.62,-141.99,1
09-01-2022 12:00,EST,CAPITL,61757,153.24,2.47,-119.52,1
09-01-2022 13:00,EST,CAPITL,61757,146.11,1.98,-118.47,1
09-01-2022 14:00,EST,CAPITL,61757,149.98,1.77,-124.86,1
09-01-2022 15:00,EST,CAPITL,61757,157.72,1.68,-134.18,1
09-01-2022 16:00,EST,CAPITL,61757,185.97,2.05,-157.61,1
09-01-2022 17:00,EST,CAPITL,61757,228.1,2.54,-193.37,1
09-01-2022 18:00,EST,CAPITL,61757,214.46,2.54,-179.8,1
09-01-2022 19:00,EST,CAPITL,61757,195.15,2.36,-162.2,1
09-01-2022 20:00,EST,CAPITL,61757,168.92,2.05,-139.58,1
09-01-2022 21:00,EST,CAPITL,61757,158.89,1.87,-131.73,1
09-01-2022 22:00,EST,CAPITL,61757,149.48,1.36,-129.53,1
09-01-2022 23:00,EST,CAPITL,61757,140.25,1.71,-114.82,1
10-01-2022 00:00,EST,CAPITL,61757,145.71,1.87,-118.25,1
10-01-2022 01:00,EST,CAPITL,61757,141.62,1.84,-113.88,1
10-01-2022 02:00,EST,CAPITL,61757,133.83,1.74,-107.19,1
10-01-2022 03:00,EST,CAPITL,61757,131.94,1.88,-103.62,1
10-01-2022 04:00,EST,CAPITL,61757,130.35,2.09,-99.55,1
10-01-2022 05:00,EST,CAPITL,61757,134.01,2.5,-99.46,1
10-01-2022 06:00,EST,CAPITL,61757,154.27,2.79,-116.15,1
10-01-2022 07:00,EST,CAPITL,61757,190.74,2.91,-152.4,1
10-01-2022 08:00,EST,CAPITL,61757,198.4,2.99,-159.31,1
10-01-2022 09:00,EST,CAPITL,61757,192.02,2.94,-153.61,1
10-01-2022 10:00,EST,CAPITL,61757,201.08,2.88,-163.06,1
10-01-2022 11:00,EST,CAPITL,61757,187.48,2.8,-150.92,1
10-01-2022 12:00,EST,CAPITL,61757,184.85,2.72,-148.97,1
10-01-2022 13:00,EST,CAPITL,61757,176.6,2.69,-140.3,1
10-01-2022 14:00,EST,CAPITL,61757,180.8,2.57,-146.18,1
10-01-2022 15:00,EST,CAPITL,61757,184.7,2.72,-148.01,1
10-01-2022 16:00,EST,CAPITL,61757,197.21,4.75,-137.25,1
10-01-2022 17:00,EST,CAPITL,61757,225.45,10.4,-96.91,1
10-01-2022 18:00,EST,CAPITL,61757,209.74,10.89,-75.12,1
10-01-2022 19:00,EST,CAPITL,61757,215.84,7.62,-118.55,1
10-01-2022 20:00,EST,CAPITL,61757,187.16,5.52,-116.63,1
10-01-2022 21:00,EST,CAPITL,61757,194.15,2.99,-155.99,1
10-01-2022 22:00,EST,CAPITL,61757,193.38,2.62,-158.87,1
10-01-2022 23:00,EST,CAPITL,61757,187.41,2.79,-150.61,1
11-01-2022 00:00,EST,CAPITL,61757,188.51,2.68,-153.49,1
11-01-2022 01:00,EST,CAPITL,61757,182.93,2.65,-148.28,1
11-01-2022 02:00,EST,CAPITL,61757,177.35,2.76,-140.94,1
11-01-2022 03:00,EST,CAPITL,61757,176.73,2.89,-138.59,1
11-01-2022 04:00,EST,CAPITL,61757,178.42,3.4,-134.55,1
11-01-2022 05:00,EST,CAPITL,61757,174.14,5.81,-99.2,1
11-01-2022 06:00,EST,CAPITL,61757,161.08,12.86,-0.29,1
11-01-2022 07:00,EST,CAPITL,61757,200,14.58,-26.9,1
11-01-2022 08:00,EST,CAPITL,61757,186.52,15.56,0,1
11-01-2022 09:00,EST,CAPITL,61757,190.7,16.23,0,1
11-01-2022 10:00,EST,CAPITL,61757,209.84,14.84,-37.09,1
11-01-2022 11:00,EST,CAPITL,61757,203.58,8.68,-101.63,1
11-01-2022 12:00,EST,CAPITL,61757,203.7,5.68,-138.31,1
11-01-2022 13:00,EST,CAPITL,61757,207.29,4.58,-154.49,1
11-01-2022 14:00,EST,CAPITL,61757,201.39,4.16,-152.49,1
11-01-2022 15:00,EST,CAPITL,61757,205.57,6.76,-121.96,1
11-01-2022 16:00,EST,CAPITL,61757,209.84,12.12,-56.83,1
11-01-2022 17:00,EST,CAPITL,61757,282.12,20.05,-14.43,1
11-01-2022 18:00,EST,CAPITL,61757,250,19.92,-3.79,1
11-01-2022 19:00,EST,CAPITL,61757,219.5,17.11,-5.59,1
11-01-2022 20:00,EST,CAPITL,61757,241.41,14.49,-25.8,1
11-01-2022 21:00,EST,CAPITL,61757,234.72,14.11,-27.2,1
11-01-2022 22:00,EST,CAPITL,61757,193.27,6.79,-103.67,1
11-01-2022 23:00,EST,CAPITL,61757,188.22,5.18,-117.41,1
12-01-2022 00:00,EST,CAPITL,61757,180.51,2.22,-151.49,1
12-01-2022 01:00,EST,CAPITL,61757,167.3,1.84,-143.33,1
12-01-2022 02:00,EST,CAPITL,61757,161.76,1.67,-139.69,1
12-01-2022 03:00,EST,CAPITL,61757,159.29,1.7,-136.92,1
12-01-2022 04:00,EST,CAPITL,61757,159.35,1.84,-135.05,1
12-01-2022 05:00,EST,CAPITL,61757,175.66,2.47,-143.44,1
12-01-2022 06:00,EST,CAPITL,61757,200,3.74,-153.2,1
12-01-2022 07:00,EST,CAPITL,61757,208.48,4.38,-149.97,1
12-01-2022 08:00,EST,CAPITL,61757,201.73,3.52,-156.75,1
12-01-2022 09:00,EST,CAPITL,61757,192.67,3.02,-153.69,1
12-01-2022 10:00,EST,CAPITL,61757,186.03,2.87,-147.7,1
12-01-2022 11:00,EST,CAPITL,61757,169.65,2.48,-135.37,1
12-01-2022 12:00,EST,CAPITL,61757,160.69,2.51,-126.41,1
12-01-2022 13:00,EST,CAPITL,61757,150.33,4.22,-89.83,1
12-01-2022 14:00,EST,CAPITL,61757,150,3.53,-99.36,1
12-01-2022 15:00,EST,CAPITL,61757,156.65,4.18,-97.43,1
12-01-2022 16:00,EST,CAPITL,61757,171.71,6.12,-87.2,1
12-01-2022 17:00,EST,CAPITL,61757,190.32,14.1,0,1
12-01-2022 18:00,EST,CAPITL,61757,206.21,5.16,-138.86,1
12-01-2022 19:00,EST,CAPITL,61757,183.82,5.17,-115.64,1
12-01-2022 20:00,EST,CAPITL,61757,178.13,4.29,-118.86,1
12-01-2022 21:00,EST,CAPITL,61757,158.23,3.94,-101.72,1
12-01-2022 22:00,EST,CAPITL,61757,153.03,2.58,-115.52,1
12-01-2022 23:00,EST,CAPITL,61757,141.01,2.49,-104.93,1
13-01-2022 00:00,EST,CAPITL,61757,108.05,2.2,-76.94,1
13-01-2022 01:00,EST,CAPITL,61757,92.84,2.29,-60.78,1
13-01-2022 02:00,EST,CAPITL,61757,90.39,2.17,-59.27,1
13-01-2022 03:00,EST,CAPITL,61757,90.65,2.24,-58.52,1
13-01-2022 04:00,EST,CAPITL,61757,81.41,3.05,-37.18,1
13-01-2022 05:00,EST,CAPITL,61757,98.83,2.55,-64.38,1
13-01-2022 06:00,EST,CAPITL,61757,110.19,4.27,-51.19,1
13-01-2022 07:00,EST,CAPITL,61757,124.2,8.88,0,1
13-01-2022 08:00,EST,CAPITL,61757,145.9,10.68,0,1
13-01-2022 09:00,EST,CAPITL,61757,144.11,10.68,0,1
13-01-2022 10:00,EST,CAPITL,61757,128.02,9.49,0,1
13-01-2022 11:00,EST,CAPITL,61757,120.02,9.1,0,1
13-01-2022 12:00,EST,CAPITL,61757,101.44,8.12,0,1
13-01-2022 13:00,EST,CAPITL,61757,98.57,7.64,0,1
13-01-2022 14:00,EST,CAPITL,61757,93.86,6.33,-12.96,1
13-01-2022 15:00,EST,CAPITL,61757,96.87,6.28,-16.69,1
13-01-2022 16:00,EST,CAPITL,61757,117.31,7.85,-19.16,1
13-01-2022 17:00,EST,CAPITL,61757,145.27,11.62,0,1
13-01-2022 18:00,EST,CAPITL,61757,128.59,8.76,-20.36,1
13-01-2022 19:00,EST,CAPITL,61757,108,7.73,-13.41,1
13-01-2022 20:00,EST,CAPITL,61757,103.79,6.25,-24.92,1
13-01-2022 21:00,EST,CAPITL,61757,93.85,4.23,-38.05,1
13-01-2022 22:00,EST,CAPITL,61757,93.45,2.66,-58.73,1
13-01-2022 23:00,EST,CAPITL,61757,80.9,2.97,-38.78,1
14-01-2022 00:00,EST,CAPITL,61757,94.61,5.02,-25.24,1
14-01-2022 01:00,EST,CAPITL,61757,83.81,3.51,-34.78,1
14-01-2022 02:00,EST,CAPITL,61757,79.51,3.45,-30.65,1
14-01-2022 03:00,EST,CAPITL,61757,72.48,3.8,-18.72,1
14-01-2022 04:00,EST,CAPITL,61757,74.25,3.7,-23.08,1
14-01-2022 05:00,EST,CAPITL,61757,81.98,3.48,-35.55,1
14-01-2022 06:00,EST,CAPITL,61757,77.58,5.68,0,1
14-01-2022 07:00,EST,CAPITL,61757,105.44,7.63,0,1
14-01-2022 08:00,EST,CAPITL,61757,114.1,8.55,0,1
14-01-2022 09:00,EST,CAPITL,61757,104.82,8.3,0,1
14-01-2022 10:00,EST,CAPITL,61757,161.06,10.18,-26.82,1
14-01-2022 11:00,EST,CAPITL,61757,167.81,8.38,-59.7,1
14-01-2022 12:00,EST,CAPITL,61757,153.27,8.38,-42.67,1
14-01-2022 13:00,EST,CAPITL,61757,147.2,9.05,-27.77,1
14-01-2022 14:00,EST,CAPITL,61757,149.15,8.36,-38.9,1
14-01-2022 15:00,EST,CAPITL,61757,166.15,8.57,-56.68,1
14-01-2022 16:00,EST,CAPITL,61757,188.77,14.25,-12.66,1
14-01-2022 17:00,EST,CAPITL,61757,223.07,17.29,0,1
14-01-2022 18:00,EST,CAPITL,61757,210.7,15.97,0,1
14-01-2022 19:00,EST,CAPITL,61757,190.69,14.28,0,1
14-01-2022 20:00,EST,CAPITL,61757,172.94,13.7,0,1
14-01-2022 21:00,EST,CAPITL,61757,161.01,12.61,0,1
14-01-2022 22:00,EST,CAPITL,61757,167.24,8.55,-57.99,1
14-01-2022 23:00,EST,CAPITL,61757,124.4,6.24,-44.71,1
15-01-2022 00:00,EST,CAPITL,61757,141.46,10.6,0,1
15-01-2022 01:00,EST,CAPITL,61757,138.6,10.03,0,1
15-01-2022 02:00,EST,CAPITL,61757,120,8.47,0,1
15-01-2022 03:00,EST,CAPITL,61757,120.64,8.52,0,1
15-01-2022 04:00,EST,CAPITL,61757,121.46,8.89,0,1
15-01-2022 05:00,EST,CAPITL,61757,135.31,6.6,-52.01,1
15-01-2022 06:00,EST,CAPITL,61757,120.66,9.65,0,1
15-01-2022 07:00,EST,CAPITL,61757,155.66,11.54,-10,1
15-01-2022 08:00,EST,CAPITL,61757,172.59,14.39,0,1
15-01-2022 09:00,EST,CAPITL,61757,182.89,14.4,-10.22,1
15-01-2022 10:00,EST,CAPITL,61757,187.88,15.2,0,1
15-01-2022 11:00,EST,CAPITL,61757,177.53,10.61,-51.5,1
15-01-2022 12:00,EST,CAPITL,61757,182.07,6.81,-100.39,1
15-01-2022 13:00,EST,CAPITL,61757,181.24,5.83,-110.64,1
15-01-2022 14:00,EST,CAPITL,61757,181.14,5.87,-110.02,1
15-01-2022 15:00,EST,CAPITL,61757,182.66,7.16,-96.01,1
15-01-2022 16:00,EST,CAPITL,61757,186.19,11.19,-49.25,1
15-01-2022 17:00,EST,CAPITL,61757,226.26,17.86,-10.09,1
15-01-2022 18:00,EST,CAPITL,61757,222.6,17.12,-19.32,1
15-01-2022 19:00,EST,CAPITL,61757,202.39,12.22,-55.86,1
15-01-2022 20:00,EST,CAPITL,61757,191.78,8.59,-86.64,1
15-01-2022 21:00,EST,CAPITL,61757,183.65,6.51,-101.48,1
15-01-2022 22:00,EST,CAPITL,61757,162.8,9.93,-33.17,1
15-01-2022 23:00,EST,CAPITL,61757,154.38,10.5,0,1
16-01-2022 00:00,EST,CAPITL,61757,149.82,11.61,0,1
16-01-2022 01:00,EST,CAPITL,61757,134.92,10.46,0,1
16-01-2022 02:00,EST,CAPITL,61757,124.46,9.65,0,1
16-01-2022 03:00,EST,CAPITL,61757,122.24,9.27,0,1
16-01-2022 04:00,EST,CAPITL,61757,134.67,10.09,0,1
16-01-2022 05:00,EST,CAPITL,61757,143.38,10.12,0,1
16-01-2022 06:00,EST,CAPITL,61757,160.81,10.66,0,1
16-01-2022 07:00,EST,CAPITL,61757,169.09,11.5,0,1
16-01-2022 08:00,EST,CAPITL,61757,176.61,12.01,0,1
16-01-2022 09:00,EST,CAPITL,61757,180,12.56,0,1
16-01-2022 10:00,EST,CAPITL,61757,167.44,11.25,0,1
16-01-2022 11:00,EST,CAPITL,61757,152.82,9.99,0,1
16-01-2022 12:00,EST,CAPITL,61757,133.7,10.13,0,1
16-01-2022 13:00,EST,CAPITL,61757,140.88,5.41,-72.54,1
16-01-2022 14:00,EST,CAPITL,61757,139.09,4.91,-77.7,1
16-01-2022 15:00,EST,CAPITL,61757,121.62,9.11,0,1
16-01-2022 16:00,EST,CAPITL,61757,153.28,10.56,0,1
16-01-2022 17:00,EST,CAPITL,61757,193.4,13.65,0,1
16-01-2022 18:00,EST,CAPITL,61757,165.87,11.86,0,1
16-01-2022 19:00,EST,CAPITL,61757,158.62,11.07,0,1
16-01-2022 20:00,EST,CAPITL,61757,143.62,10.27,0,1
16-01-2022 21:00,EST,CAPITL,61757,134.41,9.14,-3.54,1
16-01-2022 22:00,EST,CAPITL,61757,147.11,6.29,-63.14,1
16-01-2022 23:00,EST,CAPITL,61757,139.58,6.06,-57.74,1
17-01-2022 00:00,EST,CAPITL,61757,132.98,8.47,0,1
17-01-2022 01:00,EST,CAPITL,61757,117.33,7.67,0,1
17-01-2022 02:00,EST,CAPITL,61757,112.53,7.26,0,1
17-01-2022 03:00,EST,CAPITL,61757,111.23,7.17,0,1
17-01-2022 04:00,EST,CAPITL,61757,113.07,7.2,0,1
17-01-2022 05:00,EST,CAPITL,61757,118.5,8.06,0,1
17-01-2022 06:00,EST,CAPITL,61757,131.87,9.2,0,1
17-01-2022 07:00,EST,CAPITL,61757,147.2,10.01,0,1
17-01-2022 08:00,EST,CAPITL,61757,160.3,11.46,0,1
17-01-2022 09:00,EST,CAPITL,61757,181.18,12.01,0,1
17-01-2022 10:00,EST,CAPITL,61757,170.38,11.14,0,1
17-01-2022 11:00,EST,CAPITL,61757,151.24,9.89,0,1
17-01-2022 12:00,EST,CAPITL,61757,136.15,9.97,0,1
17-01-2022 13:00,EST,CAPITL,61757,141.48,5.25,-72.15,1
17-01-2022 14:00,EST,CAPITL,61757,144.1,3.96,-92.37,1
17-01-2022 15:00,EST,CAPITL,61757,144.76,4.01,-93.54,1
17-01-2022 16:00,EST,CAPITL,61757,162.73,5.43,-94.14,1
17-01-2022 17:00,EST,CAPITL,61757,199.21,6.86,-114.36,1
17-01-2022 18:00,EST,CAPITL,61757,178.77,5.94,-105.35,1
17-01-2022 19:00,EST,CAPITL,61757,164.7,4.3,-110.43,1
17-01-2022 20:00,EST,CAPITL,61757,152.6,3.48,-106.75,1
17-01-2022 21:00,EST,CAPITL,61757,142.7,3.39,-96.94,1
17-01-2022 22:00,EST,CAPITL,61757,140.81,3.03,-100.3,1
17-01-2022 23:00,EST,CAPITL,61757,136.51,2.8,-98.24,1
18-01-2022 00:00,EST,CAPITL,61757,139.1,5.01,-74.52,1
18-01-2022 01:00,EST,CAPITL,61757,138.03,3.22,-95.61,1
18-01-2022 02:00,EST,CAPITL,61757,136.82,3.06,-95.93,1
18-01-2022 03:00,EST,CAPITL,61757,136.2,3.21,-93.87,1
18-01-2022 04:00,EST,CAPITL,61757,137.17,4.24,-82.52,1
18-01-2022 05:00,EST,CAPITL,61757,132.56,5.8,-60.03,1
18-01-2022 06:00,EST,CAPITL,61757,154.87,9.38,-38.95,1
18-01-2022 07:00,EST,CAPITL,61757,170.84,8.8,-59.69,1
18-01-2022 08:00,EST,CAPITL,61757,178.01,9.9,-56.79,1
18-01-2022 09:00,EST,CAPITL,61757,180.24,8.52,-75.92,1
18-01-2022 10:00,EST,CAPITL,61757,165.73,8.95,-53.9,1
18-01-2022 11:00,EST,CAPITL,61757,163.87,7.45,-68.76,1
18-01-2022 12:00,EST,CAPITL,61757,153.59,6.87,-64.98,1
18-01-2022 13:00,EST,CAPITL,61757,150.49,6.3,-68.18,1
18-01-2022 14:00,EST,CAPITL,61757,148.85,6.71,-63.11,1
18-01-2022 15:00,EST,CAPITL,61757,159.85,7,-69.52,1
18-01-2022 16:00,EST,CAPITL,61757,183.88,7.78,-85.64,1
18-01-2022 17:00,EST,CAPITL,61757,201.67,15.79,0,1
18-01-2022 18:00,EST,CAPITL,61757,188.18,14.73,0,1
18-01-2022 19:00,EST,CAPITL,61757,177.4,13.89,0,1
18-01-2022 20:00,EST,CAPITL,61757,166.65,9.92,-35.82,1
18-01-2022 21:00,EST,CAPITL,61757,166.77,5.26,-96.52,1
18-01-2022 22:00,EST,CAPITL,61757,154.67,6.97,-63.71,1
18-01-2022 23:00,EST,CAPITL,61757,149.85,10.71,0,1
19-01-2022 00:00,EST,CAPITL,61757,165.58,3.37,-121.65,1
19-01-2022 01:00,EST,CAPITL,61757,141.18,3.88,-90.02,1
19-01-2022 02:00,EST,CAPITL,61757,134.89,4.21,-78.72,1
19-01-2022 03:00,EST,CAPITL,61757,117.21,7.37,-17.77,1
19-01-2022 04:00,EST,CAPITL,61757,127.81,5.25,-58.58,1
19-01-2022 05:00,EST,CAPITL,61757,136.01,5.61,-65.93,1
19-01-2022 06:00,EST,CAPITL,61757,185.2,6.7,-90.25,1
19-01-2022 07:00,EST,CAPITL,61757,219.59,10.63,-61.39,1
19-01-2022 08:00,EST,CAPITL,61757,217.97,12.76,-32.73,1
19-01-2022 09:00,EST,CAPITL,61757,237.34,11.56,-45.31,1
19-01-2022 10:00,EST,CAPITL,61757,224.73,10.94,-43.02,1
19-01-2022 11:00,EST,CAPITL,61757,202.46,9.85,-41.01,1
19-01-2022 12:00,EST,CAPITL,61757,182.52,9.73,-33.68,1
19-01-2022 13:00,EST,CAPITL,61757,182.31,9.1,-35.34,1
19-01-2022 14:00,EST,CAPITL,61757,163.95,6.23,-67.41,1
19-01-2022 15:00,EST,CAPITL,61757,198.96,9.05,-41.57,1
19-01-2022 16:00,EST,CAPITL,61757,239.09,11,-50.66,1
19-01-2022 17:00,EST,CAPITL,61757,186.23,12.18,0,1
19-01-2022 18:00,EST,CAPITL,61757,155.57,10.86,0,1
19-01-2022 19:00,EST,CAPITL,61757,153.4,7.65,-42.32,1
19-01-2022 20:00,EST,CAPITL,61757,140.07,5.66,-56.78,1
19-01-2022 21:00,EST,CAPITL,61757,136.74,4.24,-76.01,1
19-01-2022 22:00,EST,CAPITL,61757,133.57,3.18,-88.52,1
19-01-2022 23:00,EST,CAPITL,61757,113.75,4.17,-52.41,1
20-01-2022 00:00,EST,CAPITL,61757,113.95,3.09,-75.36,1
20-01-2022 01:00,EST,CAPITL,61757,98.74,3.01,-60.34,1
20-01-2022 02:00,EST,CAPITL,61757,102.96,2.91,-65.45,1
20-01-2022 03:00,EST,CAPITL,61757,99.29,3.01,-60.81,1
20-01-2022 04:00,EST,CAPITL,61757,88.1,3.91,-38.79,1
20-01-2022 05:00,EST,CAPITL,61757,91.14,5.34,-24.4,1
20-01-2022 06:00,EST,CAPITL,61757,108.21,8.39,0,1
20-01-2022 07:00,EST,CAPITL,61757,122.9,9.62,0,1
20-01-2022 08:00,EST,CAPITL,61757,131.58,10.3,0,1
20-01-2022 09:00,EST,CAPITL,61757,130.87,9.26,-16.43,1
20-01-2022 10:00,EST,CAPITL,61757,179.71,8.12,-78.21,1
20-01-2022 11:00,EST,CAPITL,61757,182.08,5.65,-112.91,1
20-01-2022 12:00,EST,CAPITL,61757,180.01,5.43,-112.94,1
20-01-2022 13:00,EST,CAPITL,61757,175.72,5.59,-105.88,1
20-01-2022 14:00,EST,CAPITL,61757,169.04,6.91,-81.81,1
20-01-2022 15:00,EST,CAPITL,61757,173.11,8.58,-67.09,1
20-01-2022 16:00,EST,CAPITL,61757,174.73,13.48,-6.28,1
20-01-2022 17:00,EST,CAPITL,61757,210.05,16.64,0,1
20-01-2022 18:00,EST,CAPITL,61757,211.73,16.58,0,1
20-01-2022 19:00,EST,CAPITL,61757,193.96,15.36,0,1
20-01-2022 20:00,EST,CAPITL,61757,179.65,13.8,-7.15,1
20-01-2022 21:00,EST,CAPITL,61757,165.53,10.19,-35.38,1
20-01-2022 22:00,EST,CAPITL,61757,153.96,11.27,0,1
20-01-2022 23:00,EST,CAPITL,61757,151.89,10.6,0,1
21-01-2022 00:00,EST,CAPITL,61757,164.5,7.98,0,1
21-01-2022 01:00,EST,CAPITL,61757,153.92,7.47,0,1
21-01-2022 02:00,EST,CAPITL,61757,152.38,7.39,0,1
21-01-2022 03:00,EST,CAPITL,61757,153.28,7.71,0,1
21-01-2022 04:00,EST,CAPITL,61757,155.11,7.8,0,1
21-01-2022 05:00,EST,CAPITL,61757,165.15,8.9,0,1
21-01-2022 06:00,EST,CAPITL,61757,189,10.02,0,1
21-01-2022 07:00,EST,CAPITL,61757,214.02,10.96,0,1
21-01-2022 08:00,EST,CAPITL,61757,219.72,11.45,0,1
21-01-2022 09:00,EST,CAPITL,61757,214.28,11.16,0,1
21-01-2022 10:00,EST,CAPITL,61757,214.3,11.36,0,1
21-01-2022 11:00,EST,CAPITL,61757,201.85,10.88,0,1
21-01-2022 12:00,EST,CAPITL,61757,184.33,10.93,0,1
21-01-2022 13:00,EST,CAPITL,61757,179.75,10.66,0,1
21-01-2022 14:00,EST,CAPITL,61757,175.67,10.87,0,1
21-01-2022 15:00,EST,CAPITL,61757,185.88,11.51,0,1
21-01-2022 16:00,EST,CAPITL,61757,197.48,12.05,0,1
21-01-2022 17:00,EST,CAPITL,61757,261.57,14.1,0,1
21-01-2022 18:00,EST,CAPITL,61757,247.14,13.32,0,1
21-01-2022 19:00,EST,CAPITL,61757,223.41,12.24,0,1
21-01-2022 20:00,EST,CAPITL,61757,201.6,10.87,0,1
21-01-2022 21:00,EST,CAPITL,61757,189.82,10.91,0,1
21-01-2022 22:00,EST,CAPITL,61757,184.96,10.47,0,1
21-01-2022 23:00,EST,CAPITL,61757,179.46,10.95,0,1
22-01-2022 00:00,EST,CAPITL,61757,180.12,12.1,0,1
22-01-2022 01:00,EST,CAPITL,61757,169.81,11.55,0,1
22-01-2022 02:00,EST,CAPITL,61757,166.87,11.21,0,1
22-01-2022 03:00,EST,CAPITL,61757,164.36,10.32,0,1
22-01-2022 04:00,EST,CAPITL,61757,166.92,10.63,0,1
22-01-2022 05:00,EST,CAPITL,61757,169.04,10.77,0,1
22-01-2022 06:00,EST,CAPITL,61757,187.17,11.75,0,1
22-01-2022 07:00,EST,CAPITL,61757,201.35,12.64,0,1
22-01-2022 08:00,EST,CAPITL,61757,206.98,12.09,0,1
22-01-2022 09:00,EST,CAPITL,61757,207.87,12.68,0,1
22-01-2022 10:00,EST,CAPITL,61757,178.59,11.38,0,1
22-01-2022 11:00,EST,CAPITL,61757,168.71,10.75,0,1
22-01-2022 12:00,EST,CAPITL,61757,160.27,10.9,0,1
22-01-2022 13:00,EST,CAPITL,61757,151.94,11,0,1
22-01-2022 14:00,EST,CAPITL,61757,152.91,11.03,-12.05,1
22-01-2022 15:00,EST,CAPITL,61757,157.65,11.95,0,1
22-01-2022 16:00,EST,CAPITL,61757,166.21,11.3,0,1
22-01-2022 17:00,EST,CAPITL,61757,207.36,14.47,0,1
22-01-2022 18:00,EST,CAPITL,61757,197.78,14.32,0,1
22-01-2022 19:00,EST,CAPITL,61757,181.06,13.25,0,1
22-01-2022 20:00,EST,CAPITL,61757,166.27,12.04,0,1
22-01-2022 21:00,EST,CAPITL,61757,178.09,8.99,-58.05,1
22-01-2022 22:00,EST,CAPITL,61757,177.7,7.27,-83.92,1
22-01-2022 23:00,EST,CAPITL,61757,181.32,5.86,-103.07,1
23-01-2022 00:00,EST,CAPITL,61757,178.7,5.58,-107.4,1
23-01-2022 01:00,EST,CAPITL,61757,177.78,4.89,-115.31,1
23-01-2022 02:00,EST,CAPITL,61757,170.37,5.14,-104.08,1
23-01-2022 03:00,EST,CAPITL,61757,169.36,5.14,-103.07,1
23-01-2022 04:00,EST,CAPITL,61757,162.45,5.2,-96.04,1
23-01-2022 05:00,EST,CAPITL,61757,159.09,7.26,-67.38,1
23-01-2022 06:00,EST,CAPITL,61757,158.17,6.36,-76.9,1
23-01-2022 07:00,EST,CAPITL,61757,167.16,6.64,-79.61,1
23-01-2022 08:00,EST,CAPITL,61757,159.5,9.14,-44.16,1
23-01-2022 09:00,EST,CAPITL,61757,164.63,9.01,-51.99,1
23-01-2022 10:00,EST,CAPITL,61757,158.52,9.08,-43.84,1
23-01-2022 11:00,EST,CAPITL,61757,154.64,9.13,-38.05,1
23-01-2022 12:00,EST,CAPITL,61757,155.1,7.38,-60.89,1
23-01-2022 13:00,EST,CAPITL,61757,143.26,7.74,-43.36,1
23-01-2022 14:00,EST,CAPITL,61757,149.95,6.71,-63.39,1
23-01-2022 15:00,EST,CAPITL,61757,148.16,8.4,-39.75,1
23-01-2022 16:00,EST,CAPITL,61757,164.58,9.5,-44.57,1
23-01-2022 17:00,EST,CAPITL,61757,193.94,15.84,0,1
23-01-2022 18:00,EST,CAPITL,61757,197.58,16.32,0,1
23-01-2022 19:00,EST,CAPITL,61757,174.35,13.95,0,1
23-01-2022 20:00,EST,CAPITL,61757,164.51,11.04,-23.5,1
23-01-2022 21:00,EST,CAPITL,61757,162.52,9.49,-38.62,1
23-01-2022 22:00,EST,CAPITL,61757,146.33,10.81,-2.04,1
23-01-2022 23:00,EST,CAPITL,61757,159.86,7.56,-58.88,1
24-01-2022 00:00,EST,CAPITL,61757,160.54,9.94,0,1
24-01-2022 01:00,EST,CAPITL,61757,160.02,9.49,0,1
24-01-2022 02:00,EST,CAPITL,61757,160.63,8.22,0,1
24-01-2022 03:00,EST,CAPITL,61757,160.21,8.2,0,1
24-01-2022 04:00,EST,CAPITL,61757,161.7,8.42,0,1
24-01-2022 05:00,EST,CAPITL,61757,173.89,8.9,0,1
24-01-2022 06:00,EST,CAPITL,61757,205.58,10.16,0,1
24-01-2022 07:00,EST,CAPITL,61757,213.6,10.94,0,1
24-01-2022 08:00,EST,CAPITL,61757,212.4,10.49,0,1
24-01-2022 09:00,EST,CAPITL,61757,199.75,10.23,0,1
24-01-2022 10:00,EST,CAPITL,61757,177.48,9.57,0,1
24-01-2022 11:00,EST,CAPITL,61757,160.92,9.69,0,1
24-01-2022 12:00,EST,CAPITL,61757,149.32,9.77,0,1
24-01-2022 13:00,EST,CAPITL,61757,139.21,9.23,0,1
24-01-2022 14:00,EST,CAPITL,61757,135.74,9.12,0,1
24-01-2022 15:00,EST,CAPITL,61757,140.91,9.22,0,1
24-01-2022 16:00,EST,CAPITL,61757,162.82,10.08,0,1
24-01-2022 17:00,EST,CAPITL,61757,203.13,12.57,0,1
24-01-2022 18:00,EST,CAPITL,61757,200.13,12.05,0,1
24-01-2022 19:00,EST,CAPITL,61757,173.59,11.06,0,1
24-01-2022 20:00,EST,CAPITL,61757,158.82,10.8,0,1
24-01-2022 21:00,EST,CAPITL,61757,150,10.47,0,1
24-01-2022 22:00,EST,CAPITL,61757,138.48,9.78,0,1
24-01-2022 23:00,EST,CAPITL,61757,132.12,8.42,0,1
25-01-2022 00:00,EST,CAPITL,61757,119.75,9.17,0,1
25-01-2022 01:00,EST,CAPITL,61757,121.16,7.2,-25.01,1
25-01-2022 02:00,EST,CAPITL,61757,110.34,8.36,0,1
25-01-2022 03:00,EST,CAPITL,61757,111.89,8.48,0,1
25-01-2022 04:00,EST,CAPITL,61757,113.69,8.62,0,1
25-01-2022 05:00,EST,CAPITL,61757,129.64,8.82,0,1
25-01-2022 06:00,EST,CAPITL,61757,172.48,10.52,0,1
25-01-2022 07:00,EST,CAPITL,61757,177.6,11.31,0,1
25-01-2022 08:00,EST,CAPITL,61757,193.35,12.14,0,1
25-01-2022 09:00,EST,CAPITL,61757,169.65,12.42,0,1
25-01-2022 10:00,EST,CAPITL,61757,153.51,11.08,-7.37,1
25-01-2022 11:00,EST,CAPITL,61757,153,8.52,-48.77,1
25-01-2022 12:00,EST,CAPITL,61757,138.4,8.03,-38.08,1
25-01-2022 13:00,EST,CAPITL,61757,134.35,7.53,-40.25,1
25-01-2022 14:00,EST,CAPITL,61757,131.68,7.5,-37.9,1
25-01-2022 15:00,EST,CAPITL,61757,143.8,7.87,-44.39,1
25-01-2022 16:00,EST,CAPITL,61757,150.59,10.41,-19.2,1
25-01-2022 17:00,EST,CAPITL,61757,184.38,14.34,-7.1,1
25-01-2022 18:00,EST,CAPITL,61757,171.16,13.24,-5.6,1
25-01-2022 19:00,EST,CAPITL,61757,159.87,12.52,0,1
25-01-2022 20:00,EST,CAPITL,61757,150.81,11.19,-10.96,1
25-01-2022 21:00,EST,CAPITL,61757,155.97,9.66,-32.54,1
25-01-2022 22:00,EST,CAPITL,61757,137.37,7.31,-44,1
25-01-2022 23:00,EST,CAPITL,61757,118.07,8.95,0,1
26-01-2022 00:00,EST,CAPITL,61757,140.44,10.64,0,1
26-01-2022 01:00,EST,CAPITL,61757,126.35,9.46,0,1
26-01-2022 02:00,EST,CAPITL,61757,123.82,9.18,0,1
26-01-2022 03:00,EST,CAPITL,61757,134.12,9.59,0,1
26-01-2022 04:00,EST,CAPITL,61757,136.39,10.45,0,1
26-01-2022 05:00,EST,CAPITL,61757,151.49,11.6,0,1
26-01-2022 06:00,EST,CAPITL,61757,187.49,13.57,0,1
26-01-2022 07:00,EST,CAPITL,61757,215.03,13.7,0,1
26-01-2022 08:00,EST,CAPITL,61757,206.25,14.02,0,1
26-01-2022 09:00,EST,CAPITL,61757,189.53,13.55,0,1
26-01-2022 10:00,EST,CAPITL,61757,191.68,13.03,0,1
26-01-2022 11:00,EST,CAPITL,61757,170.03,12.6,0,1
26-01-2022 12:00,EST,CAPITL,61757,166.49,12.19,0,1
26-01-2022 13:00,EST,CAPITL,61757,163.52,12.25,0,1
26-01-2022 14:00,EST,CAPITL,61757,165.11,12.52,0,1
26-01-2022 15:00,EST,CAPITL,61757,168.03,12.74,0,1
26-01-2022 16:00,EST,CAPITL,61757,189.05,13.76,-1.1,1
26-01-2022 17:00,EST,CAPITL,61757,264.22,17.04,0,1
26-01-2022 18:00,EST,CAPITL,61757,261.87,17.36,0,1
26-01-2022 19:00,EST,CAPITL,61757,243.63,16.15,0,1
26-01-2022 20:00,EST,CAPITL,61757,214.25,14.76,0,1
26-01-2022 21:00,EST,CAPITL,61757,205.53,12.37,0,1
26-01-2022 22:00,EST,CAPITL,61757,179.88,12.86,0,1
26-01-2022 23:00,EST,CAPITL,61757,174.23,12.3,0,1
27-01-2022 00:00,EST,CAPITL,61757,198.44,12.8,0,1
27-01-2022 01:00,EST,CAPITL,61757,179.82,11.76,0,1
27-01-2022 02:00,EST,CAPITL,61757,175.89,11.35,0,1
27-01-2022 03:00,EST,CAPITL,61757,176.23,11.68,0,1
27-01-2022 04:00,EST,CAPITL,61757,172.52,12.63,0,1
27-01-2022 05:00,EST,CAPITL,61757,199.81,14.29,0,1
27-01-2022 06:00,EST,CAPITL,61757,250.22,14.84,0,1
27-01-2022 07:00,EST,CAPITL,61757,256.02,14.95,0,1
27-01-2022 08:00,EST,CAPITL,61757,239.89,16.31,0,1
27-01-2022 09:00,EST,CAPITL,61757,213.06,15.04,0,1
27-01-2022 10:00,EST,CAPITL,61757,183.75,13.45,0,1
27-01-2022 11:00,EST,CAPITL,61757,166.64,12.76,0,1
27-01-2022 12:00,EST,CAPITL,61757,165.66,10.91,-27.84,1
27-01-2022 13:00,EST,CAPITL,61757,164.23,9.28,-43.11,1
27-01-2022 14:00,EST,CAPITL,61757,167.61,8.66,-55.82,1
27-01-2022 15:00,EST,CAPITL,61757,172.99,8.64,-62.62,1
27-01-2022 16:00,EST,CAPITL,61757,181.13,9.05,-67.96,1
27-01-2022 17:00,EST,CAPITL,61757,228.99,13.36,-68.85,1
27-01-2022 18:00,EST,CAPITL,61757,210.12,12.97,-53.05,1
27-01-2022 19:00,EST,CAPITL,61757,207.61,10.28,-81.77,1
27-01-2022 20:00,EST,CAPITL,61757,192.5,8.41,-87.43,1
27-01-2022 21:00,EST,CAPITL,61757,186.27,7.51,-91.47,1
27-01-2022 22:00,EST,CAPITL,61757,186.17,6.44,-103.12,1
27-01-2022 23:00,EST,CAPITL,61757,189.22,5.38,-118.26,1
28-01-2022 00:00,EST,CAPITL,61757,178.48,2.66,-141.7,1
28-01-2022 01:00,EST,CAPITL,61757,166.76,2.68,-129.76,1
28-01-2022 02:00,EST,CAPITL,61757,160.75,2.61,-124.65,1
28-01-2022 03:00,EST,CAPITL,61757,159.82,2.69,-122.17,1
28-01-2022 04:00,EST,CAPITL,61757,159.06,2.9,-119.87,1
28-01-2022 05:00,EST,CAPITL,61757,163.22,3.75,-113.73,1
28-01-2022 06:00,EST,CAPITL,61757,181.41,4.95,-114.55,1
28-01-2022 07:00,EST,CAPITL,61757,197.12,5.77,-119.2,1
28-01-2022 08:00,EST,CAPITL,61757,200.99,8.41,-91.17,1
28-01-2022 09:00,EST,CAPITL,61757,190.96,8.06,-84.66,1
28-01-2022 10:00,EST,CAPITL,61757,177,7.77,-75.61,1
28-01-2022 11:00,EST,CAPITL,61757,177.44,7.16,-83,1
28-01-2022 12:00,EST,CAPITL,61757,168.76,7.07,-75.49,1
28-01-2022 13:00,EST,CAPITL,61757,165.63,7.2,-70.65,1
28-01-2022 14:00,EST,CAPITL,61757,159.47,8.03,-53.56,1
28-01-2022 15:00,EST,CAPITL,61757,165.87,7.12,-71.92,1
28-01-2022 16:00,EST,CAPITL,61757,175.53,8.08,-67.69,1
28-01-2022 17:00,EST,CAPITL,61757,205.74,11.97,-47.84,1
28-01-2022 18:00,EST,CAPITL,61757,188.32,12.37,-28.68,1
28-01-2022 19:00,EST,CAPITL,61757,173.82,10.9,-31.51,1
28-01-2022 20:00,EST,CAPITL,61757,167.66,8.46,-56.02,1
28-01-2022 21:00,EST,CAPITL,61757,161.37,7.08,-68.03,1
28-01-2022 22:00,EST,CAPITL,61757,154.4,7.42,-54.33,1
28-01-2022 23:00,EST,CAPITL,61757,145.95,9.41,0,1
29-01-2022 00:00,EST,CAPITL,61757,169.04,12.81,0,1
29-01-2022 01:00,EST,CAPITL,61757,159.23,11.53,0,1
29-01-2022 02:00,EST,CAPITL,61757,151.58,11.23,0,1
29-01-2022 03:00,EST,CAPITL,61757,153.5,11.11,0,1
29-01-2022 04:00,EST,CAPITL,61757,151.8,10.99,0,1
29-01-2022 05:00,EST,CAPITL,61757,150.19,11.9,0,1
29-01-2022 06:00,EST,CAPITL,61757,158.87,11.5,0,1
29-01-2022 07:00,EST,CAPITL,61757,163.87,11.72,0,1
29-01-2022 08:00,EST,CAPITL,61757,178.26,13.35,0,1
29-01-2022 09:00,EST,CAPITL,61757,179.41,14.66,0,1
29-01-2022 10:00,EST,CAPITL,61757,189.94,15.52,0,1
29-01-2022 11:00,EST,CAPITL,61757,201.24,10.48,-79.27,1
29-01-2022 12:00,EST,CAPITL,61757,200.56,8.51,-102.57,1
29-01-2022 13:00,EST,CAPITL,61757,198.75,7.49,-108.95,1
29-01-2022 14:00,EST,CAPITL,61757,196.92,7.48,-108.09,1
29-01-2022 15:00,EST,CAPITL,61757,192.97,7.58,-103,1
29-01-2022 16:00,EST,CAPITL,61757,205.55,8.4,-107.73,1
29-01-2022 17:00,EST,CAPITL,61757,227.23,14.09,-69.41,1
29-01-2022 18:00,EST,CAPITL,61757,217.5,13.8,-59.98,1
29-01-2022 19:00,EST,CAPITL,61757,203.76,11.22,-75.63,1
29-01-2022 20:00,EST,CAPITL,61757,194.53,8.9,-89.97,1
29-01-2022 21:00,EST,CAPITL,61757,193.39,7.58,-103.33,1
29-01-2022 22:00,EST,CAPITL,61757,188.24,7.64,-95.8,1
29-01-2022 23:00,EST,CAPITL,61757,169.29,14.25,0,1
30-01-2022 00:00,EST,CAPITL,61757,217.94,14.31,-53.07,1
30-01-2022 01:00,EST,CAPITL,61757,190.1,14.01,-30.19,1
30-01-2022 02:00,EST,CAPITL,61757,176.32,15.3,0,1
30-01-2022 03:00,EST,CAPITL,61757,178.5,14.74,0,1
30-01-2022 04:00,EST,CAPITL,61757,183.17,14.51,0,1
30-01-2022 05:00,EST,CAPITL,61757,174.98,15.9,-0.06,1
30-01-2022 06:00,EST,CAPITL,61757,210.59,10.21,-94.1,1
30-01-2022 07:00,EST,CAPITL,61757,199.1,12.62,-53.66,1
30-01-2022 08:00,EST,CAPITL,61757,183.2,16.36,0,1
30-01-2022 09:00,EST,CAPITL,61757,182.33,16.28,0,1
30-01-2022 10:00,EST,CAPITL,61757,169.26,14.69,0,1
30-01-2022 11:00,EST,CAPITL,61757,185.79,9.78,-71.9,1
30-01-2022 12:00,EST,CAPITL,61757,187.54,8.78,-83.22,1
30-01-2022 13:00,EST,CAPITL,61757,190.16,7.64,-98.58,1
30-01-2022 14:00,EST,CAPITL,61757,189.44,7.03,-103.38,1
30-01-2022 15:00,EST,CAPITL,61757,190.89,7.52,-99.88,1
30-01-2022 16:00,EST,CAPITL,61757,197,8,-101.1,1
30-01-2022 17:00,EST,CAPITL,61757,237.73,13.78,-83.44,1
30-01-2022 18:00,EST,CAPITL,61757,215,16.19,-38.42,1
30-01-2022 19:00,EST,CAPITL,61757,192.49,11.84,-58.57,1
30-01-2022 20:00,EST,CAPITL,61757,196.78,10.05,-79.74,1
30-01-2022 21:00,EST,CAPITL,61757,195.52,8.62,-92.15,1
30-01-2022 22:00,EST,CAPITL,61757,190.03,8.31,-89.4,1
30-01-2022 23:00,EST,CAPITL,61757,205.16,7.56,-115.38,1
31-01-2022 00:00,EST,CAPITL,61757,207.86,14.86,0,1
31-01-2022 01:00,EST,CAPITL,61757,201.8,13.72,0,1
31-01-2022 02:00,EST,CAPITL,61757,197.76,13.63,0,1
31-01-2022 03:00,EST,CAPITL,61757,200.85,13.66,0,1
31-01-2022 04:00,EST,CAPITL,61757,202.48,12.9,0,1
31-01-2022 05:00,EST,CAPITL,61757,204.97,14.31,0,1
31-01-2022 06:00,EST,CAPITL,61757,258.79,16.93,0,1
31-01-2022 07:00,EST,CAPITL,61757,290.03,17.2,0,1
31-01-2022 08:00,EST,CAPITL,61757,283.27,17.79,0,1
31-01-2022 09:00,EST,CAPITL,61757,259.41,18.11,0,1
31-01-2022 10:00,EST,CAPITL,61757,224.02,16.4,0,1
31-01-2022 11:00,EST,CAPITL,61757,182.35,14.59,0,1
31-01-2022 12:00,EST,CAPITL,61757,177.36,11.47,-39.88,1
31-01-2022 13:00,EST,CAPITL,61757,179.12,9.88,-59.52,1
31-01-2022 14:00,EST,CAPITL,61757,181.27,9.28,-67.68,1
31-01-2022 15:00,EST,CAPITL,61757,171.71,12.3,-21.16,1
31-01-2022 16:00,EST,CAPITL,61757,187.44,15.16,0,1
31-01-2022 17:00,EST,CAPITL,61757,264.35,19.59,0,1
31-01-2022 18:00,EST,CAPITL,61757,247.31,19.59,0,1
31-01-2022 19:00,EST,CAPITL,61757,225.29,17.84,0,1
31-01-2022 20:00,EST,CAPITL,61757,202.69,15.87,0,1
31-01-2022 21:00,EST,CAPITL,61757,181.64,14.84,0,1
31-01-2022 22:00,EST,CAPITL,61757,184.57,10.84,-50.61,1
31-01-2022 23:00,EST,CAPITL,61757,179.36,12.52,0,1
01-02-2022 00:00,EST,CAPITL,61757,182.27,12.58,-37.3,1
01-02-2022 01:00,EST,CAPITL,61757,170.23,14.03,-8.55,1
01-02-2022 02:00,EST,CAPITL,61757,168.86,13.75,-8.85,1
01-02-2022 03:00,EST,CAPITL,61757,171.23,13.23,-17.25,1
01-02-2022 04:00,EST,CAPITL,61757,167.35,14.38,0,1
01-02-2022 05:00,EST,CAPITL,61757,180.81,15.39,0,1
01-02-2022 06:00,EST,CAPITL,61757,214.83,17.19,0,1
01-02-2022 07:00,EST,CAPITL,61757,259.1,19.56,-1.06,1
01-02-2022 08:00,EST,CAPITL,61757,235.62,18.26,0,1
01-02-2022 09:00,EST,CAPITL,61757,207.79,16.34,-9.92,1
01-02-2022 10:00,EST,CAPITL,61757,184.18,12.45,-31.83,1
01-02-2022 11:00,EST,CAPITL,61757,152.52,12.6,0,1
01-02-2022 12:00,EST,CAPITL,61757,143.58,7.91,-48.8,1
01-02-2022 13:00,EST,CAPITL,61757,148.71,5.82,-78.97,1
01-02-2022 14:00,EST,CAPITL,61757,149.66,5.53,-83.36,1
01-02-2022 15:00,EST,CAPITL,61757,155.58,5.19,-93.4,1
01-02-2022 16:00,EST,CAPITL,61757,186.61,3.97,-139.41,1
01-02-2022 17:00,EST,CAPITL,61757,232.14,6.46,-159.02,1
01-02-2022 18:00,EST,CAPITL,61757,209.1,6.92,-131.59,1
01-02-2022 19:00,EST,CAPITL,61757,192.49,5.72,-126.64,1
01-02-2022 20:00,EST,CAPITL,61757,181.59,5.27,-120.22,1
01-02-2022 21:00,EST,CAPITL,61757,171.88,4.06,-123.69,1
01-02-2022 22:00,EST,CAPITL,61757,157.25,3.92,-110.22,1
01-02-2022 23:00,EST,CAPITL,61757,148.54,3.87,-101.14,1
02-02-2022 00:00,EST,CAPITL,61757,139.7,3.07,-104.38,1
02-02-2022 01:00,EST,CAPITL,61757,129.93,2.99,-94.75,1
02-02-2022 02:00,EST,CAPITL,61757,121.74,2.99,-86.56,1
02-02-2022 03:00,EST,CAPITL,61757,121.64,3,-86.42,1
02-02-2022 04:00,EST,CAPITL,61757,128.91,3.09,-92.96,1
02-02-2022 05:00,EST,CAPITL,61757,123.36,4.39,-72.75,1
02-02-2022 06:00,EST,CAPITL,61757,134.69,6.03,-63.81,1
02-02-2022 07:00,EST,CAPITL,61757,127.31,10.62,0,1
02-02-2022 08:00,EST,CAPITL,61757,148.51,12.89,0,1
02-02-2022 09:00,EST,CAPITL,61757,138.01,11.85,0,1
02-02-2022 10:00,EST,CAPITL,61757,126.5,10.65,0,1
02-02-2022 11:00,EST,CAPITL,61757,103.7,8.73,0,1
02-02-2022 12:00,EST,CAPITL,61757,101.33,8.28,0,1
02-02-2022 13:00,EST,CAPITL,61757,96.93,7.92,0,1
02-02-2022 14:00,EST,CAPITL,61757,94.32,7.63,0,1
02-02-2022 15:00,EST,CAPITL,61757,94.91,7.68,0,1
02-02-2022 16:00,EST,CAPITL,61757,105.75,8.56,0,1
02-02-2022 17:00,EST,CAPITL,61757,149.88,12.88,0,1
02-02-2022 18:00,EST,CAPITL,61757,134.88,11.92,0,1
02-02-2022 19:00,EST,CAPITL,61757,106.5,9.06,0,1
02-02-2022 20:00,EST,CAPITL,61757,95.68,7.98,0,1
02-02-2022 21:00,EST,CAPITL,61757,88.13,7.04,-0.16,1
02-02-2022 22:00,EST,CAPITL,61757,81.52,6.47,-0.64,1
02-02-2022 23:00,EST,CAPITL,61757,81.03,6.42,0,1
03-02-2022 00:00,EST,CAPITL,61757,81.01,3.28,-42.53,1
03-02-2022 01:00,EST,CAPITL,61757,80.42,3.2,-42.44,1
03-02-2022 02:00,EST,CAPITL,61757,79.52,3.15,-41.74,1
03-02-2022 03:00,EST,CAPITL,61757,79.38,3.17,-41.38,1
03-02-2022 04:00,EST,CAPITL,61757,76.12,3.22,-37.86,1
03-02-2022 05:00,EST,CAPITL,61757,77.07,3.63,-35.21,1
03-02-2022 06:00,EST,CAPITL,61757,86.46,5.24,-25.47,1
03-02-2022 07:00,EST,CAPITL,61757,87.9,7.4,-1.74,1
03-02-2022 08:00,EST,CAPITL,61757,87.35,7.72,0,1
03-02-2022 09:00,EST,CAPITL,61757,88.65,7.91,-0.09,1
03-02-2022 10:00,EST,CAPITL,61757,92.92,7.34,-12.19,1
03-02-2022 11:00,EST,CAPITL,61757,90.83,6.41,-20.32,1
03-02-2022 12:00,EST,CAPITL,61757,87.54,6.28,-18.47,1
03-02-2022 13:00,EST,CAPITL,61757,88.8,5.88,-23.54,1
03-02-2022 14:00,EST,CAPITL,61757,90.04,5.42,-29.34,1
03-02-2022 15:00,EST,CAPITL,61757,88.6,5.52,-26.12,1
03-02-2022 16:00,EST,CAPITL,61757,93.35,6.47,-20.13,1
03-02-2022 17:00,EST,CAPITL,61757,123.28,8.56,-29.09,1
03-02-2022 18:00,EST,CAPITL,61757,99.77,9.15,0,1
03-02-2022 19:00,EST,CAPITL,61757,101.96,6.68,-28.51,1
03-02-2022 20:00,EST,CAPITL,61757,95.99,5.93,-29.64,1
03-02-2022 21:00,EST,CAPITL,61757,87.26,6.2,-15.78,1
03-02-2022 22:00,EST,CAPITL,61757,82.07,4.54,-30.26,1
03-02-2022 23:00,EST,CAPITL,61757,78.5,4.57,-25.34,1
04-02-2022 00:00,EST,CAPITL,61757,86.11,4.11,-40.91,1
04-02-2022 01:00,EST,CAPITL,61757,74.21,3.9,-29.65,1
04-02-2022 02:00,EST,CAPITL,61757,74.21,3.82,-29.69,1
04-02-2022 03:00,EST,CAPITL,61757,74.2,3.88,-28.15,1
04-02-2022 04:00,EST,CAPITL,61757,68.58,4.4,-16.33,1
04-02-2022 05:00,EST,CAPITL,61757,73.24,5.12,-13.68,1
04-02-2022 06:00,EST,CAPITL,61757,87.92,7.11,0,1
04-02-2022 07:00,EST,CAPITL,61757,100.8,8.91,0,1
04-02-2022 08:00,EST,CAPITL,61757,106.14,9.73,0,1
04-02-2022 09:00,EST,CAPITL,61757,120.35,10.64,0,1
04-02-2022 10:00,EST,CAPITL,61757,168.86,15.21,0,1
04-02-2022 11:00,EST,CAPITL,61757,156.58,13.6,-8.22,1
04-02-2022 12:00,EST,CAPITL,61757,160.36,9.85,-52.89,1
04-02-2022 13:00,EST,CAPITL,61757,153.59,8.26,-63.56,1
04-02-2022 14:00,EST,CAPITL,61757,149.19,7.47,-66.97,1
04-02-2022 15:00,EST,CAPITL,61757,154.02,8.18,-63.19,1
04-02-2022 16:00,EST,CAPITL,61757,169.93,8.76,-71.85,1
04-02-2022 17:00,EST,CAPITL,61757,206.02,13.9,-54.48,1
04-02-2022 18:00,EST,CAPITL,61757,202.46,13.4,-57.71,1
04-02-2022 19:00,EST,CAPITL,61757,172.48,10.71,-55.65,1
04-02-2022 20:00,EST,CAPITL,61757,173.6,7.78,-87.99,1
04-02-2022 21:00,EST,CAPITL,61757,167.58,7.71,-80.33,1
04-02-2022 22:00,EST,CAPITL,61757,136.85,8.31,-42.85,1
04-02-2022 23:00,EST,CAPITL,61757,129.39,11.01,0,1
05-02-2022 00:00,EST,CAPITL,61757,142.43,12.59,0,1
05-02-2022 01:00,EST,CAPITL,61757,147.88,7.27,-64.08,1
05-02-2022 02:00,EST,CAPITL,61757,137.21,6.77,-58.4,1
05-02-2022 03:00,EST,CAPITL,61757,131.57,8.13,-36.07,1
05-02-2022 04:00,EST,CAPITL,61757,130.52,7.25,-46.13,1
05-02-2022 05:00,EST,CAPITL,61757,140.26,6.01,-72.29,1
05-02-2022 06:00,EST,CAPITL,61757,162.35,4.6,-108.27,1
05-02-2022 07:00,EST,CAPITL,61757,187.55,5.24,-125.92,1
05-02-2022 08:00,EST,CAPITL,61757,186.07,6.61,-112.07,1
05-02-2022 09:00,EST,CAPITL,61757,180.02,7.73,-93.46,1
05-02-2022 10:00,EST,CAPITL,61757,175.76,8.72,-76.16,1
05-02-2022 11:00,EST,CAPITL,61757,169.32,6.07,-101.34,1
05-02-2022 12:00,EST,CAPITL,61757,159.94,4.92,-102.68,1
05-02-2022 13:00,EST,CAPITL,61757,156.04,4.56,-102.49,1
05-02-2022 14:00,EST,CAPITL,61757,159.48,3.87,-114.45,1
05-02-2022 15:00,EST,CAPITL,61757,163.2,5.04,-106.18,1
05-02-2022 16:00,EST,CAPITL,61757,198.99,6.32,-127.45,1
05-02-2022 17:00,EST,CAPITL,61757,236.13,10.39,-121.79,1
05-02-2022 18:00,EST,CAPITL,61757,243.53,10.36,-130.55,1
05-02-2022 19:00,EST,CAPITL,61757,210.94,9.33,-109.18,1
05-02-2022 20:00,EST,CAPITL,61757,203.34,8.97,-104.65,1
05-02-2022 21:00,EST,CAPITL,61757,186.64,8.6,-92.07,1
05-02-2022 22:00,EST,CAPITL,61757,187.24,7.53,-104.41,1
05-02-2022 23:00,EST,CAPITL,61757,186.64,8.31,-95.99,1
06-02-2022 00:00,EST,CAPITL,61757,187.42,10.89,-68.71,1
06-02-2022 01:00,EST,CAPITL,61757,169.23,12.5,-29.28,1
06-02-2022 02:00,EST,CAPITL,61757,164.44,14.54,0,1
06-02-2022 03:00,EST,CAPITL,61757,166.22,13.86,0,1
06-02-2022 04:00,EST,CAPITL,61757,168.94,14.22,0,1
06-02-2022 05:00,EST,CAPITL,61757,166.58,14.01,-12.4,1
06-02-2022 06:00,EST,CAPITL,61757,181.09,15.24,-13.48,1
06-02-2022 07:00,EST,CAPITL,61757,197.41,9.18,-90.5,1
06-02-2022 08:00,EST,CAPITL,61757,173.76,15.66,0,1
06-02-2022 09:00,EST,CAPITL,61757,171.06,14.51,-0.52,1
06-02-2022 10:00,EST,CAPITL,61757,172.45,7.71,-84.45,1
06-02-2022 11:00,EST,CAPITL,61757,165.35,5.9,-97.38,1
06-02-2022 12:00,EST,CAPITL,61757,159,5.04,-99.8,1
06-02-2022 13:00,EST,CAPITL,61757,156.7,3.59,-114.51,1
06-02-2022 14:00,EST,CAPITL,61757,158.89,3.3,-119.65,1
06-02-2022 15:00,EST,CAPITL,61757,156.6,3.46,-115.51,1
06-02-2022 16:00,EST,CAPITL,61757,169.25,5.02,-107.83,1
06-02-2022 17:00,EST,CAPITL,61757,226.11,7.88,-135.28,1
06-02-2022 18:00,EST,CAPITL,61757,233.27,5.18,-172.94,1
06-02-2022 19:00,EST,CAPITL,61757,221.6,3.59,-180.24,1
06-02-2022 20:00,EST,CAPITL,61757,193.85,3.48,-153.28,1
06-02-2022 21:00,EST,CAPITL,61757,172.02,3.39,-132.51,1
06-02-2022 22:00,EST,CAPITL,61757,175.18,3.32,-134.95,1
06-02-2022 23:00,EST,CAPITL,61757,186.61,3.43,-147.06,1
07-02-2022 00:00,EST,CAPITL,61757,167.4,3.33,-127.89,1
07-02-2022 01:00,EST,CAPITL,61757,155.83,3.12,-119.17,1
07-02-2022 02:00,EST,CAPITL,61757,150.54,3.29,-111.14,1
07-02-2022 03:00,EST,CAPITL,61757,158.5,3.01,-121.32,1
07-02-2022 04:00,EST,CAPITL,61757,154.24,3.18,-114.98,1
07-02-2022 05:00,EST,CAPITL,61757,165.16,3.4,-125.61,1
07-02-2022 06:00,EST,CAPITL,61757,181.41,3.52,-141.24,1
07-02-2022 07:00,EST,CAPITL,61757,189.18,4.31,-139.51,1
07-02-2022 08:00,EST,CAPITL,61757,206.44,4.74,-151.3,1
07-02-2022 09:00,EST,CAPITL,61757,208.4,5.38,-146.37,1
07-02-2022 10:00,EST,CAPITL,61757,186.79,5.6,-122.23,1
07-02-2022 11:00,EST,CAPITL,61757,164.97,5.85,-97.53,1
07-02-2022 12:00,EST,CAPITL,61757,160.3,5.23,-99.42,1
07-02-2022 13:00,EST,CAPITL,61757,154.2,5.29,-91.37,1
07-02-2022 14:00,EST,CAPITL,61757,153.63,4.48,-99.92,1
07-02-2022 15:00,EST,CAPITL,61757,152.57,4.53,-97.77,1
07-02-2022 16:00,EST,CAPITL,61757,157.97,4.43,-104.83,1
07-02-2022 17:00,EST,CAPITL,61757,204.59,5.3,-144.03,1
07-02-2022 18:00,EST,CAPITL,61757,160.64,4.71,-107.93,1
07-02-2022 19:00,EST,CAPITL,61757,152.86,4.75,-98.63,1
07-02-2022 20:00,EST,CAPITL,61757,140.19,3.91,-94.21,1
07-02-2022 21:00,EST,CAPITL,61757,138.43,3.63,-95.3,1
07-02-2022 22:00,EST,CAPITL,61757,132.95,3.66,-90.36,1
07-02-2022 23:00,EST,CAPITL,61757,138.9,3.34,-99.18,1
08-02-2022 00:00,EST,CAPITL,61757,119.59,3.8,-77.42,1
08-02-2022 01:00,EST,CAPITL,61757,113.3,3.57,-72.5,1
08-02-2022 02:00,EST,CAPITL,61757,109.9,3.46,-69.67,1
08-02-2022 03:00,EST,CAPITL,61757,106.94,3.47,-66.52,1
08-02-2022 04:00,EST,CAPITL,61757,107.77,3.66,-65.93,1
08-02-2022 05:00,EST,CAPITL,61757,114.87,3.89,-72.09,1
08-02-2022 06:00,EST,CAPITL,61757,131.93,5.98,-64.31,1
08-02-2022 07:00,EST,CAPITL,61757,153.48,9.17,-45.74,1
08-02-2022 08:00,EST,CAPITL,61757,144.4,12.89,0,1
08-02-2022 09:00,EST,CAPITL,61757,151.58,13.54,0,1
08-02-2022 10:00,EST,CAPITL,61757,121.62,9.22,-16.31,1
08-02-2022 11:00,EST,CAPITL,61757,106.05,9.29,0,1
08-02-2022 12:00,EST,CAPITL,61757,104.14,5.92,-37.81,1
08-02-2022 13:00,EST,CAPITL,61757,109.34,4.41,-60.37,1
08-02-2022 14:00,EST,CAPITL,61757,104.31,4.3,-57.42,1
08-02-2022 15:00,EST,CAPITL,61757,106.01,4.24,-59.37,1
08-02-2022 16:00,EST,CAPITL,61757,111.63,4.93,-57.41,1
08-02-2022 17:00,EST,CAPITL,61757,162.2,6.02,-98.83,1
08-02-2022 18:00,EST,CAPITL,61757,144,6.69,-75.41,1
08-02-2022 19:00,EST,CAPITL,61757,145,5.21,-90.12,1
08-02-2022 20:00,EST,CAPITL,61757,126.29,5.14,-70.25,1
08-02-2022 21:00,EST,CAPITL,61757,121.05,4.43,-71.48,1
08-02-2022 22:00,EST,CAPITL,61757,111.9,4.25,-64.28,1
08-02-2022 23:00,EST,CAPITL,61757,107.75,3.91,-62.71,1
09-02-2022 00:00,EST,CAPITL,61757,86.74,2.91,-55.31,1
09-02-2022 01:00,EST,CAPITL,61757,75.87,2.82,-44.56,1
09-02-2022 02:00,EST,CAPITL,61757,74.15,2.78,-43.05,1
09-02-2022 03:00,EST,CAPITL,61757,75.95,2.84,-44.74,1
09-02-2022 04:00,EST,CAPITL,61757,80.55,3.11,-46.97,1
09-02-2022 05:00,EST,CAPITL,61757,90.94,3.69,-55.15,1
09-02-2022 06:00,EST,CAPITL,61757,105.63,4.43,-59.86,1
09-02-2022 07:00,EST,CAPITL,61757,150.26,4.06,-106.42,1
09-02-2022 08:00,EST,CAPITL,61757,150.86,3.56,-113.72,1
09-02-2022 09:00,EST,CAPITL,61757,119.38,3.85,-77.81,1
09-02-2022 10:00,EST,CAPITL,61757,89.65,4.69,-36.55,1
09-02-2022 11:00,EST,CAPITL,61757,82.05,4.03,-35.13,1
09-02-2022 12:00,EST,CAPITL,61757,74.63,4.09,-26.05,1
09-02-2022 13:00,EST,CAPITL,61757,75.96,3.81,-30.22,1
09-02-2022 14:00,EST,CAPITL,61757,75.95,3.62,-31.7,1
09-02-2022 15:00,EST,CAPITL,61757,74.51,3.57,-29.87,1
09-02-2022 16:00,EST,CAPITL,61757,88.87,3.31,-47.1,1
09-02-2022 17:00,EST,CAPITL,61757,131.62,4.39,-79,1
09-02-2022 18:00,EST,CAPITL,61757,120.95,4.46,-67.95,1
09-02-2022 19:00,EST,CAPITL,61757,97.33,3.69,-52.71,1
09-02-2022 20:00,EST,CAPITL,61757,83.82,3.5,-41.5,1
09-02-2022 21:00,EST,CAPITL,61757,82.37,3.09,-43.74,1
09-02-2022 22:00,EST,CAPITL,61757,80.07,2.86,-43.93,1
09-02-2022 23:00,EST,CAPITL,61757,84.13,2.77,-48.35,1
10-02-2022 00:00,EST,CAPITL,61757,77.84,2.26,-48.74,1
10-02-2022 01:00,EST,CAPITL,61757,66.17,2.42,-34.51,1
10-02-2022 02:00,EST,CAPITL,61757,65.01,2.29,-34.42,1
10-02-2022 03:00,EST,CAPITL,61757,66.45,2.29,-35.9,1
10-02-2022 04:00,EST,CAPITL,61757,67.11,2.44,-34.49,1
10-02-2022 05:00,EST,CAPITL,61757,70.71,2.62,-36.18,1
10-02-2022 06:00,EST,CAPITL,61757,88.54,3.26,-43.53,1
10-02-2022 07:00,EST,CAPITL,61757,100.02,3.77,-49.1,1
10-02-2022 08:00,EST,CAPITL,61757,87,3.58,-40.79,1
10-02-2022 09:00,EST,CAPITL,61757,83.24,3.54,-38.02,1
10-02-2022 10:00,EST,CAPITL,61757,73.73,3.08,-33.96,1
10-02-2022 11:00,EST,CAPITL,61757,74.97,2.47,-43.38,1
10-02-2022 12:00,EST,CAPITL,61757,72.23,2.46,-40.12,1
10-02-2022 13:00,EST,CAPITL,61757,67.56,2.59,-33.38,1
10-02-2022 14:00,EST,CAPITL,61757,67.41,2.57,-33.48,1
10-02-2022 15:00,EST,CAPITL,61757,71.15,2.46,-39.04,1
10-02-2022 16:00,EST,CAPITL,61757,76.6,2.46,-44.87,1
10-02-2022 17:00,EST,CAPITL,61757,106.77,2.93,-70.2,1
10-02-2022 18:00,EST,CAPITL,61757,65.81,4.48,0,1
10-02-2022 19:00,EST,CAPITL,61757,62.85,4.27,0,1
10-02-2022 20:00,EST,CAPITL,61757,60.69,4.08,0,1
10-02-2022 21:00,EST,CAPITL,61757,54.82,3.58,-1.57,1
10-02-2022 22:00,EST,CAPITL,61757,56.62,2.76,-14.42,1
10-02-2022 23:00,EST,CAPITL,61757,54.63,3.62,-5.77,1
11-02-2022 00:00,EST,CAPITL,61757,51.69,4.09,0,1
11-02-2022 01:00,EST,CAPITL,61757,47.75,3.74,0,1
11-02-2022 02:00,EST,CAPITL,61757,46.27,3.51,0,1
11-02-2022 03:00,EST,CAPITL,61757,47.4,3.55,0,1
11-02-2022 04:00,EST,CAPITL,61757,47.01,3.44,0,1
11-02-2022 05:00,EST,CAPITL,61757,49.04,3.67,0,1
11-02-2022 06:00,EST,CAPITL,61757,52.9,3.96,0,1
11-02-2022 07:00,EST,CAPITL,61757,65.53,4.69,0,1
11-02-2022 08:00,EST,CAPITL,61757,61.77,4.63,0,1
11-02-2022 09:00,EST,CAPITL,61757,53.15,3.89,0,1
11-02-2022 10:00,EST,CAPITL,61757,47.45,3.44,0,1
11-02-2022 11:00,EST,CAPITL,61757,46.58,3.33,0,1
11-02-2022 12:00,EST,CAPITL,61757,44.99,3.14,0,1
11-02-2022 13:00,EST,CAPITL,61757,44.83,3.05,0,1
11-02-2022 14:00,EST,CAPITL,61757,44.88,3.17,0,1
11-02-2022 15:00,EST,CAPITL,61757,44.46,3.25,0,1
11-02-2022 16:00,EST,CAPITL,61757,47.18,3.45,0,1
11-02-2022 17:00,EST,CAPITL,61757,56.45,4.37,0,1
11-02-2022 18:00,EST,CAPITL,61757,59.21,4.64,0,1
11-02-2022 19:00,EST,CAPITL,61757,52.94,4.1,0,1
11-02-2022 20:00,EST,CAPITL,61757,48.46,3.67,0,1
11-02-2022 21:00,EST,CAPITL,61757,46.61,3.53,0,1
11-02-2022 22:00,EST,CAPITL,61757,45.26,2.98,-5.51,1
11-02-2022 23:00,EST,CAPITL,61757,50.29,2.69,-16.35,1
12-02-2022 00:00,EST,CAPITL,61757,39.01,2.92,0,1
12-02-2022 01:00,EST,CAPITL,61757,36.21,2.52,-1.8,1
12-02-2022 02:00,EST,CAPITL,61757,36.06,2.45,-1.74,1
12-02-2022 03:00,EST,CAPITL,61757,36.47,2.4,-3.31,1
12-02-2022 04:00,EST,CAPITL,61757,37.78,2.52,-3.78,1
12-02-2022 05:00,EST,CAPITL,61757,37.04,2.57,-3.5,1
12-02-2022 06:00,EST,CAPITL,61757,43.99,2.36,-11.82,1
12-02-2022 07:00,EST,CAPITL,61757,49.72,2.77,-13.19,1
12-02-2022 08:00,EST,CAPITL,61757,44.22,3.08,-6.12,1
12-02-2022 09:00,EST,CAPITL,61757,47.98,3.16,-9.75,1
12-02-2022 10:00,EST,CAPITL,61757,54.52,3.2,-14.95,1
12-02-2022 11:00,EST,CAPITL,61757,57.23,2.91,-20.91,1
12-02-2022 12:00,EST,CAPITL,61757,55.87,2.93,-19.27,1
12-02-2022 13:00,EST,CAPITL,61757,55.16,2.7,-21.43,1
12-02-2022 14:00,EST,CAPITL,61757,52.8,2.66,-19.58,1
12-02-2022 15:00,EST,CAPITL,61757,48.81,3.18,-9.53,1
12-02-2022 16:00,EST,CAPITL,61757,63.17,2.9,-27.66,1
12-02-2022 17:00,EST,CAPITL,61757,64.83,4.99,-6.71,1
12-02-2022 18:00,EST,CAPITL,61757,66.41,5.85,-2.08,1
12-02-2022 19:00,EST,CAPITL,61757,65.78,5.16,-6.89,1
12-02-2022 20:00,EST,CAPITL,61757,63.72,5.15,-4.44,1
12-02-2022 21:00,EST,CAPITL,61757,64.33,4.79,-7.4,1
12-02-2022 22:00,EST,CAPITL,61757,60.85,4.62,-4.96,1
12-02-2022 23:00,EST,CAPITL,61757,55.15,4.64,0,1
13-02-2022 00:00,EST,CAPITL,61757,52.95,3.77,-6.33,1
13-02-2022 01:00,EST,CAPITL,61757,47.97,3.47,-4.6,1
13-02-2022 02:00,EST,CAPITL,61757,42.29,3.31,0,1
13-02-2022 03:00,EST,CAPITL,61757,41.98,3.29,0,1
13-02-2022 04:00,EST,CAPITL,61757,42.21,3.27,0,1
13-02-2022 05:00,EST,CAPITL,61757,44.84,3.63,0,1
13-02-2022 06:00,EST,CAPITL,61757,48.1,3.68,-0.11,1
13-02-2022 07:00,EST,CAPITL,61757,53.48,3.78,0,1
13-02-2022 08:00,EST,CAPITL,61757,56.35,4.36,-0.1,1
13-02-2022 09:00,EST,CAPITL,61757,59.35,4.64,-0.78,1
13-02-2022 10:00,EST,CAPITL,61757,85.73,6.5,-3.71,1
13-02-2022 11:00,EST,CAPITL,61757,98.18,5.59,-31.19,1
13-02-2022 12:00,EST,CAPITL,61757,96.66,5.1,-35.46,1
13-02-2022 13:00,EST,CAPITL,61757,94.72,4.96,-34.05,1
13-02-2022 14:00,EST,CAPITL,61757,96.13,4.43,-41.86,1
13-02-2022 15:00,EST,CAPITL,61757,99.6,5.26,-35.89,1
13-02-2022 16:00,EST,CAPITL,61757,91.17,7.14,-3.74,1
13-02-2022 17:00,EST,CAPITL,61757,122.46,9.61,-6.07,1
13-02-2022 18:00,EST,CAPITL,61757,129.14,10.09,-6.98,1
13-02-2022 19:00,EST,CAPITL,61757,125.39,9.53,-7.6,1
13-02-2022 20:00,EST,CAPITL,61757,99.84,7.68,-3.81,1
13-02-2022 21:00,EST,CAPITL,61757,102.58,7.87,-3.23,1
13-02-2022 22:00,EST,CAPITL,61757,104.41,8.17,-1.2,1
13-02-2022 23:00,EST,CAPITL,61757,107.53,7.23,0,1
14-02-2022 00:00,EST,CAPITL,61757,144.09,11.04,0,1
14-02-2022 01:00,EST,CAPITL,61757,129.08,10.11,0,1
14-02-2022 02:00,EST,CAPITL,61757,134.67,9.28,0,1
14-02-2022 03:00,EST,CAPITL,61757,144.51,9.58,0,1
14-02-2022 04:00,EST,CAPITL,61757,148.54,9.71,0,1
14-02-2022 05:00,EST,CAPITL,61757,154.34,9.55,0,1
14-02-2022 06:00,EST,CAPITL,61757,167.82,9.5,0,1
14-02-2022 07:00,EST,CAPITL,61757,179.29,10.47,0,1
14-02-2022 08:00,EST,CAPITL,61757,194.22,11.17,0,1
14-02-2022 09:00,EST,CAPITL,61757,171.84,11.24,0,1
14-02-2022 10:00,EST,CAPITL,61757,176.32,11.07,0,1
14-02-2022 11:00,EST,CAPITL,61757,160.46,11.2,0,1
14-02-2022 12:00,EST,CAPITL,61757,144.67,10.84,0,1
14-02-2022 13:00,EST,CAPITL,61757,137.92,10.8,0,1
14-02-2022 14:00,EST,CAPITL,61757,137.93,11.39,0,1
14-02-2022 15:00,EST,CAPITL,61757,138.57,11.56,0,1
14-02-2022 16:00,EST,CAPITL,61757,155.13,12.94,0,1
14-02-2022 17:00,EST,CAPITL,61757,200.01,14.82,0,1
14-02-2022 18:00,EST,CAPITL,61757,201.23,15.25,0,1
14-02-2022 19:00,EST,CAPITL,61757,178.98,13.57,0,1
14-02-2022 20:00,EST,CAPITL,61757,167.49,12.13,0,1
14-02-2022 21:00,EST,CAPITL,61757,162.11,11.87,0,1
14-02-2022 22:00,EST,CAPITL,61757,144.09,11.77,0,1
14-02-2022 23:00,EST,CAPITL,61757,146.55,11.61,0,1
15-02-2022 00:00,EST,CAPITL,61757,164.88,13.62,0,1
15-02-2022 01:00,EST,CAPITL,61757,155.84,13,0,1
15-02-2022 02:00,EST,CAPITL,61757,154.03,12.46,0,1
15-02-2022 03:00,EST,CAPITL,61757,161.85,11.85,0,1
15-02-2022 04:00,EST,CAPITL,61757,154.28,12.6,0,1
15-02-2022 05:00,EST,CAPITL,61757,167.51,13.84,0,1
15-02-2022 06:00,EST,CAPITL,61757,180.19,14.42,0,1
15-02-2022 07:00,EST,CAPITL,61757,205.72,15.94,0,1
15-02-2022 08:00,EST,CAPITL,61757,188.2,15.7,0,1
15-02-2022 09:00,EST,CAPITL,61757,160.6,12.36,-4.57,1
15-02-2022 10:00,EST,CAPITL,61757,122.99,9.89,-4.35,1
15-02-2022 11:00,EST,CAPITL,61757,110.63,9.34,-2.98,1
15-02-2022 12:00,EST,CAPITL,61757,102.05,8.34,-5.98,1
15-02-2022 13:00,EST,CAPITL,61757,101.35,8.2,-7.73,1
15-02-2022 14:00,EST,CAPITL,61757,104.37,7.62,-19.75,1
15-02-2022 15:00,EST,CAPITL,61757,96.34,8.36,0,1
15-02-2022 16:00,EST,CAPITL,61757,108.89,8.91,-3.11,1
15-02-2022 17:00,EST,CAPITL,61757,152.21,12.51,-8.11,1
15-02-2022 18:00,EST,CAPITL,61757,166.59,14.03,0,1
15-02-2022 19:00,EST,CAPITL,61757,149.54,12.14,-2.62,1
15-02-2022 20:00,EST,CAPITL,61757,121.48,10,-1.54,1
15-02-2022 21:00,EST,CAPITL,61757,112.21,9.32,-0.44,1
15-02-2022 22:00,EST,CAPITL,61757,104.14,8.5,-0.09,1
15-02-2022 23:00,EST,CAPITL,61757,124.71,8.8,0,1
16-02-2022 00:00,EST,CAPITL,61757,136.39,6.65,-59.83,1
16-02-2022 01:00,EST,CAPITL,61757,130.63,6.05,-58.72,1
16-02-2022 02:00,EST,CAPITL,61757,133.39,5.9,-62.62,1
16-02-2022 03:00,EST,CAPITL,61757,130.64,6.38,-57.18,1
16-02-2022 04:00,EST,CAPITL,61757,125.61,8.66,-23.82,1
16-02-2022 05:00,EST,CAPITL,61757,139.64,5.95,-72.33,1
16-02-2022 06:00,EST,CAPITL,61757,151.64,12.39,0,1
16-02-2022 07:00,EST,CAPITL,61757,178.06,13.19,0,1
16-02-2022 08:00,EST,CAPITL,61757,153.45,9.84,-32.96,1
16-02-2022 09:00,EST,CAPITL,61757,129.04,5.85,-55.22,1
16-02-2022 10:00,EST,CAPITL,61757,68.74,4.71,-12.78,1
16-02-2022 11:00,EST,CAPITL,61757,71.62,3.5,-30.03,1
16-02-2022 12:00,EST,CAPITL,61757,71.45,3.23,-31.96,1
16-02-2022 13:00,EST,CAPITL,61757,63.28,2.59,-31.52,1
16-02-2022 14:00,EST,CAPITL,61757,63.6,2.5,-32.65,1
16-02-2022 15:00,EST,CAPITL,61757,74.35,2.57,-43.55,1
16-02-2022 16:00,EST,CAPITL,61757,74.85,2.68,-43.35,1
16-02-2022 17:00,EST,CAPITL,61757,84.21,3.58,-44.14,1
16-02-2022 18:00,EST,CAPITL,61757,80.41,4.34,-31.86,1
16-02-2022 19:00,EST,CAPITL,61757,79.72,3.09,-44.77,1
16-02-2022 20:00,EST,CAPITL,61757,75.22,2.87,-42.19,1
16-02-2022 21:00,EST,CAPITL,61757,71.9,2.48,-41.56,1
16-02-2022 22:00,EST,CAPITL,61757,68.41,2.05,-42.72,1
16-02-2022 23:00,EST,CAPITL,61757,67.04,2.23,-38.6,1
17-02-2022 00:00,EST,CAPITL,61757,52.62,1.47,-34.23,1
17-02-2022 01:00,EST,CAPITL,61757,51.17,1.03,-37.83,1
17-02-2022 02:00,EST,CAPITL,61757,51.22,0.86,-39.89,1
17-02-2022 03:00,EST,CAPITL,61757,50.94,0.94,-38.53,1
17-02-2022 04:00,EST,CAPITL,61757,48.62,1.26,-31.77,1
17-02-2022 05:00,EST,CAPITL,61757,48.69,1.81,-25.87,1
17-02-2022 06:00,EST,CAPITL,61757,48.94,2.58,-16.41,1
17-02-2022 07:00,EST,CAPITL,61757,57.94,2.33,-28.18,1
17-02-2022 08:00,EST,CAPITL,61757,51.98,2.94,-16.42,1
17-02-2022 09:00,EST,CAPITL,61757,49.93,2.7,-16.54,1
17-02-2022 10:00,EST,CAPITL,61757,47.14,2.72,-13.8,1
17-02-2022 11:00,EST,CAPITL,61757,45.66,2.79,-12.17,1
17-02-2022 12:00,EST,CAPITL,61757,44.1,2.75,-10.43,1
17-02-2022 13:00,EST,CAPITL,61757,43.77,2.82,-9.97,1
17-02-2022 14:00,EST,CAPITL,61757,44.21,2.59,-13.11,1
17-02-2022 15:00,EST,CAPITL,61757,43.15,2.8,-9.61,1
17-02-2022 16:00,EST,CAPITL,61757,48.96,2.9,-13.79,1
17-02-2022 17:00,EST,CAPITL,61757,55.4,3.62,-14.05,1
17-02-2022 18:00,EST,CAPITL,61757,52.82,3.87,-7.8,1
17-02-2022 19:00,EST,CAPITL,61757,47.66,3.38,-7.55,1
17-02-2022 20:00,EST,CAPITL,61757,46.78,2.81,-11.63,1
17-02-2022 21:00,EST,CAPITL,61757,46.33,2.58,-13.04,1
17-02-2022 22:00,EST,CAPITL,61757,45.02,2.16,-15.93,1
17-02-2022 23:00,EST,CAPITL,61757,43.74,2.04,-15.23,1
18-02-2022 00:00,EST,CAPITL,61757,41.51,2.48,-8.05,1
18-02-2022 01:00,EST,CAPITL,61757,39.96,2.17,-10.31,1
18-02-2022 02:00,EST,CAPITL,61757,39.91,2.01,-11.8,1
18-02-2022 03:00,EST,CAPITL,61757,40.12,1.92,-12.89,1
18-02-2022 04:00,EST,CAPITL,61757,40.38,1.91,-12.96,1
18-02-2022 05:00,EST,CAPITL,61757,39.31,2.4,-7.23,1
18-02-2022 06:00,EST,CAPITL,61757,39.01,2.79,0,1
18-02-2022 07:00,EST,CAPITL,61757,46.62,3.02,-4.91,1
18-02-2022 08:00,EST,CAPITL,61757,47.76,3.28,-5.89,1
18-02-2022 09:00,EST,CAPITL,61757,50.46,3.17,-10.45,1
18-02-2022 10:00,EST,CAPITL,61757,61.24,2.95,-19.43,1
18-02-2022 11:00,EST,CAPITL,61757,59.62,3.07,-17.75,1
18-02-2022 12:00,EST,CAPITL,61757,57.43,3,-16,1
18-02-2022 13:00,EST,CAPITL,61757,57.24,2.84,-17.51,1
18-02-2022 14:00,EST,CAPITL,61757,58.03,2.71,-20.07,1
18-02-2022 15:00,EST,CAPITL,61757,60.99,2.58,-24.94,1
18-02-2022 16:00,EST,CAPITL,61757,74.14,2.92,-33.88,1
18-02-2022 17:00,EST,CAPITL,61757,84.64,3.81,-35.53,1
18-02-2022 18:00,EST,CAPITL,61757,80.64,5.13,-15.13,1
18-02-2022 19:00,EST,CAPITL,61757,77.49,4.27,-22.35,1
18-02-2022 20:00,EST,CAPITL,61757,72.03,3.46,-27.4,1
18-02-2022 21:00,EST,CAPITL,61757,65.47,3.29,-22.49,1
18-02-2022 22:00,EST,CAPITL,61757,65.26,3.07,-24.32,1
18-02-2022 23:00,EST,CAPITL,61757,57.06,4.08,0,1
19-02-2022 00:00,EST,CAPITL,61757,77.9,5.09,-13.58,1
19-02-2022 01:00,EST,CAPITL,61757,70.11,4.18,-14.93,1
19-02-2022 02:00,EST,CAPITL,61757,63.04,4.11,-9.35,1
19-02-2022 03:00,EST,CAPITL,61757,66.97,3.71,-18,1
19-02-2022 04:00,EST,CAPITL,61757,63.26,3.81,-13.58,1
19-02-2022 05:00,EST,CAPITL,61757,77.84,2.8,-42.88,1
19-02-2022 06:00,EST,CAPITL,61757,80.35,2.33,-48.89,1
19-02-2022 07:00,EST,CAPITL,61757,81.57,2.47,-47.08,1
19-02-2022 08:00,EST,CAPITL,61757,83.54,2.95,-45.93,1
19-02-2022 09:00,EST,CAPITL,61757,77.18,3.1,-37.58,1
19-02-2022 10:00,EST,CAPITL,61757,85.78,3.72,-40.79,1
19-02-2022 11:00,EST,CAPITL,61757,89.12,3.28,-49.78,1
19-02-2022 12:00,EST,CAPITL,61757,95.01,3.19,-57.17,1
19-02-2022 13:00,EST,CAPITL,61757,81.29,2.94,-44.91,1
19-02-2022 14:00,EST,CAPITL,61757,88.33,2.89,-52.98,1
19-02-2022 15:00,EST,CAPITL,61757,83.28,2.88,-47.68,1
19-02-2022 16:00,EST,CAPITL,61757,82.89,3.23,-43.8,1
19-02-2022 17:00,EST,CAPITL,61757,93.34,4.67,-38.41,1
19-02-2022 18:00,EST,CAPITL,61757,96.21,5.48,-34.9,1
19-02-2022 19:00,EST,CAPITL,61757,118.2,3.92,-74.32,1
19-02-2022 20:00,EST,CAPITL,61757,105.48,3.57,-65.46,1
19-02-2022 21:00,EST,CAPITL,61757,94.59,3.44,-54.13,1
19-02-2022 22:00,EST,CAPITL,61757,103.42,3.47,-61.86,1
19-02-2022 23:00,EST,CAPITL,61757,107.05,4.27,-53.17,1
20-02-2022 00:00,EST,CAPITL,61757,122.78,6.8,-40.44,1
20-02-2022 01:00,EST,CAPITL,61757,114.43,5.51,-48.94,1
20-02-2022 02:00,EST,CAPITL,61757,110.16,6.09,-35.67,1
20-02-2022 03:00,EST,CAPITL,61757,111.7,4.87,-52.69,1
20-02-2022 04:00,EST,CAPITL,61757,116.74,4.6,-62.1,1
20-02-2022 05:00,EST,CAPITL,61757,128.01,3.92,-82.42,1
20-02-2022 06:00,EST,CAPITL,61757,124.63,3.27,-82.87,1
20-02-2022 07:00,EST,CAPITL,61757,118.77,3.07,-77.33,1
20-02-2022 08:00,EST,CAPITL,61757,114.62,3.36,-72.61,1
20-02-2022 09:00,EST,CAPITL,61757,107.98,3.63,-62.55,1
20-02-2022 10:00,EST,CAPITL,61757,92.91,3.42,-49.77,1
20-02-2022 11:00,EST,CAPITL,61757,94.64,2.81,-58.39,1
20-02-2022 12:00,EST,CAPITL,61757,94.64,2.45,-61.91,1
20-02-2022 13:00,EST,CAPITL,61757,89.22,2.26,-58.7,1
20-02-2022 14:00,EST,CAPITL,61757,83.74,2.25,-53.66,1
20-02-2022 15:00,EST,CAPITL,61757,84.86,2.39,-54.07,1
20-02-2022 16:00,EST,CAPITL,61757,102.02,2.68,-68.83,1
20-02-2022 17:00,EST,CAPITL,61757,145.03,3.39,-105.57,1
20-02-2022 18:00,EST,CAPITL,61757,168.94,3.52,-129.13,1
20-02-2022 19:00,EST,CAPITL,61757,136.3,3.49,-96.52,1
20-02-2022 20:00,EST,CAPITL,61757,111.66,3.03,-76.09,1
20-02-2022 21:00,EST,CAPITL,61757,104.91,2.88,-69.72,1
20-02-2022 22:00,EST,CAPITL,61757,99.91,2.67,-66.51,1
20-02-2022 23:00,EST,CAPITL,61757,101.92,2.13,-73.83,1
21-02-2022 00:00,EST,CAPITL,61757,91.76,1.79,-69.1,1
21-02-2022 01:00,EST,CAPITL,61757,80.11,1.84,-55.83,1
21-02-2022 02:00,EST,CAPITL,61757,75.92,1.8,-51.87,1
21-02-2022 03:00,EST,CAPITL,61757,75.91,1.85,-50.94,1
21-02-2022 04:00,EST,CAPITL,61757,76.04,2.21,-46.2,1
21-02-2022 05:00,EST,CAPITL,61757,82.18,2.92,-43.21,1
21-02-2022 06:00,EST,CAPITL,61757,89.04,2.69,-50.93,1
21-02-2022 07:00,EST,CAPITL,61757,107.4,2.61,-70.94,1
21-02-2022 08:00,EST,CAPITL,61757,99.32,3.34,-56.64,1
21-02-2022 09:00,EST,CAPITL,61757,89.21,3.18,-47.75,1
21-02-2022 10:00,EST,CAPITL,61757,69.96,3.22,-27.88,1
21-02-2022 11:00,EST,CAPITL,61757,59.67,3.18,-17.72,1
21-02-2022 12:00,EST,CAPITL,61757,58.61,3.08,-17,1
21-02-2022 13:00,EST,CAPITL,61757,56.79,3.15,-15.24,1
21-02-2022 14:00,EST,CAPITL,61757,48.45,3.15,-6.89,1
21-02-2022 15:00,EST,CAPITL,61757,49.34,3.12,-7.73,1
21-02-2022 16:00,EST,CAPITL,61757,62.09,3.17,-20.22,1
21-02-2022 17:00,EST,CAPITL,61757,78.58,4.45,-23.52,1
21-02-2022 18:00,EST,CAPITL,61757,75.65,5.21,-11.88,1
21-02-2022 19:00,EST,CAPITL,61757,73.58,3.37,-31.02,1
21-02-2022 20:00,EST,CAPITL,61757,69.29,2.96,-30.3,1
21-02-2022 21:00,EST,CAPITL,61757,62.96,2.74,-25.98,1
21-02-2022 22:00,EST,CAPITL,61757,56.15,2.65,-19.51,1
21-02-2022 23:00,EST,CAPITL,61757,54.54,2.56,-16.91,1
22-02-2022 00:00,EST,CAPITL,61757,58.16,1.92,-30.29,1
22-02-2022 01:00,EST,CAPITL,61757,55.61,1.64,-31.53,1
22-02-2022 02:00,EST,CAPITL,61757,53.01,1.62,-29.24,1
22-02-2022 03:00,EST,CAPITL,61757,51.83,2.27,-17.98,1
22-02-2022 04:00,EST,CAPITL,61757,55.64,1.73,-30.86,1
22-02-2022 05:00,EST,CAPITL,61757,55.73,2.53,-21.15,1
22-02-2022 06:00,EST,CAPITL,61757,64.6,2.71,-25.77,1
22-02-2022 07:00,EST,CAPITL,61757,86.37,2.86,-47.32,1
22-02-2022 08:00,EST,CAPITL,61757,89.64,3.13,-48.3,1
22-02-2022 09:00,EST,CAPITL,61757,88.04,2.94,-47.86,1
22-02-2022 10:00,EST,CAPITL,61757,62.15,3.09,-20.41,1
22-02-2022 11:00,EST,CAPITL,61757,61.56,3.01,-20.46,1
22-02-2022 12:00,EST,CAPITL,61757,59.76,3,-18.74,1
22-02-2022 13:00,EST,CAPITL,61757,60.27,2.98,-20.12,1
22-02-2022 14:00,EST,CAPITL,61757,61.25,2.84,-22.96,1
22-02-2022 15:00,EST,CAPITL,61757,63.51,2.64,-28.29,1
22-02-2022 16:00,EST,CAPITL,61757,67.14,2.87,-29.3,1
22-02-2022 17:00,EST,CAPITL,61757,98.16,3.27,-56.84,1
22-02-2022 18:00,EST,CAPITL,61757,78.96,3.45,-36.78,1
22-02-2022 19:00,EST,CAPITL,61757,68.02,3.05,-28.71,1
22-02-2022 20:00,EST,CAPITL,61757,58.04,2.68,-22.72,1
22-02-2022 21:00,EST,CAPITL,61757,55.89,2.26,-24.23,1
22-02-2022 22:00,EST,CAPITL,61757,54.9,1.74,-29.67,1
22-02-2022 23:00,EST,CAPITL,61757,53.48,1.49,-30.36,1
23-02-2022 00:00,EST,CAPITL,61757,42.57,2.25,-10.66,1
23-02-2022 01:00,EST,CAPITL,61757,44.31,1.78,-18.82,1
23-02-2022 02:00,EST,CAPITL,61757,43.96,1.69,-19.8,1
23-02-2022 03:00,EST,CAPITL,61757,43.97,1.72,-19.63,1
23-02-2022 04:00,EST,CAPITL,61757,43.96,1.8,-18.45,1
23-02-2022 05:00,EST,CAPITL,61757,42.24,2.44,-9.72,1
23-02-2022 06:00,EST,CAPITL,61757,48.3,2.72,-12.81,1
23-02-2022 07:00,EST,CAPITL,61757,53.06,3.05,-13.69,1
23-02-2022 08:00,EST,CAPITL,61757,49.53,3.13,-10.4,1
23-02-2022 09:00,EST,CAPITL,61757,48.96,3.14,-9.33,1
23-02-2022 10:00,EST,CAPITL,61757,48.67,3.32,-8.82,1
23-02-2022 11:00,EST,CAPITL,61757,47.07,3.32,-7.27,1
23-02-2022 12:00,EST,CAPITL,61757,44.98,3.09,-5.98,1
23-02-2022 13:00,EST,CAPITL,61757,45.11,3.01,-6.69,1
23-02-2022 14:00,EST,CAPITL,61757,45.37,2.71,-11.15,1
23-02-2022 15:00,EST,CAPITL,61757,45.16,3.15,-6.58,1
23-02-2022 16:00,EST,CAPITL,61757,46.78,3.27,-7.53,1
23-02-2022 17:00,EST,CAPITL,61757,53.54,4.14,-7.13,1
23-02-2022 18:00,EST,CAPITL,61757,68.13,4.97,-14.48,1
23-02-2022 19:00,EST,CAPITL,61757,58.5,4.58,-8.59,1
23-02-2022 20:00,EST,CAPITL,61757,49.89,4.35,-2.04,1
23-02-2022 21:00,EST,CAPITL,61757,48.05,3.76,-5.57,1
23-02-2022 22:00,EST,CAPITL,61757,43.78,3.58,-2.09,1
23-02-2022 23:00,EST,CAPITL,61757,43.78,3.63,-3.81,1
24-02-2022 00:00,EST,CAPITL,61757,46.49,4.02,-3.5,1
24-02-2022 01:00,EST,CAPITL,61757,44.59,3.77,-3.15,1
24-02-2022 02:00,EST,CAPITL,61757,44.18,3.83,-1.7,1
24-02-2022 03:00,EST,CAPITL,61757,43.92,3.91,-0.92,1
24-02-2022 04:00,EST,CAPITL,61757,44.64,3.8,0,1
24-02-2022 05:00,EST,CAPITL,61757,49.56,4.63,0,1
24-02-2022 06:00,EST,CAPITL,61757,58.94,5.41,0,1
24-02-2022 07:00,EST,CAPITL,61757,69.68,5.99,0,1
24-02-2022 08:00,EST,CAPITL,61757,66.95,5.75,0,1
24-02-2022 09:00,EST,CAPITL,61757,62.22,5.66,0,1
24-02-2022 10:00,EST,CAPITL,61757,70.13,6.37,0,1
24-02-2022 11:00,EST,CAPITL,61757,66.18,6.23,0,1
24-02-2022 12:00,EST,CAPITL,61757,64.15,5.88,0,1
24-02-2022 13:00,EST,CAPITL,61757,62.77,5.76,0,1
24-02-2022 14:00,EST,CAPITL,61757,62.93,5.77,0,1
24-02-2022 15:00,EST,CAPITL,61757,64.33,6.01,0,1
24-02-2022 16:00,EST,CAPITL,61757,69.27,6.47,0,1
24-02-2022 17:00,EST,CAPITL,61757,83.81,8.03,0,1
24-02-2022 18:00,EST,CAPITL,61757,91.04,9.09,0,1
24-02-2022 19:00,EST,CAPITL,61757,77.82,7.53,0,1
24-02-2022 20:00,EST,CAPITL,61757,71.02,6.75,0,1
24-02-2022 21:00,EST,CAPITL,61757,66.52,6.05,0,1
24-02-2022 22:00,EST,CAPITL,61757,64.23,5.2,0,1
24-02-2022 23:00,EST,CAPITL,61757,65.59,5.31,0,1
25-02-2022 00:00,EST,CAPITL,61757,96.2,6.94,-9.45,1
25-02-2022 01:00,EST,CAPITL,61757,81.04,6.21,0,1
25-02-2022 02:00,EST,CAPITL,61757,82.71,5.7,0,1
25-02-2022 03:00,EST,CAPITL,61757,91.28,5.97,0,1
25-02-2022 04:00,EST,CAPITL,61757,84.26,5.81,0,1
25-02-2022 05:00,EST,CAPITL,61757,93.6,7.65,0,1
25-02-2022 06:00,EST,CAPITL,61757,110,6.57,-30.46,1
25-02-2022 07:00,EST,CAPITL,61757,141.9,7.53,-43.62,1
25-02-2022 08:00,EST,CAPITL,61757,141.85,10.39,-19.77,1
25-02-2022 09:00,EST,CAPITL,61757,146.25,9.49,-36.96,1
25-02-2022 10:00,EST,CAPITL,61757,133.05,10.64,0,1
25-02-2022 11:00,EST,CAPITL,61757,128.16,10.91,0,1
25-02-2022 12:00,EST,CAPITL,61757,127.2,7.17,-49.03,1
25-02-2022 13:00,EST,CAPITL,61757,125,6.37,-52.91,1
25-02-2022 14:00,EST,CAPITL,61757,123.75,6.02,-55.61,1
25-02-2022 15:00,EST,CAPITL,61757,124.18,5.93,-57.12,1
25-02-2022 16:00,EST,CAPITL,61757,107.26,7.13,-28.1,1
25-02-2022 17:00,EST,CAPITL,61757,133.04,10.3,-13.18,1
25-02-2022 18:00,EST,CAPITL,61757,136.64,11.39,-5.43,1
25-02-2022 19:00,EST,CAPITL,61757,109.89,9.44,-0.03,1
25-02-2022 20:00,EST,CAPITL,61757,91.9,6.75,-14.08,1
25-02-2022 21:00,EST,CAPITL,61757,86.59,6.24,-13.27,1
25-02-2022 22:00,EST,CAPITL,61757,82.66,6.78,-3.01,1
25-02-2022 23:00,EST,CAPITL,61757,96.72,7.33,0,1
26-02-2022 00:00,EST,CAPITL,61757,103.72,6.59,-21.41,1
26-02-2022 01:00,EST,CAPITL,61757,89.77,5.73,-14.94,1
26-02-2022 02:00,EST,CAPITL,61757,87.54,6.01,-8.26,1
26-02-2022 03:00,EST,CAPITL,61757,85.71,6.56,-0.01,1
26-02-2022 04:00,EST,CAPITL,61757,87.03,6.45,0,1
26-02-2022 05:00,EST,CAPITL,61757,92.25,5.62,-23.51,1
26-02-2022 06:00,EST,CAPITL,61757,91.24,6.1,-17.45,1
26-02-2022 07:00,EST,CAPITL,61757,115.82,5.83,-45.26,1
26-02-2022 08:00,EST,CAPITL,61757,129.22,5.94,-60.82,1
26-02-2022 09:00,EST,CAPITL,61757,156.17,3.97,-111.69,1
26-02-2022 10:00,EST,CAPITL,61757,134.2,3.55,-94.46,1
26-02-2022 11:00,EST,CAPITL,61757,128.67,3.43,-89.16,1
26-02-2022 12:00,EST,CAPITL,61757,121.48,2.83,-88.53,1
26-02-2022 13:00,EST,CAPITL,61757,107.55,2.68,-75.08,1
26-02-2022 14:00,EST,CAPITL,61757,109.63,2.21,-83.15,1
26-02-2022 15:00,EST,CAPITL,61757,110.55,2.37,-82.72,1
26-02-2022 16:00,EST,CAPITL,61757,125.03,2.55,-95.12,1
26-02-2022 17:00,EST,CAPITL,61757,150,3.48,-110.26,1
26-02-2022 18:00,EST,CAPITL,61757,186.92,3.71,-146.88,1
26-02-2022 19:00,EST,CAPITL,61757,170,3.44,-130.41,1
26-02-2022 20:00,EST,CAPITL,61757,136.33,2.79,-103.23,1
26-02-2022 21:00,EST,CAPITL,61757,128.06,2.5,-97.85,1
26-02-2022 22:00,EST,CAPITL,61757,119.96,2.91,-83.95,1
26-02-2022 23:00,EST,CAPITL,61757,135.46,1.69,-114.38,1
27-02-2022 00:00,EST,CAPITL,61757,130.8,1.8,-108.74,1
27-02-2022 01:00,EST,CAPITL,61757,126,1.18,-111.38,1
27-02-2022 02:00,EST,CAPITL,61757,120.78,0.72,-111.78,1
27-02-2022 03:00,EST,CAPITL,61757,120.82,0.59,-113.33,1
27-02-2022 04:00,EST,CAPITL,61757,117.43,0.74,-108.4,1
27-02-2022 05:00,EST,CAPITL,61757,117.69,0.94,-106.37,1
27-02-2022 06:00,EST,CAPITL,61757,99.43,1.95,-75.5,1
27-02-2022 07:00,EST,CAPITL,61757,98.47,2.28,-71.43,1
27-02-2022 08:00,EST,CAPITL,61757,92.64,3.46,-53.5,1
27-02-2022 09:00,EST,CAPITL,61757,90.06,3.46,-50.88,1
27-02-2022 10:00,EST,CAPITL,61757,78.87,3.35,-39.84,1
27-02-2022 11:00,EST,CAPITL,61757,81.2,2.97,-46.68,1
27-02-2022 12:00,EST,CAPITL,61757,76.36,2.98,-41.63,1
27-02-2022 13:00,EST,CAPITL,61757,75.23,3.22,-37.7,1
27-02-2022 14:00,EST,CAPITL,61757,71.98,3.09,-36.39,1
27-02-2022 15:00,EST,CAPITL,61757,77.87,2.9,-44.8,1
27-02-2022 16:00,EST,CAPITL,61757,87.28,3.54,-48.04,1
27-02-2022 17:00,EST,CAPITL,61757,99.31,3.88,-59.54,1
27-02-2022 18:00,EST,CAPITL,61757,155.09,4.16,-112.45,1
27-02-2022 19:00,EST,CAPITL,61757,121.74,4.23,-78.36,1
27-02-2022 20:00,EST,CAPITL,61757,106.73,4.09,-64.4,1
27-02-2022 21:00,EST,CAPITL,61757,93.38,3.89,-51.34,1
27-02-2022 22:00,EST,CAPITL,61757,89.04,3.77,-47.55,1
27-02-2022 23:00,EST,CAPITL,61757,92.76,3.28,-53.8,1
28-02-2022 00:00,EST,CAPITL,61757,110.46,3.05,-71.91,1
28-02-2022 01:00,EST,CAPITL,61757,102.07,3.24,-61.53,1
28-02-2022 02:00,EST,CAPITL,61757,91,3.51,-46.7,1
28-02-2022 03:00,EST,CAPITL,61757,95.18,3.36,-52.7,1
28-02-2022 04:00,EST,CAPITL,61757,88.64,4.53,-33.2,1
28-02-2022 05:00,EST,CAPITL,61757,84.64,5.47,-17.01,1
28-02-2022 06:00,EST,CAPITL,61757,111.67,8.93,0,1
28-02-2022 07:00,EST,CAPITL,61757,138.89,11,0,1
28-02-2022 08:00,EST,CAPITL,61757,158.1,12.92,0,1
28-02-2022 09:00,EST,CAPITL,61757,141.35,12.03,0,1
28-02-2022 10:00,EST,CAPITL,61757,118.31,10.07,0,1
28-02-2022 11:00,EST,CAPITL,61757,122.12,9.49,-14.73,1
28-02-2022 12:00,EST,CAPITL,61757,112.56,9.77,0,1
28-02-2022 13:00,EST,CAPITL,61757,113.87,8.76,-10.88,1
28-02-2022 14:00,EST,CAPITL,61757,102.24,7.52,-14.75,1
28-02-2022 15:00,EST,CAPITL,61757,115.32,6.21,-40.88,1
28-02-2022 16:00,EST,CAPITL,61757,121.1,7.24,-36.08,1
28-02-2022 17:00,EST,CAPITL,61757,174.03,14.63,-2.18,1
28-02-2022 18:00,EST,CAPITL,61757,218.29,18.72,-4.59,1
28-02-2022 19:00,EST,CAPITL,61757,184.82,14.95,-14.21,1
28-02-2022 20:00,EST,CAPITL,61757,145.28,11.9,-9.43,1
28-02-2022 21:00,EST,CAPITL,61757,132.12,7.95,-39.61,1
28-02-2022 22:00,EST,CAPITL,61757,118.5,7.78,-26.07,1
28-02-2022 23:00,EST,CAPITL,61757,109.69,6.05,-34.89,1
01-03-2022 00:00,EST,CAPITL,61757,113.32,8.1,0,1
01-03-2022 01:00,EST,CAPITL,61757,93.15,6.42,0,1
01-03-2022 02:00,EST,CAPITL,61757,82.68,5.77,0,1
01-03-2022 03:00,EST,CAPITL,61757,79.75,5.7,0,1
01-03-2022 04:00,EST,CAPITL,61757,88.64,6.34,0,1
01-03-2022 05:00,EST,CAPITL,61757,102.32,7.66,0,1
01-03-2022 06:00,EST,CAPITL,61757,119.9,8.98,0,1
01-03-2022 07:00,EST,CAPITL,61757,164.32,11.9,0,1
01-03-2022 08:00,EST,CAPITL,61757,155.38,12.43,0,1
01-03-2022 09:00,EST,CAPITL,61757,145.19,8.14,-49.5,1
01-03-2022 10:00,EST,CAPITL,61757,88.49,7.16,0,1
01-03-2022 11:00,EST,CAPITL,61757,80.33,6.56,0,1
01-03-2022 12:00,EST,CAPITL,61757,74.22,6.07,-3.53,1
01-03-2022 13:00,EST,CAPITL,61757,97.49,4.53,-45.82,1
01-03-2022 14:00,EST,CAPITL,61757,97.49,4.28,-48.67,1
01-03-2022 15:00,EST,CAPITL,61757,106.4,3.94,-61.39,1
01-03-2022 16:00,EST,CAPITL,61757,99.66,4.89,-43.3,1
01-03-2022 17:00,EST,CAPITL,61757,107.64,6.7,-31.9,1
01-03-2022 18:00,EST,CAPITL,61757,200.18,8.19,-108.47,1
01-03-2022 19:00,EST,CAPITL,61757,98,6.3,-28.05,1
01-03-2022 20:00,EST,CAPITL,61757,94,5.67,-30.48,1
01-03-2022 21:00,EST,CAPITL,61757,106.31,3.99,-61.14,1
01-03-2022 22:00,EST,CAPITL,61757,98.18,3.89,-53.73,1
01-03-2022 23:00,EST,CAPITL,61757,68.49,3.25,-29.89,1
02-03-2022 00:00,EST,CAPITL,61757,47.88,3.08,-9.38,1
02-03-2022 01:00,EST,CAPITL,61757,43.03,3.15,-4.41,1
02-03-2022 02:00,EST,CAPITL,61757,43.43,2.71,-9.97,1
02-03-2022 03:00,EST,CAPITL,61757,44.56,2.67,-11.56,1
02-03-2022 04:00,EST,CAPITL,61757,44.05,2.83,-9.84,1
02-03-2022 05:00,EST,CAPITL,61757,44.63,3.52,-3.24,1
02-03-2022 06:00,EST,CAPITL,61757,49.45,3.85,-3.68,1
02-03-2022 07:00,EST,CAPITL,61757,58.52,4.48,0,1
02-03-2022 08:00,EST,CAPITL,61757,53.72,4.01,-8.8,1
02-03-2022 09:00,EST,CAPITL,61757,51.52,3.54,-11.52,1
02-03-2022 10:00,EST,CAPITL,61757,48.25,3.5,-8.34,1
02-03-2022 11:00,EST,CAPITL,61757,47.38,3.39,-8.28,1
02-03-2022 12:00,EST,CAPITL,61757,44.67,3.29,-5.63,1
02-03-2022 13:00,EST,CAPITL,61757,43.95,3.19,-5.28,1
02-03-2022 14:00,EST,CAPITL,61757,40.73,2.95,-5.03,1
02-03-2022 15:00,EST,CAPITL,61757,41.82,2.82,-7.28,1
02-03-2022 16:00,EST,CAPITL,61757,45.42,3.25,-6.49,1
02-03-2022 17:00,EST,CAPITL,61757,53.45,3.8,-10.07,1
02-03-2022 18:00,EST,CAPITL,61757,63.92,4.42,-14.43,1
02-03-2022 19:00,EST,CAPITL,61757,54.38,3.75,-12.44,1
02-03-2022 20:00,EST,CAPITL,61757,50.1,3.35,-11.07,1
02-03-2022 21:00,EST,CAPITL,61757,49.64,2.89,-14.62,1
02-03-2022 22:00,EST,CAPITL,61757,47.63,2.48,-17.55,1
02-03-2022 23:00,EST,CAPITL,61757,46.38,1.87,-21.21,1
03-03-2022 00:00,EST,CAPITL,61757,46.1,1.91,-19.33,1
03-03-2022 01:00,EST,CAPITL,61757,42.48,1.77,-17.36,1
03-03-2022 02:00,EST,CAPITL,61757,40.17,1.88,-13.24,1
03-03-2022 03:00,EST,CAPITL,61757,34.88,2.43,0,1
03-03-2022 04:00,EST,CAPITL,61757,39.96,1.94,-12.89,1
03-03-2022 05:00,EST,CAPITL,61757,39.89,3.09,0,1
03-03-2022 06:00,EST,CAPITL,61757,52.02,4.12,0,1
03-03-2022 07:00,EST,CAPITL,61757,59.72,4.68,0,1
03-03-2022 08:00,EST,CAPITL,61757,55.87,4.61,0,1
03-03-2022 09:00,EST,CAPITL,61757,57.09,3.92,-11.89,1
03-03-2022 10:00,EST,CAPITL,61757,109,3.61,-67.79,1
03-03-2022 11:00,EST,CAPITL,61757,110.53,3.39,-71.42,1
03-03-2022 12:00,EST,CAPITL,61757,109.79,3.38,-70.8,1
03-03-2022 13:00,EST,CAPITL,61757,110.11,3.35,-71.82,1
03-03-2022 14:00,EST,CAPITL,61757,109.59,3.3,-71.61,1
03-03-2022 15:00,EST,CAPITL,61757,109.59,3.32,-70.94,1
03-03-2022 16:00,EST,CAPITL,61757,128.77,3.2,-92.24,1
03-03-2022 17:00,EST,CAPITL,61757,155,4.98,-98.13,1
03-03-2022 18:00,EST,CAPITL,61757,197.83,7.31,-114.42,1
03-03-2022 19:00,EST,CAPITL,61757,162.47,6.84,-82.81,1
03-03-2022 20:00,EST,CAPITL,61757,104.28,6.65,-26.14,1
03-03-2022 21:00,EST,CAPITL,61757,119.12,4.51,-68.14,1
03-03-2022 22:00,EST,CAPITL,61757,101.21,4.96,-42.35,1
03-03-2022 23:00,EST,CAPITL,61757,68,5.79,-0.57,1
04-03-2022 00:00,EST,CAPITL,61757,74.38,4.54,-22.11,1
04-03-2022 01:00,EST,CAPITL,61757,72.84,3.52,-31.87,1
04-03-2022 02:00,EST,CAPITL,61757,61.51,4.74,-5.21,1
04-03-2022 03:00,EST,CAPITL,61757,61.41,4.7,0,1
04-03-2022 04:00,EST,CAPITL,61757,60.13,5.02,0,1
04-03-2022 05:00,EST,CAPITL,61757,67.49,5.97,0,1
04-03-2022 06:00,EST,CAPITL,61757,91.5,7.7,0,1
04-03-2022 07:00,EST,CAPITL,61757,122.85,10.45,0,1
04-03-2022 08:00,EST,CAPITL,61757,97.49,8.85,-0.12,1
04-03-2022 09:00,EST,CAPITL,61757,78,6.73,-2.67,1
04-03-2022 10:00,EST,CAPITL,61757,89.67,5.47,-27.28,1
04-03-2022 11:00,EST,CAPITL,61757,88.24,4.72,-33.81,1
04-03-2022 12:00,EST,CAPITL,61757,69.04,4.15,-20.27,1
04-03-2022 13:00,EST,CAPITL,61757,68.98,3.63,-26.37,1
04-03-2022 14:00,EST,CAPITL,61757,70.33,3.44,-29.48,1
04-03-2022 15:00,EST,CAPITL,61757,66.66,3.56,-24.36,1
04-03-2022 16:00,EST,CAPITL,61757,83.23,3.85,-38.36,1
04-03-2022 17:00,EST,CAPITL,61757,99.94,5.62,-35.15,1
04-03-2022 18:00,EST,CAPITL,61757,107.48,7.42,-23.57,1
04-03-2022 19:00,EST,CAPITL,61757,104.42,6.66,-29.1,1
04-03-2022 20:00,EST,CAPITL,61757,86.32,5.27,-25.66,1
04-03-2022 21:00,EST,CAPITL,61757,97.51,4.59,-44.04,1
04-03-2022 22:00,EST,CAPITL,61757,102.26,3.76,-57.59,1
04-03-2022 23:00,EST,CAPITL,61757,67.4,3.37,-26.55,1
05-03-2022 00:00,EST,CAPITL,61757,84.46,3.53,-44.13,1
05-03-2022 01:00,EST,CAPITL,61757,78.64,3.44,-39.74,1
05-03-2022 02:00,EST,CAPITL,61757,76.11,3.44,-37.22,1
05-03-2022 03:00,EST,CAPITL,61757,72.97,3.48,-34.04,1
05-03-2022 04:00,EST,CAPITL,61757,53.26,3.55,-14.26,1
05-03-2022 05:00,EST,CAPITL,61757,56.49,3.66,-17.3,1
05-03-2022 06:00,EST,CAPITL,61757,60.81,3.55,-21.76,1
05-03-2022 07:00,EST,CAPITL,61757,67.31,3.63,-28.11,1
05-03-2022 08:00,EST,CAPITL,61757,85.64,3.87,-44.51,1
05-03-2022 09:00,EST,CAPITL,61757,69,4.04,-26.15,1
05-03-2022 10:00,EST,CAPITL,61757,57.06,3.49,-18,1
05-03-2022 11:00,EST,CAPITL,61757,53.71,3.38,-14.76,1
05-03-2022 12:00,EST,CAPITL,61757,46.54,3.21,-7.73,1
05-03-2022 13:00,EST,CAPITL,61757,46.54,2.65,-14.13,1
05-03-2022 14:00,EST,CAPITL,61757,45.16,2.47,-14.34,1
05-03-2022 15:00,EST,CAPITL,61757,46.51,2.5,-15.55,1
05-03-2022 16:00,EST,CAPITL,61757,47.66,2.57,-16.19,1
05-03-2022 17:00,EST,CAPITL,61757,72.69,2.77,-39.75,1
05-03-2022 18:00,EST,CAPITL,61757,84.45,2.84,-51.38,1
05-03-2022 19:00,EST,CAPITL,61757,72.89,2.22,-47.06,1
05-03-2022 20:00,EST,CAPITL,61757,55.73,2.23,-28.76,1
05-03-2022 21:00,EST,CAPITL,61757,56.35,1.56,-37.31,1
05-03-2022 22:00,EST,CAPITL,61757,51.78,1.37,-34.31,1
05-03-2022 23:00,EST,CAPITL,61757,51.7,0.98,-38.73,1
06-03-2022 00:00,EST,CAPITL,61757,48.07,0.82,-37.39,1
06-03-2022 01:00,EST,CAPITL,61757,47.77,0.56,-40.33,1
06-03-2022 02:00,EST,CAPITL,61757,47.5,0.42,-41.95,1
06-03-2022 03:00,EST,CAPITL,61757,44.53,0.56,-37.09,1
06-03-2022 04:00,EST,CAPITL,61757,46.39,0.42,-40.81,1
06-03-2022 05:00,EST,CAPITL,61757,44.46,0.58,-36.98,1
06-03-2022 06:00,EST,CAPITL,61757,46.5,0.42,-40.92,1
06-03-2022 07:00,EST,CAPITL,61757,47.09,0.84,-36.1,1
06-03-2022 08:00,EST,CAPITL,61757,48.17,1.01,-35.98,1
06-03-2022 09:00,EST,CAPITL,61757,49.27,1.03,-37.17,1
06-03-2022 10:00,EST,CAPITL,61757,48.09,1.1,-35.11,1
06-03-2022 11:00,EST,CAPITL,61757,48.09,1.09,-35.31,1
06-03-2022 12:00,EST,CAPITL,61757,45.84,0.97,-34.3,1
06-03-2022 13:00,EST,CAPITL,61757,44.83,0.97,-33.23,1
06-03-2022 14:00,EST,CAPITL,61757,43.34,0.99,-31.56,1
06-03-2022 15:00,EST,CAPITL,61757,46.47,0.96,-35.09,1
06-03-2022 16:00,EST,CAPITL,61757,46.41,1.35,-30.34,1
06-03-2022 17:00,EST,CAPITL,61757,52,2.34,-24.53,1
06-03-2022 18:00,EST,CAPITL,61757,58.79,2.74,-26.92,1
06-03-2022 19:00,EST,CAPITL,61757,50.03,3.33,-10.87,1
06-03-2022 20:00,EST,CAPITL,61757,42.95,2.8,-9.37,1
06-03-2022 21:00,EST,CAPITL,61757,43.61,2.34,-14.74,1
06-03-2022 22:00,EST,CAPITL,61757,40.54,2.1,-13.73,1
06-03-2022 23:00,EST,CAPITL,61757,40.88,1.67,-18.4,1
07-03-2022 00:00,EST,CAPITL,61757,46.9,0.74,-36.05,1
07-03-2022 01:00,EST,CAPITL,61757,43.48,0.91,-29.65,1
07-03-2022 02:00,EST,CAPITL,61757,40.37,1.25,-21.27,1
07-03-2022 03:00,EST,CAPITL,61757,38.17,1.56,-14.38,1
07-03-2022 04:00,EST,CAPITL,61757,36.18,2.07,-4.12,1
07-03-2022 05:00,EST,CAPITL,61757,36.68,2.4,0,1
07-03-2022 06:00,EST,CAPITL,61757,41.67,2.91,0,1
07-03-2022 07:00,EST,CAPITL,61757,48.94,3.82,-0.19,1
07-03-2022 08:00,EST,CAPITL,61757,48.05,4.09,0,1
07-03-2022 09:00,EST,CAPITL,61757,47.61,4.05,0,1
07-03-2022 10:00,EST,CAPITL,61757,46.56,3.96,0,1
07-03-2022 11:00,EST,CAPITL,61757,46.09,3.92,0,1
07-03-2022 12:00,EST,CAPITL,61757,45.75,3.82,0,1
07-03-2022 13:00,EST,CAPITL,61757,45.27,3.89,0,1
07-03-2022 14:00,EST,CAPITL,61757,44.52,3.82,0,1
07-03-2022 15:00,EST,CAPITL,61757,45.65,3.8,-2.23,1
07-03-2022 16:00,EST,CAPITL,61757,47.69,4.08,-0.71,1
07-03-2022 17:00,EST,CAPITL,61757,57.59,4.82,-2.57,1
07-03-2022 18:00,EST,CAPITL,61757,63.54,5.59,-0.94,1
07-03-2022 19:00,EST,CAPITL,61757,53.6,4.7,0,1
07-03-2022 20:00,EST,CAPITL,61757,47.58,4.07,-1.12,1
07-03-2022 21:00,EST,CAPITL,61757,44.27,3.43,-2.28,1
07-03-2022 22:00,EST,CAPITL,61757,41.71,3.23,-0.4,1
07-03-2022 23:00,EST,CAPITL,61757,39.08,2.78,-0.62,1
08-03-2022 00:00,EST,CAPITL,61757,50.86,0.93,-37.2,1
08-03-2022 01:00,EST,CAPITL,61757,49.16,0.76,-37.65,1
08-03-2022 02:00,EST,CAPITL,61757,48.57,0.76,-37.33,1
08-03-2022 03:00,EST,CAPITL,61757,48.21,0.75,-37,1
08-03-2022 04:00,EST,CAPITL,61757,48.47,0.83,-36.48,1
08-03-2022 05:00,EST,CAPITL,61757,43.32,1.93,-16.36,1
08-03-2022 06:00,EST,CAPITL,61757,48.84,3.14,-7.38,1
08-03-2022 07:00,EST,CAPITL,61757,79.26,2.5,-45.49,1
08-03-2022 08:00,EST,CAPITL,61757,81.71,2.08,-53.66,1
08-03-2022 09:00,EST,CAPITL,61757,74.67,2.17,-44.34,1
08-03-2022 10:00,EST,CAPITL,61757,71.63,2.11,-43.77,1
08-03-2022 11:00,EST,CAPITL,61757,74.86,1.58,-54.08,1
08-03-2022 12:00,EST,CAPITL,61757,67.92,1.77,-41.94,1
08-03-2022 13:00,EST,CAPITL,61757,69.63,1.53,-47.38,1
08-03-2022 14:00,EST,CAPITL,61757,68.33,1.53,-46.39,1
08-03-2022 15:00,EST,CAPITL,61757,73.68,1.46,-53.56,1
08-03-2022 16:00,EST,CAPITL,61757,75,2.11,-45.48,1
08-03-2022 17:00,EST,CAPITL,61757,82.09,2.96,-43.41,1
08-03-2022 18:00,EST,CAPITL,61757,136.97,3.38,-95.19,1
08-03-2022 19:00,EST,CAPITL,61757,86.71,3.29,-45.53,1
08-03-2022 20:00,EST,CAPITL,61757,77.06,2.89,-38.46,1
08-03-2022 21:00,EST,CAPITL,61757,71.65,2.65,-35.84,1
08-03-2022 22:00,EST,CAPITL,61757,62.9,2.44,-29.58,1
08-03-2022 23:00,EST,CAPITL,61757,68.31,1.19,-50.09,1
09-03-2022 00:00,EST,CAPITL,61757,59.02,1.76,-29.42,1
09-03-2022 01:00,EST,CAPITL,61757,57.64,1.47,-32.78,1
09-03-2022 02:00,EST,CAPITL,61757,56.74,1.42,-32.46,1
09-03-2022 03:00,EST,CAPITL,61757,56.45,1.47,-31.24,1
09-03-2022 04:00,EST,CAPITL,61757,58.04,1.56,-31.66,1
09-03-2022 05:00,EST,CAPITL,61757,54.95,2.71,-16.57,1
09-03-2022 06:00,EST,CAPITL,61757,88.64,3.35,-47.26,1
09-03-2022 07:00,EST,CAPITL,61757,88.64,4.49,-30.06,1
09-03-2022 08:00,EST,CAPITL,61757,85.4,3.76,-36.26,1
09-03-2022 09:00,EST,CAPITL,61757,74.03,3.26,-31.52,1
09-03-2022 10:00,EST,CAPITL,61757,78.98,3.14,-36.05,1
09-03-2022 11:00,EST,CAPITL,61757,76.72,2.88,-35.96,1
09-03-2022 12:00,EST,CAPITL,61757,72.01,2.9,-31.42,1
09-03-2022 13:00,EST,CAPITL,61757,70.51,2.8,-31.33,1
09-03-2022 14:00,EST,CAPITL,61757,69.86,2.78,-31.4,1
09-03-2022 15:00,EST,CAPITL,61757,73.46,2.74,-35.11,1
09-03-2022 16:00,EST,CAPITL,61757,76.47,2.81,-38.05,1
09-03-2022 17:00,EST,CAPITL,61757,88.48,3.12,-47.28,1
09-03-2022 18:00,EST,CAPITL,61757,113.59,3.43,-68.87,1
09-03-2022 19:00,EST,CAPITL,61757,87.65,2.92,-49.58,1
09-03-2022 20:00,EST,CAPITL,61757,76.95,2.82,-38.37,1
09-03-2022 21:00,EST,CAPITL,61757,72.68,2.57,-35.85,1
09-03-2022 22:00,EST,CAPITL,61757,66.15,1.61,-40.54,1
09-03-2022 23:00,EST,CAPITL,61757,62.32,1.23,-40.99,1
10-03-2022 00:00,EST,CAPITL,61757,58.23,1.36,-32.96,1
10-03-2022 01:00,EST,CAPITL,61757,55.01,1.14,-34.51,1
10-03-2022 02:00,EST,CAPITL,61757,52.48,1.46,-26.68,1
10-03-2022 03:00,EST,CAPITL,61757,52.33,1.54,-26.03,1
10-03-2022 04:00,EST,CAPITL,61757,52.55,1.59,-25.75,1
10-03-2022 05:00,EST,CAPITL,61757,50.92,2.72,-12.38,1
10-03-2022 06:00,EST,CAPITL,61757,68.7,3.08,-27.15,1
10-03-2022 07:00,EST,CAPITL,61757,73.55,4.11,-19.32,1
10-03-2022 08:00,EST,CAPITL,61757,68.74,3.44,-23.32,1
10-03-2022 09:00,EST,CAPITL,61757,59.55,3.17,-17.79,1
10-03-2022 10:00,EST,CAPITL,61757,55.15,3.09,-14.43,1
10-03-2022 11:00,EST,CAPITL,61757,53.62,2.9,-13.56,1
10-03-2022 12:00,EST,CAPITL,61757,50.76,2.73,-11.62,1
10-03-2022 13:00,EST,CAPITL,61757,48.96,2.69,-10.41,1
10-03-2022 14:00,EST,CAPITL,61757,47.93,2.67,-9.68,1
10-03-2022 15:00,EST,CAPITL,61757,51.19,2.54,-12.86,1
10-03-2022 16:00,EST,CAPITL,61757,54.69,2.75,-15.74,1
10-03-2022 17:00,EST,CAPITL,61757,71.04,3.19,-28.05,1
10-03-2022 18:00,EST,CAPITL,61757,92.03,4.35,-34.59,1
10-03-2022 19:00,EST,CAPITL,61757,67.19,4.34,-9.97,1
10-03-2022 20:00,EST,CAPITL,61757,60,3.19,-17.91,1
10-03-2022 21:00,EST,CAPITL,61757,55.8,2.78,-15.92,1
10-03-2022 22:00,EST,CAPITL,61757,54.45,2.58,-16.08,1
10-03-2022 23:00,EST,CAPITL,61757,51.06,2.53,-12.89,1
11-03-2022 00:00,EST,CAPITL,61757,42.62,2.6,-4.38,1
11-03-2022 01:00,EST,CAPITL,61757,41.05,2.47,-3.87,1
11-03-2022 02:00,EST,CAPITL,61757,40.52,2.48,-3.08,1
11-03-2022 03:00,EST,CAPITL,61757,40.26,2.46,-2.58,1
11-03-2022 04:00,EST,CAPITL,61757,40.96,2.68,-2.6,1
11-03-2022 05:00,EST,CAPITL,61757,44.53,2.93,-5.81,1
11-03-2022 06:00,EST,CAPITL,61757,54.95,3.03,-14.02,1
11-03-2022 07:00,EST,CAPITL,61757,64.86,4.46,-4.62,1
11-03-2022 08:00,EST,CAPITL,61757,56.62,3.76,-4.75,1
11-03-2022 09:00,EST,CAPITL,61757,48.27,3.37,0,1
11-03-2022 10:00,EST,CAPITL,61757,46.14,3.15,-3.07,1
11-03-2022 11:00,EST,CAPITL,61757,45.69,2.95,-4.47,1
11-03-2022 12:00,EST,CAPITL,61757,44.1,2.82,-4.62,1
11-03-2022 13:00,EST,CAPITL,61757,43.37,2.73,-4.75,1
11-03-2022 14:00,EST,CAPITL,61757,42.71,2.75,-4.29,1
11-03-2022 15:00,EST,CAPITL,61757,43.01,2.74,-4.62,1
11-03-2022 16:00,EST,CAPITL,61757,46.61,2.72,-8.14,1
11-03-2022 17:00,EST,CAPITL,61757,55.25,2.99,-13.93,1
11-03-2022 18:00,EST,CAPITL,61757,67.56,2.95,-26.26,1
11-03-2022 19:00,EST,CAPITL,61757,58.1,3.16,-14.95,1
11-03-2022 20:00,EST,CAPITL,61757,48.69,2.88,-7.84,1
11-03-2022 21:00,EST,CAPITL,61757,47.54,2.57,-9.26,1
11-03-2022 22:00,EST,CAPITL,61757,46.95,2.04,-12.47,1
11-03-2022 23:00,EST,CAPITL,61757,46.57,2.14,-12.57,1
12-03-2022 00:00,EST,CAPITL,61757,46.83,2.46,-8.73,1
12-03-2022 01:00,EST,CAPITL,61757,47.47,2.34,-11.2,1
12-03-2022 02:00,EST,CAPITL,61757,49.37,1.96,-19.38,1
12-03-2022 03:00,EST,CAPITL,61757,47.46,1.97,-17.34,1
12-03-2022 04:00,EST,CAPITL,61757,50.09,1.79,-22.37,1
12-03-2022 05:00,EST,CAPITL,61757,51.18,1.79,-24.13,1
12-03-2022 06:00,EST,CAPITL,61757,57.07,1.68,-30.65,1
12-03-2022 07:00,EST,CAPITL,61757,59.97,1.87,-34.72,1
12-03-2022 08:00,EST,CAPITL,61757,63.72,2.69,-29.06,1
12-03-2022 09:00,EST,CAPITL,61757,72,2.8,-36.26,1
12-03-2022 10:00,EST,CAPITL,61757,99,2.6,-65.75,1
12-03-2022 11:00,EST,CAPITL,61757,111.72,2.54,-80.02,1
12-03-2022 12:00,EST,CAPITL,61757,88.12,1.34,-71.05,1
12-03-2022 13:00,EST,CAPITL,61757,83.53,1.33,-66.5,1
12-03-2022 14:00,EST,CAPITL,61757,87.59,1.16,-70.8,1
12-03-2022 15:00,EST,CAPITL,61757,88.01,1.16,-71.22,1
12-03-2022 16:00,EST,CAPITL,61757,91.4,1.23,-74.47,1
12-03-2022 17:00,EST,CAPITL,61757,105.19,1.32,-88.14,1
12-03-2022 18:00,EST,CAPITL,61757,126.02,1.31,-108.97,1
12-03-2022 19:00,EST,CAPITL,61757,117.27,1.31,-100.2,1
12-03-2022 20:00,EST,CAPITL,61757,102.92,1.44,-83.43,1
12-03-2022 21:00,EST,CAPITL,61757,97.14,1.25,-80.11,1
12-03-2022 22:00,EST,CAPITL,61757,96.46,1.2,-79.52,1
12-03-2022 23:00,EST,CAPITL,61757,88.7,1.64,-65.75,1
13-03-2022 00:00,EST,CAPITL,61757,121.28,1.05,-101.74,1
13-03-2022 01:00,EST,CAPITL,61757,111.42,0.83,-96.84,1
13-03-2022 03:00,EDT,CAPITL,61757,98.15,1.81,-68.96,1
13-03-2022 04:00,EDT,CAPITL,61757,99.11,1.16,-79.48,1
13-03-2022 05:00,EDT,CAPITL,61757,104.72,1.2,-85.05,1
13-03-2022 06:00,EDT,CAPITL,61757,111.01,1.09,-91.51,1
13-03-2022 07:00,EDT,CAPITL,61757,115.26,1.18,-95.6,1
13-03-2022 08:00,EDT,CAPITL,61757,111.63,1.63,-87.69,1
13-03-2022 09:00,EDT,CAPITL,61757,115.12,1.43,-93.85,1
13-03-2022 10:00,EDT,CAPITL,61757,105.56,1.34,-85.69,1
13-03-2022 11:00,EDT,CAPITL,61757,103.19,1.31,-83.41,1
13-03-2022 12:00,EDT,CAPITL,61757,98.97,1.2,-79.36,1
13-03-2022 13:00,EDT,CAPITL,61757,93.75,1.06,-75.88,1
13-03-2022 14:00,EDT,CAPITL,61757,89.84,1.09,-70.86,1
13-03-2022 15:00,EDT,CAPITL,61757,90.94,0.96,-74.44,1
13-03-2022 16:00,EDT,CAPITL,61757,97.24,1.13,-77.87,1
13-03-2022 17:00,EDT,CAPITL,61757,106.84,1.07,-89.87,1
13-03-2022 18:00,EDT,CAPITL,61757,138.58,1.83,-111.03,1
13-03-2022 19:00,EDT,CAPITL,61757,135.97,2.24,-102.99,1
13-03-2022 20:00,EDT,CAPITL,61757,121.2,1.42,-100.25,1
13-03-2022 21:00,EDT,CAPITL,61757,113.04,1.25,-93.42,1
13-03-2022 22:00,EDT,CAPITL,61757,105.71,1.17,-86.2,1
13-03-2022 23:00,EDT,CAPITL,61757,103.93,1.14,-84.4,1
14-03-2022 00:00,EDT,CAPITL,61757,85.21,1.32,-64.5,1
14-03-2022 01:00,EDT,CAPITL,61757,81.13,1.32,-60.39,1
14-03-2022 02:00,EDT,CAPITL,61757,83.76,0.97,-68.33,1
14-03-2022 03:00,EDT,CAPITL,61757,82.63,1.15,-64.57,1
14-03-2022 04:00,EDT,CAPITL,61757,82.72,1.34,-62,1
14-03-2022 05:00,EDT,CAPITL,61757,95.62,1.44,-74.71,1
14-03-2022 06:00,EDT,CAPITL,61757,104.73,2.2,-74.29,1
14-03-2022 07:00,EDT,CAPITL,61757,130.82,3.21,-87.98,1
14-03-2022 08:00,EDT,CAPITL,61757,109.7,3.09,-70.72,1
14-03-2022 09:00,EDT,CAPITL,61757,87.49,2.89,-48.01,1
14-03-2022 10:00,EDT,CAPITL,61757,71.83,3.05,-29.68,1
14-03-2022 11:00,EDT,CAPITL,61757,72.24,2.66,-33.6,1
14-03-2022 12:00,EDT,CAPITL,61757,65.61,2.3,-30,1
14-03-2022 13:00,EDT,CAPITL,61757,68.72,1.76,-41.07,1
14-03-2022 14:00,EDT,CAPITL,61757,67.99,1.49,-44.89,1
14-03-2022 15:00,EDT,CAPITL,61757,70.81,1.45,-48.59,1
14-03-2022 16:00,EDT,CAPITL,61757,72.15,1.67,-46.25,1
14-03-2022 17:00,EDT,CAPITL,61757,79.41,1.96,-50.9,1
14-03-2022 18:00,EDT,CAPITL,61757,97.32,2.26,-65.75,1
14-03-2022 19:00,EDT,CAPITL,61757,95.81,2.49,-61.43,1
14-03-2022 20:00,EDT,CAPITL,61757,81.93,2.43,-48.01,1
14-03-2022 21:00,EDT,CAPITL,61757,77.33,1.84,-49.93,1
14-03-2022 22:00,EDT,CAPITL,61757,74.59,1.21,-53.94,1
14-03-2022 23:00,EDT,CAPITL,61757,69.38,1.15,-48.77,1
15-03-2022 00:00,EDT,CAPITL,61757,58.91,1.61,-33.3,1
15-03-2022 01:00,EDT,CAPITL,61757,55.85,1.58,-30.65,1
15-03-2022 02:00,EDT,CAPITL,61757,53.77,1.59,-27.3,1
15-03-2022 03:00,EDT,CAPITL,61757,53.28,1.75,-26.47,1
15-03-2022 04:00,EDT,CAPITL,61757,55.41,1.65,-28.41,1
15-03-2022 05:00,EDT,CAPITL,61757,56.65,2.41,-22.91,1
15-03-2022 06:00,EDT,CAPITL,61757,66.81,2.79,-28.24,1
15-03-2022 07:00,EDT,CAPITL,61757,78.08,3.4,-36.45,1
15-03-2022 08:00,EDT,CAPITL,61757,68.26,3.44,-26.1,1
15-03-2022 09:00,EDT,CAPITL,61757,61.7,3.52,-19.14,1
15-03-2022 10:00,EDT,CAPITL,61757,52.02,3.45,-10.63,1
15-03-2022 11:00,EDT,CAPITL,61757,50.43,3.25,-8.9,1
15-03-2022 12:00,EDT,CAPITL,61757,47.63,3.23,-5.94,1
15-03-2022 13:00,EDT,CAPITL,61757,48.22,3.09,-7.94,1
15-03-2022 14:00,EDT,CAPITL,61757,46.6,2.87,-7.83,1
15-03-2022 15:00,EDT,CAPITL,61757,47.72,2.8,-9.1,1
15-03-2022 16:00,EDT,CAPITL,61757,49.37,2.87,-10.68,1
15-03-2022 17:00,EDT,CAPITL,61757,55.07,2.96,-15.15,1
15-03-2022 18:00,EDT,CAPITL,61757,67.93,2.93,-29.21,1
15-03-2022 19:00,EDT,CAPITL,61757,73.68,3.42,-29.5,1
15-03-2022 20:00,EDT,CAPITL,61757,57.92,3.01,-19.04,1
15-03-2022 21:00,EDT,CAPITL,61757,52.04,2.68,-13.62,1
15-03-2022 22:00,EDT,CAPITL,61757,50.28,2.32,-15.75,1
15-03-2022 23:00,EDT,CAPITL,61757,46.62,2.71,-8.19,1
16-03-2022 00:00,EDT,CAPITL,61757,39.92,2.38,-4.96,1
16-03-2022 01:00,EDT,CAPITL,61757,40.08,2.09,-9.28,1
16-03-2022 02:00,EDT,CAPITL,61757,39.72,1.97,-10.38,1
16-03-2022 03:00,EDT,CAPITL,61757,39.38,2.01,-9.05,1
16-03-2022 04:00,EDT,CAPITL,61757,39,2.36,-3.81,1
16-03-2022 05:00,EDT,CAPITL,61757,41.71,2.62,-5.5,1
16-03-2022 06:00,EDT,CAPITL,61757,52.66,2.8,-14.41,1
16-03-2022 07:00,EDT,CAPITL,61757,72.97,3.84,-25.46,1
16-03-2022 08:00,EDT,CAPITL,61757,64.36,3.12,-25.33,1
16-03-2022 09:00,EDT,CAPITL,61757,51.39,3.08,-12.49,1
16-03-2022 10:00,EDT,CAPITL,61757,46.56,2.72,-10.18,1
16-03-2022 11:00,EDT,CAPITL,61757,44.53,2.34,-12.28,1
16-03-2022 12:00,EDT,CAPITL,61757,42.5,2.29,-10.06,1
16-03-2022 13:00,EDT,CAPITL,61757,42.28,2.05,-12.11,1
16-03-2022 14:00,EDT,CAPITL,61757,43.23,1.99,-13.67,1
16-03-2022 15:00,EDT,CAPITL,61757,43.3,2.07,-12.54,1
16-03-2022 16:00,EDT,CAPITL,61757,45.29,2.17,-14.21,1
16-03-2022 17:00,EDT,CAPITL,61757,50.23,2.34,-17.15,1
16-03-2022 18:00,EDT,CAPITL,61757,63.97,2.53,-29.76,1
16-03-2022 19:00,EDT,CAPITL,61757,72.9,2.93,-34.18,1
16-03-2022 20:00,EDT,CAPITL,61757,63.71,2.66,-29.43,1
16-03-2022 21:00,EDT,CAPITL,61757,51.14,2.09,-23.29,1
16-03-2022 22:00,EDT,CAPITL,61757,51.6,1.29,-32.08,1
16-03-2022 23:00,EDT,CAPITL,61757,47.92,1.22,-28.48,1
17-03-2022 00:00,EDT,CAPITL,61757,47.26,1.22,-27.83,1
17-03-2022 01:00,EDT,CAPITL,61757,45.7,1.14,-26.4,1
17-03-2022 02:00,EDT,CAPITL,61757,46.27,0.83,-32.26,1
17-03-2022 03:00,EDT,CAPITL,61757,46.2,0.79,-33.03,1
17-03-2022 04:00,EDT,CAPITL,61757,48.35,0.82,-35.15,1
17-03-2022 05:00,EDT,CAPITL,61757,47.76,1.42,-28.14,1
17-03-2022 06:00,EDT,CAPITL,61757,64.12,1.26,-46.9,1
17-03-2022 07:00,EDT,CAPITL,61757,76.6,1.64,-54.49,1
17-03-2022 08:00,EDT,CAPITL,61757,75.6,1.44,-55.93,1
17-03-2022 09:00,EDT,CAPITL,61757,67.84,1.48,-48.12,1
17-03-2022 10:00,EDT,CAPITL,61757,58.62,1.6,-36.27,1
17-03-2022 11:00,EDT,CAPITL,61757,55.04,1.54,-32.64,1
17-03-2022 12:00,EDT,CAPITL,61757,51.63,1.59,-27.71,1
17-03-2022 13:00,EDT,CAPITL,61757,52.11,1.4,-30.45,1
17-03-2022 14:00,EDT,CAPITL,61757,51.3,1.22,-31.57,1
17-03-2022 15:00,EDT,CAPITL,61757,51.25,1.21,-31.76,1
17-03-2022 16:00,EDT,CAPITL,61757,55.95,1.24,-36.42,1
17-03-2022 17:00,EDT,CAPITL,61757,60.21,1.26,-40.68,1
17-03-2022 18:00,EDT,CAPITL,61757,66.86,1.51,-42.78,1
17-03-2022 19:00,EDT,CAPITL,61757,71.03,1.94,-40.65,1
17-03-2022 20:00,EDT,CAPITL,61757,64.07,1.86,-35.3,1
17-03-2022 21:00,EDT,CAPITL,61757,51.72,1.14,-34.32,1
17-03-2022 22:00,EDT,CAPITL,61757,48.72,1.18,-29.37,1
17-03-2022 23:00,EDT,CAPITL,61757,51.02,0.75,-37.39,1
18-03-2022 00:00,EDT,CAPITL,61757,41.84,1.64,-13.24,1
18-03-2022 01:00,EDT,CAPITL,61757,40.84,1.5,-14.33,1
18-03-2022 02:00,EDT,CAPITL,61757,39.03,1.47,-12.6,1
18-03-2022 03:00,EDT,CAPITL,61757,39.02,1.6,-12.52,1
18-03-2022 04:00,EDT,CAPITL,61757,40.3,1.6,-13.77,1
18-03-2022 05:00,EDT,CAPITL,61757,40.48,1.94,-10.45,1
18-03-2022 06:00,EDT,CAPITL,61757,49.5,1.84,-21.78,1
18-03-2022 07:00,EDT,CAPITL,61757,61.57,2.9,-20.44,1
18-03-2022 08:00,EDT,CAPITL,61757,57.96,2.8,-19.34,1
18-03-2022 09:00,EDT,CAPITL,61757,50.21,2.65,-11.73,1
18-03-2022 10:00,EDT,CAPITL,61757,43.47,2.69,-4.88,1
18-03-2022 11:00,EDT,CAPITL,61757,40.89,2.58,-2.95,1
18-03-2022 12:00,EDT,CAPITL,61757,39.27,2.58,-1.4,1
18-03-2022 13:00,EDT,CAPITL,61757,38.42,2.43,-2.32,1
18-03-2022 14:00,EDT,CAPITL,61757,39.49,2.37,-5.6,1
18-03-2022 15:00,EDT,CAPITL,61757,40.15,2.24,-7.67,1
18-03-2022 16:00,EDT,CAPITL,61757,41.14,2.43,-6.36,1
18-03-2022 17:00,EDT,CAPITL,61757,46.39,2.69,-9.27,1
18-03-2022 18:00,EDT,CAPITL,61757,54.91,2.66,-17.65,1
18-03-2022 19:00,EDT,CAPITL,61757,60.11,2.76,-21.57,1
18-03-2022 20:00,EDT,CAPITL,61757,50.13,2.67,-11.83,1
18-03-2022 21:00,EDT,CAPITL,61757,44.07,2.02,-15.18,1
18-03-2022 22:00,EDT,CAPITL,61757,46.01,1.56,-19.67,1
18-03-2022 23:00,EDT,CAPITL,61757,46.9,1.25,-24.16,1
19-03-2022 00:00,EDT,CAPITL,61757,47.41,1.12,-25.51,1
19-03-2022 01:00,EDT,CAPITL,61757,45.19,0.97,-24.78,1
19-03-2022 02:00,EDT,CAPITL,61757,45.09,0.89,-27.01,1
19-03-2022 03:00,EDT,CAPITL,61757,46.33,0.69,-32.4,1
19-03-2022 04:00,EDT,CAPITL,61757,45.71,0.68,-31.79,1
19-03-2022 05:00,EDT,CAPITL,61757,45.68,0.7,-31.73,1
19-03-2022 06:00,EDT,CAPITL,61757,53.12,0.71,-39.22,1
19-03-2022 07:00,EDT,CAPITL,61757,60.43,0.85,-44.03,1
19-03-2022 08:00,EDT,CAPITL,61757,69.97,0.89,-54.05,1
19-03-2022 09:00,EDT,CAPITL,61757,74.41,0.98,-57.88,1
19-03-2022 10:00,EDT,CAPITL,61757,68.89,1.15,-49.85,1
19-03-2022 11:00,EDT,CAPITL,61757,70.61,1.01,-54.07,1
19-03-2022 12:00,EDT,CAPITL,61757,68.54,1.23,-48.1,1
19-03-2022 13:00,EDT,CAPITL,61757,63,1.17,-42.38,1
19-03-2022 14:00,EDT,CAPITL,61757,58.84,1.07,-39.56,1
19-03-2022 15:00,EDT,CAPITL,61757,58.92,0.99,-40.51,1
19-03-2022 16:00,EDT,CAPITL,61757,59.78,1.22,-37.8,1
19-03-2022 17:00,EDT,CAPITL,61757,64.7,1.15,-44.11,1
19-03-2022 18:00,EDT,CAPITL,61757,75,1.16,-53.08,1
19-03-2022 19:00,EDT,CAPITL,61757,80.17,1.27,-57.02,1
19-03-2022 20:00,EDT,CAPITL,61757,80.69,1.31,-56.33,1
19-03-2022 21:00,EDT,CAPITL,61757,53.02,1.08,-33.58,1
19-03-2022 22:00,EDT,CAPITL,61757,60.21,0.87,-43.72,1
19-03-2022 23:00,EDT,CAPITL,61757,49.1,1.16,-27.14,1
20-03-2022 00:00,EDT,CAPITL,61757,46.94,1.08,-25.39,1
20-03-2022 01:00,EDT,CAPITL,61757,43.68,0.99,-23.36,1
20-03-2022 02:00,EDT,CAPITL,61757,47.6,0.55,-36.64,1
20-03-2022 03:00,EDT,CAPITL,61757,45.87,0.54,-34.9,1
20-03-2022 04:00,EDT,CAPITL,61757,46.19,0.51,-35.89,1
20-03-2022 05:00,EDT,CAPITL,61757,45.21,0.6,-34.27,1
20-03-2022 06:00,EDT,CAPITL,61757,48.81,0.77,-34.69,1
20-03-2022 07:00,EDT,CAPITL,61757,52.91,0.8,-38.77,1
20-03-2022 08:00,EDT,CAPITL,61757,55.06,1.05,-38.37,1
20-03-2022 09:00,EDT,CAPITL,61757,55.55,1.27,-35.9,1
20-03-2022 10:00,EDT,CAPITL,61757,53.29,1.11,-35.91,1
20-03-2022 11:00,EDT,CAPITL,61757,53.9,1.35,-33.04,1
20-03-2022 12:00,EDT,CAPITL,61757,54.53,1.23,-35.39,1
20-03-2022 13:00,EDT,CAPITL,61757,51.52,1.24,-31.15,1
20-03-2022 14:00,EDT,CAPITL,61757,52.23,1.11,-34.51,1
20-03-2022 15:00,EDT,CAPITL,61757,52.66,1.06,-35.33,1
20-03-2022 16:00,EDT,CAPITL,61757,55.32,1.19,-35.86,1
20-03-2022 17:00,EDT,CAPITL,61757,61.13,1.35,-39.27,1
20-03-2022 18:00,EDT,CAPITL,61757,71,1.39,-49.39,1
20-03-2022 19:00,EDT,CAPITL,61757,77.21,1.51,-55.07,1
20-03-2022 20:00,EDT,CAPITL,61757,75,1.48,-52.95,1
20-03-2022 21:00,EDT,CAPITL,61757,60.16,1.4,-38.19,1
20-03-2022 22:00,EDT,CAPITL,61757,53.94,1.22,-33.43,1
20-03-2022 23:00,EDT,CAPITL,61757,48.62,1.34,-26.43,1
21-03-2022 00:00,EDT,CAPITL,61757,46.63,1.25,-25.47,1
21-03-2022 01:00,EDT,CAPITL,61757,45.19,1.08,-25.79,1
21-03-2022 02:00,EDT,CAPITL,61757,44.13,1.1,-24.76,1
21-03-2022 03:00,EDT,CAPITL,61757,43.72,1.12,-24.32,1
21-03-2022 04:00,EDT,CAPITL,61757,45.19,1.12,-25.77,1
21-03-2022 05:00,EDT,CAPITL,61757,43.96,1.97,-14.2,1
21-03-2022 06:00,EDT,CAPITL,61757,51.6,2.73,-15.54,1
21-03-2022 07:00,EDT,CAPITL,61757,65.29,3.93,-15.16,1
21-03-2022 08:00,EDT,CAPITL,61757,64.03,3.21,-21.75,1
21-03-2022 09:00,EDT,CAPITL,61757,54.59,3.53,-7.01,1
21-03-2022 10:00,EDT,CAPITL,61757,43.4,2.81,-5.94,1
21-03-2022 11:00,EDT,CAPITL,61757,45.54,2.61,-9.93,1
21-03-2022 12:00,EDT,CAPITL,61757,43.3,2.44,-8.3,1
21-03-2022 13:00,EDT,CAPITL,61757,44.19,2.09,-12.61,1
21-03-2022 14:00,EDT,CAPITL,61757,46.88,1.61,-20.86,1
21-03-2022 15:00,EDT,CAPITL,61757,50.87,1.36,-29.22,1
21-03-2022 16:00,EDT,CAPITL,61757,54.88,1.4,-32.86,1
21-03-2022 17:00,EDT,CAPITL,61757,60.76,1.54,-38.17,1
21-03-2022 18:00,EDT,CAPITL,61757,67.86,2.01,-38.26,1
21-03-2022 19:00,EDT,CAPITL,61757,70.04,2.79,-32.33,1
21-03-2022 20:00,EDT,CAPITL,61757,67.6,2.86,-28.95,1
21-03-2022 21:00,EDT,CAPITL,61757,53.44,2.22,-21.22,1
21-03-2022 22:00,EDT,CAPITL,61757,58.35,1.24,-38.88,1
21-03-2022 23:00,EDT,CAPITL,61757,48.71,1.49,-24.59,1
22-03-2022 00:00,EDT,CAPITL,61757,47.66,1.57,-21.12,1
22-03-2022 01:00,EDT,CAPITL,61757,46.22,1.52,-21.71,1
22-03-2022 02:00,EDT,CAPITL,61757,46.12,1.3,-24.26,1
22-03-2022 03:00,EDT,CAPITL,61757,46.31,1.42,-23.67,1
22-03-2022 04:00,EDT,CAPITL,61757,47.92,1.49,-24.49,1
22-03-2022 05:00,EDT,CAPITL,61757,48.53,2.47,-14.73,1
22-03-2022 06:00,EDT,CAPITL,61757,63.51,3.24,-24.68,1
22-03-2022 07:00,EDT,CAPITL,61757,81.66,4.02,-32,1
22-03-2022 08:00,EDT,CAPITL,61757,78,3.89,-30.93,1
22-03-2022 09:00,EDT,CAPITL,61757,60.61,2.97,-21.81,1
22-03-2022 10:00,EDT,CAPITL,61757,46.4,3.08,-6.69,1
22-03-2022 11:00,EDT,CAPITL,61757,43.28,2.9,-4.56,1
22-03-2022 12:00,EDT,CAPITL,61757,40.52,2.94,-1.79,1
22-03-2022 13:00,EDT,CAPITL,61757,40.05,2.74,-3,1
22-03-2022 14:00,EDT,CAPITL,61757,40.48,2.56,-5.18,1
22-03-2022 15:00,EDT,CAPITL,61757,43.43,2.31,-11.15,1
22-03-2022 16:00,EDT,CAPITL,61757,48.89,2.23,-17.28,1
22-03-2022 17:00,EDT,CAPITL,61757,55.23,2.57,-21.64,1
22-03-2022 18:00,EDT,CAPITL,61757,64.93,2.97,-26.18,1
22-03-2022 19:00,EDT,CAPITL,61757,120.11,3.38,-78.33,1
22-03-2022 20:00,EDT,CAPITL,61757,119.45,3.23,-78.64,1
22-03-2022 21:00,EDT,CAPITL,61757,57.96,2.92,-19.8,1
22-03-2022 22:00,EDT,CAPITL,61757,57.13,1.79,-31.44,1
22-03-2022 23:00,EDT,CAPITL,61757,46.9,2.34,-12.46,1
23-03-2022 00:00,EDT,CAPITL,61757,46.99,2.25,-12.53,1
23-03-2022 01:00,EDT,CAPITL,61757,49.43,2.01,-18.76,1
23-03-2022 02:00,EDT,CAPITL,61757,46.07,2.08,-14.31,1
23-03-2022 03:00,EDT,CAPITL,61757,44.71,2.22,-12.9,1
23-03-2022 04:00,EDT,CAPITL,61757,45.56,2.32,-12.64,1
23-03-2022 05:00,EDT,CAPITL,61757,55.57,2.76,-19.97,1
23-03-2022 06:00,EDT,CAPITL,61757,65.82,3.59,-13.67,1
23-03-2022 07:00,EDT,CAPITL,61757,60.46,4.11,0,1
23-03-2022 08:00,EDT,CAPITL,61757,58.15,3.8,0,1
23-03-2022 09:00,EDT,CAPITL,61757,54.46,3,-13.46,1
23-03-2022 10:00,EDT,CAPITL,61757,50.25,2.93,-11.1,1
23-03-2022 11:00,EDT,CAPITL,61757,49.3,2.79,-10.8,1
23-03-2022 12:00,EDT,CAPITL,61757,54.41,2.53,-19.88,1
23-03-2022 13:00,EDT,CAPITL,61757,46.94,2.48,-12.73,1
23-03-2022 14:00,EDT,CAPITL,61757,50.42,2.42,-16.61,1
23-03-2022 15:00,EDT,CAPITL,61757,50.75,2.14,-21.23,1
23-03-2022 16:00,EDT,CAPITL,61757,54.88,1.88,-28.01,1
23-03-2022 17:00,EDT,CAPITL,61757,63.08,1.78,-37.18,1
23-03-2022 18:00,EDT,CAPITL,61757,71,2.48,-35.9,1
23-03-2022 19:00,EDT,CAPITL,61757,79.18,2.55,-42.6,1
23-03-2022 20:00,EDT,CAPITL,61757,71.74,1.93,-43.72,1
23-03-2022 21:00,EDT,CAPITL,61757,61.2,1.09,-44.35,1
23-03-2022 22:00,EDT,CAPITL,61757,56.74,1.07,-39.97,1
23-03-2022 23:00,EDT,CAPITL,61757,53.36,1.32,-33.92,1
24-03-2022 00:00,EDT,CAPITL,61757,51.96,1.17,-31.9,1
24-03-2022 01:00,EDT,CAPITL,61757,48.93,1.15,-29.29,1
24-03-2022 02:00,EDT,CAPITL,61757,48.16,1.19,-28.35,1
24-03-2022 03:00,EDT,CAPITL,61757,46.88,1.24,-26.88,1
24-03-2022 04:00,EDT,CAPITL,61757,48.36,1.26,-28.25,1
24-03-2022 05:00,EDT,CAPITL,61757,51.58,1.34,-31.31,1
24-03-2022 06:00,EDT,CAPITL,61757,73.57,1.45,-51.77,1
24-03-2022 07:00,EDT,CAPITL,61757,75,1.95,-45.19,1
24-03-2022 08:00,EDT,CAPITL,61757,72.47,2.55,-34,1
24-03-2022 09:00,EDT,CAPITL,61757,62.94,1.77,-36.95,1
24-03-2022 10:00,EDT,CAPITL,61757,63.53,1.52,-41.22,1
24-03-2022 11:00,EDT,CAPITL,61757,62.56,1.48,-40.22,1
24-03-2022 12:00,EDT,CAPITL,61757,61.63,1.28,-41.48,1
24-03-2022 13:00,EDT,CAPITL,61757,60.39,1.26,-40.26,1
24-03-2022 14:00,EDT,CAPITL,61757,58.17,1.31,-37.27,1
24-03-2022 15:00,EDT,CAPITL,61757,54.74,1.57,-29.66,1
24-03-2022 16:00,EDT,CAPITL,61757,62.53,1.43,-40.42,1
24-03-2022 17:00,EDT,CAPITL,61757,66.81,1.57,-43.21,1
24-03-2022 18:00,EDT,CAPITL,61757,68.51,2.51,-30.14,1
24-03-2022 19:00,EDT,CAPITL,61757,71.16,2.55,-32.68,1
24-03-2022 20:00,EDT,CAPITL,61757,67.11,2.46,-29.02,1
24-03-2022 21:00,EDT,CAPITL,61757,56.15,1.77,-27.9,1
24-03-2022 22:00,EDT,CAPITL,61757,57.54,1.28,-35.28,1
24-03-2022 23:00,EDT,CAPITL,61757,46.43,1.9,-13.3,1
25-03-2022 00:00,EDT,CAPITL,61757,47.99,1.82,-15.31,1
25-03-2022 01:00,EDT,CAPITL,61757,46.92,1.69,-17.57,1
25-03-2022 02:00,EDT,CAPITL,61757,43.76,1.61,-13.81,1
25-03-2022 03:00,EDT,CAPITL,61757,45.07,1.51,-17.92,1
25-03-2022 04:00,EDT,CAPITL,61757,46.52,1.58,-18.98,1
25-03-2022 05:00,EDT,CAPITL,61757,45.03,1.96,-12.01,1
25-03-2022 06:00,EDT,CAPITL,61757,56.51,2.68,-13.9,1
25-03-2022 07:00,EDT,CAPITL,61757,71.72,2.79,-28.99,1
25-03-2022 08:00,EDT,CAPITL,61757,68.62,2.91,-25.77,1
25-03-2022 09:00,EDT,CAPITL,61757,53.86,3,-10.88,1
25-03-2022 10:00,EDT,CAPITL,61757,47.1,3.3,-3.98,1
25-03-2022 11:00,EDT,CAPITL,61757,45.33,2.94,-5.2,1
25-03-2022 12:00,EDT,CAPITL,61757,44.26,2.86,-5.21,1
25-03-2022 13:00,EDT,CAPITL,61757,44.06,2.81,-6.59,1
25-03-2022 14:00,EDT,CAPITL,61757,42.35,2.75,-4.4,1
25-03-2022 15:00,EDT,CAPITL,61757,41.73,2.93,-2.14,1
25-03-2022 16:00,EDT,CAPITL,61757,45.61,2.86,-6.98,1
25-03-2022 17:00,EDT,CAPITL,61757,50.96,2.84,-12.21,1
25-03-2022 18:00,EDT,CAPITL,61757,60.33,2.95,-17.53,1
25-03-2022 19:00,EDT,CAPITL,61757,75.65,2.75,-37.64,1
25-03-2022 20:00,EDT,CAPITL,61757,66.5,2.77,-26.83,1
25-03-2022 21:00,EDT,CAPITL,61757,47.78,2.71,-9.37,1
25-03-2022 22:00,EDT,CAPITL,61757,52.07,1.93,-23.01,1
25-03-2022 23:00,EDT,CAPITL,61757,48.04,1.79,-17.45,1
26-03-2022 00:00,EDT,CAPITL,61757,60.66,1.07,-42,1
26-03-2022 01:00,EDT,CAPITL,61757,54.08,1.02,-35.46,1
26-03-2022 02:00,EDT,CAPITL,61757,51.26,1.02,-32.43,1
26-03-2022 03:00,EDT,CAPITL,61757,50.8,1.05,-31.93,1
26-03-2022 04:00,EDT,CAPITL,61757,50.05,1.13,-30.04,1
26-03-2022 05:00,EDT,CAPITL,61757,52.51,1.21,-31.81,1
26-03-2022 06:00,EDT,CAPITL,61757,58.83,1.23,-37.51,1
26-03-2022 07:00,EDT,CAPITL,61757,64.42,1.26,-41.1,1
26-03-2022 08:00,EDT,CAPITL,61757,61.62,1.97,-29.31,1
26-03-2022 09:00,EDT,CAPITL,61757,59.86,1.98,-27.43,1
26-03-2022 10:00,EDT,CAPITL,61757,63.46,1.7,-29.62,1
26-03-2022 11:00,EDT,CAPITL,61757,71.34,1.05,-50.07,1
26-03-2022 12:00,EDT,CAPITL,61757,70.51,0.97,-50.97,1
26-03-2022 13:00,EDT,CAPITL,61757,67.75,0.86,-49.39,1
26-03-2022 14:00,EDT,CAPITL,61757,65.14,0.86,-46.78,1
26-03-2022 15:00,EDT,CAPITL,61757,63.89,0.84,-45.55,1
26-03-2022 16:00,EDT,CAPITL,61757,72.87,0.91,-54.52,1
26-03-2022 17:00,EDT,CAPITL,61757,75.4,0.95,-56.94,1
26-03-2022 18:00,EDT,CAPITL,61757,80.25,1.21,-55.37,1
26-03-2022 19:00,EDT,CAPITL,61757,90.08,1.43,-61.62,1
26-03-2022 20:00,EDT,CAPITL,61757,85.04,1.57,-53.23,1
26-03-2022 21:00,EDT,CAPITL,61757,70.39,1.47,-42.24,1
26-03-2022 22:00,EDT,CAPITL,61757,72.6,0.87,-54.25,1
26-03-2022 23:00,EDT,CAPITL,61757,63.52,1.05,-39.7,1
27-03-2022 00:00,EDT,CAPITL,61757,81.57,1.63,-52.29,1
27-03-2022 01:00,EDT,CAPITL,61757,77.8,0.96,-60.35,1
27-03-2022 02:00,EDT,CAPITL,61757,69.91,1.16,-47.64,1
27-03-2022 03:00,EDT,CAPITL,61757,72.9,0.94,-55.18,1
27-03-2022 04:00,EDT,CAPITL,61757,74.06,0.96,-56.34,1
27-03-2022 05:00,EDT,CAPITL,61757,75.54,0.96,-57.82,1
27-03-2022 06:00,EDT,CAPITL,61757,85.7,0.94,-67.98,1
27-03-2022 07:00,EDT,CAPITL,61757,92.7,0.99,-74.93,1
27-03-2022 08:00,EDT,CAPITL,61757,96.61,1.11,-78.66,1
27-03-2022 09:00,EDT,CAPITL,61757,92.1,1.44,-70.04,1
27-03-2022 10:00,EDT,CAPITL,61757,105.56,1.14,-87.84,1
27-03-2022 11:00,EDT,CAPITL,61757,103.85,1.02,-87.91,1
27-03-2022 12:00,EDT,CAPITL,61757,95.91,1.1,-78.59,1
27-03-2022 13:00,EDT,CAPITL,61757,100.2,0.58,-90.68,1
27-03-2022 14:00,EDT,CAPITL,61757,98.93,0.59,-88.84,1
27-03-2022 15:00,EDT,CAPITL,61757,98.38,0.63,-87.38,1
27-03-2022 16:00,EDT,CAPITL,61757,102.81,0.67,-91.76,1
27-03-2022 17:00,EDT,CAPITL,61757,109.12,1,-94.01,1
27-03-2022 18:00,EDT,CAPITL,61757,111.53,1.75,-88.45,1
27-03-2022 19:00,EDT,CAPITL,61757,156.43,3.43,-113.11,1
27-03-2022 20:00,EDT,CAPITL,61757,131.29,3.44,-87.92,1
27-03-2022 21:00,EDT,CAPITL,61757,105,2.66,-70.62,1
27-03-2022 22:00,EDT,CAPITL,61757,101.38,1.33,-83.25,1
27-03-2022 23:00,EDT,CAPITL,61757,97.17,1.86,-72.02,1
28-03-2022 00:00,EDT,CAPITL,61757,106.95,1.86,-82.41,1
28-03-2022 01:00,EDT,CAPITL,61757,105.13,1.49,-85.03,1
28-03-2022 02:00,EDT,CAPITL,61757,97.52,1.75,-73.66,1
28-03-2022 03:00,EDT,CAPITL,61757,97.49,2.22,-67.58,1
28-03-2022 04:00,EDT,CAPITL,61757,102.53,2.94,-62.88,1
28-03-2022 05:00,EDT,CAPITL,61757,120,2.91,-82,1
28-03-2022 06:00,EDT,CAPITL,61757,156.07,5.2,-86.62,1
28-03-2022 07:00,EDT,CAPITL,61757,141.8,7.5,-41.63,1
28-03-2022 08:00,EDT,CAPITL,61757,179.29,6.26,-94.78,1
28-03-2022 09:00,EDT,CAPITL,61757,157.78,4.11,-104.16,1
28-03-2022 10:00,EDT,CAPITL,61757,177.78,3.46,-132.67,1
28-03-2022 11:00,EDT,CAPITL,61757,165.92,3.89,-114,1
28-03-2022 12:00,EDT,CAPITL,61757,122.05,2.71,-83.29,1
28-03-2022 13:00,EDT,CAPITL,61757,123.55,2.36,-89.29,1
28-03-2022 14:00,EDT,CAPITL,61757,123.58,1.86,-96.16,1
28-03-2022 15:00,EDT,CAPITL,61757,125.7,1.82,-99.65,1
28-03-2022 16:00,EDT,CAPITL,61757,128.75,2.06,-98.85,1
28-03-2022 17:00,EDT,CAPITL,61757,153.65,2.16,-124.48,1
28-03-2022 18:00,EDT,CAPITL,61757,226.02,3.26,-182.98,1
28-03-2022 19:00,EDT,CAPITL,61757,235.85,5.33,-165.58,1
28-03-2022 20:00,EDT,CAPITL,61757,231.47,4.95,-166.87,1
28-03-2022 21:00,EDT,CAPITL,61757,191.95,3.38,-148.39,1
28-03-2022 22:00,EDT,CAPITL,61757,166.99,3.03,-126.13,1
28-03-2022 23:00,EDT,CAPITL,61757,148.61,2.69,-113.88,1
29-03-2022 00:00,EDT,CAPITL,61757,176.31,0.38,-170.81,1
29-03-2022 01:00,EDT,CAPITL,61757,159.04,0.3,-154.68,1
29-03-2022 02:00,EDT,CAPITL,61757,149.96,0.41,-144.21,1
29-03-2022 03:00,EDT,CAPITL,61757,152.65,0.39,-147.13,1
29-03-2022 04:00,EDT,CAPITL,61757,158.78,0.54,-151.38,1
29-03-2022 05:00,EDT,CAPITL,61757,167.86,0.69,-158.92,1
29-03-2022 06:00,EDT,CAPITL,61757,207.5,2.55,-174.64,1
29-03-2022 07:00,EDT,CAPITL,61757,216.16,3.87,-165.68,1
29-03-2022 08:00,EDT,CAPITL,61757,201.75,3.39,-156.5,1
29-03-2022 09:00,EDT,CAPITL,61757,170,2.33,-139.95,1
29-03-2022 10:00,EDT,CAPITL,61757,132.01,1.72,-109.32,1
29-03-2022 11:00,EDT,CAPITL,61757,127.7,1.45,-108.11,1
29-03-2022 12:00,EDT,CAPITL,61757,112.61,1.4,-93.08,1
29-03-2022 13:00,EDT,CAPITL,61757,114.23,0.93,-100.88,1
29-03-2022 14:00,EDT,CAPITL,61757,110.51,0.73,-99.47,1
29-03-2022 15:00,EDT,CAPITL,61757,115,0.74,-103.94,1
29-03-2022 16:00,EDT,CAPITL,61757,126,0.71,-114.98,1
29-03-2022 17:00,EDT,CAPITL,61757,141.58,0.65,-132.66,1
29-03-2022 18:00,EDT,CAPITL,61757,160.75,1.51,-141.09,1
29-03-2022 19:00,EDT,CAPITL,61757,189.74,2.37,-158.45,1
29-03-2022 20:00,EDT,CAPITL,61757,177.18,2.4,-145.9,1
29-03-2022 21:00,EDT,CAPITL,61757,134.55,1.41,-115.08,1
29-03-2022 22:00,EDT,CAPITL,61757,123.54,0.78,-112.54,1
29-03-2022 23:00,EDT,CAPITL,61757,114.88,0.86,-102.89,1
30-03-2022 00:00,EDT,CAPITL,61757,120.12,0.41,-114.43,1
30-03-2022 01:00,EDT,CAPITL,61757,111.5,0.42,-105.78,1
30-03-2022 02:00,EDT,CAPITL,61757,108.74,0.42,-103.03,1
30-03-2022 03:00,EDT,CAPITL,61757,109.52,0.42,-103.79,1
30-03-2022 04:00,EDT,CAPITL,61757,116.93,0.53,-109.84,1
30-03-2022 05:00,EDT,CAPITL,61757,149.31,1.71,-129.35,1
30-03-2022 06:00,EDT,CAPITL,61757,158.09,4.93,-95.79,1
30-03-2022 07:00,EDT,CAPITL,61757,149.9,6.35,-67.91,1
30-03-2022 08:00,EDT,CAPITL,61757,122.38,5.3,-52.49,1
30-03-2022 09:00,EDT,CAPITL,61757,138.34,3.28,-95.49,1
30-03-2022 10:00,EDT,CAPITL,61757,77.54,3.16,-37.65,1
30-03-2022 11:00,EDT,CAPITL,61757,72.14,2.58,-38.9,1
30-03-2022 12:00,EDT,CAPITL,61757,69.2,2.24,-39.66,1
30-03-2022 13:00,EDT,CAPITL,61757,68.81,1.75,-44.36,1
30-03-2022 14:00,EDT,CAPITL,61757,66.38,1.78,-42.04,1
30-03-2022 15:00,EDT,CAPITL,61757,68.91,1.62,-46.98,1
30-03-2022 16:00,EDT,CAPITL,61757,69.76,1.71,-47.41,1
30-03-2022 17:00,EDT,CAPITL,61757,84.57,1.31,-67.83,1
30-03-2022 18:00,EDT,CAPITL,61757,97.27,1.53,-77.98,1
30-03-2022 19:00,EDT,CAPITL,61757,119.38,1.83,-96.26,1
30-03-2022 20:00,EDT,CAPITL,61757,104.61,1.26,-88.53,1
30-03-2022 21:00,EDT,CAPITL,61757,100,0.91,-89.02,1
30-03-2022 22:00,EDT,CAPITL,61757,93.17,0.46,-87.44,1
30-03-2022 23:00,EDT,CAPITL,61757,87.99,0.48,-82.22,1
31-03-2022 00:00,EDT,CAPITL,61757,67.32,0.18,-65.01,1
31-03-2022 01:00,EDT,CAPITL,61757,66.21,0.18,-63.91,1
31-03-2022 02:00,EDT,CAPITL,61757,64.54,0.18,-62.24,1
31-03-2022 03:00,EDT,CAPITL,61757,63.54,0.18,-61.24,1
31-03-2022 04:00,EDT,CAPITL,61757,64.52,0.18,-62.24,1
31-03-2022 05:00,EDT,CAPITL,61757,68.04,0.1,-66.68,1
31-03-2022 06:00,EDT,CAPITL,61757,78.46,0.44,-73.01,1
31-03-2022 07:00,EDT,CAPITL,61757,84.06,1.6,-62.95,1
31-03-2022 08:00,EDT,CAPITL,61757,100.98,0.8,-90.1,1
31-03-2022 09:00,EDT,CAPITL,61757,97.1,0.78,-86.54,1
31-03-2022 10:00,EDT,CAPITL,61757,71.33,0.51,-64.3,1
31-03-2022 11:00,EDT,CAPITL,61757,67.24,0.57,-59.61,1
31-03-2022 12:00,EDT,CAPITL,61757,62.57,0.62,-54.35,1
31-03-2022 13:00,EDT,CAPITL,61757,62.32,0.41,-56.68,1
31-03-2022 14:00,EDT,CAPITL,61757,60.8,0.61,-52.24,1
31-03-2022 15:00,EDT,CAPITL,61757,60.64,0.62,-52.02,1
31-03-2022 16:00,EDT,CAPITL,61757,61.57,0.63,-52.93,1
31-03-2022 17:00,EDT,CAPITL,61757,68.97,0.76,-58.52,1
31-03-2022 18:00,EDT,CAPITL,61757,80.07,0.85,-68.47,1
31-03-2022 19:00,EDT,CAPITL,61757,86.11,0.99,-72.38,1
31-03-2022 20:00,EDT,CAPITL,61757,78.35,1.09,-63.24,1
31-03-2022 21:00,EDT,CAPITL,61757,75,1.23,-59.33,1
31-03-2022 22:00,EDT,CAPITL,61757,64.71,0.62,-56.82,1
31-03-2022 23:00,EDT,CAPITL,61757,64.64,0.17,-62.35,1
