Eastern Date Hour,Eastern Date Hour Time Zone,Zone Name,Zone PTID,DAM Zonal LBMP,DAM Zonal Losses,DAM Zonal Congestion,DAM Zonal Price Version
01-03-2022 00:00,EST,CAPITL,61757,113.32,8.1,0,1
01-03-2022 01:00,EST,CAPITL,61757,93.15,6.42,0,1
01-03-2022 02:00,EST,CAPITL,61757,82.68,5.77,0,1
01-03-2022 03:00,EST,CAPITL,61757,79.75,5.7,0,1
01-03-2022 04:00,EST,CAPITL,61757,88.64,6.34,0,1
01-03-2022 05:00,EST,CAPITL,61757,102.32,7.66,0,1
01-03-2022 06:00,EST,CAPITL,61757,119.9,8.98,0,1
01-03-2022 07:00,EST,CAPITL,61757,164.32,11.9,0,1
01-03-2022 08:00,EST,CAPITL,61757,155.38,12.43,0,1
01-03-2022 09:00,EST,CAPITL,61757,145.19,8.14,-49.5,1
01-03-2022 10:00,EST,CAPITL,61757,88.49,7.16,0,1
01-03-2022 11:00,EST,CAPITL,61757,80.33,6.56,0,1
01-03-2022 12:00,EST,CAPITL,61757,74.22,6.07,-3.53,1
01-03-2022 13:00,EST,CAPITL,61757,97.49,4.53,-45.82,1
01-03-2022 14:00,EST,CAPITL,61757,97.49,4.28,-48.67,1
01-03-2022 15:00,EST,CAPITL,61757,106.4,3.94,-61.39,1
01-03-2022 16:00,EST,CAPITL,61757,99.66,4.89,-43.3,1
01-03-2022 17:00,EST,CAPITL,61757,107.64,6.7,-31.9,1
01-03-2022 18:00,EST,CAPITL,61757,200.18,8.19,-108.47,1
01-03-2022 19:00,EST,CAPITL,61757,98,6.3,-28.05,1
01-03-2022 20:00,EST,CAPITL,61757,94,5.67,-30.48,1
01-03-2022 21:00,EST,CAPITL,61757,106.31,3.99,-61.14,1
01-03-2022 22:00,EST,CAPITL,61757,98.18,3.89,-53.73,1
01-03-2022 23:00,EST,CAPITL,61757,68.49,3.25,-29.89,1
02-03-2022 00:00,EST,CAPITL,61757,47.88,3.08,-9.38,1
02-03-2022 01:00,EST,CAPITL,61757,43.03,3.15,-4.41,1
02-03-2022 02:00,EST,CAPITL,61757,43.43,2.71,-9.97,1
02-03-2022 03:00,EST,CAPITL,61757,44.56,2.67,-11.56,1
02-03-2022 04:00,EST,CAPITL,61757,44.05,2.83,-9.84,1
02-03-2022 05:00,EST,CAPITL,61757,44.63,3.52,-3.24,1
02-03-2022 06:00,EST,CAPITL,61757,49.45,3.85,-3.68,1
02-03-2022 07:00,EST,CAPITL,61757,58.52,4.48,0,1
02-03-2022 08:00,EST,CAPITL,61757,53.72,4.01,-8.8,1
02-03-2022 09:00,EST,CAPITL,61757,51.52,3.54,-11.52,1
02-03-2022 10:00,EST,CAPITL,61757,48.25,3.5,-8.34,1
02-03-2022 11:00,EST,CAPITL,61757,47.38,3.39,-8.28,1
02-03-2022 12:00,EST,CAPITL,61757,44.67,3.29,-5.63,1
02-03-2022 13:00,EST,CAPITL,61757,43.95,3.19,-5.28,1
02-03-2022 14:00,EST,CAPITL,61757,40.73,2.95,-5.03,1
02-03-2022 15:00,EST,CAPITL,61757,41.82,2.82,-7.28,1
02-03-2022 16:00,EST,CAPITL,61757,45.42,3.25,-6.49,1
02-03-2022 17:00,EST,CAPITL,61757,53.45,3.8,-10.07,1
02-03-2022 18:00,EST,CAPITL,61757,63.92,4.42,-14.43,1
02-03-2022 19:00,EST,CAPITL,61757,54.38,3.75,-12.44,1
02-03-2022 20:00,EST,CAPITL,61757,50.1,3.35,-11.07,1
02-03-2022 21:00,EST,CAPITL,61757,49.64,2.89,-14.62,1
02-03-2022 22:00,EST,CAPITL,61757,47.63,2.48,-17.55,1
02-03-2022 23:00,EST,CAPITL,61757,46.38,1.87,-21.21,1
03-03-2022 00:00,EST,CAPITL,61757,46.1,1.91,-19.33,1
03-03-2022 01:00,EST,CAPITL,61757,42.48,1.77,-17.36,1
03-03-2022 02:00,EST,CAPITL,61757,40.17,1.88,-13.24,1
03-03-2022 03:00,EST,CAPITL,61757,34.88,2.43,0,1
03-03-2022 04:00,EST,CAPITL,61757,39.96,1.94,-12.89,1
03-03-2022 05:00,EST,CAPITL,61757,39.89,3.09,0,1
03-03-2022 06:00,EST,CAPITL,61757,52.02,4.12,0,1
03-03-2022 07:00,EST,CAPITL,61757,59.72,4.68,0,1
03-03-2022 08:00,EST,CAPITL,61757,55.87,4.61,0,1
03-03-2022 09:00,EST,CAPITL,61757,57.09,3.92,-11.89,1
03-03-2022 10:00,EST,CAPITL,61757,109,3.61,-67.79,1
03-03-2022 11:00,EST,CAPITL,61757,110.53,3.39,-71.42,1
03-03-2022 12:00,EST,CAPITL,61757,109.79,3.38,-70.8,1
03-03-2022 13:00,EST,CAPITL,61757,110.11,3.35,-71.82,1
03-03-2022 14:00,EST,CAPITL,61757,109.59,3.3,-71.61,1
03-03-2022 15:00,EST,CAPITL,61757,109.59,3.32,-70.94,1
03-03-2022 16:00,EST,CAPITL,61757,128.77,3.2,-92.24,1
03-03-2022 17:00,EST,CAPITL,61757,155,4.98,-98.13,1
03-03-2022 18:00,EST,CAPITL,61757,197.83,7.31,-114.42,1
03-03-2022 19:00,EST,CAPITL,61757,162.47,6.84,-82.81,1
03-03-2022 20:00,EST,CAPITL,61757,104.28,6.65,-26.14,1
03-03-2022 21:00,EST,CAPITL,61757,119.12,4.51,-68.14,1
03-03-2022 22:00,EST,CAPITL,61757,101.21,4.96,-42.35,1
03-03-2022 23:00,EST,CAPITL,61757,68,5.79,-0.57,1
04-03-2022 00:00,EST,CAPITL,61757,74.38,4.54,-22.11,1
04-03-2022 01:00,EST,CAPITL,61757,72.84,3.52,-31.87,1
04-03-2022 02:00,EST,CAPITL,61757,61.51,4.74,-5.21,1
04-03-2022 03:00,EST,CAPITL,61757,61.41,4.7,0,1
04-03-2022 04:00,EST,CAPITL,61757,60.13,5.02,0,1
04-03-2022 05:00,EST,CAPITL,61757,67.49,5.97,0,1
04-03-2022 06:00,EST,CAPITL,61757,91.5,7.7,0,1
04-03-2022 07:00,EST,CAPITL,61757,122.85,10.45,0,1
04-03-2022 08:00,EST,CAPITL,61757,97.49,8.85,-0.12,1
04-03-2022 09:00,EST,CAPITL,61757,78,6.73,-2.67,1
04-03-2022 10:00,EST,CAPITL,61757,89.67,5.47,-27.28,1
04-03-2022 11:00,EST,CAPITL,61757,88.24,4.72,-33.81,1
04-03-2022 12:00,EST,CAPITL,61757,69.04,4.15,-20.27,1
04-03-2022 13:00,EST,CAPITL,61757,68.98,3.63,-26.37,1
04-03-2022 14:00,EST,CAPITL,61757,70.33,3.44,-29.48,1
04-03-2022 15:00,EST,CAPITL,61757,66.66,3.56,-24.36,1
04-03-2022 16:00,EST,CAPITL,61757,83.23,3.85,-38.36,1
04-03-2022 17:00,EST,CAPITL,61757,99.94,5.62,-35.15,1
04-03-2022 18:00,EST,CAPITL,61757,107.48,7.42,-23.57,1
04-03-2022 19:00,EST,CAPITL,61757,104.42,6.66,-29.1,1
04-03-2022 20:00,EST,CAPITL,61757,86.32,5.27,-25.66,1
04-03-2022 21:00,EST,CAPITL,61757,97.51,4.59,-44.04,1
04-03-2022 22:00,EST,CAPITL,61757,102.26,3.76,-57.59,1
04-03-2022 23:00,EST,CAPITL,61757,67.4,3.37,-26.55,1
05-03-2022 00:00,EST,CAPITL,61757,84.46,3.53,-44.13,1
05-03-2022 01:00,EST,CAPITL,61757,78.64,3.44,-39.74,1
05-03-2022 02:00,EST,CAPITL,61757,76.11,3.44,-37.22,1
05-03-2022 03:00,EST,CAPITL,61757,72.97,3.48,-34.04,1
05-03-2022 04:00,EST,CAPITL,61757,53.26,3.55,-14.26,1
05-03-2022 05:00,EST,CAPITL,61757,56.49,3.66,-17.3,1
05-03-2022 06:00,EST,CAPITL,61757,60.81,3.55,-21.76,1
05-03-2022 07:00,EST,CAPITL,61757,67.31,3.63,-28.11,1
05-03-2022 08:00,EST,CAPITL,61757,85.64,3.87,-44.51,1
05-03-2022 09:00,EST,CAPITL,61757,69,4.04,-26.15,1
05-03-2022 10:00,EST,CAPITL,61757,57.06,3.49,-18,1
05-03-2022 11:00,EST,CAPITL,61757,53.71,3.38,-14.76,1
05-03-2022 12:00,EST,CAPITL,61757,46.54,3.21,-7.73,1
05-03-2022 13:00,EST,CAPITL,61757,46.54,2.65,-14.13,1
05-03-2022 14:00,EST,CAPITL,61757,45.16,2.47,-14.34,1
05-03-2022 15:00,EST,CAPITL,61757,46.51,2.5,-15.55,1
05-03-2022 16:00,EST,CAPITL,61757,47.66,2.57,-16.19,1
05-03-2022 17:00,EST,CAPITL,61757,72.69,2.77,-39.75,1
05-03-2022 18:00,EST,CAPITL,61757,84.45,2.84,-51.38,1
05-03-2022 19:00,EST,CAPITL,61757,72.89,2.22,-47.06,1
05-03-2022 20:00,EST,CAPITL,61757,55.73,2.23,-28.76,1
05-03-2022 21:00,EST,CAPITL,61757,56.35,1.56,-37.31,1
05-03-2022 22:00,EST,CAPITL,61757,51.78,1.37,-34.31,1
05-03-2022 23:00,EST,CAPITL,61757,51.7,0.98,-38.73,1
06-03-2022 00:00,EST,CAPITL,61757,48.07,0.82,-37.39,1
06-03-2022 01:00,EST,CAPITL,61757,47.77,0.56,-40.33,1
06-03-2022 02:00,EST,CAPITL,61757,47.5,0.42,-41.95,1
06-03-2022 03:00,EST,CAPITL,61757,44.53,0.56,-37.09,1
06-03-2022 04:00,EST,CAPITL,61757,46.39,0.42,-40.81,1
06-03-2022 05:00,EST,CAPITL,61757,44.46,0.58,-36.98,1
06-03-2022 06:00,EST,CAPITL,61757,46.5,0.42,-40.92,1
06-03-2022 07:00,EST,CAPITL,61757,47.09,0.84,-36.1,1
06-03-2022 08:00,EST,CAPITL,61757,48.17,1.01,-35.98,1
06-03-2022 09:00,EST,CAPITL,61757,49.27,1.03,-37.17,1
06-03-2022 10:00,EST,CAPITL,61757,48.09,1.1,-35.11,1
06-03-2022 11:00,EST,CAPITL,61757,48.09,1.09,-35.31,1
06-03-2022 12:00,EST,CAPITL,61757,45.84,0.97,-34.3,1
06-03-2022 13:00,EST,CAPITL,61757,44.83,0.97,-33.23,1
06-03-2022 14:00,EST,CAPITL,61757,43.34,0.99,-31.56,1
06-03-2022 15:00,EST,CAPITL,61757,46.47,0.96,-35.09,1
06-03-2022 16:00,EST,CAPITL,61757,46.41,1.35,-30.34,1
06-03-2022 17:00,EST,CAPITL,61757,52,2.34,-24.53,1
06-03-2022 18:00,EST,CAPITL,61757,58.79,2.74,-26.92,1
06-03-2022 19:00,EST,CAPITL,61757,50.03,3.33,-10.87,1
06-03-2022 20:00,EST,CAPITL,61757,42.95,2.8,-9.37,1
06-03-2022 21:00,EST,CAPITL,61757,43.61,2.34,-14.74,1
06-03-2022 22:00,EST,CAPITL,61757,40.54,2.1,-13.73,1
06-03-2022 23:00,EST,CAPITL,61757,40.88,1.67,-18.4,1
07-03-2022 00:00,EST,CAPITL,61757,46.9,0.74,-36.05,1
07-03-2022 01:00,EST,CAPITL,61757,43.48,0.91,-29.65,1
07-03-2022 02:00,EST,CAPITL,61757,40.37,1.25,-21.27,1
07-03-2022 03:00,EST,CAPITL,61757,38.17,1.56,-14.38,1
07-03-2022 04:00,EST,CAPITL,61757,36.18,2.07,-4.12,1
07-03-2022 05:00,EST,CAPITL,61757,36.68,2.4,0,1
07-03-2022 06:00,EST,CAPITL,61757,41.67,2.91,0,1
07-03-2022 07:00,EST,CAPITL,61757,48.94,3.82,-0.19,1
07-03-2022 08:00,EST,CAPITL,61757,48.05,4.09,0,1
07-03-2022 09:00,EST,CAPITL,61757,47.61,4.05,0,1
07-03-2022 10:00,EST,CAPITL,61757,46.56,3.96,0,1
07-03-2022 11:00,EST,CAPITL,61757,46.09,3.92,0,1
07-03-2022 12:00,EST,CAPITL,61757,45.75,3.82,0,1
07-03-2022 13:00,EST,CAPITL,61757,45.27,3.89,0,1
07-03-2022 14:00,EST,CAPITL,61757,44.52,3.82,0,1
07-03-2022 15:00,EST,CAPITL,61757,45.65,3.8,-2.23,1
07-03-2022 16:00,EST,CAPITL,61757,47.69,4.08,-0.71,1
07-03-2022 17:00,EST,CAPITL,61757,57.59,4.82,-2.57,1
07-03-2022 18:00,EST,CAPITL,61757,63.54,5.59,-0.94,1
07-03-2022 19:00,EST,CAPITL,61757,53.6,4.7,0,1
07-03-2022 20:00,EST,CAPITL,61757,47.58,4.07,-1.12,1
07-03-2022 21:00,EST,CAPITL,61757,44.27,3.43,-2.28,1
07-03-2022 22:00,EST,CAPITL,61757,41.71,3.23,-0.4,1
07-03-2022 23:00,EST,CAPITL,61757,39.08,2.78,-0.62,1
08-03-2022 00:00,EST,CAPITL,61757,50.86,0.93,-37.2,1
08-03-2022 01:00,EST,CAPITL,61757,49.16,0.76,-37.65,1
08-03-2022 02:00,EST,CAPITL,61757,48.57,0.76,-37.33,1
08-03-2022 03:00,EST,CAPITL,61757,48.21,0.75,-37,1
08-03-2022 04:00,EST,CAPITL,61757,48.47,0.83,-36.48,1
08-03-2022 05:00,EST,CAPITL,61757,43.32,1.93,-16.36,1
08-03-2022 06:00,EST,CAPITL,61757,48.84,3.14,-7.38,1
08-03-2022 07:00,EST,CAPITL,61757,79.26,2.5,-45.49,1
08-03-2022 08:00,EST,CAPITL,61757,81.71,2.08,-53.66,1
08-03-2022 09:00,EST,CAPITL,61757,74.67,2.17,-44.34,1
08-03-2022 10:00,EST,CAPITL,61757,71.63,2.11,-43.77,1
08-03-2022 11:00,EST,CAPITL,61757,74.86,1.58,-54.08,1
08-03-2022 12:00,EST,CAPITL,61757,67.92,1.77,-41.94,1
08-03-2022 13:00,EST,CAPITL,61757,69.63,1.53,-47.38,1
08-03-2022 14:00,EST,CAPITL,61757,68.33,1.53,-46.39,1
08-03-2022 15:00,EST,CAPITL,61757,73.68,1.46,-53.56,1
08-03-2022 16:00,EST,CAPITL,61757,75,2.11,-45.48,1
08-03-2022 17:00,EST,CAPITL,61757,82.09,2.96,-43.41,1
08-03-2022 18:00,EST,CAPITL,61757,136.97,3.38,-95.19,1
08-03-2022 19:00,EST,CAPITL,61757,86.71,3.29,-45.53,1
08-03-2022 20:00,EST,CAPITL,61757,77.06,2.89,-38.46,1
08-03-2022 21:00,EST,CAPITL,61757,71.65,2.65,-35.84,1
08-03-2022 22:00,EST,CAPITL,61757,62.9,2.44,-29.58,1
08-03-2022 23:00,EST,CAPITL,61757,68.31,1.19,-50.09,1
09-03-2022 00:00,EST,CAPITL,61757,59.02,1.76,-29.42,1
09-03-2022 01:00,EST,CAPITL,61757,57.64,1.47,-32.78,1
09-03-2022 02:00,EST,CAPITL,61757,56.74,1.42,-32.46,1
09-03-2022 03:00,EST,CAPITL,61757,56.45,1.47,-31.24,1
09-03-2022 04:00,EST,CAPITL,61757,58.04,1.56,-31.66,1
09-03-2022 05:00,EST,CAPITL,61757,54.95,2.71,-16.57,1
09-03-2022 06:00,EST,CAPITL,61757,88.64,3.35,-47.26,1
09-03-2022 07:00,EST,CAPITL,61757,88.64,4.49,-30.06,1
09-03-2022 08:00,EST,CAPITL,61757,85.4,3.76,-36.26,1
09-03-2022 09:00,EST,CAPITL,61757,74.03,3.26,-31.52,1
09-03-2022 10:00,EST,CAPITL,61757,78.98,3.14,-36.05,1
09-03-2022 11:00,EST,CAPITL,61757,76.72,2.88,-35.96,1
09-03-2022 12:00,EST,CAPITL,61757,72.01,2.9,-31.42,1
09-03-2022 13:00,EST,CAPITL,61757,70.51,2.8,-31.33,1
09-03-2022 14:00,EST,CAPITL,61757,69.86,2.78,-31.4,1
09-03-2022 15:00,EST,CAPITL,61757,73.46,2.74,-35.11,1
09-03-2022 16:00,EST,CAPITL,61757,76.47,2.81,-38.05,1
09-03-2022 17:00,EST,CAPITL,61757,88.48,3.12,-47.28,1
09-03-2022 18:00,EST,CAPITL,61757,113.59,3.43,-68.87,1
09-03-2022 19:00,EST,CAPITL,61757,87.65,2.92,-49.58,1
09-03-2022 20:00,EST,CAPITL,61757,76.95,2.82,-38.37,1
09-03-2022 21:00,EST,CAPITL,61757,72.68,2.57,-35.85,1
09-03-2022 22:00,EST,CAPITL,61757,66.15,1.61,-40.54,1
09-03-2022 23:00,EST,CAPITL,61757,62.32,1.23,-40.99,1
10-03-2022 00:00,EST,CAPITL,61757,58.23,1.36,-32.96,1
10-03-2022 01:00,EST,CAPITL,61757,55.01,1.14,-34.51,1
10-03-2022 02:00,EST,CAPITL,61757,52.48,1.46,-26.68,1
10-03-2022 03:00,EST,CAPITL,61757,52.33,1.54,-26.03,1
10-03-2022 04:00,EST,CAPITL,61757,52.55,1.59,-25.75,1
10-03-2022 05:00,EST,CAPITL,61757,50.92,2.72,-12.38,1
10-03-2022 06:00,EST,CAPITL,61757,68.7,3.08,-27.15,1
10-03-2022 07:00,EST,CAPITL,61757,73.55,4.11,-19.32,1
10-03-2022 08:00,EST,CAPITL,61757,68.74,3.44,-23.32,1
10-03-2022 09:00,EST,CAPITL,61757,59.55,3.17,-17.79,1
10-03-2022 10:00,EST,CAPITL,61757,55.15,3.09,-14.43,1
10-03-2022 11:00,EST,CAPITL,61757,53.62,2.9,-13.56,1
10-03-2022 12:00,EST,CAPITL,61757,50.76,2.73,-11.62,1
10-03-2022 13:00,EST,CAPITL,61757,48.96,2.69,-10.41,1
10-03-2022 14:00,EST,CAPITL,61757,47.93,2.67,-9.68,1
10-03-2022 15:00,EST,CAPITL,61757,51.19,2.54,-12.86,1
10-03-2022 16:00,EST,CAPITL,61757,54.69,2.75,-15.74,1
10-03-2022 17:00,EST,CAPITL,61757,71.04,3.19,-28.05,1
10-03-2022 18:00,EST,CAPITL,61757,92.03,4.35,-34.59,1
10-03-2022 19:00,EST,CAPITL,61757,67.19,4.34,-9.97,1
10-03-2022 20:00,EST,CAPITL,61757,60,3.19,-17.91,1
10-03-2022 21:00,EST,CAPITL,61757,55.8,2.78,-15.92,1
10-03-2022 22:00,EST,CAPITL,61757,54.45,2.58,-16.08,1
10-03-2022 23:00,EST,CAPITL,61757,51.06,2.53,-12.89,1
11-03-2022 00:00,EST,CAPITL,61757,42.62,2.6,-4.38,1
11-03-2022 01:00,EST,CAPITL,61757,41.05,2.47,-3.87,1
11-03-2022 02:00,EST,CAPITL,61757,40.52,2.48,-3.08,1
11-03-2022 03:00,EST,CAPITL,61757,40.26,2.46,-2.58,1
11-03-2022 04:00,EST,CAPITL,61757,40.96,2.68,-2.6,1
11-03-2022 05:00,EST,CAPITL,61757,44.53,2.93,-5.81,1
11-03-2022 06:00,EST,CAPITL,61757,54.95,3.03,-14.02,1
11-03-2022 07:00,EST,CAPITL,61757,64.86,4.46,-4.62,1
11-03-2022 08:00,EST,CAPITL,61757,56.62,3.76,-4.75,1
11-03-2022 09:00,EST,CAPITL,61757,48.27,3.37,0,1
11-03-2022 10:00,EST,CAPITL,61757,46.14,3.15,-3.07,1
11-03-2022 11:00,EST,CAPITL,61757,45.69,2.95,-4.47,1
11-03-2022 12:00,EST,CAPITL,61757,44.1,2.82,-4.62,1
11-03-2022 13:00,EST,CAPITL,61757,43.37,2.73,-4.75,1
11-03-2022 14:00,EST,CAPITL,61757,42.71,2.75,-4.29,1
11-03-2022 15:00,EST,CAPITL,61757,43.01,2.74,-4.62,1
11-03-2022 16:00,EST,CAPITL,61757,46.61,2.72,-8.14,1
11-03-2022 17:00,EST,CAPITL,61757,55.25,2.99,-13.93,1
11-03-2022 18:00,EST,CAPITL,61757,67.56,2.95,-26.26,1
11-03-2022 19:00,EST,CAPITL,61757,58.1,3.16,-14.95,1
11-03-2022 20:00,EST,CAPITL,61757,48.69,2.88,-7.84,1
11-03-2022 21:00,EST,CAPITL,61757,47.54,2.57,-9.26,1
11-03-2022 22:00,EST,CAPITL,61757,46.95,2.04,-12.47,1
11-03-2022 23:00,EST,CAPITL,61757,46.57,2.14,-12.57,1
12-03-2022 00:00,EST,CAPITL,61757,46.83,2.46,-8.73,1
12-03-2022 01:00,EST,CAPITL,61757,47.47,2.34,-11.2,1
12-03-2022 02:00,EST,CAPITL,61757,49.37,1.96,-19.38,1
12-03-2022 03:00,EST,CAPITL,61757,47.46,1.97,-17.34,1
12-03-2022 04:00,EST,CAPITL,61757,50.09,1.79,-22.37,1
12-03-2022 05:00,EST,CAPITL,61757,51.18,1.79,-24.13,1
12-03-2022 06:00,EST,CAPITL,61757,57.07,1.68,-30.65,1
12-03-2022 07:00,EST,CAPITL,61757,59.97,1.87,-34.72,1
12-03-2022 08:00,EST,CAPITL,61757,63.72,2.69,-29.06,1
12-03-2022 09:00,EST,CAPITL,61757,72,2.8,-36.26,1
12-03-2022 10:00,EST,CAPITL,61757,99,2.6,-65.75,1
12-03-2022 11:00,EST,CAPITL,61757,111.72,2.54,-80.02,1
12-03-2022 12:00,EST,CAPITL,61757,88.12,1.34,-71.05,1
12-03-2022 13:00,EST,CAPITL,61757,83.53,1.33,-66.5,1
12-03-2022 14:00,EST,CAPITL,61757,87.59,1.16,-70.8,1
12-03-2022 15:00,EST,CAPITL,61757,88.01,1.16,-71.22,1
12-03-2022 16:00,EST,CAPITL,61757,91.4,1.23,-74.47,1
12-03-2022 17:00,EST,CAPITL,61757,105.19,1.32,-88.14,1
12-03-2022 18:00,EST,CAPITL,61757,126.02,1.31,-108.97,1
12-03-2022 19:00,EST,CAPITL,61757,117.27,1.31,-100.2,1
12-03-2022 20:00,EST,CAPITL,61757,102.92,1.44,-83.43,1
12-03-2022 21:00,EST,CAPITL,61757,97.14,1.25,-80.11,1
12-03-2022 22:00,EST,CAPITL,61757,96.46,1.2,-79.52,1
12-03-2022 23:00,EST,CAPITL,61757,88.7,1.64,-65.75,1
13-03-2022 00:00,EST,CAPITL,61757,121.28,1.05,-101.74,1
13-03-2022 01:00,EST,CAPITL,61757,111.42,0.83,-96.84,1
13-03-2022 03:00,EDT,CAPITL,61757,98.15,1.81,-68.96,1
13-03-2022 04:00,EDT,CAPITL,61757,99.11,1.16,-79.48,1
13-03-2022 05:00,EDT,CAPITL,61757,104.72,1.2,-85.05,1
13-03-2022 06:00,EDT,CAPITL,61757,111.01,1.09,-91.51,1
13-03-2022 07:00,EDT,CAPITL,61757,115.26,1.18,-95.6,1
13-03-2022 08:00,EDT,CAPITL,61757,111.63,1.63,-87.69,1
13-03-2022 09:00,EDT,CAPITL,61757,115.12,1.43,-93.85,1
13-03-2022 10:00,EDT,CAPITL,61757,105.56,1.34,-85.69,1
13-03-2022 11:00,EDT,CAPITL,61757,103.19,1.31,-83.41,1
13-03-2022 12:00,EDT,CAPITL,61757,98.97,1.2,-79.36,1
13-03-2022 13:00,EDT,CAPITL,61757,93.75,1.06,-75.88,1
13-03-2022 14:00,EDT,CAPITL,61757,89.84,1.09,-70.86,1
13-03-2022 15:00,EDT,CAPITL,61757,90.94,0.96,-74.44,1
13-03-2022 16:00,EDT,CAPITL,61757,97.24,1.13,-77.87,1
13-03-2022 17:00,EDT,CAPITL,61757,106.84,1.07,-89.87,1
13-03-2022 18:00,EDT,CAPITL,61757,138.58,1.83,-111.03,1
13-03-2022 19:00,EDT,CAPITL,61757,135.97,2.24,-102.99,1
13-03-2022 20:00,EDT,CAPITL,61757,121.2,1.42,-100.25,1
13-03-2022 21:00,EDT,CAPITL,61757,113.04,1.25,-93.42,1
13-03-2022 22:00,EDT,CAPITL,61757,105.71,1.17,-86.2,1
13-03-2022 23:00,EDT,CAPITL,61757,103.93,1.14,-84.4,1
14-03-2022 00:00,EDT,CAPITL,61757,85.21,1.32,-64.5,1
14-03-2022 01:00,EDT,CAPITL,61757,81.13,1.32,-60.39,1
14-03-2022 02:00,EDT,CAPITL,61757,83.76,0.97,-68.33,1
14-03-2022 03:00,EDT,CAPITL,61757,82.63,1.15,-64.57,1
14-03-2022 04:00,EDT,CAPITL,61757,82.72,1.34,-62,1
14-03-2022 05:00,EDT,CAPITL,61757,95.62,1.44,-74.71,1
14-03-2022 06:00,EDT,CAPITL,61757,104.73,2.2,-74.29,1
14-03-2022 07:00,EDT,CAPITL,61757,130.82,3.21,-87.98,1
14-03-2022 08:00,EDT,CAPITL,61757,109.7,3.09,-70.72,1
14-03-2022 09:00,EDT,CAPITL,61757,87.49,2.89,-48.01,1
14-03-2022 10:00,EDT,CAPITL,61757,71.83,3.05,-29.68,1
14-03-2022 11:00,EDT,CAPITL,61757,72.24,2.66,-33.6,1
14-03-2022 12:00,EDT,CAPITL,61757,65.61,2.3,-30,1
14-03-2022 13:00,EDT,CAPITL,61757,68.72,1.76,-41.07,1
14-03-2022 14:00,EDT,CAPITL,61757,67.99,1.49,-44.89,1
14-03-2022 15:00,EDT,CAPITL,61757,70.81,1.45,-48.59,1
14-03-2022 16:00,EDT,CAPITL,61757,72.15,1.67,-46.25,1
14-03-2022 17:00,EDT,CAPITL,61757,79.41,1.96,-50.9,1
14-03-2022 18:00,EDT,CAPITL,61757,97.32,2.26,-65.75,1
14-03-2022 19:00,EDT,CAPITL,61757,95.81,2.49,-61.43,1
14-03-2022 20:00,EDT,CAPITL,61757,81.93,2.43,-48.01,1
14-03-2022 21:00,EDT,CAPITL,61757,77.33,1.84,-49.93,1
14-03-2022 22:00,EDT,CAPITL,61757,74.59,1.21,-53.94,1
14-03-2022 23:00,EDT,CAPITL,61757,69.38,1.15,-48.77,1
15-03-2022 00:00,EDT,CAPITL,61757,58.91,1.61,-33.3,1
15-03-2022 01:00,EDT,CAPITL,61757,55.85,1.58,-30.65,1
15-03-2022 02:00,EDT,CAPITL,61757,53.77,1.59,-27.3,1
15-03-2022 03:00,EDT,CAPITL,61757,53.28,1.75,-26.47,1
15-03-2022 04:00,EDT,CAPITL,61757,55.41,1.65,-28.41,1
15-03-2022 05:00,EDT,CAPITL,61757,56.65,2.41,-22.91,1
15-03-2022 06:00,EDT,CAPITL,61757,66.81,2.79,-28.24,1
15-03-2022 07:00,EDT,CAPITL,61757,78.08,3.4,-36.45,1
15-03-2022 08:00,EDT,CAPITL,61757,68.26,3.44,-26.1,1
15-03-2022 09:00,EDT,CAPITL,61757,61.7,3.52,-19.14,1
15-03-2022 10:00,EDT,CAPITL,61757,52.02,3.45,-10.63,1
15-03-2022 11:00,EDT,CAPITL,61757,50.43,3.25,-8.9,1
15-03-2022 12:00,EDT,CAPITL,61757,47.63,3.23,-5.94,1
15-03-2022 13:00,EDT,CAPITL,61757,48.22,3.09,-7.94,1
15-03-2022 14:00,EDT,CAPITL,61757,46.6,2.87,-7.83,1
15-03-2022 15:00,EDT,CAPITL,61757,47.72,2.8,-9.1,1
15-03-2022 16:00,EDT,CAPITL,61757,49.37,2.87,-10.68,1
15-03-2022 17:00,EDT,CAPITL,61757,55.07,2.96,-15.15,1
15-03-2022 18:00,EDT,CAPITL,61757,67.93,2.93,-29.21,1
15-03-2022 19:00,EDT,CAPITL,61757,73.68,3.42,-29.5,1
15-03-2022 20:00,EDT,CAPITL,61757,57.92,3.01,-19.04,1
15-03-2022 21:00,EDT,CAPITL,61757,52.04,2.68,-13.62,1
15-03-2022 22:00,EDT,CAPITL,61757,50.28,2.32,-15.75,1
15-03-2022 23:00,EDT,CAPITL,61757,46.62,2.71,-8.19,1
16-03-2022 00:00,EDT,CAPITL,61757,39.92,2.38,-4.96,1
16-03-2022 01:00,EDT,CAPITL,61757,40.08,2.09,-9.28,1
16-03-2022 02:00,EDT,CAPITL,61757,39.72,1.97,-10.38,1
16-03-2022 03:00,EDT,CAPITL,61757,39.38,2.01,-9.05,1
16-03-2022 04:00,EDT,CAPITL,61757,39,2.36,-3.81,1
16-03-2022 05:00,EDT,CAPITL,61757,41.71,2.62,-5.5,1
16-03-2022 06:00,EDT,CAPITL,61757,52.66,2.8,-14.41,1
16-03-2022 07:00,EDT,CAPITL,61757,72.97,3.84,-25.46,1
16-03-2022 08:00,EDT,CAPITL,61757,64.36,3.12,-25.33,1
16-03-2022 09:00,EDT,CAPITL,61757,51.39,3.08,-12.49,1
16-03-2022 10:00,EDT,CAPITL,61757,46.56,2.72,-10.18,1
16-03-2022 11:00,EDT,CAPITL,61757,44.53,2.34,-12.28,1
16-03-2022 12:00,EDT,CAPITL,61757,42.5,2.29,-10.06,1
16-03-2022 13:00,EDT,CAPITL,61757,42.28,2.05,-12.11,1
16-03-2022 14:00,EDT,CAPITL,61757,43.23,1.99,-13.67,1
16-03-2022 15:00,EDT,CAPITL,61757,43.3,2.07,-12.54,1
16-03-2022 16:00,EDT,CAPITL,61757,45.29,2.17,-14.21,1
16-03-2022 17:00,EDT,CAPITL,61757,50.23,2.34,-17.15,1
16-03-2022 18:00,EDT,CAPITL,61757,63.97,2.53,-29.76,1
16-03-2022 19:00,EDT,CAPITL,61757,72.9,2.93,-34.18,1
16-03-2022 20:00,EDT,CAPITL,61757,63.71,2.66,-29.43,1
16-03-2022 21:00,EDT,CAPITL,61757,51.14,2.09,-23.29,1
16-03-2022 22:00,EDT,CAPITL,61757,51.6,1.29,-32.08,1
16-03-2022 23:00,EDT,CAPITL,61757,47.92,1.22,-28.48,1
17-03-2022 00:00,EDT,CAPITL,61757,47.26,1.22,-27.83,1
17-03-2022 01:00,EDT,CAPITL,61757,45.7,1.14,-26.4,1
17-03-2022 02:00,EDT,CAPITL,61757,46.27,0.83,-32.26,1
17-03-2022 03:00,EDT,CAPITL,61757,46.2,0.79,-33.03,1
17-03-2022 04:00,EDT,CAPITL,61757,48.35,0.82,-35.15,1
17-03-2022 05:00,EDT,CAPITL,61757,47.76,1.42,-28.14,1
17-03-2022 06:00,EDT,CAPITL,61757,64.12,1.26,-46.9,1
17-03-2022 07:00,EDT,CAPITL,61757,76.6,1.64,-54.49,1
17-03-2022 08:00,EDT,CAPITL,61757,75.6,1.44,-55.93,1
17-03-2022 09:00,EDT,CAPITL,61757,67.84,1.48,-48.12,1
17-03-2022 10:00,EDT,CAPITL,61757,58.62,1.6,-36.27,1
17-03-2022 11:00,EDT,CAPITL,61757,55.04,1.54,-32.64,1
17-03-2022 12:00,EDT,CAPITL,61757,51.63,1.59,-27.71,1
17-03-2022 13:00,EDT,CAPITL,61757,52.11,1.4,-30.45,1
17-03-2022 14:00,EDT,CAPITL,61757,51.3,1.22,-31.57,1
17-03-2022 15:00,EDT,CAPITL,61757,51.25,1.21,-31.76,1
17-03-2022 16:00,EDT,CAPITL,61757,55.95,1.24,-36.42,1
17-03-2022 17:00,EDT,CAPITL,61757,60.21,1.26,-40.68,1
17-03-2022 18:00,EDT,CAPITL,61757,66.86,1.51,-42.78,1
17-03-2022 19:00,EDT,CAPITL,61757,71.03,1.94,-40.65,1
17-03-2022 20:00,EDT,CAPITL,61757,64.07,1.86,-35.3,1
17-03-2022 21:00,EDT,CAPITL,61757,51.72,1.14,-34.32,1
17-03-2022 22:00,EDT,CAPITL,61757,48.72,1.18,-29.37,1
17-03-2022 23:00,EDT,CAPITL,61757,51.02,0.75,-37.39,1
18-03-2022 00:00,EDT,CAPITL,61757,41.84,1.64,-13.24,1
18-03-2022 01:00,EDT,CAPITL,61757,40.84,1.5,-14.33,1
18-03-2022 02:00,EDT,CAPITL,61757,39.03,1.47,-12.6,1
18-03-2022 03:00,EDT,CAPITL,61757,39.02,1.6,-12.52,1
18-03-2022 04:00,EDT,CAPITL,61757,40.3,1.6,-13.77,1
18-03-2022 05:00,EDT,CAPITL,61757,40.48,1.94,-10.45,1
18-03-2022 06:00,EDT,CAPITL,61757,49.5,1.84,-21.78,1
18-03-2022 07:00,EDT,CAPITL,61757,61.57,2.9,-20.44,1
18-03-2022 08:00,EDT,CAPITL,61757,57.96,2.8,-19.34,1
18-03-2022 09:00,EDT,CAPITL,61757,50.21,2.65,-11.73,1
18-03-2022 10:00,EDT,CAPITL,61757,43.47,2.69,-4.88,1
18-03-2022 11:00,EDT,CAPITL,61757,40.89,2.58,-2.95,1
18-03-2022 12:00,EDT,CAPITL,61757,39.27,2.58,-1.4,1
18-03-2022 13:00,EDT,CAPITL,61757,38.42,2.43,-2.32,1
18-03-2022 14:00,EDT,CAPITL,61757,39.49,2.37,-5.6,1
18-03-2022 15:00,EDT,CAPITL,61757,40.15,2.24,-7.67,1
18-03-2022 16:00,EDT,CAPITL,61757,41.14,2.43,-6.36,1
18-03-2022 17:00,EDT,CAPITL,61757,46.39,2.69,-9.27,1
18-03-2022 18:00,EDT,CAPITL,61757,54.91,2.66,-17.65,1
18-03-2022 19:00,EDT,CAPITL,61757,60.11,2.76,-21.57,1
18-03-2022 20:00,EDT,CAPITL,61757,50.13,2.67,-11.83,1
18-03-2022 21:00,EDT,CAPITL,61757,44.07,2.02,-15.18,1
18-03-2022 22:00,EDT,CAPITL,61757,46.01,1.56,-19.67,1
18-03-2022 23:00,EDT,CAPITL,61757,46.9,1.25,-24.16,1
19-03-2022 00:00,EDT,CAPITL,61757,47.41,1.12,-25.51,1
19-03-2022 01:00,EDT,CAPITL,61757,45.19,0.97,-24.78,1
19-03-2022 02:00,EDT,CAPITL,61757,45.09,0.89,-27.01,1
19-03-2022 03:00,EDT,CAPITL,61757,46.33,0.69,-32.4,1
19-03-2022 04:00,EDT,CAPITL,61757,45.71,0.68,-31.79,1
19-03-2022 05:00,EDT,CAPITL,61757,45.68,0.7,-31.73,1
19-03-2022 06:00,EDT,CAPITL,61757,53.12,0.71,-39.22,1
19-03-2022 07:00,EDT,CAPITL,61757,60.43,0.85,-44.03,1
19-03-2022 08:00,EDT,CAPITL,61757,69.97,0.89,-54.05,1
19-03-2022 09:00,EDT,CAPITL,61757,74.41,0.98,-57.88,1
19-03-2022 10:00,EDT,CAPITL,61757,68.89,1.15,-49.85,1
19-03-2022 11:00,EDT,CAPITL,61757,70.61,1.01,-54.07,1
19-03-2022 12:00,EDT,CAPITL,61757,68.54,1.23,-48.1,1
19-03-2022 13:00,EDT,CAPITL,61757,63,1.17,-42.38,1
19-03-2022 14:00,EDT,CAPITL,61757,58.84,1.07,-39.56,1
19-03-2022 15:00,EDT,CAPITL,61757,58.92,0.99,-40.51,1
19-03-2022 16:00,EDT,CAPITL,61757,59.78,1.22,-37.8,1
19-03-2022 17:00,EDT,CAPITL,61757,64.7,1.15,-44.11,1
19-03-2022 18:00,EDT,CAPITL,61757,75,1.16,-53.08,1
19-03-2022 19:00,EDT,CAPITL,61757,80.17,1.27,-57.02,1
19-03-2022 20:00,EDT,CAPITL,61757,80.69,1.31,-56.33,1
19-03-2022 21:00,EDT,CAPITL,61757,53.02,1.08,-33.58,1
19-03-2022 22:00,EDT,CAPITL,61757,60.21,0.87,-43.72,1
19-03-2022 23:00,EDT,CAPITL,61757,49.1,1.16,-27.14,1
20-03-2022 00:00,EDT,CAPITL,61757,46.94,1.08,-25.39,1
20-03-2022 01:00,EDT,CAPITL,61757,43.68,0.99,-23.36,1
20-03-2022 02:00,EDT,CAPITL,61757,47.6,0.55,-36.64,1
20-03-2022 03:00,EDT,CAPITL,61757,45.87,0.54,-34.9,1
20-03-2022 04:00,EDT,CAPITL,61757,46.19,0.51,-35.89,1
20-03-2022 05:00,EDT,CAPITL,61757,45.21,0.6,-34.27,1
20-03-2022 06:00,EDT,CAPITL,61757,48.81,0.77,-34.69,1
20-03-2022 07:00,EDT,CAPITL,61757,52.91,0.8,-38.77,1
20-03-2022 08:00,EDT,CAPITL,61757,55.06,1.05,-38.37,1
20-03-2022 09:00,EDT,CAPITL,61757,55.55,1.27,-35.9,1
20-03-2022 10:00,EDT,CAPITL,61757,53.29,1.11,-35.91,1
20-03-2022 11:00,EDT,CAPITL,61757,53.9,1.35,-33.04,1
20-03-2022 12:00,EDT,CAPITL,61757,54.53,1.23,-35.39,1
20-03-2022 13:00,EDT,CAPITL,61757,51.52,1.24,-31.15,1
20-03-2022 14:00,EDT,CAPITL,61757,52.23,1.11,-34.51,1
20-03-2022 15:00,EDT,CAPITL,61757,52.66,1.06,-35.33,1
20-03-2022 16:00,EDT,CAPITL,61757,55.32,1.19,-35.86,1
20-03-2022 17:00,EDT,CAPITL,61757,61.13,1.35,-39.27,1
20-03-2022 18:00,EDT,CAPITL,61757,71,1.39,-49.39,1
20-03-2022 19:00,EDT,CAPITL,61757,77.21,1.51,-55.07,1
20-03-2022 20:00,EDT,CAPITL,61757,75,1.48,-52.95,1
20-03-2022 21:00,EDT,CAPITL,61757,60.16,1.4,-38.19,1
20-03-2022 22:00,EDT,CAPITL,61757,53.94,1.22,-33.43,1
20-03-2022 23:00,EDT,CAPITL,61757,48.62,1.34,-26.43,1
21-03-2022 00:00,EDT,CAPITL,61757,46.63,1.25,-25.47,1
21-03-2022 01:00,EDT,CAPITL,61757,45.19,1.08,-25.79,1
21-03-2022 02:00,EDT,CAPITL,61757,44.13,1.1,-24.76,1
21-03-2022 03:00,EDT,CAPITL,61757,43.72,1.12,-24.32,1
21-03-2022 04:00,EDT,CAPITL,61757,45.19,1.12,-25.77,1
21-03-2022 05:00,EDT,CAPITL,61757,43.96,1.97,-14.2,1
21-03-2022 06:00,EDT,CAPITL,61757,51.6,2.73,-15.54,1
21-03-2022 07:00,EDT,CAPITL,61757,65.29,3.93,-15.16,1
21-03-2022 08:00,EDT,CAPITL,61757,64.03,3.21,-21.75,1
21-03-2022 09:00,EDT,CAPITL,61757,54.59,3.53,-7.01,1
21-03-2022 10:00,EDT,CAPITL,61757,43.4,2.81,-5.94,1
21-03-2022 11:00,EDT,CAPITL,61757,45.54,2.61,-9.93,1
21-03-2022 12:00,EDT,CAPITL,61757,43.3,2.44,-8.3,1
21-03-2022 13:00,EDT,CAPITL,61757,44.19,2.09,-12.61,1
21-03-2022 14:00,EDT,CAPITL,61757,46.88,1.61,-20.86,1
21-03-2022 15:00,EDT,CAPITL,61757,50.87,1.36,-29.22,1
21-03-2022 16:00,EDT,CAPITL,61757,54.88,1.4,-32.86,1
21-03-2022 17:00,EDT,CAPITL,61757,60.76,1.54,-38.17,1
21-03-2022 18:00,EDT,CAPITL,61757,67.86,2.01,-38.26,1
21-03-2022 19:00,EDT,CAPITL,61757,70.04,2.79,-32.33,1
21-03-2022 20:00,EDT,CAPITL,61757,67.6,2.86,-28.95,1
21-03-2022 21:00,EDT,CAPITL,61757,53.44,2.22,-21.22,1
21-03-2022 22:00,EDT,CAPITL,61757,58.35,1.24,-38.88,1
21-03-2022 23:00,EDT,CAPITL,61757,48.71,1.49,-24.59,1
22-03-2022 00:00,EDT,CAPITL,61757,47.66,1.57,-21.12,1
22-03-2022 01:00,EDT,CAPITL,61757,46.22,1.52,-21.71,1
22-03-2022 02:00,EDT,CAPITL,61757,46.12,1.3,-24.26,1
22-03-2022 03:00,EDT,CAPITL,61757,46.31,1.42,-23.67,1
22-03-2022 04:00,EDT,CAPITL,61757,47.92,1.49,-24.49,1
22-03-2022 05:00,EDT,CAPITL,61757,48.53,2.47,-14.73,1
22-03-2022 06:00,EDT,CAPITL,61757,63.51,3.24,-24.68,1
22-03-2022 07:00,EDT,CAPITL,61757,81.66,4.02,-32,1
22-03-2022 08:00,EDT,CAPITL,61757,78,3.89,-30.93,1
22-03-2022 09:00,EDT,CAPITL,61757,60.61,2.97,-21.81,1
22-03-2022 10:00,EDT,CAPITL,61757,46.4,3.08,-6.69,1
22-03-2022 11:00,EDT,CAPITL,61757,43.28,2.9,-4.56,1
22-03-2022 12:00,EDT,CAPITL,61757,40.52,2.94,-1.79,1
22-03-2022 13:00,EDT,CAPITL,61757,40.05,2.74,-3,1
22-03-2022 14:00,EDT,CAPITL,61757,40.48,2.56,-5.18,1
22-03-2022 15:00,EDT,CAPITL,61757,43.43,2.31,-11.15,1
22-03-2022 16:00,EDT,CAPITL,61757,48.89,2.23,-17.28,1
22-03-2022 17:00,EDT,CAPITL,61757,55.23,2.57,-21.64,1
22-03-2022 18:00,EDT,CAPITL,61757,64.93,2.97,-26.18,1
22-03-2022 19:00,EDT,CAPITL,61757,120.11,3.38,-78.33,1
22-03-2022 20:00,EDT,CAPITL,61757,119.45,3.23,-78.64,1
22-03-2022 21:00,EDT,CAPITL,61757,57.96,2.92,-19.8,1
22-03-2022 22:00,EDT,CAPITL,61757,57.13,1.79,-31.44,1
22-03-2022 23:00,EDT,CAPITL,61757,46.9,2.34,-12.46,1
23-03-2022 00:00,EDT,CAPITL,61757,46.99,2.25,-12.53,1
23-03-2022 01:00,EDT,CAPITL,61757,49.43,2.01,-18.76,1
23-03-2022 02:00,EDT,CAPITL,61757,46.07,2.08,-14.31,1
23-03-2022 03:00,EDT,CAPITL,61757,44.71,2.22,-12.9,1
23-03-2022 04:00,EDT,CAPITL,61757,45.56,2.32,-12.64,1
23-03-2022 05:00,EDT,CAPITL,61757,55.57,2.76,-19.97,1
23-03-2022 06:00,EDT,CAPITL,61757,65.82,3.59,-13.67,1
23-03-2022 07:00,EDT,CAPITL,61757,60.46,4.11,0,1
23-03-2022 08:00,EDT,CAPITL,61757,58.15,3.8,0,1
23-03-2022 09:00,EDT,CAPITL,61757,54.46,3,-13.46,1
23-03-2022 10:00,EDT,CAPITL,61757,50.25,2.93,-11.1,1
23-03-2022 11:00,EDT,CAPITL,61757,49.3,2.79,-10.8,1
23-03-2022 12:00,EDT,CAPITL,61757,54.41,2.53,-19.88,1
23-03-2022 13:00,EDT,CAPITL,61757,46.94,2.48,-12.73,1
23-03-2022 14:00,EDT,CAPITL,61757,50.42,2.42,-16.61,1
23-03-2022 15:00,EDT,CAPITL,61757,50.75,2.14,-21.23,1
23-03-2022 16:00,EDT,CAPITL,61757,54.88,1.88,-28.01,1
23-03-2022 17:00,EDT,CAPITL,61757,63.08,1.78,-37.18,1
23-03-2022 18:00,EDT,CAPITL,61757,71,2.48,-35.9,1
23-03-2022 19:00,EDT,CAPITL,61757,79.18,2.55,-42.6,1
23-03-2022 20:00,EDT,CAPITL,61757,71.74,1.93,-43.72,1
23-03-2022 21:00,EDT,CAPITL,61757,61.2,1.09,-44.35,1
23-03-2022 22:00,EDT,CAPITL,61757,56.74,1.07,-39.97,1
23-03-2022 23:00,EDT,CAPITL,61757,53.36,1.32,-33.92,1
24-03-2022 00:00,EDT,CAPITL,61757,51.96,1.17,-31.9,1
24-03-2022 01:00,EDT,CAPITL,61757,48.93,1.15,-29.29,1
24-03-2022 02:00,EDT,CAPITL,61757,48.16,1.19,-28.35,1
24-03-2022 03:00,EDT,CAPITL,61757,46.88,1.24,-26.88,1
24-03-2022 04:00,EDT,CAPITL,61757,48.36,1.26,-28.25,1
24-03-2022 05:00,EDT,CAPITL,61757,51.58,1.34,-31.31,1
24-03-2022 06:00,EDT,CAPITL,61757,73.57,1.45,-51.77,1
24-03-2022 07:00,EDT,CAPITL,61757,75,1.95,-45.19,1
24-03-2022 08:00,EDT,CAPITL,61757,72.47,2.55,-34,1
24-03-2022 09:00,EDT,CAPITL,61757,62.94,1.77,-36.95,1
24-03-2022 10:00,EDT,CAPITL,61757,63.53,1.52,-41.22,1
24-03-2022 11:00,EDT,CAPITL,61757,62.56,1.48,-40.22,1
24-03-2022 12:00,EDT,CAPITL,61757,61.63,1.28,-41.48,1
24-03-2022 13:00,EDT,CAPITL,61757,60.39,1.26,-40.26,1
24-03-2022 14:00,EDT,CAPITL,61757,58.17,1.31,-37.27,1
24-03-2022 15:00,EDT,CAPITL,61757,54.74,1.57,-29.66,1
24-03-2022 16:00,EDT,CAPITL,61757,62.53,1.43,-40.42,1
24-03-2022 17:00,EDT,CAPITL,61757,66.81,1.57,-43.21,1
24-03-2022 18:00,EDT,CAPITL,61757,68.51,2.51,-30.14,1
24-03-2022 19:00,EDT,CAPITL,61757,71.16,2.55,-32.68,1
24-03-2022 20:00,EDT,CAPITL,61757,67.11,2.46,-29.02,1
24-03-2022 21:00,EDT,CAPITL,61757,56.15,1.77,-27.9,1
24-03-2022 22:00,EDT,CAPITL,61757,57.54,1.28,-35.28,1
24-03-2022 23:00,EDT,CAPITL,61757,46.43,1.9,-13.3,1
25-03-2022 00:00,EDT,CAPITL,61757,47.99,1.82,-15.31,1
25-03-2022 01:00,EDT,CAPITL,61757,46.92,1.69,-17.57,1
25-03-2022 02:00,EDT,CAPITL,61757,43.76,1.61,-13.81,1
25-03-2022 03:00,EDT,CAPITL,61757,45.07,1.51,-17.92,1
25-03-2022 04:00,EDT,CAPITL,61757,46.52,1.58,-18.98,1
25-03-2022 05:00,EDT,CAPITL,61757,45.03,1.96,-12.01,1
25-03-2022 06:00,EDT,CAPITL,61757,56.51,2.68,-13.9,1
25-03-2022 07:00,EDT,CAPITL,61757,71.72,2.79,-28.99,1
25-03-2022 08:00,EDT,CAPITL,61757,68.62,2.91,-25.77,1
25-03-2022 09:00,EDT,CAPITL,61757,53.86,3,-10.88,1
25-03-2022 10:00,EDT,CAPITL,61757,47.1,3.3,-3.98,1
25-03-2022 11:00,EDT,CAPITL,61757,45.33,2.94,-5.2,1
25-03-2022 12:00,EDT,CAPITL,61757,44.26,2.86,-5.21,1
25-03-2022 13:00,EDT,CAPITL,61757,44.06,2.81,-6.59,1
25-03-2022 14:00,EDT,CAPITL,61757,42.35,2.75,-4.4,1
25-03-2022 15:00,EDT,CAPITL,61757,41.73,2.93,-2.14,1
25-03-2022 16:00,EDT,CAPITL,61757,45.61,2.86,-6.98,1
25-03-2022 17:00,EDT,CAPITL,61757,50.96,2.84,-12.21,1
25-03-2022 18:00,EDT,CAPITL,61757,60.33,2.95,-17.53,1
25-03-2022 19:00,EDT,CAPITL,61757,75.65,2.75,-37.64,1
25-03-2022 20:00,EDT,CAPITL,61757,66.5,2.77,-26.83,1
25-03-2022 21:00,EDT,CAPITL,61757,47.78,2.71,-9.37,1
25-03-2022 22:00,EDT,CAPITL,61757,52.07,1.93,-23.01,1
25-03-2022 23:00,EDT,CAPITL,61757,48.04,1.79,-17.45,1
26-03-2022 00:00,EDT,CAPITL,61757,60.66,1.07,-42,1
26-03-2022 01:00,EDT,CAPITL,61757,54.08,1.02,-35.46,1
26-03-2022 02:00,EDT,CAPITL,61757,51.26,1.02,-32.43,1
26-03-2022 03:00,EDT,CAPITL,61757,50.8,1.05,-31.93,1
26-03-2022 04:00,EDT,CAPITL,61757,50.05,1.13,-30.04,1
26-03-2022 05:00,EDT,CAPITL,61757,52.51,1.21,-31.81,1
26-03-2022 06:00,EDT,CAPITL,61757,58.83,1.23,-37.51,1
26-03-2022 07:00,EDT,CAPITL,61757,64.42,1.26,-41.1,1
26-03-2022 08:00,EDT,CAPITL,61757,61.62,1.97,-29.31,1
26-03-2022 09:00,EDT,CAPITL,61757,59.86,1.98,-27.43,1
26-03-2022 10:00,EDT,CAPITL,61757,63.46,1.7,-29.62,1
26-03-2022 11:00,EDT,CAPITL,61757,71.34,1.05,-50.07,1
26-03-2022 12:00,EDT,CAPITL,61757,70.51,0.97,-50.97,1
26-03-2022 13:00,EDT,CAPITL,61757,67.75,0.86,-49.39,1
26-03-2022 14:00,EDT,CAPITL,61757,65.14,0.86,-46.78,1
26-03-2022 15:00,EDT,CAPITL,61757,63.89,0.84,-45.55,1
26-03-2022 16:00,EDT,CAPITL,61757,72.87,0.91,-54.52,1
26-03-2022 17:00,EDT,CAPITL,61757,75.4,0.95,-56.94,1
26-03-2022 18:00,EDT,CAPITL,61757,80.25,1.21,-55.37,1
26-03-2022 19:00,EDT,CAPITL,61757,90.08,1.43,-61.62,1
26-03-2022 20:00,EDT,CAPITL,61757,85.04,1.57,-53.23,1
26-03-2022 21:00,EDT,CAPITL,61757,70.39,1.47,-42.24,1
26-03-2022 22:00,EDT,CAPITL,61757,72.6,0.87,-54.25,1
26-03-2022 23:00,EDT,CAPITL,61757,63.52,1.05,-39.7,1
27-03-2022 00:00,EDT,CAPITL,61757,81.57,1.63,-52.29,1
27-03-2022 01:00,EDT,CAPITL,61757,77.8,0.96,-60.35,1
27-03-2022 02:00,EDT,CAPITL,61757,69.91,1.16,-47.64,1
27-03-2022 03:00,EDT,CAPITL,61757,72.9,0.94,-55.18,1
27-03-2022 04:00,EDT,CAPITL,61757,74.06,0.96,-56.34,1
27-03-2022 05:00,EDT,CAPITL,61757,75.54,0.96,-57.82,1
27-03-2022 06:00,EDT,CAPITL,61757,85.7,0.94,-67.98,1
27-03-2022 07:00,EDT,CAPITL,61757,92.7,0.99,-74.93,1
27-03-2022 08:00,EDT,CAPITL,61757,96.61,1.11,-78.66,1
27-03-2022 09:00,EDT,CAPITL,61757,92.1,1.44,-70.04,1
27-03-2022 10:00,EDT,CAPITL,61757,105.56,1.14,-87.84,1
27-03-2022 11:00,EDT,CAPITL,61757,103.85,1.02,-87.91,1
27-03-2022 12:00,EDT,CAPITL,61757,95.91,1.1,-78.59,1
27-03-2022 13:00,EDT,CAPITL,61757,100.2,0.58,-90.68,1
27-03-2022 14:00,EDT,CAPITL,61757,98.93,0.59,-88.84,1
27-03-2022 15:00,EDT,CAPITL,61757,98.38,0.63,-87.38,1
27-03-2022 16:00,EDT,CAPITL,61757,102.81,0.67,-91.76,1
27-03-2022 17:00,EDT,CAPITL,61757,109.12,1,-94.01,1
27-03-2022 18:00,EDT,CAPITL,61757,111.53,1.75,-88.45,1
27-03-2022 19:00,EDT,CAPITL,61757,156.43,3.43,-113.11,1
27-03-2022 20:00,EDT,CAPITL,61757,131.29,3.44,-87.92,1
27-03-2022 21:00,EDT,CAPITL,61757,105,2.66,-70.62,1
27-03-2022 22:00,EDT,CAPITL,61757,101.38,1.33,-83.25,1
27-03-2022 23:00,EDT,CAPITL,61757,97.17,1.86,-72.02,1
28-03-2022 00:00,EDT,CAPITL,61757,106.95,1.86,-82.41,1
28-03-2022 01:00,EDT,CAPITL,61757,105.13,1.49,-85.03,1
28-03-2022 02:00,EDT,CAPITL,61757,97.52,1.75,-73.66,1
28-03-2022 03:00,EDT,CAPITL,61757,97.49,2.22,-67.58,1
28-03-2022 04:00,EDT,CAPITL,61757,102.53,2.94,-62.88,1
28-03-2022 05:00,EDT,CAPITL,61757,120,2.91,-82,1
28-03-2022 06:00,EDT,CAPITL,61757,156.07,5.2,-86.62,1
28-03-2022 07:00,EDT,CAPITL,61757,141.8,7.5,-41.63,1
28-03-2022 08:00,EDT,CAPITL,61757,179.29,6.26,-94.78,1
28-03-2022 09:00,EDT,CAPITL,61757,157.78,4.11,-104.16,1
28-03-2022 10:00,EDT,CAPITL,61757,177.78,3.46,-132.67,1
28-03-2022 11:00,EDT,CAPITL,61757,165.92,3.89,-114,1
28-03-2022 12:00,EDT,CAPITL,61757,122.05,2.71,-83.29,1
28-03-2022 13:00,EDT,CAPITL,61757,123.55,2.36,-89.29,1
28-03-2022 14:00,EDT,CAPITL,61757,123.58,1.86,-96.16,1
28-03-2022 15:00,EDT,CAPITL,61757,125.7,1.82,-99.65,1
28-03-2022 16:00,EDT,CAPITL,61757,128.75,2.06,-98.85,1
28-03-2022 17:00,EDT,CAPITL,61757,153.65,2.16,-124.48,1
28-03-2022 18:00,EDT,CAPITL,61757,226.02,3.26,-182.98,1
28-03-2022 19:00,EDT,CAPITL,61757,235.85,5.33,-165.58,1
28-03-2022 20:00,EDT,CAPITL,61757,231.47,4.95,-166.87,1
28-03-2022 21:00,EDT,CAPITL,61757,191.95,3.38,-148.39,1
28-03-2022 22:00,EDT,CAPITL,61757,166.99,3.03,-126.13,1
28-03-2022 23:00,EDT,CAPITL,61757,148.61,2.69,-113.88,1
29-03-2022 00:00,EDT,CAPITL,61757,176.31,0.38,-170.81,1
29-03-2022 01:00,EDT,CAPITL,61757,159.04,0.3,-154.68,1
29-03-2022 02:00,EDT,CAPITL,61757,149.96,0.41,-144.21,1
29-03-2022 03:00,EDT,CAPITL,61757,152.65,0.39,-147.13,1
29-03-2022 04:00,EDT,CAPITL,61757,158.78,0.54,-151.38,1
29-03-2022 05:00,EDT,CAPITL,61757,167.86,0.69,-158.92,1
29-03-2022 06:00,EDT,CAPITL,61757,207.5,2.55,-174.64,1
29-03-2022 07:00,EDT,CAPITL,61757,216.16,3.87,-165.68,1
29-03-2022 08:00,EDT,CAPITL,61757,201.75,3.39,-156.5,1
29-03-2022 09:00,EDT,CAPITL,61757,170,2.33,-139.95,1
29-03-2022 10:00,EDT,CAPITL,61757,132.01,1.72,-109.32,1
29-03-2022 11:00,EDT,CAPITL,61757,127.7,1.45,-108.11,1
29-03-2022 12:00,EDT,CAPITL,61757,112.61,1.4,-93.08,1
29-03-2022 13:00,EDT,CAPITL,61757,114.23,0.93,-100.88,1
29-03-2022 14:00,EDT,CAPITL,61757,110.51,0.73,-99.47,1
29-03-2022 15:00,EDT,CAPITL,61757,115,0.74,-103.94,1
29-03-2022 16:00,EDT,CAPITL,61757,126,0.71,-114.98,1
29-03-2022 17:00,EDT,CAPITL,61757,141.58,0.65,-132.66,1
29-03-2022 18:00,EDT,CAPITL,61757,160.75,1.51,-141.09,1
29-03-2022 19:00,EDT,CAPITL,61757,189.74,2.37,-158.45,1
29-03-2022 20:00,EDT,CAPITL,61757,177.18,2.4,-145.9,1
29-03-2022 21:00,EDT,CAPITL,61757,134.55,1.41,-115.08,1
29-03-2022 22:00,EDT,CAPITL,61757,123.54,0.78,-112.54,1
29-03-2022 23:00,EDT,CAPITL,61757,114.88,0.86,-102.89,1
30-03-2022 00:00,EDT,CAPITL,61757,120.12,0.41,-114.43,1
30-03-2022 01:00,EDT,CAPITL,61757,111.5,0.42,-105.78,1
30-03-2022 02:00,EDT,CAPITL,61757,108.74,0.42,-103.03,1
30-03-2022 03:00,EDT,CAPITL,61757,109.52,0.42,-103.79,1
30-03-2022 04:00,EDT,CAPITL,61757,116.93,0.53,-109.84,1
30-03-2022 05:00,EDT,CAPITL,61757,149.31,1.71,-129.35,1
30-03-2022 06:00,EDT,CAPITL,61757,158.09,4.93,-95.79,1
30-03-2022 07:00,EDT,CAPITL,61757,149.9,6.35,-67.91,1
30-03-2022 08:00,EDT,CAPITL,61757,122.38,5.3,-52.49,1
30-03-2022 09:00,EDT,CAPITL,61757,138.34,3.28,-95.49,1
30-03-2022 10:00,EDT,CAPITL,61757,77.54,3.16,-37.65,1
30-03-2022 11:00,EDT,CAPITL,61757,72.14,2.58,-38.9,1
30-03-2022 12:00,EDT,CAPITL,61757,69.2,2.24,-39.66,1
30-03-2022 13:00,EDT,CAPITL,61757,68.81,1.75,-44.36,1
30-03-2022 14:00,EDT,CAPITL,61757,66.38,1.78,-42.04,1
30-03-2022 15:00,EDT,CAPITL,61757,68.91,1.62,-46.98,1
30-03-2022 16:00,EDT,CAPITL,61757,69.76,1.71,-47.41,1
30-03-2022 17:00,EDT,CAPITL,61757,84.57,1.31,-67.83,1
30-03-2022 18:00,EDT,CAPITL,61757,97.27,1.53,-77.98,1
30-03-2022 19:00,EDT,CAPITL,61757,119.38,1.83,-96.26,1
30-03-2022 20:00,EDT,CAPITL,61757,104.61,1.26,-88.53,1
30-03-2022 21:00,EDT,CAPITL,61757,100,0.91,-89.02,1
30-03-2022 22:00,EDT,CAPITL,61757,93.17,0.46,-87.44,1
30-03-2022 23:00,EDT,CAPITL,61757,87.99,0.48,-82.22,1
31-03-2022 00:00,EDT,CAPITL,61757,67.32,0.18,-65.01,1
31-03-2022 01:00,EDT,CAPITL,61757,66.21,0.18,-63.91,1
31-03-2022 02:00,EDT,CAPITL,61757,64.54,0.18,-62.24,1
31-03-2022 03:00,EDT,CAPITL,61757,63.54,0.18,-61.24,1
31-03-2022 04:00,EDT,CAPITL,61757,64.52,0.18,-62.24,1
31-03-2022 05:00,EDT,CAPITL,61757,68.04,0.1,-66.68,1
31-03-2022 06:00,EDT,CAPITL,61757,78.46,0.44,-73.01,1
31-03-2022 07:00,EDT,CAPITL,61757,84.06,1.6,-62.95,1
31-03-2022 08:00,EDT,CAPITL,61757,100.98,0.8,-90.1,1
31-03-2022 09:00,EDT,CAPITL,61757,97.1,0.78,-86.54,1
31-03-2022 10:00,EDT,CAPITL,61757,71.33,0.51,-64.3,1
31-03-2022 11:00,EDT,CAPITL,61757,67.24,0.57,-59.61,1
31-03-2022 12:00,EDT,CAPITL,61757,62.57,0.62,-54.35,1
31-03-2022 13:00,EDT,CAPITL,61757,62.32,0.41,-56.68,1
31-03-2022 14:00,EDT,CAPITL,61757,60.8,0.61,-52.24,1
31-03-2022 15:00,EDT,CAPITL,61757,60.64,0.62,-52.02,1
31-03-2022 16:00,EDT,CAPITL,61757,61.57,0.63,-52.93,1
31-03-2022 17:00,EDT,CAPITL,61757,68.97,0.76,-58.52,1
31-03-2022 18:00,EDT,CAPITL,61757,80.07,0.85,-68.47,1
31-03-2022 19:00,EDT,CAPITL,61757,86.11,0.99,-72.38,1
31-03-2022 20:00,EDT,CAPITL,61757,78.35,1.09,-63.24,1
31-03-2022 21:00,EDT,CAPITL,61757,75,1.23,-59.33,1
31-03-2022 22:00,EDT,CAPITL,61757,64.71,0.62,-56.82,1
31-03-2022 23:00,EDT,CAPITL,61757,64.64,0.17,-62.35,1
01-04-2022 00:00,EDT,CAPITL,61757,53.6,0.72,-42.81,1
01-04-2022 01:00,EDT,CAPITL,61757,52.45,0.58,-43.58,1
01-04-2022 02:00,EDT,CAPITL,61757,51.03,0.59,-42.16,1
01-04-2022 03:00,EDT,CAPITL,61757,48.74,0.8,-37.16,1
01-04-2022 04:00,EDT,CAPITL,61757,49.44,1.02,-34.89,1
01-04-2022 05:00,EDT,CAPITL,61757,53.43,0.95,-40.4,1
01-04-2022 06:00,EDT,CAPITL,61757,63.01,1.53,-42.88,1
01-04-2022 07:00,EDT,CAPITL,61757,71.59,2.14,-42.66,1
01-04-2022 08:00,EDT,CAPITL,61757,66.92,2.5,-34.62,1
01-04-2022 09:00,EDT,CAPITL,61757,60.89,1.98,-33.19,1
01-04-2022 10:00,EDT,CAPITL,61757,57.74,1.69,-33.24,1
01-04-2022 11:00,EDT,CAPITL,61757,58.52,1.24,-40.24,1
01-04-2022 12:00,EDT,CAPITL,61757,56.36,1.21,-38.11,1
01-04-2022 13:00,EDT,CAPITL,61757,56.45,1.24,-38.15,1
01-04-2022 14:00,EDT,CAPITL,61757,56.36,1.21,-38.11,1
01-04-2022 15:00,EDT,CAPITL,61757,55.86,1.21,-37.67,1
01-04-2022 16:00,EDT,CAPITL,61757,57.52,1.16,-40.7,1
01-04-2022 17:00,EDT,CAPITL,61757,70.39,1.29,-52.12,1
01-04-2022 18:00,EDT,CAPITL,61757,71.67,1.28,-53.39,1
01-04-2022 19:00,EDT,CAPITL,61757,80.82,1.31,-62.47,1
01-04-2022 20:00,EDT,CAPITL,61757,75.31,1.33,-56.94,1
01-04-2022 21:00,EDT,CAPITL,61757,63.1,1.31,-44.77,1
01-04-2022 22:00,EDT,CAPITL,61757,70.21,1.11,-53.51,1
01-04-2022 23:00,EDT,CAPITL,61757,62.48,1.23,-44.24,1
02-04-2022 00:00,EDT,CAPITL,61757,65.66,1.01,-50.43,1
02-04-2022 01:00,EDT,CAPITL,61757,57.48,1.04,-42.23,1
02-04-2022 02:00,EDT,CAPITL,61757,55.38,1.05,-40.09,1
02-04-2022 03:00,EDT,CAPITL,61757,55.4,1.04,-40.17,1
02-04-2022 04:00,EDT,CAPITL,61757,56.19,1.14,-39.65,1
02-04-2022 05:00,EDT,CAPITL,61757,55.51,1.92,-27.59,1
02-04-2022 06:00,EDT,CAPITL,61757,64.73,1.73,-38.35,1
02-04-2022 07:00,EDT,CAPITL,61757,73.97,1.67,-49.07,1
02-04-2022 08:00,EDT,CAPITL,61757,66.06,2.38,-31.11,1
02-04-2022 09:00,EDT,CAPITL,61757,65.69,1.34,-45.82,1
02-04-2022 10:00,EDT,CAPITL,61757,57.96,1.33,-36.84,1
02-04-2022 11:00,EDT,CAPITL,61757,56.21,0.92,-40.66,1
02-04-2022 12:00,EDT,CAPITL,61757,54.05,0.94,-37.98,1
02-04-2022 13:00,EDT,CAPITL,61757,52.07,0.89,-36.84,1
02-04-2022 14:00,EDT,CAPITL,61757,49.8,0.9,-34.46,1
02-04-2022 15:00,EDT,CAPITL,61757,49.74,0.9,-34.62,1
02-04-2022 16:00,EDT,CAPITL,61757,52.19,0.96,-36.83,1
02-04-2022 17:00,EDT,CAPITL,61757,60.15,0.98,-45.03,1
02-04-2022 18:00,EDT,CAPITL,61757,70.34,1.17,-52.75,1
02-04-2022 19:00,EDT,CAPITL,61757,92.93,1.63,-69.51,1
02-04-2022 20:00,EDT,CAPITL,61757,89.2,1.78,-64.25,1
02-04-2022 21:00,EDT,CAPITL,61757,62.46,2.93,-20.92,1
02-04-2022 22:00,EDT,CAPITL,61757,60.68,2.29,-28.25,1
02-04-2022 23:00,EDT,CAPITL,61757,60.07,2.21,-31.59,1
03-04-2022 00:00,EDT,CAPITL,61757,56.85,3.02,-14.05,1
03-04-2022 01:00,EDT,CAPITL,61757,55.78,2.72,-18.15,1
03-04-2022 02:00,EDT,CAPITL,61757,53.31,2.73,-15.61,1
03-04-2022 03:00,EDT,CAPITL,61757,54.2,2.49,-20.56,1
03-04-2022 04:00,EDT,CAPITL,61757,50.9,2.74,-13.01,1
03-04-2022 05:00,EDT,CAPITL,61757,49.4,3.05,-6.74,1
03-04-2022 06:00,EDT,CAPITL,61757,54.03,3.23,-10.95,1
03-04-2022 07:00,EDT,CAPITL,61757,62.58,2.41,-30.38,1
03-04-2022 08:00,EDT,CAPITL,61757,76.01,2.74,-40.22,1
03-04-2022 09:00,EDT,CAPITL,61757,73.15,3.16,-31.86,1
03-04-2022 10:00,EDT,CAPITL,61757,56.9,2.67,-22.02,1
03-04-2022 11:00,EDT,CAPITL,61757,56.07,2.41,-24.59,1
03-04-2022 12:00,EDT,CAPITL,61757,60.58,1.97,-34.88,1
03-04-2022 13:00,EDT,CAPITL,61757,59.93,1.72,-37.54,1
03-04-2022 14:00,EDT,CAPITL,61757,62.28,1.52,-42.4,1
03-04-2022 15:00,EDT,CAPITL,61757,67.43,1.4,-49.37,1
03-04-2022 16:00,EDT,CAPITL,61757,70.66,1.55,-50.67,1
03-04-2022 17:00,EDT,CAPITL,61757,81.32,1.64,-59.84,1
03-04-2022 18:00,EDT,CAPITL,61757,84.22,1.75,-61.16,1
03-04-2022 19:00,EDT,CAPITL,61757,96.2,3.31,-53.04,1
03-04-2022 20:00,EDT,CAPITL,61757,87.19,3.36,-43.85,1
03-04-2022 21:00,EDT,CAPITL,61757,74.78,3.29,-29.88,1
03-04-2022 22:00,EDT,CAPITL,61757,61.24,3.02,-20.98,1
03-04-2022 23:00,EDT,CAPITL,61757,57.61,2.99,-16.77,1
04-04-2022 00:00,EDT,CAPITL,61757,51.45,2.81,-10.73,1
04-04-2022 01:00,EDT,CAPITL,61757,45.67,3.12,-2.57,1
04-04-2022 02:00,EDT,CAPITL,61757,45.97,3.23,-2.8,1
04-04-2022 03:00,EDT,CAPITL,61757,44.47,3.16,-1.33,1
04-04-2022 04:00,EDT,CAPITL,61757,45,3.24,-1.69,1
04-04-2022 05:00,EDT,CAPITL,61757,49.42,3.7,-2.65,1
04-04-2022 06:00,EDT,CAPITL,61757,63.81,3.65,-15.61,1
04-04-2022 07:00,EDT,CAPITL,61757,71.8,5.13,0,1
04-04-2022 08:00,EDT,CAPITL,61757,71.36,4.63,0.49,1
04-04-2022 09:00,EDT,CAPITL,61757,68.29,3.61,-18.95,1
04-04-2022 10:00,EDT,CAPITL,61757,53.62,3.53,-4.92,1
04-04-2022 11:00,EDT,CAPITL,61757,49.34,3.22,-2.54,1
04-04-2022 12:00,EDT,CAPITL,61757,48.67,2.92,-5.73,1
04-04-2022 13:00,EDT,CAPITL,61757,46.57,2.76,-3.79,1
04-04-2022 14:00,EDT,CAPITL,61757,44.9,2.81,-0.8,1
04-04-2022 15:00,EDT,CAPITL,61757,45.99,2.72,-3.29,1
04-04-2022 16:00,EDT,CAPITL,61757,51.5,3,-8.51,1
04-04-2022 17:00,EDT,CAPITL,61757,60.29,3.04,-17.27,1
04-04-2022 18:00,EDT,CAPITL,61757,75.64,3.04,-32.62,1
04-04-2022 19:00,EDT,CAPITL,61757,83.09,3.44,-36.07,1
04-04-2022 20:00,EDT,CAPITL,61757,83.36,3.52,-36.3,1
04-04-2022 21:00,EDT,CAPITL,61757,69.25,3.32,-24.39,1
04-04-2022 22:00,EDT,CAPITL,61757,56.07,3.32,-12.69,1
04-04-2022 23:00,EDT,CAPITL,61757,53.37,3.31,-10.12,1
05-04-2022 00:00,EDT,CAPITL,61757,50.57,2.51,-13.66,1
05-04-2022 01:00,EDT,CAPITL,61757,44.28,2.92,-1.39,1
05-04-2022 02:00,EDT,CAPITL,61757,44.8,2.92,-1.9,1
05-04-2022 03:00,EDT,CAPITL,61757,45.04,2.91,-2.19,1
05-04-2022 04:00,EDT,CAPITL,61757,46.19,3.09,-3.04,1
05-04-2022 05:00,EDT,CAPITL,61757,52.65,3.66,-3.78,1
05-04-2022 06:00,EDT,CAPITL,61757,72.62,4.56,0,1
05-04-2022 07:00,EDT,CAPITL,61757,77.34,4.45,0,1
05-04-2022 08:00,EDT,CAPITL,61757,68.51,4.06,0,1
05-04-2022 09:00,EDT,CAPITL,61757,55.93,3.83,1,1
05-04-2022 10:00,EDT,CAPITL,61757,49.14,3.45,-0.21,1
05-04-2022 11:00,EDT,CAPITL,61757,47.19,3.27,-0.32,1
05-04-2022 12:00,EDT,CAPITL,61757,47.18,3.11,-0.88,1
05-04-2022 13:00,EDT,CAPITL,61757,48.75,2.86,-3.16,1
05-04-2022 14:00,EDT,CAPITL,61757,48.6,2.82,-4.26,1
05-04-2022 15:00,EDT,CAPITL,61757,49.67,2.72,-6.97,1
05-04-2022 16:00,EDT,CAPITL,61757,53.77,2.81,-11.42,1
05-04-2022 17:00,EDT,CAPITL,61757,61.31,2.9,-19.18,1
05-04-2022 18:00,EDT,CAPITL,61757,76.53,1.93,-48.21,1
05-04-2022 19:00,EDT,CAPITL,61757,81.46,3.1,-38.12,1
05-04-2022 20:00,EDT,CAPITL,61757,77.29,3.17,-31.84,1
05-04-2022 21:00,EDT,CAPITL,61757,63.23,2.36,-28.08,1
05-04-2022 22:00,EDT,CAPITL,61757,60.15,1.57,-36.19,1
05-04-2022 23:00,EDT,CAPITL,61757,59.4,1.05,-41.67,1
06-04-2022 00:00,EDT,CAPITL,61757,48.92,2.52,-6.42,1
06-04-2022 01:00,EDT,CAPITL,61757,45.34,2.47,-2.97,1
06-04-2022 02:00,EDT,CAPITL,61757,44.89,2.47,-2.52,1
06-04-2022 03:00,EDT,CAPITL,61757,44.58,2.51,-2.21,1
06-04-2022 04:00,EDT,CAPITL,61757,45.3,2.59,-2.85,1
06-04-2022 05:00,EDT,CAPITL,61757,49.46,2.96,-6.43,1
06-04-2022 06:00,EDT,CAPITL,61757,62.34,4.3,0,1
06-04-2022 07:00,EDT,CAPITL,61757,71.31,4.37,-8.75,1
06-04-2022 08:00,EDT,CAPITL,61757,68.96,4.33,0,1
06-04-2022 09:00,EDT,CAPITL,61757,67.06,3.56,-13.39,1
06-04-2022 10:00,EDT,CAPITL,61757,62.01,3.31,-12.74,1
06-04-2022 11:00,EDT,CAPITL,61757,60.08,3.15,-12.52,1
06-04-2022 12:00,EDT,CAPITL,61757,58.81,3,-12.92,1
06-04-2022 13:00,EDT,CAPITL,61757,57.59,3.01,-11.55,1
06-04-2022 14:00,EDT,CAPITL,61757,55.35,2.85,-11.21,1
06-04-2022 15:00,EDT,CAPITL,61757,57.94,2.72,-15.19,1
06-04-2022 16:00,EDT,CAPITL,61757,62.76,2.76,-19.98,1
06-04-2022 17:00,EDT,CAPITL,61757,69.09,2.8,-26.31,1
06-04-2022 18:00,EDT,CAPITL,61757,77.58,3.06,-30.82,1
06-04-2022 19:00,EDT,CAPITL,61757,79.73,3.96,-20.07,1
06-04-2022 20:00,EDT,CAPITL,61757,71.55,3.87,-10.83,1
06-04-2022 21:00,EDT,CAPITL,61757,59.95,2.76,-17.22,1
06-04-2022 22:00,EDT,CAPITL,61757,58.33,1.85,-23.41,1
06-04-2022 23:00,EDT,CAPITL,61757,56.21,1.45,-27.32,1
07-04-2022 00:00,EDT,CAPITL,61757,58.42,2.43,-17.97,1
07-04-2022 01:00,EDT,CAPITL,61757,56.61,2.42,-15.84,1
07-04-2022 02:00,EDT,CAPITL,61757,55.04,2.52,-12.58,1
07-04-2022 03:00,EDT,CAPITL,61757,55.4,2.53,-13.39,1
07-04-2022 04:00,EDT,CAPITL,61757,55.53,2.57,-14.06,1
07-04-2022 05:00,EDT,CAPITL,61757,57.12,3.04,-13.64,1
07-04-2022 06:00,EDT,CAPITL,61757,72.95,4.52,-12,1
07-04-2022 07:00,EDT,CAPITL,61757,83.36,4.07,-26.47,1
07-04-2022 08:00,EDT,CAPITL,61757,81.17,5.26,-9.25,1
07-04-2022 09:00,EDT,CAPITL,61757,85.68,4.63,-20.86,1
07-04-2022 10:00,EDT,CAPITL,61757,80.32,4.24,-21.79,1
07-04-2022 11:00,EDT,CAPITL,61757,81.83,3.8,-30.57,1
07-04-2022 12:00,EDT,CAPITL,61757,79.05,3.57,-29.72,1
07-04-2022 13:00,EDT,CAPITL,61757,77.45,3.79,-26.91,1
07-04-2022 14:00,EDT,CAPITL,61757,72.87,3.51,-24.45,1
07-04-2022 15:00,EDT,CAPITL,61757,73.03,3.47,-25.06,1
07-04-2022 16:00,EDT,CAPITL,61757,72.82,4.12,-16.54,1
07-04-2022 17:00,EDT,CAPITL,61757,81.63,4.38,-23.86,1
07-04-2022 18:00,EDT,CAPITL,61757,85.27,4.25,-28.52,1
07-04-2022 19:00,EDT,CAPITL,61757,87.18,5.12,-18.81,1
07-04-2022 20:00,EDT,CAPITL,61757,79.87,5.19,-10.64,1
07-04-2022 21:00,EDT,CAPITL,61757,72.57,3.51,-24.65,1
07-04-2022 22:00,EDT,CAPITL,61757,64.52,3.49,-16.9,1
07-04-2022 23:00,EDT,CAPITL,61757,56.55,3.23,-10.81,1
08-04-2022 00:00,EDT,CAPITL,61757,54.91,3.59,-4.06,1
08-04-2022 01:00,EDT,CAPITL,61757,53.56,3.34,-5.74,1
08-04-2022 02:00,EDT,CAPITL,61757,54.31,3.19,-8.66,1
08-04-2022 03:00,EDT,CAPITL,61757,53.96,3.19,-8.82,1
08-04-2022 04:00,EDT,CAPITL,61757,53.74,3.44,-5.69,1
08-04-2022 05:00,EDT,CAPITL,61757,56.7,3.68,-6.44,1
08-04-2022 06:00,EDT,CAPITL,61757,70.36,5.12,-0.47,1
08-04-2022 07:00,EDT,CAPITL,61757,84.83,5.23,-13.41,1
08-04-2022 08:00,EDT,CAPITL,61757,82.02,6.15,-0.91,1
08-04-2022 09:00,EDT,CAPITL,61757,82.47,5.59,-7.03,1
08-04-2022 10:00,EDT,CAPITL,61757,74.78,5.23,-0.64,1
08-04-2022 11:00,EDT,CAPITL,61757,67.99,4.76,-0.57,1
08-04-2022 12:00,EDT,CAPITL,61757,68.89,3.83,-13.37,1
08-04-2022 13:00,EDT,CAPITL,61757,67.88,3.78,-12.22,1
08-04-2022 14:00,EDT,CAPITL,61757,66.03,3.5,-13.93,1
08-04-2022 15:00,EDT,CAPITL,61757,67.4,3.24,-19.78,1
08-04-2022 16:00,EDT,CAPITL,61757,68.34,3.27,-20.3,1
08-04-2022 17:00,EDT,CAPITL,61757,71.63,3.84,-19.23,1
08-04-2022 18:00,EDT,CAPITL,61757,84.13,3.72,-33.96,1
08-04-2022 19:00,EDT,CAPITL,61757,87.45,4.17,-31.22,1
08-04-2022 20:00,EDT,CAPITL,61757,83.98,4.31,-25.15,1
08-04-2022 21:00,EDT,CAPITL,61757,72.43,4.01,-20.12,1
08-04-2022 22:00,EDT,CAPITL,61757,69.64,3.45,-20.82,1
08-04-2022 23:00,EDT,CAPITL,61757,61.72,3.54,-14.02,1
09-04-2022 00:00,EDT,CAPITL,61757,57.51,2.56,-14.31,1
09-04-2022 01:00,EDT,CAPITL,61757,56.05,2.55,-13.64,1
09-04-2022 02:00,EDT,CAPITL,61757,54.51,2.51,-12.14,1
09-04-2022 03:00,EDT,CAPITL,61757,54.28,2.51,-11.87,1
09-04-2022 04:00,EDT,CAPITL,61757,54.52,2.52,-12.06,1
09-04-2022 05:00,EDT,CAPITL,61757,55.02,2.7,-11.45,1
09-04-2022 06:00,EDT,CAPITL,61757,65.07,2.81,-18.34,1
09-04-2022 07:00,EDT,CAPITL,61757,74.34,2.73,-28.25,1
09-04-2022 08:00,EDT,CAPITL,61757,74.57,3.28,-21.65,1
09-04-2022 09:00,EDT,CAPITL,61757,74.87,3.2,-22.47,1
09-04-2022 10:00,EDT,CAPITL,61757,65.47,2.87,-14.74,1
09-04-2022 11:00,EDT,CAPITL,61757,65,2.6,-17.57,1
09-04-2022 12:00,EDT,CAPITL,61757,62.42,2.45,-16.91,1
09-04-2022 13:00,EDT,CAPITL,61757,60.97,2.3,-18.25,1
09-04-2022 14:00,EDT,CAPITL,61757,57.57,2.29,-15.04,1
09-04-2022 15:00,EDT,CAPITL,61757,57.22,2.32,-14.92,1
09-04-2022 16:00,EDT,CAPITL,61757,63.09,2.67,-20.57,1
09-04-2022 17:00,EDT,CAPITL,61757,69.56,2.91,-26.8,1
09-04-2022 18:00,EDT,CAPITL,61757,82.18,2.88,-39.37,1
09-04-2022 19:00,EDT,CAPITL,61757,88.92,3.14,-43.39,1
09-04-2022 20:00,EDT,CAPITL,61757,90.84,3.3,-44.1,1
09-04-2022 21:00,EDT,CAPITL,61757,73.74,3.23,-28.03,1
09-04-2022 22:00,EDT,CAPITL,61757,67.87,2.84,-25.05,1
09-04-2022 23:00,EDT,CAPITL,61757,64.57,2.76,-21.8,1
10-04-2022 00:00,EDT,CAPITL,61757,64.37,3.01,-18.95,1
10-04-2022 01:00,EDT,CAPITL,61757,60.5,2.92,-17.51,1
10-04-2022 02:00,EDT,CAPITL,61757,60.01,2.88,-17.1,1
10-04-2022 03:00,EDT,CAPITL,61757,59.01,2.88,-16.15,1
10-04-2022 04:00,EDT,CAPITL,61757,58.02,2.92,-15.03,1
10-04-2022 05:00,EDT,CAPITL,61757,58.9,3,-15.31,1
10-04-2022 06:00,EDT,CAPITL,61757,63.43,3.27,-17.15,1
10-04-2022 07:00,EDT,CAPITL,61757,71.47,2.96,-28.49,1
10-04-2022 08:00,EDT,CAPITL,61757,76.61,2.85,-33.66,1
10-04-2022 09:00,EDT,CAPITL,61757,77.54,2.79,-34.35,1
10-04-2022 10:00,EDT,CAPITL,61757,69.48,2.61,-26.77,1
10-04-2022 11:00,EDT,CAPITL,61757,72.01,2.64,-29.3,1
10-04-2022 12:00,EDT,CAPITL,61757,68.51,2.64,-25.93,1
10-04-2022 13:00,EDT,CAPITL,61757,63.86,2.58,-21.5,1
10-04-2022 14:00,EDT,CAPITL,61757,62.52,2.56,-20.54,1
10-04-2022 15:00,EDT,CAPITL,61757,65.17,2.5,-23.7,1
10-04-2022 16:00,EDT,CAPITL,61757,64.49,2.81,-22.71,1
10-04-2022 17:00,EDT,CAPITL,61757,78.26,3.33,-34.74,1
10-04-2022 18:00,EDT,CAPITL,61757,92.91,3.45,-49.36,1
10-04-2022 19:00,EDT,CAPITL,61757,105.74,4.33,-52.77,1
10-04-2022 20:00,EDT,CAPITL,61757,120,4.77,-61.07,1
10-04-2022 21:00,EDT,CAPITL,61757,89.36,3.99,-40.09,1
10-04-2022 22:00,EDT,CAPITL,61757,73.77,3.87,-23.89,1
10-04-2022 23:00,EDT,CAPITL,61757,66.06,3.59,-18.17,1
11-04-2022 00:00,EDT,CAPITL,61757,63.5,3.16,-20.88,1
11-04-2022 01:00,EDT,CAPITL,61757,61.39,2.7,-25.39,1
11-04-2022 02:00,EDT,CAPITL,61757,63.12,2.15,-32.73,1
11-04-2022 03:00,EDT,CAPITL,61757,62.61,2.45,-28.31,1
11-04-2022 04:00,EDT,CAPITL,61757,62.62,2.74,-24.83,1
11-04-2022 05:00,EDT,CAPITL,61757,65.19,3.38,-21.99,1
11-04-2022 06:00,EDT,CAPITL,61757,79.79,3.68,-32.78,1
11-04-2022 07:00,EDT,CAPITL,61757,90.25,4.33,-30.49,1
11-04-2022 08:00,EDT,CAPITL,61757,83.53,3.72,-28.24,1
11-04-2022 09:00,EDT,CAPITL,61757,77.15,2.8,-34.37,1
11-04-2022 10:00,EDT,CAPITL,61757,68.48,2.59,-26.08,1
11-04-2022 11:00,EDT,CAPITL,61757,65.32,2.42,-23.16,1
11-04-2022 12:00,EDT,CAPITL,61757,60.89,2.51,-18.61,1
11-04-2022 13:00,EDT,CAPITL,61757,57,2.46,-14.84,1
11-04-2022 14:00,EDT,CAPITL,61757,60.22,2.34,-18.29,1
11-04-2022 15:00,EDT,CAPITL,61757,61.98,2.22,-22.06,1
11-04-2022 16:00,EDT,CAPITL,61757,68.9,2.39,-27.93,1
11-04-2022 17:00,EDT,CAPITL,61757,81.01,2.48,-40.92,1
11-04-2022 18:00,EDT,CAPITL,61757,89.89,2.7,-47.54,1
11-04-2022 19:00,EDT,CAPITL,61757,105.02,3.03,-62.13,1
11-04-2022 20:00,EDT,CAPITL,61757,98.51,2.98,-55.75,1
11-04-2022 21:00,EDT,CAPITL,61757,84.9,2.32,-47.89,1
11-04-2022 22:00,EDT,CAPITL,61757,76.81,1.22,-57.6,1
11-04-2022 23:00,EDT,CAPITL,61757,68.69,1.3,-47.92,1
12-04-2022 00:00,EDT,CAPITL,61757,63,1.12,-45.57,1
12-04-2022 01:00,EDT,CAPITL,61757,59.09,1.12,-41.68,1
12-04-2022 02:00,EDT,CAPITL,61757,58.73,1.14,-41.32,1
12-04-2022 03:00,EDT,CAPITL,61757,58.71,1.16,-41.25,1
12-04-2022 04:00,EDT,CAPITL,61757,56.99,1.59,-33.87,1
12-04-2022 05:00,EDT,CAPITL,61757,60.82,2.26,-28.4,1
12-04-2022 06:00,EDT,CAPITL,61757,79.16,3.76,-25.84,1
12-04-2022 07:00,EDT,CAPITL,61757,89.31,4.14,-28.41,1
12-04-2022 08:00,EDT,CAPITL,61757,79.82,4.2,-18.02,1
12-04-2022 09:00,EDT,CAPITL,61757,72.95,3.88,-13.65,1
12-04-2022 10:00,EDT,CAPITL,61757,70.35,2.85,-25.62,1
12-04-2022 11:00,EDT,CAPITL,61757,71.75,2.42,-34.21,1
12-04-2022 12:00,EDT,CAPITL,61757,70.74,2.31,-33.93,1
12-04-2022 13:00,EDT,CAPITL,61757,69.33,2.13,-34.36,1
12-04-2022 14:00,EDT,CAPITL,61757,69.16,1.84,-37.61,1
12-04-2022 15:00,EDT,CAPITL,61757,69.69,1.94,-36.97,1
12-04-2022 16:00,EDT,CAPITL,61757,79.39,1.88,-49.04,1
12-04-2022 17:00,EDT,CAPITL,61757,83.36,2.15,-49.19,1
12-04-2022 18:00,EDT,CAPITL,61757,91.55,2.15,-57.32,1
12-04-2022 19:00,EDT,CAPITL,61757,97.04,2.75,-54.39,1
12-04-2022 20:00,EDT,CAPITL,61757,91.35,2.71,-48.73,1
12-04-2022 21:00,EDT,CAPITL,61757,79.62,2.13,-44.19,1
12-04-2022 22:00,EDT,CAPITL,61757,67.7,1.57,-40.33,1
12-04-2022 23:00,EDT,CAPITL,61757,66.83,1.1,-45.26,1
13-04-2022 00:00,EDT,CAPITL,61757,59.29,0.98,-41.91,1
13-04-2022 01:00,EDT,CAPITL,61757,58.15,0.94,-40.91,1
13-04-2022 02:00,EDT,CAPITL,61757,56.38,0.94,-39.16,1
13-04-2022 03:00,EDT,CAPITL,61757,55.22,0.96,-37.96,1
13-04-2022 04:00,EDT,CAPITL,61757,57.31,0.96,-40.03,1
13-04-2022 05:00,EDT,CAPITL,61757,61.18,1.03,-43.52,1
13-04-2022 06:00,EDT,CAPITL,61757,68.87,3.34,-20.96,1
13-04-2022 07:00,EDT,CAPITL,61757,81.85,3.17,-34.7,1
13-04-2022 08:00,EDT,CAPITL,61757,80.06,3.09,-32.86,1
13-04-2022 09:00,EDT,CAPITL,61757,70.25,3.08,-22.52,1
13-04-2022 10:00,EDT,CAPITL,61757,69.29,2.52,-27.4,1
13-04-2022 11:00,EDT,CAPITL,61757,69.78,1.5,-45.85,1
13-04-2022 12:00,EDT,CAPITL,61757,72.64,1.41,-49.86,1
13-04-2022 13:00,EDT,CAPITL,61757,72.47,1.4,-49.58,1
13-04-2022 14:00,EDT,CAPITL,61757,72.18,1.31,-50.78,1
13-04-2022 15:00,EDT,CAPITL,61757,74.39,1.24,-54.4,1
13-04-2022 16:00,EDT,CAPITL,61757,76.8,1.49,-51.67,1
13-04-2022 17:00,EDT,CAPITL,61757,81.81,2.14,-48.22,1
13-04-2022 18:00,EDT,CAPITL,61757,94.71,1.24,-74.9,1
13-04-2022 19:00,EDT,CAPITL,61757,102.43,1.9,-73.82,1
13-04-2022 20:00,EDT,CAPITL,61757,95.73,2.46,-57.63,1
13-04-2022 21:00,EDT,CAPITL,61757,77.21,1.33,-56.25,1
13-04-2022 22:00,EDT,CAPITL,61757,68.58,1.06,-51.22,1
13-04-2022 23:00,EDT,CAPITL,61757,64.6,0.94,-48.46,1
14-04-2022 00:00,EDT,CAPITL,61757,64.15,0.77,-49.39,1
14-04-2022 01:00,EDT,CAPITL,61757,60.06,0.74,-45.34,1
14-04-2022 02:00,EDT,CAPITL,61757,59.62,0.75,-44.93,1
14-04-2022 03:00,EDT,CAPITL,61757,59.31,0.74,-44.62,1
14-04-2022 04:00,EDT,CAPITL,61757,60.04,0.75,-45.3,1
14-04-2022 05:00,EDT,CAPITL,61757,63.17,0.81,-48.32,1
14-04-2022 06:00,EDT,CAPITL,61757,68.98,1.8,-40.69,1
14-04-2022 07:00,EDT,CAPITL,61757,85.71,1.34,-64.11,1
14-04-2022 08:00,EDT,CAPITL,61757,83.18,1.66,-55.95,1
14-04-2022 09:00,EDT,CAPITL,61757,80.94,1.34,-58.4,1
14-04-2022 10:00,EDT,CAPITL,61757,81.29,1.15,-61.35,1
14-04-2022 11:00,EDT,CAPITL,61757,85.28,0.99,-68,1
14-04-2022 12:00,EDT,CAPITL,61757,88.9,0.98,-71.64,1
14-04-2022 13:00,EDT,CAPITL,61757,89.13,0.98,-71.89,1
14-04-2022 14:00,EDT,CAPITL,61757,93.68,0.84,-78.85,1
14-04-2022 15:00,EDT,CAPITL,61757,96.55,0.84,-81.74,1
14-04-2022 16:00,EDT,CAPITL,61757,97.57,0.85,-82.74,1
14-04-2022 17:00,EDT,CAPITL,61757,97.99,0.9,-83.09,1
14-04-2022 18:00,EDT,CAPITL,61757,106.37,0.89,-91.42,1
14-04-2022 19:00,EDT,CAPITL,61757,113.53,1.06,-96.13,1
14-04-2022 20:00,EDT,CAPITL,61757,103.36,1.06,-85.94,1
14-04-2022 21:00,EDT,CAPITL,61757,85.09,1.03,-67.75,1
14-04-2022 22:00,EDT,CAPITL,61757,70.86,1,-53.51,1
14-04-2022 23:00,EDT,CAPITL,61757,67.95,0.76,-53.11,1
15-04-2022 00:00,EDT,CAPITL,61757,62.84,0.99,-44.54,1
15-04-2022 01:00,EDT,CAPITL,61757,62.59,0.95,-44.33,1
15-04-2022 02:00,EDT,CAPITL,61757,59.76,0.94,-42.02,1
15-04-2022 03:00,EDT,CAPITL,61757,59.16,0.98,-41.36,1
15-04-2022 04:00,EDT,CAPITL,61757,58.89,0.99,-40.57,1
15-04-2022 05:00,EDT,CAPITL,61757,61.14,1.09,-42.72,1
15-04-2022 06:00,EDT,CAPITL,61757,67.8,1.33,-46.03,1
15-04-2022 07:00,EDT,CAPITL,61757,82.76,1.41,-58.69,1
15-04-2022 08:00,EDT,CAPITL,61757,79.8,1.53,-53.27,1
15-04-2022 09:00,EDT,CAPITL,61757,74.77,1.25,-53.05,1
15-04-2022 10:00,EDT,CAPITL,61757,71.49,0.97,-53.18,1
15-04-2022 11:00,EDT,CAPITL,61757,72.42,0.94,-54.7,1
15-04-2022 12:00,EDT,CAPITL,61757,71.78,0.92,-54.06,1
15-04-2022 13:00,EDT,CAPITL,61757,71.62,0.91,-53.91,1
15-04-2022 14:00,EDT,CAPITL,61757,69.16,0.91,-51.45,1
15-04-2022 15:00,EDT,CAPITL,61757,71.75,0.89,-54.06,1
15-04-2022 16:00,EDT,CAPITL,61757,75.13,0.92,-57.71,1
15-04-2022 17:00,EDT,CAPITL,61757,78.57,0.96,-61.12,1
15-04-2022 18:00,EDT,CAPITL,61757,89.68,0.98,-72.28,1
15-04-2022 19:00,EDT,CAPITL,61757,100.31,1.11,-82.36,1
15-04-2022 20:00,EDT,CAPITL,61757,96.45,1.05,-78.44,1
15-04-2022 21:00,EDT,CAPITL,61757,77.19,1.06,-59.31,1
15-04-2022 22:00,EDT,CAPITL,61757,71.04,1.03,-53.19,1
15-04-2022 23:00,EDT,CAPITL,61757,66.11,0.96,-47.99,1
16-04-2022 00:00,EDT,CAPITL,61757,75.67,0.38,-68.43,1
16-04-2022 01:00,EDT,CAPITL,61757,67.62,0.44,-58.93,1
16-04-2022 02:00,EDT,CAPITL,61757,65.8,0.55,-54.95,1
16-04-2022 03:00,EDT,CAPITL,61757,62.98,0.68,-49.01,1
16-04-2022 04:00,EDT,CAPITL,61757,61.6,0.75,-46.09,1
16-04-2022 05:00,EDT,CAPITL,61757,62.2,0.94,-43.75,1
16-04-2022 06:00,EDT,CAPITL,61757,66.28,1.21,-44.17,1
16-04-2022 07:00,EDT,CAPITL,61757,70.17,1.53,-43.91,1
16-04-2022 08:00,EDT,CAPITL,61757,76.48,1.81,-47.66,1
16-04-2022 09:00,EDT,CAPITL,61757,74.57,1.83,-45.07,1
16-04-2022 10:00,EDT,CAPITL,61757,75.11,1.68,-48.37,1
16-04-2022 11:00,EDT,CAPITL,61757,76.23,1.14,-57.52,1
16-04-2022 12:00,EDT,CAPITL,61757,73.2,1.09,-54.61,1
16-04-2022 13:00,EDT,CAPITL,61757,72.45,1.03,-53.94,1
16-04-2022 14:00,EDT,CAPITL,61757,71.48,1.03,-52.99,1
16-04-2022 15:00,EDT,CAPITL,61757,69.78,1.01,-51.33,1
16-04-2022 16:00,EDT,CAPITL,61757,71.82,1.08,-53.26,1
16-04-2022 17:00,EDT,CAPITL,61757,76.75,1.12,-58.12,1
16-04-2022 18:00,EDT,CAPITL,61757,83.2,1.29,-60.42,1
16-04-2022 19:00,EDT,CAPITL,61757,96.05,1.57,-69.59,1
16-04-2022 20:00,EDT,CAPITL,61757,96.75,1.55,-70.19,1
16-04-2022 21:00,EDT,CAPITL,61757,77.18,1.6,-50.54,1
16-04-2022 22:00,EDT,CAPITL,61757,70.42,1.6,-43.81,1
16-04-2022 23:00,EDT,CAPITL,61757,68.91,1.53,-42.32,1
17-04-2022 00:00,EDT,CAPITL,61757,68.36,1.6,-41.79,1
17-04-2022 01:00,EDT,CAPITL,61757,67.12,1.1,-48.58,1
17-04-2022 02:00,EDT,CAPITL,61757,65.68,1.12,-47.11,1
17-04-2022 03:00,EDT,CAPITL,61757,62.58,1.22,-40.97,1
17-04-2022 04:00,EDT,CAPITL,61757,62.24,1.2,-40.68,1
17-04-2022 05:00,EDT,CAPITL,61757,64.17,1.06,-45.66,1
17-04-2022 06:00,EDT,CAPITL,61757,68.53,1.05,-50.03,1
17-04-2022 07:00,EDT,CAPITL,61757,73.24,1.06,-54.78,1
17-04-2022 08:00,EDT,CAPITL,61757,75.16,1.35,-52.1,1
17-04-2022 09:00,EDT,CAPITL,61757,69.95,1.38,-45.48,1
17-04-2022 10:00,EDT,CAPITL,61757,73.35,1.01,-54.91,1
17-04-2022 11:00,EDT,CAPITL,61757,74.39,1.01,-55.99,1
17-04-2022 12:00,EDT,CAPITL,61757,69.4,0.93,-51.87,1
17-04-2022 13:00,EDT,CAPITL,61757,68.06,0.92,-50.73,1
17-04-2022 14:00,EDT,CAPITL,61757,68.29,0.83,-52.01,1
17-04-2022 15:00,EDT,CAPITL,61757,67.99,0.9,-50.65,1
17-04-2022 16:00,EDT,CAPITL,61757,69.08,0.93,-52.17,1
17-04-2022 17:00,EDT,CAPITL,61757,75.53,1.02,-57.86,1
17-04-2022 18:00,EDT,CAPITL,61757,84.9,1.08,-66.35,1
17-04-2022 19:00,EDT,CAPITL,61757,102.56,1.65,-75.92,1
17-04-2022 20:00,EDT,CAPITL,61757,111.09,1.77,-83.34,1
17-04-2022 21:00,EDT,CAPITL,61757,85.1,1.74,-57.01,1
17-04-2022 22:00,EDT,CAPITL,61757,76.69,1.55,-50.1,1
17-04-2022 23:00,EDT,CAPITL,61757,68.44,1.99,-33.26,1
18-04-2022 00:00,EDT,CAPITL,61757,67.45,1.62,-40.82,1
18-04-2022 01:00,EDT,CAPITL,61757,64.77,1.61,-39.1,1
18-04-2022 02:00,EDT,CAPITL,61757,62.82,1.61,-36.77,1
18-04-2022 03:00,EDT,CAPITL,61757,62.27,1.68,-35.56,1
18-04-2022 04:00,EDT,CAPITL,61757,63.95,1.73,-37.2,1
18-04-2022 05:00,EDT,CAPITL,61757,62.74,2.65,-20.01,1
18-04-2022 06:00,EDT,CAPITL,61757,76.51,3.05,-28.63,1
18-04-2022 07:00,EDT,CAPITL,61757,89.33,3.17,-40.22,1
18-04-2022 08:00,EDT,CAPITL,61757,91.08,3.32,-42.25,1
18-04-2022 09:00,EDT,CAPITL,61757,76.01,3.14,-28.69,1
18-04-2022 10:00,EDT,CAPITL,61757,74.49,3,-27.33,1
18-04-2022 11:00,EDT,CAPITL,61757,77.38,2.26,-41.39,1
18-04-2022 12:00,EDT,CAPITL,61757,76.38,2.01,-43.83,1
18-04-2022 13:00,EDT,CAPITL,61757,75.85,2.02,-43.27,1
18-04-2022 14:00,EDT,CAPITL,61757,76.25,1.78,-46.76,1
18-04-2022 15:00,EDT,CAPITL,61757,78.72,1.73,-50.76,1
18-04-2022 16:00,EDT,CAPITL,61757,86.92,1.68,-60.16,1
18-04-2022 17:00,EDT,CAPITL,61757,91.91,1.92,-62.97,1
18-04-2022 18:00,EDT,CAPITL,61757,108.62,1.78,-81.78,1
18-04-2022 19:00,EDT,CAPITL,61757,114.71,2.48,-79.2,1
18-04-2022 20:00,EDT,CAPITL,61757,108.63,2.91,-66.91,1
18-04-2022 21:00,EDT,CAPITL,61757,100.81,1.8,-73.97,1
18-04-2022 22:00,EDT,CAPITL,61757,80.3,1.8,-53.55,1
18-04-2022 23:00,EDT,CAPITL,61757,79.69,1.17,-61.07,1
19-04-2022 00:00,EDT,CAPITL,61757,85.71,0.6,-72.36,1
19-04-2022 01:00,EDT,CAPITL,61757,78.72,0.54,-65.86,1
19-04-2022 02:00,EDT,CAPITL,61757,78.87,0.44,-68.65,1
19-04-2022 03:00,EDT,CAPITL,61757,77.36,0.56,-63.8,1
19-04-2022 04:00,EDT,CAPITL,61757,77.8,0.74,-60.6,1
19-04-2022 05:00,EDT,CAPITL,61757,84.32,0.85,-66.05,1
19-04-2022 06:00,EDT,CAPITL,61757,101.94,1.33,-75.5,1
19-04-2022 07:00,EDT,CAPITL,61757,112.73,1.2,-86.49,1
19-04-2022 08:00,EDT,CAPITL,61757,125.19,1.32,-98.88,1
19-04-2022 09:00,EDT,CAPITL,61757,112.86,1.35,-86.49,1
19-04-2022 10:00,EDT,CAPITL,61757,111.8,1.19,-87.75,1
19-04-2022 11:00,EDT,CAPITL,61757,119.48,0.86,-101.37,1
19-04-2022 12:00,EDT,CAPITL,61757,108.75,0.73,-92.73,1
19-04-2022 13:00,EDT,CAPITL,61757,102.31,0.79,-85.15,1
19-04-2022 14:00,EDT,CAPITL,61757,100.69,0.49,-89.04,1
19-04-2022 15:00,EDT,CAPITL,61757,99,0.4,-89.76,1
19-04-2022 16:00,EDT,CAPITL,61757,104.51,0.36,-96.36,1
19-04-2022 17:00,EDT,CAPITL,61757,115.15,0.45,-105.97,1
19-04-2022 18:00,EDT,CAPITL,61757,115.58,0.71,-100.77,1
19-04-2022 19:00,EDT,CAPITL,61757,125.65,0.78,-109.46,1
19-04-2022 20:00,EDT,CAPITL,61757,126.07,0.94,-107.8,1
19-04-2022 21:00,EDT,CAPITL,61757,121.54,0.58,-109.3,1
19-04-2022 22:00,EDT,CAPITL,61757,103,0.12,-100.44,1
19-04-2022 23:00,EDT,CAPITL,61757,97.01,0.01,-96.74,1
20-04-2022 00:00,EDT,CAPITL,61757,99.78,0.1,-97.62,1
20-04-2022 01:00,EDT,CAPITL,61757,93.44,0.1,-91.27,1
20-04-2022 02:00,EDT,CAPITL,61757,90.7,0.04,-89.89,1
20-04-2022 03:00,EDT,CAPITL,61757,87.96,0.18,-84.3,1
20-04-2022 04:00,EDT,CAPITL,61757,88.98,0.37,-81.44,1
20-04-2022 05:00,EDT,CAPITL,61757,96.7,0.53,-85.8,1
20-04-2022 06:00,EDT,CAPITL,61757,117.5,0.91,-99.1,1
20-04-2022 07:00,EDT,CAPITL,61757,132.59,0.86,-114.26,1
20-04-2022 08:00,EDT,CAPITL,61757,133.03,0.91,-114.69,1
20-04-2022 09:00,EDT,CAPITL,61757,117.35,0.87,-99.04,1
20-04-2022 10:00,EDT,CAPITL,61757,111.36,0.83,-93.14,1
20-04-2022 11:00,EDT,CAPITL,61757,103.27,0.75,-85.95,1
20-04-2022 12:00,EDT,CAPITL,61757,106.57,0.45,-96.25,1
20-04-2022 13:00,EDT,CAPITL,61757,102.63,0.66,-86.5,1
20-04-2022 14:00,EDT,CAPITL,61757,99.77,0.68,-82.52,1
20-04-2022 15:00,EDT,CAPITL,61757,95.4,0.73,-77.36,1
20-04-2022 16:00,EDT,CAPITL,61757,102.38,0.74,-84.32,1
20-04-2022 17:00,EDT,CAPITL,61757,110.6,0.8,-92.47,1
20-04-2022 18:00,EDT,CAPITL,61757,116.02,1.15,-89.96,1
20-04-2022 19:00,EDT,CAPITL,61757,123.85,1.35,-97.52,1
20-04-2022 20:00,EDT,CAPITL,61757,122.92,1.88,-85.5,1
20-04-2022 21:00,EDT,CAPITL,61757,127.67,1.27,-101.53,1
20-04-2022 22:00,EDT,CAPITL,61757,106.84,0.85,-88.73,1
20-04-2022 23:00,EDT,CAPITL,61757,95.61,0.79,-78.43,1
21-04-2022 00:00,EDT,CAPITL,61757,81.3,1.42,-57.69,1
21-04-2022 01:00,EDT,CAPITL,61757,76.69,1.07,-58.34,1
21-04-2022 02:00,EDT,CAPITL,61757,76.77,0.97,-59.27,1
21-04-2022 03:00,EDT,CAPITL,61757,77.77,0.92,-61.56,1
21-04-2022 04:00,EDT,CAPITL,61757,77.33,1.01,-60.29,1
21-04-2022 05:00,EDT,CAPITL,61757,84.48,1.2,-65.93,1
21-04-2022 06:00,EDT,CAPITL,61757,105.52,1.76,-78.91,1
21-04-2022 07:00,EDT,CAPITL,61757,118.7,1.6,-94.22,1
21-04-2022 08:00,EDT,CAPITL,61757,114.17,1.27,-95.5,1
21-04-2022 09:00,EDT,CAPITL,61757,97.17,1.45,-75.33,1
21-04-2022 10:00,EDT,CAPITL,61757,97.07,1.26,-77.74,1
21-04-2022 11:00,EDT,CAPITL,61757,95.72,1.16,-77.19,1
21-04-2022 12:00,EDT,CAPITL,61757,96.98,1.11,-79.26,1
21-04-2022 13:00,EDT,CAPITL,61757,98.81,1.13,-81.09,1
21-04-2022 14:00,EDT,CAPITL,61757,96.08,0.9,-81.47,1
21-04-2022 15:00,EDT,CAPITL,61757,92.24,1.03,-75.67,1
21-04-2022 16:00,EDT,CAPITL,61757,76.41,1.57,-51.44,1
21-04-2022 17:00,EDT,CAPITL,61757,85.6,1.84,-57.04,1
21-04-2022 18:00,EDT,CAPITL,61757,93.08,1.57,-68.75,1
21-04-2022 19:00,EDT,CAPITL,61757,105.83,2,-76.13,1
21-04-2022 20:00,EDT,CAPITL,61757,105.75,2.4,-70.4,1
21-04-2022 21:00,EDT,CAPITL,61757,89.82,2,-60.06,1
21-04-2022 22:00,EDT,CAPITL,61757,76.56,1.88,-47.08,1
21-04-2022 23:00,EDT,CAPITL,61757,76.05,1.54,-51.9,1
22-04-2022 00:00,EDT,CAPITL,61757,67.84,1.64,-41.03,1
22-04-2022 01:00,EDT,CAPITL,61757,65.97,1.58,-39.3,1
22-04-2022 02:00,EDT,CAPITL,61757,65.6,1.56,-39.27,1
22-04-2022 03:00,EDT,CAPITL,61757,63.21,1.75,-35.67,1
22-04-2022 04:00,EDT,CAPITL,61757,63.9,1.86,-35.79,1
22-04-2022 05:00,EDT,CAPITL,61757,65.4,2.64,-25.66,1
22-04-2022 06:00,EDT,CAPITL,61757,74.35,2.98,-31.17,1
22-04-2022 07:00,EDT,CAPITL,61757,100.24,2.58,-59.78,1
22-04-2022 08:00,EDT,CAPITL,61757,105.99,2.76,-64.41,1
22-04-2022 09:00,EDT,CAPITL,61757,78.74,2.76,-34.81,1
22-04-2022 10:00,EDT,CAPITL,61757,77,2.34,-38.11,1
22-04-2022 11:00,EDT,CAPITL,61757,76.41,2.11,-40.87,1
22-04-2022 12:00,EDT,CAPITL,61757,76.66,1.75,-47.17,1
22-04-2022 13:00,EDT,CAPITL,61757,76.98,1.56,-49.47,1
22-04-2022 14:00,EDT,CAPITL,61757,72.43,1.64,-43.04,1
22-04-2022 15:00,EDT,CAPITL,61757,74.51,1.55,-47.1,1
22-04-2022 16:00,EDT,CAPITL,61757,79.27,1.69,-49.93,1
22-04-2022 17:00,EDT,CAPITL,61757,85.79,1.61,-58.98,1
22-04-2022 18:00,EDT,CAPITL,61757,87.1,2.1,-52.18,1
22-04-2022 19:00,EDT,CAPITL,61757,94.81,2.64,-51.56,1
22-04-2022 20:00,EDT,CAPITL,61757,94.83,3.02,-47.43,1
22-04-2022 21:00,EDT,CAPITL,61757,93.49,2.52,-54,1
22-04-2022 22:00,EDT,CAPITL,61757,82.95,2.16,-49.08,1
22-04-2022 23:00,EDT,CAPITL,61757,74.12,1.7,-46.99,1
23-04-2022 00:00,EDT,CAPITL,61757,73.76,1.05,-52.96,1
23-04-2022 01:00,EDT,CAPITL,61757,68.46,1.02,-47.81,1
23-04-2022 02:00,EDT,CAPITL,61757,70.85,1.12,-48.14,1
23-04-2022 03:00,EDT,CAPITL,61757,69.81,1,-49.24,1
23-04-2022 04:00,EDT,CAPITL,61757,68.95,1.15,-46.07,1
23-04-2022 05:00,EDT,CAPITL,61757,65.74,1.16,-44.58,1
23-04-2022 06:00,EDT,CAPITL,61757,70.37,1.25,-47.09,1
23-04-2022 07:00,EDT,CAPITL,61757,77.9,1.28,-54.52,1
23-04-2022 08:00,EDT,CAPITL,61757,72.09,1.28,-48.66,1
23-04-2022 09:00,EDT,CAPITL,61757,66.64,1.29,-43.06,1
23-04-2022 10:00,EDT,CAPITL,61757,66.89,1.3,-43.25,1
23-04-2022 11:00,EDT,CAPITL,61757,66.42,1.21,-43.16,1
23-04-2022 12:00,EDT,CAPITL,61757,67.77,0.99,-48,1
23-04-2022 13:00,EDT,CAPITL,61757,65.91,0.93,-45.93,1
23-04-2022 14:00,EDT,CAPITL,61757,66.81,0.83,-48.7,1
23-04-2022 15:00,EDT,CAPITL,61757,64.9,0.88,-46.72,1
23-04-2022 16:00,EDT,CAPITL,61757,68.49,0.95,-50.24,1
23-04-2022 17:00,EDT,CAPITL,61757,69.36,1.37,-45.93,1
23-04-2022 18:00,EDT,CAPITL,61757,80.41,1.39,-56.61,1
23-04-2022 19:00,EDT,CAPITL,61757,89.62,1.55,-63.88,1
23-04-2022 20:00,EDT,CAPITL,61757,90.69,1.61,-64.3,1
23-04-2022 21:00,EDT,CAPITL,61757,80.76,1.17,-60.38,1
23-04-2022 22:00,EDT,CAPITL,61757,73.72,1.04,-55.4,1
23-04-2022 23:00,EDT,CAPITL,61757,68.1,1.1,-48.1,1
24-04-2022 00:00,EDT,CAPITL,61757,73.67,0.31,-68.23,1
24-04-2022 01:00,EDT,CAPITL,61757,71.41,0.29,-65.97,1
24-04-2022 02:00,EDT,CAPITL,61757,69.92,0.24,-65.62,1
24-04-2022 03:00,EDT,CAPITL,61757,69.13,0.24,-64.84,1
24-04-2022 04:00,EDT,CAPITL,61757,69.16,0.24,-64.85,1
24-04-2022 05:00,EDT,CAPITL,61757,69.58,0.3,-64.13,1
24-04-2022 06:00,EDT,CAPITL,61757,72.16,0.31,-66.71,1
24-04-2022 07:00,EDT,CAPITL,61757,74.95,0.32,-69.7,1
24-04-2022 08:00,EDT,CAPITL,61757,74.21,0.48,-66.55,1
24-04-2022 09:00,EDT,CAPITL,61757,74.23,0.43,-67.06,1
24-04-2022 10:00,EDT,CAPITL,61757,71.36,0.41,-64.48,1
24-04-2022 11:00,EDT,CAPITL,61757,72.21,0.46,-64.42,1
24-04-2022 12:00,EDT,CAPITL,61757,69.71,0.46,-61.66,1
24-04-2022 13:00,EDT,CAPITL,61757,67.41,0.47,-59.01,1
24-04-2022 14:00,EDT,CAPITL,61757,67.58,0.4,-59.96,1
24-04-2022 15:00,EDT,CAPITL,61757,67.54,0.46,-59.15,1
24-04-2022 16:00,EDT,CAPITL,61757,70.36,0.51,-61.91,1
24-04-2022 17:00,EDT,CAPITL,61757,76.25,0.53,-67.77,1
24-04-2022 18:00,EDT,CAPITL,61757,83.65,0.55,-75.18,1
24-04-2022 19:00,EDT,CAPITL,61757,91.12,0.59,-82.6,1
24-04-2022 20:00,EDT,CAPITL,61757,95.03,0.59,-86.52,1
24-04-2022 21:00,EDT,CAPITL,61757,80.62,0.55,-72.15,1
24-04-2022 22:00,EDT,CAPITL,61757,70.92,0.38,-65.18,1
24-04-2022 23:00,EDT,CAPITL,61757,69.8,0.33,-64.32,1
25-04-2022 00:00,EDT,CAPITL,61757,68,0.65,-57.1,1
25-04-2022 01:00,EDT,CAPITL,61757,65.78,0.49,-57.09,1
25-04-2022 02:00,EDT,CAPITL,61757,63.48,0.4,-56.26,1
25-04-2022 03:00,EDT,CAPITL,61757,62.84,0.41,-55.57,1
25-04-2022 04:00,EDT,CAPITL,61757,63.22,0.55,-53.72,1
25-04-2022 05:00,EDT,CAPITL,61757,64.93,0.91,-50.24,1
25-04-2022 06:00,EDT,CAPITL,61757,70.68,1.4,-51.82,1
25-04-2022 07:00,EDT,CAPITL,61757,79.25,2.02,-52.04,1
25-04-2022 08:00,EDT,CAPITL,61757,76.17,2.36,-43.1,1
25-04-2022 09:00,EDT,CAPITL,61757,70.84,2.42,-36.21,1
25-04-2022 10:00,EDT,CAPITL,61757,67.84,2.48,-30.98,1
25-04-2022 11:00,EDT,CAPITL,61757,68.39,2.4,-33.52,1
25-04-2022 12:00,EDT,CAPITL,61757,67.91,2.12,-36.68,1
25-04-2022 13:00,EDT,CAPITL,61757,66.31,2.22,-33.26,1
25-04-2022 14:00,EDT,CAPITL,61757,68.18,1.84,-40.41,1
25-04-2022 15:00,EDT,CAPITL,61757,69.05,1.79,-42.01,1
25-04-2022 16:00,EDT,CAPITL,61757,71.42,2.05,-44.11,1
25-04-2022 17:00,EDT,CAPITL,61757,76.87,2.46,-45.48,1
25-04-2022 18:00,EDT,CAPITL,61757,83.11,2.15,-55.7,1
25-04-2022 19:00,EDT,CAPITL,61757,87.21,2.82,-53.1,1
25-04-2022 20:00,EDT,CAPITL,61757,89.38,2.17,-61.94,1
25-04-2022 21:00,EDT,CAPITL,61757,75.34,2.12,-47.98,1
25-04-2022 22:00,EDT,CAPITL,61757,69.98,1.19,-52,1
25-04-2022 23:00,EDT,CAPITL,61757,66.41,1.07,-49.78,1
26-04-2022 00:00,EDT,CAPITL,61757,63.91,0.64,-54.8,1
26-04-2022 01:00,EDT,CAPITL,61757,62.93,0.48,-55.59,1
26-04-2022 02:00,EDT,CAPITL,61757,60.85,0.54,-52.55,1
26-04-2022 03:00,EDT,CAPITL,61757,59.67,0.58,-50.84,1
26-04-2022 04:00,EDT,CAPITL,61757,58.37,0.92,-44.26,1
26-04-2022 05:00,EDT,CAPITL,61757,61.09,1.28,-42.46,1
26-04-2022 06:00,EDT,CAPITL,61757,64.04,1.99,-37.18,1
26-04-2022 07:00,EDT,CAPITL,61757,72.51,2.24,-42.63,1
26-04-2022 08:00,EDT,CAPITL,61757,82.3,2.27,-50.11,1
26-04-2022 09:00,EDT,CAPITL,61757,78.47,1.92,-51.58,1
26-04-2022 10:00,EDT,CAPITL,61757,78.43,1.9,-51.53,1
26-04-2022 11:00,EDT,CAPITL,61757,75.35,1.99,-47.54,1
26-04-2022 12:00,EDT,CAPITL,61757,77.1,1.94,-50.26,1
26-04-2022 13:00,EDT,CAPITL,61757,75.28,1.94,-48.46,1
26-04-2022 14:00,EDT,CAPITL,61757,74.7,1.86,-47.99,1
26-04-2022 15:00,EDT,CAPITL,61757,75.92,1.58,-52.66,1
26-04-2022 16:00,EDT,CAPITL,61757,80.73,1.39,-59.7,1
26-04-2022 17:00,EDT,CAPITL,61757,87.66,1.48,-65.27,1
26-04-2022 18:00,EDT,CAPITL,61757,85.45,1.74,-58.92,1
26-04-2022 19:00,EDT,CAPITL,61757,93,1.89,-66.24,1
26-04-2022 20:00,EDT,CAPITL,61757,92.65,1.84,-65.88,1
26-04-2022 21:00,EDT,CAPITL,61757,77.81,1.74,-51.22,1
26-04-2022 22:00,EDT,CAPITL,61757,75.38,1.02,-57,1
26-04-2022 23:00,EDT,CAPITL,61757,70.73,0.99,-52.38,1
27-04-2022 00:00,EDT,CAPITL,61757,75.99,0.01,-75.71,1
27-04-2022 01:00,EDT,CAPITL,61757,73.46,0.01,-73.18,1
27-04-2022 02:00,EDT,CAPITL,61757,71.85,0.01,-71.57,1
27-04-2022 03:00,EDT,CAPITL,61757,71.65,0.01,-71.37,1
27-04-2022 04:00,EDT,CAPITL,61757,72.07,0.01,-71.79,1
27-04-2022 05:00,EDT,CAPITL,61757,76.03,0.01,-75.76,1
27-04-2022 06:00,EDT,CAPITL,61757,90.75,0.03,-90.21,1
27-04-2022 07:00,EDT,CAPITL,61757,98.54,0.05,-97.46,1
27-04-2022 08:00,EDT,CAPITL,61757,103.62,0.05,-102.51,1
27-04-2022 09:00,EDT,CAPITL,61757,94.19,0.05,-93.09,1
27-04-2022 10:00,EDT,CAPITL,61757,89.67,0.05,-88.57,1
27-04-2022 11:00,EDT,CAPITL,61757,88.81,0.05,-87.72,1
27-04-2022 12:00,EDT,CAPITL,61757,92.8,0.04,-91.98,1
27-04-2022 13:00,EDT,CAPITL,61757,89.52,0.05,-88.43,1
27-04-2022 14:00,EDT,CAPITL,61757,90.33,0.02,-89.79,1
27-04-2022 15:00,EDT,CAPITL,61757,90.57,0.03,-89.76,1
27-04-2022 16:00,EDT,CAPITL,61757,97.36,0.01,-97.08,1
27-04-2022 17:00,EDT,CAPITL,61757,99.85,0.03,-99.31,1
27-04-2022 18:00,EDT,CAPITL,61757,104.79,0.04,-103.98,1
27-04-2022 19:00,EDT,CAPITL,61757,115.08,0.05,-113.98,1
27-04-2022 20:00,EDT,CAPITL,61757,115.51,0.09,-113.78,1
27-04-2022 21:00,EDT,CAPITL,61757,98.86,0.05,-97.76,1
27-04-2022 22:00,EDT,CAPITL,61757,87.18,0.05,-86.09,1
27-04-2022 23:00,EDT,CAPITL,61757,82.32,0.01,-82.05,1
28-04-2022 00:00,EDT,CAPITL,61757,84.73,0.03,-84.04,1
28-04-2022 01:00,EDT,CAPITL,61757,78.22,0.03,-77.53,1
28-04-2022 02:00,EDT,CAPITL,61757,77.33,0.03,-76.65,1
28-04-2022 03:00,EDT,CAPITL,61757,77.3,0.03,-76.61,1
28-04-2022 04:00,EDT,CAPITL,61757,78.41,0.03,-77.73,1
28-04-2022 05:00,EDT,CAPITL,61757,87.2,0.03,-86.5,1
28-04-2022 06:00,EDT,CAPITL,61757,108.46,0.04,-107.65,1
28-04-2022 07:00,EDT,CAPITL,61757,123.18,0.27,-116.78,1
28-04-2022 08:00,EDT,CAPITL,61757,119.92,0.76,-103.64,1
28-04-2022 09:00,EDT,CAPITL,61757,107.02,0.35,-99.34,1
28-04-2022 10:00,EDT,CAPITL,61757,95,1.21,-66.93,1
28-04-2022 11:00,EDT,CAPITL,61757,88.75,1.11,-61.25,1
28-04-2022 12:00,EDT,CAPITL,61757,95.88,0.55,-81.93,1
28-04-2022 13:00,EDT,CAPITL,61757,94.1,0.4,-83.43,1
28-04-2022 14:00,EDT,CAPITL,61757,92.65,0.35,-83.32,1
28-04-2022 15:00,EDT,CAPITL,61757,96.01,0.25,-89.39,1
28-04-2022 16:00,EDT,CAPITL,61757,100.59,0.25,-94.21,1
28-04-2022 17:00,EDT,CAPITL,61757,106.78,0.29,-100.35,1
28-04-2022 18:00,EDT,CAPITL,61757,113.81,0.4,-105.24,1
28-04-2022 19:00,EDT,CAPITL,61757,121.18,0.29,-114.74,1
28-04-2022 20:00,EDT,CAPITL,61757,110.88,2.08,-67.27,1
28-04-2022 21:00,EDT,CAPITL,61757,106.66,0.71,-90.54,1
28-04-2022 22:00,EDT,CAPITL,61757,90.03,1.02,-64.84,1
28-04-2022 23:00,EDT,CAPITL,61757,91.51,0.03,-90.82,1
29-04-2022 00:00,EDT,CAPITL,61757,91.81,0.01,-91.45,1
29-04-2022 01:00,EDT,CAPITL,61757,88.37,0.01,-88.01,1
29-04-2022 02:00,EDT,CAPITL,61757,85.16,0.01,-84.8,1
29-04-2022 03:00,EDT,CAPITL,61757,85.47,0.01,-85.12,1
29-04-2022 04:00,EDT,CAPITL,61757,88.63,0.02,-88.1,1
29-04-2022 05:00,EDT,CAPITL,61757,95.05,0.02,-94.69,1
29-04-2022 06:00,EDT,CAPITL,61757,126.07,0.02,-125.53,1
29-04-2022 07:00,EDT,CAPITL,61757,131.24,0.32,-123.48,1
29-04-2022 08:00,EDT,CAPITL,61757,133.97,0.58,-120.4,1
29-04-2022 09:00,EDT,CAPITL,61757,105.06,0.45,-94.26,1
29-04-2022 10:00,EDT,CAPITL,61757,86.08,0.61,-70.32,1
29-04-2022 11:00,EDT,CAPITL,61757,84.13,0.4,-73.36,1
29-04-2022 12:00,EDT,CAPITL,61757,79.89,0.89,-56.89,1
29-04-2022 13:00,EDT,CAPITL,61757,83.38,0.39,-72.68,1
29-04-2022 14:00,EDT,CAPITL,61757,83.53,0.28,-75.8,1
29-04-2022 15:00,EDT,CAPITL,61757,84.72,0.28,-76.99,1
29-04-2022 16:00,EDT,CAPITL,61757,86.32,0.28,-78.6,1
29-04-2022 17:00,EDT,CAPITL,61757,93.9,0.37,-84.38,1
29-04-2022 18:00,EDT,CAPITL,61757,106.83,0.59,-91.5,1
29-04-2022 19:00,EDT,CAPITL,61757,108.67,1.49,-74.16,1
29-04-2022 20:00,EDT,CAPITL,61757,105.1,1.94,-61.11,1
29-04-2022 21:00,EDT,CAPITL,61757,84.12,1.57,-47.64,1
29-04-2022 22:00,EDT,CAPITL,61757,84.34,0.77,-64.7,1
29-04-2022 23:00,EDT,CAPITL,61757,83.75,0.3,-76.49,1
30-04-2022 00:00,EDT,CAPITL,61757,78.12,0.28,-71.81,1
30-04-2022 01:00,EDT,CAPITL,61757,76.91,0.22,-71.6,1
30-04-2022 02:00,EDT,CAPITL,61757,76.13,0.18,-71.6,1
30-04-2022 03:00,EDT,CAPITL,61757,75.62,0.18,-70.97,1
30-04-2022 04:00,EDT,CAPITL,61757,78.23,0.17,-74.02,1
30-04-2022 05:00,EDT,CAPITL,61757,77.66,0.3,-70.8,1
30-04-2022 06:00,EDT,CAPITL,61757,81.87,0.36,-74.06,1
30-04-2022 07:00,EDT,CAPITL,61757,87.06,0.37,-78.98,1
30-04-2022 08:00,EDT,CAPITL,61757,87,0.4,-78.89,1
30-04-2022 09:00,EDT,CAPITL,61757,82.11,0.37,-74.23,1
30-04-2022 10:00,EDT,CAPITL,61757,75.78,0.3,-68.86,1
30-04-2022 11:00,EDT,CAPITL,61757,72.12,0.29,-65.41,1
30-04-2022 12:00,EDT,CAPITL,61757,71.01,0.22,-65.65,1
30-04-2022 13:00,EDT,CAPITL,61757,70.01,0.18,-65.42,1
30-04-2022 14:00,EDT,CAPITL,61757,68.71,0.17,-64.27,1
30-04-2022 15:00,EDT,CAPITL,61757,69.36,0.15,-65.62,1
30-04-2022 16:00,EDT,CAPITL,61757,72.16,0.09,-70.02,1
30-04-2022 17:00,EDT,CAPITL,61757,79.3,0.12,-76.69,1
30-04-2022 18:00,EDT,CAPITL,61757,89.89,0.05,-88.82,1
30-04-2022 19:00,EDT,CAPITL,61757,107.53,0.08,-105.77,1
30-04-2022 20:00,EDT,CAPITL,61757,111.55,0.21,-107.29,1
30-04-2022 21:00,EDT,CAPITL,61757,102.58,0.15,-99.52,1
30-04-2022 22:00,EDT,CAPITL,61757,86.74,0.18,-82.97,1
30-04-2022 23:00,EDT,CAPITL,61757,80.64,0.16,-76.88,1
01-05-2022 00:00,EDT,CAPITL,61757,74.55,0.42,-64.21,1
01-05-2022 01:00,EDT,CAPITL,61757,70.36,0.39,-60.08,1
01-05-2022 02:00,EDT,CAPITL,61757,69.71,0.38,-59.44,1
01-05-2022 03:00,EDT,CAPITL,61757,68.36,0.38,-58.08,1
01-05-2022 04:00,EDT,CAPITL,61757,69.78,0.39,-59.49,1
01-05-2022 05:00,EDT,CAPITL,61757,70.83,0.36,-61.78,1
01-05-2022 06:00,EDT,CAPITL,61757,70.44,0.37,-61.1,1
01-05-2022 07:00,EDT,CAPITL,61757,70.47,0.4,-60.19,1
01-05-2022 08:00,EDT,CAPITL,61757,69.88,0.27,-63.3,1
01-05-2022 09:00,EDT,CAPITL,61757,69.31,0.2,-64.02,1
01-05-2022 10:00,EDT,CAPITL,61757,67.25,0.15,-63.05,1
01-05-2022 11:00,EDT,CAPITL,61757,65.29,0.19,-60,1
01-05-2022 12:00,EDT,CAPITL,61757,62.72,0.18,-57.43,1
01-05-2022 13:00,EDT,CAPITL,61757,62.46,0.17,-57.47,1
01-05-2022 14:00,EDT,CAPITL,61757,62.42,0.15,-57.72,1
01-05-2022 15:00,EDT,CAPITL,61757,63.84,0.14,-59.67,1
01-05-2022 16:00,EDT,CAPITL,61757,67.76,0.15,-63.57,1
01-05-2022 17:00,EDT,CAPITL,61757,72.69,0.21,-67.59,1
01-05-2022 18:00,EDT,CAPITL,61757,92.03,0.23,-86.73,1
01-05-2022 19:00,EDT,CAPITL,61757,106.07,0.29,-99.45,1
01-05-2022 20:00,EDT,CAPITL,61757,110.46,0.23,-105.24,1
01-05-2022 21:00,EDT,CAPITL,61757,100.51,0.14,-97.26,1
01-05-2022 22:00,EDT,CAPITL,61757,82.56,0.21,-77.35,1
01-05-2022 23:00,EDT,CAPITL,61757,76.07,0.16,-71.85,1
02-05-2022 00:00,EDT,CAPITL,61757,68.75,0.2,-63.4,1
02-05-2022 01:00,EDT,CAPITL,61757,70.32,0.15,-66.12,1
02-05-2022 02:00,EDT,CAPITL,61757,68.45,0.15,-64.25,1
02-05-2022 03:00,EDT,CAPITL,61757,65.63,0.15,-61.43,1
02-05-2022 04:00,EDT,CAPITL,61757,67.45,0.18,-62.49,1
02-05-2022 05:00,EDT,CAPITL,61757,71.7,0.04,-70.64,1
02-05-2022 06:00,EDT,CAPITL,61757,81.57,0.17,-77.35,1
02-05-2022 07:00,EDT,CAPITL,61757,91.48,0.43,-81.23,1
02-05-2022 08:00,EDT,CAPITL,61757,101.33,0.46,-91.05,1
02-05-2022 09:00,EDT,CAPITL,61757,92.96,0.45,-82.67,1
02-05-2022 10:00,EDT,CAPITL,61757,93.89,0.46,-83.58,1
02-05-2022 11:00,EDT,CAPITL,61757,94.62,0.47,-84.28,1
02-05-2022 12:00,EDT,CAPITL,61757,96.03,0.46,-85.72,1
02-05-2022 13:00,EDT,CAPITL,61757,95.71,0.47,-85.39,1
02-05-2022 14:00,EDT,CAPITL,61757,91.85,0.45,-81.56,1
02-05-2022 15:00,EDT,CAPITL,61757,92.31,0.44,-82.04,1
02-05-2022 16:00,EDT,CAPITL,61757,96.43,0.44,-86.16,1
02-05-2022 17:00,EDT,CAPITL,61757,99.95,0.47,-89.63,1
02-05-2022 18:00,EDT,CAPITL,61757,112.65,0.47,-102.32,1
02-05-2022 19:00,EDT,CAPITL,61757,105.1,1.3,-76.8,1
02-05-2022 20:00,EDT,CAPITL,61757,103.45,1.53,-69.39,1
02-05-2022 21:00,EDT,CAPITL,61757,97.57,0.46,-87.25,1
02-05-2022 22:00,EDT,CAPITL,61757,77.29,0.45,-66.97,1
02-05-2022 23:00,EDT,CAPITL,61757,72.79,0.4,-63.4,1
03-05-2022 00:00,EDT,CAPITL,61757,72.83,0.39,-63.38,1
03-05-2022 01:00,EDT,CAPITL,61757,69.55,0.29,-62.42,1
03-05-2022 02:00,EDT,CAPITL,61757,66.77,0.4,-57.18,1
03-05-2022 03:00,EDT,CAPITL,61757,65.79,0.46,-55.18,1
03-05-2022 04:00,EDT,CAPITL,61757,65.73,0.45,-55.12,1
03-05-2022 05:00,EDT,CAPITL,61757,70.36,0.46,-59.75,1
03-05-2022 06:00,EDT,CAPITL,61757,83.96,0.5,-73.29,1
03-05-2022 07:00,EDT,CAPITL,61757,79.86,2.18,-33.98,1
03-05-2022 08:00,EDT,CAPITL,61757,86,2.21,-40.47,1
03-05-2022 09:00,EDT,CAPITL,61757,79.11,2.23,-33.11,1
03-05-2022 10:00,EDT,CAPITL,61757,75.39,2.2,-29.22,1
03-05-2022 11:00,EDT,CAPITL,61757,73.49,2.16,-27.29,1
03-05-2022 12:00,EDT,CAPITL,61757,74.52,1.79,-34.59,1
03-05-2022 13:00,EDT,CAPITL,61757,75,1.59,-38.83,1
03-05-2022 14:00,EDT,CAPITL,61757,75,1.6,-40.11,1
03-05-2022 15:00,EDT,CAPITL,61757,75.07,1.62,-39.04,1
03-05-2022 16:00,EDT,CAPITL,61757,81.48,1.38,-51.44,1
03-05-2022 17:00,EDT,CAPITL,61757,92.76,1.23,-66.38,1
03-05-2022 18:00,EDT,CAPITL,61757,102.65,1.21,-77.32,1
03-05-2022 19:00,EDT,CAPITL,61757,101.79,1.81,-64.5,1
03-05-2022 20:00,EDT,CAPITL,61757,97,2.11,-54.28,1
03-05-2022 21:00,EDT,CAPITL,61757,87,1.16,-62.7,1
03-05-2022 22:00,EDT,CAPITL,61757,79.74,0.52,-68.32,1
03-05-2022 23:00,EDT,CAPITL,61757,75.87,0.05,-74.79,1
04-05-2022 00:00,EDT,CAPITL,61757,78.24,0.05,-77.17,1
04-05-2022 01:00,EDT,CAPITL,61757,76.58,0.03,-75.78,1
04-05-2022 02:00,EDT,CAPITL,61757,72.13,0.01,-71.84,1
04-05-2022 03:00,EDT,CAPITL,61757,72.43,0.01,-72.17,1
04-05-2022 04:00,EDT,CAPITL,61757,72.95,0.01,-72.66,1
04-05-2022 05:00,EDT,CAPITL,61757,78.08,0.05,-77,1
04-05-2022 06:00,EDT,CAPITL,61757,90.09,0.11,-87.9,1
04-05-2022 07:00,EDT,CAPITL,61757,93.18,1.11,-70.27,1
04-05-2022 08:00,EDT,CAPITL,61757,101.67,1.63,-69.81,1
04-05-2022 09:00,EDT,CAPITL,61757,93.22,1.86,-58.16,1
04-05-2022 10:00,EDT,CAPITL,61757,96.67,1.78,-64.17,1
04-05-2022 11:00,EDT,CAPITL,61757,96.19,1.75,-64.31,1
04-05-2022 12:00,EDT,CAPITL,61757,94.76,1.76,-60.94,1
04-05-2022 13:00,EDT,CAPITL,61757,94.33,1.61,-64.01,1
04-05-2022 14:00,EDT,CAPITL,61757,97.72,1.02,-77.75,1
04-05-2022 15:00,EDT,CAPITL,61757,100.85,0.64,-88.53,1
04-05-2022 16:00,EDT,CAPITL,61757,104.32,0.58,-92.96,1
04-05-2022 17:00,EDT,CAPITL,61757,113.16,0.88,-96.57,1
04-05-2022 18:00,EDT,CAPITL,61757,119.39,0.92,-101.5,1
04-05-2022 19:00,EDT,CAPITL,61757,122.9,1.11,-101.26,1
04-05-2022 20:00,EDT,CAPITL,61757,112.75,1.78,-78.52,1
04-05-2022 21:00,EDT,CAPITL,61757,93.01,1.54,-63.43,1
04-05-2022 22:00,EDT,CAPITL,61757,80.96,1.18,-57.59,1
04-05-2022 23:00,EDT,CAPITL,61757,76.21,1.17,-52,1
05-05-2022 00:00,EDT,CAPITL,61757,84.12,0.63,-69.82,1
05-05-2022 01:00,EDT,CAPITL,61757,83.23,0.22,-78.43,1
05-05-2022 02:00,EDT,CAPITL,61757,80.12,0.05,-79.04,1
05-05-2022 03:00,EDT,CAPITL,61757,81.62,0.04,-80.55,1
05-05-2022 04:00,EDT,CAPITL,61757,82.19,0.07,-80.57,1
05-05-2022 05:00,EDT,CAPITL,61757,81.67,0.5,-70.94,1
05-05-2022 06:00,EDT,CAPITL,61757,91.16,1.55,-60.93,1
05-05-2022 07:00,EDT,CAPITL,61757,104.5,1.59,-73.35,1
05-05-2022 08:00,EDT,CAPITL,61757,107.15,1.65,-75.96,1
05-05-2022 09:00,EDT,CAPITL,61757,92.68,1.48,-62.72,1
05-05-2022 10:00,EDT,CAPITL,61757,88.28,1.51,-55.3,1
05-05-2022 11:00,EDT,CAPITL,61757,90.04,1.37,-60.76,1
05-05-2022 12:00,EDT,CAPITL,61757,91.34,0.93,-69.85,1
05-05-2022 13:00,EDT,CAPITL,61757,92.53,0.83,-73.63,1
05-05-2022 14:00,EDT,CAPITL,61757,91.92,0.71,-75.49,1
05-05-2022 15:00,EDT,CAPITL,61757,95.06,0.53,-83.44,1
05-05-2022 16:00,EDT,CAPITL,61757,105.18,0.59,-92.27,1
05-05-2022 17:00,EDT,CAPITL,61757,118.29,0.68,-104.28,1
05-05-2022 18:00,EDT,CAPITL,61757,119.72,0.8,-103.49,1
05-05-2022 19:00,EDT,CAPITL,61757,128.28,1.36,-100.69,1
05-05-2022 20:00,EDT,CAPITL,61757,128.31,1.54,-97.73,1
05-05-2022 21:00,EDT,CAPITL,61757,103.24,1.08,-81.32,1
05-05-2022 22:00,EDT,CAPITL,61757,94.72,0.89,-76.28,1
05-05-2022 23:00,EDT,CAPITL,61757,84.64,0.6,-71.33,1
06-05-2022 00:00,EDT,CAPITL,61757,82.13,0.19,-77.54,1
06-05-2022 01:00,EDT,CAPITL,61757,82.19,0.12,-79.15,1
06-05-2022 02:00,EDT,CAPITL,61757,82.05,0.08,-79.91,1
06-05-2022 03:00,EDT,CAPITL,61757,81.81,0.17,-77.27,1
06-05-2022 04:00,EDT,CAPITL,61757,81.05,0.31,-73,1
06-05-2022 05:00,EDT,CAPITL,61757,81.42,0.68,-65.24,1
06-05-2022 06:00,EDT,CAPITL,61757,84.72,1.44,-54.42,1
06-05-2022 07:00,EDT,CAPITL,61757,97.17,1.18,-71.97,1
06-05-2022 08:00,EDT,CAPITL,61757,105.6,1.1,-83.43,1
06-05-2022 09:00,EDT,CAPITL,61757,95.37,0.95,-76.52,1
06-05-2022 10:00,EDT,CAPITL,61757,99.13,0.71,-84.47,1
06-05-2022 11:00,EDT,CAPITL,61757,95.95,0.96,-76.6,1
06-05-2022 12:00,EDT,CAPITL,61757,95.32,0.74,-79.76,1
06-05-2022 13:00,EDT,CAPITL,61757,98.9,0.4,-90.24,1
06-05-2022 14:00,EDT,CAPITL,61757,98.7,0.25,-93.34,1
06-05-2022 15:00,EDT,CAPITL,61757,108.99,0.08,-107.37,1
06-05-2022 16:00,EDT,CAPITL,61757,116.28,0.02,-115.93,1
06-05-2022 17:00,EDT,CAPITL,61757,119.67,0.01,-119.4,1
06-05-2022 18:00,EDT,CAPITL,61757,125.86,0.01,-125.59,1
06-05-2022 19:00,EDT,CAPITL,61757,118.63,0.21,-114.42,1
06-05-2022 20:00,EDT,CAPITL,61757,122.96,0.22,-118.7,1
06-05-2022 21:00,EDT,CAPITL,61757,104.3,0.2,-100.31,1
06-05-2022 22:00,EDT,CAPITL,61757,96.2,0.2,-92.19,1
06-05-2022 23:00,EDT,CAPITL,61757,91.28,0.19,-87.25,1
07-05-2022 00:00,EDT,CAPITL,61757,85.98,0.04,-84.92,1
07-05-2022 01:00,EDT,CAPITL,61757,84.57,0.04,-83.51,1
07-05-2022 02:00,EDT,CAPITL,61757,84.01,0.02,-83.49,1
07-05-2022 03:00,EDT,CAPITL,61757,83.63,0.01,-83.37,1
07-05-2022 04:00,EDT,CAPITL,61757,84.25,0.02,-83.73,1
07-05-2022 05:00,EDT,CAPITL,61757,83.84,0.04,-82.79,1
07-05-2022 06:00,EDT,CAPITL,61757,86.62,0.04,-85.56,1
07-05-2022 07:00,EDT,CAPITL,61757,89.22,0.01,-88.95,1
07-05-2022 08:00,EDT,CAPITL,61757,96.35,0.01,-96.09,1
07-05-2022 09:00,EDT,CAPITL,61757,97.79,0.01,-97.53,1
07-05-2022 10:00,EDT,CAPITL,61757,96.89,0.01,-96.63,1
07-05-2022 11:00,EDT,CAPITL,61757,100.41,0.01,-100.14,1
07-05-2022 12:00,EDT,CAPITL,61757,100.01,0.01,-99.75,1
07-05-2022 13:00,EDT,CAPITL,61757,95.52,0.01,-95.26,1
07-05-2022 14:00,EDT,CAPITL,61757,94.17,0.01,-93.9,1
07-05-2022 15:00,EDT,CAPITL,61757,93.46,0,-93.35,1
07-05-2022 16:00,EDT,CAPITL,61757,97.82,0.01,-97.55,1
07-05-2022 17:00,EDT,CAPITL,61757,104.03,0.01,-103.79,1
07-05-2022 18:00,EDT,CAPITL,61757,115.9,0.01,-115.63,1
07-05-2022 19:00,EDT,CAPITL,61757,127.3,0.01,-127.03,1
07-05-2022 20:00,EDT,CAPITL,61757,125.97,0.01,-125.7,1
07-05-2022 21:00,EDT,CAPITL,61757,101.88,0.03,-101.34,1
07-05-2022 22:00,EDT,CAPITL,61757,95.73,0.05,-94.65,1
07-05-2022 23:00,EDT,CAPITL,61757,89.29,0.19,-84.95,1
08-05-2022 00:00,EDT,CAPITL,61757,87.53,0.18,-83.29,1
08-05-2022 01:00,EDT,CAPITL,61757,88.41,0.16,-84.5,1
08-05-2022 02:00,EDT,CAPITL,61757,84.76,0.16,-80.87,1
08-05-2022 03:00,EDT,CAPITL,61757,81.91,0.16,-77.94,1
08-05-2022 04:00,EDT,CAPITL,61757,81.99,0.18,-77.76,1
08-05-2022 05:00,EDT,CAPITL,61757,82.65,0.17,-78.42,1
08-05-2022 06:00,EDT,CAPITL,61757,87.27,0.18,-82.93,1
08-05-2022 07:00,EDT,CAPITL,61757,87.76,0.03,-87.16,1
08-05-2022 08:00,EDT,CAPITL,61757,90.37,0.03,-89.77,1
08-05-2022 09:00,EDT,CAPITL,61757,87.92,0.02,-87.39,1
08-05-2022 10:00,EDT,CAPITL,61757,89.03,0,-88.93,1
08-05-2022 11:00,EDT,CAPITL,61757,88.57,0,-88.46,1
08-05-2022 12:00,EDT,CAPITL,61757,87.16,0.01,-86.9,1
08-05-2022 13:00,EDT,CAPITL,61757,83.49,0,-83.44,1
08-05-2022 14:00,EDT,CAPITL,61757,82.72,0,-82.71,1
08-05-2022 15:00,EDT,CAPITL,61757,82.58,-0.05,-83.99,1
08-05-2022 16:00,EDT,CAPITL,61757,88.97,0,-88.97,1
08-05-2022 17:00,EDT,CAPITL,61757,95.05,0,-95,1
08-05-2022 18:00,EDT,CAPITL,61757,105.12,0,-105.1,1
08-05-2022 19:00,EDT,CAPITL,61757,121.19,0.01,-120.93,1
08-05-2022 20:00,EDT,CAPITL,61757,129.65,0.01,-129.38,1
08-05-2022 21:00,EDT,CAPITL,61757,100.65,0.03,-100.04,1
08-05-2022 22:00,EDT,CAPITL,61757,93.94,0.03,-93.34,1
08-05-2022 23:00,EDT,CAPITL,61757,87.51,0.09,-85.38,1
09-05-2022 00:00,EDT,CAPITL,61757,90.04,0.13,-86.83,1
09-05-2022 01:00,EDT,CAPITL,61757,84.95,0.09,-82.65,1
09-05-2022 02:00,EDT,CAPITL,61757,81.25,0.12,-78.03,1
09-05-2022 03:00,EDT,CAPITL,61757,80.82,0.12,-77.61,1
09-05-2022 04:00,EDT,CAPITL,61757,82.12,0.16,-78.16,1
09-05-2022 05:00,EDT,CAPITL,61757,89.05,0.17,-84.95,1
09-05-2022 06:00,EDT,CAPITL,61757,103.62,0.23,-98.7,1
09-05-2022 07:00,EDT,CAPITL,61757,114.19,0.2,-109.91,1
09-05-2022 08:00,EDT,CAPITL,61757,127.1,0.18,-122.98,1
09-05-2022 09:00,EDT,CAPITL,61757,107.1,0.17,-102.99,1
09-05-2022 10:00,EDT,CAPITL,61757,101.22,0.16,-97.13,1
09-05-2022 11:00,EDT,CAPITL,61757,98.13,0.15,-94.05,1
09-05-2022 12:00,EDT,CAPITL,61757,96.23,0.14,-92.16,1
09-05-2022 13:00,EDT,CAPITL,61757,96.97,0.14,-93.08,1
09-05-2022 14:00,EDT,CAPITL,61757,93.96,0.11,-90.69,1
09-05-2022 15:00,EDT,CAPITL,61757,98.44,0.04,-97.38,1
09-05-2022 16:00,EDT,CAPITL,61757,101.26,0.16,-97.18,1
09-05-2022 17:00,EDT,CAPITL,61757,119.54,0.12,-116.7,1
09-05-2022 18:00,EDT,CAPITL,61757,131.18,0.15,-127.71,1
09-05-2022 19:00,EDT,CAPITL,61757,136.25,0.19,-132.12,1
09-05-2022 20:00,EDT,CAPITL,61757,136.82,0.19,-132.7,1
09-05-2022 21:00,EDT,CAPITL,61757,108.87,0.18,-104.75,1
09-05-2022 22:00,EDT,CAPITL,61757,103.71,0.08,-102,1
09-05-2022 23:00,EDT,CAPITL,61757,93.99,0.05,-92.69,1
10-05-2022 00:00,EDT,CAPITL,61757,93.05,0.02,-92.48,1
10-05-2022 01:00,EDT,CAPITL,61757,88.94,0.02,-88.37,1
10-05-2022 02:00,EDT,CAPITL,61757,86.03,0.02,-85.51,1
10-05-2022 03:00,EDT,CAPITL,61757,85.21,0.01,-84.95,1
10-05-2022 04:00,EDT,CAPITL,61757,86.12,0.02,-85.55,1
10-05-2022 05:00,EDT,CAPITL,61757,91.39,0.12,-88.72,1
10-05-2022 06:00,EDT,CAPITL,61757,109.09,0.2,-104.95,1
10-05-2022 07:00,EDT,CAPITL,61757,108.24,0.19,-104.11,1
10-05-2022 08:00,EDT,CAPITL,61757,111.27,0.2,-107.14,1
10-05-2022 09:00,EDT,CAPITL,61757,100.4,0.18,-96.29,1
10-05-2022 10:00,EDT,CAPITL,61757,95.6,0.14,-92.23,1
10-05-2022 11:00,EDT,CAPITL,61757,92.87,0.17,-88.81,1
10-05-2022 12:00,EDT,CAPITL,61757,90.73,0.15,-86.64,1
10-05-2022 13:00,EDT,CAPITL,61757,92.79,0.15,-88.7,1
10-05-2022 14:00,EDT,CAPITL,61757,91.16,0.15,-87.08,1
10-05-2022 15:00,EDT,CAPITL,61757,99.39,0.1,-96.86,1
10-05-2022 16:00,EDT,CAPITL,61757,107.2,0.17,-103.18,1
10-05-2022 17:00,EDT,CAPITL,61757,126.64,0.19,-122.51,1
10-05-2022 18:00,EDT,CAPITL,61757,123.41,0.2,-119.26,1
10-05-2022 19:00,EDT,CAPITL,61757,127.21,0.22,-122.92,1
10-05-2022 20:00,EDT,CAPITL,61757,131.53,0.26,-126.12,1
10-05-2022 21:00,EDT,CAPITL,61757,106.3,0.19,-102.17,1
10-05-2022 22:00,EDT,CAPITL,61757,94.13,0.2,-89.99,1
10-05-2022 23:00,EDT,CAPITL,61757,92.35,0.18,-88.24,1
11-05-2022 00:00,EDT,CAPITL,61757,78.51,0.01,-78.25,1
11-05-2022 01:00,EDT,CAPITL,61757,77.36,0,-77.26,1
11-05-2022 02:00,EDT,CAPITL,61757,77.69,0,-77.49,1
11-05-2022 03:00,EDT,CAPITL,61757,76.57,0,-76.52,1
11-05-2022 04:00,EDT,CAPITL,61757,78.82,0.01,-78.32,1
11-05-2022 05:00,EDT,CAPITL,61757,80.84,0.03,-79.79,1
11-05-2022 06:00,EDT,CAPITL,61757,87.98,0.15,-84.07,1
11-05-2022 07:00,EDT,CAPITL,61757,96.7,0.36,-88.38,1
11-05-2022 08:00,EDT,CAPITL,61757,90.41,0.17,-86.48,1
11-05-2022 09:00,EDT,CAPITL,61757,87.58,0.21,-82.29,1
11-05-2022 10:00,EDT,CAPITL,61757,84.52,0.09,-82.38,1
11-05-2022 11:00,EDT,CAPITL,61757,83.68,0.21,-78.39,1
11-05-2022 12:00,EDT,CAPITL,61757,84.51,0.18,-79.47,1
11-05-2022 13:00,EDT,CAPITL,61757,87.28,0.2,-81.99,1
11-05-2022 14:00,EDT,CAPITL,61757,91.88,0.23,-86.57,1
11-05-2022 15:00,EDT,CAPITL,61757,103.37,0.18,-99.42,1
11-05-2022 16:00,EDT,CAPITL,61757,105.45,0.72,-89.79,1
11-05-2022 17:00,EDT,CAPITL,61757,116.24,0.88,-98.18,1
11-05-2022 18:00,EDT,CAPITL,61757,116.63,1.04,-96.23,1
11-05-2022 19:00,EDT,CAPITL,61757,114.38,1.12,-92.79,1
11-05-2022 20:00,EDT,CAPITL,61757,107.76,1.22,-82.07,1
11-05-2022 21:00,EDT,CAPITL,61757,97.31,0.76,-80.14,1
11-05-2022 22:00,EDT,CAPITL,61757,86.42,0.45,-75,1
11-05-2022 23:00,EDT,CAPITL,61757,82.9,0.19,-77.38,1
12-05-2022 00:00,EDT,CAPITL,61757,76.04,0.15,-71.74,1
12-05-2022 01:00,EDT,CAPITL,61757,70.71,0.07,-68.81,1
12-05-2022 02:00,EDT,CAPITL,61757,68.3,0.04,-67.24,1
12-05-2022 03:00,EDT,CAPITL,61757,68.48,0.04,-67.42,1
12-05-2022 04:00,EDT,CAPITL,61757,68.79,0.04,-67.72,1
12-05-2022 05:00,EDT,CAPITL,61757,70.76,0.19,-65.81,1
12-05-2022 06:00,EDT,CAPITL,61757,80.06,0.61,-66.1,1
12-05-2022 07:00,EDT,CAPITL,61757,91.06,0.7,-75.75,1
12-05-2022 08:00,EDT,CAPITL,61757,94.34,0.75,-78.3,1
12-05-2022 09:00,EDT,CAPITL,61757,96.6,0.61,-83.04,1
12-05-2022 10:00,EDT,CAPITL,61757,92.95,0.67,-76.95,1
12-05-2022 11:00,EDT,CAPITL,61757,91.83,0.71,-75.6,1
12-05-2022 12:00,EDT,CAPITL,61757,94.51,0.74,-77.29,1
12-05-2022 13:00,EDT,CAPITL,61757,95.82,0.83,-76.06,1
12-05-2022 14:00,EDT,CAPITL,61757,102.34,0.94,-81.36,1
12-05-2022 15:00,EDT,CAPITL,61757,102.93,1.16,-77.19,1
12-05-2022 16:00,EDT,CAPITL,61757,105.92,1.25,-80.08,1
12-05-2022 17:00,EDT,CAPITL,61757,116.6,1.81,-81.85,1
12-05-2022 18:00,EDT,CAPITL,61757,109.61,1.88,-74.65,1
12-05-2022 19:00,EDT,CAPITL,61757,109.06,1.92,-74.04,1
12-05-2022 20:00,EDT,CAPITL,61757,103.75,1.81,-68.93,1
12-05-2022 21:00,EDT,CAPITL,61757,99.37,0.94,-79.63,1
12-05-2022 22:00,EDT,CAPITL,61757,87.59,0.42,-77.96,1
12-05-2022 23:00,EDT,CAPITL,61757,81.69,0.21,-76.37,1
13-05-2022 00:00,EDT,CAPITL,61757,85.02,0.01,-84.75,1
13-05-2022 01:00,EDT,CAPITL,61757,76.57,0,-76.57,1
13-05-2022 02:00,EDT,CAPITL,61757,73.53,0,-73.54,1
13-05-2022 03:00,EDT,CAPITL,61757,72.63,0,-72.64,1
13-05-2022 04:00,EDT,CAPITL,61757,72.65,0,-72.66,1
13-05-2022 05:00,EDT,CAPITL,61757,75.89,0.05,-74.81,1
13-05-2022 06:00,EDT,CAPITL,61757,90.01,0.29,-84.61,1
13-05-2022 07:00,EDT,CAPITL,61757,93.71,0.71,-79.68,1
13-05-2022 08:00,EDT,CAPITL,61757,106.33,0.71,-91.52,1
13-05-2022 09:00,EDT,CAPITL,61757,102.41,0.78,-86.96,1
13-05-2022 10:00,EDT,CAPITL,61757,101.52,0.91,-82.8,1
13-05-2022 11:00,EDT,CAPITL,61757,104.31,0.9,-86.12,1
13-05-2022 12:00,EDT,CAPITL,61757,100.77,1.08,-78.92,1
13-05-2022 13:00,EDT,CAPITL,61757,103.02,1.26,-78.35,1
13-05-2022 14:00,EDT,CAPITL,61757,95.96,1.76,-62.23,1
13-05-2022 15:00,EDT,CAPITL,61757,102.14,1.53,-72.87,1
13-05-2022 16:00,EDT,CAPITL,61757,109.7,1.73,-78.06,1
13-05-2022 17:00,EDT,CAPITL,61757,116.44,2.02,-81.34,1
13-05-2022 18:00,EDT,CAPITL,61757,112.06,2.11,-75.89,1
13-05-2022 19:00,EDT,CAPITL,61757,108.04,1.88,-74.33,1
13-05-2022 20:00,EDT,CAPITL,61757,109.52,1.27,-86.81,1
13-05-2022 21:00,EDT,CAPITL,61757,103.24,0.86,-86.43,1
13-05-2022 22:00,EDT,CAPITL,61757,94.52,0.43,-85.55,1
13-05-2022 23:00,EDT,CAPITL,61757,88.68,0.26,-83.31,1
14-05-2022 00:00,EDT,CAPITL,61757,82.78,0.31,-75.57,1
14-05-2022 01:00,EDT,CAPITL,61757,76.54,0.32,-69.3,1
14-05-2022 02:00,EDT,CAPITL,61757,74.6,0.09,-72.47,1
14-05-2022 03:00,EDT,CAPITL,61757,73.56,0.09,-71.42,1
14-05-2022 04:00,EDT,CAPITL,61757,73.59,0.15,-70.34,1
14-05-2022 05:00,EDT,CAPITL,61757,72.56,0.24,-67.22,1
14-05-2022 06:00,EDT,CAPITL,61757,74.87,0.45,-64.9,1
14-05-2022 07:00,EDT,CAPITL,61757,77.85,0.6,-64.46,1
14-05-2022 08:00,EDT,CAPITL,61757,79.98,0.68,-65.68,1
14-05-2022 09:00,EDT,CAPITL,61757,83.84,0.81,-67.69,1
14-05-2022 10:00,EDT,CAPITL,61757,82.79,1.3,-57.34,1
14-05-2022 11:00,EDT,CAPITL,61757,82.91,1.47,-54.77,1
14-05-2022 12:00,EDT,CAPITL,61757,83.39,1.61,-52.45,1
14-05-2022 13:00,EDT,CAPITL,61757,84.01,1.66,-53.78,1
14-05-2022 14:00,EDT,CAPITL,61757,85.15,1.98,-50.16,1
14-05-2022 15:00,EDT,CAPITL,61757,96.68,1.62,-68.46,1
14-05-2022 16:00,EDT,CAPITL,61757,108.02,1.36,-83.95,1
14-05-2022 17:00,EDT,CAPITL,61757,116.4,1.64,-87.5,1
14-05-2022 18:00,EDT,CAPITL,61757,115.28,1.88,-80.35,1
14-05-2022 19:00,EDT,CAPITL,61757,116.56,1.4,-89.61,1
14-05-2022 20:00,EDT,CAPITL,61757,108.97,1.54,-81.39,1
14-05-2022 21:00,EDT,CAPITL,61757,99.15,1.13,-78.58,1
14-05-2022 22:00,EDT,CAPITL,61757,89.97,1.09,-69.41,1
14-05-2022 23:00,EDT,CAPITL,61757,88.57,0.73,-73.99,1
15-05-2022 00:00,EDT,CAPITL,61757,89.41,0.73,-74,1
15-05-2022 01:00,EDT,CAPITL,61757,88.53,0.54,-76.76,1
15-05-2022 02:00,EDT,CAPITL,61757,84.85,0.25,-79.49,1
15-05-2022 03:00,EDT,CAPITL,61757,80.06,0.25,-74.71,1
15-05-2022 04:00,EDT,CAPITL,61757,79.19,0.32,-72.18,1
15-05-2022 05:00,EDT,CAPITL,61757,81.37,0.3,-74.62,1
15-05-2022 06:00,EDT,CAPITL,61757,76.82,0.36,-69.54,1
15-05-2022 07:00,EDT,CAPITL,61757,75,0.64,-61.58,1
15-05-2022 08:00,EDT,CAPITL,61757,79.96,0.7,-66.72,1
15-05-2022 09:00,EDT,CAPITL,61757,82.04,1.03,-62.34,1
15-05-2022 10:00,EDT,CAPITL,61757,84.46,1.09,-63.9,1
15-05-2022 11:00,EDT,CAPITL,61757,81.72,2.02,-46.65,1
15-05-2022 12:00,EDT,CAPITL,61757,87.51,1.7,-57.54,1
15-05-2022 13:00,EDT,CAPITL,61757,94.32,1.6,-66.12,1
15-05-2022 14:00,EDT,CAPITL,61757,101.34,1.21,-80.69,1
15-05-2022 15:00,EDT,CAPITL,61757,106.51,1.11,-87.16,1
15-05-2022 16:00,EDT,CAPITL,61757,120.71,1.19,-100.03,1
15-05-2022 17:00,EDT,CAPITL,61757,122.17,1.69,-93.59,1
15-05-2022 18:00,EDT,CAPITL,61757,122.07,1.99,-86.97,1
15-05-2022 19:00,EDT,CAPITL,61757,120,1.84,-86.43,1
15-05-2022 20:00,EDT,CAPITL,61757,116.47,2.02,-81.34,1
15-05-2022 21:00,EDT,CAPITL,61757,108.78,1.41,-82.59,1
15-05-2022 22:00,EDT,CAPITL,61757,97.98,1.26,-75.05,1
15-05-2022 23:00,EDT,CAPITL,61757,93.44,0.82,-77.22,1
16-05-2022 00:00,EDT,CAPITL,61757,91.43,0.53,-80.04,1
16-05-2022 01:00,EDT,CAPITL,61757,90.27,0.31,-83.06,1
16-05-2022 02:00,EDT,CAPITL,61757,88.93,0.24,-82.98,1
16-05-2022 03:00,EDT,CAPITL,61757,86.21,0.3,-78.99,1
16-05-2022 04:00,EDT,CAPITL,61757,84.77,0.47,-73.95,1
16-05-2022 05:00,EDT,CAPITL,61757,89.84,0.53,-78.37,1
16-05-2022 06:00,EDT,CAPITL,61757,91.5,1.44,-63.4,1
16-05-2022 07:00,EDT,CAPITL,61757,98.55,1.66,-64.93,1
16-05-2022 08:00,EDT,CAPITL,61757,109.09,1.91,-73.05,1
16-05-2022 09:00,EDT,CAPITL,61757,109.27,1.89,-72.27,1
16-05-2022 10:00,EDT,CAPITL,61757,109.32,1.94,-71.52,1
16-05-2022 11:00,EDT,CAPITL,61757,112.46,1.87,-74.67,1
16-05-2022 12:00,EDT,CAPITL,61757,115.83,1.84,-80.45,1
16-05-2022 13:00,EDT,CAPITL,61757,117.98,1.61,-86.52,1
16-05-2022 14:00,EDT,CAPITL,61757,125.4,1.23,-103.01,1
16-05-2022 15:00,EDT,CAPITL,61757,132.96,0.88,-116.69,1
16-05-2022 16:00,EDT,CAPITL,61757,142.28,0.63,-131.06,1
16-05-2022 17:00,EDT,CAPITL,61757,146.57,0.3,-141.15,1
16-05-2022 18:00,EDT,CAPITL,61757,139.33,0.7,-126.92,1
16-05-2022 19:00,EDT,CAPITL,61757,134.95,0.71,-121.95,1
16-05-2022 20:00,EDT,CAPITL,61757,130.93,0.92,-114.62,1
16-05-2022 21:00,EDT,CAPITL,61757,126.55,0.45,-117.6,1
16-05-2022 22:00,EDT,CAPITL,61757,109.38,0.26,-104,1
16-05-2022 23:00,EDT,CAPITL,61757,99.07,0.07,-97.45,1
17-05-2022 00:00,EDT,CAPITL,61757,87.34,0.04,-86.26,1
17-05-2022 01:00,EDT,CAPITL,61757,82.37,0.04,-81.29,1
17-05-2022 02:00,EDT,CAPITL,61757,82.14,0.04,-81.07,1
17-05-2022 03:00,EDT,CAPITL,61757,80.17,0.02,-79.64,1
17-05-2022 04:00,EDT,CAPITL,61757,79.83,0.04,-78.75,1
17-05-2022 05:00,EDT,CAPITL,61757,83.12,0.04,-82.04,1
17-05-2022 06:00,EDT,CAPITL,61757,93.68,0.27,-87.74,1
17-05-2022 07:00,EDT,CAPITL,61757,93.2,0.53,-81.42,1
17-05-2022 08:00,EDT,CAPITL,61757,97.24,0.22,-92.77,1
17-05-2022 09:00,EDT,CAPITL,61757,96.62,0.27,-90.12,1
17-05-2022 10:00,EDT,CAPITL,61757,97.53,0.26,-91.2,1
17-05-2022 11:00,EDT,CAPITL,61757,97.96,0.24,-91.5,1
17-05-2022 12:00,EDT,CAPITL,61757,100.47,0.18,-95.79,1
17-05-2022 13:00,EDT,CAPITL,61757,103.36,0.11,-100.56,1
17-05-2022 14:00,EDT,CAPITL,61757,105.51,0.04,-104.43,1
17-05-2022 15:00,EDT,CAPITL,61757,108.27,0.04,-107.18,1
17-05-2022 16:00,EDT,CAPITL,61757,122.26,0.05,-121.18,1
17-05-2022 17:00,EDT,CAPITL,61757,129.32,0.1,-127.25,1
17-05-2022 18:00,EDT,CAPITL,61757,127.91,0.31,-121.31,1
17-05-2022 19:00,EDT,CAPITL,61757,118.98,0.41,-110.59,1
17-05-2022 20:00,EDT,CAPITL,61757,114.51,0.8,-98.26,1
17-05-2022 21:00,EDT,CAPITL,61757,96.78,0.77,-80.22,1
17-05-2022 22:00,EDT,CAPITL,61757,86.75,0.71,-70.6,1
17-05-2022 23:00,EDT,CAPITL,61757,85.6,0.43,-74.85,1
18-05-2022 00:00,EDT,CAPITL,61757,91.03,0.34,-82.5,1
18-05-2022 01:00,EDT,CAPITL,61757,82.4,0.26,-75.59,1
18-05-2022 02:00,EDT,CAPITL,61757,77.36,0.28,-69.97,1
18-05-2022 03:00,EDT,CAPITL,61757,76.37,0.3,-68.87,1
18-05-2022 04:00,EDT,CAPITL,61757,76.13,0.38,-66.55,1
18-05-2022 05:00,EDT,CAPITL,61757,82.51,0.6,-67.75,1
18-05-2022 06:00,EDT,CAPITL,61757,85.25,1.33,-53.71,1
18-05-2022 07:00,EDT,CAPITL,61757,85.92,1.53,-48.02,1
18-05-2022 08:00,EDT,CAPITL,61757,85.41,1.83,-43,1
18-05-2022 09:00,EDT,CAPITL,61757,81.49,1.71,-39.92,1
18-05-2022 10:00,EDT,CAPITL,61757,74.47,1.67,-29.97,1
18-05-2022 11:00,EDT,CAPITL,61757,75.1,1.7,-31.92,1
18-05-2022 12:00,EDT,CAPITL,61757,76.34,1.54,-34.23,1
18-05-2022 13:00,EDT,CAPITL,61757,78.39,1.34,-38.72,1
18-05-2022 14:00,EDT,CAPITL,61757,80.28,1.48,-38.77,1
18-05-2022 15:00,EDT,CAPITL,61757,70.23,1.63,-28.91,1
18-05-2022 16:00,EDT,CAPITL,61757,82.67,1.52,-44.06,1
18-05-2022 17:00,EDT,CAPITL,61757,96.75,1.66,-56.4,1
18-05-2022 18:00,EDT,CAPITL,61757,91.17,1.77,-47.27,1
18-05-2022 19:00,EDT,CAPITL,61757,98.95,1.75,-55.45,1
18-05-2022 20:00,EDT,CAPITL,61757,95.8,2.09,-50.13,1
18-05-2022 21:00,EDT,CAPITL,61757,86.5,1.85,-44.42,1
18-05-2022 22:00,EDT,CAPITL,61757,84.59,1.44,-51.78,1
18-05-2022 23:00,EDT,CAPITL,61757,82.66,1.22,-52.94,1
19-05-2022 00:00,EDT,CAPITL,61757,84.32,0.39,-73.67,1
19-05-2022 01:00,EDT,CAPITL,61757,83.66,0.26,-76.5,1
19-05-2022 02:00,EDT,CAPITL,61757,81.21,0.16,-76.55,1
19-05-2022 03:00,EDT,CAPITL,61757,80.63,0.13,-76.84,1
19-05-2022 04:00,EDT,CAPITL,61757,80.6,0.13,-76.66,1
19-05-2022 05:00,EDT,CAPITL,61757,85.54,0.26,-78.33,1
19-05-2022 06:00,EDT,CAPITL,61757,94.74,0.7,-77.75,1
19-05-2022 07:00,EDT,CAPITL,61757,98.01,1.02,-73.35,1
19-05-2022 08:00,EDT,CAPITL,61757,100.2,1.34,-70.88,1
19-05-2022 09:00,EDT,CAPITL,61757,99,1.35,-69.62,1
19-05-2022 10:00,EDT,CAPITL,61757,95.44,1.27,-67.15,1
19-05-2022 11:00,EDT,CAPITL,61757,103.25,1.25,-76.04,1
19-05-2022 12:00,EDT,CAPITL,61757,98.65,1.03,-75.67,1
19-05-2022 13:00,EDT,CAPITL,61757,99.6,1.04,-76.91,1
19-05-2022 14:00,EDT,CAPITL,61757,93.42,0.96,-71.19,1
19-05-2022 15:00,EDT,CAPITL,61757,85.56,0.92,-62.15,1
19-05-2022 16:00,EDT,CAPITL,61757,88.64,1.15,-59.45,1
19-05-2022 17:00,EDT,CAPITL,61757,111.99,1.36,-79.61,1
19-05-2022 18:00,EDT,CAPITL,61757,131.39,1.55,-94.66,1
19-05-2022 19:00,EDT,CAPITL,61757,124.58,1.59,-85.06,1
19-05-2022 20:00,EDT,CAPITL,61757,132.39,2.17,-82.15,1
19-05-2022 21:00,EDT,CAPITL,61757,94.88,2.42,-39.86,1
19-05-2022 22:00,EDT,CAPITL,61757,90.17,1.63,-51.44,1
19-05-2022 23:00,EDT,CAPITL,61757,87.8,1.35,-55.01,1
20-05-2022 00:00,EDT,CAPITL,61757,93.03,0.34,-83.47,1
20-05-2022 01:00,EDT,CAPITL,61757,88.69,0.26,-81.26,1
20-05-2022 02:00,EDT,CAPITL,61757,89.97,0.19,-83.79,1
20-05-2022 03:00,EDT,CAPITL,61757,89.87,0.08,-87.09,1
20-05-2022 04:00,EDT,CAPITL,61757,92.24,0.08,-89.8,1
20-05-2022 05:00,EDT,CAPITL,61757,94.68,0.11,-91.47,1
20-05-2022 06:00,EDT,CAPITL,61757,101.29,0.29,-93.8,1
20-05-2022 07:00,EDT,CAPITL,61757,107,0.61,-91.46,1
20-05-2022 08:00,EDT,CAPITL,61757,98.07,1.03,-74.24,1
20-05-2022 09:00,EDT,CAPITL,61757,82.3,0.95,-58.3,1
20-05-2022 10:00,EDT,CAPITL,61757,88.59,1.18,-59.28,1
20-05-2022 11:00,EDT,CAPITL,61757,93.16,1.35,-61.11,1
20-05-2022 12:00,EDT,CAPITL,61757,97,1.48,-61.02,1
20-05-2022 13:00,EDT,CAPITL,61757,108.45,1.6,-72.89,1
20-05-2022 14:00,EDT,CAPITL,61757,118,1.64,-81.57,1
20-05-2022 15:00,EDT,CAPITL,61757,96.95,1.83,-57.84,1
20-05-2022 16:00,EDT,CAPITL,61757,122.17,1.91,-84.82,1
20-05-2022 17:00,EDT,CAPITL,61757,161.42,2.09,-122,1
20-05-2022 18:00,EDT,CAPITL,61757,161.15,2.72,-109.81,1
20-05-2022 19:00,EDT,CAPITL,61757,157.61,2.24,-115.37,1
20-05-2022 20:00,EDT,CAPITL,61757,154.68,2.35,-112.44,1
20-05-2022 21:00,EDT,CAPITL,61757,129.45,1.94,-93.37,1
20-05-2022 22:00,EDT,CAPITL,61757,110.35,1.98,-73.53,1
20-05-2022 23:00,EDT,CAPITL,61757,104.46,1.34,-77.92,1
21-05-2022 00:00,EDT,CAPITL,61757,112.19,0.33,-104.92,1
21-05-2022 01:00,EDT,CAPITL,61757,104.37,0.25,-98.9,1
21-05-2022 02:00,EDT,CAPITL,61757,102.06,0.17,-98.21,1
21-05-2022 03:00,EDT,CAPITL,61757,101.04,0.07,-99.42,1
21-05-2022 04:00,EDT,CAPITL,61757,99.97,0.1,-97.7,1
21-05-2022 05:00,EDT,CAPITL,61757,100.68,0.1,-98.42,1
21-05-2022 06:00,EDT,CAPITL,61757,98.52,0.23,-93.15,1
21-05-2022 07:00,EDT,CAPITL,61757,101.88,0.4,-93.06,1
21-05-2022 08:00,EDT,CAPITL,61757,101.02,0.74,-85.75,1
21-05-2022 09:00,EDT,CAPITL,61757,105.25,1.62,-71.83,1
21-05-2022 10:00,EDT,CAPITL,61757,115.42,1.79,-78.58,1
21-05-2022 11:00,EDT,CAPITL,61757,142.14,1.83,-105.83,1
21-05-2022 12:00,EDT,CAPITL,61757,152.08,2.26,-111.44,1
21-05-2022 13:00,EDT,CAPITL,61757,158.16,2.33,-117.65,1
21-05-2022 14:00,EDT,CAPITL,61757,163.37,2.7,-118.46,1
21-05-2022 15:00,EDT,CAPITL,61757,188.27,2.65,-146.64,1
21-05-2022 16:00,EDT,CAPITL,61757,203.91,2.97,-158.57,1
21-05-2022 17:00,EDT,CAPITL,61757,226.65,3.54,-173.31,1
21-05-2022 18:00,EDT,CAPITL,61757,265.79,3.42,-213.44,1
21-05-2022 19:00,EDT,CAPITL,61757,250.58,2.74,-206.31,1
21-05-2022 20:00,EDT,CAPITL,61757,252.43,2.55,-211.81,1
21-05-2022 21:00,EDT,CAPITL,61757,184.12,2.49,-144.99,1
21-05-2022 22:00,EDT,CAPITL,61757,149.31,2.05,-115.18,1
21-05-2022 23:00,EDT,CAPITL,61757,144.77,1.64,-114.29,1
22-05-2022 00:00,EDT,CAPITL,61757,134.99,0.77,-119.42,1
22-05-2022 01:00,EDT,CAPITL,61757,134.03,0.72,-121.14,1
22-05-2022 02:00,EDT,CAPITL,61757,126.14,0.42,-117.92,1
22-05-2022 03:00,EDT,CAPITL,61757,110.03,0.35,-102.49,1
22-05-2022 04:00,EDT,CAPITL,61757,110.34,0.34,-103.29,1
22-05-2022 05:00,EDT,CAPITL,61757,103.81,0.34,-96.57,1
22-05-2022 06:00,EDT,CAPITL,61757,99.2,0.38,-91.62,1
22-05-2022 07:00,EDT,CAPITL,61757,106.23,0.43,-98.14,1
22-05-2022 08:00,EDT,CAPITL,61757,116.21,0.53,-106.55,1
22-05-2022 09:00,EDT,CAPITL,61757,128.92,0.53,-118.24,1
22-05-2022 10:00,EDT,CAPITL,61757,147.1,0.39,-139.52,1
22-05-2022 11:00,EDT,CAPITL,61757,157.81,0.46,-149.66,1
22-05-2022 12:00,EDT,CAPITL,61757,170.33,0.62,-159.25,1
22-05-2022 13:00,EDT,CAPITL,61757,163.18,0.3,-157.45,1
22-05-2022 14:00,EDT,CAPITL,61757,182.74,0.15,-180.01,1
22-05-2022 15:00,EDT,CAPITL,61757,184.39,0.15,-181.58,1
22-05-2022 16:00,EDT,CAPITL,61757,200,0.2,-196.12,1
22-05-2022 17:00,EDT,CAPITL,61757,212.81,0.2,-208.94,1
22-05-2022 18:00,EDT,CAPITL,61757,228.35,0.2,-224.48,1
22-05-2022 19:00,EDT,CAPITL,61757,200,0.38,-192.42,1
22-05-2022 20:00,EDT,CAPITL,61757,203.79,0.14,-200.95,1
22-05-2022 21:00,EDT,CAPITL,61757,187.04,0.2,-183.16,1
22-05-2022 22:00,EDT,CAPITL,61757,159.83,0.18,-156.13,1
22-05-2022 23:00,EDT,CAPITL,61757,141.42,0.23,-136.3,1
23-05-2022 00:00,EDT,CAPITL,61757,104.52,0.34,-96.88,1
23-05-2022 01:00,EDT,CAPITL,61757,97.1,0.3,-89.87,1
23-05-2022 02:00,EDT,CAPITL,61757,90.96,0.3,-83.75,1
23-05-2022 03:00,EDT,CAPITL,61757,83.09,0.3,-75.87,1
23-05-2022 04:00,EDT,CAPITL,61757,83.23,0.32,-75.59,1
23-05-2022 05:00,EDT,CAPITL,61757,74.7,0.85,-59.26,1
23-05-2022 06:00,EDT,CAPITL,61757,77.95,1.93,-44.86,1
23-05-2022 07:00,EDT,CAPITL,61757,84.98,1.94,-47.66,1
23-05-2022 08:00,EDT,CAPITL,61757,82.45,2.63,-36.74,1
23-05-2022 09:00,EDT,CAPITL,61757,77.75,2.12,-37.83,1
23-05-2022 10:00,EDT,CAPITL,61757,73.08,2.36,-29.2,1
23-05-2022 11:00,EDT,CAPITL,61757,73.82,2.21,-32.19,1
23-05-2022 12:00,EDT,CAPITL,61757,74.25,2.18,-32.35,1
23-05-2022 13:00,EDT,CAPITL,61757,75.4,2.14,-34.4,1
23-05-2022 14:00,EDT,CAPITL,61757,77.58,1.91,-40.2,1
23-05-2022 15:00,EDT,CAPITL,61757,80,1.86,-43.04,1
23-05-2022 16:00,EDT,CAPITL,61757,83.85,2.1,-43.62,1
23-05-2022 17:00,EDT,CAPITL,61757,96.43,2.32,-53.4,1
23-05-2022 18:00,EDT,CAPITL,61757,121.63,2.18,-81.78,1
23-05-2022 19:00,EDT,CAPITL,61757,102.74,2.26,-60.16,1
23-05-2022 20:00,EDT,CAPITL,61757,117.35,2.38,-74.68,1
23-05-2022 21:00,EDT,CAPITL,61757,88.21,2.45,-46.2,1
23-05-2022 22:00,EDT,CAPITL,61757,84.52,1.87,-53.43,1
23-05-2022 23:00,EDT,CAPITL,61757,78.61,1.4,-52.25,1
24-05-2022 00:00,EDT,CAPITL,61757,72.88,0.96,-52.27,1
24-05-2022 01:00,EDT,CAPITL,61757,71.19,0.84,-53.53,1
24-05-2022 02:00,EDT,CAPITL,61757,68.93,0.8,-51.37,1
24-05-2022 03:00,EDT,CAPITL,61757,66.33,0.72,-51.25,1
24-05-2022 04:00,EDT,CAPITL,61757,67.94,0.78,-51.58,1
24-05-2022 05:00,EDT,CAPITL,61757,70.32,0.87,-52.63,1
24-05-2022 06:00,EDT,CAPITL,61757,80.08,1.35,-51.8,1
24-05-2022 07:00,EDT,CAPITL,61757,81.01,1.53,-50.5,1
24-05-2022 08:00,EDT,CAPITL,61757,77.04,2.13,-36.9,1
24-05-2022 09:00,EDT,CAPITL,61757,70.08,2.09,-26.1,1
24-05-2022 10:00,EDT,CAPITL,61757,68.58,2.03,-22.48,1
24-05-2022 11:00,EDT,CAPITL,61757,71.37,1.89,-25.4,1
24-05-2022 12:00,EDT,CAPITL,61757,69.52,1.79,-24.04,1
24-05-2022 13:00,EDT,CAPITL,61757,69.23,1.85,-23.21,1
24-05-2022 14:00,EDT,CAPITL,61757,69.6,1.79,-24.27,1
24-05-2022 15:00,EDT,CAPITL,61757,76.68,1.87,-32.34,1
24-05-2022 16:00,EDT,CAPITL,61757,66.91,2.17,-22.15,1
24-05-2022 17:00,EDT,CAPITL,61757,73.94,2.26,-31.23,1
24-05-2022 18:00,EDT,CAPITL,61757,83.59,2.5,-37.93,1
24-05-2022 19:00,EDT,CAPITL,61757,87.51,2.63,-41.84,1
24-05-2022 20:00,EDT,CAPITL,61757,88.55,2.8,-40.53,1
24-05-2022 21:00,EDT,CAPITL,61757,77.02,2.67,-30.64,1
24-05-2022 22:00,EDT,CAPITL,61757,84.88,0.93,-61.28,1
24-05-2022 23:00,EDT,CAPITL,61757,79.94,0.77,-56.52,1
25-05-2022 00:00,EDT,CAPITL,61757,80.63,0.43,-65.29,1
25-05-2022 01:00,EDT,CAPITL,61757,78.11,0.32,-67.61,1
25-05-2022 02:00,EDT,CAPITL,61757,76.8,0.3,-66.98,1
25-05-2022 03:00,EDT,CAPITL,61757,76.22,0.26,-67.6,1
25-05-2022 04:00,EDT,CAPITL,61757,74.46,0.34,-63.17,1
25-05-2022 05:00,EDT,CAPITL,61757,83.79,0.47,-69.11,1
25-05-2022 06:00,EDT,CAPITL,61757,87.76,0.78,-66.42,1
25-05-2022 07:00,EDT,CAPITL,61757,97.07,0.76,-76.8,1
25-05-2022 08:00,EDT,CAPITL,61757,99.78,0.98,-74.83,1
25-05-2022 09:00,EDT,CAPITL,61757,95.83,0.99,-70.8,1
25-05-2022 10:00,EDT,CAPITL,61757,89.6,1,-62.36,1
25-05-2022 11:00,EDT,CAPITL,61757,90.4,1.1,-63.03,1
25-05-2022 12:00,EDT,CAPITL,61757,89.54,1.04,-63.72,1
25-05-2022 13:00,EDT,CAPITL,61757,90.3,1.03,-64.64,1
25-05-2022 14:00,EDT,CAPITL,61757,95.36,1.06,-69.74,1
25-05-2022 15:00,EDT,CAPITL,61757,95.36,1.13,-66.77,1
25-05-2022 16:00,EDT,CAPITL,61757,115.11,1.29,-82.49,1
25-05-2022 17:00,EDT,CAPITL,61757,122.85,1.36,-89.77,1
25-05-2022 18:00,EDT,CAPITL,61757,118.68,1.61,-81.25,1
25-05-2022 19:00,EDT,CAPITL,61757,120.56,1.41,-88.59,1
25-05-2022 20:00,EDT,CAPITL,61757,121.5,1.38,-91.36,1
25-05-2022 21:00,EDT,CAPITL,61757,94.87,1.17,-66.48,1
25-05-2022 22:00,EDT,CAPITL,61757,91.88,0.67,-75.19,1
25-05-2022 23:00,EDT,CAPITL,61757,92.46,0.3,-84.2,1
26-05-2022 00:00,EDT,CAPITL,61757,93.69,0.07,-91.28,1
26-05-2022 01:00,EDT,CAPITL,61757,86.9,0.03,-85.85,1
26-05-2022 02:00,EDT,CAPITL,61757,83.48,0.03,-82.43,1
26-05-2022 03:00,EDT,CAPITL,61757,82.74,0.01,-82.48,1
26-05-2022 04:00,EDT,CAPITL,61757,83.74,0.03,-82.68,1
26-05-2022 05:00,EDT,CAPITL,61757,93.07,0.01,-92.7,1
26-05-2022 06:00,EDT,CAPITL,61757,104.11,0.18,-99.55,1
26-05-2022 07:00,EDT,CAPITL,61757,112.8,0.2,-107.5,1
26-05-2022 08:00,EDT,CAPITL,61757,111.16,0.36,-101.56,1
26-05-2022 09:00,EDT,CAPITL,61757,104.3,0.25,-97.17,1
26-05-2022 10:00,EDT,CAPITL,61757,99.67,0.37,-89.2,1
26-05-2022 11:00,EDT,CAPITL,61757,103.94,0.42,-92.07,1
26-05-2022 12:00,EDT,CAPITL,61757,105.97,0.44,-93.62,1
26-05-2022 13:00,EDT,CAPITL,61757,110.6,0.44,-98.3,1
26-05-2022 14:00,EDT,CAPITL,61757,108.16,0.61,-91.53,1
26-05-2022 15:00,EDT,CAPITL,61757,106.46,0.72,-85.71,1
26-05-2022 16:00,EDT,CAPITL,61757,127.39,0.63,-111.06,1
26-05-2022 17:00,EDT,CAPITL,61757,133.02,0.64,-116.66,1
26-05-2022 18:00,EDT,CAPITL,61757,128.67,0.78,-108.96,1
26-05-2022 19:00,EDT,CAPITL,61757,135.46,0.61,-119.97,1
26-05-2022 20:00,EDT,CAPITL,61757,130.96,0.75,-112.38,1
26-05-2022 21:00,EDT,CAPITL,61757,108.48,0.68,-91.99,1
26-05-2022 22:00,EDT,CAPITL,61757,98.41,0.62,-83.64,1
26-05-2022 23:00,EDT,CAPITL,61757,97.68,0.28,-90.37,1
27-05-2022 00:00,EDT,CAPITL,61757,109.95,0.11,-107.69,1
27-05-2022 01:00,EDT,CAPITL,61757,103.32,0.05,-102.24,1
27-05-2022 02:00,EDT,CAPITL,61757,97.17,0.03,-96.63,1
27-05-2022 03:00,EDT,CAPITL,61757,95.41,0.01,-95.14,1
27-05-2022 04:00,EDT,CAPITL,61757,100.07,0.05,-99,1
27-05-2022 05:00,EDT,CAPITL,61757,112.4,0.06,-111.32,1
27-05-2022 06:00,EDT,CAPITL,61757,135.1,0.3,-129.68,1
27-05-2022 07:00,EDT,CAPITL,61757,151.41,0.35,-144.89,1
27-05-2022 08:00,EDT,CAPITL,61757,140.98,1.16,-123.08,1
27-05-2022 09:00,EDT,CAPITL,61757,114.94,5.09,-52.66,1
27-05-2022 10:00,EDT,CAPITL,61757,114.72,5.25,-48.49,1
27-05-2022 11:00,EDT,CAPITL,61757,120.86,5.44,-52.91,1
27-05-2022 12:00,EDT,CAPITL,61757,117.24,5.69,-46.16,1
27-05-2022 13:00,EDT,CAPITL,61757,111.76,5.13,-46.98,1
27-05-2022 14:00,EDT,CAPITL,61757,104.73,5.41,-36.36,1
27-05-2022 15:00,EDT,CAPITL,61757,110.3,5.46,-42.07,1
27-05-2022 16:00,EDT,CAPITL,61757,113.91,5.88,-41.96,1
27-05-2022 17:00,EDT,CAPITL,61757,132.36,5.96,-60.22,1
27-05-2022 18:00,EDT,CAPITL,61757,158.92,6.72,-79.94,1
27-05-2022 19:00,EDT,CAPITL,61757,161.82,6.45,-86,1
27-05-2022 20:00,EDT,CAPITL,61757,168.02,6.32,-94.42,1
27-05-2022 21:00,EDT,CAPITL,61757,128.57,6.02,-58.46,1
27-05-2022 22:00,EDT,CAPITL,61757,119.08,4.99,-61.01,1
27-05-2022 23:00,EDT,CAPITL,61757,93.33,3.81,-47.15,1
28-05-2022 00:00,EDT,CAPITL,61757,87.13,2.96,-50.52,1
28-05-2022 01:00,EDT,CAPITL,61757,85.24,2.24,-57.01,1
28-05-2022 02:00,EDT,CAPITL,61757,83.41,1.89,-57.88,1
28-05-2022 03:00,EDT,CAPITL,61757,81.73,1.49,-61.63,1
28-05-2022 04:00,EDT,CAPITL,61757,82.18,1.44,-62.9,1
28-05-2022 05:00,EDT,CAPITL,61757,78.97,1.2,-62.81,1
28-05-2022 06:00,EDT,CAPITL,61757,79.08,1.98,-54.39,1
28-05-2022 07:00,EDT,CAPITL,61757,82.21,1.52,-60.99,1
28-05-2022 08:00,EDT,CAPITL,61757,82.09,3.77,-37.36,1
28-05-2022 09:00,EDT,CAPITL,61757,82.68,4.42,-32.24,1
28-05-2022 10:00,EDT,CAPITL,61757,77.49,4.11,-29.21,1
28-05-2022 11:00,EDT,CAPITL,61757,82.31,3.74,-38.8,1
28-05-2022 12:00,EDT,CAPITL,61757,83.4,3.41,-42.54,1
28-05-2022 13:00,EDT,CAPITL,61757,88.52,2.41,-58.7,1
28-05-2022 14:00,EDT,CAPITL,61757,80.48,2.32,-50.87,1
28-05-2022 15:00,EDT,CAPITL,61757,82.93,2.27,-53.65,1
28-05-2022 16:00,EDT,CAPITL,61757,85,2.36,-55.49,1
28-05-2022 17:00,EDT,CAPITL,61757,104.82,2.9,-68.56,1
28-05-2022 18:00,EDT,CAPITL,61757,114.84,3.75,-70.26,1
28-05-2022 19:00,EDT,CAPITL,61757,122.05,5.2,-58.37,1
28-05-2022 20:00,EDT,CAPITL,61757,120.42,5.32,-55.97,1
28-05-2022 21:00,EDT,CAPITL,61757,95.16,5.19,-31.66,1
28-05-2022 22:00,EDT,CAPITL,61757,75.12,3.96,-26.17,1
28-05-2022 23:00,EDT,CAPITL,61757,87.79,2.31,-53.34,1
29-05-2022 00:00,EDT,CAPITL,61757,70.61,3.88,-17.05,1
29-05-2022 01:00,EDT,CAPITL,61757,68.19,3.73,-16.07,1
29-05-2022 02:00,EDT,CAPITL,61757,71.29,2.41,-38.06,1
29-05-2022 03:00,EDT,CAPITL,61757,70.81,1.95,-42.92,1
29-05-2022 04:00,EDT,CAPITL,61757,69.43,2.02,-41.47,1
29-05-2022 05:00,EDT,CAPITL,61757,67.16,2.1,-38.88,1
29-05-2022 06:00,EDT,CAPITL,61757,66.98,2.11,-38.77,1
29-05-2022 07:00,EDT,CAPITL,61757,69.02,2.07,-41.12,1
29-05-2022 08:00,EDT,CAPITL,61757,65.69,3.73,-20.97,1
29-05-2022 09:00,EDT,CAPITL,61757,58.52,4.01,-10.84,1
29-05-2022 10:00,EDT,CAPITL,61757,56.07,4.36,-1.08,1
29-05-2022 11:00,EDT,CAPITL,61757,53.83,4.27,-1.62,1
29-05-2022 12:00,EDT,CAPITL,61757,56.88,4.27,-1.09,1
29-05-2022 13:00,EDT,CAPITL,61757,55.47,4.09,-1.51,1
29-05-2022 14:00,EDT,CAPITL,61757,58.24,4.31,-1.38,1
29-05-2022 15:00,EDT,CAPITL,61757,64.8,5.13,0,1
29-05-2022 16:00,EDT,CAPITL,61757,74.59,5.75,-6.28,1
29-05-2022 17:00,EDT,CAPITL,61757,88.01,6.5,-12.3,1
29-05-2022 18:00,EDT,CAPITL,61757,93.21,7.08,-12.37,1
29-05-2022 19:00,EDT,CAPITL,61757,96.1,7.32,-11.76,1
29-05-2022 20:00,EDT,CAPITL,61757,95.28,7.13,-13.91,1
29-05-2022 21:00,EDT,CAPITL,61757,79.18,6.39,-5.52,1
29-05-2022 22:00,EDT,CAPITL,61757,72.1,5.63,-5.89,1
29-05-2022 23:00,EDT,CAPITL,61757,70.14,3.77,-19.87,1
30-05-2022 00:00,EDT,CAPITL,61757,68.47,3.29,-18.88,1
30-05-2022 01:00,EDT,CAPITL,61757,66.92,2.77,-23.93,1
30-05-2022 02:00,EDT,CAPITL,61757,67.23,2.43,-29.49,1
30-05-2022 03:00,EDT,CAPITL,61757,65.85,2.15,-31.6,1
30-05-2022 04:00,EDT,CAPITL,61757,65.29,2.17,-31.18,1
30-05-2022 05:00,EDT,CAPITL,61757,61.98,2.73,-19.11,1
30-05-2022 06:00,EDT,CAPITL,61757,65.43,3.02,-19.29,1
30-05-2022 07:00,EDT,CAPITL,61757,71.69,3.18,-23.68,1
30-05-2022 08:00,EDT,CAPITL,61757,64.18,4.7,0,1
30-05-2022 09:00,EDT,CAPITL,61757,65.1,4.71,0,1
30-05-2022 10:00,EDT,CAPITL,61757,69.03,4.64,0,1
30-05-2022 11:00,EDT,CAPITL,61757,71.78,5.01,0,1
30-05-2022 12:00,EDT,CAPITL,61757,81.01,5.87,0,1
30-05-2022 13:00,EDT,CAPITL,61757,78.42,5.47,-0.87,1
30-05-2022 14:00,EDT,CAPITL,61757,79.96,5.69,-2.29,1
30-05-2022 15:00,EDT,CAPITL,61757,80.69,5.77,-3.64,1
30-05-2022 16:00,EDT,CAPITL,61757,89.85,7.07,-5.07,1
30-05-2022 17:00,EDT,CAPITL,61757,121.12,8.02,-24.91,1
30-05-2022 18:00,EDT,CAPITL,61757,138.51,8.88,-35.14,1
30-05-2022 19:00,EDT,CAPITL,61757,133.56,8.39,-36.93,1
30-05-2022 20:00,EDT,CAPITL,61757,129.72,7.86,-38.18,1
30-05-2022 21:00,EDT,CAPITL,61757,105.97,6.75,-27.39,1
30-05-2022 22:00,EDT,CAPITL,61757,89.61,6.13,-16.1,1
30-05-2022 23:00,EDT,CAPITL,61757,74.53,5.02,-8.29,1
31-05-2022 00:00,EDT,CAPITL,61757,85.29,3.61,-39.19,1
31-05-2022 01:00,EDT,CAPITL,61757,82.18,2.9,-43.89,1
31-05-2022 02:00,EDT,CAPITL,61757,83.9,2.13,-54.84,1
31-05-2022 03:00,EDT,CAPITL,61757,78.46,2.46,-44.53,1
31-05-2022 04:00,EDT,CAPITL,61757,77.75,2.8,-39.53,1
31-05-2022 05:00,EDT,CAPITL,61757,76.82,4.09,-25.75,1
31-05-2022 06:00,EDT,CAPITL,61757,84.67,4.83,-24.98,1
31-05-2022 07:00,EDT,CAPITL,61757,85.25,6.2,-7.78,1
31-05-2022 08:00,EDT,CAPITL,61757,92.69,7.23,-6.8,1
31-05-2022 09:00,EDT,CAPITL,61757,98.23,7.65,-4.57,1
31-05-2022 10:00,EDT,CAPITL,61757,103.48,8.27,-1.2,1
31-05-2022 11:00,EDT,CAPITL,61757,111.74,9.43,-0.92,1
31-05-2022 12:00,EDT,CAPITL,61757,117.7,9.78,-0.4,1
31-05-2022 13:00,EDT,CAPITL,61757,134.12,8.96,-30.91,1
31-05-2022 14:00,EDT,CAPITL,61757,161.7,9.07,-58.17,1
31-05-2022 15:00,EDT,CAPITL,61757,145.64,11.25,-16.02,1
31-05-2022 16:00,EDT,CAPITL,61757,186.6,10.37,-67.08,1
31-05-2022 17:00,EDT,CAPITL,61757,227.37,12.99,-79.1,1
31-05-2022 18:00,EDT,CAPITL,61757,180,13.45,-26.49,1
31-05-2022 19:00,EDT,CAPITL,61757,142.29,10.94,-18.52,1
31-05-2022 20:00,EDT,CAPITL,61757,141.21,9.5,-31.82,1
31-05-2022 21:00,EDT,CAPITL,61757,109.76,9.22,1.86,1
31-05-2022 22:00,EDT,CAPITL,61757,98.12,7.96,1.41,1
31-05-2022 23:00,EDT,CAPITL,61757,84.44,6.74,-1.19,1
01-06-2022 00:00,EDT,CAPITL,61757,76.57,5.83,-2.09,1
01-06-2022 01:00,EDT,CAPITL,61757,72.54,5.38,-3.85,1
01-06-2022 02:00,EDT,CAPITL,61757,68.39,4.5,-9.05,1
01-06-2022 03:00,EDT,CAPITL,61757,66.17,4.49,-7.54,1
01-06-2022 04:00,EDT,CAPITL,61757,65.62,4.55,-6.2,1
01-06-2022 05:00,EDT,CAPITL,61757,67.49,4.97,-3.42,1
01-06-2022 06:00,EDT,CAPITL,61757,75.57,4.73,-15.88,1
01-06-2022 07:00,EDT,CAPITL,61757,80.57,5.88,-6.27,1
01-06-2022 08:00,EDT,CAPITL,61757,83.24,6.03,-2.7,1
01-06-2022 09:00,EDT,CAPITL,61757,85.43,5.83,-4.96,1
01-06-2022 10:00,EDT,CAPITL,61757,89.98,6.09,-7.82,1
01-06-2022 11:00,EDT,CAPITL,61757,91.15,5.97,-7.73,1
01-06-2022 12:00,EDT,CAPITL,61757,93.66,6.4,-2.96,1
01-06-2022 13:00,EDT,CAPITL,61757,92.21,6.11,-4.66,1
01-06-2022 14:00,EDT,CAPITL,61757,93.15,6.18,-5.62,1
01-06-2022 15:00,EDT,CAPITL,61757,97.61,6.22,-9.46,1
01-06-2022 16:00,EDT,CAPITL,61757,97.52,6.68,-2.89,1
01-06-2022 17:00,EDT,CAPITL,61757,100.84,7.07,-3.16,1
01-06-2022 18:00,EDT,CAPITL,61757,101.49,6.71,-9.84,1
01-06-2022 19:00,EDT,CAPITL,61757,97.9,6.79,-9.27,1
01-06-2022 20:00,EDT,CAPITL,61757,93.49,6.53,-9.28,1
01-06-2022 21:00,EDT,CAPITL,61757,81.19,6.07,-1.89,1
01-06-2022 22:00,EDT,CAPITL,61757,74.57,5.87,-0.46,1
01-06-2022 23:00,EDT,CAPITL,61757,73.78,5.33,-0.91,1
02-06-2022 00:00,EDT,CAPITL,61757,73.02,4.54,-13.07,1
02-06-2022 01:00,EDT,CAPITL,61757,70.27,3.98,-18.3,1
02-06-2022 02:00,EDT,CAPITL,61757,67.57,3.16,-24.99,1
02-06-2022 03:00,EDT,CAPITL,61757,64.94,2.81,-25.67,1
02-06-2022 04:00,EDT,CAPITL,61757,68.36,2.51,-34.12,1
02-06-2022 05:00,EDT,CAPITL,61757,67.86,3.41,-22.27,1
02-06-2022 06:00,EDT,CAPITL,61757,71.89,4.33,-13.48,1
02-06-2022 07:00,EDT,CAPITL,61757,74.74,5.06,-7.14,1
02-06-2022 08:00,EDT,CAPITL,61757,76.21,5.62,-4.49,1
02-06-2022 09:00,EDT,CAPITL,61757,78.83,5.67,-4.87,1
02-06-2022 10:00,EDT,CAPITL,61757,80.07,5.66,-5.33,1
02-06-2022 11:00,EDT,CAPITL,61757,79.84,5.92,-4.2,1
02-06-2022 12:00,EDT,CAPITL,61757,77.98,5.98,0.91,1
02-06-2022 13:00,EDT,CAPITL,61757,75.44,5.86,0.2,1
02-06-2022 14:00,EDT,CAPITL,61757,76.05,6.04,0.18,1
02-06-2022 15:00,EDT,CAPITL,61757,77.97,6.33,-0.44,1
02-06-2022 16:00,EDT,CAPITL,61757,82.36,6.75,-2.22,1
02-06-2022 17:00,EDT,CAPITL,61757,95.51,7.34,-10.04,1
02-06-2022 18:00,EDT,CAPITL,61757,94.96,7.32,-9.76,1
02-06-2022 19:00,EDT,CAPITL,61757,96.7,6.69,-21,1
02-06-2022 20:00,EDT,CAPITL,61757,87.64,6.69,-11.98,1
02-06-2022 21:00,EDT,CAPITL,61757,76.85,6.25,-2.59,1
02-06-2022 22:00,EDT,CAPITL,61757,71.7,5.97,-0.78,1
02-06-2022 23:00,EDT,CAPITL,61757,76.02,3.76,-24.05,1
03-06-2022 00:00,EDT,CAPITL,61757,77.38,3.49,-30.76,1
03-06-2022 01:00,EDT,CAPITL,61757,68.72,3.08,-26.17,1
03-06-2022 02:00,EDT,CAPITL,61757,68.91,2.6,-31.11,1
03-06-2022 03:00,EDT,CAPITL,61757,65.42,2.47,-30.01,1
03-06-2022 04:00,EDT,CAPITL,61757,65.68,2.37,-31.74,1
03-06-2022 05:00,EDT,CAPITL,61757,70.18,2.82,-33.78,1
03-06-2022 06:00,EDT,CAPITL,61757,70.99,3.68,-27.72,1
03-06-2022 07:00,EDT,CAPITL,61757,75.48,4.18,-25.84,1
03-06-2022 08:00,EDT,CAPITL,61757,69.18,5.79,-2.48,1
03-06-2022 09:00,EDT,CAPITL,61757,67.66,5.44,-4.38,1
03-06-2022 10:00,EDT,CAPITL,61757,71.33,5.66,-5.38,1
03-06-2022 11:00,EDT,CAPITL,61757,72.3,5.65,-5.93,1
03-06-2022 12:00,EDT,CAPITL,61757,70.1,5.64,-5.7,1
03-06-2022 13:00,EDT,CAPITL,61757,73.61,5.74,-8.11,1
03-06-2022 14:00,EDT,CAPITL,61757,75,5.86,-9.33,1
03-06-2022 15:00,EDT,CAPITL,61757,75.66,5.98,-9.25,1
03-06-2022 16:00,EDT,CAPITL,61757,91,5.67,-28.08,1
03-06-2022 17:00,EDT,CAPITL,61757,93.72,5.65,-31.55,1
03-06-2022 18:00,EDT,CAPITL,61757,89.38,6.06,-23.92,1
03-06-2022 19:00,EDT,CAPITL,61757,91.63,5.24,-26.15,1
03-06-2022 20:00,EDT,CAPITL,61757,83.57,4.8,-24.88,1
03-06-2022 21:00,EDT,CAPITL,61757,76.67,4.37,-23.2,1
03-06-2022 22:00,EDT,CAPITL,61757,78.31,3.4,-35.4,1
03-06-2022 23:00,EDT,CAPITL,61757,78.7,2.94,-39.96,1
04-06-2022 00:00,EDT,CAPITL,61757,80.48,2.81,-42.51,1
04-06-2022 01:00,EDT,CAPITL,61757,78.83,1.7,-55.04,1
04-06-2022 02:00,EDT,CAPITL,61757,78.86,1.37,-58.94,1
04-06-2022 03:00,EDT,CAPITL,61757,76.21,0.99,-61.62,1
04-06-2022 04:00,EDT,CAPITL,61757,75.79,1.24,-58.23,1
04-06-2022 05:00,EDT,CAPITL,61757,77.13,1.21,-59.85,1
04-06-2022 06:00,EDT,CAPITL,61757,80.58,1.39,-60.82,1
04-06-2022 07:00,EDT,CAPITL,61757,82.55,1.58,-59.65,1
04-06-2022 08:00,EDT,CAPITL,61757,78.12,2.16,-48.91,1
04-06-2022 09:00,EDT,CAPITL,61757,76.21,2.23,-44.99,1
04-06-2022 10:00,EDT,CAPITL,61757,70.36,2.06,-41.51,1
04-06-2022 11:00,EDT,CAPITL,61757,73.43,2.03,-45.67,1
04-06-2022 12:00,EDT,CAPITL,61757,75.61,1.91,-48.93,1
04-06-2022 13:00,EDT,CAPITL,61757,76.98,1.63,-53.66,1
04-06-2022 14:00,EDT,CAPITL,61757,78.32,1.44,-57.98,1
04-06-2022 15:00,EDT,CAPITL,61757,79.93,1.58,-57.3,1
04-06-2022 16:00,EDT,CAPITL,61757,88.38,2.09,-60.15,1
04-06-2022 17:00,EDT,CAPITL,61757,100.04,2.74,-63.95,1
04-06-2022 18:00,EDT,CAPITL,61757,101.72,3.51,-58.79,1
04-06-2022 19:00,EDT,CAPITL,61757,92.85,3.62,-49.46,1
04-06-2022 20:00,EDT,CAPITL,61757,87.01,3.9,-40.22,1
04-06-2022 21:00,EDT,CAPITL,61757,78.06,3.95,-32.49,1
04-06-2022 22:00,EDT,CAPITL,61757,75.42,3.42,-32.61,1
04-06-2022 23:00,EDT,CAPITL,61757,75.93,2.88,-39.16,1
05-06-2022 00:00,EDT,CAPITL,61757,72.97,2.79,-30.83,1
05-06-2022 01:00,EDT,CAPITL,61757,73.01,1.85,-44.72,1
05-06-2022 02:00,EDT,CAPITL,61757,74.06,1.44,-51.45,1
05-06-2022 03:00,EDT,CAPITL,61757,72.84,1.07,-55.84,1
05-06-2022 04:00,EDT,CAPITL,61757,72.51,1.01,-56.44,1
05-06-2022 05:00,EDT,CAPITL,61757,67.44,1.16,-49.18,1
05-06-2022 06:00,EDT,CAPITL,61757,67,1.29,-46.08,1
05-06-2022 07:00,EDT,CAPITL,61757,67.28,1.34,-45.35,1
05-06-2022 08:00,EDT,CAPITL,61757,61.35,2.25,-27.81,1
05-06-2022 09:00,EDT,CAPITL,61757,61.97,2.48,-25.09,1
05-06-2022 10:00,EDT,CAPITL,61757,60.99,2.83,-18.34,1
05-06-2022 11:00,EDT,CAPITL,61757,63.06,3.11,-16.2,1
05-06-2022 12:00,EDT,CAPITL,61757,62.97,3.21,-14.5,1
05-06-2022 13:00,EDT,CAPITL,61757,63.74,2.94,-17.6,1
05-06-2022 14:00,EDT,CAPITL,61757,63.96,2.83,-19.48,1
05-06-2022 15:00,EDT,CAPITL,61757,65.59,3.31,-13.57,1
05-06-2022 16:00,EDT,CAPITL,61757,68.74,3.76,-14.15,1
05-06-2022 17:00,EDT,CAPITL,61757,79.24,4.5,-15.45,1
05-06-2022 18:00,EDT,CAPITL,61757,87.32,5.4,-16.1,1
05-06-2022 19:00,EDT,CAPITL,61757,90.33,4.91,-31.44,1
05-06-2022 20:00,EDT,CAPITL,61757,85.63,4.93,-21.99,1
05-06-2022 21:00,EDT,CAPITL,61757,68.25,5.48,-0.57,1
05-06-2022 22:00,EDT,CAPITL,61757,71.46,3.49,-26.45,1
05-06-2022 23:00,EDT,CAPITL,61757,68.64,3,-26.18,1
06-06-2022 00:00,EDT,CAPITL,61757,74.78,3.2,-32.11,1
06-06-2022 01:00,EDT,CAPITL,61757,71.39,2.9,-30.83,1
06-06-2022 02:00,EDT,CAPITL,61757,72.2,2.03,-42.76,1
06-06-2022 03:00,EDT,CAPITL,61757,69.96,2.03,-39.38,1
06-06-2022 04:00,EDT,CAPITL,61757,71.55,1.65,-46.27,1
06-06-2022 05:00,EDT,CAPITL,61757,71.29,2.31,-38.2,1
06-06-2022 06:00,EDT,CAPITL,61757,73.83,3.14,-31.43,1
06-06-2022 07:00,EDT,CAPITL,61757,78.71,2.99,-36.38,1
06-06-2022 08:00,EDT,CAPITL,61757,74.57,4.33,-17.98,1
06-06-2022 09:00,EDT,CAPITL,61757,74.54,4.53,-14.71,1
06-06-2022 10:00,EDT,CAPITL,61757,73.36,5.1,-6.73,1
06-06-2022 11:00,EDT,CAPITL,61757,73.98,5.56,-1.39,1
06-06-2022 12:00,EDT,CAPITL,61757,75.92,5.28,-6.32,1
06-06-2022 13:00,EDT,CAPITL,61757,76.23,5.6,-3.15,1
06-06-2022 14:00,EDT,CAPITL,61757,78.25,6.13,-0.81,1
06-06-2022 15:00,EDT,CAPITL,61757,85.35,5.99,-0.5,1
06-06-2022 16:00,EDT,CAPITL,61757,98.3,7.84,0.74,1
06-06-2022 17:00,EDT,CAPITL,61757,105.93,7.29,-15.83,1
06-06-2022 18:00,EDT,CAPITL,61757,100.21,8.32,-1.43,1
06-06-2022 19:00,EDT,CAPITL,61757,103.52,7.14,-17.06,1
06-06-2022 20:00,EDT,CAPITL,61757,94.11,5.86,-22.35,1
06-06-2022 21:00,EDT,CAPITL,61757,88,5.7,-18.21,1
06-06-2022 22:00,EDT,CAPITL,61757,79.6,3.39,-34.82,1
06-06-2022 23:00,EDT,CAPITL,61757,76.6,3.23,-33.99,1
07-06-2022 00:00,EDT,CAPITL,61757,77.24,2.62,-41.94,1
07-06-2022 01:00,EDT,CAPITL,61757,73.33,2.02,-45.1,1
07-06-2022 02:00,EDT,CAPITL,61757,71.2,1.66,-47.92,1
07-06-2022 03:00,EDT,CAPITL,61757,69.77,1.25,-51.93,1
07-06-2022 04:00,EDT,CAPITL,61757,70.81,1.39,-51.88,1
07-06-2022 05:00,EDT,CAPITL,61757,73.84,1.9,-48.17,1
07-06-2022 06:00,EDT,CAPITL,61757,77.26,2.58,-38.92,1
07-06-2022 07:00,EDT,CAPITL,61757,79.25,2.78,-37.92,1
07-06-2022 08:00,EDT,CAPITL,61757,76.95,3.53,-27.6,1
07-06-2022 09:00,EDT,CAPITL,61757,75.91,3.63,-24.43,1
07-06-2022 10:00,EDT,CAPITL,61757,75,4.55,-12.83,1
07-06-2022 11:00,EDT,CAPITL,61757,79.75,4.37,-17.89,1
07-06-2022 12:00,EDT,CAPITL,61757,85.9,4.04,-27.22,1
07-06-2022 13:00,EDT,CAPITL,61757,85.65,4.09,-27.71,1
07-06-2022 14:00,EDT,CAPITL,61757,86.86,3.97,-29.31,1
07-06-2022 15:00,EDT,CAPITL,61757,90.83,3.92,-33.96,1
07-06-2022 16:00,EDT,CAPITL,61757,105.06,4.58,-43.25,1
07-06-2022 17:00,EDT,CAPITL,61757,109.48,5.14,-41.69,1
07-06-2022 18:00,EDT,CAPITL,61757,104.41,5.41,-36.11,1
07-06-2022 19:00,EDT,CAPITL,61757,88.45,5.37,-19.16,1
07-06-2022 20:00,EDT,CAPITL,61757,83.56,5.61,-11.97,1
07-06-2022 21:00,EDT,CAPITL,61757,76.01,5.04,-10.96,1
07-06-2022 22:00,EDT,CAPITL,61757,74.14,3.55,-25.58,1
07-06-2022 23:00,EDT,CAPITL,61757,74.83,3.42,-27.6,1
08-06-2022 00:00,EDT,CAPITL,61757,83.8,2.9,-38.22,1
08-06-2022 01:00,EDT,CAPITL,61757,76.42,2.65,-34.22,1
08-06-2022 02:00,EDT,CAPITL,61757,71.85,2.64,-29.74,1
08-06-2022 03:00,EDT,CAPITL,61757,71.16,2.48,-31.72,1
08-06-2022 04:00,EDT,CAPITL,61757,71.42,2.72,-29.2,1
08-06-2022 05:00,EDT,CAPITL,61757,72.88,2.76,-30.61,1
08-06-2022 06:00,EDT,CAPITL,61757,79.57,3.37,-30.06,1
08-06-2022 07:00,EDT,CAPITL,61757,80.02,4.35,-19.14,1
08-06-2022 08:00,EDT,CAPITL,61757,78.78,6.11,-0.75,1
08-06-2022 09:00,EDT,CAPITL,61757,79.39,6.16,-0.73,1
08-06-2022 10:00,EDT,CAPITL,61757,82.3,6.3,-1,1
08-06-2022 11:00,EDT,CAPITL,61757,83.09,6.44,-0.8,1
08-06-2022 12:00,EDT,CAPITL,61757,84.74,6.55,-1.07,1
08-06-2022 13:00,EDT,CAPITL,61757,85.11,6.44,-1.09,1
08-06-2022 14:00,EDT,CAPITL,61757,90.98,6.44,-6.91,1
08-06-2022 15:00,EDT,CAPITL,61757,96.39,6.44,-12.26,1
08-06-2022 16:00,EDT,CAPITL,61757,109.82,6.33,-28.18,1
08-06-2022 17:00,EDT,CAPITL,61757,127.38,7.6,-32.33,1
08-06-2022 18:00,EDT,CAPITL,61757,119.35,7.55,-25,1
08-06-2022 19:00,EDT,CAPITL,61757,97.85,7.77,-1.85,1
08-06-2022 20:00,EDT,CAPITL,61757,99.34,7.86,-0.1,1
08-06-2022 21:00,EDT,CAPITL,61757,87.45,6.78,-4.42,1
08-06-2022 22:00,EDT,CAPITL,61757,82.63,6.01,-5.07,1
08-06-2022 23:00,EDT,CAPITL,61757,81.1,4.37,-19.17,1
09-06-2022 00:00,EDT,CAPITL,61757,79.92,4.63,-11.89,1
09-06-2022 01:00,EDT,CAPITL,61757,79,3.15,-30.82,1
09-06-2022 02:00,EDT,CAPITL,61757,75.69,2.73,-33.37,1
09-06-2022 03:00,EDT,CAPITL,61757,72.71,2.69,-30.56,1
09-06-2022 04:00,EDT,CAPITL,61757,74.03,2.83,-30.09,1
09-06-2022 05:00,EDT,CAPITL,61757,78.33,2.9,-33.99,1
09-06-2022 06:00,EDT,CAPITL,61757,86.65,3.35,-36.12,1
09-06-2022 07:00,EDT,CAPITL,61757,86.12,3.45,-37.93,1
09-06-2022 08:00,EDT,CAPITL,61757,87.56,3.75,-36.39,1
09-06-2022 09:00,EDT,CAPITL,61757,95.36,4.12,-39.02,1
09-06-2022 10:00,EDT,CAPITL,61757,91.89,4.17,-34.95,1
09-06-2022 11:00,EDT,CAPITL,61757,91.18,4.02,-34.27,1
09-06-2022 12:00,EDT,CAPITL,61757,90.56,4,-33.93,1
09-06-2022 13:00,EDT,CAPITL,61757,96.4,3.67,-43.88,1
09-06-2022 14:00,EDT,CAPITL,61757,100.25,3.31,-52.28,1
09-06-2022 15:00,EDT,CAPITL,61757,107.62,3.16,-60.65,1
09-06-2022 16:00,EDT,CAPITL,61757,113.57,3.46,-62.69,1
09-06-2022 17:00,EDT,CAPITL,61757,120.19,3.96,-64.87,1
09-06-2022 18:00,EDT,CAPITL,61757,114.05,4.18,-55.54,1
09-06-2022 19:00,EDT,CAPITL,61757,105.29,4.82,-38.7,1
09-06-2022 20:00,EDT,CAPITL,61757,96.62,5.52,-22.9,1
09-06-2022 21:00,EDT,CAPITL,61757,86.35,5.53,-10.85,1
09-06-2022 22:00,EDT,CAPITL,61757,81.33,3.62,-27.46,1
09-06-2022 23:00,EDT,CAPITL,61757,79.93,3.22,-30.67,1
10-06-2022 00:00,EDT,CAPITL,61757,84.38,2.83,-36.69,1
10-06-2022 01:00,EDT,CAPITL,61757,73.4,2.48,-31.54,1
10-06-2022 02:00,EDT,CAPITL,61757,71.48,2.06,-37.28,1
10-06-2022 03:00,EDT,CAPITL,61757,70.5,1.75,-40.95,1
10-06-2022 04:00,EDT,CAPITL,61757,70.88,1.87,-40.65,1
10-06-2022 05:00,EDT,CAPITL,61757,72.5,1.97,-40.67,1
10-06-2022 06:00,EDT,CAPITL,61757,80.29,2.95,-34.01,1
10-06-2022 07:00,EDT,CAPITL,61757,82.65,2.73,-40.29,1
10-06-2022 08:00,EDT,CAPITL,61757,80.51,2.94,-35.51,1
10-06-2022 09:00,EDT,CAPITL,61757,83.47,2.78,-41.03,1
10-06-2022 10:00,EDT,CAPITL,61757,82.97,2.95,-37.81,1
10-06-2022 11:00,EDT,CAPITL,61757,83.47,2.84,-36.87,1
10-06-2022 12:00,EDT,CAPITL,61757,83.61,3.05,-33.54,1
10-06-2022 13:00,EDT,CAPITL,61757,83.62,3.01,-33.66,1
10-06-2022 14:00,EDT,CAPITL,61757,80.79,3.43,-25.35,1
10-06-2022 15:00,EDT,CAPITL,61757,86.08,3.64,-30.48,1
10-06-2022 16:00,EDT,CAPITL,61757,102.78,3.69,-47.13,1
10-06-2022 17:00,EDT,CAPITL,61757,116.7,4.39,-53.76,1
10-06-2022 18:00,EDT,CAPITL,61757,102.81,5.01,-31.86,1
10-06-2022 19:00,EDT,CAPITL,61757,86.82,6.18,-0.39,1
10-06-2022 20:00,EDT,CAPITL,61757,83.71,5.54,-7.16,1
10-06-2022 21:00,EDT,CAPITL,61757,80.89,5.11,-11.02,1
10-06-2022 22:00,EDT,CAPITL,61757,80.3,4.31,-16.96,1
10-06-2022 23:00,EDT,CAPITL,61757,79.79,3.77,-20.65,1
11-06-2022 00:00,EDT,CAPITL,61757,69.69,3.35,-4.33,1
11-06-2022 01:00,EDT,CAPITL,61757,67.38,2.9,-10.66,1
11-06-2022 02:00,EDT,CAPITL,61757,68.43,2.56,-20.14,1
11-06-2022 03:00,EDT,CAPITL,61757,68.25,2.34,-24.04,1
11-06-2022 04:00,EDT,CAPITL,61757,65.42,2.22,-23.6,1
11-06-2022 05:00,EDT,CAPITL,61757,64.65,2.1,-25.6,1
11-06-2022 06:00,EDT,CAPITL,61757,66.91,2.17,-25.26,1
11-06-2022 07:00,EDT,CAPITL,61757,69.57,2.47,-20.53,1
11-06-2022 08:00,EDT,CAPITL,61757,66.2,3.59,-0.61,1
11-06-2022 09:00,EDT,CAPITL,61757,65.62,3.39,-2.76,1
11-06-2022 10:00,EDT,CAPITL,61757,66.64,3.72,1.3,1
11-06-2022 11:00,EDT,CAPITL,61757,66.64,3.56,1.75,1
11-06-2022 12:00,EDT,CAPITL,61757,67.25,3.38,2.39,1
11-06-2022 13:00,EDT,CAPITL,61757,66.94,3.1,-4.27,1
11-06-2022 14:00,EDT,CAPITL,61757,66.93,2.79,-8.41,1
11-06-2022 15:00,EDT,CAPITL,61757,68.77,3.08,-9.66,1
11-06-2022 16:00,EDT,CAPITL,61757,74.81,3.27,-13.1,1
11-06-2022 17:00,EDT,CAPITL,61757,85.9,3.99,-16.45,1
11-06-2022 18:00,EDT,CAPITL,61757,81.95,4.54,-6.52,1
11-06-2022 19:00,EDT,CAPITL,61757,81.59,5.18,0.83,1
11-06-2022 20:00,EDT,CAPITL,61757,81.86,4.8,-0.9,1
11-06-2022 21:00,EDT,CAPITL,61757,74.88,4.78,-0.69,1
11-06-2022 22:00,EDT,CAPITL,61757,74.2,4.35,-0.79,1
11-06-2022 23:00,EDT,CAPITL,61757,72.56,3.26,-11.08,1
12-06-2022 00:00,EDT,CAPITL,61757,78.71,2.7,-36.38,1
12-06-2022 01:00,EDT,CAPITL,61757,77.78,2.15,-42.59,1
12-06-2022 02:00,EDT,CAPITL,61757,74.01,1.82,-43.33,1
12-06-2022 03:00,EDT,CAPITL,61757,73.27,1.44,-48.94,1
12-06-2022 04:00,EDT,CAPITL,61757,70.98,1.55,-45.97,1
12-06-2022 05:00,EDT,CAPITL,61757,71.44,1.26,-51.72,1
12-06-2022 06:00,EDT,CAPITL,61757,68.21,1.42,-45.84,1
12-06-2022 07:00,EDT,CAPITL,61757,66.92,1.81,-38.54,1
12-06-2022 08:00,EDT,CAPITL,61757,63.27,2.66,-22.04,1
12-06-2022 09:00,EDT,CAPITL,61757,67.62,2.72,-25.38,1
12-06-2022 10:00,EDT,CAPITL,61757,72.19,3,-26.88,1
12-06-2022 11:00,EDT,CAPITL,61757,75,3.26,-25.16,1
12-06-2022 12:00,EDT,CAPITL,61757,74.95,3.6,-21.44,1
12-06-2022 13:00,EDT,CAPITL,61757,73.99,3.1,-17.39,1
12-06-2022 14:00,EDT,CAPITL,61757,73.32,2.97,-19.22,1
12-06-2022 15:00,EDT,CAPITL,61757,73.88,3.33,-14.05,1
12-06-2022 16:00,EDT,CAPITL,61757,76.13,3.54,-13.62,1
12-06-2022 17:00,EDT,CAPITL,61757,78.54,3.63,-16.4,1
12-06-2022 18:00,EDT,CAPITL,61757,82.74,4.24,-12.39,1
12-06-2022 19:00,EDT,CAPITL,61757,88.5,5.5,-0.92,1
12-06-2022 20:00,EDT,CAPITL,61757,77.7,5.17,-0.81,1
12-06-2022 21:00,EDT,CAPITL,61757,75.9,5.37,-0.76,1
12-06-2022 22:00,EDT,CAPITL,61757,72.61,5.37,-0.95,1
12-06-2022 23:00,EDT,CAPITL,61757,73.51,4.25,-12.6,1
13-06-2022 00:00,EDT,CAPITL,61757,74.45,4.12,-11.44,1
13-06-2022 01:00,EDT,CAPITL,61757,70.07,3.35,-18.14,1
13-06-2022 02:00,EDT,CAPITL,61757,70.09,3.22,-19.51,1
13-06-2022 03:00,EDT,CAPITL,61757,68.81,2.88,-22.32,1
13-06-2022 04:00,EDT,CAPITL,61757,69.65,2.85,-24.89,1
13-06-2022 05:00,EDT,CAPITL,61757,69.45,3.23,-20,1
13-06-2022 06:00,EDT,CAPITL,61757,73.59,3.96,-15.36,1
13-06-2022 07:00,EDT,CAPITL,61757,79.65,4.25,-17.91,1
13-06-2022 08:00,EDT,CAPITL,61757,74.25,5.5,-0.79,1
13-06-2022 09:00,EDT,CAPITL,61757,75.37,5.55,-1.32,1
13-06-2022 10:00,EDT,CAPITL,61757,74.76,5.47,-0.93,1
13-06-2022 11:00,EDT,CAPITL,61757,75.47,5.46,-0.92,1
13-06-2022 12:00,EDT,CAPITL,61757,78.47,5.69,-0.76,1
13-06-2022 13:00,EDT,CAPITL,61757,74.96,5.42,-0.91,1
13-06-2022 14:00,EDT,CAPITL,61757,73.22,5.5,-0.64,1
13-06-2022 15:00,EDT,CAPITL,61757,81.92,6.23,-0.63,1
13-06-2022 16:00,EDT,CAPITL,61757,84.95,6.7,0.61,1
13-06-2022 17:00,EDT,CAPITL,61757,96.19,7.81,0.32,1
13-06-2022 18:00,EDT,CAPITL,61757,103.02,7.82,-4.23,1
13-06-2022 19:00,EDT,CAPITL,61757,102.68,8.11,0.91,1
13-06-2022 20:00,EDT,CAPITL,61757,95.75,7.54,0.61,1
13-06-2022 21:00,EDT,CAPITL,61757,90.42,7.2,0.53,1
13-06-2022 22:00,EDT,CAPITL,61757,75.05,5.69,-0.71,1
13-06-2022 23:00,EDT,CAPITL,61757,75.51,4.51,-12.42,1
14-06-2022 00:00,EDT,CAPITL,61757,74.62,4.27,-8.4,1
14-06-2022 01:00,EDT,CAPITL,61757,71.12,3.36,-19.04,1
14-06-2022 02:00,EDT,CAPITL,61757,71.62,2.96,-25.14,1
14-06-2022 03:00,EDT,CAPITL,61757,68.54,2.77,-25.57,1
14-06-2022 04:00,EDT,CAPITL,61757,67.4,2.96,-22.2,1
14-06-2022 05:00,EDT,CAPITL,61757,67.74,3.04,-22.55,1
14-06-2022 06:00,EDT,CAPITL,61757,74.52,3.77,-18.44,1
14-06-2022 07:00,EDT,CAPITL,61757,77.36,4.11,-15.35,1
14-06-2022 08:00,EDT,CAPITL,61757,70.89,4.64,-0.83,1
14-06-2022 09:00,EDT,CAPITL,61757,72.73,5.02,-0.79,1
14-06-2022 10:00,EDT,CAPITL,61757,78.49,4.58,-1.18,1
14-06-2022 11:00,EDT,CAPITL,61757,78.68,4.77,-0.5,1
14-06-2022 12:00,EDT,CAPITL,61757,81.23,5.2,-0.56,1
14-06-2022 13:00,EDT,CAPITL,61757,81.31,5.38,1.01,1
14-06-2022 14:00,EDT,CAPITL,61757,93.1,6.25,1.09,1
14-06-2022 15:00,EDT,CAPITL,61757,99.59,6.77,1.1,1
14-06-2022 16:00,EDT,CAPITL,61757,100.94,6.86,-0.04,1
14-06-2022 17:00,EDT,CAPITL,61757,114.62,8.19,-0.08,1
14-06-2022 18:00,EDT,CAPITL,61757,111.62,8.2,-0.96,1
14-06-2022 19:00,EDT,CAPITL,61757,104.22,7.55,0.09,1
14-06-2022 20:00,EDT,CAPITL,61757,97.54,6.62,-0.13,1
14-06-2022 21:00,EDT,CAPITL,61757,94.17,6.68,0.39,1
14-06-2022 22:00,EDT,CAPITL,61757,79.38,5.54,-0.85,1
14-06-2022 23:00,EDT,CAPITL,61757,73.2,5.2,-0.4,1
15-06-2022 00:00,EDT,CAPITL,61757,78.99,5.46,-1.72,1
15-06-2022 01:00,EDT,CAPITL,61757,72.77,4.91,-1.56,1
15-06-2022 02:00,EDT,CAPITL,61757,69.91,4.75,-1.82,1
15-06-2022 03:00,EDT,CAPITL,61757,65.63,4.6,-1.23,1
15-06-2022 04:00,EDT,CAPITL,61757,65.91,4.46,-4.37,1
15-06-2022 05:00,EDT,CAPITL,61757,67.55,4.84,-1.45,1
15-06-2022 06:00,EDT,CAPITL,61757,73.42,4.24,-10.27,1
15-06-2022 07:00,EDT,CAPITL,61757,77.13,5.21,-1.53,1
15-06-2022 08:00,EDT,CAPITL,61757,80.5,5.17,-0.38,1
15-06-2022 09:00,EDT,CAPITL,61757,80,5.28,-0.32,1
15-06-2022 10:00,EDT,CAPITL,61757,84.42,5.4,0.28,1
15-06-2022 11:00,EDT,CAPITL,61757,89.27,5.62,0.22,1
15-06-2022 12:00,EDT,CAPITL,61757,97.66,6.09,0.78,1
15-06-2022 13:00,EDT,CAPITL,61757,101.31,6.22,0.65,1
15-06-2022 14:00,EDT,CAPITL,61757,105.4,6.39,0.81,1
15-06-2022 15:00,EDT,CAPITL,61757,123.02,7.72,3.61,1
15-06-2022 16:00,EDT,CAPITL,61757,135.62,9.4,4.21,1
15-06-2022 17:00,EDT,CAPITL,61757,144.13,10.29,3.35,1
15-06-2022 18:00,EDT,CAPITL,61757,130.12,9.24,2.3,1
15-06-2022 19:00,EDT,CAPITL,61757,122.52,8.32,1.33,1
15-06-2022 20:00,EDT,CAPITL,61757,107.33,6.97,-0.77,1
15-06-2022 21:00,EDT,CAPITL,61757,102.64,7.01,1.64,1
15-06-2022 22:00,EDT,CAPITL,61757,87.67,5.77,0.56,1
15-06-2022 23:00,EDT,CAPITL,61757,82.26,5.28,-0.43,1
16-06-2022 00:00,EDT,CAPITL,61757,68.28,4.19,-0.64,1
16-06-2022 01:00,EDT,CAPITL,61757,61.99,3.97,-0.47,1
16-06-2022 02:00,EDT,CAPITL,61757,60,3.95,-0.41,1
16-06-2022 03:00,EDT,CAPITL,61757,57.68,3.8,-0.35,1
16-06-2022 04:00,EDT,CAPITL,61757,58.41,3.8,-0.37,1
16-06-2022 05:00,EDT,CAPITL,61757,60.16,4.01,-0.52,1
16-06-2022 06:00,EDT,CAPITL,61757,65.53,4.36,-0.57,1
16-06-2022 07:00,EDT,CAPITL,61757,70.59,4.75,-0.72,1
16-06-2022 08:00,EDT,CAPITL,61757,73.74,4.93,0.62,1
16-06-2022 09:00,EDT,CAPITL,61757,77.13,5.37,0.78,1
16-06-2022 10:00,EDT,CAPITL,61757,81.18,5.09,1.04,1
16-06-2022 11:00,EDT,CAPITL,61757,86.32,5.34,1.29,1
16-06-2022 12:00,EDT,CAPITL,61757,88.06,5.28,0.98,1
16-06-2022 13:00,EDT,CAPITL,61757,90.54,5.57,0.83,1
16-06-2022 14:00,EDT,CAPITL,61757,93.27,5.85,1.16,1
16-06-2022 15:00,EDT,CAPITL,61757,98.45,6.11,1.68,1
16-06-2022 16:00,EDT,CAPITL,61757,108.85,7.15,-1.05,1
16-06-2022 17:00,EDT,CAPITL,61757,115.46,7.86,-1.45,1
16-06-2022 18:00,EDT,CAPITL,61757,103.18,6.89,-1.83,1
16-06-2022 19:00,EDT,CAPITL,61757,99.49,6.57,-0.44,1
16-06-2022 20:00,EDT,CAPITL,61757,95.15,6.37,-1.52,1
16-06-2022 21:00,EDT,CAPITL,61757,89.03,6.13,1.08,1
16-06-2022 22:00,EDT,CAPITL,61757,79.68,5.33,0.69,1
16-06-2022 23:00,EDT,CAPITL,61757,75.68,4.7,-0.81,1
17-06-2022 00:00,EDT,CAPITL,61757,71.57,4.97,-1.24,1
17-06-2022 01:00,EDT,CAPITL,61757,66.06,4.63,-1.25,1
17-06-2022 02:00,EDT,CAPITL,61757,64.07,4.44,-1.23,1
17-06-2022 03:00,EDT,CAPITL,61757,63.65,3.71,-10.46,1
17-06-2022 04:00,EDT,CAPITL,61757,62.7,3.81,-7.43,1
17-06-2022 05:00,EDT,CAPITL,61757,62.66,4.12,-4.3,1
17-06-2022 06:00,EDT,CAPITL,61757,71.52,4.32,-10.35,1
17-06-2022 07:00,EDT,CAPITL,61757,77.47,5.48,-1.81,1
17-06-2022 08:00,EDT,CAPITL,61757,80.17,6.02,-0.81,1
17-06-2022 09:00,EDT,CAPITL,61757,83.73,6.44,-0.65,1
17-06-2022 10:00,EDT,CAPITL,61757,92.58,7.15,-0.27,1
17-06-2022 11:00,EDT,CAPITL,61757,97,7.51,-0.14,1
17-06-2022 12:00,EDT,CAPITL,61757,101.86,7.71,-0.12,1
17-06-2022 13:00,EDT,CAPITL,61757,101.46,7.78,-1.06,1
17-06-2022 14:00,EDT,CAPITL,61757,98.25,7.31,-1.77,1
17-06-2022 15:00,EDT,CAPITL,61757,134.74,7.25,-37.94,1
17-06-2022 16:00,EDT,CAPITL,61757,114.06,7.46,-15.69,1
17-06-2022 17:00,EDT,CAPITL,61757,127,6.95,-35.32,1
17-06-2022 18:00,EDT,CAPITL,61757,108.21,7.39,-11.79,1
17-06-2022 19:00,EDT,CAPITL,61757,110.68,6.25,-25.27,1
17-06-2022 20:00,EDT,CAPITL,61757,108.19,5.21,-37.85,1
17-06-2022 21:00,EDT,CAPITL,61757,100.8,5.11,-33.37,1
17-06-2022 22:00,EDT,CAPITL,61757,88.82,5.17,-19.78,1
17-06-2022 23:00,EDT,CAPITL,61757,90.41,4.02,-32.01,1
18-06-2022 00:00,EDT,CAPITL,61757,82.17,2.44,-40.42,1
18-06-2022 01:00,EDT,CAPITL,61757,97.47,1.52,-70.69,1
18-06-2022 02:00,EDT,CAPITL,61757,89.83,1.51,-62.21,1
18-06-2022 03:00,EDT,CAPITL,61757,79.01,1.08,-59.01,1
18-06-2022 04:00,EDT,CAPITL,61757,77.62,1.04,-57.98,1
18-06-2022 05:00,EDT,CAPITL,61757,73.77,1,-55.56,1
18-06-2022 06:00,EDT,CAPITL,61757,67.14,1.29,-44.43,1
18-06-2022 07:00,EDT,CAPITL,61757,67.49,1.56,-39.97,1
18-06-2022 08:00,EDT,CAPITL,61757,64.98,2.24,-31.61,1
18-06-2022 09:00,EDT,CAPITL,61757,63.8,2.46,-26.7,1
18-06-2022 10:00,EDT,CAPITL,61757,65.45,2.57,-26.09,1
18-06-2022 11:00,EDT,CAPITL,61757,68.01,2.28,-32.7,1
18-06-2022 12:00,EDT,CAPITL,61757,63.67,2.29,-27.8,1
18-06-2022 13:00,EDT,CAPITL,61757,63.72,2.13,-28.79,1
18-06-2022 14:00,EDT,CAPITL,61757,66.48,1.96,-32.89,1
18-06-2022 15:00,EDT,CAPITL,61757,66.84,1.85,-33.66,1
18-06-2022 16:00,EDT,CAPITL,61757,70.88,2.09,-35.69,1
18-06-2022 17:00,EDT,CAPITL,61757,78.73,2.45,-38.64,1
18-06-2022 18:00,EDT,CAPITL,61757,85.1,2.68,-43.04,1
18-06-2022 19:00,EDT,CAPITL,61757,80.63,2.99,-34.95,1
18-06-2022 20:00,EDT,CAPITL,61757,77.14,3.27,-29.64,1
18-06-2022 21:00,EDT,CAPITL,61757,70.97,3.72,-17.74,1
18-06-2022 22:00,EDT,CAPITL,61757,72.31,3.5,-24.49,1
18-06-2022 23:00,EDT,CAPITL,61757,74.74,2.65,-35.75,1
19-06-2022 00:00,EDT,CAPITL,61757,77.98,1.49,-55.82,1
19-06-2022 01:00,EDT,CAPITL,61757,67.31,1.46,-45.83,1
19-06-2022 02:00,EDT,CAPITL,61757,66.59,1.14,-49.79,1
19-06-2022 03:00,EDT,CAPITL,61757,66.62,1.11,-49.89,1
19-06-2022 04:00,EDT,CAPITL,61757,68.05,1.01,-52.98,1
19-06-2022 05:00,EDT,CAPITL,61757,67.4,0.72,-56.75,1
19-06-2022 06:00,EDT,CAPITL,61757,65.45,0.75,-54.45,1
19-06-2022 07:00,EDT,CAPITL,61757,65.26,0.88,-51.76,1
19-06-2022 08:00,EDT,CAPITL,61757,66.48,1.15,-49.73,1
19-06-2022 09:00,EDT,CAPITL,61757,64.98,1.57,-42.46,1
19-06-2022 10:00,EDT,CAPITL,61757,65.47,1.58,-41.92,1
19-06-2022 11:00,EDT,CAPITL,61757,64.75,1.47,-42.61,1
19-06-2022 12:00,EDT,CAPITL,61757,65.27,1.42,-43.19,1
19-06-2022 13:00,EDT,CAPITL,61757,64.63,1.38,-42.59,1
19-06-2022 14:00,EDT,CAPITL,61757,66.46,1.31,-45.27,1
19-06-2022 15:00,EDT,CAPITL,61757,65.58,1.57,-41.6,1
19-06-2022 16:00,EDT,CAPITL,61757,67.07,2.3,-34.13,1
19-06-2022 17:00,EDT,CAPITL,61757,72.74,3.31,-28.02,1
19-06-2022 18:00,EDT,CAPITL,61757,78.1,4.34,-23.27,1
19-06-2022 19:00,EDT,CAPITL,61757,70.95,4.97,-4.55,1
19-06-2022 20:00,EDT,CAPITL,61757,67.03,5.13,-0.84,1
19-06-2022 21:00,EDT,CAPITL,61757,65.47,4.83,-2.43,1
19-06-2022 22:00,EDT,CAPITL,61757,62.25,3.26,-18.71,1
19-06-2022 23:00,EDT,CAPITL,61757,60.92,2.95,-18.08,1
20-06-2022 00:00,EDT,CAPITL,61757,65.14,2.61,-25.25,1
20-06-2022 01:00,EDT,CAPITL,61757,60.15,1.85,-31.52,1
20-06-2022 02:00,EDT,CAPITL,61757,57.4,1.84,-28.47,1
20-06-2022 03:00,EDT,CAPITL,61757,57.49,1.7,-31.15,1
20-06-2022 04:00,EDT,CAPITL,61757,57,2.07,-24.5,1
20-06-2022 05:00,EDT,CAPITL,61757,57.65,2.56,-19.1,1
20-06-2022 06:00,EDT,CAPITL,61757,60.96,3.34,-13.65,1
20-06-2022 07:00,EDT,CAPITL,61757,58.63,3.82,-3.18,1
20-06-2022 08:00,EDT,CAPITL,61757,58.21,4.19,-0.37,1
20-06-2022 09:00,EDT,CAPITL,61757,57.92,3.97,-0.37,1
20-06-2022 10:00,EDT,CAPITL,61757,58.93,3.83,-0.41,1
20-06-2022 11:00,EDT,CAPITL,61757,60.86,4,-0.46,1
20-06-2022 12:00,EDT,CAPITL,61757,64.45,4.07,-0.57,1
20-06-2022 13:00,EDT,CAPITL,61757,64.15,3.99,-0.56,1
20-06-2022 14:00,EDT,CAPITL,61757,63.63,4.1,-0.98,1
20-06-2022 15:00,EDT,CAPITL,61757,67.23,4.27,-2.84,1
20-06-2022 16:00,EDT,CAPITL,61757,75.14,4.91,-3.84,1
20-06-2022 17:00,EDT,CAPITL,61757,86.79,5.81,-2.43,1
20-06-2022 18:00,EDT,CAPITL,61757,88.2,6.45,-2.09,1
20-06-2022 19:00,EDT,CAPITL,61757,83.47,6.25,-1.07,1
20-06-2022 20:00,EDT,CAPITL,61757,78.09,5.79,-6.49,1
20-06-2022 21:00,EDT,CAPITL,61757,70.37,5.57,-0.69,1
20-06-2022 22:00,EDT,CAPITL,61757,68.09,4.24,-12.71,1
20-06-2022 23:00,EDT,CAPITL,61757,63.51,3.25,-16.99,1
21-06-2022 00:00,EDT,CAPITL,61757,65.59,2.86,-22.99,1
21-06-2022 01:00,EDT,CAPITL,61757,60.5,2.42,-22.98,1
21-06-2022 02:00,EDT,CAPITL,61757,57.98,2.23,-23.85,1
21-06-2022 03:00,EDT,CAPITL,61757,55.13,2.27,-19.53,1
21-06-2022 04:00,EDT,CAPITL,61757,55.53,2.45,-17.61,1
21-06-2022 05:00,EDT,CAPITL,61757,57.3,2.82,-14.79,1
21-06-2022 06:00,EDT,CAPITL,61757,64.8,3.32,-18.4,1
21-06-2022 07:00,EDT,CAPITL,61757,68.87,3.87,-15.37,1
21-06-2022 08:00,EDT,CAPITL,61757,71.27,4.23,-12.89,1
21-06-2022 09:00,EDT,CAPITL,61757,70.68,4.38,-10.88,1
21-06-2022 10:00,EDT,CAPITL,61757,72.46,4.59,-7.49,1
21-06-2022 11:00,EDT,CAPITL,61757,72.6,4.69,-6.19,1
21-06-2022 12:00,EDT,CAPITL,61757,71.89,4.96,-0.83,1
21-06-2022 13:00,EDT,CAPITL,61757,75.73,5.09,-0.94,1
21-06-2022 14:00,EDT,CAPITL,61757,80.86,5.5,0.02,1
21-06-2022 15:00,EDT,CAPITL,61757,84.53,5.74,-0.1,1
21-06-2022 16:00,EDT,CAPITL,61757,90.71,6.11,-0.8,1
21-06-2022 17:00,EDT,CAPITL,61757,96.59,6.79,-1.58,1
21-06-2022 18:00,EDT,CAPITL,61757,94.42,6.73,-1.52,1
21-06-2022 19:00,EDT,CAPITL,61757,89.37,6.52,-1.37,1
21-06-2022 20:00,EDT,CAPITL,61757,81.73,6.31,-1.12,1
21-06-2022 21:00,EDT,CAPITL,61757,75.89,5.9,-1.36,1
21-06-2022 22:00,EDT,CAPITL,61757,70.53,5.72,-1.97,1
21-06-2022 23:00,EDT,CAPITL,61757,68.48,4.06,-14.87,1
22-06-2022 00:00,EDT,CAPITL,61757,65.93,3.21,-16.21,1
22-06-2022 01:00,EDT,CAPITL,61757,60.15,2.75,-16.95,1
22-06-2022 02:00,EDT,CAPITL,61757,57.61,2.44,-18.23,1
22-06-2022 03:00,EDT,CAPITL,61757,56.73,2.21,-20.58,1
22-06-2022 04:00,EDT,CAPITL,61757,55.05,2.56,-14.31,1
22-06-2022 05:00,EDT,CAPITL,61757,59.09,2.88,-14.46,1
22-06-2022 06:00,EDT,CAPITL,61757,66.11,3.37,-15.25,1
22-06-2022 07:00,EDT,CAPITL,61757,65.48,4.2,-5.32,1
22-06-2022 08:00,EDT,CAPITL,61757,66.96,4.76,0.51,1
22-06-2022 09:00,EDT,CAPITL,61757,70.39,4.91,0.93,1
22-06-2022 10:00,EDT,CAPITL,61757,70.31,3.92,1.19,1
22-06-2022 11:00,EDT,CAPITL,61757,73.51,3.77,0.06,1
22-06-2022 12:00,EDT,CAPITL,61757,75.83,3.83,0.4,1
22-06-2022 13:00,EDT,CAPITL,61757,77.41,3.8,0.91,1
22-06-2022 14:00,EDT,CAPITL,61757,78.94,3.89,1.25,1
22-06-2022 15:00,EDT,CAPITL,61757,83.04,3.88,1.67,1
22-06-2022 16:00,EDT,CAPITL,61757,84.33,4.06,0.98,1
22-06-2022 17:00,EDT,CAPITL,61757,86.93,4.28,1.34,1
22-06-2022 18:00,EDT,CAPITL,61757,84.48,4.65,0.43,1
22-06-2022 19:00,EDT,CAPITL,61757,77.23,4.51,0,1
22-06-2022 20:00,EDT,CAPITL,61757,71.58,4.74,0.95,1
22-06-2022 21:00,EDT,CAPITL,61757,69.27,4.28,0.96,1
22-06-2022 22:00,EDT,CAPITL,61757,64.65,4.76,0.39,1
22-06-2022 23:00,EDT,CAPITL,61757,64.2,4.07,-3.63,1
23-06-2022 00:00,EDT,CAPITL,61757,56.13,3.64,-4.52,1
23-06-2022 01:00,EDT,CAPITL,61757,52.3,3.04,-8.74,1
23-06-2022 02:00,EDT,CAPITL,61757,51.57,2.63,-13.93,1
23-06-2022 03:00,EDT,CAPITL,61757,50.12,2.49,-13.93,1
23-06-2022 04:00,EDT,CAPITL,61757,51.38,2.49,-16.08,1
23-06-2022 05:00,EDT,CAPITL,61757,52.79,2.92,-12,1
23-06-2022 06:00,EDT,CAPITL,61757,56.54,3.67,-7.05,1
23-06-2022 07:00,EDT,CAPITL,61757,56.89,4.26,0,1
23-06-2022 08:00,EDT,CAPITL,61757,60.98,4.6,-0.29,1
23-06-2022 09:00,EDT,CAPITL,61757,60.72,4.23,-0.14,1
23-06-2022 10:00,EDT,CAPITL,61757,59.51,4.08,0.46,1
23-06-2022 11:00,EDT,CAPITL,61757,62.17,4.01,-0.06,1
23-06-2022 12:00,EDT,CAPITL,61757,62.48,3.85,-0.35,1
23-06-2022 13:00,EDT,CAPITL,61757,62.74,3.92,-0.28,1
23-06-2022 14:00,EDT,CAPITL,61757,64.07,3.96,-0.14,1
23-06-2022 15:00,EDT,CAPITL,61757,68.12,4.27,-0.08,1
23-06-2022 16:00,EDT,CAPITL,61757,71.79,4.46,0.19,1
23-06-2022 17:00,EDT,CAPITL,61757,78.64,4.98,-0.41,1
23-06-2022 18:00,EDT,CAPITL,61757,77.01,5.25,-0.77,1
23-06-2022 19:00,EDT,CAPITL,61757,71.91,4.91,-0.62,1
23-06-2022 20:00,EDT,CAPITL,61757,65.82,4.71,0,1
23-06-2022 21:00,EDT,CAPITL,61757,63.3,4.41,-0.18,1
23-06-2022 22:00,EDT,CAPITL,61757,58.95,4.1,-0.22,1
23-06-2022 23:00,EDT,CAPITL,61757,54.8,3.81,-0.19,1
24-06-2022 00:00,EDT,CAPITL,61757,54.04,3.62,-0.18,1
24-06-2022 01:00,EDT,CAPITL,61757,51.04,3.46,-2.04,1
24-06-2022 02:00,EDT,CAPITL,61757,49.57,3.14,-4.64,1
24-06-2022 03:00,EDT,CAPITL,61757,48.37,2.94,-6.21,1
24-06-2022 04:00,EDT,CAPITL,61757,48.76,3.04,-5.22,1
24-06-2022 05:00,EDT,CAPITL,61757,51.53,3.18,-6.52,1
24-06-2022 06:00,EDT,CAPITL,61757,55.33,3.94,-0.22,1
24-06-2022 07:00,EDT,CAPITL,61757,57.42,4.28,-0.27,1
24-06-2022 08:00,EDT,CAPITL,61757,58.41,4.07,-0.09,1
24-06-2022 09:00,EDT,CAPITL,61757,59.25,4.17,0.51,1
24-06-2022 10:00,EDT,CAPITL,61757,59.58,4,0.8,1
24-06-2022 11:00,EDT,CAPITL,61757,60.79,3.93,0.97,1
24-06-2022 12:00,EDT,CAPITL,61757,61.85,3.72,0.91,1
24-06-2022 13:00,EDT,CAPITL,61757,62.65,3.43,1.02,1
24-06-2022 14:00,EDT,CAPITL,61757,69.99,4.04,1.32,1
24-06-2022 15:00,EDT,CAPITL,61757,75.73,4.55,2.19,1
24-06-2022 16:00,EDT,CAPITL,61757,80.28,5.08,1.81,1
24-06-2022 17:00,EDT,CAPITL,61757,86.69,5.61,0.32,1
24-06-2022 18:00,EDT,CAPITL,61757,84.62,5.91,0.03,1
24-06-2022 19:00,EDT,CAPITL,61757,81.77,5.7,-0.03,1
24-06-2022 20:00,EDT,CAPITL,61757,71.77,5.38,0,1
24-06-2022 21:00,EDT,CAPITL,61757,65.32,4.51,0.18,1
24-06-2022 22:00,EDT,CAPITL,61757,61.74,4.42,0.13,1
24-06-2022 23:00,EDT,CAPITL,61757,57.84,4.14,-0.67,1
25-06-2022 00:00,EDT,CAPITL,61757,56.41,4.11,-0.22,1
25-06-2022 01:00,EDT,CAPITL,61757,52.22,3.85,-0.25,1
25-06-2022 02:00,EDT,CAPITL,61757,51.27,3.33,-6.36,1
25-06-2022 03:00,EDT,CAPITL,61757,48.85,3.2,-5.16,1
25-06-2022 04:00,EDT,CAPITL,61757,49.2,3.19,-5.65,1
25-06-2022 05:00,EDT,CAPITL,61757,50.27,3.19,-6.64,1
25-06-2022 06:00,EDT,CAPITL,61757,50.7,3.63,-1.73,1
25-06-2022 07:00,EDT,CAPITL,61757,49.99,3.44,0,1
25-06-2022 08:00,EDT,CAPITL,61757,54.01,3.77,0,1
25-06-2022 09:00,EDT,CAPITL,61757,56.6,3.97,0.24,1
25-06-2022 10:00,EDT,CAPITL,61757,60.05,3.95,1.21,1
25-06-2022 11:00,EDT,CAPITL,61757,68.03,4.57,0.85,1
25-06-2022 12:00,EDT,CAPITL,61757,74.39,4.91,1.7,1
25-06-2022 13:00,EDT,CAPITL,61757,80.8,5.59,1.34,1
25-06-2022 14:00,EDT,CAPITL,61757,82.07,5.73,1.16,1
25-06-2022 15:00,EDT,CAPITL,61757,94.4,6.77,2.55,1
25-06-2022 16:00,EDT,CAPITL,61757,103.28,7.77,1.61,1
25-06-2022 17:00,EDT,CAPITL,61757,114.73,8.97,2.37,1
25-06-2022 18:00,EDT,CAPITL,61757,111.69,8.65,1.25,1
25-06-2022 19:00,EDT,CAPITL,61757,102.72,7.7,0.14,1
25-06-2022 20:00,EDT,CAPITL,61757,86.56,6.71,0,1
25-06-2022 21:00,EDT,CAPITL,61757,81.36,6.63,0.59,1
25-06-2022 22:00,EDT,CAPITL,61757,69.68,5.37,0.4,1
25-06-2022 23:00,EDT,CAPITL,61757,61.28,4.17,0,1
26-06-2022 00:00,EDT,CAPITL,61757,56.7,3.96,0,1
26-06-2022 01:00,EDT,CAPITL,61757,51.83,3.66,-0.03,1
26-06-2022 02:00,EDT,CAPITL,61757,49.81,3.56,-1.19,1
26-06-2022 03:00,EDT,CAPITL,61757,49.9,3.22,-5.47,1
26-06-2022 04:00,EDT,CAPITL,61757,49.6,3.22,-5.17,1
26-06-2022 05:00,EDT,CAPITL,61757,49.55,3.25,-5.08,1
26-06-2022 06:00,EDT,CAPITL,61757,47.88,3.07,-3.85,1
26-06-2022 07:00,EDT,CAPITL,61757,46.45,3.12,0,1
26-06-2022 08:00,EDT,CAPITL,61757,50.96,3.42,0,1
26-06-2022 09:00,EDT,CAPITL,61757,53.7,3.52,0.15,1
26-06-2022 10:00,EDT,CAPITL,61757,60.84,4.53,0.3,1
26-06-2022 11:00,EDT,CAPITL,61757,70.42,5.39,-0.01,1
26-06-2022 12:00,EDT,CAPITL,61757,78.49,5.74,-0.1,1
26-06-2022 13:00,EDT,CAPITL,61757,84.18,6.3,-0.12,1
26-06-2022 14:00,EDT,CAPITL,61757,89.42,6.69,-0.14,1
26-06-2022 15:00,EDT,CAPITL,61757,102.96,7.87,-0.19,1
26-06-2022 16:00,EDT,CAPITL,61757,107.52,8.17,0.21,1
26-06-2022 17:00,EDT,CAPITL,61757,125.76,10.09,1.66,1
26-06-2022 18:00,EDT,CAPITL,61757,119.14,10.18,1.74,1
26-06-2022 19:00,EDT,CAPITL,61757,103.29,8.61,0,1
26-06-2022 20:00,EDT,CAPITL,61757,85.68,7.05,0.59,1
26-06-2022 21:00,EDT,CAPITL,61757,79.93,6.85,1.45,1
26-06-2022 22:00,EDT,CAPITL,61757,67.65,5.41,1.42,1
26-06-2022 23:00,EDT,CAPITL,61757,61.75,4.46,-0.09,1
27-06-2022 00:00,EDT,CAPITL,61757,59.2,4.81,-0.27,1
27-06-2022 01:00,EDT,CAPITL,61757,57,4.44,-0.88,1
27-06-2022 02:00,EDT,CAPITL,61757,53.19,4.19,-0.84,1
27-06-2022 03:00,EDT,CAPITL,61757,53.43,3.88,-3.93,1
27-06-2022 04:00,EDT,CAPITL,61757,55.02,3.92,-6.01,1
27-06-2022 05:00,EDT,CAPITL,61757,50.6,3.87,-0.05,1
27-06-2022 06:00,EDT,CAPITL,61757,58.3,4.64,-0.26,1
27-06-2022 07:00,EDT,CAPITL,61757,63.72,5.28,-0.43,1
27-06-2022 08:00,EDT,CAPITL,61757,67.82,5.66,-0.56,1
27-06-2022 09:00,EDT,CAPITL,61757,71.08,6,-1.22,1
27-06-2022 10:00,EDT,CAPITL,61757,72.82,5.94,-1.57,1
27-06-2022 11:00,EDT,CAPITL,61757,75,5.59,-8.63,1
27-06-2022 12:00,EDT,CAPITL,61757,74.14,5.54,-7.66,1
27-06-2022 13:00,EDT,CAPITL,61757,61.7,4.93,-2.03,1
27-06-2022 14:00,EDT,CAPITL,61757,61.66,4.92,-2.08,1
27-06-2022 15:00,EDT,CAPITL,61757,68.5,4.83,-9.43,1
27-06-2022 16:00,EDT,CAPITL,61757,88.77,5.07,-26.05,1
27-06-2022 17:00,EDT,CAPITL,61757,97.44,5.58,-29.1,1
27-06-2022 18:00,EDT,CAPITL,61757,101.73,5.7,-31.3,1
27-06-2022 19:00,EDT,CAPITL,61757,87.04,5.91,-14.02,1
27-06-2022 20:00,EDT,CAPITL,61757,73.34,5.87,-0.72,1
27-06-2022 21:00,EDT,CAPITL,61757,66.36,5.05,-0.47,1
27-06-2022 22:00,EDT,CAPITL,61757,61.33,4.26,-0.29,1
27-06-2022 23:00,EDT,CAPITL,61757,53.8,4.02,-0.14,1
28-06-2022 00:00,EDT,CAPITL,61757,52.24,3.73,-0.1,1
28-06-2022 01:00,EDT,CAPITL,61757,50.23,3.63,-0.04,1
28-06-2022 02:00,EDT,CAPITL,61757,46.61,3.73,0,1
28-06-2022 03:00,EDT,CAPITL,61757,44.98,3.6,0,1
28-06-2022 04:00,EDT,CAPITL,61757,44.94,3.56,0,1
28-06-2022 05:00,EDT,CAPITL,61757,47.08,3.69,0,1
28-06-2022 06:00,EDT,CAPITL,61757,51.44,4.07,0,1
28-06-2022 07:00,EDT,CAPITL,61757,56.34,4.07,-0.11,1
28-06-2022 08:00,EDT,CAPITL,61757,55.72,3.6,0.09,1
28-06-2022 09:00,EDT,CAPITL,61757,55.33,3.6,0.44,1
28-06-2022 10:00,EDT,CAPITL,61757,56.79,3.69,0.39,1
28-06-2022 11:00,EDT,CAPITL,61757,58.83,3.86,0.2,1
28-06-2022 12:00,EDT,CAPITL,61757,57.28,3.66,0.14,1
28-06-2022 13:00,EDT,CAPITL,61757,58.86,3.7,-0.01,1
28-06-2022 14:00,EDT,CAPITL,61757,61.48,4.03,0.07,1
28-06-2022 15:00,EDT,CAPITL,61757,67.58,4.64,0.59,1
28-06-2022 16:00,EDT,CAPITL,61757,71.22,5.01,0.52,1
28-06-2022 17:00,EDT,CAPITL,61757,78.26,5.63,0.46,1
28-06-2022 18:00,EDT,CAPITL,61757,77.21,5.41,-0.54,1
28-06-2022 19:00,EDT,CAPITL,61757,69.09,4.73,-0.39,1
28-06-2022 20:00,EDT,CAPITL,61757,64,4.68,-0.12,1
28-06-2022 21:00,EDT,CAPITL,61757,61.95,4.58,-0.21,1
28-06-2022 22:00,EDT,CAPITL,61757,58.51,3.98,0.04,1
28-06-2022 23:00,EDT,CAPITL,61757,55.25,4.13,-0.07,1
29-06-2022 00:00,EDT,CAPITL,61757,53.72,3.64,-0.15,1
29-06-2022 01:00,EDT,CAPITL,61757,50.27,3.53,-0.27,1
29-06-2022 02:00,EDT,CAPITL,61757,47.96,3.19,-1.6,1
29-06-2022 03:00,EDT,CAPITL,61757,46.64,3.24,-0.29,1
29-06-2022 04:00,EDT,CAPITL,61757,46.39,3.32,0,1
29-06-2022 05:00,EDT,CAPITL,61757,46.63,3.24,-0.23,1
29-06-2022 06:00,EDT,CAPITL,61757,51.82,3.7,-1.33,1
29-06-2022 07:00,EDT,CAPITL,61757,53.17,3.71,0,1
29-06-2022 08:00,EDT,CAPITL,61757,56.47,3.92,0.47,1
29-06-2022 09:00,EDT,CAPITL,61757,58,3.58,0.71,1
29-06-2022 10:00,EDT,CAPITL,61757,59.22,3.72,0.95,1
29-06-2022 11:00,EDT,CAPITL,61757,59.96,3.96,0.63,1
29-06-2022 12:00,EDT,CAPITL,61757,64.18,4.13,0.69,1
29-06-2022 13:00,EDT,CAPITL,61757,65.59,4.21,0.45,1
29-06-2022 14:00,EDT,CAPITL,61757,72.1,5.12,0.42,1
29-06-2022 15:00,EDT,CAPITL,61757,73.02,5.3,0.17,1
29-06-2022 16:00,EDT,CAPITL,61757,80,5.76,-0.39,1
29-06-2022 17:00,EDT,CAPITL,61757,86.26,6.2,-0.62,1
29-06-2022 18:00,EDT,CAPITL,61757,86.52,6.41,-0.94,1
29-06-2022 19:00,EDT,CAPITL,61757,80.37,5.65,-0.35,1
29-06-2022 20:00,EDT,CAPITL,61757,74.52,5.68,1.26,1
29-06-2022 21:00,EDT,CAPITL,61757,68.24,5.01,0.95,1
29-06-2022 22:00,EDT,CAPITL,61757,59.28,3.97,0.67,1
29-06-2022 23:00,EDT,CAPITL,61757,55.17,4.04,0,1
30-06-2022 00:00,EDT,CAPITL,61757,55.51,4.06,-0.78,1
30-06-2022 01:00,EDT,CAPITL,61757,53.02,3.84,-0.52,1
30-06-2022 02:00,EDT,CAPITL,61757,51.62,3.93,-0.34,1
30-06-2022 03:00,EDT,CAPITL,61757,49.81,3.89,-0.13,1
30-06-2022 04:00,EDT,CAPITL,61757,49.1,3.92,-0.04,1
30-06-2022 05:00,EDT,CAPITL,61757,49.66,4.05,-0.05,1
30-06-2022 06:00,EDT,CAPITL,61757,53.73,4.56,-0.16,1
30-06-2022 07:00,EDT,CAPITL,61757,59.15,4.31,-0.3,1
30-06-2022 08:00,EDT,CAPITL,61757,61.16,4.19,-0.39,1
30-06-2022 09:00,EDT,CAPITL,61757,63.1,4.48,-0.42,1
30-06-2022 10:00,EDT,CAPITL,61757,67.87,4.7,-0.56,1
30-06-2022 11:00,EDT,CAPITL,61757,71.73,5.1,-0.47,1
30-06-2022 12:00,EDT,CAPITL,61757,78.69,5.48,-0.25,1
30-06-2022 13:00,EDT,CAPITL,61757,83.75,5.88,-0.4,1
30-06-2022 14:00,EDT,CAPITL,61757,89.5,6.44,-0.6,1
30-06-2022 15:00,EDT,CAPITL,61757,98.89,7.67,0.02,1
30-06-2022 16:00,EDT,CAPITL,61757,114.6,9.02,0.56,1
30-06-2022 17:00,EDT,CAPITL,61757,118.08,9.06,0.14,1
30-06-2022 18:00,EDT,CAPITL,61757,116.67,9.1,-0.42,1
30-06-2022 19:00,EDT,CAPITL,61757,105.1,7.9,-0.92,1
30-06-2022 20:00,EDT,CAPITL,61757,87.07,6.67,0,1
30-06-2022 21:00,EDT,CAPITL,61757,81.05,6.28,0,1
30-06-2022 22:00,EDT,CAPITL,61757,69.44,5.32,0,1
30-06-2022 23:00,EDT,CAPITL,61757,61.23,4.69,0,1
01-07-2022 00:00,EDT,CAPITL,61757,60.76,4.71,0,1
01-07-2022 01:00,EDT,CAPITL,61757,60.34,3.81,-8.92,1
01-07-2022 02:00,EDT,CAPITL,61757,59.23,3.24,-13.89,1
01-07-2022 03:00,EDT,CAPITL,61757,57.92,2.84,-18.22,1
01-07-2022 04:00,EDT,CAPITL,61757,57.27,2.9,-16.74,1
01-07-2022 05:00,EDT,CAPITL,61757,56.71,3.09,-13.99,1
01-07-2022 06:00,EDT,CAPITL,61757,59.07,3.7,-9.7,1
01-07-2022 07:00,EDT,CAPITL,61757,70.66,4.22,-15.55,1
01-07-2022 08:00,EDT,CAPITL,61757,75,5.05,-9.81,1
01-07-2022 09:00,EDT,CAPITL,61757,77.76,5.53,-7.89,1
01-07-2022 10:00,EDT,CAPITL,61757,80.34,6.24,0.12,1
01-07-2022 11:00,EDT,CAPITL,61757,96.84,7.3,-5.59,1
01-07-2022 12:00,EDT,CAPITL,61757,96.4,7.52,-2.45,1
01-07-2022 13:00,EDT,CAPITL,61757,109.38,7.63,-14.06,1
01-07-2022 14:00,EDT,CAPITL,61757,114.92,7.42,-21.25,1
01-07-2022 15:00,EDT,CAPITL,61757,113.58,9.03,0.42,1
01-07-2022 16:00,EDT,CAPITL,61757,122.14,9.8,1.58,1
01-07-2022 17:00,EDT,CAPITL,61757,141.73,10.61,-11.86,1
01-07-2022 18:00,EDT,CAPITL,61757,183.63,9.16,-74.88,1
01-07-2022 19:00,EDT,CAPITL,61757,146.49,8.84,-39.47,1
01-07-2022 20:00,EDT,CAPITL,61757,130.56,7.81,-40.6,1
01-07-2022 21:00,EDT,CAPITL,61757,118.25,7,-37.57,1
01-07-2022 22:00,EDT,CAPITL,61757,109.13,6.32,-34.87,1
01-07-2022 23:00,EDT,CAPITL,61757,101.96,5.78,-33.34,1
02-07-2022 00:00,EDT,CAPITL,61757,80.52,4.42,-24.66,1
02-07-2022 01:00,EDT,CAPITL,61757,66.42,4.3,-11.56,1
02-07-2022 02:00,EDT,CAPITL,61757,57.6,3.83,-7.56,1
02-07-2022 03:00,EDT,CAPITL,61757,56.94,3.48,-10.99,1
02-07-2022 04:00,EDT,CAPITL,61757,55.2,3.44,-8.76,1
02-07-2022 05:00,EDT,CAPITL,61757,52.85,3.47,-6.51,1
02-07-2022 06:00,EDT,CAPITL,61757,55.01,3.47,-8.72,1
02-07-2022 07:00,EDT,CAPITL,61757,51.83,3.65,-3.63,1
02-07-2022 08:00,EDT,CAPITL,61757,51.54,4.12,0,1
02-07-2022 09:00,EDT,CAPITL,61757,66.8,4.22,-15.72,1
02-07-2022 10:00,EDT,CAPITL,61757,58.89,4.42,-4.24,1
02-07-2022 11:00,EDT,CAPITL,61757,65.02,4.6,-9.28,1
02-07-2022 12:00,EDT,CAPITL,61757,56.23,4.5,0,1
02-07-2022 13:00,EDT,CAPITL,61757,55.25,4.38,0,1
02-07-2022 14:00,EDT,CAPITL,61757,56.83,4.54,-0.05,1
02-07-2022 15:00,EDT,CAPITL,61757,58.09,4.6,0,1
02-07-2022 16:00,EDT,CAPITL,61757,62.14,4.92,-0.05,1
02-07-2022 17:00,EDT,CAPITL,61757,76.87,5.28,-11.6,1
02-07-2022 18:00,EDT,CAPITL,61757,93.08,5.16,-29.94,1
02-07-2022 19:00,EDT,CAPITL,61757,92.27,4.99,-30.54,1
02-07-2022 20:00,EDT,CAPITL,61757,114.17,4.67,-57.61,1
02-07-2022 21:00,EDT,CAPITL,61757,81.99,4.27,-29.76,1
02-07-2022 22:00,EDT,CAPITL,61757,51.1,4.09,0,1
02-07-2022 23:00,EDT,CAPITL,61757,57.54,4.34,-4.97,1
03-07-2022 00:00,EDT,CAPITL,61757,55.67,3.99,-5.77,1
03-07-2022 01:00,EDT,CAPITL,61757,48.55,3.78,-0.23,1
03-07-2022 02:00,EDT,CAPITL,61757,47.99,3.52,-1.6,1
03-07-2022 03:00,EDT,CAPITL,61757,47.28,3.3,-3.18,1
03-07-2022 04:00,EDT,CAPITL,61757,47.59,3.34,-4.48,1
03-07-2022 05:00,EDT,CAPITL,61757,45.65,3.32,-3.74,1
03-07-2022 06:00,EDT,CAPITL,61757,43.91,3.29,-2.73,1
03-07-2022 07:00,EDT,CAPITL,61757,51.15,3.2,-10.28,1
03-07-2022 08:00,EDT,CAPITL,61757,45.66,3.58,0,1
03-07-2022 09:00,EDT,CAPITL,61757,46.64,3.53,0,1
03-07-2022 10:00,EDT,CAPITL,61757,46,3.25,0,1
03-07-2022 11:00,EDT,CAPITL,61757,47.2,3.17,0,1
03-07-2022 12:00,EDT,CAPITL,61757,45.64,2.96,0.22,1
03-07-2022 13:00,EDT,CAPITL,61757,48.51,2.98,0.35,1
03-07-2022 14:00,EDT,CAPITL,61757,48.65,3.01,0,1
03-07-2022 15:00,EDT,CAPITL,61757,48.17,3.28,0,1
03-07-2022 16:00,EDT,CAPITL,61757,52.84,3.87,0,1
03-07-2022 17:00,EDT,CAPITL,61757,60.73,4.45,0,1
03-07-2022 18:00,EDT,CAPITL,61757,72.96,5.84,0,1
03-07-2022 19:00,EDT,CAPITL,61757,73.92,5.79,0,1
03-07-2022 20:00,EDT,CAPITL,61757,64.62,5.23,0,1
03-07-2022 21:00,EDT,CAPITL,61757,58.8,4.68,0.25,1
03-07-2022 22:00,EDT,CAPITL,61757,52.06,3.95,0.01,1
03-07-2022 23:00,EDT,CAPITL,61757,51.81,3.57,0.65,1
04-07-2022 00:00,EDT,CAPITL,61757,47.78,2.92,0.1,1
04-07-2022 01:00,EDT,CAPITL,61757,45.29,3.08,0,1
04-07-2022 02:00,EDT,CAPITL,61757,43.27,2.98,0,1
04-07-2022 03:00,EDT,CAPITL,61757,42.22,2.95,0,1
04-07-2022 04:00,EDT,CAPITL,61757,41,2.68,0,1
04-07-2022 05:00,EDT,CAPITL,61757,40.98,2.75,0,1
04-07-2022 06:00,EDT,CAPITL,61757,42.33,2.92,0,1
04-07-2022 07:00,EDT,CAPITL,61757,43.6,2.85,0,1
04-07-2022 08:00,EDT,CAPITL,61757,45.83,2.68,0,1
04-07-2022 09:00,EDT,CAPITL,61757,45.88,2.48,0.06,1
04-07-2022 10:00,EDT,CAPITL,61757,48.44,2.51,0.54,1
04-07-2022 11:00,EDT,CAPITL,61757,52.28,2.69,1.16,1
04-07-2022 12:00,EDT,CAPITL,61757,49.57,2.52,1.42,1
04-07-2022 13:00,EDT,CAPITL,61757,49.88,2.48,1.35,1
04-07-2022 14:00,EDT,CAPITL,61757,54.83,2.91,2,1
04-07-2022 15:00,EDT,CAPITL,61757,52.35,3.05,1.62,1
04-07-2022 16:00,EDT,CAPITL,61757,64.1,4.09,2,1
04-07-2022 17:00,EDT,CAPITL,61757,72.6,5,1.79,1
04-07-2022 18:00,EDT,CAPITL,61757,77.75,5.66,1.43,1
04-07-2022 19:00,EDT,CAPITL,61757,79.04,5.71,0.84,1
04-07-2022 20:00,EDT,CAPITL,61757,69.66,5.01,1.25,1
04-07-2022 21:00,EDT,CAPITL,61757,65.07,4.84,1.73,1
04-07-2022 22:00,EDT,CAPITL,61757,54.15,3.75,0.3,1
04-07-2022 23:00,EDT,CAPITL,61757,51.34,3.41,0.74,1
05-07-2022 00:00,EDT,CAPITL,61757,49.83,3.2,0.37,1
05-07-2022 01:00,EDT,CAPITL,61757,46.56,2.93,0.11,1
05-07-2022 02:00,EDT,CAPITL,61757,44.23,3.01,0,1
05-07-2022 03:00,EDT,CAPITL,61757,42.38,2.88,0,1
05-07-2022 04:00,EDT,CAPITL,61757,42.67,2.94,0,1
05-07-2022 05:00,EDT,CAPITL,61757,44.26,3.12,0,1
05-07-2022 06:00,EDT,CAPITL,61757,47.93,3.3,0,1
05-07-2022 07:00,EDT,CAPITL,61757,51.17,3.74,-0.09,1
05-07-2022 08:00,EDT,CAPITL,61757,54.66,3.85,0.55,1
05-07-2022 09:00,EDT,CAPITL,61757,56.94,3.9,0.38,1
05-07-2022 10:00,EDT,CAPITL,61757,59.65,4.01,1.66,1
05-07-2022 11:00,EDT,CAPITL,61757,63.41,4.18,0.57,1
05-07-2022 12:00,EDT,CAPITL,61757,67.73,4.69,1.32,1
05-07-2022 13:00,EDT,CAPITL,61757,75.01,4.97,1.05,1
05-07-2022 14:00,EDT,CAPITL,61757,84.98,5.71,1.15,1
05-07-2022 15:00,EDT,CAPITL,61757,85,5.89,1.6,1
05-07-2022 16:00,EDT,CAPITL,61757,89.63,6.22,1.91,1
05-07-2022 17:00,EDT,CAPITL,61757,98.72,7.04,0.94,1
05-07-2022 18:00,EDT,CAPITL,61757,97.69,7.3,0.83,1
05-07-2022 19:00,EDT,CAPITL,61757,88.66,6.18,-0.09,1
05-07-2022 20:00,EDT,CAPITL,61757,75.66,5.31,-0.5,1
05-07-2022 21:00,EDT,CAPITL,61757,71.65,5.38,1.8,1
05-07-2022 22:00,EDT,CAPITL,61757,63.32,4.58,1.59,1
05-07-2022 23:00,EDT,CAPITL,61757,57.94,3.65,1.08,1
06-07-2022 00:00,EDT,CAPITL,61757,53.09,3.29,0.8,1
06-07-2022 01:00,EDT,CAPITL,61757,48.04,2.9,0.19,1
06-07-2022 02:00,EDT,CAPITL,61757,44.87,2.7,0,1
06-07-2022 03:00,EDT,CAPITL,61757,43.56,2.62,0,1
06-07-2022 04:00,EDT,CAPITL,61757,43.33,2.53,0,1
06-07-2022 05:00,EDT,CAPITL,61757,44.98,2.71,0,1
06-07-2022 06:00,EDT,CAPITL,61757,48.81,2.98,0.01,1
06-07-2022 07:00,EDT,CAPITL,61757,52.97,3.38,0.17,1
06-07-2022 08:00,EDT,CAPITL,61757,55.06,3.77,1.86,1
06-07-2022 09:00,EDT,CAPITL,61757,58.09,3.93,2.03,1
06-07-2022 10:00,EDT,CAPITL,61757,63.56,4.05,1.84,1
06-07-2022 11:00,EDT,CAPITL,61757,63.02,4.12,1.73,1
06-07-2022 12:00,EDT,CAPITL,61757,64.16,4.05,1.35,1
06-07-2022 13:00,EDT,CAPITL,61757,75,4.57,2.14,1
06-07-2022 14:00,EDT,CAPITL,61757,78.21,4.73,1.58,1
06-07-2022 15:00,EDT,CAPITL,61757,89.79,5.8,3.92,1
06-07-2022 16:00,EDT,CAPITL,61757,86.16,5.69,3.17,1
06-07-2022 17:00,EDT,CAPITL,61757,93.27,6.39,1.75,1
06-07-2022 18:00,EDT,CAPITL,61757,97.43,6.93,1.83,1
06-07-2022 19:00,EDT,CAPITL,61757,87.51,6.37,0.44,1
06-07-2022 20:00,EDT,CAPITL,61757,78.47,5.32,0.65,1
06-07-2022 21:00,EDT,CAPITL,61757,72.33,4.95,1.27,1
06-07-2022 22:00,EDT,CAPITL,61757,63.39,4.45,1.98,1
06-07-2022 23:00,EDT,CAPITL,61757,61.49,4.05,1.33,1
07-07-2022 00:00,EDT,CAPITL,61757,51.46,3.03,0.4,1
07-07-2022 01:00,EDT,CAPITL,61757,49.86,3.3,-0.09,1
07-07-2022 02:00,EDT,CAPITL,61757,46.23,3.11,0,1
07-07-2022 03:00,EDT,CAPITL,61757,44.63,3,0,1
07-07-2022 04:00,EDT,CAPITL,61757,44.05,2.84,0,1
07-07-2022 05:00,EDT,CAPITL,61757,45.07,2.99,0,1
07-07-2022 06:00,EDT,CAPITL,61757,49.9,3.21,-0.09,1
07-07-2022 07:00,EDT,CAPITL,61757,52.96,3.44,0.34,1
07-07-2022 08:00,EDT,CAPITL,61757,57.05,3.92,1.27,1
07-07-2022 09:00,EDT,CAPITL,61757,58.05,3.85,1.69,1
07-07-2022 10:00,EDT,CAPITL,61757,60.54,3.85,2.53,1
07-07-2022 11:00,EDT,CAPITL,61757,64.55,4.34,2.76,1
07-07-2022 12:00,EDT,CAPITL,61757,66.61,4.31,3.01,1
07-07-2022 13:00,EDT,CAPITL,61757,71.13,4.71,2.89,1
07-07-2022 14:00,EDT,CAPITL,61757,75.85,5.11,3.34,1
07-07-2022 15:00,EDT,CAPITL,61757,82.88,5.78,4.38,1
07-07-2022 16:00,EDT,CAPITL,61757,80.27,5.52,4.11,1
07-07-2022 17:00,EDT,CAPITL,61757,84.74,5.99,3.31,1
07-07-2022 18:00,EDT,CAPITL,61757,89.1,6.41,2.67,1
07-07-2022 19:00,EDT,CAPITL,61757,76.08,5.26,1.24,1
07-07-2022 20:00,EDT,CAPITL,61757,72.52,5.28,1.39,1
07-07-2022 21:00,EDT,CAPITL,61757,67,4.85,2.5,1
07-07-2022 22:00,EDT,CAPITL,61757,62.14,4.35,1.86,1
07-07-2022 23:00,EDT,CAPITL,61757,56.16,3.47,0.77,1
08-07-2022 00:00,EDT,CAPITL,61757,50.51,3.12,0.64,1
08-07-2022 01:00,EDT,CAPITL,61757,47.06,2.97,0.21,1
08-07-2022 02:00,EDT,CAPITL,61757,44.18,2.62,0,1
08-07-2022 03:00,EDT,CAPITL,61757,43.2,2.49,0.03,1
08-07-2022 04:00,EDT,CAPITL,61757,43.33,2.57,0.02,1
08-07-2022 05:00,EDT,CAPITL,61757,43.89,2.68,0,1
08-07-2022 06:00,EDT,CAPITL,61757,48.29,2.92,0.2,1
08-07-2022 07:00,EDT,CAPITL,61757,52.24,3.1,0.09,1
08-07-2022 08:00,EDT,CAPITL,61757,58.14,3.78,1.22,1
08-07-2022 09:00,EDT,CAPITL,61757,60.64,3.97,1.66,1
08-07-2022 10:00,EDT,CAPITL,61757,63.87,3.96,1.85,1
08-07-2022 11:00,EDT,CAPITL,61757,67.56,4.45,2.38,1
08-07-2022 12:00,EDT,CAPITL,61757,69.74,4.54,2.62,1
08-07-2022 13:00,EDT,CAPITL,61757,75.76,5.15,2.96,1
08-07-2022 14:00,EDT,CAPITL,61757,80,5.51,3.18,1
08-07-2022 15:00,EDT,CAPITL,61757,83.42,5.99,3.46,1
08-07-2022 16:00,EDT,CAPITL,61757,85.84,6.45,3.18,1
08-07-2022 17:00,EDT,CAPITL,61757,92.41,6.92,2.12,1
08-07-2022 18:00,EDT,CAPITL,61757,87.41,6.7,2.1,1
08-07-2022 19:00,EDT,CAPITL,61757,79.67,5.91,0.07,1
08-07-2022 20:00,EDT,CAPITL,61757,72.26,5.56,1.11,1
08-07-2022 21:00,EDT,CAPITL,61757,67.72,5.22,1.97,1
08-07-2022 22:00,EDT,CAPITL,61757,62.78,4.42,1.44,1
08-07-2022 23:00,EDT,CAPITL,61757,60.8,4.03,0.78,1
09-07-2022 00:00,EDT,CAPITL,61757,58.19,3.81,0.89,1
09-07-2022 01:00,EDT,CAPITL,61757,54.08,3.45,0,1
09-07-2022 02:00,EDT,CAPITL,61757,51.19,3.16,-0.12,1
09-07-2022 03:00,EDT,CAPITL,61757,49.24,3.05,0.04,1
09-07-2022 04:00,EDT,CAPITL,61757,48.43,3.05,0.15,1
09-07-2022 05:00,EDT,CAPITL,61757,47.71,3.08,0.04,1
09-07-2022 06:00,EDT,CAPITL,61757,46.61,3.05,-0.02,1
09-07-2022 07:00,EDT,CAPITL,61757,49.11,3.16,-0.11,1
09-07-2022 08:00,EDT,CAPITL,61757,50.42,3.24,-0.15,1
09-07-2022 09:00,EDT,CAPITL,61757,51.62,3.4,0.3,1
09-07-2022 10:00,EDT,CAPITL,61757,52.76,3.35,0.57,1
09-07-2022 11:00,EDT,CAPITL,61757,53.94,3.38,0.66,1
09-07-2022 12:00,EDT,CAPITL,61757,55.59,3.2,0.86,1
09-07-2022 13:00,EDT,CAPITL,61757,54.94,3.1,0.72,1
09-07-2022 14:00,EDT,CAPITL,61757,53.96,3.1,0.79,1
09-07-2022 15:00,EDT,CAPITL,61757,54.64,3.16,1.13,1
09-07-2022 16:00,EDT,CAPITL,61757,59.88,3.69,1.33,1
09-07-2022 17:00,EDT,CAPITL,61757,63.67,4.21,0.77,1
09-07-2022 18:00,EDT,CAPITL,61757,69.05,4.78,1.31,1
09-07-2022 19:00,EDT,CAPITL,61757,68.78,4.96,1.46,1
09-07-2022 20:00,EDT,CAPITL,61757,58.43,4.06,0.43,1
09-07-2022 21:00,EDT,CAPITL,61757,56.79,4.12,0.87,1
09-07-2022 22:00,EDT,CAPITL,61757,54.42,3.71,0.75,1
09-07-2022 23:00,EDT,CAPITL,61757,51.31,3.58,0.64,1
10-07-2022 00:00,EDT,CAPITL,61757,50.16,3.19,-0.11,1
10-07-2022 01:00,EDT,CAPITL,61757,46.1,3.01,-0.03,1
10-07-2022 02:00,EDT,CAPITL,61757,44.76,2.93,0,1
10-07-2022 03:00,EDT,CAPITL,61757,44.9,2.94,0,1
10-07-2022 04:00,EDT,CAPITL,61757,43.88,2.76,0,1
10-07-2022 05:00,EDT,CAPITL,61757,43.86,2.83,0,1
10-07-2022 06:00,EDT,CAPITL,61757,42.9,2.77,0,1
10-07-2022 07:00,EDT,CAPITL,61757,41.59,2.65,0,1
10-07-2022 08:00,EDT,CAPITL,61757,41.14,2.48,0,1
10-07-2022 09:00,EDT,CAPITL,61757,44.53,2.68,0,1
10-07-2022 10:00,EDT,CAPITL,61757,45.67,2.5,0,1
10-07-2022 11:00,EDT,CAPITL,61757,46.34,2.41,0,1
10-07-2022 12:00,EDT,CAPITL,61757,46.5,2.21,0,1
10-07-2022 13:00,EDT,CAPITL,61757,48.17,2.21,0,1
10-07-2022 14:00,EDT,CAPITL,61757,51.85,2.33,0.02,1
10-07-2022 15:00,EDT,CAPITL,61757,51.9,2.52,0,1
10-07-2022 16:00,EDT,CAPITL,61757,55.54,3.18,1.57,1
10-07-2022 17:00,EDT,CAPITL,61757,68.23,4.58,1.76,1
10-07-2022 18:00,EDT,CAPITL,61757,73.33,5.27,2.17,1
10-07-2022 19:00,EDT,CAPITL,61757,70.36,5.29,1.87,1
10-07-2022 20:00,EDT,CAPITL,61757,60.77,4.37,1.16,1
10-07-2022 21:00,EDT,CAPITL,61757,58.72,4.35,1.38,1
10-07-2022 22:00,EDT,CAPITL,61757,53.71,3.69,0.51,1
10-07-2022 23:00,EDT,CAPITL,61757,50.02,3.13,-0.1,1
11-07-2022 00:00,EDT,CAPITL,61757,51.12,3.2,-0.18,1
11-07-2022 01:00,EDT,CAPITL,61757,46.2,2.98,-0.04,1
11-07-2022 02:00,EDT,CAPITL,61757,43.58,2.74,0,1
11-07-2022 03:00,EDT,CAPITL,61757,42.59,2.79,0,1
11-07-2022 04:00,EDT,CAPITL,61757,42.92,2.81,0,1
11-07-2022 05:00,EDT,CAPITL,61757,44.9,3.02,-0.49,1
11-07-2022 06:00,EDT,CAPITL,61757,46.7,3.14,-0.05,1
11-07-2022 07:00,EDT,CAPITL,61757,50.7,3.44,-0.14,1
11-07-2022 08:00,EDT,CAPITL,61757,54.27,3.62,0.37,1
11-07-2022 09:00,EDT,CAPITL,61757,55.89,3.66,0.81,1
11-07-2022 10:00,EDT,CAPITL,61757,57.39,3.71,0.87,1
11-07-2022 11:00,EDT,CAPITL,61757,62.95,4.08,1.08,1
11-07-2022 12:00,EDT,CAPITL,61757,66.88,3.82,1.64,1
11-07-2022 13:00,EDT,CAPITL,61757,71.3,4.24,1.36,1
11-07-2022 14:00,EDT,CAPITL,61757,77,4.91,2.27,1
11-07-2022 15:00,EDT,CAPITL,61757,83.64,5.66,1.71,1
11-07-2022 16:00,EDT,CAPITL,61757,94.59,6.74,0.84,1
11-07-2022 17:00,EDT,CAPITL,61757,103.39,7.77,1.49,1
11-07-2022 18:00,EDT,CAPITL,61757,99.96,7.93,0.21,1
11-07-2022 19:00,EDT,CAPITL,61757,85.9,6.59,-0.85,1
11-07-2022 20:00,EDT,CAPITL,61757,78.53,5.94,0.79,1
11-07-2022 21:00,EDT,CAPITL,61757,72.25,5.77,2.26,1
11-07-2022 22:00,EDT,CAPITL,61757,62.14,5.02,1.18,1
11-07-2022 23:00,EDT,CAPITL,61757,61.63,4.78,0,1
12-07-2022 00:00,EDT,CAPITL,61757,56.22,3.73,0.76,1
12-07-2022 01:00,EDT,CAPITL,61757,52.33,3.5,0.39,1
12-07-2022 02:00,EDT,CAPITL,61757,50.07,3.21,0.31,1
12-07-2022 03:00,EDT,CAPITL,61757,47.8,3,0,1
12-07-2022 04:00,EDT,CAPITL,61757,47.7,3.12,0,1
12-07-2022 05:00,EDT,CAPITL,61757,49.18,3.3,0,1
12-07-2022 06:00,EDT,CAPITL,61757,51.61,3.42,0.03,1
12-07-2022 07:00,EDT,CAPITL,61757,56.44,3.94,0,1
12-07-2022 08:00,EDT,CAPITL,61757,64.14,4.84,1.22,1
12-07-2022 09:00,EDT,CAPITL,61757,66.66,4.89,1.78,1
12-07-2022 10:00,EDT,CAPITL,61757,71.92,5.18,0.54,1
12-07-2022 11:00,EDT,CAPITL,61757,77.91,5.3,0,1
12-07-2022 12:00,EDT,CAPITL,61757,80.26,5.27,0.34,1
12-07-2022 13:00,EDT,CAPITL,61757,85.73,6.05,0,1
12-07-2022 14:00,EDT,CAPITL,61757,84.78,5.99,0.1,1
12-07-2022 15:00,EDT,CAPITL,61757,84.56,6.22,1.37,1
12-07-2022 16:00,EDT,CAPITL,61757,117.09,6.84,-24.77,1
12-07-2022 17:00,EDT,CAPITL,61757,105.6,7.11,-9.63,1
12-07-2022 18:00,EDT,CAPITL,61757,109.5,7.48,-11.78,1
12-07-2022 19:00,EDT,CAPITL,61757,100.89,7.93,-0.7,1
12-07-2022 20:00,EDT,CAPITL,61757,89.61,6.56,0,1
12-07-2022 21:00,EDT,CAPITL,61757,82.85,6.14,0,1
12-07-2022 22:00,EDT,CAPITL,61757,74.97,5.11,0.19,1
12-07-2022 23:00,EDT,CAPITL,61757,67.8,4.44,1.09,1
13-07-2022 00:00,EDT,CAPITL,61757,62.79,4.15,0.6,1
13-07-2022 01:00,EDT,CAPITL,61757,55.83,3.61,0.13,1
13-07-2022 02:00,EDT,CAPITL,61757,53.45,3.45,0,1
13-07-2022 03:00,EDT,CAPITL,61757,50.97,3.29,0,1
13-07-2022 04:00,EDT,CAPITL,61757,50.54,3.4,0,1
13-07-2022 05:00,EDT,CAPITL,61757,51.65,3.33,-0.05,1
13-07-2022 06:00,EDT,CAPITL,61757,55.83,3.51,0.04,1
13-07-2022 07:00,EDT,CAPITL,61757,60.07,4.07,0.51,1
13-07-2022 08:00,EDT,CAPITL,61757,67.27,5.1,1.58,1
13-07-2022 09:00,EDT,CAPITL,61757,69.41,5.28,1.87,1
13-07-2022 10:00,EDT,CAPITL,61757,73.73,5.57,2.37,1
13-07-2022 11:00,EDT,CAPITL,61757,79.16,5.96,2.31,1
13-07-2022 12:00,EDT,CAPITL,61757,81.48,6.1,1.87,1
13-07-2022 13:00,EDT,CAPITL,61757,87.2,6.46,1.03,1
13-07-2022 14:00,EDT,CAPITL,61757,90.39,6.7,1.09,1
13-07-2022 15:00,EDT,CAPITL,61757,99.65,7.69,1.82,1
13-07-2022 16:00,EDT,CAPITL,61757,111.68,8.85,2.48,1
13-07-2022 17:00,EDT,CAPITL,61757,114.65,8.97,1.11,1
13-07-2022 18:00,EDT,CAPITL,61757,101.94,7.99,0.11,1
13-07-2022 19:00,EDT,CAPITL,61757,90.32,6.85,0.08,1
13-07-2022 20:00,EDT,CAPITL,61757,83.78,6.44,1.23,1
13-07-2022 21:00,EDT,CAPITL,61757,80.4,6.36,2.68,1
13-07-2022 22:00,EDT,CAPITL,61757,76.24,6.12,2.69,1
13-07-2022 23:00,EDT,CAPITL,61757,66.68,4.61,1.95,1
14-07-2022 00:00,EDT,CAPITL,61757,60.32,3.55,1.37,1
14-07-2022 01:00,EDT,CAPITL,61757,55.24,3.32,0.8,1
14-07-2022 02:00,EDT,CAPITL,61757,52.7,3.15,0.38,1
14-07-2022 03:00,EDT,CAPITL,61757,48.98,2.9,0,1
14-07-2022 04:00,EDT,CAPITL,61757,48.81,2.94,0,1
14-07-2022 05:00,EDT,CAPITL,61757,51.73,3.14,0.36,1
14-07-2022 06:00,EDT,CAPITL,61757,53.8,3.16,0.29,1
14-07-2022 07:00,EDT,CAPITL,61757,57.74,3.65,0.43,1
14-07-2022 08:00,EDT,CAPITL,61757,54.76,3.58,3.14,1
14-07-2022 09:00,EDT,CAPITL,61757,57.11,3.67,3.87,1
14-07-2022 10:00,EDT,CAPITL,61757,60.03,3.81,3.28,1
14-07-2022 11:00,EDT,CAPITL,61757,59.89,3.81,3.42,1
14-07-2022 12:00,EDT,CAPITL,61757,63.09,4.11,4.35,1
14-07-2022 13:00,EDT,CAPITL,61757,65.79,4.43,4.7,1
14-07-2022 14:00,EDT,CAPITL,61757,72.51,4.91,3.67,1
14-07-2022 15:00,EDT,CAPITL,61757,69.64,5.37,8.28,1
14-07-2022 16:00,EDT,CAPITL,61757,70.53,5.46,7.75,1
14-07-2022 17:00,EDT,CAPITL,61757,76.23,5.62,6.47,1
14-07-2022 18:00,EDT,CAPITL,61757,78.2,5.97,6.39,1
14-07-2022 19:00,EDT,CAPITL,61757,78,5.75,2.36,1
14-07-2022 20:00,EDT,CAPITL,61757,75.01,5.42,2.61,1
14-07-2022 21:00,EDT,CAPITL,61757,66.88,4.82,3.1,1
14-07-2022 22:00,EDT,CAPITL,61757,62.43,4.34,3.06,1
14-07-2022 23:00,EDT,CAPITL,61757,59.66,3.64,2.65,1
15-07-2022 00:00,EDT,CAPITL,61757,60.65,3.47,0.69,1
15-07-2022 01:00,EDT,CAPITL,61757,56.47,3.31,0.17,1
15-07-2022 02:00,EDT,CAPITL,61757,52.2,3,0,1
15-07-2022 03:00,EDT,CAPITL,61757,48.98,2.86,0,1
15-07-2022 04:00,EDT,CAPITL,61757,49,2.99,0,1
15-07-2022 05:00,EDT,CAPITL,61757,50.59,2.91,0,1
15-07-2022 06:00,EDT,CAPITL,61757,54.63,3.09,0,1
15-07-2022 07:00,EDT,CAPITL,61757,57.57,3.55,0.56,1
15-07-2022 08:00,EDT,CAPITL,61757,55.33,3.44,1.01,1
15-07-2022 09:00,EDT,CAPITL,61757,56.95,3.48,1.68,1
15-07-2022 10:00,EDT,CAPITL,61757,57.84,3.38,1.87,1
15-07-2022 11:00,EDT,CAPITL,61757,59.21,3.37,2.3,1
15-07-2022 12:00,EDT,CAPITL,61757,59.78,3.35,2.35,1
15-07-2022 13:00,EDT,CAPITL,61757,63.18,3.87,2.16,1
15-07-2022 14:00,EDT,CAPITL,61757,69.89,4.38,2.89,1
15-07-2022 15:00,EDT,CAPITL,61757,71.03,4.76,3.62,1
15-07-2022 16:00,EDT,CAPITL,61757,76.15,5.17,4.08,1
15-07-2022 17:00,EDT,CAPITL,61757,80.16,5.92,3.64,1
15-07-2022 18:00,EDT,CAPITL,61757,82.11,6.19,2.4,1
15-07-2022 19:00,EDT,CAPITL,61757,80.54,6.12,1.2,1
15-07-2022 20:00,EDT,CAPITL,61757,73.26,5.73,1.51,1
15-07-2022 21:00,EDT,CAPITL,61757,70.93,5.45,2.68,1
15-07-2022 22:00,EDT,CAPITL,61757,65.28,4.7,2.06,1
15-07-2022 23:00,EDT,CAPITL,61757,64.86,4.41,1.62,1
16-07-2022 00:00,EDT,CAPITL,61757,58.62,3.74,0.88,1
16-07-2022 01:00,EDT,CAPITL,61757,54.47,3.62,0.12,1
16-07-2022 02:00,EDT,CAPITL,61757,52.22,3.2,0.22,1
16-07-2022 03:00,EDT,CAPITL,61757,50.7,3.36,0,1
16-07-2022 04:00,EDT,CAPITL,61757,49.87,3.35,0,1
16-07-2022 05:00,EDT,CAPITL,61757,49.76,3.25,0,1
16-07-2022 06:00,EDT,CAPITL,61757,50.54,3.31,0,1
16-07-2022 07:00,EDT,CAPITL,61757,49.65,3.16,0,1
16-07-2022 08:00,EDT,CAPITL,61757,48.16,2.91,0.09,1
16-07-2022 09:00,EDT,CAPITL,61757,53.25,3.34,0.64,1
16-07-2022 10:00,EDT,CAPITL,61757,54.56,3.24,0.86,1
16-07-2022 11:00,EDT,CAPITL,61757,57.32,3.53,1.36,1
16-07-2022 12:00,EDT,CAPITL,61757,57.69,3.45,1.41,1
16-07-2022 13:00,EDT,CAPITL,61757,57.5,3.34,1.48,1
16-07-2022 14:00,EDT,CAPITL,61757,65.63,3.9,1.22,1
16-07-2022 15:00,EDT,CAPITL,61757,69.93,4.55,3.62,1
16-07-2022 16:00,EDT,CAPITL,61757,78.7,5.32,2.62,1
16-07-2022 17:00,EDT,CAPITL,61757,87.06,6.11,1.6,1
16-07-2022 18:00,EDT,CAPITL,61757,85.26,6.26,1.23,1
16-07-2022 19:00,EDT,CAPITL,61757,84.14,6.31,0.98,1
16-07-2022 20:00,EDT,CAPITL,61757,77.85,5.65,2.14,1
16-07-2022 21:00,EDT,CAPITL,61757,71.25,5.54,2.73,1
16-07-2022 22:00,EDT,CAPITL,61757,71.02,5.14,2.58,1
16-07-2022 23:00,EDT,CAPITL,61757,64.82,4.35,1.72,1
17-07-2022 00:00,EDT,CAPITL,61757,62.46,4.08,0,1
17-07-2022 01:00,EDT,CAPITL,61757,58.47,3.98,0,1
17-07-2022 02:00,EDT,CAPITL,61757,55.29,3.67,0,1
17-07-2022 03:00,EDT,CAPITL,61757,52.62,3.58,0,1
17-07-2022 04:00,EDT,CAPITL,61757,51.54,3.6,0,1
17-07-2022 05:00,EDT,CAPITL,61757,50.88,3.59,0,1
17-07-2022 06:00,EDT,CAPITL,61757,50.7,3.58,0,1
17-07-2022 07:00,EDT,CAPITL,61757,49.45,3.23,0,1
17-07-2022 08:00,EDT,CAPITL,61757,54.2,3.69,0,1
17-07-2022 09:00,EDT,CAPITL,61757,58.79,3.99,0.65,1
17-07-2022 10:00,EDT,CAPITL,61757,63.26,4.27,1.1,1
17-07-2022 11:00,EDT,CAPITL,61757,70.46,4.92,1.95,1
17-07-2022 12:00,EDT,CAPITL,61757,77.4,5.6,2.76,1
17-07-2022 13:00,EDT,CAPITL,61757,79.11,5.51,1.84,1
17-07-2022 14:00,EDT,CAPITL,61757,83.61,5.77,1.28,1
17-07-2022 15:00,EDT,CAPITL,61757,92.09,6.71,1.74,1
17-07-2022 16:00,EDT,CAPITL,61757,99.45,7.6,0.82,1
17-07-2022 17:00,EDT,CAPITL,61757,110.76,8.92,0.73,1
17-07-2022 18:00,EDT,CAPITL,61757,108.9,9.11,0.37,1
17-07-2022 19:00,EDT,CAPITL,61757,99.03,7.84,0,1
17-07-2022 20:00,EDT,CAPITL,61757,94.02,7.29,0,1
17-07-2022 21:00,EDT,CAPITL,61757,89,7.29,1.16,1
17-07-2022 22:00,EDT,CAPITL,61757,79.87,6.1,1.58,1
17-07-2022 23:00,EDT,CAPITL,61757,70.07,5.2,0.91,1
18-07-2022 00:00,EDT,CAPITL,61757,72.06,5.27,0.75,1
18-07-2022 01:00,EDT,CAPITL,61757,64.19,4.59,0,1
18-07-2022 02:00,EDT,CAPITL,61757,59.62,4.26,0,1
18-07-2022 03:00,EDT,CAPITL,61757,57.34,4.05,0,1
18-07-2022 04:00,EDT,CAPITL,61757,57.19,4.09,0,1
18-07-2022 05:00,EDT,CAPITL,61757,59.56,4.2,0,1
18-07-2022 06:00,EDT,CAPITL,61757,64.2,4.48,0,1
18-07-2022 07:00,EDT,CAPITL,61757,69.06,5.03,0.44,1
18-07-2022 08:00,EDT,CAPITL,61757,80.01,6.34,1.75,1
18-07-2022 09:00,EDT,CAPITL,61757,86.27,6.7,2.14,1
18-07-2022 10:00,EDT,CAPITL,61757,89.19,6.11,1.72,1
18-07-2022 11:00,EDT,CAPITL,61757,93.71,6.31,1.42,1
18-07-2022 12:00,EDT,CAPITL,61757,102.67,6.94,2.05,1
18-07-2022 13:00,EDT,CAPITL,61757,88.18,5.8,0.5,1
18-07-2022 14:00,EDT,CAPITL,61757,89.96,5.91,0.43,1
18-07-2022 15:00,EDT,CAPITL,61757,93.71,6.24,0.45,1
18-07-2022 16:00,EDT,CAPITL,61757,98.62,6.78,1.04,1
18-07-2022 17:00,EDT,CAPITL,61757,104.75,7.42,0.31,1
18-07-2022 18:00,EDT,CAPITL,61757,107.52,8.52,0,1
18-07-2022 19:00,EDT,CAPITL,61757,97.99,7.67,0,1
18-07-2022 20:00,EDT,CAPITL,61757,94.98,7.61,0.08,1
18-07-2022 21:00,EDT,CAPITL,61757,90.22,7.3,1.09,1
18-07-2022 22:00,EDT,CAPITL,61757,83.96,6.51,1.96,1
18-07-2022 23:00,EDT,CAPITL,61757,79.91,5.89,1.49,1
19-07-2022 00:00,EDT,CAPITL,61757,72.22,5.05,0.1,1
19-07-2022 01:00,EDT,CAPITL,61757,64.26,4.65,0,1
19-07-2022 02:00,EDT,CAPITL,61757,60.54,4.49,0,1
19-07-2022 03:00,EDT,CAPITL,61757,57.89,4.32,-0.22,1
19-07-2022 04:00,EDT,CAPITL,61757,57.35,4.2,0,1
19-07-2022 05:00,EDT,CAPITL,61757,58.61,4.34,0,1
19-07-2022 06:00,EDT,CAPITL,61757,63.33,4.64,0,1
19-07-2022 07:00,EDT,CAPITL,61757,73.11,5.35,0,1
19-07-2022 08:00,EDT,CAPITL,61757,79.34,5.88,0,1
19-07-2022 09:00,EDT,CAPITL,61757,83.14,6.23,0,1
19-07-2022 10:00,EDT,CAPITL,61757,89.01,6.75,0,1
19-07-2022 11:00,EDT,CAPITL,61757,93.2,7.06,0,1
19-07-2022 12:00,EDT,CAPITL,61757,97.45,7.39,0,1
19-07-2022 13:00,EDT,CAPITL,61757,103.5,8.02,0,1
19-07-2022 14:00,EDT,CAPITL,61757,111.11,9.08,0,1
19-07-2022 15:00,EDT,CAPITL,61757,123.09,9.67,-7.19,1
19-07-2022 16:00,EDT,CAPITL,61757,131.25,11.05,0,1
19-07-2022 17:00,EDT,CAPITL,61757,156.11,12.68,-11.35,1
19-07-2022 18:00,EDT,CAPITL,61757,157.35,11.29,-31.99,1
19-07-2022 19:00,EDT,CAPITL,61757,129.64,10.46,-13.57,1
19-07-2022 20:00,EDT,CAPITL,61757,126.67,8.98,-27.93,1
19-07-2022 21:00,EDT,CAPITL,61757,98.26,8.36,0,1
19-07-2022 22:00,EDT,CAPITL,61757,91.05,7.52,0,1
19-07-2022 23:00,EDT,CAPITL,61757,82.83,6.16,1.26,1
20-07-2022 00:00,EDT,CAPITL,61757,89.36,7.15,0,1
20-07-2022 01:00,EDT,CAPITL,61757,80.75,6.4,0,1
20-07-2022 02:00,EDT,CAPITL,61757,73.88,5.78,0,1
20-07-2022 03:00,EDT,CAPITL,61757,74.4,5.58,-4.65,1
20-07-2022 04:00,EDT,CAPITL,61757,70.91,5.55,0,1
20-07-2022 05:00,EDT,CAPITL,61757,72.04,5.34,0,1
20-07-2022 06:00,EDT,CAPITL,61757,80.14,6.07,0,1
20-07-2022 07:00,EDT,CAPITL,61757,93.55,7.17,0,1
20-07-2022 08:00,EDT,CAPITL,61757,102.62,7.86,0,1
20-07-2022 09:00,EDT,CAPITL,61757,107.44,8.51,0,1
20-07-2022 10:00,EDT,CAPITL,61757,116.9,9.55,0,1
20-07-2022 11:00,EDT,CAPITL,61757,140.55,9.74,-24.84,1
20-07-2022 12:00,EDT,CAPITL,61757,138.91,10.98,-7.31,1
20-07-2022 13:00,EDT,CAPITL,61757,180.73,10.27,-56.42,1
20-07-2022 14:00,EDT,CAPITL,61757,206.01,10.77,-76.92,1
20-07-2022 15:00,EDT,CAPITL,61757,258.67,13.3,-103.81,1
20-07-2022 16:00,EDT,CAPITL,61757,283.67,16.89,-87.09,1
20-07-2022 17:00,EDT,CAPITL,61757,295.54,18.32,-77.96,1
20-07-2022 18:00,EDT,CAPITL,61757,295,15.61,-113.3,1
20-07-2022 19:00,EDT,CAPITL,61757,267.22,15.5,-90.23,1
20-07-2022 20:00,EDT,CAPITL,61757,226.63,11.12,-102.16,1
20-07-2022 21:00,EDT,CAPITL,61757,165.83,9.69,-53.02,1
20-07-2022 22:00,EDT,CAPITL,61757,119.16,9.26,-8.09,1
20-07-2022 23:00,EDT,CAPITL,61757,107.54,8.32,-6.82,1
21-07-2022 00:00,EDT,CAPITL,61757,130.29,7.33,-41.59,1
21-07-2022 01:00,EDT,CAPITL,61757,123.6,6.38,-45.48,1
21-07-2022 02:00,EDT,CAPITL,61757,108.57,5.77,-37.2,1
21-07-2022 03:00,EDT,CAPITL,61757,87.11,5.85,-15.48,1
21-07-2022 04:00,EDT,CAPITL,61757,87.11,5.32,-22,1
21-07-2022 05:00,EDT,CAPITL,61757,96.58,5.84,-25.85,1
21-07-2022 06:00,EDT,CAPITL,61757,122.82,6.56,-44.92,1
21-07-2022 07:00,EDT,CAPITL,61757,172.9,6.69,-93.43,1
21-07-2022 08:00,EDT,CAPITL,61757,177.87,7.8,-87.95,1
21-07-2022 09:00,EDT,CAPITL,61757,211.76,7.54,-126.46,1
21-07-2022 10:00,EDT,CAPITL,61757,228.46,8.46,-131.84,1
21-07-2022 11:00,EDT,CAPITL,61757,241.1,9.31,-135.83,1
21-07-2022 12:00,EDT,CAPITL,61757,275.22,9.08,-169.55,1
21-07-2022 13:00,EDT,CAPITL,61757,340.54,9.05,-231.02,1
21-07-2022 14:00,EDT,CAPITL,61757,368.91,9.49,-254,1
21-07-2022 15:00,EDT,CAPITL,61757,407.67,9.14,-298.12,1
21-07-2022 16:00,EDT,CAPITL,61757,426.88,10.07,-304.93,1
21-07-2022 17:00,EDT,CAPITL,61757,441.18,10.77,-308.09,1
21-07-2022 18:00,EDT,CAPITL,61757,409.38,9.19,-298.13,1
21-07-2022 19:00,EDT,CAPITL,61757,355.15,8.03,-255.88,1
21-07-2022 20:00,EDT,CAPITL,61757,268,8.49,-165.18,1
21-07-2022 21:00,EDT,CAPITL,61757,227.93,7.99,-132.16,1
21-07-2022 22:00,EDT,CAPITL,61757,186.08,7.65,-93.51,1
21-07-2022 23:00,EDT,CAPITL,61757,156.55,7,-69.04,1
22-07-2022 00:00,EDT,CAPITL,61757,209.42,5.77,-138.06,1
22-07-2022 01:00,EDT,CAPITL,61757,200,5.39,-133.4,1
22-07-2022 02:00,EDT,CAPITL,61757,188,5.25,-122.38,1
22-07-2022 03:00,EDT,CAPITL,61757,180.7,4.77,-119.74,1
22-07-2022 04:00,EDT,CAPITL,61757,171.48,4.81,-109.37,1
22-07-2022 05:00,EDT,CAPITL,61757,177.83,5.1,-113.5,1
22-07-2022 06:00,EDT,CAPITL,61757,177.23,5.48,-108.73,1
22-07-2022 07:00,EDT,CAPITL,61757,183.46,6.91,-98.1,1
22-07-2022 08:00,EDT,CAPITL,61757,194.55,7.37,-104.3,1
22-07-2022 09:00,EDT,CAPITL,61757,211.04,8.51,-109.05,1
22-07-2022 10:00,EDT,CAPITL,61757,218.88,9.69,-102.72,1
22-07-2022 11:00,EDT,CAPITL,61757,238.46,11.08,-109.5,1
22-07-2022 12:00,EDT,CAPITL,61757,256.16,11.69,-116.04,1
22-07-2022 13:00,EDT,CAPITL,61757,297.86,11.2,-164.85,1
22-07-2022 14:00,EDT,CAPITL,61757,323.82,12.19,-179.03,1
22-07-2022 15:00,EDT,CAPITL,61757,356.02,12.87,-203.21,1
22-07-2022 16:00,EDT,CAPITL,61757,356.02,14.92,-177.13,1
22-07-2022 17:00,EDT,CAPITL,61757,380.39,14.81,-204.47,1
22-07-2022 18:00,EDT,CAPITL,61757,356.02,12.37,-213.52,1
22-07-2022 19:00,EDT,CAPITL,61757,329.79,11.48,-197.56,1
22-07-2022 20:00,EDT,CAPITL,61757,270.85,9.71,-162.06,1
22-07-2022 21:00,EDT,CAPITL,61757,260.24,9.52,-152.59,1
22-07-2022 22:00,EDT,CAPITL,61757,212.27,8.7,-112.95,1
22-07-2022 23:00,EDT,CAPITL,61757,185.12,7.16,-100.94,1
23-07-2022 00:00,EDT,CAPITL,61757,187.91,6.16,-114.01,1
23-07-2022 01:00,EDT,CAPITL,61757,170,5.38,-105.51,1
23-07-2022 02:00,EDT,CAPITL,61757,158.85,4.91,-98.14,1
23-07-2022 03:00,EDT,CAPITL,61757,118.94,4.35,-63.37,1
23-07-2022 04:00,EDT,CAPITL,61757,113.18,4.34,-57.79,1
23-07-2022 05:00,EDT,CAPITL,61757,112.64,4.31,-57.56,1
23-07-2022 06:00,EDT,CAPITL,61757,118.04,4.48,-60.18,1
23-07-2022 07:00,EDT,CAPITL,61757,149.19,4.82,-86.94,1
23-07-2022 08:00,EDT,CAPITL,61757,142.9,5.9,-70.01,1
23-07-2022 09:00,EDT,CAPITL,61757,179.53,6.88,-97.04,1
23-07-2022 10:00,EDT,CAPITL,61757,181.12,7.23,-95.3,1
23-07-2022 11:00,EDT,CAPITL,61757,202.97,8.53,-103.64,1
23-07-2022 12:00,EDT,CAPITL,61757,224.8,8.57,-124.05,1
23-07-2022 13:00,EDT,CAPITL,61757,239.08,8.68,-135.99,1
23-07-2022 14:00,EDT,CAPITL,61757,266.35,8.48,-166.74,1
23-07-2022 15:00,EDT,CAPITL,61757,326.78,9.01,-221.84,1
23-07-2022 16:00,EDT,CAPITL,61757,380.83,9.26,-275.09,1
23-07-2022 17:00,EDT,CAPITL,61757,424.7,11.86,-290.52,1
23-07-2022 18:00,EDT,CAPITL,61757,404.82,10.16,-291.1,1
23-07-2022 19:00,EDT,CAPITL,61757,369.33,8.81,-270.72,1
23-07-2022 20:00,EDT,CAPITL,61757,289.13,7.63,-205.88,1
23-07-2022 21:00,EDT,CAPITL,61757,233.62,8.49,-140.98,1
23-07-2022 22:00,EDT,CAPITL,61757,205.84,7.71,-121.73,1
23-07-2022 23:00,EDT,CAPITL,61757,160.9,7.43,-79.14,1
24-07-2022 00:00,EDT,CAPITL,61757,192.56,5.6,-125.44,1
24-07-2022 01:00,EDT,CAPITL,61757,162.01,4.84,-102.23,1
24-07-2022 02:00,EDT,CAPITL,61757,138.64,4.8,-78.65,1
24-07-2022 03:00,EDT,CAPITL,61757,102.31,4.46,-45.98,1
24-07-2022 04:00,EDT,CAPITL,61757,104.98,4.47,-48.58,1
24-07-2022 05:00,EDT,CAPITL,61757,101.6,4.37,-45.16,1
24-07-2022 06:00,EDT,CAPITL,61757,98.61,4.21,-44.86,1
24-07-2022 07:00,EDT,CAPITL,61757,93.6,4.37,-37.27,1
24-07-2022 08:00,EDT,CAPITL,61757,125.62,4.81,-65.53,1
24-07-2022 09:00,EDT,CAPITL,61757,146.82,5.62,-78.79,1
24-07-2022 10:00,EDT,CAPITL,61757,180.41,6.39,-103.06,1
24-07-2022 11:00,EDT,CAPITL,61757,204.91,6.95,-124.79,1
24-07-2022 12:00,EDT,CAPITL,61757,232.73,6.69,-154.08,1
24-07-2022 13:00,EDT,CAPITL,61757,251.39,7.02,-166.41,1
24-07-2022 14:00,EDT,CAPITL,61757,284.46,7.28,-197.23,1
24-07-2022 15:00,EDT,CAPITL,61757,336.82,6.87,-254.45,1
24-07-2022 16:00,EDT,CAPITL,61757,376.42,7.51,-289.87,1
24-07-2022 17:00,EDT,CAPITL,61757,418.88,8.32,-323.07,1
24-07-2022 18:00,EDT,CAPITL,61757,394.52,7.95,-306.31,1
24-07-2022 19:00,EDT,CAPITL,61757,353.57,6.77,-276.25,1
24-07-2022 20:00,EDT,CAPITL,61757,296.93,5.95,-230.28,1
24-07-2022 21:00,EDT,CAPITL,61757,247.29,7.09,-168.56,1
24-07-2022 22:00,EDT,CAPITL,61757,211.71,6.42,-136.92,1
24-07-2022 23:00,EDT,CAPITL,61757,184.2,6.45,-109.08,1
25-07-2022 00:00,EDT,CAPITL,61757,185.35,6.31,-108.13,1
25-07-2022 01:00,EDT,CAPITL,61757,150,5.41,-81.72,1
25-07-2022 02:00,EDT,CAPITL,61757,105.12,4.5,-48.26,1
25-07-2022 03:00,EDT,CAPITL,61757,98.07,4.49,-41.4,1
25-07-2022 04:00,EDT,CAPITL,61757,98.31,4.43,-41.69,1
25-07-2022 05:00,EDT,CAPITL,61757,97.46,4.86,-36.09,1
25-07-2022 06:00,EDT,CAPITL,61757,147.33,6.03,-72.82,1
25-07-2022 07:00,EDT,CAPITL,61757,162.59,6.51,-82.86,1
25-07-2022 08:00,EDT,CAPITL,61757,172.52,6.83,-90.68,1
25-07-2022 09:00,EDT,CAPITL,61757,195.92,7.68,-105.66,1
25-07-2022 10:00,EDT,CAPITL,61757,206.04,8.11,-109.71,1
25-07-2022 11:00,EDT,CAPITL,61757,221.84,8.12,-124.53,1
25-07-2022 12:00,EDT,CAPITL,61757,243.17,8.69,-136.82,1
25-07-2022 13:00,EDT,CAPITL,61757,259.89,7.96,-159.38,1
25-07-2022 14:00,EDT,CAPITL,61757,281.85,6.97,-194.75,1
25-07-2022 15:00,EDT,CAPITL,61757,331.15,7,-243.66,1
25-07-2022 16:00,EDT,CAPITL,61757,338.38,7.95,-238.98,1
25-07-2022 17:00,EDT,CAPITL,61757,369.1,8.61,-263.76,1
25-07-2022 18:00,EDT,CAPITL,61757,338.8,8.42,-234.73,1
25-07-2022 19:00,EDT,CAPITL,61757,265.59,8.33,-160.39,1
25-07-2022 20:00,EDT,CAPITL,61757,217.57,7.85,-123.46,1
25-07-2022 21:00,EDT,CAPITL,61757,193.82,7.41,-104.15,1
25-07-2022 22:00,EDT,CAPITL,61757,141.62,8.18,-40.52,1
25-07-2022 23:00,EDT,CAPITL,61757,107.35,7.04,-16.56,1
26-07-2022 00:00,EDT,CAPITL,61757,94.44,6.25,-12.83,1
26-07-2022 01:00,EDT,CAPITL,61757,83.85,5.62,-7.09,1
26-07-2022 02:00,EDT,CAPITL,61757,73.58,5.17,-1.27,1
26-07-2022 03:00,EDT,CAPITL,61757,74.19,4.38,-12.21,1
26-07-2022 04:00,EDT,CAPITL,61757,69.41,4.72,-4.28,1
26-07-2022 05:00,EDT,CAPITL,61757,67.79,4.91,0,1
26-07-2022 06:00,EDT,CAPITL,61757,77.51,5.67,0,1
26-07-2022 07:00,EDT,CAPITL,61757,81.36,5.68,0,1
26-07-2022 08:00,EDT,CAPITL,61757,89.03,6.37,0,1
26-07-2022 09:00,EDT,CAPITL,61757,93.42,6.68,0,1
26-07-2022 10:00,EDT,CAPITL,61757,93.41,6.28,0,1
26-07-2022 11:00,EDT,CAPITL,61757,99.15,6.69,0.48,1
26-07-2022 12:00,EDT,CAPITL,61757,102.39,6.81,0.35,1
26-07-2022 13:00,EDT,CAPITL,61757,101.74,6.84,0,1
26-07-2022 14:00,EDT,CAPITL,61757,108.5,7.48,0,1
26-07-2022 15:00,EDT,CAPITL,61757,120.92,8.54,0,1
26-07-2022 16:00,EDT,CAPITL,61757,130.98,9.25,0,1
26-07-2022 17:00,EDT,CAPITL,61757,145.51,10.65,0,1
26-07-2022 18:00,EDT,CAPITL,61757,138.72,10.86,0,1
26-07-2022 19:00,EDT,CAPITL,61757,119.74,9.28,0,1
26-07-2022 20:00,EDT,CAPITL,61757,115.2,8.93,0,1
26-07-2022 21:00,EDT,CAPITL,61757,104.36,8.09,0,1
26-07-2022 22:00,EDT,CAPITL,61757,96.64,7.24,0,1
26-07-2022 23:00,EDT,CAPITL,61757,85.46,6.4,0,1
27-07-2022 00:00,EDT,CAPITL,61757,77.14,5.25,0,1
27-07-2022 01:00,EDT,CAPITL,61757,68.81,4.44,0,1
27-07-2022 02:00,EDT,CAPITL,61757,63.91,4.24,0,1
27-07-2022 03:00,EDT,CAPITL,61757,59.49,3.84,0,1
27-07-2022 04:00,EDT,CAPITL,61757,59.52,3.84,0,1
27-07-2022 05:00,EDT,CAPITL,61757,63.85,3.95,0,1
27-07-2022 06:00,EDT,CAPITL,61757,71.92,4.58,0,1
27-07-2022 07:00,EDT,CAPITL,61757,73.14,4.21,0,1
27-07-2022 08:00,EDT,CAPITL,61757,78.18,4.71,0.07,1
27-07-2022 09:00,EDT,CAPITL,61757,80.15,4.75,1.25,1
27-07-2022 10:00,EDT,CAPITL,61757,85.46,4.61,0,1
27-07-2022 11:00,EDT,CAPITL,61757,94.29,5.17,0,1
27-07-2022 12:00,EDT,CAPITL,61757,97.34,5.42,0,1
27-07-2022 13:00,EDT,CAPITL,61757,102.78,5.82,0,1
27-07-2022 14:00,EDT,CAPITL,61757,113.85,6.95,0,1
27-07-2022 15:00,EDT,CAPITL,61757,125.33,8.08,0,1
27-07-2022 16:00,EDT,CAPITL,61757,135.92,9.01,0,1
27-07-2022 17:00,EDT,CAPITL,61757,156.69,11.34,0,1
27-07-2022 18:00,EDT,CAPITL,61757,148.26,11.36,0,1
27-07-2022 19:00,EDT,CAPITL,61757,133.19,10.43,0,1
27-07-2022 20:00,EDT,CAPITL,61757,114.15,8.65,0,1
27-07-2022 21:00,EDT,CAPITL,61757,102.57,7.51,0,1
27-07-2022 22:00,EDT,CAPITL,61757,93.81,6.79,0,1
27-07-2022 23:00,EDT,CAPITL,61757,91.57,6.31,0,1
28-07-2022 00:00,EDT,CAPITL,61757,86.52,6.04,0,1
28-07-2022 01:00,EDT,CAPITL,61757,74.21,5.18,0,1
28-07-2022 02:00,EDT,CAPITL,61757,70.66,5.05,0,1
28-07-2022 03:00,EDT,CAPITL,61757,67.2,4.69,0,1
28-07-2022 04:00,EDT,CAPITL,61757,65.9,4.48,0,1
28-07-2022 05:00,EDT,CAPITL,61757,68.04,4.75,0,1
28-07-2022 06:00,EDT,CAPITL,61757,76.88,5.37,0,1
28-07-2022 07:00,EDT,CAPITL,61757,82.7,5.99,0,1
28-07-2022 08:00,EDT,CAPITL,61757,89.61,6.33,0,1
28-07-2022 09:00,EDT,CAPITL,61757,94.73,6.86,0,1
28-07-2022 10:00,EDT,CAPITL,61757,104.07,7.62,0,1
28-07-2022 11:00,EDT,CAPITL,61757,112.45,8.8,0,1
28-07-2022 12:00,EDT,CAPITL,61757,130.66,8.66,-21.28,1
28-07-2022 13:00,EDT,CAPITL,61757,149.96,8.51,-41.29,1
28-07-2022 14:00,EDT,CAPITL,61757,169.55,8.95,-56.58,1
28-07-2022 15:00,EDT,CAPITL,61757,184.26,9.28,-69.54,1
28-07-2022 16:00,EDT,CAPITL,61757,194.18,10.24,-67.66,1
28-07-2022 17:00,EDT,CAPITL,61757,205.16,10.78,-69.04,1
28-07-2022 18:00,EDT,CAPITL,61757,218,10.52,-86.48,1
28-07-2022 19:00,EDT,CAPITL,61757,198.44,9.82,-75.68,1
28-07-2022 20:00,EDT,CAPITL,61757,155.96,8.72,-48.11,1
28-07-2022 21:00,EDT,CAPITL,61757,143.07,8.42,-40.04,1
28-07-2022 22:00,EDT,CAPITL,61757,105.02,8.32,0,1
28-07-2022 23:00,EDT,CAPITL,61757,97.87,7.66,0,1
29-07-2022 00:00,EDT,CAPITL,61757,89.44,7.24,0,1
29-07-2022 01:00,EDT,CAPITL,61757,80.46,6.44,0,1
29-07-2022 02:00,EDT,CAPITL,61757,74.13,6,0,1
29-07-2022 03:00,EDT,CAPITL,61757,70.39,5.63,0,1
29-07-2022 04:00,EDT,CAPITL,61757,69.41,5.55,0,1
29-07-2022 05:00,EDT,CAPITL,61757,72.22,5.37,-0.45,1
29-07-2022 06:00,EDT,CAPITL,61757,79.99,5.93,-0.88,1
29-07-2022 07:00,EDT,CAPITL,61757,91.34,7.03,-10.35,1
29-07-2022 08:00,EDT,CAPITL,61757,97.61,8.33,-4.35,1
29-07-2022 09:00,EDT,CAPITL,61757,101.62,8.84,-1.58,1
29-07-2022 10:00,EDT,CAPITL,61757,108.59,9.39,-2.34,1
29-07-2022 11:00,EDT,CAPITL,61757,122.1,9.19,-19.18,1
29-07-2022 12:00,EDT,CAPITL,61757,139.79,8.89,-40.25,1
29-07-2022 13:00,EDT,CAPITL,61757,150.08,9.05,-49.68,1
29-07-2022 14:00,EDT,CAPITL,61757,173.58,8,-84.75,1
29-07-2022 15:00,EDT,CAPITL,61757,189,8.89,-90.35,1
29-07-2022 16:00,EDT,CAPITL,61757,184.21,9.06,-82.73,1
29-07-2022 17:00,EDT,CAPITL,61757,204.62,9.08,-103.9,1
29-07-2022 18:00,EDT,CAPITL,61757,214.78,8.81,-118.73,1
29-07-2022 19:00,EDT,CAPITL,61757,175.69,8.33,-83.19,1
29-07-2022 20:00,EDT,CAPITL,61757,152.86,7.85,-66.46,1
29-07-2022 21:00,EDT,CAPITL,61757,129.48,8.3,-38.98,1
29-07-2022 22:00,EDT,CAPITL,61757,113.11,7.58,-28.2,1
29-07-2022 23:00,EDT,CAPITL,61757,95.17,6.57,-17.14,1
30-07-2022 00:00,EDT,CAPITL,61757,84.07,6.28,-9.45,1
30-07-2022 01:00,EDT,CAPITL,61757,79.64,5.19,-15.51,1
30-07-2022 02:00,EDT,CAPITL,61757,74.01,4.54,-14.72,1
30-07-2022 03:00,EDT,CAPITL,61757,68.75,4.37,-11.75,1
30-07-2022 04:00,EDT,CAPITL,61757,66.18,4.2,-10.8,1
30-07-2022 05:00,EDT,CAPITL,61757,65.55,4.14,-10.23,1
30-07-2022 06:00,EDT,CAPITL,61757,67.7,4.14,-12.37,1
30-07-2022 07:00,EDT,CAPITL,61757,55.26,4.33,0,1
30-07-2022 08:00,EDT,CAPITL,61757,56.87,4.54,0.42,1
30-07-2022 09:00,EDT,CAPITL,61757,59.16,4.69,0.69,1
30-07-2022 10:00,EDT,CAPITL,61757,61.77,5.02,1.62,1
30-07-2022 11:00,EDT,CAPITL,61757,64.66,5.39,1.33,1
30-07-2022 12:00,EDT,CAPITL,61757,64.78,5.24,1.41,1
30-07-2022 13:00,EDT,CAPITL,61757,69.14,5.15,0.37,1
30-07-2022 14:00,EDT,CAPITL,61757,71.73,5.34,-0.37,1
30-07-2022 15:00,EDT,CAPITL,61757,74.85,5.8,-0.05,1
30-07-2022 16:00,EDT,CAPITL,61757,75.32,6.39,1.34,1
30-07-2022 17:00,EDT,CAPITL,61757,137.53,8.58,-44.86,1
30-07-2022 18:00,EDT,CAPITL,61757,141.26,10.2,-33.03,1
30-07-2022 19:00,EDT,CAPITL,61757,124.75,9.8,-21.64,1
30-07-2022 20:00,EDT,CAPITL,61757,124.88,8.35,-37.76,1
30-07-2022 21:00,EDT,CAPITL,61757,106.73,8.16,-20.79,1
30-07-2022 22:00,EDT,CAPITL,61757,88.78,7.49,-7.93,1
30-07-2022 23:00,EDT,CAPITL,61757,87.97,6.38,-13.71,1
31-07-2022 00:00,EDT,CAPITL,61757,76.73,6.24,-1.86,1
31-07-2022 01:00,EDT,CAPITL,61757,67.45,5.04,-4.4,1
31-07-2022 02:00,EDT,CAPITL,61757,66.17,4.42,-9.09,1
31-07-2022 03:00,EDT,CAPITL,61757,65.26,3.96,-12.4,1
31-07-2022 04:00,EDT,CAPITL,61757,62.55,4.06,-8.33,1
31-07-2022 05:00,EDT,CAPITL,61757,62.51,4,-9.78,1
31-07-2022 06:00,EDT,CAPITL,61757,61.47,3.83,-9.17,1
31-07-2022 07:00,EDT,CAPITL,61757,58.92,3.98,-6.44,1
31-07-2022 08:00,EDT,CAPITL,61757,63.5,4.28,-8.27,1
31-07-2022 09:00,EDT,CAPITL,61757,64.49,5.2,-0.23,1
31-07-2022 10:00,EDT,CAPITL,61757,69.84,5.28,-0.18,1
31-07-2022 11:00,EDT,CAPITL,61757,78.35,6.09,0.23,1
31-07-2022 12:00,EDT,CAPITL,61757,81.59,5.67,0.71,1
31-07-2022 13:00,EDT,CAPITL,61757,85.85,6.08,1.26,1
31-07-2022 14:00,EDT,CAPITL,61757,96.19,7.06,0.24,1
31-07-2022 15:00,EDT,CAPITL,61757,107.59,8.15,-0.05,1
31-07-2022 16:00,EDT,CAPITL,61757,117.89,9.69,-0.54,1
31-07-2022 17:00,EDT,CAPITL,61757,133.72,11.18,-0.97,1
31-07-2022 18:00,EDT,CAPITL,61757,133.54,11.69,-6.07,1
31-07-2022 19:00,EDT,CAPITL,61757,124.65,10.46,-9.57,1
31-07-2022 20:00,EDT,CAPITL,61757,107.59,8.89,0,1
31-07-2022 21:00,EDT,CAPITL,61757,99.06,8.09,0,1
31-07-2022 22:00,EDT,CAPITL,61757,86.68,6.57,0,1
31-07-2022 23:00,EDT,CAPITL,61757,79.74,5.91,0,1
01-08-2022 00:00,EDT,CAPITL,61757,78.74,5.7,0,1
01-08-2022 01:00,EDT,CAPITL,61757,70.7,4.93,0,1
01-08-2022 02:00,EDT,CAPITL,61757,61.91,4.41,-0.23,1
01-08-2022 03:00,EDT,CAPITL,61757,62.85,4.13,-4.38,1
01-08-2022 04:00,EDT,CAPITL,61757,63.55,4.15,-6.19,1
01-08-2022 05:00,EDT,CAPITL,61757,69.89,4.51,-8.28,1
01-08-2022 06:00,EDT,CAPITL,61757,76.54,5.08,-9.55,1
01-08-2022 07:00,EDT,CAPITL,61757,90.06,5.45,-18.21,1
01-08-2022 08:00,EDT,CAPITL,61757,98.27,6.29,-17.08,1
01-08-2022 09:00,EDT,CAPITL,61757,98.01,6.57,-13.19,1
01-08-2022 10:00,EDT,CAPITL,61757,96.73,7.25,0,1
01-08-2022 11:00,EDT,CAPITL,61757,101.74,7.62,0,1
01-08-2022 12:00,EDT,CAPITL,61757,103.59,7.5,0,1
01-08-2022 13:00,EDT,CAPITL,61757,109.19,8.36,0,1
01-08-2022 14:00,EDT,CAPITL,61757,114.79,8.79,0,1
01-08-2022 15:00,EDT,CAPITL,61757,127.84,9.74,-2.21,1
01-08-2022 16:00,EDT,CAPITL,61757,140.8,10.31,-9.08,1
01-08-2022 17:00,EDT,CAPITL,61757,184.54,9.97,-59.93,1
01-08-2022 18:00,EDT,CAPITL,61757,169.43,10.02,-46.83,1
01-08-2022 19:00,EDT,CAPITL,61757,152.11,9.84,-34.1,1
01-08-2022 20:00,EDT,CAPITL,61757,130.79,8.81,-26.14,1
01-08-2022 21:00,EDT,CAPITL,61757,128.06,7.81,-32.46,1
01-08-2022 22:00,EDT,CAPITL,61757,103.51,7.36,-10.56,1
01-08-2022 23:00,EDT,CAPITL,61757,95.63,6.47,-12.09,1
02-08-2022 00:00,EDT,CAPITL,61757,92.31,5.94,-16.43,1
02-08-2022 01:00,EDT,CAPITL,61757,78.64,5.63,-5.96,1
02-08-2022 02:00,EDT,CAPITL,61757,80.09,4.61,-19.85,1
02-08-2022 03:00,EDT,CAPITL,61757,76.07,4.6,-16.73,1
02-08-2022 04:00,EDT,CAPITL,61757,70.88,4.67,-11.27,1
02-08-2022 05:00,EDT,CAPITL,61757,76.26,5.02,-12.85,1
02-08-2022 06:00,EDT,CAPITL,61757,76.74,5.76,-2.42,1
02-08-2022 07:00,EDT,CAPITL,61757,89.81,6.3,-10.22,1
02-08-2022 08:00,EDT,CAPITL,61757,103.03,7.28,-13.03,1
02-08-2022 09:00,EDT,CAPITL,61757,98.85,7.83,0,1
02-08-2022 10:00,EDT,CAPITL,61757,111.64,8.1,-10.34,1
02-08-2022 11:00,EDT,CAPITL,61757,120.07,8.51,-13.67,1
02-08-2022 12:00,EDT,CAPITL,61757,145.27,8.5,-40.2,1
02-08-2022 13:00,EDT,CAPITL,61757,155.4,8.42,-50.2,1
02-08-2022 14:00,EDT,CAPITL,61757,174.21,8.4,-70.43,1
02-08-2022 15:00,EDT,CAPITL,61757,199.44,8.78,-90.89,1
02-08-2022 16:00,EDT,CAPITL,61757,227.92,9.92,-106.55,1
02-08-2022 17:00,EDT,CAPITL,61757,235.56,11.53,-95.96,1
02-08-2022 18:00,EDT,CAPITL,61757,221.12,10.3,-97.68,1
02-08-2022 19:00,EDT,CAPITL,61757,180.34,10.44,-53.97,1
02-08-2022 20:00,EDT,CAPITL,61757,144.64,9.2,-35.37,1
02-08-2022 21:00,EDT,CAPITL,61757,129.07,8.36,-26.76,1
02-08-2022 22:00,EDT,CAPITL,61757,107.55,8.01,-8.56,1
02-08-2022 23:00,EDT,CAPITL,61757,91.19,7.07,0,1
03-08-2022 00:00,EDT,CAPITL,61757,83.02,6.43,-0.11,1
03-08-2022 01:00,EDT,CAPITL,61757,74.9,5.38,-3.91,1
03-08-2022 02:00,EDT,CAPITL,61757,72.39,4.95,-6.27,1
03-08-2022 03:00,EDT,CAPITL,61757,68.86,4.67,-7.21,1
03-08-2022 04:00,EDT,CAPITL,61757,62.96,4.57,-2.7,1
03-08-2022 05:00,EDT,CAPITL,61757,64.41,4.88,0,1
03-08-2022 06:00,EDT,CAPITL,61757,79.05,5.28,-10.07,1
03-08-2022 07:00,EDT,CAPITL,61757,86.8,5.08,-19.84,1
03-08-2022 08:00,EDT,CAPITL,61757,89.07,5.81,-13.17,1
03-08-2022 09:00,EDT,CAPITL,61757,90.37,6.06,-11.27,1
03-08-2022 10:00,EDT,CAPITL,61757,91.11,6.82,0,1
03-08-2022 11:00,EDT,CAPITL,61757,96.08,7.03,0,1
03-08-2022 12:00,EDT,CAPITL,61757,99.83,7.23,0,1
03-08-2022 13:00,EDT,CAPITL,61757,104.48,7.65,0,1
03-08-2022 14:00,EDT,CAPITL,61757,112.86,8.26,0,1
03-08-2022 15:00,EDT,CAPITL,61757,133.82,10.25,0,1
03-08-2022 16:00,EDT,CAPITL,61757,147.47,11.3,0,1
03-08-2022 17:00,EDT,CAPITL,61757,162.38,12.65,-0.78,1
03-08-2022 18:00,EDT,CAPITL,61757,170.94,11.2,-30.88,1
03-08-2022 19:00,EDT,CAPITL,61757,151.41,9.28,-37.77,1
03-08-2022 20:00,EDT,CAPITL,61757,118.52,8.74,-11.52,1
03-08-2022 21:00,EDT,CAPITL,61757,107.64,8.34,-6.72,1
03-08-2022 22:00,EDT,CAPITL,61757,107.91,7.22,-17.63,1
03-08-2022 23:00,EDT,CAPITL,61757,104.43,6.07,-26.86,1
04-08-2022 00:00,EDT,CAPITL,61757,91.03,6.36,-9.85,1
04-08-2022 01:00,EDT,CAPITL,61757,75.74,5.65,-2.82,1
04-08-2022 02:00,EDT,CAPITL,61757,72.61,5.1,-5.99,1
04-08-2022 03:00,EDT,CAPITL,61757,69.64,4.98,-5.39,1
04-08-2022 04:00,EDT,CAPITL,61757,66.58,4.91,-3.23,1
04-08-2022 05:00,EDT,CAPITL,61757,65.4,5.01,0,1
04-08-2022 06:00,EDT,CAPITL,61757,73.72,5.71,-0.02,1
04-08-2022 07:00,EDT,CAPITL,61757,106.86,6.39,-24.43,1
04-08-2022 08:00,EDT,CAPITL,61757,108.64,7.43,-14.83,1
04-08-2022 09:00,EDT,CAPITL,61757,104.54,8.15,-1.68,1
04-08-2022 10:00,EDT,CAPITL,61757,136.77,8.28,-33.31,1
04-08-2022 11:00,EDT,CAPITL,61757,174.48,9,-64.35,1
04-08-2022 12:00,EDT,CAPITL,61757,183.97,10.03,-64.86,1
04-08-2022 13:00,EDT,CAPITL,61757,214.22,9.74,-99.82,1
04-08-2022 14:00,EDT,CAPITL,61757,217.53,10.91,-89.32,1
04-08-2022 15:00,EDT,CAPITL,61757,275.72,14.57,-106.08,1
04-08-2022 16:00,EDT,CAPITL,61757,296.02,15.68,-113.48,1
04-08-2022 17:00,EDT,CAPITL,61757,310.27,15.57,-123.63,1
04-08-2022 18:00,EDT,CAPITL,61757,322.15,12.82,-172.86,1
04-08-2022 19:00,EDT,CAPITL,61757,297.46,13.13,-143.22,1
04-08-2022 20:00,EDT,CAPITL,61757,210.01,10.25,-89.55,1
04-08-2022 21:00,EDT,CAPITL,61757,191.52,9.8,-76.41,1
04-08-2022 22:00,EDT,CAPITL,61757,149.86,8.25,-50,1
04-08-2022 23:00,EDT,CAPITL,61757,105.64,8.37,-4.25,1
05-08-2022 00:00,EDT,CAPITL,61757,100.66,7.72,-6.16,1
05-08-2022 01:00,EDT,CAPITL,61757,84.92,6.79,0,1
05-08-2022 02:00,EDT,CAPITL,61757,78.25,5.99,-3.33,1
05-08-2022 03:00,EDT,CAPITL,61757,71.34,5.59,0,1
05-08-2022 04:00,EDT,CAPITL,61757,70.51,5.52,0,1
05-08-2022 05:00,EDT,CAPITL,61757,77.64,5.82,-4.95,1
05-08-2022 06:00,EDT,CAPITL,61757,88.29,6.72,-4.26,1
05-08-2022 07:00,EDT,CAPITL,61757,105.51,6.95,-18.64,1
05-08-2022 08:00,EDT,CAPITL,61757,108.64,7.71,-13.37,1
05-08-2022 09:00,EDT,CAPITL,61757,108.99,8.39,-5.28,1
05-08-2022 10:00,EDT,CAPITL,61757,117.55,8.93,-8.26,1
05-08-2022 11:00,EDT,CAPITL,61757,145.38,8.93,-38.27,1
05-08-2022 12:00,EDT,CAPITL,61757,170.32,9.46,-55.85,1
05-08-2022 13:00,EDT,CAPITL,61757,202.52,10.04,-81.03,1
05-08-2022 14:00,EDT,CAPITL,61757,237.5,9.32,-121,1
05-08-2022 15:00,EDT,CAPITL,61757,268.47,9.56,-150.35,1
05-08-2022 16:00,EDT,CAPITL,61757,269.25,10.18,-143.37,1
05-08-2022 17:00,EDT,CAPITL,61757,270.06,11.16,-130.51,1
05-08-2022 18:00,EDT,CAPITL,61757,265.23,10.06,-142.11,1
05-08-2022 19:00,EDT,CAPITL,61757,190.59,9.82,-70.45,1
05-08-2022 20:00,EDT,CAPITL,61757,168.44,8.59,-64.45,1
05-08-2022 21:00,EDT,CAPITL,61757,151.84,7.73,-57.17,1
05-08-2022 22:00,EDT,CAPITL,61757,114.35,7.48,-20.8,1
05-08-2022 23:00,EDT,CAPITL,61757,99.49,7.88,0,1
06-08-2022 00:00,EDT,CAPITL,61757,93.02,6.78,-7.39,1
06-08-2022 01:00,EDT,CAPITL,61757,81.7,6.54,0,1
06-08-2022 02:00,EDT,CAPITL,61757,80.12,6.2,-2.6,1
06-08-2022 03:00,EDT,CAPITL,61757,76.02,5.2,-10.39,1
06-08-2022 04:00,EDT,CAPITL,61757,70.64,5.33,-2.5,1
06-08-2022 05:00,EDT,CAPITL,61757,70,5.76,-0.98,1
06-08-2022 06:00,EDT,CAPITL,61757,71,5.38,-4.51,1
06-08-2022 07:00,EDT,CAPITL,61757,76.99,5.8,-5.28,1
06-08-2022 08:00,EDT,CAPITL,61757,91.55,6.81,-9.88,1
06-08-2022 09:00,EDT,CAPITL,61757,101.62,7.67,-10.51,1
06-08-2022 10:00,EDT,CAPITL,61757,98.31,8.26,-1.27,1
06-08-2022 11:00,EDT,CAPITL,61757,104.87,9.1,0,1
06-08-2022 12:00,EDT,CAPITL,61757,112.81,9.79,0,1
06-08-2022 13:00,EDT,CAPITL,61757,116.3,9.82,-1.99,1
06-08-2022 14:00,EDT,CAPITL,61757,121.48,10.66,-2.06,1
06-08-2022 15:00,EDT,CAPITL,61757,133.11,12.03,-0.75,1
06-08-2022 16:00,EDT,CAPITL,61757,159.73,13.41,-16.19,1
06-08-2022 17:00,EDT,CAPITL,61757,205.57,15.05,-47.15,1
06-08-2022 18:00,EDT,CAPITL,61757,183.41,13.74,-37.58,1
06-08-2022 19:00,EDT,CAPITL,61757,155.64,12.11,-29.23,1
06-08-2022 20:00,EDT,CAPITL,61757,144.64,10.87,-30.18,1
06-08-2022 21:00,EDT,CAPITL,61757,122.67,9.59,-21.7,1
06-08-2022 22:00,EDT,CAPITL,61757,114.1,7.53,-29.75,1
06-08-2022 23:00,EDT,CAPITL,61757,97.42,6.87,-17.42,1
07-08-2022 00:00,EDT,CAPITL,61757,114.53,6.22,-43.56,1
07-08-2022 01:00,EDT,CAPITL,61757,107,5.78,-38.34,1
07-08-2022 02:00,EDT,CAPITL,61757,96.95,5.4,-30.84,1
07-08-2022 03:00,EDT,CAPITL,61757,84.07,5.27,-20.22,1
07-08-2022 04:00,EDT,CAPITL,61757,84.38,5.22,-21.15,1
07-08-2022 05:00,EDT,CAPITL,61757,81.08,5.27,-16.62,1
07-08-2022 06:00,EDT,CAPITL,61757,79.85,5.19,-17.61,1
07-08-2022 07:00,EDT,CAPITL,61757,81.38,5.62,-13.3,1
07-08-2022 08:00,EDT,CAPITL,61757,85.36,6.28,-10.81,1
07-08-2022 09:00,EDT,CAPITL,61757,101.88,7.16,-18.47,1
07-08-2022 10:00,EDT,CAPITL,61757,99.39,7.75,-13.39,1
07-08-2022 11:00,EDT,CAPITL,61757,115.71,8.32,-24.18,1
07-08-2022 12:00,EDT,CAPITL,61757,115.52,9.19,-4.22,1
07-08-2022 13:00,EDT,CAPITL,61757,125.05,9.55,-8.22,1
07-08-2022 14:00,EDT,CAPITL,61757,139.18,9.66,-20.89,1
07-08-2022 15:00,EDT,CAPITL,61757,170.81,10.51,-42.15,1
07-08-2022 16:00,EDT,CAPITL,61757,222.16,11.13,-88.72,1
07-08-2022 17:00,EDT,CAPITL,61757,250.36,12.7,-98.08,1
07-08-2022 18:00,EDT,CAPITL,61757,223.37,13.97,-76.32,1
07-08-2022 19:00,EDT,CAPITL,61757,211.06,10.58,-86.75,1
07-08-2022 20:00,EDT,CAPITL,61757,160.86,10.2,-44.41,1
07-08-2022 21:00,EDT,CAPITL,61757,136.79,9.13,-31.62,1
07-08-2022 22:00,EDT,CAPITL,61757,114.64,8.29,-16.13,1
07-08-2022 23:00,EDT,CAPITL,61757,104.98,7.7,-11.78,1
08-08-2022 00:00,EDT,CAPITL,61757,109.63,7.58,-17.87,1
08-08-2022 01:00,EDT,CAPITL,61757,99.33,6.62,-17.48,1
08-08-2022 02:00,EDT,CAPITL,61757,92.2,6.4,-12.14,1
08-08-2022 03:00,EDT,CAPITL,61757,89.73,5.64,-19.19,1
08-08-2022 04:00,EDT,CAPITL,61757,84.07,5.74,-13.12,1
08-08-2022 05:00,EDT,CAPITL,61757,101.57,5.86,-29.11,1
08-08-2022 06:00,EDT,CAPITL,61757,99.4,6.39,-20.35,1
08-08-2022 07:00,EDT,CAPITL,61757,125.64,6.54,-48.85,1
08-08-2022 08:00,EDT,CAPITL,61757,129.99,7.22,-46.82,1
08-08-2022 09:00,EDT,CAPITL,61757,142.99,7.75,-53.71,1
08-08-2022 10:00,EDT,CAPITL,61757,143.04,8.89,-44.39,1
08-08-2022 11:00,EDT,CAPITL,61757,157.88,9.42,-53.33,1
08-08-2022 12:00,EDT,CAPITL,61757,190.21,10.13,-79.71,1
08-08-2022 13:00,EDT,CAPITL,61757,219.85,10.3,-107.48,1
08-08-2022 14:00,EDT,CAPITL,61757,226.59,9.28,-123.58,1
08-08-2022 15:00,EDT,CAPITL,61757,346.13,11.28,-218.56,1
08-08-2022 16:00,EDT,CAPITL,61757,391.35,11.53,-260.9,1
08-08-2022 17:00,EDT,CAPITL,61757,426.3,11.92,-293.98,1
08-08-2022 18:00,EDT,CAPITL,61757,362.99,10.15,-253.35,1
08-08-2022 19:00,EDT,CAPITL,61757,308.02,11.29,-186.05,1
08-08-2022 20:00,EDT,CAPITL,61757,237.85,10.63,-123.09,1
08-08-2022 21:00,EDT,CAPITL,61757,177.39,8.11,-89.81,1
08-08-2022 22:00,EDT,CAPITL,61757,145.59,7.26,-64.27,1
08-08-2022 23:00,EDT,CAPITL,61757,131.11,7.28,-49.61,1
09-08-2022 00:00,EDT,CAPITL,61757,124.89,6.84,-39.42,1
09-08-2022 01:00,EDT,CAPITL,61757,112.52,6.27,-34.08,1
09-08-2022 02:00,EDT,CAPITL,61757,116.21,5.77,-44.12,1
09-08-2022 03:00,EDT,CAPITL,61757,102.84,5.68,-31.78,1
09-08-2022 04:00,EDT,CAPITL,61757,97.07,5.75,-24.45,1
09-08-2022 05:00,EDT,CAPITL,61757,90,6.53,-8.38,1
09-08-2022 06:00,EDT,CAPITL,61757,96.2,6.73,-11.19,1
09-08-2022 07:00,EDT,CAPITL,61757,125.02,6.66,-39.97,1
09-08-2022 08:00,EDT,CAPITL,61757,132.22,7.35,-41.37,1
09-08-2022 09:00,EDT,CAPITL,61757,139.57,8.01,-40.62,1
09-08-2022 10:00,EDT,CAPITL,61757,151.92,8.42,-47.89,1
09-08-2022 11:00,EDT,CAPITL,61757,152.6,9.23,-37.18,1
09-08-2022 12:00,EDT,CAPITL,61757,199.29,9.29,-84.4,1
09-08-2022 13:00,EDT,CAPITL,61757,237.76,9.05,-123.46,1
09-08-2022 14:00,EDT,CAPITL,61757,243.44,9.01,-129.67,1
09-08-2022 15:00,EDT,CAPITL,61757,259.31,10.73,-125.14,1
09-08-2022 16:00,EDT,CAPITL,61757,259.05,11.34,-117.25,1
09-08-2022 17:00,EDT,CAPITL,61757,287.9,12.38,-133.19,1
09-08-2022 18:00,EDT,CAPITL,61757,267.78,11.47,-127.39,1
09-08-2022 19:00,EDT,CAPITL,61757,224.7,11.2,-87.64,1
09-08-2022 20:00,EDT,CAPITL,61757,189.03,9.11,-77.52,1
09-08-2022 21:00,EDT,CAPITL,61757,148.08,7.91,-48.26,1
09-08-2022 22:00,EDT,CAPITL,61757,112.78,7.9,-11.93,1
09-08-2022 23:00,EDT,CAPITL,61757,105.64,7.21,-11.49,1
10-08-2022 00:00,EDT,CAPITL,61757,93.3,6.76,0,1
10-08-2022 01:00,EDT,CAPITL,61757,82.48,5.61,0,1
10-08-2022 02:00,EDT,CAPITL,61757,76.18,5.32,0,1
10-08-2022 03:00,EDT,CAPITL,61757,70.11,4.95,0,1
10-08-2022 04:00,EDT,CAPITL,61757,70.06,5.01,0,1
10-08-2022 05:00,EDT,CAPITL,61757,73.07,5.16,0,1
10-08-2022 06:00,EDT,CAPITL,61757,84.14,6.02,0,1
10-08-2022 07:00,EDT,CAPITL,61757,91.83,6.57,0,1
10-08-2022 08:00,EDT,CAPITL,61757,95.57,6.67,0,1
10-08-2022 09:00,EDT,CAPITL,61757,101.2,6.88,0,1
10-08-2022 10:00,EDT,CAPITL,61757,101.45,6.37,0,1
10-08-2022 11:00,EDT,CAPITL,61757,103.7,6.61,0,1
10-08-2022 12:00,EDT,CAPITL,61757,103.44,6.76,0,1
10-08-2022 13:00,EDT,CAPITL,61757,106.45,6.78,0,1
10-08-2022 14:00,EDT,CAPITL,61757,110.45,7.04,0,1
10-08-2022 15:00,EDT,CAPITL,61757,126.61,8.51,0,1
10-08-2022 16:00,EDT,CAPITL,61757,141.5,9.38,0,1
10-08-2022 17:00,EDT,CAPITL,61757,151.29,10.68,0,1
10-08-2022 18:00,EDT,CAPITL,61757,141.89,10.14,0,1
10-08-2022 19:00,EDT,CAPITL,61757,125.11,9.48,0,1
10-08-2022 20:00,EDT,CAPITL,61757,110.95,8.12,0,1
10-08-2022 21:00,EDT,CAPITL,61757,103.23,7.29,0,1
10-08-2022 22:00,EDT,CAPITL,61757,95.96,6.77,0,1
10-08-2022 23:00,EDT,CAPITL,61757,91.13,6.06,0.24,1
11-08-2022 00:00,EDT,CAPITL,61757,85.38,6.1,0,1
11-08-2022 01:00,EDT,CAPITL,61757,73.24,5.11,0,1
11-08-2022 02:00,EDT,CAPITL,61757,68.6,4.84,0,1
11-08-2022 03:00,EDT,CAPITL,61757,67.07,4.8,0,1
11-08-2022 04:00,EDT,CAPITL,61757,65.79,4.7,0,1
11-08-2022 05:00,EDT,CAPITL,61757,69.35,4.7,-0.27,1
11-08-2022 06:00,EDT,CAPITL,61757,76.78,5.19,-0.45,1
11-08-2022 07:00,EDT,CAPITL,61757,81.59,6.21,-0.55,1
11-08-2022 08:00,EDT,CAPITL,61757,85.31,6.56,-0.65,1
11-08-2022 09:00,EDT,CAPITL,61757,88.66,7.03,-0.73,1
11-08-2022 10:00,EDT,CAPITL,61757,97.65,7.41,-0.96,1
11-08-2022 11:00,EDT,CAPITL,61757,103.49,8.01,-1.25,1
11-08-2022 12:00,EDT,CAPITL,61757,104.43,8.09,-1.12,1
11-08-2022 13:00,EDT,CAPITL,61757,107.3,8.04,-1.19,1
11-08-2022 14:00,EDT,CAPITL,61757,112.65,8.72,-1.3,1
11-08-2022 15:00,EDT,CAPITL,61757,122.85,9.61,-1.52,1
11-08-2022 16:00,EDT,CAPITL,61757,136.96,10.75,-1.21,1
11-08-2022 17:00,EDT,CAPITL,61757,142.48,11.83,-2.01,1
11-08-2022 18:00,EDT,CAPITL,61757,133.72,11.33,-1.79,1
11-08-2022 19:00,EDT,CAPITL,61757,120.41,10.42,-1.46,1
11-08-2022 20:00,EDT,CAPITL,61757,103.88,8.92,-1.06,1
11-08-2022 21:00,EDT,CAPITL,61757,98.27,8.28,-0.93,1
11-08-2022 22:00,EDT,CAPITL,61757,88.67,7.19,-0.72,1
11-08-2022 23:00,EDT,CAPITL,61757,81.85,6.34,-0.1,1
12-08-2022 00:00,EDT,CAPITL,61757,75.69,6.02,-0.41,1
12-08-2022 01:00,EDT,CAPITL,61757,69.87,5.57,-0.27,1
12-08-2022 02:00,EDT,CAPITL,61757,63.91,5.32,-0.11,1
12-08-2022 03:00,EDT,CAPITL,61757,60.45,4.99,-0.01,1
12-08-2022 04:00,EDT,CAPITL,61757,60.24,5.13,0,1
12-08-2022 05:00,EDT,CAPITL,61757,63.29,5.27,-0.1,1
12-08-2022 06:00,EDT,CAPITL,61757,67.19,5.47,-0.19,1
12-08-2022 07:00,EDT,CAPITL,61757,70.03,5.7,-0.27,1
12-08-2022 08:00,EDT,CAPITL,61757,71.14,6.11,-0.01,1
12-08-2022 09:00,EDT,CAPITL,61757,71.38,6.26,0.77,1
12-08-2022 10:00,EDT,CAPITL,61757,75.87,6.1,-0.42,1
12-08-2022 11:00,EDT,CAPITL,61757,81.4,6.44,-0.04,1
12-08-2022 12:00,EDT,CAPITL,61757,78.05,6.24,-0.06,1
12-08-2022 13:00,EDT,CAPITL,61757,83.75,6.72,0.29,1
12-08-2022 14:00,EDT,CAPITL,61757,85.67,6.74,-0.53,1
12-08-2022 15:00,EDT,CAPITL,61757,91.15,7.54,-0.8,1
12-08-2022 16:00,EDT,CAPITL,61757,98.03,8.17,-0.96,1
12-08-2022 17:00,EDT,CAPITL,61757,123.16,9.1,-18.28,1
12-08-2022 18:00,EDT,CAPITL,61757,122.94,8.44,-26.62,1
12-08-2022 19:00,EDT,CAPITL,61757,99.65,9.05,-0.97,1
12-08-2022 20:00,EDT,CAPITL,61757,91.32,7.82,-5.26,1
12-08-2022 21:00,EDT,CAPITL,61757,82.79,7.34,-0.56,1
12-08-2022 22:00,EDT,CAPITL,61757,74.53,6.56,0.33,1
12-08-2022 23:00,EDT,CAPITL,61757,68.28,5.51,-0.23,1
13-08-2022 00:00,EDT,CAPITL,61757,72.25,5.31,-0.54,1
13-08-2022 01:00,EDT,CAPITL,61757,63.1,4.65,-0.31,1
13-08-2022 02:00,EDT,CAPITL,61757,60.99,4.19,-3.18,1
13-08-2022 03:00,EDT,CAPITL,61757,60.33,4.08,-4.58,1
13-08-2022 04:00,EDT,CAPITL,61757,58.64,4.18,-2.79,1
13-08-2022 05:00,EDT,CAPITL,61757,58.03,4.4,0,1
13-08-2022 06:00,EDT,CAPITL,61757,57.84,4.29,-1.88,1
13-08-2022 07:00,EDT,CAPITL,61757,62.55,4.01,-6.43,1
13-08-2022 08:00,EDT,CAPITL,61757,62.3,4.41,-3.48,1
13-08-2022 09:00,EDT,CAPITL,61757,63.18,4.78,-0.1,1
13-08-2022 10:00,EDT,CAPITL,61757,64.15,4.58,-0.13,1
13-08-2022 11:00,EDT,CAPITL,61757,66.39,4.97,0.62,1
13-08-2022 12:00,EDT,CAPITL,61757,69.51,4.98,0.96,1
13-08-2022 13:00,EDT,CAPITL,61757,69.42,4.73,1.01,1
13-08-2022 14:00,EDT,CAPITL,61757,70.19,4.96,0.11,1
13-08-2022 15:00,EDT,CAPITL,61757,74.42,5.25,0,1
13-08-2022 16:00,EDT,CAPITL,61757,84.43,6.66,0.62,1
13-08-2022 17:00,EDT,CAPITL,61757,94.88,7.59,1,1
13-08-2022 18:00,EDT,CAPITL,61757,97.7,8.43,0.46,1
13-08-2022 19:00,EDT,CAPITL,61757,89.6,8.19,1.25,1
13-08-2022 20:00,EDT,CAPITL,61757,81.01,7.19,0.29,1
13-08-2022 21:00,EDT,CAPITL,61757,76.05,6.44,-0.4,1
13-08-2022 22:00,EDT,CAPITL,61757,70.38,5.86,0.51,1
13-08-2022 23:00,EDT,CAPITL,61757,67.19,5.36,-0.2,1
14-08-2022 00:00,EDT,CAPITL,61757,72.01,4.33,-12.24,1
14-08-2022 01:00,EDT,CAPITL,61757,67.66,4.19,-9.77,1
14-08-2022 02:00,EDT,CAPITL,61757,62.73,4.19,-4.9,1
14-08-2022 03:00,EDT,CAPITL,61757,62.6,4.13,-6.89,1
14-08-2022 04:00,EDT,CAPITL,61757,60.99,4.23,-5.2,1
14-08-2022 05:00,EDT,CAPITL,61757,61.28,4.24,-5.38,1
14-08-2022 06:00,EDT,CAPITL,61757,60.84,3.89,-8.4,1
14-08-2022 07:00,EDT,CAPITL,61757,60.99,4,-6.32,1
14-08-2022 08:00,EDT,CAPITL,61757,58.04,4.27,-1.06,1
14-08-2022 09:00,EDT,CAPITL,61757,60.69,4.6,-0.02,1
14-08-2022 10:00,EDT,CAPITL,61757,62.76,4.59,-0.09,1
14-08-2022 11:00,EDT,CAPITL,61757,65.05,4.64,-0.15,1
14-08-2022 12:00,EDT,CAPITL,61757,66.96,4.84,-0.07,1
14-08-2022 13:00,EDT,CAPITL,61757,71.27,4.97,0,1
14-08-2022 14:00,EDT,CAPITL,61757,70.29,5.1,0.16,1
14-08-2022 15:00,EDT,CAPITL,61757,75.48,5.63,0.5,1
14-08-2022 16:00,EDT,CAPITL,61757,85.27,6.88,-0.28,1
14-08-2022 17:00,EDT,CAPITL,61757,96.9,8.25,0,1
14-08-2022 18:00,EDT,CAPITL,61757,98.35,8.78,0,1
14-08-2022 19:00,EDT,CAPITL,61757,94.15,8.32,-1.79,1
14-08-2022 20:00,EDT,CAPITL,61757,82.02,7.39,0,1
14-08-2022 21:00,EDT,CAPITL,61757,76.33,6.63,0,1
14-08-2022 22:00,EDT,CAPITL,61757,71.57,5.95,-0.27,1
14-08-2022 23:00,EDT,CAPITL,61757,69.1,5.86,-0.23,1
15-08-2022 00:00,EDT,CAPITL,61757,72.78,4.2,-14.83,1
15-08-2022 01:00,EDT,CAPITL,61757,64.96,4.08,-9.24,1
15-08-2022 02:00,EDT,CAPITL,61757,62.81,3.98,-7.2,1
15-08-2022 03:00,EDT,CAPITL,61757,58.79,3.97,-3.29,1
15-08-2022 04:00,EDT,CAPITL,61757,58.87,3.97,-3.31,1
15-08-2022 05:00,EDT,CAPITL,61757,63.01,4.25,-6.33,1
15-08-2022 06:00,EDT,CAPITL,61757,66.81,5.2,-0.44,1
15-08-2022 07:00,EDT,CAPITL,61757,75.16,5.64,-5.43,1
15-08-2022 08:00,EDT,CAPITL,61757,75.55,6.6,-0.23,1
15-08-2022 09:00,EDT,CAPITL,61757,74.79,6.34,-0.35,1
15-08-2022 10:00,EDT,CAPITL,61757,76.12,6.19,-0.38,1
15-08-2022 11:00,EDT,CAPITL,61757,81.86,5.96,-0.5,1
15-08-2022 12:00,EDT,CAPITL,61757,82.75,6.18,-0.3,1
15-08-2022 13:00,EDT,CAPITL,61757,88.11,6.7,-0.69,1
15-08-2022 14:00,EDT,CAPITL,61757,92.15,6.7,-0.61,1
15-08-2022 15:00,EDT,CAPITL,61757,97.54,7.43,-0.53,1
15-08-2022 16:00,EDT,CAPITL,61757,99.92,7.63,-0.38,1
15-08-2022 17:00,EDT,CAPITL,61757,108.23,8.57,0,1
15-08-2022 18:00,EDT,CAPITL,61757,106.82,8.75,-2.87,1
15-08-2022 19:00,EDT,CAPITL,61757,100.31,8.54,0,1
15-08-2022 20:00,EDT,CAPITL,61757,92.37,7.99,-0.27,1
15-08-2022 21:00,EDT,CAPITL,61757,83.58,7.14,-0.42,1
15-08-2022 22:00,EDT,CAPITL,61757,76.48,6.8,-0.37,1
15-08-2022 23:00,EDT,CAPITL,61757,72.74,6.04,-0.32,1
16-08-2022 00:00,EDT,CAPITL,61757,72.41,5.86,0,1
16-08-2022 01:00,EDT,CAPITL,61757,64.33,5.25,-0.09,1
16-08-2022 02:00,EDT,CAPITL,61757,59.51,4.92,0,1
16-08-2022 03:00,EDT,CAPITL,61757,58.32,4.82,0,1
16-08-2022 04:00,EDT,CAPITL,61757,58.24,4.76,0,1
16-08-2022 05:00,EDT,CAPITL,61757,61.8,5.26,-0.05,1
16-08-2022 06:00,EDT,CAPITL,61757,66.18,5.12,-0.18,1
16-08-2022 07:00,EDT,CAPITL,61757,73.14,5.58,-0.35,1
16-08-2022 08:00,EDT,CAPITL,61757,77.65,6.15,0.01,1
16-08-2022 09:00,EDT,CAPITL,61757,74.81,5.65,0.63,1
16-08-2022 10:00,EDT,CAPITL,61757,77.8,5.55,1.77,1
16-08-2022 11:00,EDT,CAPITL,61757,83.92,6.18,2.52,1
16-08-2022 12:00,EDT,CAPITL,61757,85.76,6.25,2.75,1
16-08-2022 13:00,EDT,CAPITL,61757,89.28,6.69,2.14,1
16-08-2022 14:00,EDT,CAPITL,61757,93.22,6.92,2.4,1
16-08-2022 15:00,EDT,CAPITL,61757,97.61,7.46,3.08,1
16-08-2022 16:00,EDT,CAPITL,61757,104.96,7.93,2.08,1
16-08-2022 17:00,EDT,CAPITL,61757,113.71,8.96,1.89,1
16-08-2022 18:00,EDT,CAPITL,61757,109.95,8.87,0.93,1
16-08-2022 19:00,EDT,CAPITL,61757,104.19,8.22,0.86,1
16-08-2022 20:00,EDT,CAPITL,61757,96.58,7.98,0,1
16-08-2022 21:00,EDT,CAPITL,61757,85.56,6.7,0.85,1
16-08-2022 22:00,EDT,CAPITL,61757,77.44,5.74,0,1
16-08-2022 23:00,EDT,CAPITL,61757,71.77,5.54,-0.31,1
17-08-2022 00:00,EDT,CAPITL,61757,68.56,4.84,0,1
17-08-2022 01:00,EDT,CAPITL,61757,62.61,4.42,0,1
17-08-2022 02:00,EDT,CAPITL,61757,58.11,4.65,0,1
17-08-2022 03:00,EDT,CAPITL,61757,57.76,4.62,0,1
17-08-2022 04:00,EDT,CAPITL,61757,57.92,4.59,0,1
17-08-2022 05:00,EDT,CAPITL,61757,60.58,4.95,0,1
17-08-2022 06:00,EDT,CAPITL,61757,67.07,5.53,-0.18,1
17-08-2022 07:00,EDT,CAPITL,61757,69.14,5.24,0,1
17-08-2022 08:00,EDT,CAPITL,61757,71.43,5.13,1.2,1
17-08-2022 09:00,EDT,CAPITL,61757,72.29,5.07,1.24,1
17-08-2022 10:00,EDT,CAPITL,61757,77.32,5.13,2.17,1
17-08-2022 11:00,EDT,CAPITL,61757,80.13,5.49,2.68,1
17-08-2022 12:00,EDT,CAPITL,61757,84.89,5.92,3.18,1
17-08-2022 13:00,EDT,CAPITL,61757,86.73,6.19,3.13,1
17-08-2022 14:00,EDT,CAPITL,61757,88.96,6.04,3.44,1
17-08-2022 15:00,EDT,CAPITL,61757,93.19,6.62,4.12,1
17-08-2022 16:00,EDT,CAPITL,61757,100.38,7.68,4.48,1
17-08-2022 17:00,EDT,CAPITL,61757,109.36,8.52,3.07,1
17-08-2022 18:00,EDT,CAPITL,61757,103.76,8.06,1.4,1
17-08-2022 19:00,EDT,CAPITL,61757,98.69,7.27,0.6,1
17-08-2022 20:00,EDT,CAPITL,61757,92.79,7.1,0.87,1
17-08-2022 21:00,EDT,CAPITL,61757,82.65,6.2,2.11,1
17-08-2022 22:00,EDT,CAPITL,61757,72.85,5.14,0.84,1
17-08-2022 23:00,EDT,CAPITL,61757,69.66,5.11,0.21,1
18-08-2022 00:00,EDT,CAPITL,61757,69.42,5.32,0,1
18-08-2022 01:00,EDT,CAPITL,61757,67.43,5.51,0,1
18-08-2022 02:00,EDT,CAPITL,61757,69.6,5,-9.11,1
18-08-2022 03:00,EDT,CAPITL,61757,62.88,4.9,-3.55,1
18-08-2022 04:00,EDT,CAPITL,61757,68.19,4.78,-9.63,1
18-08-2022 05:00,EDT,CAPITL,61757,70.08,5.12,-8.64,1
18-08-2022 06:00,EDT,CAPITL,61757,69.98,5.48,-5.6,1
18-08-2022 07:00,EDT,CAPITL,61757,72.34,6.16,0,1
18-08-2022 08:00,EDT,CAPITL,61757,76.03,6.15,0,1
18-08-2022 09:00,EDT,CAPITL,61757,77.51,6.48,0.88,1
18-08-2022 10:00,EDT,CAPITL,61757,80.9,5.92,0.81,1
18-08-2022 11:00,EDT,CAPITL,61757,84.81,6.5,2,1
18-08-2022 12:00,EDT,CAPITL,61757,92.67,7.35,3.29,1
18-08-2022 13:00,EDT,CAPITL,61757,97.34,7.58,3.83,1
18-08-2022 14:00,EDT,CAPITL,61757,100.05,7.61,3.89,1
18-08-2022 15:00,EDT,CAPITL,61757,108.52,8.61,5.06,1
18-08-2022 16:00,EDT,CAPITL,61757,115.44,9.35,5.23,1
18-08-2022 17:00,EDT,CAPITL,61757,125.41,10.22,3.67,1
18-08-2022 18:00,EDT,CAPITL,61757,123.19,10.47,2.36,1
18-08-2022 19:00,EDT,CAPITL,61757,120.65,10.09,1.54,1
18-08-2022 20:00,EDT,CAPITL,61757,108.19,8.81,0.72,1
18-08-2022 21:00,EDT,CAPITL,61757,99.02,8.23,1.73,1
18-08-2022 22:00,EDT,CAPITL,61757,83.9,6.69,0.52,1
18-08-2022 23:00,EDT,CAPITL,61757,76.81,5.59,0.4,1
19-08-2022 00:00,EDT,CAPITL,61757,77.67,6.02,0,1
19-08-2022 01:00,EDT,CAPITL,61757,73.5,5.57,-2.33,1
19-08-2022 02:00,EDT,CAPITL,61757,66.85,5.15,-1.88,1
19-08-2022 03:00,EDT,CAPITL,61757,64.21,4.94,-3.13,1
19-08-2022 04:00,EDT,CAPITL,61757,63.54,5.03,-2.01,1
19-08-2022 05:00,EDT,CAPITL,61757,67.37,5.45,0,1
19-08-2022 06:00,EDT,CAPITL,61757,72.99,5.03,0,1
19-08-2022 07:00,EDT,CAPITL,61757,74.08,5.36,0,1
19-08-2022 08:00,EDT,CAPITL,61757,77.72,5.86,0.49,1
19-08-2022 09:00,EDT,CAPITL,61757,83.05,6.42,1.7,1
19-08-2022 10:00,EDT,CAPITL,61757,89.37,6.54,2.05,1
19-08-2022 11:00,EDT,CAPITL,61757,97.17,7.58,2.85,1
19-08-2022 12:00,EDT,CAPITL,61757,102.59,7.82,2.95,1
19-08-2022 13:00,EDT,CAPITL,61757,109.53,8.19,2.3,1
19-08-2022 14:00,EDT,CAPITL,61757,113.44,8.46,2.2,1
19-08-2022 15:00,EDT,CAPITL,61757,127.34,10.04,3.71,1
19-08-2022 16:00,EDT,CAPITL,61757,143.36,11.73,4.72,1
19-08-2022 17:00,EDT,CAPITL,61757,158.92,13.39,3.18,1
19-08-2022 18:00,EDT,CAPITL,61757,144.47,12.21,0.5,1
19-08-2022 19:00,EDT,CAPITL,61757,133.68,11.08,0.43,1
19-08-2022 20:00,EDT,CAPITL,61757,118.85,10.21,0,1
19-08-2022 21:00,EDT,CAPITL,61757,107.37,8.81,0.51,1
19-08-2022 22:00,EDT,CAPITL,61757,94.58,7.85,0.4,1
19-08-2022 23:00,EDT,CAPITL,61757,86.14,6.6,0.89,1
20-08-2022 00:00,EDT,CAPITL,61757,80.16,6.49,0,1
20-08-2022 01:00,EDT,CAPITL,61757,75.65,5.99,0,1
20-08-2022 02:00,EDT,CAPITL,61757,70.02,5.48,0,1
20-08-2022 03:00,EDT,CAPITL,61757,70.21,4.65,-9.52,1
20-08-2022 04:00,EDT,CAPITL,61757,68.24,4.66,-8.06,1
20-08-2022 05:00,EDT,CAPITL,61757,67.93,4.98,-3.65,1
20-08-2022 06:00,EDT,CAPITL,61757,70.66,4.65,-10.64,1
20-08-2022 07:00,EDT,CAPITL,61757,66.89,5.07,0,1
20-08-2022 08:00,EDT,CAPITL,61757,71.11,5.51,0,1
20-08-2022 09:00,EDT,CAPITL,61757,76.42,5.87,0.25,1
20-08-2022 10:00,EDT,CAPITL,61757,83.19,6.51,0.77,1
20-08-2022 11:00,EDT,CAPITL,61757,90.81,7.18,0.83,1
20-08-2022 12:00,EDT,CAPITL,61757,101.38,8.2,1.17,1
20-08-2022 13:00,EDT,CAPITL,61757,107.38,8.53,0.33,1
20-08-2022 14:00,EDT,CAPITL,61757,110.24,8.85,0.44,1
20-08-2022 15:00,EDT,CAPITL,61757,120.82,9.92,1.79,1
20-08-2022 16:00,EDT,CAPITL,61757,135.6,12.05,3.26,1
20-08-2022 17:00,EDT,CAPITL,61757,151.87,13.86,2.02,1
20-08-2022 18:00,EDT,CAPITL,61757,139.91,13.18,0,1
20-08-2022 19:00,EDT,CAPITL,61757,125.76,11.43,0,1
20-08-2022 20:00,EDT,CAPITL,61757,112.13,10.33,0.53,1
20-08-2022 21:00,EDT,CAPITL,61757,102.86,9.63,1.1,1
20-08-2022 22:00,EDT,CAPITL,61757,89.95,8.1,0,1
20-08-2022 23:00,EDT,CAPITL,61757,84.07,7.22,0,1
21-08-2022 00:00,EDT,CAPITL,61757,81.32,6.78,0,1
21-08-2022 01:00,EDT,CAPITL,61757,74.58,6.09,0,1
21-08-2022 02:00,EDT,CAPITL,61757,70.16,5.56,-2.14,1
21-08-2022 03:00,EDT,CAPITL,61757,68.34,5.1,-4.62,1
21-08-2022 04:00,EDT,CAPITL,61757,66.36,4.95,-4.44,1
21-08-2022 05:00,EDT,CAPITL,61757,66.73,4.93,-6.36,1
21-08-2022 06:00,EDT,CAPITL,61757,67.25,4.95,-7.3,1
21-08-2022 07:00,EDT,CAPITL,61757,62.94,4.95,-1.8,1
21-08-2022 08:00,EDT,CAPITL,61757,67,5.08,0,1
21-08-2022 09:00,EDT,CAPITL,61757,72.55,5.43,0,1
21-08-2022 10:00,EDT,CAPITL,61757,81.12,6.15,0,1
21-08-2022 11:00,EDT,CAPITL,61757,86.15,7.19,0,1
21-08-2022 12:00,EDT,CAPITL,61757,96.49,8.21,0,1
21-08-2022 13:00,EDT,CAPITL,61757,100.84,8.35,0.24,1
21-08-2022 14:00,EDT,CAPITL,61757,103.9,8.92,0,1
21-08-2022 15:00,EDT,CAPITL,61757,108.78,9.08,0.08,1
21-08-2022 16:00,EDT,CAPITL,61757,118.87,10.61,0,1
21-08-2022 17:00,EDT,CAPITL,61757,139.5,11.24,-14.74,1
21-08-2022 18:00,EDT,CAPITL,61757,140.89,10.87,-22.3,1
21-08-2022 19:00,EDT,CAPITL,61757,117.78,10.71,-0.95,1
21-08-2022 20:00,EDT,CAPITL,61757,106.86,9.63,0.01,1
21-08-2022 21:00,EDT,CAPITL,61757,98.33,8.74,0.51,1
21-08-2022 22:00,EDT,CAPITL,61757,85.67,7.36,0,1
21-08-2022 23:00,EDT,CAPITL,61757,81.73,6.65,0.52,1
22-08-2022 00:00,EDT,CAPITL,61757,80.14,6.82,0,1
22-08-2022 01:00,EDT,CAPITL,61757,73.81,6.02,-0.91,1
22-08-2022 02:00,EDT,CAPITL,61757,70.48,5.48,-4.08,1
22-08-2022 03:00,EDT,CAPITL,61757,67.75,5.23,-3.76,1
22-08-2022 04:00,EDT,CAPITL,61757,68.58,5.37,-2.17,1
22-08-2022 05:00,EDT,CAPITL,61757,70.67,5.72,0,1
22-08-2022 06:00,EDT,CAPITL,61757,77.58,6.41,0,1
22-08-2022 07:00,EDT,CAPITL,61757,84.01,7.22,0,1
22-08-2022 08:00,EDT,CAPITL,61757,88.67,7.58,1.34,1
22-08-2022 09:00,EDT,CAPITL,61757,93.87,8.32,1.98,1
22-08-2022 10:00,EDT,CAPITL,61757,97.22,8.46,2.2,1
22-08-2022 11:00,EDT,CAPITL,61757,102.48,8.46,2.15,1
22-08-2022 12:00,EDT,CAPITL,61757,102.32,8.76,2.68,1
22-08-2022 13:00,EDT,CAPITL,61757,105.23,8.49,2,1
22-08-2022 14:00,EDT,CAPITL,61757,105.49,8.64,1.28,1
22-08-2022 15:00,EDT,CAPITL,61757,107.85,8.85,-0.69,1
22-08-2022 16:00,EDT,CAPITL,61757,111.5,8.81,-3.7,1
22-08-2022 17:00,EDT,CAPITL,61757,118.15,10.2,1.77,1
22-08-2022 18:00,EDT,CAPITL,61757,114.93,9.87,1.03,1
22-08-2022 19:00,EDT,CAPITL,61757,112.29,9.67,1.31,1
22-08-2022 20:00,EDT,CAPITL,61757,101.69,8.74,1.04,1
22-08-2022 21:00,EDT,CAPITL,61757,94.88,8.27,2.31,1
22-08-2022 22:00,EDT,CAPITL,61757,86.38,7.24,2.19,1
22-08-2022 23:00,EDT,CAPITL,61757,79.9,5.99,0.95,1
23-08-2022 00:00,EDT,CAPITL,61757,81.11,6.01,0,1
23-08-2022 01:00,EDT,CAPITL,61757,73.68,5.46,0,1
23-08-2022 02:00,EDT,CAPITL,61757,68.81,5.15,0,1
23-08-2022 03:00,EDT,CAPITL,61757,65,5.04,0,1
23-08-2022 04:00,EDT,CAPITL,61757,65.46,5.07,0,1
23-08-2022 05:00,EDT,CAPITL,61757,69.81,5.17,0,1
23-08-2022 06:00,EDT,CAPITL,61757,78.6,5.96,0,1
23-08-2022 07:00,EDT,CAPITL,61757,80.67,6.53,0,1
23-08-2022 08:00,EDT,CAPITL,61757,83.63,6.71,1.04,1
23-08-2022 09:00,EDT,CAPITL,61757,90.31,7.31,1.1,1
23-08-2022 10:00,EDT,CAPITL,61757,96.21,7.73,2.45,1
23-08-2022 11:00,EDT,CAPITL,61757,97.53,7.69,2.83,1
23-08-2022 12:00,EDT,CAPITL,61757,100.64,8.14,3.32,1
23-08-2022 13:00,EDT,CAPITL,61757,104.14,8.33,3.39,1
23-08-2022 14:00,EDT,CAPITL,61757,110.6,8.65,-1.38,1
23-08-2022 15:00,EDT,CAPITL,61757,116.27,8.84,-5.81,1
23-08-2022 16:00,EDT,CAPITL,61757,147.67,9.27,-35.49,1
23-08-2022 17:00,EDT,CAPITL,61757,153.16,11.11,-18.66,1
23-08-2022 18:00,EDT,CAPITL,61757,123.28,10.87,3.29,1
23-08-2022 19:00,EDT,CAPITL,61757,116.24,9.87,2.07,1
23-08-2022 20:00,EDT,CAPITL,61757,110.03,9.3,2.54,1
23-08-2022 21:00,EDT,CAPITL,61757,99.85,8.39,2.89,1
23-08-2022 22:00,EDT,CAPITL,61757,91.21,7.86,3,1
23-08-2022 23:00,EDT,CAPITL,61757,80.2,6.07,0.81,1
24-08-2022 00:00,EDT,CAPITL,61757,85.23,6.04,-1.85,1
24-08-2022 01:00,EDT,CAPITL,61757,80.23,5.81,0,1
24-08-2022 02:00,EDT,CAPITL,61757,74.26,5.44,0,1
24-08-2022 03:00,EDT,CAPITL,61757,70.31,5.33,-0.04,1
24-08-2022 04:00,EDT,CAPITL,61757,71.33,5.46,0,1
24-08-2022 05:00,EDT,CAPITL,61757,75.37,5.65,0,1
24-08-2022 06:00,EDT,CAPITL,61757,85.32,6.59,-1.12,1
24-08-2022 07:00,EDT,CAPITL,61757,91.52,7.32,0,1
24-08-2022 08:00,EDT,CAPITL,61757,95.55,7.64,0,1
24-08-2022 09:00,EDT,CAPITL,61757,98.48,7.93,0.64,1
24-08-2022 10:00,EDT,CAPITL,61757,105.65,7.95,1.58,1
24-08-2022 11:00,EDT,CAPITL,61757,111.22,8.33,0,1
24-08-2022 12:00,EDT,CAPITL,61757,112.7,8.44,1.15,1
24-08-2022 13:00,EDT,CAPITL,61757,118.76,8.63,0.5,1
24-08-2022 14:00,EDT,CAPITL,61757,127.25,9.29,1.02,1
24-08-2022 15:00,EDT,CAPITL,61757,146.18,11.87,2.21,1
24-08-2022 16:00,EDT,CAPITL,61757,161.43,12.06,-13.77,1
24-08-2022 17:00,EDT,CAPITL,61757,171.74,12.44,-24.02,1
24-08-2022 18:00,EDT,CAPITL,61757,156.94,13.48,0,1
24-08-2022 19:00,EDT,CAPITL,61757,143.17,11.94,0,1
24-08-2022 20:00,EDT,CAPITL,61757,130.7,11.01,0,1
24-08-2022 21:00,EDT,CAPITL,61757,114.99,9.79,0,1
24-08-2022 22:00,EDT,CAPITL,61757,107.47,8.69,0,1
24-08-2022 23:00,EDT,CAPITL,61757,94.26,7.17,-4.67,1
25-08-2022 00:00,EDT,CAPITL,61757,88.36,6.7,0,1
25-08-2022 01:00,EDT,CAPITL,61757,80.6,5.75,-1.2,1
25-08-2022 02:00,EDT,CAPITL,61757,76.73,5.8,-0.25,1
25-08-2022 03:00,EDT,CAPITL,61757,75.89,5.04,-7.86,1
25-08-2022 04:00,EDT,CAPITL,61757,75.02,5.27,-4.72,1
25-08-2022 05:00,EDT,CAPITL,61757,76.66,5.61,0,1
25-08-2022 06:00,EDT,CAPITL,61757,81.77,6.12,0,1
25-08-2022 07:00,EDT,CAPITL,61757,86.02,7.03,0,1
25-08-2022 08:00,EDT,CAPITL,61757,90.51,6.83,-7.84,1
25-08-2022 09:00,EDT,CAPITL,61757,105.29,7.38,-14.06,1
25-08-2022 10:00,EDT,CAPITL,61757,111.16,8.26,-6.89,1
25-08-2022 11:00,EDT,CAPITL,61757,118.19,8.95,-7.58,1
25-08-2022 12:00,EDT,CAPITL,61757,116.36,9.31,0.07,1
25-08-2022 13:00,EDT,CAPITL,61757,124.95,10,0,1
25-08-2022 14:00,EDT,CAPITL,61757,131.91,7.6,-38.93,1
25-08-2022 15:00,EDT,CAPITL,61757,157.14,11.14,-23.6,1
25-08-2022 16:00,EDT,CAPITL,61757,201.73,10.82,-71.98,1
25-08-2022 17:00,EDT,CAPITL,61757,260.47,11.65,-123.59,1
25-08-2022 18:00,EDT,CAPITL,61757,211.37,10.92,-85.58,1
25-08-2022 19:00,EDT,CAPITL,61757,171.17,10.96,-43.62,1
25-08-2022 20:00,EDT,CAPITL,61757,142.98,10.04,-26.14,1
25-08-2022 21:00,EDT,CAPITL,61757,123.65,9.59,-10.93,1
25-08-2022 22:00,EDT,CAPITL,61757,125,8,-27.02,1
25-08-2022 23:00,EDT,CAPITL,61757,97.44,7.47,-4.05,1
26-08-2022 00:00,EDT,CAPITL,61757,90.45,6.13,0.74,1
26-08-2022 01:00,EDT,CAPITL,61757,79.56,5.08,0.23,1
26-08-2022 02:00,EDT,CAPITL,61757,75.73,5.29,0,1
26-08-2022 03:00,EDT,CAPITL,61757,71.37,4.98,0,1
26-08-2022 04:00,EDT,CAPITL,61757,70.91,4.89,0,1
26-08-2022 05:00,EDT,CAPITL,61757,75.19,5.18,0,1
26-08-2022 06:00,EDT,CAPITL,61757,83.88,5.64,0,1
26-08-2022 07:00,EDT,CAPITL,61757,85.15,7.13,1.19,1
26-08-2022 08:00,EDT,CAPITL,61757,101.83,7.86,-8.47,1
26-08-2022 09:00,EDT,CAPITL,61757,97.04,8.16,0.83,1
26-08-2022 10:00,EDT,CAPITL,61757,100.91,8.12,-3.5,1
26-08-2022 11:00,EDT,CAPITL,61757,104.81,8.63,3.08,1
26-08-2022 12:00,EDT,CAPITL,61757,111.86,8.49,-7.89,1
26-08-2022 13:00,EDT,CAPITL,61757,118.51,9.13,-9.02,1
26-08-2022 14:00,EDT,CAPITL,61757,120.1,9.17,-4.38,1
26-08-2022 15:00,EDT,CAPITL,61757,129.65,10.8,-0.1,1
26-08-2022 16:00,EDT,CAPITL,61757,129.04,11.1,1.43,1
26-08-2022 17:00,EDT,CAPITL,61757,130.28,11.15,-0.5,1
26-08-2022 18:00,EDT,CAPITL,61757,152.84,10.65,-31.3,1
26-08-2022 19:00,EDT,CAPITL,61757,121.55,9.61,-11.85,1
26-08-2022 20:00,EDT,CAPITL,61757,110.09,9.55,1.03,1
26-08-2022 21:00,EDT,CAPITL,61757,104.58,9.22,1.59,1
26-08-2022 22:00,EDT,CAPITL,61757,95.11,8.28,1.25,1
26-08-2022 23:00,EDT,CAPITL,61757,87.04,6.98,1.07,1
27-08-2022 00:00,EDT,CAPITL,61757,83.12,5.8,0,1
27-08-2022 01:00,EDT,CAPITL,61757,76.92,5.37,0,1
27-08-2022 02:00,EDT,CAPITL,61757,72.9,5.09,0,1
27-08-2022 03:00,EDT,CAPITL,61757,70.48,5.04,0,1
27-08-2022 04:00,EDT,CAPITL,61757,67.07,4.62,0,1
27-08-2022 05:00,EDT,CAPITL,61757,67.98,4.62,0,1
27-08-2022 06:00,EDT,CAPITL,61757,68.82,4.74,0,1
27-08-2022 07:00,EDT,CAPITL,61757,66.96,4.2,0,1
27-08-2022 08:00,EDT,CAPITL,61757,74.39,5.19,0.92,1
27-08-2022 09:00,EDT,CAPITL,61757,79.35,5.59,1.84,1
27-08-2022 10:00,EDT,CAPITL,61757,81.85,5.47,1.8,1
27-08-2022 11:00,EDT,CAPITL,61757,84.13,5.92,1.85,1
27-08-2022 12:00,EDT,CAPITL,61757,84.3,5.91,2.66,1
27-08-2022 13:00,EDT,CAPITL,61757,83.86,5.83,1.93,1
27-08-2022 14:00,EDT,CAPITL,61757,84.1,5.87,2.25,1
27-08-2022 15:00,EDT,CAPITL,61757,88.81,6.36,3.5,1
27-08-2022 16:00,EDT,CAPITL,61757,95.38,7.18,2.69,1
27-08-2022 17:00,EDT,CAPITL,61757,102.38,7.84,0,1
27-08-2022 18:00,EDT,CAPITL,61757,103.36,8.4,0.51,1
27-08-2022 19:00,EDT,CAPITL,61757,99.91,8.25,0,1
27-08-2022 20:00,EDT,CAPITL,61757,102.49,8.41,1.45,1
27-08-2022 21:00,EDT,CAPITL,61757,90.04,7.15,1.21,1
27-08-2022 22:00,EDT,CAPITL,61757,82.41,6.16,1.74,1
27-08-2022 23:00,EDT,CAPITL,61757,82.2,6.55,1.46,1
28-08-2022 00:00,EDT,CAPITL,61757,76.09,4.65,0.21,1
28-08-2022 01:00,EDT,CAPITL,61757,72.47,4.87,0,1
28-08-2022 02:00,EDT,CAPITL,61757,69.14,4.94,0,1
28-08-2022 03:00,EDT,CAPITL,61757,74.78,4.65,-10.55,1
28-08-2022 04:00,EDT,CAPITL,61757,72.05,4.41,-10.4,1
28-08-2022 05:00,EDT,CAPITL,61757,72.64,4.54,-9.88,1
28-08-2022 06:00,EDT,CAPITL,61757,72.21,4.48,-10.4,1
28-08-2022 07:00,EDT,CAPITL,61757,62.05,4.11,0,1
28-08-2022 08:00,EDT,CAPITL,61757,64.64,4.06,0,1
28-08-2022 09:00,EDT,CAPITL,61757,70.29,4.48,0,1
28-08-2022 10:00,EDT,CAPITL,61757,72.64,3.92,0.05,1
28-08-2022 11:00,EDT,CAPITL,61757,76.96,4.38,1.67,1
28-08-2022 12:00,EDT,CAPITL,61757,80.97,4.65,2.43,1
28-08-2022 13:00,EDT,CAPITL,61757,81.09,4.52,2.73,1
28-08-2022 14:00,EDT,CAPITL,61757,85.59,4.96,3.54,1
28-08-2022 15:00,EDT,CAPITL,61757,92.45,5.81,4.02,1
28-08-2022 16:00,EDT,CAPITL,61757,110.27,7.67,3.88,1
28-08-2022 17:00,EDT,CAPITL,61757,119.95,8.65,3.94,1
28-08-2022 18:00,EDT,CAPITL,61757,117.74,8.96,3.2,1
28-08-2022 19:00,EDT,CAPITL,61757,108.03,8.34,2.01,1
28-08-2022 20:00,EDT,CAPITL,61757,106.7,8.78,3.07,1
28-08-2022 21:00,EDT,CAPITL,61757,97.82,7.96,3.81,1
28-08-2022 22:00,EDT,CAPITL,61757,84.82,6.3,2.18,1
28-08-2022 23:00,EDT,CAPITL,61757,80.82,5.78,1,1
29-08-2022 00:00,EDT,CAPITL,61757,83.59,5.76,0,1
29-08-2022 01:00,EDT,CAPITL,61757,75.06,5.43,0,1
29-08-2022 02:00,EDT,CAPITL,61757,72.17,5.28,0,1
29-08-2022 03:00,EDT,CAPITL,61757,69.05,5.05,0,1
29-08-2022 04:00,EDT,CAPITL,61757,69.43,4.9,0,1
29-08-2022 05:00,EDT,CAPITL,61757,73.29,5.24,0,1
29-08-2022 06:00,EDT,CAPITL,61757,82.16,5.87,0,1
29-08-2022 07:00,EDT,CAPITL,61757,84.16,6.24,0,1
29-08-2022 08:00,EDT,CAPITL,61757,95.35,7.51,1.5,1
29-08-2022 09:00,EDT,CAPITL,61757,102.66,7.96,2.32,1
29-08-2022 10:00,EDT,CAPITL,61757,108.74,7.91,3.37,1
29-08-2022 11:00,EDT,CAPITL,61757,113.23,7.69,2.73,1
29-08-2022 12:00,EDT,CAPITL,61757,123.76,9.02,2.43,1
29-08-2022 13:00,EDT,CAPITL,61757,126.97,9.38,-0.34,1
29-08-2022 14:00,EDT,CAPITL,61757,129.29,9.44,-1.9,1
29-08-2022 15:00,EDT,CAPITL,61757,153.69,12.02,-1.93,1
29-08-2022 16:00,EDT,CAPITL,61757,169.45,13.37,-0.67,1
29-08-2022 17:00,EDT,CAPITL,61757,182.67,15.81,3.07,1
29-08-2022 18:00,EDT,CAPITL,61757,164.25,14.39,0.07,1
29-08-2022 19:00,EDT,CAPITL,61757,148.33,13.4,-0.95,1
29-08-2022 20:00,EDT,CAPITL,61757,130.65,11.79,0.24,1
29-08-2022 21:00,EDT,CAPITL,61757,116.02,10.13,1.89,1
29-08-2022 22:00,EDT,CAPITL,61757,117.81,8.75,-13.9,1
29-08-2022 23:00,EDT,CAPITL,61757,92.68,7.62,0.56,1
30-08-2022 00:00,EDT,CAPITL,61757,95.19,7.45,0,1
30-08-2022 01:00,EDT,CAPITL,61757,90.85,6.48,-10.73,1
30-08-2022 02:00,EDT,CAPITL,61757,93.23,6.02,-18.8,1
30-08-2022 03:00,EDT,CAPITL,61757,85.68,6.02,-10.37,1
30-08-2022 04:00,EDT,CAPITL,61757,80.2,6.33,-1.12,1
30-08-2022 05:00,EDT,CAPITL,61757,84.17,6.46,-4.28,1
30-08-2022 06:00,EDT,CAPITL,61757,96.63,7.4,-7.02,1
30-08-2022 07:00,EDT,CAPITL,61757,103.95,7.87,-6.7,1
30-08-2022 08:00,EDT,CAPITL,61757,108.11,8.84,1.16,1
30-08-2022 09:00,EDT,CAPITL,61757,110.8,9,1.69,1
30-08-2022 10:00,EDT,CAPITL,61757,114.65,9.13,1.9,1
30-08-2022 11:00,EDT,CAPITL,61757,123.64,9.66,1.06,1
30-08-2022 12:00,EDT,CAPITL,61757,128.17,10.61,1.67,1
30-08-2022 13:00,EDT,CAPITL,61757,149.27,11.33,-12.13,1
30-08-2022 14:00,EDT,CAPITL,61757,141.75,11.09,-6.03,1
30-08-2022 15:00,EDT,CAPITL,61757,193.68,10.94,-59.76,1
30-08-2022 16:00,EDT,CAPITL,61757,192.3,12.02,-48.16,1
30-08-2022 17:00,EDT,CAPITL,61757,229.76,12.34,-81.82,1
30-08-2022 18:00,EDT,CAPITL,61757,216.8,11.3,-83.98,1
30-08-2022 19:00,EDT,CAPITL,61757,175.53,11.24,-44.67,1
30-08-2022 20:00,EDT,CAPITL,61757,133.93,11.29,-3.86,1
30-08-2022 21:00,EDT,CAPITL,61757,117.07,9.5,0.32,1
30-08-2022 22:00,EDT,CAPITL,61757,118.75,7.77,-20.65,1
30-08-2022 23:00,EDT,CAPITL,61757,104.09,6.81,-14.18,1
31-08-2022 00:00,EDT,CAPITL,61757,88.07,6.6,0,1
31-08-2022 01:00,EDT,CAPITL,61757,79.45,5.53,-4.86,1
31-08-2022 02:00,EDT,CAPITL,61757,83.62,5.18,-13.7,1
31-08-2022 03:00,EDT,CAPITL,61757,77,5.01,-9.45,1
31-08-2022 04:00,EDT,CAPITL,61757,73.51,5.03,-5.68,1
31-08-2022 05:00,EDT,CAPITL,61757,78.84,5.53,-4.18,1
31-08-2022 06:00,EDT,CAPITL,61757,95.71,6.14,-15.61,1
31-08-2022 07:00,EDT,CAPITL,61757,93.87,6.37,-15.88,1
31-08-2022 08:00,EDT,CAPITL,61757,98.6,6.44,-20.63,1
31-08-2022 09:00,EDT,CAPITL,61757,108.01,6.26,-32.18,1
31-08-2022 10:00,EDT,CAPITL,61757,97.04,6.09,-21.79,1
31-08-2022 11:00,EDT,CAPITL,61757,101.04,6.42,-24.83,1
31-08-2022 12:00,EDT,CAPITL,61757,105.76,6.81,-23.33,1
31-08-2022 13:00,EDT,CAPITL,61757,121.95,6.58,-41.44,1
31-08-2022 14:00,EDT,CAPITL,61757,111.26,6.56,-29.27,1
31-08-2022 15:00,EDT,CAPITL,61757,120.74,6.49,-39.65,1
31-08-2022 16:00,EDT,CAPITL,61757,117.72,6.32,-38.77,1
31-08-2022 17:00,EDT,CAPITL,61757,161.73,7.94,-63.58,1
31-08-2022 18:00,EDT,CAPITL,61757,150.48,8.17,-52.48,1
31-08-2022 19:00,EDT,CAPITL,61757,130,6.89,-47.33,1
31-08-2022 20:00,EDT,CAPITL,61757,112.38,6.87,-30.06,1
31-08-2022 21:00,EDT,CAPITL,61757,90.96,6.97,-5.68,1
31-08-2022 22:00,EDT,CAPITL,61757,84.11,5.99,-4.2,1
31-08-2022 23:00,EDT,CAPITL,61757,82.12,4.42,-21,1
01-09-2022 00:00,EDT,CAPITL,61757,80.85,4.93,-21.11,1
01-09-2022 01:00,EDT,CAPITL,61757,73.17,4.57,-16.73,1
01-09-2022 02:00,EDT,CAPITL,61757,72.02,4.61,-15.59,1
01-09-2022 03:00,EDT,CAPITL,61757,64,4.29,-8.63,1
01-09-2022 04:00,EDT,CAPITL,61757,64.27,4.39,-8.16,1
01-09-2022 05:00,EDT,CAPITL,61757,71.07,4.96,-11.63,1
01-09-2022 06:00,EDT,CAPITL,61757,87.13,5.36,-25.38,1
01-09-2022 07:00,EDT,CAPITL,61757,71.86,6.24,-0.01,1
01-09-2022 08:00,EDT,CAPITL,61757,75.42,6.75,0.22,1
01-09-2022 09:00,EDT,CAPITL,61757,74.28,5.16,-15.33,1
01-09-2022 10:00,EDT,CAPITL,61757,76.84,5.2,-16.3,1
01-09-2022 11:00,EDT,CAPITL,61757,77.63,5.53,-13.19,1
01-09-2022 12:00,EDT,CAPITL,61757,81.5,4.95,-22.71,1
01-09-2022 13:00,EDT,CAPITL,61757,82.81,4.43,-25.6,1
01-09-2022 14:00,EDT,CAPITL,61757,82.85,5.84,-4.89,1
01-09-2022 15:00,EDT,CAPITL,61757,89.21,4.45,-33.01,1
01-09-2022 16:00,EDT,CAPITL,61757,111.52,5.56,-40.53,1
01-09-2022 17:00,EDT,CAPITL,61757,131.29,7.95,-35.04,1
01-09-2022 18:00,EDT,CAPITL,61757,107.65,8.75,-2.68,1
01-09-2022 19:00,EDT,CAPITL,61757,100.54,8.64,2.12,1
01-09-2022 20:00,EDT,CAPITL,61757,93.73,7.82,1.97,1
01-09-2022 21:00,EDT,CAPITL,61757,83.8,7.3,2.03,1
01-09-2022 22:00,EDT,CAPITL,61757,72.28,5.86,1.03,1
01-09-2022 23:00,EDT,CAPITL,61757,70.06,5.41,-0.25,1
02-09-2022 00:00,EDT,CAPITL,61757,69.19,4.21,-9.59,1
02-09-2022 01:00,EDT,CAPITL,61757,65.98,4.24,-8.01,1
02-09-2022 02:00,EDT,CAPITL,61757,62.59,4.14,-6.71,1
02-09-2022 03:00,EDT,CAPITL,61757,59.95,3.98,-4.29,1
02-09-2022 04:00,EDT,CAPITL,61757,60.36,4.13,-4.6,1
02-09-2022 05:00,EDT,CAPITL,61757,64.18,4.23,-8.32,1
02-09-2022 06:00,EDT,CAPITL,61757,73.33,4.67,-13.68,1
02-09-2022 07:00,EDT,CAPITL,61757,74.51,5.21,-7.97,1
02-09-2022 08:00,EDT,CAPITL,61757,73.2,5.67,0,1
02-09-2022 09:00,EDT,CAPITL,61757,70.21,4.96,0,1
02-09-2022 10:00,EDT,CAPITL,61757,72.18,4.47,0,1
02-09-2022 11:00,EDT,CAPITL,61757,74.47,4.78,0.49,1
02-09-2022 12:00,EDT,CAPITL,61757,76.11,5.05,1.04,1
02-09-2022 13:00,EDT,CAPITL,61757,79.56,5.31,1.61,1
02-09-2022 14:00,EDT,CAPITL,61757,85.29,5.93,1.95,1
02-09-2022 15:00,EDT,CAPITL,61757,92.85,7.09,2.79,1
02-09-2022 16:00,EDT,CAPITL,61757,100.78,7.99,3.57,1
02-09-2022 17:00,EDT,CAPITL,61757,107.9,8.85,3.83,1
02-09-2022 18:00,EDT,CAPITL,61757,101.03,8.49,2.9,1
02-09-2022 19:00,EDT,CAPITL,61757,96.13,8.07,2.67,1
02-09-2022 20:00,EDT,CAPITL,61757,88.23,7.56,2.38,1
02-09-2022 21:00,EDT,CAPITL,61757,79.85,6.31,1.57,1
02-09-2022 22:00,EDT,CAPITL,61757,73.37,5.59,0.43,1
02-09-2022 23:00,EDT,CAPITL,61757,69.77,5.29,0,1
03-09-2022 00:00,EDT,CAPITL,61757,75.54,4.15,-18.89,1
03-09-2022 01:00,EDT,CAPITL,61757,68.71,3.92,-13.16,1
03-09-2022 02:00,EDT,CAPITL,61757,66.84,3.87,-11.45,1
03-09-2022 03:00,EDT,CAPITL,61757,65.02,3.94,-9.97,1
03-09-2022 04:00,EDT,CAPITL,61757,63.11,4.06,-7.65,1
03-09-2022 05:00,EDT,CAPITL,61757,65.15,3.76,-14.35,1
03-09-2022 06:00,EDT,CAPITL,61757,66.2,4.13,-10.5,1
03-09-2022 07:00,EDT,CAPITL,61757,66.08,4.23,-8.97,1
03-09-2022 08:00,EDT,CAPITL,61757,66.96,5.08,-2.87,1
03-09-2022 09:00,EDT,CAPITL,61757,69.39,5.67,0,1
03-09-2022 10:00,EDT,CAPITL,61757,75.17,6.01,0,1
03-09-2022 11:00,EDT,CAPITL,61757,77.95,5.94,0.43,1
03-09-2022 12:00,EDT,CAPITL,61757,80.29,6.12,1.37,1
03-09-2022 13:00,EDT,CAPITL,61757,84.95,6.69,1.42,1
03-09-2022 14:00,EDT,CAPITL,61757,89.23,7.54,3.01,1
03-09-2022 15:00,EDT,CAPITL,61757,97.13,8.67,3.85,1
03-09-2022 16:00,EDT,CAPITL,61757,106.07,9.77,3.39,1
03-09-2022 17:00,EDT,CAPITL,61757,116.73,10.76,2.73,1
03-09-2022 18:00,EDT,CAPITL,61757,111.27,10.53,1.44,1
03-09-2022 19:00,EDT,CAPITL,61757,105.26,10.09,0.97,1
03-09-2022 20:00,EDT,CAPITL,61757,99.29,9.12,1.01,1
03-09-2022 21:00,EDT,CAPITL,61757,88.07,8.04,1.14,1
03-09-2022 22:00,EDT,CAPITL,61757,77.93,6.82,0.58,1
03-09-2022 23:00,EDT,CAPITL,61757,75.12,6.14,0,1
04-09-2022 00:00,EDT,CAPITL,61757,77.08,6.04,0,1
04-09-2022 01:00,EDT,CAPITL,61757,68.93,5.37,-0.31,1
04-09-2022 02:00,EDT,CAPITL,61757,68.26,5.41,0,1
04-09-2022 03:00,EDT,CAPITL,61757,66.87,4.51,-6,1
04-09-2022 04:00,EDT,CAPITL,61757,65.08,4.65,-3.74,1
04-09-2022 05:00,EDT,CAPITL,61757,67.15,4.52,-8.85,1
04-09-2022 06:00,EDT,CAPITL,61757,66.29,4.51,-7.44,1
04-09-2022 07:00,EDT,CAPITL,61757,62.06,4.92,0,1
04-09-2022 08:00,EDT,CAPITL,61757,66.05,5.34,0,1
04-09-2022 09:00,EDT,CAPITL,61757,70.19,5.69,0.13,1
04-09-2022 10:00,EDT,CAPITL,61757,75.72,6.04,0.52,1
04-09-2022 11:00,EDT,CAPITL,61757,81,6.65,0.39,1
04-09-2022 12:00,EDT,CAPITL,61757,85.22,7.33,0.87,1
04-09-2022 13:00,EDT,CAPITL,61757,85.91,6.73,0.03,1
04-09-2022 14:00,EDT,CAPITL,61757,89.37,7.23,0,1
04-09-2022 15:00,EDT,CAPITL,61757,92.95,7.73,0.67,1
04-09-2022 16:00,EDT,CAPITL,61757,100.4,8.72,0.02,1
04-09-2022 17:00,EDT,CAPITL,61757,134.19,9.2,-31.18,1
04-09-2022 18:00,EDT,CAPITL,61757,128.81,9.75,-20.63,1
04-09-2022 19:00,EDT,CAPITL,61757,109.4,9.77,0,1
04-09-2022 20:00,EDT,CAPITL,61757,101.47,8.89,0,1
04-09-2022 21:00,EDT,CAPITL,61757,87.79,7.84,0,1
04-09-2022 22:00,EDT,CAPITL,61757,80.97,7.16,0,1
04-09-2022 23:00,EDT,CAPITL,61757,77.26,6.31,-0.81,1
05-09-2022 00:00,EDT,CAPITL,61757,76.32,5.72,0,1
05-09-2022 01:00,EDT,CAPITL,61757,71.42,5.23,0,1
05-09-2022 02:00,EDT,CAPITL,61757,68.57,5.43,0,1
05-09-2022 03:00,EDT,CAPITL,61757,66,4.72,0,1
05-09-2022 04:00,EDT,CAPITL,61757,64.88,4.75,0,1
05-09-2022 05:00,EDT,CAPITL,61757,66.58,5.05,0,1
05-09-2022 06:00,EDT,CAPITL,61757,66.82,4.78,0,1
05-09-2022 07:00,EDT,CAPITL,61757,67.3,5.1,0,1
05-09-2022 08:00,EDT,CAPITL,61757,72.07,5.83,0,1
05-09-2022 09:00,EDT,CAPITL,61757,75.14,5.95,0,1
05-09-2022 10:00,EDT,CAPITL,61757,81.08,5.94,0,1
05-09-2022 11:00,EDT,CAPITL,61757,85.83,6.85,0.72,1
05-09-2022 12:00,EDT,CAPITL,61757,90.77,7.02,0.9,1
05-09-2022 13:00,EDT,CAPITL,61757,92.36,7.14,1.78,1
05-09-2022 14:00,EDT,CAPITL,61757,92.28,6.87,1.61,1
05-09-2022 15:00,EDT,CAPITL,61757,94.99,7.56,2.5,1
05-09-2022 16:00,EDT,CAPITL,61757,101.39,7.96,2.55,1
05-09-2022 17:00,EDT,CAPITL,61757,108.73,8.59,1.04,1
05-09-2022 18:00,EDT,CAPITL,61757,107.88,8.54,0,1
05-09-2022 19:00,EDT,CAPITL,61757,106.38,8.46,0.38,1
05-09-2022 20:00,EDT,CAPITL,61757,99.78,7.98,0.98,1
05-09-2022 21:00,EDT,CAPITL,61757,89.9,7.36,1.06,1
05-09-2022 22:00,EDT,CAPITL,61757,80.84,6.21,0.24,1
05-09-2022 23:00,EDT,CAPITL,61757,74.88,5.55,0,1
06-09-2022 00:00,EDT,CAPITL,61757,76.39,5.19,0,1
06-09-2022 01:00,EDT,CAPITL,61757,71.36,5.04,0,1
06-09-2022 02:00,EDT,CAPITL,61757,67.53,4.71,0,1
06-09-2022 03:00,EDT,CAPITL,61757,66.44,4.64,0,1
06-09-2022 04:00,EDT,CAPITL,61757,66.74,4.77,0,1
06-09-2022 05:00,EDT,CAPITL,61757,69.62,4.32,-6.08,1
06-09-2022 06:00,EDT,CAPITL,61757,77.43,4.74,-7.68,1
06-09-2022 07:00,EDT,CAPITL,61757,82.11,6.06,-1.19,1
06-09-2022 08:00,EDT,CAPITL,61757,83.21,6.93,1.67,1
06-09-2022 09:00,EDT,CAPITL,61757,87.75,7.39,1.77,1
06-09-2022 10:00,EDT,CAPITL,61757,88.87,6.23,-6.75,1
06-09-2022 11:00,EDT,CAPITL,61757,91.66,6.56,-6.08,1
06-09-2022 12:00,EDT,CAPITL,61757,92.59,6.72,-5.91,1
06-09-2022 13:00,EDT,CAPITL,61757,94.99,7.68,3.07,1
06-09-2022 14:00,EDT,CAPITL,61757,96.09,6.76,-6.97,1
06-09-2022 15:00,EDT,CAPITL,61757,99.77,6.7,-8.18,1
06-09-2022 16:00,EDT,CAPITL,61757,103.98,6.85,-11.58,1
06-09-2022 17:00,EDT,CAPITL,61757,110.87,8.33,-2.13,1
06-09-2022 18:00,EDT,CAPITL,61757,107.34,7.81,-5.35,1
06-09-2022 19:00,EDT,CAPITL,61757,105.86,7.15,-9.42,1
06-09-2022 20:00,EDT,CAPITL,61757,102.26,6.08,-19.26,1
06-09-2022 21:00,EDT,CAPITL,61757,90.81,6.15,-8.64,1
06-09-2022 22:00,EDT,CAPITL,61757,80.26,5.17,-6.12,1
06-09-2022 23:00,EDT,CAPITL,61757,77.22,4.43,-10.42,1
07-09-2022 00:00,EDT,CAPITL,61757,74.46,4.21,0,1
07-09-2022 01:00,EDT,CAPITL,61757,71.39,4.3,0,1
07-09-2022 02:00,EDT,CAPITL,61757,67.42,4.29,0,1
07-09-2022 03:00,EDT,CAPITL,61757,65.09,3.92,0,1
07-09-2022 04:00,EDT,CAPITL,61757,66.69,4.07,0,1
07-09-2022 05:00,EDT,CAPITL,61757,72.01,4.39,0,1
07-09-2022 06:00,EDT,CAPITL,61757,80.93,4.73,0,1
07-09-2022 07:00,EDT,CAPITL,61757,87,5.69,0,1
07-09-2022 08:00,EDT,CAPITL,61757,87.08,6.49,1.56,1
07-09-2022 09:00,EDT,CAPITL,61757,89.45,6.29,1.87,1
07-09-2022 10:00,EDT,CAPITL,61757,88.59,5.8,2.53,1
07-09-2022 11:00,EDT,CAPITL,61757,91.47,6.02,3.05,1
07-09-2022 12:00,EDT,CAPITL,61757,91.14,6.01,3.24,1
07-09-2022 13:00,EDT,CAPITL,61757,92.23,5.92,3.39,1
07-09-2022 14:00,EDT,CAPITL,61757,91.91,6.07,3.36,1
07-09-2022 15:00,EDT,CAPITL,61757,98.54,6.57,3.33,1
07-09-2022 16:00,EDT,CAPITL,61757,101.91,6.58,4.43,1
07-09-2022 17:00,EDT,CAPITL,61757,104.81,7.53,3.01,1
07-09-2022 18:00,EDT,CAPITL,61757,103.35,7.66,2.5,1
07-09-2022 19:00,EDT,CAPITL,61757,106.44,7.58,2.14,1
07-09-2022 20:00,EDT,CAPITL,61757,98.77,7.08,2.72,1
07-09-2022 21:00,EDT,CAPITL,61757,88.34,6.26,2.54,1
07-09-2022 22:00,EDT,CAPITL,61757,79.78,5.06,1.98,1
07-09-2022 23:00,EDT,CAPITL,61757,71.94,3.75,-3.55,1
08-09-2022 00:00,EDT,CAPITL,61757,72.36,4.09,-6.34,1
08-09-2022 01:00,EDT,CAPITL,61757,65.74,4.19,0,1
08-09-2022 02:00,EDT,CAPITL,61757,63.2,3.97,-2.53,1
08-09-2022 03:00,EDT,CAPITL,61757,60.66,3.65,0,1
08-09-2022 04:00,EDT,CAPITL,61757,61.63,3.87,0,1
08-09-2022 05:00,EDT,CAPITL,61757,66.56,3.62,-4.6,1
08-09-2022 06:00,EDT,CAPITL,61757,75.52,3.36,-9.83,1
08-09-2022 07:00,EDT,CAPITL,61757,73.7,4.24,0,1
08-09-2022 08:00,EDT,CAPITL,61757,76.62,5.01,0,1
08-09-2022 09:00,EDT,CAPITL,61757,73.63,4.83,1.32,1
08-09-2022 10:00,EDT,CAPITL,61757,74.33,4.33,2.11,1
08-09-2022 11:00,EDT,CAPITL,61757,76.57,4.94,2.16,1
08-09-2022 12:00,EDT,CAPITL,61757,79.41,5.36,2.56,1
08-09-2022 13:00,EDT,CAPITL,61757,81.5,5.35,2.5,1
08-09-2022 14:00,EDT,CAPITL,61757,86.44,5.73,3.44,1
08-09-2022 15:00,EDT,CAPITL,61757,92.69,6.51,4.22,1
08-09-2022 16:00,EDT,CAPITL,61757,101.22,6.9,4.3,1
08-09-2022 17:00,EDT,CAPITL,61757,109.58,8.32,5.34,1
08-09-2022 18:00,EDT,CAPITL,61757,103.89,7.47,3.09,1
08-09-2022 19:00,EDT,CAPITL,61757,102.71,7.08,1.45,1
08-09-2022 20:00,EDT,CAPITL,61757,94.8,6.59,3.25,1
08-09-2022 21:00,EDT,CAPITL,61757,84.49,6.13,2.4,1
08-09-2022 22:00,EDT,CAPITL,61757,77.21,4.92,1.09,1
08-09-2022 23:00,EDT,CAPITL,61757,71.82,4.28,-7.25,1
09-09-2022 00:00,EDT,CAPITL,61757,66.79,3.4,-6.67,1
09-09-2022 01:00,EDT,CAPITL,61757,64.33,3.16,-7.61,1
09-09-2022 02:00,EDT,CAPITL,61757,59.26,3.19,-2.87,1
09-09-2022 03:00,EDT,CAPITL,61757,57.64,2.89,-3.08,1
09-09-2022 04:00,EDT,CAPITL,61757,57.76,3.13,-1.62,1
09-09-2022 05:00,EDT,CAPITL,61757,61.97,2.91,-4.18,1
09-09-2022 06:00,EDT,CAPITL,61757,67.6,2.64,-6.23,1
09-09-2022 07:00,EDT,CAPITL,61757,68.83,3.96,-0.04,1
09-09-2022 08:00,EDT,CAPITL,61757,69.41,4.31,1.21,1
09-09-2022 09:00,EDT,CAPITL,61757,70.37,4.18,1.24,1
09-09-2022 10:00,EDT,CAPITL,61757,72.39,4.18,1.43,1
09-09-2022 11:00,EDT,CAPITL,61757,75.47,4.31,1.97,1
09-09-2022 12:00,EDT,CAPITL,61757,81.38,4.5,2.08,1
09-09-2022 13:00,EDT,CAPITL,61757,87.33,4.81,3.49,1
09-09-2022 14:00,EDT,CAPITL,61757,89.98,4.81,0.7,1
09-09-2022 15:00,EDT,CAPITL,61757,99.09,6.28,5.18,1
09-09-2022 16:00,EDT,CAPITL,61757,111.54,7.89,5.91,1
09-09-2022 17:00,EDT,CAPITL,61757,120.98,8.01,6.55,1
09-09-2022 18:00,EDT,CAPITL,61757,110.88,6.84,4.49,1
09-09-2022 19:00,EDT,CAPITL,61757,104.83,5.96,2.2,1
09-09-2022 20:00,EDT,CAPITL,61757,95.64,5.8,2.23,1
09-09-2022 21:00,EDT,CAPITL,61757,81.08,5,2.04,1
09-09-2022 22:00,EDT,CAPITL,61757,73.69,4.82,0.98,1
09-09-2022 23:00,EDT,CAPITL,61757,70.65,4.36,-0.26,1
10-09-2022 00:00,EDT,CAPITL,61757,71.52,3.11,-11.86,1
10-09-2022 01:00,EDT,CAPITL,61757,63.91,2.83,-8.65,1
10-09-2022 02:00,EDT,CAPITL,61757,58.78,2.68,-4.62,1
10-09-2022 03:00,EDT,CAPITL,61757,57.08,2.49,-3.8,1
10-09-2022 04:00,EDT,CAPITL,61757,56.29,2.62,-2.34,1
10-09-2022 05:00,EDT,CAPITL,61757,59.63,2.72,-6.46,1
10-09-2022 06:00,EDT,CAPITL,61757,62.44,2.73,-8.14,1
10-09-2022 07:00,EDT,CAPITL,61757,60.75,2.76,-4.97,1
10-09-2022 08:00,EDT,CAPITL,61757,61.02,3.36,0.33,1
10-09-2022 09:00,EDT,CAPITL,61757,63.64,3.48,0.84,1
10-09-2022 10:00,EDT,CAPITL,61757,66.13,3.38,1.01,1
10-09-2022 11:00,EDT,CAPITL,61757,71.31,4,1.66,1
10-09-2022 12:00,EDT,CAPITL,61757,77.1,4.28,2.24,1
10-09-2022 13:00,EDT,CAPITL,61757,81.95,4.8,2.9,1
10-09-2022 14:00,EDT,CAPITL,61757,86.64,4.99,3.02,1
10-09-2022 15:00,EDT,CAPITL,61757,94.83,5.45,3.07,1
10-09-2022 16:00,EDT,CAPITL,61757,107.26,6.34,2.93,1
10-09-2022 17:00,EDT,CAPITL,61757,118.04,7.43,1.98,1
10-09-2022 18:00,EDT,CAPITL,61757,108.05,7.38,1.72,1
10-09-2022 19:00,EDT,CAPITL,61757,103.33,6.87,1.73,1
10-09-2022 20:00,EDT,CAPITL,61757,94.97,6.31,1.56,1
10-09-2022 21:00,EDT,CAPITL,61757,78.15,5.07,1.52,1
10-09-2022 22:00,EDT,CAPITL,61757,72.6,4.23,-0.11,1
10-09-2022 23:00,EDT,CAPITL,61757,70.13,4.45,-0.27,1
11-09-2022 00:00,EDT,CAPITL,61757,79.25,2.27,-25.38,1
11-09-2022 01:00,EDT,CAPITL,61757,73.88,2.04,-22.14,1
11-09-2022 02:00,EDT,CAPITL,61757,69.64,1.91,-21.16,1
11-09-2022 03:00,EDT,CAPITL,61757,67.97,1.98,-18.92,1
11-09-2022 04:00,EDT,CAPITL,61757,64.77,2.09,-12.8,1
11-09-2022 05:00,EDT,CAPITL,61757,64.59,2.19,-12.51,1
11-09-2022 06:00,EDT,CAPITL,61757,65.49,2.22,-11.59,1
11-09-2022 07:00,EDT,CAPITL,61757,66.28,2.07,-12.42,1
11-09-2022 08:00,EDT,CAPITL,61757,72,2.38,-17.94,1
11-09-2022 09:00,EDT,CAPITL,61757,71.52,3.14,-7.88,1
11-09-2022 10:00,EDT,CAPITL,61757,70.42,3.27,-1.77,1
11-09-2022 11:00,EDT,CAPITL,61757,78.61,3.3,-11.79,1
11-09-2022 12:00,EDT,CAPITL,61757,91.98,3.02,-31.99,1
11-09-2022 13:00,EDT,CAPITL,61757,87.36,3.71,-17.29,1
11-09-2022 14:00,EDT,CAPITL,61757,93.79,3.26,-28.91,1
11-09-2022 15:00,EDT,CAPITL,61757,96.68,3.6,-26.45,1
11-09-2022 16:00,EDT,CAPITL,61757,100.89,4.26,-19.09,1
11-09-2022 17:00,EDT,CAPITL,61757,110.01,5.04,-22.38,1
11-09-2022 18:00,EDT,CAPITL,61757,106.09,5.03,-22.51,1
11-09-2022 19:00,EDT,CAPITL,61757,102.25,5.14,-16.9,1
11-09-2022 20:00,EDT,CAPITL,61757,90.12,5.72,0.97,1
11-09-2022 21:00,EDT,CAPITL,61757,88.47,4.04,-19.35,1
11-09-2022 22:00,EDT,CAPITL,61757,78.28,3.29,-12.82,1
11-09-2022 23:00,EDT,CAPITL,61757,80.86,2.29,-23.99,1
12-09-2022 00:00,EDT,CAPITL,61757,79.56,2.62,-17.33,1
12-09-2022 01:00,EDT,CAPITL,61757,76.79,2,-23.33,1
12-09-2022 02:00,EDT,CAPITL,61757,73.62,2.06,-20.21,1
12-09-2022 03:00,EDT,CAPITL,61757,70.87,2.06,-17.47,1
12-09-2022 04:00,EDT,CAPITL,61757,70.62,2.06,-17.17,1
12-09-2022 05:00,EDT,CAPITL,61757,77.69,2.32,-23.92,1
12-09-2022 06:00,EDT,CAPITL,61757,91.97,2.62,-34.65,1
12-09-2022 07:00,EDT,CAPITL,61757,101.73,2.8,-44.04,1
12-09-2022 08:00,EDT,CAPITL,61757,102.27,4.04,-31.95,1
12-09-2022 09:00,EDT,CAPITL,61757,104.88,3.98,-35.7,1
12-09-2022 10:00,EDT,CAPITL,61757,87.16,4.29,2.93,1
12-09-2022 11:00,EDT,CAPITL,61757,91.55,4.77,3.32,1
12-09-2022 12:00,EDT,CAPITL,61757,106.06,4.01,-16.71,1
12-09-2022 13:00,EDT,CAPITL,61757,100.97,4.43,-4.2,1
12-09-2022 14:00,EDT,CAPITL,61757,97.31,4.54,3.77,1
12-09-2022 15:00,EDT,CAPITL,61757,116.65,4.74,-9,1
12-09-2022 16:00,EDT,CAPITL,61757,133.6,5.67,-12.29,1
12-09-2022 17:00,EDT,CAPITL,61757,154.34,5.44,-44.22,1
12-09-2022 18:00,EDT,CAPITL,61757,161.37,4.85,-66.68,1
12-09-2022 19:00,EDT,CAPITL,61757,153.57,5.99,-40.65,1
12-09-2022 20:00,EDT,CAPITL,61757,111.46,5.37,-13.41,1
12-09-2022 21:00,EDT,CAPITL,61757,102.18,4.16,-17.89,1
12-09-2022 22:00,EDT,CAPITL,61757,106.31,3.2,-37.86,1
12-09-2022 23:00,EDT,CAPITL,61757,87.74,3.22,-14.62,1
13-09-2022 00:00,EDT,CAPITL,61757,87.05,2.46,-28.58,1
13-09-2022 01:00,EDT,CAPITL,61757,77.85,2.24,-22.32,1
13-09-2022 02:00,EDT,CAPITL,61757,76.42,2.16,-21.49,1
13-09-2022 03:00,EDT,CAPITL,61757,73.72,2.13,-19.78,1
13-09-2022 04:00,EDT,CAPITL,61757,72.14,2.11,-18.52,1
13-09-2022 05:00,EDT,CAPITL,61757,79.47,2.38,-23.03,1
13-09-2022 06:00,EDT,CAPITL,61757,90.01,3.63,-13.75,1
13-09-2022 07:00,EDT,CAPITL,61757,93.4,4.2,-15.53,1
13-09-2022 08:00,EDT,CAPITL,61757,82.78,3.67,-15.82,1
13-09-2022 09:00,EDT,CAPITL,61757,84.73,3.58,-16.03,1
13-09-2022 10:00,EDT,CAPITL,61757,85.78,3.66,-15.54,1
13-09-2022 11:00,EDT,CAPITL,61757,89.67,3.57,-20.01,1
13-09-2022 12:00,EDT,CAPITL,61757,90.64,3.36,-22.61,1
13-09-2022 13:00,EDT,CAPITL,61757,91.53,3.39,-21.64,1
13-09-2022 14:00,EDT,CAPITL,61757,93.48,3.33,-20.86,1
13-09-2022 15:00,EDT,CAPITL,61757,106.68,2.97,-40.48,1
13-09-2022 16:00,EDT,CAPITL,61757,153.92,4.52,-57.07,1
13-09-2022 17:00,EDT,CAPITL,61757,181.63,4.64,-82.24,1
13-09-2022 18:00,EDT,CAPITL,61757,143.12,3.96,-62.95,1
13-09-2022 19:00,EDT,CAPITL,61757,125.09,4.37,-36.69,1
13-09-2022 20:00,EDT,CAPITL,61757,108.83,4.14,-25.1,1
13-09-2022 21:00,EDT,CAPITL,61757,107.55,3.25,-39.17,1
13-09-2022 22:00,EDT,CAPITL,61757,91.64,2.54,-31.28,1
13-09-2022 23:00,EDT,CAPITL,61757,84.34,2.07,-30.5,1
14-09-2022 00:00,EDT,CAPITL,61757,79.6,2,-24.97,1
14-09-2022 01:00,EDT,CAPITL,61757,75.26,1.86,-24.32,1
14-09-2022 02:00,EDT,CAPITL,61757,72.26,1.59,-27.67,1
14-09-2022 03:00,EDT,CAPITL,61757,73.95,1.32,-35.89,1
14-09-2022 04:00,EDT,CAPITL,61757,72.22,1.59,-30.87,1
14-09-2022 05:00,EDT,CAPITL,61757,73.91,1.81,-26.94,1
14-09-2022 06:00,EDT,CAPITL,61757,79.39,2.37,-21.83,1
14-09-2022 07:00,EDT,CAPITL,61757,80.28,3.17,-14.98,1
14-09-2022 08:00,EDT,CAPITL,61757,86.89,3.1,-21.74,1
14-09-2022 09:00,EDT,CAPITL,61757,87.54,2.87,-17.77,1
14-09-2022 10:00,EDT,CAPITL,61757,93.29,2.96,-23.04,1
14-09-2022 11:00,EDT,CAPITL,61757,94.28,2.96,-24.01,1
14-09-2022 12:00,EDT,CAPITL,61757,101.51,2.75,-30.2,1
14-09-2022 13:00,EDT,CAPITL,61757,108.76,2.68,-39.04,1
14-09-2022 14:00,EDT,CAPITL,61757,113.97,2.99,-41.41,1
14-09-2022 15:00,EDT,CAPITL,61757,127.15,3.11,-51.63,1
14-09-2022 16:00,EDT,CAPITL,61757,137.77,3.57,-53.04,1
14-09-2022 17:00,EDT,CAPITL,61757,161.57,4.12,-71.52,1
14-09-2022 18:00,EDT,CAPITL,61757,131.77,4.38,-43.08,1
14-09-2022 19:00,EDT,CAPITL,61757,122.15,4.68,-27.35,1
14-09-2022 20:00,EDT,CAPITL,61757,109.4,3.99,-28.67,1
14-09-2022 21:00,EDT,CAPITL,61757,104.67,2.86,-42.2,1
14-09-2022 22:00,EDT,CAPITL,61757,87.8,2.52,-26.65,1
14-09-2022 23:00,EDT,CAPITL,61757,82.3,1.94,-27.92,1
15-09-2022 00:00,EDT,CAPITL,61757,80.28,1.84,-27.28,1
15-09-2022 01:00,EDT,CAPITL,61757,80.38,1.44,-35.34,1
15-09-2022 02:00,EDT,CAPITL,61757,79.59,1.29,-37.83,1
15-09-2022 03:00,EDT,CAPITL,61757,78.08,1.15,-38.5,1
15-09-2022 04:00,EDT,CAPITL,61757,77,1.3,-37.36,1
15-09-2022 05:00,EDT,CAPITL,61757,79.93,1.58,-34.49,1
15-09-2022 06:00,EDT,CAPITL,61757,84.49,2.21,-28.33,1
15-09-2022 07:00,EDT,CAPITL,61757,82.32,2.8,-18.68,1
15-09-2022 08:00,EDT,CAPITL,61757,83.43,2.99,-19.38,1
15-09-2022 09:00,EDT,CAPITL,61757,77.54,2.84,-7.05,1
15-09-2022 10:00,EDT,CAPITL,61757,84.25,2.4,-21.82,1
15-09-2022 11:00,EDT,CAPITL,61757,88.49,2.12,-30.53,1
15-09-2022 12:00,EDT,CAPITL,61757,87.62,2.13,-28.04,1
15-09-2022 13:00,EDT,CAPITL,61757,88.22,2.2,-26.47,1
15-09-2022 14:00,EDT,CAPITL,61757,91.63,2.24,-28.79,1
15-09-2022 15:00,EDT,CAPITL,61757,100.01,2.19,-35.23,1
15-09-2022 16:00,EDT,CAPITL,61757,101.58,2.51,-32.98,1
15-09-2022 17:00,EDT,CAPITL,61757,116.22,2.98,-42.25,1
15-09-2022 18:00,EDT,CAPITL,61757,112.28,3.62,-29.95,1
15-09-2022 19:00,EDT,CAPITL,61757,110.99,3.68,-28.98,1
15-09-2022 20:00,EDT,CAPITL,61757,98.63,3.28,-27.04,1
15-09-2022 21:00,EDT,CAPITL,61757,88.02,2.58,-25.31,1
15-09-2022 22:00,EDT,CAPITL,61757,73.96,2.89,-8.34,1
15-09-2022 23:00,EDT,CAPITL,61757,76.77,2.29,-21.19,1
16-09-2022 00:00,EDT,CAPITL,61757,83.37,1.26,-46.03,1
16-09-2022 01:00,EDT,CAPITL,61757,79.89,1.05,-48.01,1
16-09-2022 02:00,EDT,CAPITL,61757,72.64,0.96,-43.36,1
16-09-2022 03:00,EDT,CAPITL,61757,70.47,0.91,-42.9,1
16-09-2022 04:00,EDT,CAPITL,61757,73.42,1,-45.49,1
16-09-2022 05:00,EDT,CAPITL,61757,76.97,1.23,-45.05,1
16-09-2022 06:00,EDT,CAPITL,61757,88.95,2.08,-38.46,1
16-09-2022 07:00,EDT,CAPITL,61757,97.43,2.32,-43.64,1
16-09-2022 08:00,EDT,CAPITL,61757,88.52,2.4,-33.89,1
16-09-2022 09:00,EDT,CAPITL,61757,82.04,2.08,-26.61,1
16-09-2022 10:00,EDT,CAPITL,61757,84.98,1.94,-30.71,1
16-09-2022 11:00,EDT,CAPITL,61757,88.82,2.04,-34.49,1
16-09-2022 12:00,EDT,CAPITL,61757,88.95,2.03,-34.94,1
16-09-2022 13:00,EDT,CAPITL,61757,96.96,1.88,-42.85,1
16-09-2022 14:00,EDT,CAPITL,61757,102.39,1.94,-46.62,1
16-09-2022 15:00,EDT,CAPITL,61757,107.42,2.15,-50.12,1
16-09-2022 16:00,EDT,CAPITL,61757,114.57,2.55,-51.25,1
16-09-2022 17:00,EDT,CAPITL,61757,125.16,2.89,-56.52,1
16-09-2022 18:00,EDT,CAPITL,61757,107.24,3.09,-32.25,1
16-09-2022 19:00,EDT,CAPITL,61757,111.96,3.13,-37.52,1
16-09-2022 20:00,EDT,CAPITL,61757,112.23,2.89,-43.63,1
16-09-2022 21:00,EDT,CAPITL,61757,96.76,2.29,-39.9,1
16-09-2022 22:00,EDT,CAPITL,61757,86.63,1.96,-33.04,1
16-09-2022 23:00,EDT,CAPITL,61757,87.31,1.81,-36.74,1
17-09-2022 00:00,EDT,CAPITL,61757,78.03,1.5,-37.04,1
17-09-2022 01:00,EDT,CAPITL,61757,80.23,1.06,-51.22,1
17-09-2022 02:00,EDT,CAPITL,61757,71.2,1.04,-42.05,1
17-09-2022 03:00,EDT,CAPITL,61757,69.82,0.99,-42.74,1
17-09-2022 04:00,EDT,CAPITL,61757,75.65,0.82,-52.73,1
17-09-2022 05:00,EDT,CAPITL,61757,76.92,0.92,-51.16,1
17-09-2022 06:00,EDT,CAPITL,61757,78.22,1.19,-43.89,1
17-09-2022 07:00,EDT,CAPITL,61757,77.48,1.63,-36.09,1
17-09-2022 08:00,EDT,CAPITL,61757,77.13,1.94,-29.94,1
17-09-2022 09:00,EDT,CAPITL,61757,75.62,2.11,-23.18,1
17-09-2022 10:00,EDT,CAPITL,61757,81.93,1.85,-28.62,1
17-09-2022 11:00,EDT,CAPITL,61757,86.06,1.77,-33.65,1
17-09-2022 12:00,EDT,CAPITL,61757,85.97,2.02,-32,1
17-09-2022 13:00,EDT,CAPITL,61757,89.04,1.86,-33.92,1
17-09-2022 14:00,EDT,CAPITL,61757,103.81,1.97,-49.96,1
17-09-2022 15:00,EDT,CAPITL,61757,109.32,2.08,-52.37,1
17-09-2022 16:00,EDT,CAPITL,61757,119.91,2.62,-60.31,1
17-09-2022 17:00,EDT,CAPITL,61757,151.8,3.31,-78.14,1
17-09-2022 18:00,EDT,CAPITL,61757,133.46,3.45,-62.4,1
17-09-2022 19:00,EDT,CAPITL,61757,128.03,3.4,-57.93,1
17-09-2022 20:00,EDT,CAPITL,61757,114.07,2.7,-57.36,1
17-09-2022 21:00,EDT,CAPITL,61757,108.57,2.43,-54.51,1
17-09-2022 22:00,EDT,CAPITL,61757,87.94,1.81,-35.86,1
17-09-2022 23:00,EDT,CAPITL,61757,82.53,1.46,-38.05,1
18-09-2022 00:00,EDT,CAPITL,61757,87.65,1.11,-57.25,1
18-09-2022 01:00,EDT,CAPITL,61757,82.14,0.85,-58.87,1
18-09-2022 02:00,EDT,CAPITL,61757,76.58,0.81,-53.77,1
18-09-2022 03:00,EDT,CAPITL,61757,72.52,0.8,-49.57,1
18-09-2022 04:00,EDT,CAPITL,61757,71.95,0.81,-48.72,1
18-09-2022 05:00,EDT,CAPITL,61757,76.98,0.84,-54.05,1
18-09-2022 06:00,EDT,CAPITL,61757,74.66,1.08,-45.15,1
18-09-2022 07:00,EDT,CAPITL,61757,75.66,1.07,-45.74,1
18-09-2022 08:00,EDT,CAPITL,61757,73.47,1.45,-32.87,1
18-09-2022 09:00,EDT,CAPITL,61757,73.41,1.61,-27.12,1
18-09-2022 10:00,EDT,CAPITL,61757,81.22,1.71,-29.32,1
18-09-2022 11:00,EDT,CAPITL,61757,90.37,1.75,-37.07,1
18-09-2022 12:00,EDT,CAPITL,61757,100.14,1.7,-46.78,1
18-09-2022 13:00,EDT,CAPITL,61757,109.41,1.91,-54.24,1
18-09-2022 14:00,EDT,CAPITL,61757,117.55,2.07,-62.47,1
18-09-2022 15:00,EDT,CAPITL,61757,168,2.69,-106.77,1
18-09-2022 16:00,EDT,CAPITL,61757,162.43,3.06,-100.58,1
18-09-2022 17:00,EDT,CAPITL,61757,215.37,3.75,-143.45,1
18-09-2022 18:00,EDT,CAPITL,61757,208.91,3.51,-143.83,1
18-09-2022 19:00,EDT,CAPITL,61757,177.11,4,-104.04,1
18-09-2022 20:00,EDT,CAPITL,61757,131.71,3.77,-61.81,1
18-09-2022 21:00,EDT,CAPITL,61757,110.37,3.01,-52.55,1
18-09-2022 22:00,EDT,CAPITL,61757,110.58,2.48,-56.5,1
18-09-2022 23:00,EDT,CAPITL,61757,106.23,2,-58.75,1
19-09-2022 00:00,EDT,CAPITL,61757,97.42,1.97,-49.52,1
19-09-2022 01:00,EDT,CAPITL,61757,94.84,1.66,-53.53,1
19-09-2022 02:00,EDT,CAPITL,61757,85.8,1.79,-43.32,1
19-09-2022 03:00,EDT,CAPITL,61757,80.94,1.67,-38.58,1
19-09-2022 04:00,EDT,CAPITL,61757,79.56,1.88,-33.95,1
19-09-2022 05:00,EDT,CAPITL,61757,84.98,2.01,-36.18,1
19-09-2022 06:00,EDT,CAPITL,61757,93.22,2.68,-39.93,1
19-09-2022 07:00,EDT,CAPITL,61757,105.17,2.99,-51.5,1
19-09-2022 08:00,EDT,CAPITL,61757,108.29,3.09,-54.52,1
19-09-2022 09:00,EDT,CAPITL,61757,115.09,3.09,-61.36,1
19-09-2022 10:00,EDT,CAPITL,61757,124.9,2.97,-71.66,1
19-09-2022 11:00,EDT,CAPITL,61757,132.48,2.96,-79.4,1
19-09-2022 12:00,EDT,CAPITL,61757,141.9,2.83,-89.39,1
19-09-2022 13:00,EDT,CAPITL,61757,150.88,2.93,-98.2,1
19-09-2022 14:00,EDT,CAPITL,61757,79.04,5.5,2.74,1
19-09-2022 15:00,EDT,CAPITL,61757,100.7,5.99,-13.75,1
19-09-2022 16:00,EDT,CAPITL,61757,88.97,6.42,3.01,1
19-09-2022 17:00,EDT,CAPITL,61757,100.69,7.13,4.15,1
19-09-2022 18:00,EDT,CAPITL,61757,101.41,6.99,2.53,1
19-09-2022 19:00,EDT,CAPITL,61757,104.24,7.14,0.78,1
19-09-2022 20:00,EDT,CAPITL,61757,101.87,6.67,-6.3,1
19-09-2022 21:00,EDT,CAPITL,61757,115.93,5.77,-32.2,1
19-09-2022 22:00,EDT,CAPITL,61757,81.24,4.47,-14.76,1
19-09-2022 23:00,EDT,CAPITL,61757,77.28,4.46,-7.2,1
20-09-2022 00:00,EDT,CAPITL,61757,77.56,3.66,-17.58,1
20-09-2022 01:00,EDT,CAPITL,61757,67.85,3.56,-10.39,1
20-09-2022 02:00,EDT,CAPITL,61757,63.59,3.26,-8.55,1
20-09-2022 03:00,EDT,CAPITL,61757,60.46,3.1,-5.69,1
20-09-2022 04:00,EDT,CAPITL,61757,63.39,3.25,-8.62,1
20-09-2022 05:00,EDT,CAPITL,61757,67.61,3.6,-11.87,1
20-09-2022 06:00,EDT,CAPITL,61757,77.09,5.09,-2.25,1
20-09-2022 07:00,EDT,CAPITL,61757,82.57,4.98,-8.5,1
20-09-2022 08:00,EDT,CAPITL,61757,92.39,5.24,-17.34,1
20-09-2022 09:00,EDT,CAPITL,61757,85.2,5.22,-7.47,1
20-09-2022 10:00,EDT,CAPITL,61757,83.9,5.2,-5.53,1
20-09-2022 11:00,EDT,CAPITL,61757,84.08,5.27,-3.48,1
20-09-2022 12:00,EDT,CAPITL,61757,86.84,5.52,-3.64,1
20-09-2022 13:00,EDT,CAPITL,61757,92.67,5.51,-6.1,1
20-09-2022 14:00,EDT,CAPITL,61757,94.33,5.7,-6.01,1
20-09-2022 15:00,EDT,CAPITL,61757,96.23,6.01,-3.03,1
20-09-2022 16:00,EDT,CAPITL,61757,110,6.84,-6.85,1
20-09-2022 17:00,EDT,CAPITL,61757,117.38,7.43,-2.18,1
20-09-2022 18:00,EDT,CAPITL,61757,102.75,6.5,-1.92,1
20-09-2022 19:00,EDT,CAPITL,61757,103.88,6.4,-1.94,1
20-09-2022 20:00,EDT,CAPITL,61757,92.02,6.1,0,1
20-09-2022 21:00,EDT,CAPITL,61757,85.28,5.65,0,1
20-09-2022 22:00,EDT,CAPITL,61757,73.4,4.91,-0.31,1
20-09-2022 23:00,EDT,CAPITL,61757,70.5,4.19,-4.76,1
21-09-2022 00:00,EDT,CAPITL,61757,66.81,3.1,-11.96,1
21-09-2022 01:00,EDT,CAPITL,61757,60.33,2.99,-5.79,1
21-09-2022 02:00,EDT,CAPITL,61757,54.69,3.03,-0.26,1
21-09-2022 03:00,EDT,CAPITL,61757,52.91,2.76,0,1
21-09-2022 04:00,EDT,CAPITL,61757,54.01,2.72,0,1
21-09-2022 05:00,EDT,CAPITL,61757,58.59,3.09,-3.94,1
21-09-2022 06:00,EDT,CAPITL,61757,71.39,3.6,-13.27,1
21-09-2022 07:00,EDT,CAPITL,61757,73.55,3.78,-12.45,1
21-09-2022 08:00,EDT,CAPITL,61757,67.51,4.4,-0.22,1
21-09-2022 09:00,EDT,CAPITL,61757,66.68,4.3,0,1
21-09-2022 10:00,EDT,CAPITL,61757,66.48,4.11,0,1
21-09-2022 11:00,EDT,CAPITL,61757,68.59,4.55,0,1
21-09-2022 12:00,EDT,CAPITL,61757,68.66,4.42,-1.13,1
21-09-2022 13:00,EDT,CAPITL,61757,74.09,4.4,-3.96,1
21-09-2022 14:00,EDT,CAPITL,61757,77.47,4.95,-3.76,1
21-09-2022 15:00,EDT,CAPITL,61757,101.01,5.71,-18.08,1
21-09-2022 16:00,EDT,CAPITL,61757,116.01,6.16,-27.83,1
21-09-2022 17:00,EDT,CAPITL,61757,150,6.6,-55.44,1
21-09-2022 18:00,EDT,CAPITL,61757,150,6.49,-60.36,1
21-09-2022 19:00,EDT,CAPITL,61757,147.87,6.14,-64.01,1
21-09-2022 20:00,EDT,CAPITL,61757,126.15,5.96,-46.59,1
21-09-2022 21:00,EDT,CAPITL,61757,97,4.92,-27.34,1
21-09-2022 22:00,EDT,CAPITL,61757,72.03,4.22,-9.25,1
21-09-2022 23:00,EDT,CAPITL,61757,72.14,3.52,-13.64,1
22-09-2022 00:00,EDT,CAPITL,61757,67.46,2.99,-22.41,1
22-09-2022 01:00,EDT,CAPITL,61757,62.76,2.71,-19.66,1
22-09-2022 02:00,EDT,CAPITL,61757,56.62,2.5,-14.49,1
22-09-2022 03:00,EDT,CAPITL,61757,54.5,2.5,-11.68,1
22-09-2022 04:00,EDT,CAPITL,61757,55.85,2.68,-12.53,1
22-09-2022 05:00,EDT,CAPITL,61757,65.71,3.39,-13.17,1
22-09-2022 06:00,EDT,CAPITL,61757,77.56,4.13,-16.11,1
22-09-2022 07:00,EDT,CAPITL,61757,94.43,4.19,-34.39,1
22-09-2022 08:00,EDT,CAPITL,61757,130.93,4.48,-68.26,1
22-09-2022 09:00,EDT,CAPITL,61757,121.16,4.38,-57.61,1
22-09-2022 10:00,EDT,CAPITL,61757,107.5,4.16,-45.67,1
22-09-2022 11:00,EDT,CAPITL,61757,103.65,3.82,-43.68,1
22-09-2022 12:00,EDT,CAPITL,61757,96.06,3.76,-37.04,1
22-09-2022 13:00,EDT,CAPITL,61757,95.39,3.72,-34.33,1
22-09-2022 14:00,EDT,CAPITL,61757,94.73,3.63,-35.22,1
22-09-2022 15:00,EDT,CAPITL,61757,90.04,3.61,-30.86,1
22-09-2022 16:00,EDT,CAPITL,61757,103.02,3.78,-42.03,1
22-09-2022 17:00,EDT,CAPITL,61757,115.91,4.17,-52.2,1
22-09-2022 18:00,EDT,CAPITL,61757,109.53,4.27,-45.96,1
22-09-2022 19:00,EDT,CAPITL,61757,106.42,4.46,-40.79,1
22-09-2022 20:00,EDT,CAPITL,61757,85.68,4.01,-22.69,1
22-09-2022 21:00,EDT,CAPITL,61757,76.83,3.42,-22.3,1
22-09-2022 22:00,EDT,CAPITL,61757,69.73,3.19,-18.17,1
22-09-2022 23:00,EDT,CAPITL,61757,61.84,2.29,-22.66,1
23-09-2022 00:00,EDT,CAPITL,61757,66.82,1.18,-46.66,1
23-09-2022 01:00,EDT,CAPITL,61757,61.21,1.27,-39.4,1
23-09-2022 02:00,EDT,CAPITL,61757,58.18,1.1,-39.66,1
23-09-2022 03:00,EDT,CAPITL,61757,55.19,1.08,-36.68,1
23-09-2022 04:00,EDT,CAPITL,61757,53.75,1.74,-24.41,1
23-09-2022 05:00,EDT,CAPITL,61757,58.33,2.05,-24.67,1
23-09-2022 06:00,EDT,CAPITL,61757,71.34,2.91,-24.97,1
23-09-2022 07:00,EDT,CAPITL,61757,81.03,3.77,-23.37,1
23-09-2022 08:00,EDT,CAPITL,61757,82.61,3.77,-23.46,1
23-09-2022 09:00,EDT,CAPITL,61757,69.42,3.52,-11.73,1
23-09-2022 10:00,EDT,CAPITL,61757,64.09,3.3,-9.19,1
23-09-2022 11:00,EDT,CAPITL,61757,60.36,3.25,-5.64,1
23-09-2022 12:00,EDT,CAPITL,61757,58.24,2.98,-7.25,1
23-09-2022 13:00,EDT,CAPITL,61757,59.65,2.73,-12.25,1
23-09-2022 14:00,EDT,CAPITL,61757,58.35,2.67,-11.91,1
23-09-2022 15:00,EDT,CAPITL,61757,59.83,2.51,-16.24,1
23-09-2022 16:00,EDT,CAPITL,61757,72.95,3.17,-19.57,1
23-09-2022 17:00,EDT,CAPITL,61757,83.82,3.65,-25.68,1
23-09-2022 18:00,EDT,CAPITL,61757,81.34,3.6,-26.36,1
23-09-2022 19:00,EDT,CAPITL,61757,80.88,3.87,-21.75,1
23-09-2022 20:00,EDT,CAPITL,61757,75,4.09,-14.86,1
23-09-2022 21:00,EDT,CAPITL,61757,64.43,3.68,-7.35,1
23-09-2022 22:00,EDT,CAPITL,61757,58.25,3.36,-3.93,1
23-09-2022 23:00,EDT,CAPITL,61757,57.62,2.64,-13.73,1
24-09-2022 00:00,EDT,CAPITL,61757,56.54,2.3,-19.34,1
24-09-2022 01:00,EDT,CAPITL,61757,52.18,2.22,-15.28,1
24-09-2022 02:00,EDT,CAPITL,61757,54.57,1.72,-26.08,1
24-09-2022 03:00,EDT,CAPITL,61757,51.72,1.9,-19.63,1
24-09-2022 04:00,EDT,CAPITL,61757,51.24,1.91,-19.56,1
24-09-2022 05:00,EDT,CAPITL,61757,53.4,2.32,-16.97,1
24-09-2022 06:00,EDT,CAPITL,61757,59.94,2.19,-24.51,1
24-09-2022 07:00,EDT,CAPITL,61757,62.45,2.52,-20.66,1
24-09-2022 08:00,EDT,CAPITL,61757,64.49,3.09,-14.64,1
24-09-2022 09:00,EDT,CAPITL,61757,50.59,3.12,-0.12,1
24-09-2022 10:00,EDT,CAPITL,61757,48.12,2.81,0,1
24-09-2022 11:00,EDT,CAPITL,61757,48.26,2.61,-3.56,1
24-09-2022 12:00,EDT,CAPITL,61757,45.72,2.58,-1.5,1
24-09-2022 13:00,EDT,CAPITL,61757,45.71,2.54,-1.56,1
24-09-2022 14:00,EDT,CAPITL,61757,45.79,2.39,-2.88,1
24-09-2022 15:00,EDT,CAPITL,61757,49.22,2.51,-4.93,1
24-09-2022 16:00,EDT,CAPITL,61757,57.37,2.73,-11.36,1
24-09-2022 17:00,EDT,CAPITL,61757,74.8,3.69,-18.36,1
24-09-2022 18:00,EDT,CAPITL,61757,86.45,4.07,-27.39,1
24-09-2022 19:00,EDT,CAPITL,61757,82.8,4.58,-20.21,1
24-09-2022 20:00,EDT,CAPITL,61757,73.63,4.02,-16.05,1
24-09-2022 21:00,EDT,CAPITL,61757,62.73,3.37,-8.28,1
24-09-2022 22:00,EDT,CAPITL,61757,65.6,2.95,-17.9,1
24-09-2022 23:00,EDT,CAPITL,61757,57.02,2.25,-20.07,1
25-09-2022 00:00,EDT,CAPITL,61757,41.62,2.43,-0.6,1
25-09-2022 01:00,EDT,CAPITL,61757,39.09,2.24,-0.11,1
25-09-2022 02:00,EDT,CAPITL,61757,37.64,2.13,0,1
25-09-2022 03:00,EDT,CAPITL,61757,37.52,1.99,-2.37,1
25-09-2022 04:00,EDT,CAPITL,61757,38.46,1.99,-2.22,1
25-09-2022 05:00,EDT,CAPITL,61757,41.79,2.08,-6.68,1
25-09-2022 06:00,EDT,CAPITL,61757,43.35,2.16,-7.01,1
25-09-2022 07:00,EDT,CAPITL,61757,42.27,2.38,-2.12,1
25-09-2022 08:00,EDT,CAPITL,61757,44.11,2.35,-3.31,1
25-09-2022 09:00,EDT,CAPITL,61757,44.03,2.42,-2.64,1
25-09-2022 10:00,EDT,CAPITL,61757,44.38,2.43,0,1
25-09-2022 11:00,EDT,CAPITL,61757,44.38,2.39,0,1
25-09-2022 12:00,EDT,CAPITL,61757,44.98,2.46,0,1
25-09-2022 13:00,EDT,CAPITL,61757,44.46,2.32,0,1
25-09-2022 14:00,EDT,CAPITL,61757,46.71,2.56,0,1
25-09-2022 15:00,EDT,CAPITL,61757,48.88,2.68,-2.23,1
25-09-2022 16:00,EDT,CAPITL,61757,53.7,2.76,-4.95,1
25-09-2022 17:00,EDT,CAPITL,61757,81.62,3.52,-25.58,1
25-09-2022 18:00,EDT,CAPITL,61757,79.92,3.51,-24.06,1
25-09-2022 19:00,EDT,CAPITL,61757,84.45,3.73,-28.2,1
25-09-2022 20:00,EDT,CAPITL,61757,74.51,3.44,-18.97,1
25-09-2022 21:00,EDT,CAPITL,61757,53.33,3.02,0,1
25-09-2022 22:00,EDT,CAPITL,61757,47.99,2.67,0,1
25-09-2022 23:00,EDT,CAPITL,61757,48.96,1.79,-15.69,1
26-09-2022 00:00,EDT,CAPITL,61757,46.56,1.78,-9.14,1
26-09-2022 01:00,EDT,CAPITL,61757,43.69,1.82,-4.81,1
26-09-2022 02:00,EDT,CAPITL,61757,43.14,1.54,-11.4,1
26-09-2022 03:00,EDT,CAPITL,61757,39.86,1.61,-6.01,1
26-09-2022 04:00,EDT,CAPITL,61757,44.32,1.43,-14.24,1
26-09-2022 05:00,EDT,CAPITL,61757,48.43,1.65,-16.18,1
26-09-2022 06:00,EDT,CAPITL,61757,52.3,2.39,-7.98,1
26-09-2022 07:00,EDT,CAPITL,61757,54.95,2.86,-5.15,1
26-09-2022 08:00,EDT,CAPITL,61757,54.53,3.42,0,1
26-09-2022 09:00,EDT,CAPITL,61757,53,3.33,0,1
26-09-2022 10:00,EDT,CAPITL,61757,51.05,3.03,0,1
26-09-2022 11:00,EDT,CAPITL,61757,53.41,2.98,-3.2,1
26-09-2022 12:00,EDT,CAPITL,61757,54.08,2.77,-6.57,1
26-09-2022 13:00,EDT,CAPITL,61757,58.99,2.63,-13.26,1
26-09-2022 14:00,EDT,CAPITL,61757,61.61,2.6,-17.78,1
26-09-2022 15:00,EDT,CAPITL,61757,66.44,2.34,-26.33,1
26-09-2022 16:00,EDT,CAPITL,61757,79.79,2.23,-43.72,1
26-09-2022 17:00,EDT,CAPITL,61757,82.53,2.88,-33.92,1
26-09-2022 18:00,EDT,CAPITL,61757,97.66,3.52,-41.56,1
26-09-2022 19:00,EDT,CAPITL,61757,77.47,3.62,-21.42,1
26-09-2022 20:00,EDT,CAPITL,61757,73.91,3.47,-19.4,1
26-09-2022 21:00,EDT,CAPITL,61757,58.06,2.71,-15.55,1
26-09-2022 22:00,EDT,CAPITL,61757,52.02,2.48,-11.42,1
26-09-2022 23:00,EDT,CAPITL,61757,55.83,1.49,-27.16,1
27-09-2022 00:00,EDT,CAPITL,61757,56.71,0.69,-43.77,1
27-09-2022 01:00,EDT,CAPITL,61757,50.89,0.67,-38.33,1
27-09-2022 02:00,EDT,CAPITL,61757,48.52,0.68,-35.9,1
27-09-2022 03:00,EDT,CAPITL,61757,46.9,0.69,-33.81,1
27-09-2022 04:00,EDT,CAPITL,61757,47.86,0.68,-35,1
27-09-2022 05:00,EDT,CAPITL,61757,51.36,0.81,-37.05,1
27-09-2022 06:00,EDT,CAPITL,61757,63.78,2.18,-27.09,1
27-09-2022 07:00,EDT,CAPITL,61757,66.46,2.65,-23.72,1
27-09-2022 08:00,EDT,CAPITL,61757,62.92,2.56,-22.79,1
27-09-2022 09:00,EDT,CAPITL,61757,59.65,2.43,-20.41,1
27-09-2022 10:00,EDT,CAPITL,61757,49.66,3.03,-1.35,1
27-09-2022 11:00,EDT,CAPITL,61757,48.88,2.74,-2.62,1
27-09-2022 12:00,EDT,CAPITL,61757,49.52,2.63,-5.18,1
27-09-2022 13:00,EDT,CAPITL,61757,50.47,2.58,-7.59,1
27-09-2022 14:00,EDT,CAPITL,61757,59.95,2.23,-21.82,1
27-09-2022 15:00,EDT,CAPITL,61757,67.66,2.02,-34.12,1
27-09-2022 16:00,EDT,CAPITL,61757,72.97,2.27,-35.33,1
27-09-2022 17:00,EDT,CAPITL,61757,77.12,3.36,-22,1
27-09-2022 18:00,EDT,CAPITL,61757,79.89,3.6,-24.11,1
27-09-2022 19:00,EDT,CAPITL,61757,77.22,3.62,-21.82,1
27-09-2022 20:00,EDT,CAPITL,61757,62.19,3.56,-7.7,1
27-09-2022 21:00,EDT,CAPITL,61757,53.08,3.03,-5.48,1
27-09-2022 22:00,EDT,CAPITL,61757,52.19,2.28,-12.47,1
27-09-2022 23:00,EDT,CAPITL,61757,47.16,1.97,-11.87,1
28-09-2022 00:00,EDT,CAPITL,61757,47.82,1.53,-20.29,1
28-09-2022 01:00,EDT,CAPITL,61757,45.59,1.31,-21.74,1
28-09-2022 02:00,EDT,CAPITL,61757,44.58,1.27,-22.15,1
28-09-2022 03:00,EDT,CAPITL,61757,44.22,1.08,-24.23,1
28-09-2022 04:00,EDT,CAPITL,61757,44.21,1.27,-21.47,1
28-09-2022 05:00,EDT,CAPITL,61757,45.62,1.58,-18.09,1
28-09-2022 06:00,EDT,CAPITL,61757,61.75,2.5,-19.56,1
28-09-2022 07:00,EDT,CAPITL,61757,64.17,3.54,-10.07,1
28-09-2022 08:00,EDT,CAPITL,61757,60.99,3.79,-5.28,1
28-09-2022 09:00,EDT,CAPITL,61757,53.06,3.33,0,1
28-09-2022 10:00,EDT,CAPITL,61757,50.39,3.07,0,1
28-09-2022 11:00,EDT,CAPITL,61757,48.27,2.94,0,1
28-09-2022 12:00,EDT,CAPITL,61757,47.1,2.87,0,1
28-09-2022 13:00,EDT,CAPITL,61757,47.15,2.84,0,1
28-09-2022 14:00,EDT,CAPITL,61757,47.46,2.88,-0.32,1
28-09-2022 15:00,EDT,CAPITL,61757,55.05,2.75,-9.97,1
28-09-2022 16:00,EDT,CAPITL,61757,67.89,2.6,-26.57,1
28-09-2022 17:00,EDT,CAPITL,61757,78.65,3.67,-22.53,1
28-09-2022 18:00,EDT,CAPITL,61757,66.95,3.73,-11.42,1
28-09-2022 19:00,EDT,CAPITL,61757,69.58,4.02,-12.69,1
28-09-2022 20:00,EDT,CAPITL,61757,70.6,3.88,-14.24,1
28-09-2022 21:00,EDT,CAPITL,61757,49.82,3.13,0,1
28-09-2022 22:00,EDT,CAPITL,61757,46.3,2.76,-1.65,1
28-09-2022 23:00,EDT,CAPITL,61757,48.06,1.93,-12.28,1
29-09-2022 00:00,EDT,CAPITL,61757,49.21,1.94,-12.04,1
29-09-2022 01:00,EDT,CAPITL,61757,46.7,1.72,-12.45,1
29-09-2022 02:00,EDT,CAPITL,61757,43.81,1.78,-9.04,1
29-09-2022 03:00,EDT,CAPITL,61757,43.9,1.63,-11.5,1
29-09-2022 04:00,EDT,CAPITL,61757,44.36,1.91,-7.1,1
29-09-2022 05:00,EDT,CAPITL,61757,48.36,1.97,-10.56,1
29-09-2022 06:00,EDT,CAPITL,61757,60.63,2.57,-12.13,1
29-09-2022 07:00,EDT,CAPITL,61757,73.35,3.53,-17.13,1
29-09-2022 08:00,EDT,CAPITL,61757,63.03,3.8,-6.5,1
29-09-2022 09:00,EDT,CAPITL,61757,56.4,3.48,-0.9,1
29-09-2022 10:00,EDT,CAPITL,61757,54.93,3.4,0,1
29-09-2022 11:00,EDT,CAPITL,61757,55.26,3.36,-0.14,1
29-09-2022 12:00,EDT,CAPITL,61757,51.65,3.06,0,1
29-09-2022 13:00,EDT,CAPITL,61757,51.89,2.94,0,1
29-09-2022 14:00,EDT,CAPITL,61757,52.47,3.06,0,1
29-09-2022 15:00,EDT,CAPITL,61757,55.1,3.2,-0.37,1
29-09-2022 16:00,EDT,CAPITL,61757,75.1,2.99,-25.47,1
29-09-2022 17:00,EDT,CAPITL,61757,70.63,3.69,-12.66,1
29-09-2022 18:00,EDT,CAPITL,61757,73.88,3.91,-14.95,1
29-09-2022 19:00,EDT,CAPITL,61757,78.78,4.6,-12.82,1
29-09-2022 20:00,EDT,CAPITL,61757,71.38,3.86,-14.67,1
29-09-2022 21:00,EDT,CAPITL,61757,58.06,3.65,-1.42,1
29-09-2022 22:00,EDT,CAPITL,61757,52.38,2.92,0,1
29-09-2022 23:00,EDT,CAPITL,61757,46.69,2.35,0,1
30-09-2022 00:00,EDT,CAPITL,61757,46.73,2.23,-2.33,1
30-09-2022 01:00,EDT,CAPITL,61757,43.87,2.21,-1.47,1
30-09-2022 02:00,EDT,CAPITL,61757,42.93,2.12,-3.51,1
30-09-2022 03:00,EDT,CAPITL,61757,42.35,2.02,-3.48,1
30-09-2022 04:00,EDT,CAPITL,61757,42.89,2.17,-1.87,1
30-09-2022 05:00,EDT,CAPITL,61757,47.63,2.64,-0.25,1
30-09-2022 06:00,EDT,CAPITL,61757,56.44,3.35,-1.49,1
30-09-2022 07:00,EDT,CAPITL,61757,69.68,3.61,-14.53,1
30-09-2022 08:00,EDT,CAPITL,61757,63.51,3.93,-7.16,1
30-09-2022 09:00,EDT,CAPITL,61757,55.24,3.55,-0.19,1
30-09-2022 10:00,EDT,CAPITL,61757,53.8,3.19,0,1
30-09-2022 11:00,EDT,CAPITL,61757,52.99,3.09,0,1
30-09-2022 12:00,EDT,CAPITL,61757,51.87,2.94,0,1
30-09-2022 13:00,EDT,CAPITL,61757,51.86,2.94,0,1
30-09-2022 14:00,EDT,CAPITL,61757,52.04,3.04,0,1
30-09-2022 15:00,EDT,CAPITL,61757,54.21,3.06,-0.17,1
30-09-2022 16:00,EDT,CAPITL,61757,64.45,3.12,-10.27,1
30-09-2022 17:00,EDT,CAPITL,61757,71.49,3.63,-15.99,1
30-09-2022 18:00,EDT,CAPITL,61757,72.02,3.78,-15.73,1
30-09-2022 19:00,EDT,CAPITL,61757,73.97,3.99,-16.78,1
30-09-2022 20:00,EDT,CAPITL,61757,67.34,3.88,-11.05,1
30-09-2022 21:00,EDT,CAPITL,61757,55.26,3.66,0,1
30-09-2022 22:00,EDT,CAPITL,61757,52.22,3.1,0,1
30-09-2022 23:00,EDT,CAPITL,61757,49.13,2.35,-4.02,1
01-10-2022 00:00,EDT,CAPITL,61757,44.53,2.28,0,1
01-10-2022 01:00,EDT,CAPITL,61757,42.46,2.21,0,1
01-10-2022 02:00,EDT,CAPITL,61757,40.52,2.04,0,1
01-10-2022 03:00,EDT,CAPITL,61757,39.84,1.89,-1.57,1
01-10-2022 04:00,EDT,CAPITL,61757,40.41,1.96,-1.46,1
01-10-2022 05:00,EDT,CAPITL,61757,42.1,2.09,-2.62,1
01-10-2022 06:00,EDT,CAPITL,61757,43.61,2.31,0,1
01-10-2022 07:00,EDT,CAPITL,61757,45.76,2.34,-3.02,1
01-10-2022 08:00,EDT,CAPITL,61757,48.26,2.94,0,1
01-10-2022 09:00,EDT,CAPITL,61757,53.09,3.29,0,1
01-10-2022 10:00,EDT,CAPITL,61757,51.72,3.07,0,1
01-10-2022 11:00,EDT,CAPITL,61757,53.11,3.29,0,1
01-10-2022 12:00,EDT,CAPITL,61757,51.45,2.8,-1.19,1
01-10-2022 13:00,EDT,CAPITL,61757,50.53,2.8,-0.22,1
01-10-2022 14:00,EDT,CAPITL,61757,47.48,2.6,-0.05,1
01-10-2022 15:00,EDT,CAPITL,61757,47.75,2.55,-0.4,1
01-10-2022 16:00,EDT,CAPITL,61757,48.86,2.48,-2.76,1
01-10-2022 17:00,EDT,CAPITL,61757,58.74,2.62,-10.06,1
01-10-2022 18:00,EDT,CAPITL,61757,61.19,2.66,-12.65,1
01-10-2022 19:00,EDT,CAPITL,61757,62.31,3.02,-8.07,1
01-10-2022 20:00,EDT,CAPITL,61757,54.96,2.79,-4.84,1
01-10-2022 21:00,EDT,CAPITL,61757,48.58,2.59,-2.16,1
01-10-2022 22:00,EDT,CAPITL,61757,45.6,2,-5.87,1
01-10-2022 23:00,EDT,CAPITL,61757,49.79,1.22,-23.63,1
02-10-2022 00:00,EDT,CAPITL,61757,50.35,0.92,-32.15,1
02-10-2022 01:00,EDT,CAPITL,61757,47.44,0.56,-35.94,1
02-10-2022 02:00,EDT,CAPITL,61757,44.22,0.8,-27.78,1
02-10-2022 03:00,EDT,CAPITL,61757,43.63,0.71,-28.39,1
02-10-2022 04:00,EDT,CAPITL,61757,44.93,0.57,-32.62,1
02-10-2022 05:00,EDT,CAPITL,61757,44.45,0.72,-29.56,1
02-10-2022 06:00,EDT,CAPITL,61757,46.56,0.76,-30.81,1
02-10-2022 07:00,EDT,CAPITL,61757,46.42,0.86,-28.75,1
02-10-2022 08:00,EDT,CAPITL,61757,47,1.47,-20.23,1
02-10-2022 09:00,EDT,CAPITL,61757,44.95,1.89,-11.07,1
02-10-2022 10:00,EDT,CAPITL,61757,44.97,1.76,-12.8,1
02-10-2022 11:00,EDT,CAPITL,61757,46.14,1.76,-14.59,1
02-10-2022 12:00,EDT,CAPITL,61757,45.59,1.67,-13.5,1
02-10-2022 13:00,EDT,CAPITL,61757,44.37,1.7,-11.69,1
02-10-2022 14:00,EDT,CAPITL,61757,42.85,1.61,-11.91,1
02-10-2022 15:00,EDT,CAPITL,61757,43.95,1.61,-12.98,1
02-10-2022 16:00,EDT,CAPITL,61757,41.64,2.19,-2.91,1
02-10-2022 17:00,EDT,CAPITL,61757,46.09,2.41,-2.9,1
02-10-2022 18:00,EDT,CAPITL,61757,53.57,3.15,-1.32,1
02-10-2022 19:00,EDT,CAPITL,61757,56.83,3.38,-2.19,1
02-10-2022 20:00,EDT,CAPITL,61757,50.76,2.86,-1.86,1
02-10-2022 21:00,EDT,CAPITL,61757,46.38,2.74,-0.09,1
02-10-2022 22:00,EDT,CAPITL,61757,44.98,2.48,-1.88,1
02-10-2022 23:00,EDT,CAPITL,61757,42.28,1.94,-4.96,1
03-10-2022 00:00,EDT,CAPITL,61757,41.29,2.06,-1.83,1
03-10-2022 01:00,EDT,CAPITL,61757,38.37,2,0,1
03-10-2022 02:00,EDT,CAPITL,61757,37.55,1.99,0,1
03-10-2022 03:00,EDT,CAPITL,61757,36.92,1.89,0,1
03-10-2022 04:00,EDT,CAPITL,61757,38.11,1.88,0,1
03-10-2022 05:00,EDT,CAPITL,61757,44.6,2.52,0,1
03-10-2022 06:00,EDT,CAPITL,61757,56.15,3.28,0,1
03-10-2022 07:00,EDT,CAPITL,61757,66.74,3.96,0,1
03-10-2022 08:00,EDT,CAPITL,61757,70.02,4.42,-4.95,1
03-10-2022 09:00,EDT,CAPITL,61757,58.13,3.64,-0.91,1
03-10-2022 10:00,EDT,CAPITL,61757,54.26,3.06,-0.12,1
03-10-2022 11:00,EDT,CAPITL,61757,49.61,2.6,-0.53,1
03-10-2022 12:00,EDT,CAPITL,61757,45.69,2.27,-1.42,1
03-10-2022 13:00,EDT,CAPITL,61757,46.27,2.26,-1.31,1
03-10-2022 14:00,EDT,CAPITL,61757,45.68,2.19,-1.42,1
03-10-2022 15:00,EDT,CAPITL,61757,45.98,2.28,-1.36,1
03-10-2022 16:00,EDT,CAPITL,61757,51.66,2.67,-0.44,1
03-10-2022 17:00,EDT,CAPITL,61757,57.6,3.53,-1.47,1
03-10-2022 18:00,EDT,CAPITL,61757,66.14,4.17,-4.07,1
03-10-2022 19:00,EDT,CAPITL,61757,64.86,4.67,-1,1
03-10-2022 20:00,EDT,CAPITL,61757,58.42,4.24,-1.25,1
03-10-2022 21:00,EDT,CAPITL,61757,55.05,3.6,0,1
03-10-2022 22:00,EDT,CAPITL,61757,50.18,2.8,0,1
03-10-2022 23:00,EDT,CAPITL,61757,45.65,2.46,0,1
04-10-2022 00:00,EDT,CAPITL,61757,45.46,2.33,0,1
04-10-2022 01:00,EDT,CAPITL,61757,43.6,2.39,0,1
04-10-2022 02:00,EDT,CAPITL,61757,42.55,2.22,0,1
04-10-2022 03:00,EDT,CAPITL,61757,42.38,2.13,0,1
04-10-2022 04:00,EDT,CAPITL,61757,44.39,2.23,0,1
04-10-2022 05:00,EDT,CAPITL,61757,50.3,2.44,0,1
04-10-2022 06:00,EDT,CAPITL,61757,62.84,3.33,0,1
04-10-2022 07:00,EDT,CAPITL,61757,68.72,3.77,0,1
04-10-2022 08:00,EDT,CAPITL,61757,67.9,4.09,0,1
04-10-2022 09:00,EDT,CAPITL,61757,63.41,3.87,0,1
04-10-2022 10:00,EDT,CAPITL,61757,57.53,3.18,-1.42,1
04-10-2022 11:00,EDT,CAPITL,61757,55.1,2.97,-0.87,1
04-10-2022 12:00,EDT,CAPITL,61757,50.76,2.52,-1.53,1
04-10-2022 13:00,EDT,CAPITL,61757,50.47,2.31,-1.86,1
04-10-2022 14:00,EDT,CAPITL,61757,50.36,2.36,-1.75,1
04-10-2022 15:00,EDT,CAPITL,61757,49.76,2.37,-1.74,1
04-10-2022 16:00,EDT,CAPITL,61757,51.83,2.39,-1.54,1
04-10-2022 17:00,EDT,CAPITL,61757,58.11,3.13,-1.98,1
04-10-2022 18:00,EDT,CAPITL,61757,66.68,3.71,0,1
04-10-2022 19:00,EDT,CAPITL,61757,65.24,4.13,-2.03,1
04-10-2022 20:00,EDT,CAPITL,61757,56.47,3.57,-1.14,1
04-10-2022 21:00,EDT,CAPITL,61757,52.72,2.83,-0.24,1
04-10-2022 22:00,EDT,CAPITL,61757,48.81,2.43,-0.5,1
04-10-2022 23:00,EDT,CAPITL,61757,45.12,2.39,0,1
05-10-2022 00:00,EDT,CAPITL,61757,51.74,2.47,-10.13,1
05-10-2022 01:00,EDT,CAPITL,61757,44.84,2.5,-1.44,1
05-10-2022 02:00,EDT,CAPITL,61757,43.59,2.62,-0.01,1
05-10-2022 03:00,EDT,CAPITL,61757,43.55,2.58,0,1
05-10-2022 04:00,EDT,CAPITL,61757,44.64,2.61,0,1
05-10-2022 05:00,EDT,CAPITL,61757,48.38,3.08,0,1
05-10-2022 06:00,EDT,CAPITL,61757,58.39,3.46,0,1
05-10-2022 07:00,EDT,CAPITL,61757,68.11,4,-2.46,1
05-10-2022 08:00,EDT,CAPITL,61757,78.89,4.1,-12.66,1
05-10-2022 09:00,EDT,CAPITL,61757,67.42,3.73,-4.43,1
05-10-2022 10:00,EDT,CAPITL,61757,57.07,3.16,-1.23,1
05-10-2022 11:00,EDT,CAPITL,61757,53.14,2.81,-1.03,1
05-10-2022 12:00,EDT,CAPITL,61757,49.9,2.29,-2.65,1
05-10-2022 13:00,EDT,CAPITL,61757,50.13,2.29,-2.81,1
05-10-2022 14:00,EDT,CAPITL,61757,49.99,2.45,-2.93,1
05-10-2022 15:00,EDT,CAPITL,61757,51.11,2.77,-1.32,1
05-10-2022 16:00,EDT,CAPITL,61757,61,3.1,-7.96,1
05-10-2022 17:00,EDT,CAPITL,61757,71.67,3.6,-11.03,1
05-10-2022 18:00,EDT,CAPITL,61757,83.64,3.72,-17.89,1
05-10-2022 19:00,EDT,CAPITL,61757,76.87,4.09,-8.87,1
05-10-2022 20:00,EDT,CAPITL,61757,66.87,3.62,-11.52,1
05-10-2022 21:00,EDT,CAPITL,61757,52.62,3.14,-0.46,1
05-10-2022 22:00,EDT,CAPITL,61757,51.53,3.19,0,1
05-10-2022 23:00,EDT,CAPITL,61757,48.18,2.81,-0.04,1
06-10-2022 00:00,EDT,CAPITL,61757,49.08,2.84,-3.18,1
06-10-2022 01:00,EDT,CAPITL,61757,46.19,2.57,-2.23,1
06-10-2022 02:00,EDT,CAPITL,61757,44.53,2.26,-5.79,1
06-10-2022 03:00,EDT,CAPITL,61757,44,2.46,-2.45,1
06-10-2022 04:00,EDT,CAPITL,61757,43.96,2.64,-0.15,1
06-10-2022 05:00,EDT,CAPITL,61757,46.85,3.11,0,1
06-10-2022 06:00,EDT,CAPITL,61757,61.27,3.57,-5.21,1
06-10-2022 07:00,EDT,CAPITL,61757,70.18,4.04,-10.12,1
06-10-2022 08:00,EDT,CAPITL,61757,65.91,4.55,-1.53,1
06-10-2022 09:00,EDT,CAPITL,61757,55.21,3.56,0,1
06-10-2022 10:00,EDT,CAPITL,61757,51.11,3.08,0,1
06-10-2022 11:00,EDT,CAPITL,61757,48.34,2.69,0,1
06-10-2022 12:00,EDT,CAPITL,61757,46.19,2.74,0,1
06-10-2022 13:00,EDT,CAPITL,61757,46.03,2.73,0,1
06-10-2022 14:00,EDT,CAPITL,61757,48.18,2.86,0,1
06-10-2022 15:00,EDT,CAPITL,61757,51.19,3.3,0,1
06-10-2022 16:00,EDT,CAPITL,61757,57.82,3.73,0,1
06-10-2022 17:00,EDT,CAPITL,61757,71.22,4.54,0,1
06-10-2022 18:00,EDT,CAPITL,61757,79,4.38,-12.94,1
06-10-2022 19:00,EDT,CAPITL,61757,74.79,4.82,-5.74,1
06-10-2022 20:00,EDT,CAPITL,61757,65.35,4.06,-7.84,1
06-10-2022 21:00,EDT,CAPITL,61757,53.97,3.3,-4.91,1
06-10-2022 22:00,EDT,CAPITL,61757,52.98,2.65,-8.94,1
06-10-2022 23:00,EDT,CAPITL,61757,59.69,1.36,-34.03,1
07-10-2022 00:00,EDT,CAPITL,61757,66.07,0.85,-50.61,1
07-10-2022 01:00,EDT,CAPITL,61757,61.44,0.73,-47.58,1
07-10-2022 02:00,EDT,CAPITL,61757,56.98,0.73,-43.02,1
07-10-2022 03:00,EDT,CAPITL,61757,54.72,0.8,-39.19,1
07-10-2022 04:00,EDT,CAPITL,61757,54.24,0.89,-36.2,1
07-10-2022 05:00,EDT,CAPITL,61757,59.13,1.33,-34.83,1
07-10-2022 06:00,EDT,CAPITL,61757,72.92,2.68,-26.95,1
07-10-2022 07:00,EDT,CAPITL,61757,83.76,3.11,-33.54,1
07-10-2022 08:00,EDT,CAPITL,61757,74.93,3.61,-19.7,1
07-10-2022 09:00,EDT,CAPITL,61757,60.43,3.47,-6.6,1
07-10-2022 10:00,EDT,CAPITL,61757,55.68,3.12,-5.28,1
07-10-2022 11:00,EDT,CAPITL,61757,54.16,3.2,-3.85,1
07-10-2022 12:00,EDT,CAPITL,61757,54.29,2.99,-3.07,1
07-10-2022 13:00,EDT,CAPITL,61757,54.99,2.97,-3.32,1
07-10-2022 14:00,EDT,CAPITL,61757,56.31,3.09,-4.17,1
07-10-2022 15:00,EDT,CAPITL,61757,58.39,3.02,-6.67,1
07-10-2022 16:00,EDT,CAPITL,61757,65.02,3.07,-12.46,1
07-10-2022 17:00,EDT,CAPITL,61757,76.96,3.9,-16.43,1
07-10-2022 18:00,EDT,CAPITL,61757,75.86,4.59,-4.76,1
07-10-2022 19:00,EDT,CAPITL,61757,77.66,4.76,-4.9,1
07-10-2022 20:00,EDT,CAPITL,61757,67.65,4.14,-6.08,1
07-10-2022 21:00,EDT,CAPITL,61757,58.64,3.87,-5.81,1
07-10-2022 22:00,EDT,CAPITL,61757,54.95,3.75,-2.5,1
07-10-2022 23:00,EDT,CAPITL,61757,58.86,2.96,-10.29,1
08-10-2022 00:00,EDT,CAPITL,61757,59.88,2.9,-11.72,1
08-10-2022 01:00,EDT,CAPITL,61757,59.29,2.67,-12.86,1
08-10-2022 02:00,EDT,CAPITL,61757,52.64,2.68,-6.68,1
08-10-2022 03:00,EDT,CAPITL,61757,52.83,2.51,-8.4,1
08-10-2022 04:00,EDT,CAPITL,61757,52.42,2.66,-6.22,1
08-10-2022 05:00,EDT,CAPITL,61757,55.48,2.73,-8.8,1
08-10-2022 06:00,EDT,CAPITL,61757,65.67,2.45,-21.61,1
08-10-2022 07:00,EDT,CAPITL,61757,68.97,2.34,-27.05,1
08-10-2022 08:00,EDT,CAPITL,61757,71.91,3.16,-23.64,1
08-10-2022 09:00,EDT,CAPITL,61757,62.2,3.38,-13.1,1
08-10-2022 10:00,EDT,CAPITL,61757,54,2.95,-7.77,1
08-10-2022 11:00,EDT,CAPITL,61757,49.91,2.62,-5.68,1
08-10-2022 12:00,EDT,CAPITL,61757,48.76,2.4,-4.89,1
08-10-2022 13:00,EDT,CAPITL,61757,47.76,2,-10.6,1
08-10-2022 14:00,EDT,CAPITL,61757,49.72,1.51,-20.68,1
08-10-2022 15:00,EDT,CAPITL,61757,50.83,1.39,-24.67,1
08-10-2022 16:00,EDT,CAPITL,61757,57.16,1.85,-24.39,1
08-10-2022 17:00,EDT,CAPITL,61757,69.16,2.22,-29.33,1
08-10-2022 18:00,EDT,CAPITL,61757,76.79,2.81,-31.41,1
08-10-2022 19:00,EDT,CAPITL,61757,75.16,3,-28.7,1
08-10-2022 20:00,EDT,CAPITL,61757,68.15,2.48,-22.89,1
08-10-2022 21:00,EDT,CAPITL,61757,61.57,2.45,-17.61,1
08-10-2022 22:00,EDT,CAPITL,61757,55.29,2.23,-12.57,1
08-10-2022 23:00,EDT,CAPITL,61757,61.25,1.47,-31.01,1
09-10-2022 00:00,EDT,CAPITL,61757,59.93,1.76,-26.23,1
09-10-2022 01:00,EDT,CAPITL,61757,59.62,1.57,-28.33,1
09-10-2022 02:00,EDT,CAPITL,61757,56.4,1.27,-31.61,1
09-10-2022 03:00,EDT,CAPITL,61757,56.92,1.23,-33.27,1
09-10-2022 04:00,EDT,CAPITL,61757,56.49,1.28,-31.58,1
09-10-2022 05:00,EDT,CAPITL,61757,62.15,1.27,-37.68,1
09-10-2022 06:00,EDT,CAPITL,61757,67,0.98,-47.61,1
09-10-2022 07:00,EDT,CAPITL,61757,69.98,1.56,-39.57,1
09-10-2022 08:00,EDT,CAPITL,61757,72.97,2.59,-28.61,1
09-10-2022 09:00,EDT,CAPITL,61757,53.77,2.65,-6.93,1
09-10-2022 10:00,EDT,CAPITL,61757,50.9,2.07,-9.78,1
09-10-2022 11:00,EDT,CAPITL,61757,47.83,1.69,-12.88,1
09-10-2022 12:00,EDT,CAPITL,61757,47.53,1.54,-15.88,1
09-10-2022 13:00,EDT,CAPITL,61757,45.84,1.83,-8.07,1
09-10-2022 14:00,EDT,CAPITL,61757,44.88,2.26,0,1
09-10-2022 15:00,EDT,CAPITL,61757,48.4,2.27,-3.22,1
09-10-2022 16:00,EDT,CAPITL,61757,49.85,2.38,-5.03,1
09-10-2022 17:00,EDT,CAPITL,61757,67.64,3.04,-13.87,1
09-10-2022 18:00,EDT,CAPITL,61757,86.45,3.51,-24.4,1
09-10-2022 19:00,EDT,CAPITL,61757,89.89,4.06,-19.24,1
09-10-2022 20:00,EDT,CAPITL,61757,79.76,3.38,-21.91,1
09-10-2022 21:00,EDT,CAPITL,61757,63.18,3.21,-8.28,1
09-10-2022 22:00,EDT,CAPITL,61757,52.47,2.77,-0.14,1
09-10-2022 23:00,EDT,CAPITL,61757,53.45,2.51,-4.47,1
10-10-2022 00:00,EDT,CAPITL,61757,50.59,2.5,0,1
10-10-2022 01:00,EDT,CAPITL,61757,46.71,2.35,0,1
10-10-2022 02:00,EDT,CAPITL,61757,45.5,2.29,0,1
10-10-2022 03:00,EDT,CAPITL,61757,44.58,2.16,0,1
10-10-2022 04:00,EDT,CAPITL,61757,46.52,2.34,0,1
10-10-2022 05:00,EDT,CAPITL,61757,51.18,2.71,0,1
10-10-2022 06:00,EDT,CAPITL,61757,62.37,3.47,0,1
10-10-2022 07:00,EDT,CAPITL,61757,86.47,2.49,-29.88,1
10-10-2022 08:00,EDT,CAPITL,61757,78.49,2.7,-20.78,1
10-10-2022 09:00,EDT,CAPITL,61757,75.92,2.02,-30,1
10-10-2022 10:00,EDT,CAPITL,61757,71.53,1.89,-25.74,1
10-10-2022 11:00,EDT,CAPITL,61757,65.65,1.87,-20.27,1
10-10-2022 12:00,EDT,CAPITL,61757,67.97,1.69,-25.03,1
10-10-2022 13:00,EDT,CAPITL,61757,58.47,1.61,-15.56,1
10-10-2022 14:00,EDT,CAPITL,61757,61.62,1.49,-19.77,1
10-10-2022 15:00,EDT,CAPITL,61757,64.53,1.4,-21.9,1
10-10-2022 16:00,EDT,CAPITL,61757,76.67,1.59,-32.17,1
10-10-2022 17:00,EDT,CAPITL,61757,86.9,2.33,-33.85,1
10-10-2022 18:00,EDT,CAPITL,61757,88.88,3.45,-14.98,1
10-10-2022 19:00,EDT,CAPITL,61757,95.76,3.65,-23.26,1
10-10-2022 20:00,EDT,CAPITL,61757,86.85,2.62,-32.73,1
10-10-2022 21:00,EDT,CAPITL,61757,75.17,2.62,-22.98,1
10-10-2022 22:00,EDT,CAPITL,61757,61.32,2.38,-15.71,1
10-10-2022 23:00,EDT,CAPITL,61757,57.98,2.19,-14.45,1
11-10-2022 00:00,EDT,CAPITL,61757,54.94,1.92,-12.19,1
11-10-2022 01:00,EDT,CAPITL,61757,52.95,1.69,-15.35,1
11-10-2022 02:00,EDT,CAPITL,61757,52.2,1.5,-19.37,1
11-10-2022 03:00,EDT,CAPITL,61757,51.67,1.58,-17.1,1
11-10-2022 04:00,EDT,CAPITL,61757,51.82,1.71,-14.53,1
11-10-2022 05:00,EDT,CAPITL,61757,57.49,1.69,-19.77,1
11-10-2022 06:00,EDT,CAPITL,61757,72.65,1.82,-29.51,1
11-10-2022 07:00,EDT,CAPITL,61757,85.12,2.29,-30.78,1
11-10-2022 08:00,EDT,CAPITL,61757,84.18,2.59,-27.63,1
11-10-2022 09:00,EDT,CAPITL,61757,72.15,1.84,-27.48,1
11-10-2022 10:00,EDT,CAPITL,61757,61.41,1.7,-16.11,1
11-10-2022 11:00,EDT,CAPITL,61757,55,1.48,-12.27,1
11-10-2022 12:00,EDT,CAPITL,61757,52.71,1.44,-10.16,1
11-10-2022 13:00,EDT,CAPITL,61757,54.8,1.24,-17,1
11-10-2022 14:00,EDT,CAPITL,61757,58.48,1.29,-19.25,1
11-10-2022 15:00,EDT,CAPITL,61757,62.64,1.23,-24.02,1
11-10-2022 16:00,EDT,CAPITL,61757,73.9,1.45,-31.08,1
11-10-2022 17:00,EDT,CAPITL,61757,91.57,1.9,-44.49,1
11-10-2022 18:00,EDT,CAPITL,61757,95.45,2.47,-36.7,1
11-10-2022 19:00,EDT,CAPITL,61757,97.23,2.45,-37.74,1
11-10-2022 20:00,EDT,CAPITL,61757,85.93,2.02,-41.04,1
11-10-2022 21:00,EDT,CAPITL,61757,74.51,1.37,-41.95,1
11-10-2022 22:00,EDT,CAPITL,61757,68.04,1.15,-38.15,1
11-10-2022 23:00,EDT,CAPITL,61757,60.13,0.71,-42.54,1
12-10-2022 00:00,EDT,CAPITL,61757,62.41,0.71,-44.86,1
12-10-2022 01:00,EDT,CAPITL,61757,58.77,0.7,-41.82,1
12-10-2022 02:00,EDT,CAPITL,61757,57.96,0.63,-42.28,1
12-10-2022 03:00,EDT,CAPITL,61757,58.02,0.59,-43.03,1
12-10-2022 04:00,EDT,CAPITL,61757,59.56,0.7,-42.84,1
12-10-2022 05:00,EDT,CAPITL,61757,64.93,0.92,-45.56,1
12-10-2022 06:00,EDT,CAPITL,61757,85.62,1.3,-56.06,1
12-10-2022 07:00,EDT,CAPITL,61757,95.31,1.52,-63.3,1
12-10-2022 08:00,EDT,CAPITL,61757,90.36,1.73,-55.37,1
12-10-2022 09:00,EDT,CAPITL,61757,71.08,1.78,-29.79,1
12-10-2022 10:00,EDT,CAPITL,61757,61.1,1.71,-18.76,1
12-10-2022 11:00,EDT,CAPITL,61757,61.64,1.45,-24.09,1
12-10-2022 12:00,EDT,CAPITL,61757,64.42,1.28,-30.29,1
12-10-2022 13:00,EDT,CAPITL,61757,68.58,1.14,-38.24,1
12-10-2022 14:00,EDT,CAPITL,61757,72.6,1.21,-40.28,1
12-10-2022 15:00,EDT,CAPITL,61757,78.8,1.19,-47.81,1
12-10-2022 16:00,EDT,CAPITL,61757,79.81,1.26,-48.65,1
12-10-2022 17:00,EDT,CAPITL,61757,91.02,1.59,-54.84,1
12-10-2022 18:00,EDT,CAPITL,61757,102.27,1.88,-61.13,1
12-10-2022 19:00,EDT,CAPITL,61757,104.06,1.73,-66.96,1
12-10-2022 20:00,EDT,CAPITL,61757,88.24,1.23,-61.45,1
12-10-2022 21:00,EDT,CAPITL,61757,75.92,0.95,-53.41,1
12-10-2022 22:00,EDT,CAPITL,61757,68.66,0.81,-48.58,1
12-10-2022 23:00,EDT,CAPITL,61757,68.78,0.64,-52.66,1
13-10-2022 00:00,EDT,CAPITL,61757,62.57,0.36,-53.05,1
13-10-2022 01:00,EDT,CAPITL,61757,56.55,0.36,-46.73,1
13-10-2022 02:00,EDT,CAPITL,61757,55.68,0.25,-48.8,1
13-10-2022 03:00,EDT,CAPITL,61757,56.97,0.2,-51.49,1
13-10-2022 04:00,EDT,CAPITL,61757,56.93,0.23,-50.91,1
13-10-2022 05:00,EDT,CAPITL,61757,61.14,0.39,-51.59,1
13-10-2022 06:00,EDT,CAPITL,61757,83.95,0.92,-61.59,1
13-10-2022 07:00,EDT,CAPITL,61757,85.24,2.07,-41.72,1
13-10-2022 08:00,EDT,CAPITL,61757,85.58,2.42,-39.14,1
13-10-2022 09:00,EDT,CAPITL,61757,76.15,2.39,-28.68,1
13-10-2022 10:00,EDT,CAPITL,61757,72.37,2.34,-24.22,1
13-10-2022 11:00,EDT,CAPITL,61757,75.3,2.19,-30.93,1
13-10-2022 12:00,EDT,CAPITL,61757,78.51,2.4,-30.85,1
13-10-2022 13:00,EDT,CAPITL,61757,75.34,2.31,-28.66,1
13-10-2022 14:00,EDT,CAPITL,61757,81.72,1.7,-47.89,1
13-10-2022 15:00,EDT,CAPITL,61757,83.41,1.67,-49,1
13-10-2022 16:00,EDT,CAPITL,61757,79.11,2.26,-31.55,1
13-10-2022 17:00,EDT,CAPITL,61757,87.73,2.42,-39.58,1
13-10-2022 18:00,EDT,CAPITL,61757,95.77,2.93,-37.59,1
13-10-2022 19:00,EDT,CAPITL,61757,89.31,3.13,-27.09,1
13-10-2022 20:00,EDT,CAPITL,61757,75.24,2.8,-19.61,1
13-10-2022 21:00,EDT,CAPITL,61757,64.14,2.43,-14.13,1
13-10-2022 22:00,EDT,CAPITL,61757,57.53,1.73,-14.56,1
13-10-2022 23:00,EDT,CAPITL,61757,55.01,1.61,-12.17,1
14-10-2022 00:00,EDT,CAPITL,61757,55.34,1.14,-23.52,1
14-10-2022 01:00,EDT,CAPITL,61757,51.27,1.23,-16.95,1
14-10-2022 02:00,EDT,CAPITL,61757,50.54,0.88,-24.57,1
14-10-2022 03:00,EDT,CAPITL,61757,51.88,0.57,-35.4,1
14-10-2022 04:00,EDT,CAPITL,61757,50.34,0.91,-23.44,1
14-10-2022 05:00,EDT,CAPITL,61757,52.19,1.15,-20.04,1
14-10-2022 06:00,EDT,CAPITL,61757,65.87,1.6,-23.16,1
14-10-2022 07:00,EDT,CAPITL,61757,77.93,1.98,-29.92,1
14-10-2022 08:00,EDT,CAPITL,61757,78.93,2.26,-31.48,1
14-10-2022 09:00,EDT,CAPITL,61757,67.01,2.02,-23.76,1
14-10-2022 10:00,EDT,CAPITL,61757,61.72,1.81,-18.8,1
14-10-2022 11:00,EDT,CAPITL,61757,56.77,1.64,-16.98,1
14-10-2022 12:00,EDT,CAPITL,61757,53.71,1.25,-21.35,1
14-10-2022 13:00,EDT,CAPITL,61757,55.15,1.11,-26.26,1
14-10-2022 14:00,EDT,CAPITL,61757,55.04,1.15,-25.98,1
14-10-2022 15:00,EDT,CAPITL,61757,57.4,1.07,-30.24,1
14-10-2022 16:00,EDT,CAPITL,61757,68.77,1.05,-41.55,1
14-10-2022 17:00,EDT,CAPITL,61757,76,1.86,-32.9,1
14-10-2022 18:00,EDT,CAPITL,61757,87.33,2.11,-39.32,1
14-10-2022 19:00,EDT,CAPITL,61757,88.64,2.06,-41.82,1
14-10-2022 20:00,EDT,CAPITL,61757,69.06,2.15,-22.94,1
14-10-2022 21:00,EDT,CAPITL,61757,59.47,1.67,-20.62,1
14-10-2022 22:00,EDT,CAPITL,61757,54.6,1.32,-19.41,1
14-10-2022 23:00,EDT,CAPITL,61757,53.56,0.88,-28.32,1
15-10-2022 00:00,EDT,CAPITL,61757,53.81,1.48,-15.37,1
15-10-2022 01:00,EDT,CAPITL,61757,54.31,1.16,-24.28,1
15-10-2022 02:00,EDT,CAPITL,61757,50.02,1.07,-21.54,1
15-10-2022 03:00,EDT,CAPITL,61757,49.02,1.09,-19.21,1
15-10-2022 04:00,EDT,CAPITL,61757,53.25,0.68,-35.16,1
15-10-2022 05:00,EDT,CAPITL,61757,57.39,0.7,-39.16,1
15-10-2022 06:00,EDT,CAPITL,61757,60.73,0.79,-40.08,1
15-10-2022 07:00,EDT,CAPITL,61757,69.81,0.52,-57.22,1
15-10-2022 08:00,EDT,CAPITL,61757,71,1.07,-47.53,1
15-10-2022 09:00,EDT,CAPITL,61757,56.51,1.66,-16.31,1
15-10-2022 10:00,EDT,CAPITL,61757,51.04,1.34,-13.53,1
15-10-2022 11:00,EDT,CAPITL,61757,50.68,0.86,-24.53,1
15-10-2022 12:00,EDT,CAPITL,61757,50.24,0.35,-38.7,1
15-10-2022 13:00,EDT,CAPITL,61757,49.21,0.27,-40.53,1
15-10-2022 14:00,EDT,CAPITL,61757,51.04,0.23,-43.92,1
15-10-2022 15:00,EDT,CAPITL,61757,54.15,0.2,-47.82,1
15-10-2022 16:00,EDT,CAPITL,61757,63.89,0.24,-57.43,1
15-10-2022 17:00,EDT,CAPITL,61757,71.7,0.81,-51.68,1
15-10-2022 18:00,EDT,CAPITL,61757,85.65,1.59,-51.54,1
15-10-2022 19:00,EDT,CAPITL,61757,86.86,1.78,-48.1,1
15-10-2022 20:00,EDT,CAPITL,61757,74.98,1.41,-42.29,1
15-10-2022 21:00,EDT,CAPITL,61757,62.59,1.42,-30.23,1
15-10-2022 22:00,EDT,CAPITL,61757,57.1,1.38,-22.12,1
15-10-2022 23:00,EDT,CAPITL,61757,53.8,1.49,-19.27,1
16-10-2022 00:00,EDT,CAPITL,61757,54.23,0.96,-28.04,1
16-10-2022 01:00,EDT,CAPITL,61757,51.59,0.91,-26,1
16-10-2022 02:00,EDT,CAPITL,61757,49.27,0.95,-22.8,1
16-10-2022 03:00,EDT,CAPITL,61757,48.21,0.88,-22.92,1
16-10-2022 04:00,EDT,CAPITL,61757,48.31,1.05,-18.9,1
16-10-2022 05:00,EDT,CAPITL,61757,49.19,1.21,-16.88,1
16-10-2022 06:00,EDT,CAPITL,61757,52,0.9,-27.92,1
16-10-2022 07:00,EDT,CAPITL,61757,52.64,0.95,-26.72,1
16-10-2022 08:00,EDT,CAPITL,61757,52.63,1.29,-20.61,1
16-10-2022 09:00,EDT,CAPITL,61757,48.37,1.58,-10.75,1
16-10-2022 10:00,EDT,CAPITL,61757,46.95,1.42,-10.03,1
16-10-2022 11:00,EDT,CAPITL,61757,44.57,1.37,-7.92,1
16-10-2022 12:00,EDT,CAPITL,61757,44.58,1.12,-13.17,1
16-10-2022 13:00,EDT,CAPITL,61757,45.36,1.05,-15.01,1
16-10-2022 14:00,EDT,CAPITL,61757,46.66,1.05,-16.27,1
16-10-2022 15:00,EDT,CAPITL,61757,49.13,1.1,-17.4,1
16-10-2022 16:00,EDT,CAPITL,61757,52.18,1.62,-11.89,1
16-10-2022 17:00,EDT,CAPITL,61757,62.93,1.8,-17.14,1
16-10-2022 18:00,EDT,CAPITL,61757,82.58,2.45,-31.15,1
16-10-2022 19:00,EDT,CAPITL,61757,84.29,2.16,-37.94,1
16-10-2022 20:00,EDT,CAPITL,61757,73.61,2.02,-27.72,1
16-10-2022 21:00,EDT,CAPITL,61757,61.07,1.4,-23.61,1
16-10-2022 22:00,EDT,CAPITL,61757,55.33,1,-24.89,1
16-10-2022 23:00,EDT,CAPITL,61757,51.61,0.99,-21.63,1
17-10-2022 00:00,EDT,CAPITL,61757,50.03,1.35,-11.03,1
17-10-2022 01:00,EDT,CAPITL,61757,45.31,1.4,0,1
17-10-2022 02:00,EDT,CAPITL,61757,44.29,1.37,0,1
17-10-2022 03:00,EDT,CAPITL,61757,43.88,1.44,0,1
17-10-2022 04:00,EDT,CAPITL,61757,44.76,1.43,0,1
17-10-2022 05:00,EDT,CAPITL,61757,47.99,1.8,0,1
17-10-2022 06:00,EDT,CAPITL,61757,58.82,2.45,0.74,1
17-10-2022 07:00,EDT,CAPITL,61757,71.2,3.22,0.59,1
17-10-2022 08:00,EDT,CAPITL,61757,71.79,3.83,0.47,1
17-10-2022 09:00,EDT,CAPITL,61757,66.27,3.39,-0.08,1
17-10-2022 10:00,EDT,CAPITL,61757,65.58,3.32,1.62,1
17-10-2022 11:00,EDT,CAPITL,61757,62.8,3.12,1.44,1
17-10-2022 12:00,EDT,CAPITL,61757,59.52,2.61,-3.54,1
17-10-2022 13:00,EDT,CAPITL,61757,59.72,2.55,-4.01,1
17-10-2022 14:00,EDT,CAPITL,61757,60.48,2.4,-7.01,1
17-10-2022 15:00,EDT,CAPITL,61757,60.34,2.26,-7.88,1
17-10-2022 16:00,EDT,CAPITL,61757,65.82,2.48,-10.49,1
17-10-2022 17:00,EDT,CAPITL,61757,72.13,3.55,1.1,1
17-10-2022 18:00,EDT,CAPITL,61757,84.55,3.98,0.72,1
17-10-2022 19:00,EDT,CAPITL,61757,84.06,4.19,2.33,1
17-10-2022 20:00,EDT,CAPITL,61757,68.08,3.15,0.69,1
17-10-2022 21:00,EDT,CAPITL,61757,57.28,2.5,0.64,1
17-10-2022 22:00,EDT,CAPITL,61757,54.05,2.19,0.32,1
17-10-2022 23:00,EDT,CAPITL,61757,49.87,2.12,0.44,1
18-10-2022 00:00,EDT,CAPITL,61757,47.43,1.78,0,1
18-10-2022 01:00,EDT,CAPITL,61757,45.46,1.7,0,1
18-10-2022 02:00,EDT,CAPITL,61757,44.83,1.68,0,1
18-10-2022 03:00,EDT,CAPITL,61757,44.87,1.64,0,1
18-10-2022 04:00,EDT,CAPITL,61757,45.22,1.65,0,1
18-10-2022 05:00,EDT,CAPITL,61757,50.01,1.51,0,1
18-10-2022 06:00,EDT,CAPITL,61757,63.03,2.6,0,1
18-10-2022 07:00,EDT,CAPITL,61757,78.19,3.93,0,1
18-10-2022 08:00,EDT,CAPITL,61757,77.07,4.22,0,1
18-10-2022 09:00,EDT,CAPITL,61757,68.87,3.34,0.05,1
18-10-2022 10:00,EDT,CAPITL,61757,61.88,2.84,0.12,1
18-10-2022 11:00,EDT,CAPITL,61757,58.5,2.74,0.14,1
18-10-2022 12:00,EDT,CAPITL,61757,56.45,2.43,-2.44,1
18-10-2022 13:00,EDT,CAPITL,61757,54.46,2.14,-2.58,1
18-10-2022 14:00,EDT,CAPITL,61757,52.93,2.08,-2.51,1
18-10-2022 15:00,EDT,CAPITL,61757,54.39,2.14,-2.46,1
18-10-2022 16:00,EDT,CAPITL,61757,60.86,2.26,-8.42,1
18-10-2022 17:00,EDT,CAPITL,61757,75.56,3.58,-1.84,1
18-10-2022 18:00,EDT,CAPITL,61757,89.18,4.89,0,1
18-10-2022 19:00,EDT,CAPITL,61757,85.76,4.7,0,1
18-10-2022 20:00,EDT,CAPITL,61757,73.34,3.95,0,1
18-10-2022 21:00,EDT,CAPITL,61757,62.85,3.1,0,1
18-10-2022 22:00,EDT,CAPITL,61757,58.83,2.65,-3.24,1
18-10-2022 23:00,EDT,CAPITL,61757,52.95,2.02,-2.71,1
19-10-2022 00:00,EDT,CAPITL,61757,48.25,2.03,-3.91,1
19-10-2022 01:00,EDT,CAPITL,61757,47.05,2.2,-1.77,1
19-10-2022 02:00,EDT,CAPITL,61757,47.4,1.79,-9.88,1
19-10-2022 03:00,EDT,CAPITL,61757,46.11,2.2,-1.59,1
19-10-2022 04:00,EDT,CAPITL,61757,48.27,2.1,-1.43,1
19-10-2022 05:00,EDT,CAPITL,61757,51.65,2.34,0.51,1
19-10-2022 06:00,EDT,CAPITL,61757,69.55,3.21,-9.06,1
19-10-2022 07:00,EDT,CAPITL,61757,82.15,3.54,-16.45,1
19-10-2022 08:00,EDT,CAPITL,61757,74.33,3.59,-11.84,1
19-10-2022 09:00,EDT,CAPITL,61757,62.34,3.3,0.92,1
19-10-2022 10:00,EDT,CAPITL,61757,53.37,2.43,0.74,1
19-10-2022 11:00,EDT,CAPITL,61757,50.08,2.09,0.73,1
19-10-2022 12:00,EDT,CAPITL,61757,46.66,2.2,0.4,1
19-10-2022 13:00,EDT,CAPITL,61757,44.4,2.03,0,1
19-10-2022 14:00,EDT,CAPITL,61757,47.55,2.22,-1,1
19-10-2022 15:00,EDT,CAPITL,61757,51.81,2.06,-6.77,1
19-10-2022 16:00,EDT,CAPITL,61757,53.46,2.6,-0.77,1
19-10-2022 17:00,EDT,CAPITL,61757,70.56,2.91,-14.66,1
19-10-2022 18:00,EDT,CAPITL,61757,79.84,4.33,-2.12,1
19-10-2022 19:00,EDT,CAPITL,61757,78.14,4.01,-4.9,1
19-10-2022 20:00,EDT,CAPITL,61757,64.58,3.53,-0.21,1
19-10-2022 21:00,EDT,CAPITL,61757,56.09,2.88,-0.78,1
19-10-2022 22:00,EDT,CAPITL,61757,55.17,2.38,-5.27,1
19-10-2022 23:00,EDT,CAPITL,61757,54.04,1.84,-9.45,1
20-10-2022 00:00,EDT,CAPITL,61757,48.26,1.81,-9.41,1
20-10-2022 01:00,EDT,CAPITL,61757,46.12,1.85,-8.06,1
20-10-2022 02:00,EDT,CAPITL,61757,45.72,1.61,-12.44,1
20-10-2022 03:00,EDT,CAPITL,61757,45.72,1.65,-12.23,1
20-10-2022 04:00,EDT,CAPITL,61757,46.68,1.72,-11.23,1
20-10-2022 05:00,EDT,CAPITL,61757,52.39,1.93,-14.03,1
20-10-2022 06:00,EDT,CAPITL,61757,66.3,2.84,-13.57,1
20-10-2022 07:00,EDT,CAPITL,61757,84.94,3.27,-26.22,1
20-10-2022 08:00,EDT,CAPITL,61757,72.42,3.69,-11.96,1
20-10-2022 09:00,EDT,CAPITL,61757,61.4,3.16,-4.69,1
20-10-2022 10:00,EDT,CAPITL,61757,51,2.59,0.48,1
20-10-2022 11:00,EDT,CAPITL,61757,47.47,2.34,0,1
20-10-2022 12:00,EDT,CAPITL,61757,45.59,2.28,-0.21,1
20-10-2022 13:00,EDT,CAPITL,61757,46.39,2.13,-3.35,1
20-10-2022 14:00,EDT,CAPITL,61757,46.78,2.38,-0.21,1
20-10-2022 15:00,EDT,CAPITL,61757,48.37,2.5,-0.41,1
20-10-2022 16:00,EDT,CAPITL,61757,53.46,2.93,0,1
20-10-2022 17:00,EDT,CAPITL,61757,66.91,3.53,-5.51,1
20-10-2022 18:00,EDT,CAPITL,61757,86.29,3.86,-20.24,1
20-10-2022 19:00,EDT,CAPITL,61757,76.85,3.71,-12.4,1
20-10-2022 20:00,EDT,CAPITL,61757,65.73,3.75,-2.56,1
20-10-2022 21:00,EDT,CAPITL,61757,55.03,3.17,-0.68,1
20-10-2022 22:00,EDT,CAPITL,61757,53.02,2.88,-0.4,1
20-10-2022 23:00,EDT,CAPITL,61757,52.75,2.34,-5.32,1
21-10-2022 00:00,EDT,CAPITL,61757,45.23,2.1,-0.27,1
21-10-2022 01:00,EDT,CAPITL,61757,43.46,2.08,0.18,1
21-10-2022 02:00,EDT,CAPITL,61757,42.13,1.89,-2.34,1
21-10-2022 03:00,EDT,CAPITL,61757,41.46,2,-0.16,1
21-10-2022 04:00,EDT,CAPITL,61757,42.85,2.04,0.04,1
21-10-2022 05:00,EDT,CAPITL,61757,47.45,2.36,0.25,1
21-10-2022 06:00,EDT,CAPITL,61757,62.45,3.37,1.06,1
21-10-2022 07:00,EDT,CAPITL,61757,81.12,3.32,-18.5,1
21-10-2022 08:00,EDT,CAPITL,61757,65,3.33,-6.22,1
21-10-2022 09:00,EDT,CAPITL,61757,54.38,2.9,1.28,1
21-10-2022 10:00,EDT,CAPITL,61757,46.87,2.27,0.88,1
21-10-2022 11:00,EDT,CAPITL,61757,42.55,1.8,0.26,1
21-10-2022 12:00,EDT,CAPITL,61757,39.73,1.71,0,1
21-10-2022 13:00,EDT,CAPITL,61757,39.89,1.7,-2.01,1
21-10-2022 14:00,EDT,CAPITL,61757,40.74,1.77,-1.41,1
21-10-2022 15:00,EDT,CAPITL,61757,41.86,1.67,-3.98,1
21-10-2022 16:00,EDT,CAPITL,61757,47.17,1.91,-4.55,1
21-10-2022 17:00,EDT,CAPITL,61757,62.03,2.1,-17.04,1
21-10-2022 18:00,EDT,CAPITL,61757,74.18,2.29,-26.05,1
21-10-2022 19:00,EDT,CAPITL,61757,74.97,1.84,-36.94,1
21-10-2022 20:00,EDT,CAPITL,61757,61.68,1.81,-25.62,1
21-10-2022 21:00,EDT,CAPITL,61757,54.04,1.53,-23.11,1
21-10-2022 22:00,EDT,CAPITL,61757,47.6,1.55,-15.66,1
21-10-2022 23:00,EDT,CAPITL,61757,51.87,0.98,-29.18,1
22-10-2022 00:00,EDT,CAPITL,61757,51.88,0.86,-31.96,1
22-10-2022 01:00,EDT,CAPITL,61757,50.42,0.74,-33.2,1
22-10-2022 02:00,EDT,CAPITL,61757,45.72,0.66,-30.06,1
22-10-2022 03:00,EDT,CAPITL,61757,44.91,0.79,-26.67,1
22-10-2022 04:00,EDT,CAPITL,61757,45.8,0.73,-29.28,1
22-10-2022 05:00,EDT,CAPITL,61757,45.87,1.03,-22.98,1
22-10-2022 06:00,EDT,CAPITL,61757,48.92,1,-25.75,1
22-10-2022 07:00,EDT,CAPITL,61757,53.63,1,-30.92,1
22-10-2022 08:00,EDT,CAPITL,61757,53.59,1.19,-29.05,1
22-10-2022 09:00,EDT,CAPITL,61757,43.49,1.51,-10.55,1
22-10-2022 10:00,EDT,CAPITL,61757,42.79,1.19,-16.38,1
22-10-2022 11:00,EDT,CAPITL,61757,39.48,1.1,-12.71,1
22-10-2022 12:00,EDT,CAPITL,61757,36.41,1.08,-9.58,1
22-10-2022 13:00,EDT,CAPITL,61757,36.68,1,-11.29,1
22-10-2022 14:00,EDT,CAPITL,61757,38.08,1.02,-12.75,1
22-10-2022 15:00,EDT,CAPITL,61757,39.87,0.99,-14.7,1
22-10-2022 16:00,EDT,CAPITL,61757,45.6,1.24,-15.55,1
22-10-2022 17:00,EDT,CAPITL,61757,52.45,1.64,-16.58,1
22-10-2022 18:00,EDT,CAPITL,61757,70.04,1.77,-32.09,1
22-10-2022 19:00,EDT,CAPITL,61757,73.01,1.6,-38.71,1
22-10-2022 20:00,EDT,CAPITL,61757,58.19,1.31,-30.76,1
22-10-2022 21:00,EDT,CAPITL,61757,49.8,1.13,-24.69,1
22-10-2022 22:00,EDT,CAPITL,61757,47.33,1.08,-23.38,1
22-10-2022 23:00,EDT,CAPITL,61757,44.99,1.02,-21.23,1
23-10-2022 00:00,EDT,CAPITL,61757,46.88,0.87,-27.45,1
23-10-2022 01:00,EDT,CAPITL,61757,43.75,0.86,-24.67,1
23-10-2022 02:00,EDT,CAPITL,61757,42.05,0.99,-20.05,1
23-10-2022 03:00,EDT,CAPITL,61757,41.36,0.99,-19.32,1
23-10-2022 04:00,EDT,CAPITL,61757,39.84,1.1,-14.76,1
23-10-2022 05:00,EDT,CAPITL,61757,41.82,1.22,-14.62,1
23-10-2022 06:00,EDT,CAPITL,61757,39.84,1.45,-6.92,1
23-10-2022 07:00,EDT,CAPITL,61757,42.76,1.23,-14.31,1
23-10-2022 08:00,EDT,CAPITL,61757,42.37,1.75,-4.9,1
23-10-2022 09:00,EDT,CAPITL,61757,41.52,1.8,-2.94,1
23-10-2022 10:00,EDT,CAPITL,61757,39.01,1.82,-0.14,1
23-10-2022 11:00,EDT,CAPITL,61757,37.93,1.46,0,1
23-10-2022 12:00,EDT,CAPITL,61757,37.47,1.54,0,1
23-10-2022 13:00,EDT,CAPITL,61757,38.54,1.58,-1.01,1
23-10-2022 14:00,EDT,CAPITL,61757,37.99,1.51,-2.22,1
23-10-2022 15:00,EDT,CAPITL,61757,39.71,1.46,-4.23,1
23-10-2022 16:00,EDT,CAPITL,61757,41.36,1.78,0,1
23-10-2022 17:00,EDT,CAPITL,61757,52.8,2.43,0.22,1
23-10-2022 18:00,EDT,CAPITL,61757,68.81,2.72,-11.68,1
23-10-2022 19:00,EDT,CAPITL,61757,59.42,2.76,-0.4,1
23-10-2022 20:00,EDT,CAPITL,61757,54.54,2.28,-5.64,1
23-10-2022 21:00,EDT,CAPITL,61757,43.18,2.12,-0.22,1
23-10-2022 22:00,EDT,CAPITL,61757,40.79,1.76,-3.18,1
23-10-2022 23:00,EDT,CAPITL,61757,40.14,1.64,-2.93,1
24-10-2022 00:00,EDT,CAPITL,61757,43.25,1.43,-10.16,1
24-10-2022 01:00,EDT,CAPITL,61757,42.96,1.25,-14.6,1
24-10-2022 02:00,EDT,CAPITL,61757,40.94,1.44,-8.96,1
24-10-2022 03:00,EDT,CAPITL,61757,39.92,1.54,-5.72,1
24-10-2022 04:00,EDT,CAPITL,61757,40.57,1.65,-4.62,1
24-10-2022 05:00,EDT,CAPITL,61757,40.57,2,-4.62,1
24-10-2022 06:00,EDT,CAPITL,61757,47.01,2.57,-0.07,1
24-10-2022 07:00,EDT,CAPITL,61757,52.51,2.69,0,1
24-10-2022 08:00,EDT,CAPITL,61757,52.54,3.02,0,1
24-10-2022 09:00,EDT,CAPITL,61757,51.79,2.98,0,1
24-10-2022 10:00,EDT,CAPITL,61757,49.41,2.53,0,1
24-10-2022 11:00,EDT,CAPITL,61757,48.08,2.46,0,1
24-10-2022 12:00,EDT,CAPITL,61757,46.06,2.28,0,1
24-10-2022 13:00,EDT,CAPITL,61757,45.14,2.16,-0.55,1
24-10-2022 14:00,EDT,CAPITL,61757,44.09,2.14,-0.03,1
24-10-2022 15:00,EDT,CAPITL,61757,43.67,2.08,-0.88,1
24-10-2022 16:00,EDT,CAPITL,61757,47.27,2.08,0.05,1
24-10-2022 17:00,EDT,CAPITL,61757,57.16,2.78,-1.85,1
24-10-2022 18:00,EDT,CAPITL,61757,73.11,2.82,-22.44,1
24-10-2022 19:00,EDT,CAPITL,61757,63.73,2.68,-12.23,1
24-10-2022 20:00,EDT,CAPITL,61757,54.73,2.47,-8.92,1
24-10-2022 21:00,EDT,CAPITL,61757,46.52,2.03,-6.1,1
24-10-2022 22:00,EDT,CAPITL,61757,44.53,1.71,-7.24,1
24-10-2022 23:00,EDT,CAPITL,61757,43.75,1.15,-17.01,1
25-10-2022 00:00,EDT,CAPITL,61757,46.03,0.96,-23.86,1
25-10-2022 01:00,EDT,CAPITL,61757,45.43,0.83,-26.54,1
25-10-2022 02:00,EDT,CAPITL,61757,43.82,0.82,-25.57,1
25-10-2022 03:00,EDT,CAPITL,61757,43.58,0.69,-27.67,1
25-10-2022 04:00,EDT,CAPITL,61757,42.75,0.76,-25.11,1
25-10-2022 05:00,EDT,CAPITL,61757,45.64,0.99,-23.23,1
25-10-2022 06:00,EDT,CAPITL,61757,50,1.57,-16.44,1
25-10-2022 07:00,EDT,CAPITL,61757,58.26,2.09,-16.73,1
25-10-2022 08:00,EDT,CAPITL,61757,64.58,2.04,-26.75,1
25-10-2022 09:00,EDT,CAPITL,61757,59.75,2.06,-20.89,1
25-10-2022 10:00,EDT,CAPITL,61757,55.86,2.19,-13.74,1
25-10-2022 11:00,EDT,CAPITL,61757,54.5,2.14,-12.74,1
25-10-2022 12:00,EDT,CAPITL,61757,57.59,1.89,-19.42,1
25-10-2022 13:00,EDT,CAPITL,61757,59.69,1.88,-22.4,1
25-10-2022 14:00,EDT,CAPITL,61757,61.19,1.84,-24.65,1
25-10-2022 15:00,EDT,CAPITL,61757,60.79,1.85,-23.33,1
25-10-2022 16:00,EDT,CAPITL,61757,62.18,2.06,-21.97,1
25-10-2022 17:00,EDT,CAPITL,61757,73.67,2.3,-30.32,1
25-10-2022 18:00,EDT,CAPITL,61757,82.76,2.41,-38.03,1
25-10-2022 19:00,EDT,CAPITL,61757,67.83,2.26,-24.42,1
25-10-2022 20:00,EDT,CAPITL,61757,60.73,2.04,-21.58,1
25-10-2022 21:00,EDT,CAPITL,61757,56.48,1.38,-29,1
25-10-2022 22:00,EDT,CAPITL,61757,52.26,1.15,-28.58,1
25-10-2022 23:00,EDT,CAPITL,61757,48.73,0.93,-27.27,1
26-10-2022 00:00,EDT,CAPITL,61757,47.96,0.75,-30.94,1
26-10-2022 01:00,EDT,CAPITL,61757,45.97,0.38,-37.04,1
26-10-2022 02:00,EDT,CAPITL,61757,44.54,0.23,-39.08,1
26-10-2022 03:00,EDT,CAPITL,61757,43.24,0.29,-36.57,1
26-10-2022 04:00,EDT,CAPITL,61757,42.05,0.66,-27.43,1
26-10-2022 05:00,EDT,CAPITL,61757,46.34,0.88,-27.18,1
26-10-2022 06:00,EDT,CAPITL,61757,53.75,1.42,-23.43,1
26-10-2022 07:00,EDT,CAPITL,61757,67.54,1.6,-35.64,1
26-10-2022 08:00,EDT,CAPITL,61757,67.83,2.04,-29.91,1
26-10-2022 09:00,EDT,CAPITL,61757,67.87,2.01,-30.62,1
26-10-2022 10:00,EDT,CAPITL,61757,65.01,2.13,-24.91,1
26-10-2022 11:00,EDT,CAPITL,61757,65.29,2.07,-26.88,1
26-10-2022 12:00,EDT,CAPITL,61757,65.13,2.03,-26.89,1
26-10-2022 13:00,EDT,CAPITL,61757,66.77,1.82,-32.41,1
26-10-2022 14:00,EDT,CAPITL,61757,67.39,1.69,-35.59,1
26-10-2022 15:00,EDT,CAPITL,61757,69.88,1.49,-40.76,1
26-10-2022 16:00,EDT,CAPITL,61757,68.65,1.53,-38.87,1
26-10-2022 17:00,EDT,CAPITL,61757,76.22,1.75,-43.12,1
26-10-2022 18:00,EDT,CAPITL,61757,86.49,2.04,-48.01,1
26-10-2022 19:00,EDT,CAPITL,61757,71.59,1.86,-34.63,1
26-10-2022 20:00,EDT,CAPITL,61757,65.59,1.47,-35.32,1
26-10-2022 21:00,EDT,CAPITL,61757,56.7,1.37,-28.45,1
26-10-2022 22:00,EDT,CAPITL,61757,49.74,1.04,-26.58,1
26-10-2022 23:00,EDT,CAPITL,61757,47.27,0.84,-28.63,1
27-10-2022 00:00,EDT,CAPITL,61757,47.38,0.59,-34.06,1
27-10-2022 01:00,EDT,CAPITL,61757,46.29,0.33,-38.19,1
27-10-2022 02:00,EDT,CAPITL,61757,43.97,0.33,-35.88,1
27-10-2022 03:00,EDT,CAPITL,61757,42.28,0.33,-34.18,1
27-10-2022 04:00,EDT,CAPITL,61757,42.43,0.49,-30.49,1
27-10-2022 05:00,EDT,CAPITL,61757,43.34,0.93,-21.8,1
27-10-2022 06:00,EDT,CAPITL,61757,55.97,1.39,-22.25,1
27-10-2022 07:00,EDT,CAPITL,61757,69.6,1.99,-27.84,1
27-10-2022 08:00,EDT,CAPITL,61757,62.26,2.88,-7.83,1
27-10-2022 09:00,EDT,CAPITL,61757,53.95,2.37,-8.43,1
27-10-2022 10:00,EDT,CAPITL,61757,48.81,2.16,-7.41,1
27-10-2022 11:00,EDT,CAPITL,61757,42.93,1.99,-1.95,1
27-10-2022 12:00,EDT,CAPITL,61757,41.03,1.95,-0.13,1
27-10-2022 13:00,EDT,CAPITL,61757,41.34,1.73,-2.8,1
27-10-2022 14:00,EDT,CAPITL,61757,41.42,1.68,-3.3,1
27-10-2022 15:00,EDT,CAPITL,61757,44.05,1.66,-6.33,1
27-10-2022 16:00,EDT,CAPITL,61757,49.63,1.8,-9.45,1
27-10-2022 17:00,EDT,CAPITL,61757,65.71,2.12,-23.57,1
27-10-2022 18:00,EDT,CAPITL,61757,72.42,3.01,-17.55,1
27-10-2022 19:00,EDT,CAPITL,61757,64.64,2.76,-10.65,1
27-10-2022 20:00,EDT,CAPITL,61757,55.4,2.53,-7.72,1
27-10-2022 21:00,EDT,CAPITL,61757,48.94,2.48,-2.91,1
27-10-2022 22:00,EDT,CAPITL,61757,47.61,2.09,-4.53,1
27-10-2022 23:00,EDT,CAPITL,61757,43.53,2.01,-2.77,1
28-10-2022 00:00,EDT,CAPITL,61757,40.42,1.79,0.2,1
28-10-2022 01:00,EDT,CAPITL,61757,39.16,1.61,0,1
28-10-2022 02:00,EDT,CAPITL,61757,37.53,1.62,0,1
28-10-2022 03:00,EDT,CAPITL,61757,37.86,1.67,0,1
28-10-2022 04:00,EDT,CAPITL,61757,39.27,1.55,0.17,1
28-10-2022 05:00,EDT,CAPITL,61757,42.79,1.77,0.24,1
28-10-2022 06:00,EDT,CAPITL,61757,56.64,2.48,-6.35,1
28-10-2022 07:00,EDT,CAPITL,61757,75.5,2.74,-18.93,1
28-10-2022 08:00,EDT,CAPITL,61757,65.73,3.09,-5.38,1
28-10-2022 09:00,EDT,CAPITL,61757,55.66,2.39,-6.42,1
28-10-2022 10:00,EDT,CAPITL,61757,47.6,2.21,0.67,1
28-10-2022 11:00,EDT,CAPITL,61757,42.41,1.84,-0.52,1
28-10-2022 12:00,EDT,CAPITL,61757,40.58,1.67,0.05,1
28-10-2022 13:00,EDT,CAPITL,61757,39.86,1.64,0,1
28-10-2022 14:00,EDT,CAPITL,61757,41.31,1.68,-0.64,1
28-10-2022 15:00,EDT,CAPITL,61757,43.07,1.67,-2.44,1
28-10-2022 16:00,EDT,CAPITL,61757,45.74,1.76,-4.91,1
28-10-2022 17:00,EDT,CAPITL,61757,63.95,2,-21.04,1
28-10-2022 18:00,EDT,CAPITL,61757,75.27,2.66,-20.33,1
28-10-2022 19:00,EDT,CAPITL,61757,67.92,2.59,-14.52,1
28-10-2022 20:00,EDT,CAPITL,61757,60.07,2.3,-11.67,1
28-10-2022 21:00,EDT,CAPITL,61757,50.43,2.25,-4.06,1
28-10-2022 22:00,EDT,CAPITL,61757,47.79,1.92,-6.76,1
28-10-2022 23:00,EDT,CAPITL,61757,45.54,1.94,-4.72,1
29-10-2022 00:00,EDT,CAPITL,61757,49.79,1.64,-15.26,1
29-10-2022 01:00,EDT,CAPITL,61757,47,1.55,-15.07,1
29-10-2022 02:00,EDT,CAPITL,61757,46.24,1.29,-19.19,1
29-10-2022 03:00,EDT,CAPITL,61757,45.77,1.35,-17.51,1
29-10-2022 04:00,EDT,CAPITL,61757,44.98,1.36,-17.5,1
29-10-2022 05:00,EDT,CAPITL,61757,45.91,1.64,-13.3,1
29-10-2022 06:00,EDT,CAPITL,61757,51.42,1.93,-13.13,1
29-10-2022 07:00,EDT,CAPITL,61757,56.75,2.18,-15.67,1
29-10-2022 08:00,EDT,CAPITL,61757,56.63,2.39,-15.1,1
29-10-2022 09:00,EDT,CAPITL,61757,47.2,2.35,-5.75,1
29-10-2022 10:00,EDT,CAPITL,61757,40.87,2.09,0,1
29-10-2022 11:00,EDT,CAPITL,61757,39.59,1.78,0,1
29-10-2022 12:00,EDT,CAPITL,61757,37.32,1.75,-1.2,1
29-10-2022 13:00,EDT,CAPITL,61757,35.29,1.56,-1.23,1
29-10-2022 14:00,EDT,CAPITL,61757,36.78,1.43,-5.02,1
29-10-2022 15:00,EDT,CAPITL,61757,38.78,1.58,-3.61,1
29-10-2022 16:00,EDT,CAPITL,61757,40.97,1.85,-2.74,1
29-10-2022 17:00,EDT,CAPITL,61757,54.33,2.27,-11.47,1
29-10-2022 18:00,EDT,CAPITL,61757,67.37,2.74,-17.34,1
29-10-2022 19:00,EDT,CAPITL,61757,63.46,2.77,-13.76,1
29-10-2022 20:00,EDT,CAPITL,61757,56.69,2.25,-14.96,1
29-10-2022 21:00,EDT,CAPITL,61757,46.19,2.25,-5.2,1
29-10-2022 22:00,EDT,CAPITL,61757,44.76,2.02,-5.35,1
29-10-2022 23:00,EDT,CAPITL,61757,45.91,1.63,-11.09,1
30-10-2022 00:00,EDT,CAPITL,61757,50.17,1.47,-18.78,1
30-10-2022 01:00,EDT,CAPITL,61757,49.99,1.21,-23.53,1
30-10-2022 02:00,EDT,CAPITL,61757,46.51,1.24,-20.05,1
30-10-2022 03:00,EDT,CAPITL,61757,46.72,1.16,-22.42,1
30-10-2022 04:00,EDT,CAPITL,61757,47.79,1.28,-21.41,1
30-10-2022 05:00,EDT,CAPITL,61757,47.57,1.62,-14.15,1
30-10-2022 06:00,EDT,CAPITL,61757,54.96,1.63,-22.48,1
30-10-2022 07:00,EDT,CAPITL,61757,58,1.79,-24.72,1
30-10-2022 08:00,EDT,CAPITL,61757,56.16,2.08,-18.78,1
30-10-2022 09:00,EDT,CAPITL,61757,48.27,2.1,-9.33,1
30-10-2022 10:00,EDT,CAPITL,61757,40.13,2.16,0,1
30-10-2022 11:00,EDT,CAPITL,61757,38.25,1.74,-0.88,1
30-10-2022 12:00,EDT,CAPITL,61757,39.05,1.76,-4.04,1
30-10-2022 13:00,EDT,CAPITL,61757,37.87,1.64,-3.34,1
30-10-2022 14:00,EDT,CAPITL,61757,39.38,1.61,-4.96,1
30-10-2022 15:00,EDT,CAPITL,61757,40.54,1.62,-5.82,1
30-10-2022 16:00,EDT,CAPITL,61757,44.28,2.06,-3.37,1
30-10-2022 17:00,EDT,CAPITL,61757,65.23,2.26,-23.94,1
30-10-2022 18:00,EDT,CAPITL,61757,78.1,2.61,-34.01,1
30-10-2022 19:00,EDT,CAPITL,61757,71.57,2.44,-29.13,1
30-10-2022 20:00,EDT,CAPITL,61757,58.49,2.26,-17.34,1
30-10-2022 21:00,EDT,CAPITL,61757,48.33,2.32,-7.3,1
30-10-2022 22:00,EDT,CAPITL,61757,45.85,1.9,-11.76,1
30-10-2022 23:00,EDT,CAPITL,61757,48.72,1.36,-21.7,1
31-10-2022 00:00,EDT,CAPITL,61757,41.75,1.51,-9.95,1
31-10-2022 01:00,EDT,CAPITL,61757,40.86,1.19,-14.45,1
31-10-2022 02:00,EDT,CAPITL,61757,39.78,1.18,-13.4,1
31-10-2022 03:00,EDT,CAPITL,61757,39.88,1.16,-13.49,1
31-10-2022 04:00,EDT,CAPITL,61757,40.8,1.26,-13.25,1
31-10-2022 05:00,EDT,CAPITL,61757,39.35,1.93,-1.71,1
31-10-2022 06:00,EDT,CAPITL,61757,54.39,2.21,-12.68,1
31-10-2022 07:00,EDT,CAPITL,61757,63.72,2.82,-18.23,1
31-10-2022 08:00,EDT,CAPITL,61757,63.52,3.29,-14.52,1
31-10-2022 09:00,EDT,CAPITL,61757,56.84,2.94,-10.74,1
31-10-2022 10:00,EDT,CAPITL,61757,52.35,2.85,-7.04,1
31-10-2022 11:00,EDT,CAPITL,61757,47.86,2.64,-3.36,1
31-10-2022 12:00,EDT,CAPITL,61757,47.4,2.63,-3.76,1
31-10-2022 13:00,EDT,CAPITL,61757,46.61,2.45,-4.68,1
31-10-2022 14:00,EDT,CAPITL,61757,46.2,2.47,-3.17,1
31-10-2022 15:00,EDT,CAPITL,61757,47.69,2.54,-4.23,1
31-10-2022 16:00,EDT,CAPITL,61757,57.6,2.67,-12.54,1
31-10-2022 17:00,EDT,CAPITL,61757,73.66,3.11,-24.87,1
31-10-2022 18:00,EDT,CAPITL,61757,81.75,3.76,-24.19,1
31-10-2022 19:00,EDT,CAPITL,61757,73.74,3.07,-26.77,1
31-10-2022 20:00,EDT,CAPITL,61757,61.84,2.54,-20.28,1
31-10-2022 21:00,EDT,CAPITL,61757,50.51,2.36,-9.41,1
31-10-2022 22:00,EDT,CAPITL,61757,44.84,2.29,-3.74,1
31-10-2022 23:00,EDT,CAPITL,61757,44.18,1.8,-10.74,1
01-11-2022 00:00,EDT,CAPITL,61757,43.25,1.67,-10.64,1
01-11-2022 01:00,EDT,CAPITL,61757,41.11,1.52,-11.85,1
01-11-2022 02:00,EDT,CAPITL,61757,38.31,1.57,-7.56,1
01-11-2022 03:00,EDT,CAPITL,61757,39.42,1.42,-11.73,1
01-11-2022 04:00,EDT,CAPITL,61757,38.88,1.63,-7.1,1
01-11-2022 05:00,EDT,CAPITL,61757,41.05,2.02,-3.6,1
01-11-2022 06:00,EDT,CAPITL,61757,51.94,2.3,-10.61,1
01-11-2022 07:00,EDT,CAPITL,61757,66.68,2.43,-23.69,1
01-11-2022 08:00,EDT,CAPITL,61757,69.46,2.82,-21.9,1
01-11-2022 09:00,EDT,CAPITL,61757,66.56,2.49,-22.6,1
01-11-2022 10:00,EDT,CAPITL,61757,61.79,2.48,-18.06,1
01-11-2022 11:00,EDT,CAPITL,61757,61.34,2.41,-18.14,1
01-11-2022 12:00,EDT,CAPITL,61757,58.09,2.29,-15.53,1
01-11-2022 13:00,EDT,CAPITL,61757,58.11,2.19,-16.86,1
01-11-2022 14:00,EDT,CAPITL,61757,54.52,2.15,-13.34,1
01-11-2022 15:00,EDT,CAPITL,61757,55.31,2.17,-15.07,1
01-11-2022 16:00,EDT,CAPITL,61757,49.12,2.87,0,1
01-11-2022 17:00,EDT,CAPITL,61757,59.9,3.55,0,1
01-11-2022 18:00,EDT,CAPITL,61757,69,4.15,0,1
01-11-2022 19:00,EDT,CAPITL,61757,62.12,3.57,0,1
01-11-2022 20:00,EDT,CAPITL,61757,51.27,3.31,0,1
01-11-2022 21:00,EDT,CAPITL,61757,44.88,2.86,0,1
01-11-2022 22:00,EDT,CAPITL,61757,44.78,2.77,0,1
01-11-2022 23:00,EDT,CAPITL,61757,42.52,2.25,0,1
02-11-2022 00:00,EDT,CAPITL,61757,35.24,1.12,0,1
02-11-2022 01:00,EDT,CAPITL,61757,33.25,1.09,0,1
02-11-2022 02:00,EDT,CAPITL,61757,32.7,1.13,0,1
02-11-2022 03:00,EDT,CAPITL,61757,32.53,1.1,0,1
02-11-2022 04:00,EDT,CAPITL,61757,32.94,1.18,0,1
02-11-2022 05:00,EDT,CAPITL,61757,43.01,1.06,-16.73,1
02-11-2022 06:00,EDT,CAPITL,61757,49.89,1.71,-10.24,1
02-11-2022 07:00,EDT,CAPITL,61757,65.91,2.13,-23.51,1
02-11-2022 08:00,EDT,CAPITL,61757,63.6,2.35,-19.95,1
02-11-2022 09:00,EDT,CAPITL,61757,55.35,2.3,-11.87,1
02-11-2022 10:00,EDT,CAPITL,61757,47.9,2.11,-5.11,1
02-11-2022 11:00,EDT,CAPITL,61757,44.52,1.93,-2.45,1
02-11-2022 12:00,EDT,CAPITL,61757,43.41,1.81,-1.51,1
02-11-2022 13:00,EDT,CAPITL,61757,43.84,1.76,-3.07,1
02-11-2022 14:00,EDT,CAPITL,61757,46.37,1.69,-7.24,1
02-11-2022 15:00,EDT,CAPITL,61757,49.59,1.59,-13.53,1
02-11-2022 16:00,EDT,CAPITL,61757,51.92,1.84,-10.92,1
02-11-2022 17:00,EDT,CAPITL,61757,74.29,2.12,-31.29,1
02-11-2022 18:00,EDT,CAPITL,61757,77.84,2.86,-22.94,1
02-11-2022 19:00,EDT,CAPITL,61757,66.88,2.73,-14.48,1
02-11-2022 20:00,EDT,CAPITL,61757,59.06,2.05,-16.79,1
02-11-2022 21:00,EDT,CAPITL,61757,51.89,1.83,-12.79,1
02-11-2022 22:00,EDT,CAPITL,61757,46.67,1.63,-8.83,1
02-11-2022 23:00,EDT,CAPITL,61757,42.7,1.35,-5.75,1
03-11-2022 00:00,EDT,CAPITL,61757,38.36,1.05,-9.69,1
03-11-2022 01:00,EDT,CAPITL,61757,35.7,0.99,-7.93,1
03-11-2022 02:00,EDT,CAPITL,61757,36.53,0.98,-10.38,1
03-11-2022 03:00,EDT,CAPITL,61757,34.89,0.93,-8.83,1
03-11-2022 04:00,EDT,CAPITL,61757,36.69,0.98,-10.59,1
03-11-2022 05:00,EDT,CAPITL,61757,42.85,1.03,-16.59,1
03-11-2022 06:00,EDT,CAPITL,61757,50.36,1.46,-14.82,1
03-11-2022 07:00,EDT,CAPITL,61757,63.11,1.95,-22.14,1
03-11-2022 08:00,EDT,CAPITL,61757,55.72,2.15,-14.44,1
03-11-2022 09:00,EDT,CAPITL,61757,44.29,1.97,-4.46,1
03-11-2022 10:00,EDT,CAPITL,61757,39.33,1.84,0,1
03-11-2022 11:00,EDT,CAPITL,61757,38.78,1.56,-3.39,1
03-11-2022 12:00,EDT,CAPITL,61757,37.71,1.38,-5.04,1
03-11-2022 13:00,EDT,CAPITL,61757,37.97,1.36,-5.66,1
03-11-2022 14:00,EDT,CAPITL,61757,41.36,1.29,-10.67,1
03-11-2022 15:00,EDT,CAPITL,61757,43.08,1.28,-12.74,1
03-11-2022 16:00,EDT,CAPITL,61757,49.96,1.27,-21.15,1
03-11-2022 17:00,EDT,CAPITL,61757,55.66,1.87,-14.86,1
03-11-2022 18:00,EDT,CAPITL,61757,75.54,2.03,-34.46,1
03-11-2022 19:00,EDT,CAPITL,61757,58.47,1.96,-17.38,1
03-11-2022 20:00,EDT,CAPITL,61757,54.97,1.57,-22.66,1
03-11-2022 21:00,EDT,CAPITL,61757,58.83,0.65,-43.47,1
03-11-2022 22:00,EDT,CAPITL,61757,53.31,0.49,-41.25,1
03-11-2022 23:00,EDT,CAPITL,61757,53.22,0.28,-44.66,1
04-11-2022 00:00,EDT,CAPITL,61757,49.34,0.34,-40.15,1
04-11-2022 01:00,EDT,CAPITL,61757,47.51,0.32,-38.65,1
04-11-2022 02:00,EDT,CAPITL,61757,47.13,0.31,-38.57,1
04-11-2022 03:00,EDT,CAPITL,61757,46.41,0.32,-37.57,1
04-11-2022 04:00,EDT,CAPITL,61757,47.54,0.33,-38.46,1
04-11-2022 05:00,EDT,CAPITL,61757,47.1,0.44,-34.96,1
04-11-2022 06:00,EDT,CAPITL,61757,60.64,0.82,-39.25,1
04-11-2022 07:00,EDT,CAPITL,61757,78.36,0.56,-64.47,1
04-11-2022 08:00,EDT,CAPITL,61757,71.34,0.79,-52.9,1
04-11-2022 09:00,EDT,CAPITL,61757,59.2,0.77,-40.45,1
04-11-2022 10:00,EDT,CAPITL,61757,54.85,0.72,-37.01,1
04-11-2022 11:00,EDT,CAPITL,61757,52.79,0.61,-36.88,1
04-11-2022 12:00,EDT,CAPITL,61757,50.95,0.58,-35.19,1
04-11-2022 13:00,EDT,CAPITL,61757,54.05,0.48,-40.85,1
04-11-2022 14:00,EDT,CAPITL,61757,54.24,0.46,-41.73,1
04-11-2022 15:00,EDT,CAPITL,61757,58.8,0.32,-50.33,1
04-11-2022 16:00,EDT,CAPITL,61757,62.2,0.37,-52.33,1
04-11-2022 17:00,EDT,CAPITL,61757,75.29,0.29,-67.84,1
04-11-2022 18:00,EDT,CAPITL,61757,84.55,0.3,-77.07,1
04-11-2022 19:00,EDT,CAPITL,61757,71.99,0.36,-62.74,1
04-11-2022 20:00,EDT,CAPITL,61757,63.22,0.18,-58.51,1
04-11-2022 21:00,EDT,CAPITL,61757,60.06,0.18,-55.37,1
04-11-2022 22:00,EDT,CAPITL,61757,56.99,0.16,-52.88,1
04-11-2022 23:00,EDT,CAPITL,61757,53.57,0.19,-48.28,1
05-11-2022 00:00,EDT,CAPITL,61757,47.15,0.07,-45.05,1
05-11-2022 01:00,EDT,CAPITL,61757,42.64,0.07,-40.48,1
05-11-2022 02:00,EDT,CAPITL,61757,42,0.04,-40.89,1
05-11-2022 03:00,EDT,CAPITL,61757,40,0.04,-38.68,1
05-11-2022 04:00,EDT,CAPITL,61757,39.17,0.07,-36.92,1
05-11-2022 05:00,EDT,CAPITL,61757,39.57,0.13,-35.61,1
05-11-2022 06:00,EDT,CAPITL,61757,43.2,0.18,-37.82,1
05-11-2022 07:00,EDT,CAPITL,61757,47.43,0.24,-40.16,1
05-11-2022 08:00,EDT,CAPITL,61757,48.48,0.46,-37.64,1
05-11-2022 09:00,EDT,CAPITL,61757,48.21,0.47,-37.63,1
05-11-2022 10:00,EDT,CAPITL,61757,43.23,0.54,-30.61,1
05-11-2022 11:00,EDT,CAPITL,61757,42.01,0.53,-29.42,1
05-11-2022 12:00,EDT,CAPITL,61757,42.96,0.47,-31.51,1
05-11-2022 13:00,EDT,CAPITL,61757,40.83,0.45,-29.56,1
05-11-2022 14:00,EDT,CAPITL,61757,43.37,0.4,-33.19,1
05-11-2022 15:00,EDT,CAPITL,61757,45.16,0.4,-34.68,1
05-11-2022 16:00,EDT,CAPITL,61757,49.11,0.41,-38.61,1
05-11-2022 17:00,EDT,CAPITL,61757,60.5,0.43,-49.96,1
05-11-2022 18:00,EDT,CAPITL,61757,73.31,0.47,-61.19,1
05-11-2022 19:00,EDT,CAPITL,61757,66.89,0.4,-56.36,1
05-11-2022 20:00,EDT,CAPITL,61757,58.28,0.29,-50.16,1
05-11-2022 21:00,EDT,CAPITL,61757,48.73,0.31,-40.02,1
05-11-2022 22:00,EDT,CAPITL,61757,45.26,0.35,-35.18,1
05-11-2022 23:00,EDT,CAPITL,61757,46.68,0.23,-39.41,1
06-11-2022 00:00,EDT,CAPITL,61757,38,0.07,-35.98,1
06-11-2022 01:00,EDT,CAPITL,61757,33.98,0.08,-31.66,1
06-11-2022 01:00,EST,CAPITL,61757,33.59,0.08,-31.24,1
06-11-2022 02:00,EST,CAPITL,61757,30.32,0.09,-27.69,1
06-11-2022 03:00,EST,CAPITL,61757,29.4,0.09,-26.69,1
06-11-2022 04:00,EST,CAPITL,61757,29.36,0.1,-26.62,1
06-11-2022 05:00,EST,CAPITL,61757,30.5,0.09,-27.77,1
06-11-2022 06:00,EST,CAPITL,61757,36.53,0.08,-34.36,1
06-11-2022 07:00,EST,CAPITL,61757,38.54,0.19,-33.12,1
06-11-2022 08:00,EST,CAPITL,61757,40,0.31,-32.44,1
06-11-2022 09:00,EST,CAPITL,61757,42.37,0.37,-33.11,1
06-11-2022 10:00,EST,CAPITL,61757,35.33,0.46,-24.27,1
06-11-2022 11:00,EST,CAPITL,61757,38.33,0.39,-28.75,1
06-11-2022 12:00,EST,CAPITL,61757,36.89,0.45,-25.8,1
06-11-2022 13:00,EST,CAPITL,61757,41.06,0.36,-32.11,1
06-11-2022 14:00,EST,CAPITL,61757,38.73,0.48,-27.67,1
06-11-2022 15:00,EST,CAPITL,61757,41.74,0.46,-31.38,1
06-11-2022 16:00,EST,CAPITL,61757,48.07,0.55,-36.56,1
06-11-2022 17:00,EST,CAPITL,61757,61.82,1,-40.4,1
06-11-2022 18:00,EST,CAPITL,61757,56.97,0.93,-36.61,1
06-11-2022 19:00,EST,CAPITL,61757,53.57,0.71,-37.86,1
06-11-2022 20:00,EST,CAPITL,61757,48.34,0.48,-36.83,1
06-11-2022 21:00,EST,CAPITL,61757,36.88,0.45,-26.3,1
06-11-2022 22:00,EST,CAPITL,61757,35.48,0.21,-29.96,1
06-11-2022 23:00,EST,CAPITL,61757,35.36,0.08,-33.02,1
07-11-2022 00:00,EST,CAPITL,61757,41.74,0.06,-40.06,1
07-11-2022 01:00,EST,CAPITL,61757,37.53,0.07,-35.51,1
07-11-2022 02:00,EST,CAPITL,61757,37,0.08,-34.94,1
07-11-2022 03:00,EST,CAPITL,61757,33.23,0.08,-30.86,1
07-11-2022 04:00,EST,CAPITL,61757,37,0.08,-34.92,1
07-11-2022 05:00,EST,CAPITL,61757,38.59,0.07,-36.64,1
07-11-2022 06:00,EST,CAPITL,61757,44.75,0.21,-39.29,1
07-11-2022 07:00,EST,CAPITL,61757,63.69,0.23,-58.22,1
07-11-2022 08:00,EST,CAPITL,61757,70.96,0.22,-65.86,1
07-11-2022 09:00,EST,CAPITL,61757,46.63,0.3,-39.42,1
07-11-2022 10:00,EST,CAPITL,61757,47.06,0.29,-39.95,1
07-11-2022 11:00,EST,CAPITL,61757,44.88,0.22,-39.41,1
07-11-2022 12:00,EST,CAPITL,61757,45.7,0.21,-40.25,1
07-11-2022 13:00,EST,CAPITL,61757,47.38,0.21,-41.93,1
07-11-2022 14:00,EST,CAPITL,61757,49.46,0.16,-45.56,1
07-11-2022 15:00,EST,CAPITL,61757,57.21,0.15,-53.5,1
07-11-2022 16:00,EST,CAPITL,61757,71.15,0.21,-66.27,1
07-11-2022 17:00,EST,CAPITL,61757,86.85,0.47,-77.23,1
07-11-2022 18:00,EST,CAPITL,61757,73.49,0.71,-57.37,1
07-11-2022 19:00,EST,CAPITL,61757,61.73,0.61,-47.2,1
07-11-2022 20:00,EST,CAPITL,61757,53.9,0.27,-47.37,1
07-11-2022 21:00,EST,CAPITL,61757,45.39,0.31,-37.89,1
07-11-2022 22:00,EST,CAPITL,61757,40.14,0.31,-32.41,1
07-11-2022 23:00,EST,CAPITL,61757,34.76,0.22,-28.72,1
08-11-2022 00:00,EST,CAPITL,61757,47.26,0.1,-44.45,1
08-11-2022 01:00,EST,CAPITL,61757,44.44,0.06,-42.86,1
08-11-2022 02:00,EST,CAPITL,61757,42.99,0.06,-41.28,1
08-11-2022 03:00,EST,CAPITL,61757,39.27,0.2,-33.84,1
08-11-2022 04:00,EST,CAPITL,61757,40.46,0.21,-35.03,1
08-11-2022 05:00,EST,CAPITL,61757,43.93,0.29,-36.79,1
08-11-2022 06:00,EST,CAPITL,61757,49.69,0.68,-33.1,1
08-11-2022 07:00,EST,CAPITL,61757,68.85,0.57,-55.1,1
08-11-2022 08:00,EST,CAPITL,61757,59.47,0.8,-41.28,1
08-11-2022 09:00,EST,CAPITL,61757,45.95,0.83,-25.88,1
08-11-2022 10:00,EST,CAPITL,61757,43.46,0.79,-23.45,1
08-11-2022 11:00,EST,CAPITL,61757,39.69,0.82,-18.97,1
08-11-2022 12:00,EST,CAPITL,61757,37.21,0.9,-13.87,1
08-11-2022 13:00,EST,CAPITL,61757,38.79,0.88,-17.77,1
08-11-2022 14:00,EST,CAPITL,61757,45.95,0.78,-27.35,1
08-11-2022 15:00,EST,CAPITL,61757,49.73,0.78,-32.11,1
08-11-2022 16:00,EST,CAPITL,61757,57.95,1.07,-35.46,1
08-11-2022 17:00,EST,CAPITL,61757,87.62,1.95,-49.46,1
08-11-2022 18:00,EST,CAPITL,61757,74.18,1.87,-36.4,1
08-11-2022 19:00,EST,CAPITL,61757,58.21,1.4,-27.73,1
08-11-2022 20:00,EST,CAPITL,61757,45.75,1.43,-15.05,1
08-11-2022 21:00,EST,CAPITL,61757,51.13,0.71,-33.49,1
08-11-2022 22:00,EST,CAPITL,61757,53,0.52,-40.07,1
08-11-2022 23:00,EST,CAPITL,61757,46.91,0.6,-30.55,1
09-11-2022 00:00,EST,CAPITL,61757,48.99,0.72,-28.95,1
09-11-2022 01:00,EST,CAPITL,61757,45.04,0.73,-24.58,1
09-11-2022 02:00,EST,CAPITL,61757,46.41,0.61,-29.65,1
09-11-2022 03:00,EST,CAPITL,61757,45.54,0.59,-28.88,1
09-11-2022 04:00,EST,CAPITL,61757,46.46,0.62,-29.63,1
09-11-2022 05:00,EST,CAPITL,61757,49.57,0.71,-31.17,1
09-11-2022 06:00,EST,CAPITL,61757,67.77,1.04,-43.76,1
09-11-2022 07:00,EST,CAPITL,61757,79.56,1.36,-47.28,1
09-11-2022 08:00,EST,CAPITL,61757,65.64,1.4,-33.07,1
09-11-2022 09:00,EST,CAPITL,61757,47.92,1.24,-14.81,1
09-11-2022 10:00,EST,CAPITL,61757,41.38,1.32,-7.14,1
09-11-2022 11:00,EST,CAPITL,61757,41.23,1.12,-9.79,1
09-11-2022 12:00,EST,CAPITL,61757,41.64,1.02,-12.24,1
09-11-2022 13:00,EST,CAPITL,61757,45.62,0.91,-19.27,1
09-11-2022 14:00,EST,CAPITL,61757,47.1,0.93,-21.68,1
09-11-2022 15:00,EST,CAPITL,61757,55.23,0.92,-31.76,1
09-11-2022 16:00,EST,CAPITL,61757,71.33,0.78,-52.79,1
09-11-2022 17:00,EST,CAPITL,61757,102.14,1.4,-68.85,1
09-11-2022 18:00,EST,CAPITL,61757,94.71,0.71,-77.87,1
09-11-2022 19:00,EST,CAPITL,61757,81.61,0.66,-64.87,1
09-11-2022 20:00,EST,CAPITL,61757,70.65,0.46,-58.27,1
09-11-2022 21:00,EST,CAPITL,61757,61.77,0.39,-51.32,1
09-11-2022 22:00,EST,CAPITL,61757,58.13,0.27,-50.81,1
09-11-2022 23:00,EST,CAPITL,61757,55.52,0.31,-46.71,1
10-11-2022 00:00,EST,CAPITL,61757,50.92,0.3,-41.92,1
10-11-2022 01:00,EST,CAPITL,61757,48.06,0.28,-39.72,1
10-11-2022 02:00,EST,CAPITL,61757,45.51,0.26,-37.65,1
10-11-2022 03:00,EST,CAPITL,61757,44.91,0.27,-36.58,1
10-11-2022 04:00,EST,CAPITL,61757,45.02,0.28,-36.67,1
10-11-2022 05:00,EST,CAPITL,61757,48,0.36,-38.18,1
10-11-2022 06:00,EST,CAPITL,61757,65.75,0.48,-53.19,1
10-11-2022 07:00,EST,CAPITL,61757,70.42,0.6,-55.42,1
10-11-2022 08:00,EST,CAPITL,61757,62.78,0.68,-47.38,1
10-11-2022 09:00,EST,CAPITL,61757,51.71,0.61,-36.47,1
10-11-2022 10:00,EST,CAPITL,61757,47.26,0.65,-30.5,1
10-11-2022 11:00,EST,CAPITL,61757,45.12,0.58,-29.33,1
10-11-2022 12:00,EST,CAPITL,61757,44.16,0.54,-28.91,1
10-11-2022 13:00,EST,CAPITL,61757,44.68,0.58,-28.93,1
10-11-2022 14:00,EST,CAPITL,61757,45.3,0.58,-28.54,1
10-11-2022 15:00,EST,CAPITL,61757,51.84,0.61,-35.97,1
10-11-2022 16:00,EST,CAPITL,61757,64.77,0.71,-47.82,1
10-11-2022 17:00,EST,CAPITL,61757,99.71,0.72,-82.72,1
10-11-2022 18:00,EST,CAPITL,61757,79.57,0.67,-63.25,1
10-11-2022 19:00,EST,CAPITL,61757,70.3,0.59,-55.63,1
10-11-2022 20:00,EST,CAPITL,61757,56.93,0.54,-43.24,1
10-11-2022 21:00,EST,CAPITL,61757,49.5,0.48,-37.12,1
10-11-2022 22:00,EST,CAPITL,61757,49.7,0.35,-39.21,1
10-11-2022 23:00,EST,CAPITL,61757,46.74,0.27,-37.5,1
11-11-2022 00:00,EST,CAPITL,61757,48.63,0.12,-45.53,1
11-11-2022 01:00,EST,CAPITL,61757,42.63,0.11,-39.95,1
11-11-2022 02:00,EST,CAPITL,61757,41.79,0.07,-39.94,1
11-11-2022 03:00,EST,CAPITL,61757,41.68,0.07,-39.82,1
11-11-2022 04:00,EST,CAPITL,61757,41.24,0.18,-36.51,1
11-11-2022 05:00,EST,CAPITL,61757,43.91,0.2,-38.95,1
11-11-2022 06:00,EST,CAPITL,61757,46.98,0.44,-36.84,1
11-11-2022 07:00,EST,CAPITL,61757,52.23,0.71,-35.34,1
11-11-2022 08:00,EST,CAPITL,61757,49.9,1.09,-29.05,1
11-11-2022 09:00,EST,CAPITL,61757,45.53,1.42,-17.74,1
11-11-2022 10:00,EST,CAPITL,61757,41.47,1.67,-8.33,1
11-11-2022 11:00,EST,CAPITL,61757,45.4,1.49,-15.15,1
11-11-2022 12:00,EST,CAPITL,61757,48.64,1.44,-19.42,1
11-11-2022 13:00,EST,CAPITL,61757,48.16,1.47,-18.43,1
11-11-2022 14:00,EST,CAPITL,61757,46.62,1.4,-17.73,1
11-11-2022 15:00,EST,CAPITL,61757,51.6,1.24,-26.05,1
11-11-2022 16:00,EST,CAPITL,61757,55.23,1.44,-26.67,1
11-11-2022 17:00,EST,CAPITL,61757,75.24,1.84,-38.74,1
11-11-2022 18:00,EST,CAPITL,61757,64.18,1.37,-35.92,1
11-11-2022 19:00,EST,CAPITL,61757,58.25,0.95,-38.27,1
11-11-2022 20:00,EST,CAPITL,61757,51.33,0.75,-34.39,1
11-11-2022 21:00,EST,CAPITL,61757,46.5,0.73,-29.58,1
11-11-2022 22:00,EST,CAPITL,61757,42.28,0.71,-25.37,1
11-11-2022 23:00,EST,CAPITL,61757,43.89,0.47,-31.3,1
12-11-2022 00:00,EST,CAPITL,61757,52.43,0.32,-44,1
12-11-2022 01:00,EST,CAPITL,61757,51.48,0.15,-47.35,1
12-11-2022 02:00,EST,CAPITL,61757,48,0.16,-43.31,1
12-11-2022 03:00,EST,CAPITL,61757,47.43,0.11,-44.06,1
12-11-2022 04:00,EST,CAPITL,61757,43.74,0.19,-38.33,1
12-11-2022 05:00,EST,CAPITL,61757,45.32,0.26,-38.1,1
12-11-2022 06:00,EST,CAPITL,61757,49.67,0.3,-41.41,1
12-11-2022 07:00,EST,CAPITL,61757,55.66,0.24,-49.29,1
12-11-2022 08:00,EST,CAPITL,61757,63.36,0.26,-57.48,1
12-11-2022 09:00,EST,CAPITL,61757,63.8,0.44,-53.84,1
12-11-2022 10:00,EST,CAPITL,61757,61.65,0.35,-53.84,1
12-11-2022 11:00,EST,CAPITL,61757,60.84,0.26,-54.85,1
12-11-2022 12:00,EST,CAPITL,61757,59.49,0.25,-53.48,1
12-11-2022 13:00,EST,CAPITL,61757,58.42,0.25,-52.39,1
12-11-2022 14:00,EST,CAPITL,61757,59.55,0.25,-53.45,1
12-11-2022 15:00,EST,CAPITL,61757,60.14,0.26,-53.59,1
12-11-2022 16:00,EST,CAPITL,61757,72.91,0.33,-65.67,1
12-11-2022 17:00,EST,CAPITL,61757,100,0.56,-88.11,1
12-11-2022 18:00,EST,CAPITL,61757,81.16,0.56,-68.86,1
12-11-2022 19:00,EST,CAPITL,61757,62.79,0.75,-45.33,1
12-11-2022 20:00,EST,CAPITL,61757,54.89,0.74,-36.84,1
12-11-2022 21:00,EST,CAPITL,61757,49.51,0.78,-30.66,1
12-11-2022 22:00,EST,CAPITL,61757,44.44,0.7,-26.8,1
12-11-2022 23:00,EST,CAPITL,61757,47.06,0.46,-34.69,1
13-11-2022 00:00,EST,CAPITL,61757,48.83,0.57,-33.15,1
13-11-2022 01:00,EST,CAPITL,61757,42.07,0.59,-26.32,1
13-11-2022 02:00,EST,CAPITL,61757,39.83,0.49,-26.88,1
13-11-2022 03:00,EST,CAPITL,61757,39.4,0.51,-26.39,1
13-11-2022 04:00,EST,CAPITL,61757,39.44,0.5,-26.33,1
13-11-2022 05:00,EST,CAPITL,61757,39.97,0.58,-24.6,1
13-11-2022 06:00,EST,CAPITL,61757,39.78,0.62,-23.92,1
13-11-2022 07:00,EST,CAPITL,61757,46.7,0.51,-33.99,1
13-11-2022 08:00,EST,CAPITL,61757,48.91,0.61,-36.16,1
13-11-2022 09:00,EST,CAPITL,61757,54.85,0.55,-42.65,1
13-11-2022 10:00,EST,CAPITL,61757,54.88,0.57,-42.67,1
13-11-2022 11:00,EST,CAPITL,61757,59.84,0.48,-49.21,1
13-11-2022 12:00,EST,CAPITL,61757,59.87,0.33,-52.44,1
13-11-2022 13:00,EST,CAPITL,61757,61.51,0.31,-54.83,1
13-11-2022 14:00,EST,CAPITL,61757,62.7,0.4,-53.81,1
13-11-2022 15:00,EST,CAPITL,61757,63.94,0.69,-50.14,1
13-11-2022 16:00,EST,CAPITL,61757,74.48,1.07,-55.25,1
13-11-2022 17:00,EST,CAPITL,61757,108.02,1.43,-83.52,1
13-11-2022 18:00,EST,CAPITL,61757,99,1.39,-75.28,1
13-11-2022 19:00,EST,CAPITL,61757,84.22,1.32,-60.84,1
13-11-2022 20:00,EST,CAPITL,61757,69.24,1.33,-45.66,1
13-11-2022 21:00,EST,CAPITL,61757,66.18,0.63,-54.65,1
13-11-2022 22:00,EST,CAPITL,61757,51.28,0.89,-34.25,1
13-11-2022 23:00,EST,CAPITL,61757,48.23,0.83,-29.82,1
14-11-2022 00:00,EST,CAPITL,61757,60.48,0.57,-47.8,1
14-11-2022 01:00,EST,CAPITL,61757,53.41,0.5,-42.48,1
14-11-2022 02:00,EST,CAPITL,61757,50.49,0.57,-37.69,1
14-11-2022 03:00,EST,CAPITL,61757,52.66,0.55,-40.81,1
14-11-2022 04:00,EST,CAPITL,61757,52.32,0.82,-34.37,1
14-11-2022 05:00,EST,CAPITL,61757,61.11,0.95,-40.76,1
14-11-2022 06:00,EST,CAPITL,61757,79.35,1.42,-51.14,1
14-11-2022 07:00,EST,CAPITL,61757,106.62,2.14,-68.23,1
14-11-2022 08:00,EST,CAPITL,61757,91.24,2.32,-52.66,1
14-11-2022 09:00,EST,CAPITL,61757,69,2.13,-30.79,1
14-11-2022 10:00,EST,CAPITL,61757,55.23,2.1,-16.91,1
14-11-2022 11:00,EST,CAPITL,61757,51.65,2.1,-13.34,1
14-11-2022 12:00,EST,CAPITL,61757,48.81,2.06,-10.53,1
14-11-2022 13:00,EST,CAPITL,61757,52.26,2.02,-14.05,1
14-11-2022 14:00,EST,CAPITL,61757,57.88,1.98,-19.78,1
14-11-2022 15:00,EST,CAPITL,61757,66.6,1.97,-31.28,1
14-11-2022 16:00,EST,CAPITL,61757,106.78,2.52,-64.89,1
14-11-2022 17:00,EST,CAPITL,61757,147.34,3.37,-94.37,1
14-11-2022 18:00,EST,CAPITL,61757,128.57,3.34,-76.78,1
14-11-2022 19:00,EST,CAPITL,61757,111.28,3.11,-61.76,1
14-11-2022 20:00,EST,CAPITL,61757,108.02,2.38,-68.94,1
14-11-2022 21:00,EST,CAPITL,61757,72.3,2.25,-34.32,1
14-11-2022 22:00,EST,CAPITL,61757,60.49,2.16,-22.41,1
14-11-2022 23:00,EST,CAPITL,61757,62.2,1.5,-30.09,1
15-11-2022 00:00,EST,CAPITL,61757,73.56,1.44,-44.4,1
15-11-2022 01:00,EST,CAPITL,61757,67.4,1.43,-39.42,1
15-11-2022 02:00,EST,CAPITL,61757,66.35,1.34,-39.17,1
15-11-2022 03:00,EST,CAPITL,61757,65.07,1.38,-37.62,1
15-11-2022 04:00,EST,CAPITL,61757,66.08,1.4,-38.19,1
15-11-2022 05:00,EST,CAPITL,61757,77.04,1.84,-44.04,1
15-11-2022 06:00,EST,CAPITL,61757,105.54,2.27,-67.2,1
15-11-2022 07:00,EST,CAPITL,61757,133.64,3.22,-76.79,1
15-11-2022 08:00,EST,CAPITL,61757,102.95,3.59,-44.06,1
15-11-2022 09:00,EST,CAPITL,61757,80.33,2.66,-36.73,1
15-11-2022 10:00,EST,CAPITL,61757,71.38,2.34,-31.89,1
15-11-2022 11:00,EST,CAPITL,61757,70.41,2.31,-30.88,1
15-11-2022 12:00,EST,CAPITL,61757,69.99,2.21,-31.61,1
15-11-2022 13:00,EST,CAPITL,61757,72.49,2.2,-34.15,1
15-11-2022 14:00,EST,CAPITL,61757,77.13,2.21,-38.75,1
15-11-2022 15:00,EST,CAPITL,61757,87.69,2.26,-49.58,1
15-11-2022 16:00,EST,CAPITL,61757,119.54,2.35,-81.1,1
15-11-2022 17:00,EST,CAPITL,61757,161.08,3.31,-107.62,1
15-11-2022 18:00,EST,CAPITL,61757,135.03,2.95,-86.61,1
15-11-2022 19:00,EST,CAPITL,61757,114.53,2.43,-75.89,1
15-11-2022 20:00,EST,CAPITL,61757,101.34,2.26,-63.19,1
15-11-2022 21:00,EST,CAPITL,61757,86.75,2.03,-52.59,1
15-11-2022 22:00,EST,CAPITL,61757,80.56,1.61,-49.21,1
15-11-2022 23:00,EST,CAPITL,61757,80.1,1.19,-55.05,1
16-11-2022 00:00,EST,CAPITL,61757,79.14,1.63,-44.94,1
16-11-2022 01:00,EST,CAPITL,61757,75.92,1.28,-49.46,1
16-11-2022 02:00,EST,CAPITL,61757,70.58,1.31,-43.64,1
16-11-2022 03:00,EST,CAPITL,61757,68.12,1.29,-40.98,1
16-11-2022 04:00,EST,CAPITL,61757,70.33,1.31,-43.37,1
16-11-2022 05:00,EST,CAPITL,61757,72.55,1.78,-36.49,1
16-11-2022 06:00,EST,CAPITL,61757,101.3,1.49,-71.59,1
16-11-2022 07:00,EST,CAPITL,61757,116.75,1.96,-82.19,1
16-11-2022 08:00,EST,CAPITL,61757,116.19,2.59,-73.8,1
16-11-2022 09:00,EST,CAPITL,61757,101.84,2.32,-63.23,1
16-11-2022 10:00,EST,CAPITL,61757,96.4,2.44,-57.53,1
16-11-2022 11:00,EST,CAPITL,61757,95.41,2.35,-56.81,1
16-11-2022 12:00,EST,CAPITL,61757,93.01,2.31,-54.07,1
16-11-2022 13:00,EST,CAPITL,61757,92.95,2.21,-53.96,1
16-11-2022 14:00,EST,CAPITL,61757,93.58,2.16,-55.38,1
16-11-2022 15:00,EST,CAPITL,61757,100.33,2.13,-62.17,1
16-11-2022 16:00,EST,CAPITL,61757,125.38,2.22,-86.84,1
16-11-2022 17:00,EST,CAPITL,61757,153.47,3.43,-95.62,1
16-11-2022 18:00,EST,CAPITL,61757,144.03,2.39,-103.75,1
16-11-2022 19:00,EST,CAPITL,61757,113.57,2.18,-75.11,1
16-11-2022 20:00,EST,CAPITL,61757,100.88,1.87,-63.02,1
16-11-2022 21:00,EST,CAPITL,61757,88.14,1.8,-53.03,1
16-11-2022 22:00,EST,CAPITL,61757,81.55,1.7,-47.14,1
16-11-2022 23:00,EST,CAPITL,61757,80.78,1.54,-48.33,1
17-11-2022 00:00,EST,CAPITL,61757,78.36,1.12,-54.91,1
17-11-2022 01:00,EST,CAPITL,61757,72.66,1.03,-50.11,1
17-11-2022 02:00,EST,CAPITL,61757,69.63,1.02,-47.7,1
17-11-2022 03:00,EST,CAPITL,61757,69.81,1.02,-48.07,1
17-11-2022 04:00,EST,CAPITL,61757,71.79,1.01,-50.48,1
17-11-2022 05:00,EST,CAPITL,61757,80.26,1.15,-56.92,1
17-11-2022 06:00,EST,CAPITL,61757,108.88,1.43,-81.92,1
17-11-2022 07:00,EST,CAPITL,61757,122.93,1.84,-86.27,1
17-11-2022 08:00,EST,CAPITL,61757,105.38,2.06,-67.25,1
17-11-2022 09:00,EST,CAPITL,61757,94.3,1.94,-56.4,1
17-11-2022 10:00,EST,CAPITL,61757,86.94,1.83,-50.54,1
17-11-2022 11:00,EST,CAPITL,61757,84.39,1.75,-48.88,1
17-11-2022 12:00,EST,CAPITL,61757,78.43,1.63,-42.22,1
17-11-2022 13:00,EST,CAPITL,61757,80.2,1.53,-46.16,1
17-11-2022 14:00,EST,CAPITL,61757,84.45,1.51,-50.91,1
17-11-2022 15:00,EST,CAPITL,61757,90.22,1.52,-57.6,1
17-11-2022 16:00,EST,CAPITL,61757,118.55,1.81,-82.49,1
17-11-2022 17:00,EST,CAPITL,61757,154.08,2.14,-114.39,1
17-11-2022 18:00,EST,CAPITL,61757,124.57,2.1,-84.99,1
17-11-2022 19:00,EST,CAPITL,61757,108.67,1.97,-70.2,1
17-11-2022 20:00,EST,CAPITL,61757,99.03,1.91,-61.04,1
17-11-2022 21:00,EST,CAPITL,61757,89.74,1.8,-53.24,1
17-11-2022 22:00,EST,CAPITL,61757,89.58,1.32,-61.85,1
17-11-2022 23:00,EST,CAPITL,61757,83.54,1.12,-58.1,1
18-11-2022 00:00,EST,CAPITL,61757,87.17,0.74,-69.26,1
18-11-2022 01:00,EST,CAPITL,61757,79.55,0.68,-62.39,1
18-11-2022 02:00,EST,CAPITL,61757,78.54,0.53,-64.72,1
18-11-2022 03:00,EST,CAPITL,61757,76.43,0.6,-60.88,1
18-11-2022 04:00,EST,CAPITL,61757,79.57,0.63,-63.61,1
18-11-2022 05:00,EST,CAPITL,61757,86.89,0.89,-66.19,1
18-11-2022 06:00,EST,CAPITL,61757,118.02,1.11,-93.77,1
18-11-2022 07:00,EST,CAPITL,61757,129.01,1.68,-91.65,1
18-11-2022 08:00,EST,CAPITL,61757,106,1.82,-68.39,1
18-11-2022 09:00,EST,CAPITL,61757,98.57,1.5,-65.87,1
18-11-2022 10:00,EST,CAPITL,61757,100.28,1.29,-71.08,1
18-11-2022 11:00,EST,CAPITL,61757,98.3,1.16,-70.84,1
18-11-2022 12:00,EST,CAPITL,61757,93.32,1.18,-65.38,1
18-11-2022 13:00,EST,CAPITL,61757,95.34,1.19,-67.68,1
18-11-2022 14:00,EST,CAPITL,61757,95.35,1.16,-67.7,1
18-11-2022 15:00,EST,CAPITL,61757,104.46,1.56,-68.92,1
18-11-2022 16:00,EST,CAPITL,61757,128.57,1.58,-93.48,1
18-11-2022 17:00,EST,CAPITL,61757,163.6,1.83,-125.78,1
18-11-2022 18:00,EST,CAPITL,61757,138.31,1.75,-100.85,1
18-11-2022 19:00,EST,CAPITL,61757,119.52,1.65,-83.44,1
18-11-2022 20:00,EST,CAPITL,61757,113.19,1.48,-80.18,1
18-11-2022 21:00,EST,CAPITL,61757,111.56,1.21,-85.7,1
18-11-2022 22:00,EST,CAPITL,61757,99.14,1.25,-71.26,1
18-11-2022 23:00,EST,CAPITL,61757,103.55,0.76,-83.89,1
19-11-2022 00:00,EST,CAPITL,61757,93.47,0.85,-72.33,1
19-11-2022 01:00,EST,CAPITL,61757,94.64,0.5,-82.05,1
19-11-2022 02:00,EST,CAPITL,61757,92.43,0.34,-83.54,1
19-11-2022 03:00,EST,CAPITL,61757,90.11,0.34,-81.39,1
19-11-2022 04:00,EST,CAPITL,61757,92.7,0.33,-84.25,1
19-11-2022 05:00,EST,CAPITL,61757,99.36,0.43,-89,1
19-11-2022 06:00,EST,CAPITL,61757,114.85,0.41,-104.73,1
19-11-2022 07:00,EST,CAPITL,61757,120.82,0.76,-103.3,1
19-11-2022 08:00,EST,CAPITL,61757,105.75,1.13,-82.91,1
19-11-2022 09:00,EST,CAPITL,61757,93.93,1.05,-72.33,1
19-11-2022 10:00,EST,CAPITL,61757,93.69,1.03,-72.09,1
19-11-2022 11:00,EST,CAPITL,61757,91.48,0.89,-70.86,1
19-11-2022 12:00,EST,CAPITL,61757,83.87,0.88,-62.57,1
19-11-2022 13:00,EST,CAPITL,61757,84.47,0.89,-63.25,1
19-11-2022 14:00,EST,CAPITL,61757,89.02,0.97,-67.48,1
19-11-2022 15:00,EST,CAPITL,61757,105.27,1.03,-83.64,1
19-11-2022 16:00,EST,CAPITL,61757,128.79,1.18,-104.36,1
19-11-2022 17:00,EST,CAPITL,61757,153.14,1.36,-125.14,1
19-11-2022 18:00,EST,CAPITL,61757,144.93,1.26,-119.04,1
19-11-2022 19:00,EST,CAPITL,61757,136,1.1,-112.87,1
19-11-2022 20:00,EST,CAPITL,61757,120.74,1.08,-97.64,1
19-11-2022 21:00,EST,CAPITL,61757,115.13,0.57,-102.7,1
19-11-2022 22:00,EST,CAPITL,61757,107.6,0.47,-97.09,1
19-11-2022 23:00,EST,CAPITL,61757,112.56,0.25,-106.19,1
20-11-2022 00:00,EST,CAPITL,61757,125.72,0.25,-119.46,1
20-11-2022 01:00,EST,CAPITL,61757,121.59,0.21,-116.22,1
20-11-2022 02:00,EST,CAPITL,61757,118.13,0.22,-112.45,1
20-11-2022 03:00,EST,CAPITL,61757,117.52,0.24,-111.67,1
20-11-2022 04:00,EST,CAPITL,61757,113.21,0.25,-107.03,1
20-11-2022 05:00,EST,CAPITL,61757,113.52,0.24,-107.41,1
20-11-2022 06:00,EST,CAPITL,61757,127.56,0.2,-122.61,1
20-11-2022 07:00,EST,CAPITL,61757,144.38,0.26,-137.95,1
20-11-2022 08:00,EST,CAPITL,61757,132.95,0.47,-122.79,1
20-11-2022 09:00,EST,CAPITL,61757,115.28,0.67,-100.61,1
20-11-2022 10:00,EST,CAPITL,61757,112.07,0.6,-98.93,1
20-11-2022 11:00,EST,CAPITL,61757,113.21,0.46,-103.03,1
20-11-2022 12:00,EST,CAPITL,61757,111.32,0.46,-101.16,1
20-11-2022 13:00,EST,CAPITL,61757,110.52,0.65,-96.09,1
20-11-2022 14:00,EST,CAPITL,61757,114.58,0.69,-99.87,1
20-11-2022 15:00,EST,CAPITL,61757,131.07,0.82,-114.18,1
20-11-2022 16:00,EST,CAPITL,61757,176,1.15,-154.25,1
20-11-2022 17:00,EST,CAPITL,61757,215.64,1.61,-186.3,1
20-11-2022 18:00,EST,CAPITL,61757,208.77,1.34,-184.36,1
20-11-2022 19:00,EST,CAPITL,61757,192.24,1.18,-169.95,1
20-11-2022 20:00,EST,CAPITL,61757,179.04,1.13,-157.05,1
20-11-2022 21:00,EST,CAPITL,61757,149.47,1.24,-126.13,1
20-11-2022 22:00,EST,CAPITL,61757,136.96,1.05,-115.65,1
20-11-2022 23:00,EST,CAPITL,61757,150.83,0.45,-140.88,1
21-11-2022 00:00,EST,CAPITL,61757,163.78,0.44,-152.86,1
21-11-2022 01:00,EST,CAPITL,61757,150.8,0.2,-145.5,1
21-11-2022 02:00,EST,CAPITL,61757,148.42,0.18,-143.72,1
21-11-2022 03:00,EST,CAPITL,61757,151.03,0.11,-148.01,1
21-11-2022 04:00,EST,CAPITL,61757,157.06,0.18,-152.35,1
21-11-2022 05:00,EST,CAPITL,61757,167.68,0.41,-156.83,1
21-11-2022 06:00,EST,CAPITL,61757,224.92,0.58,-211.07,1
21-11-2022 07:00,EST,CAPITL,61757,253.74,0.68,-237.61,1
21-11-2022 08:00,EST,CAPITL,61757,231.97,0.73,-216.43,1
21-11-2022 09:00,EST,CAPITL,61757,194.19,0.76,-177.26,1
21-11-2022 10:00,EST,CAPITL,61757,153.02,0.79,-135.12,1
21-11-2022 11:00,EST,CAPITL,61757,144.5,0.46,-133.73,1
21-11-2022 12:00,EST,CAPITL,61757,146.39,0.41,-136.52,1
21-11-2022 13:00,EST,CAPITL,61757,145.5,0.4,-135.41,1
21-11-2022 14:00,EST,CAPITL,61757,156.55,0.26,-150.1,1
21-11-2022 15:00,EST,CAPITL,61757,176.73,0.19,-171.97,1
21-11-2022 16:00,EST,CAPITL,61757,225.45,0.22,-220.26,1
21-11-2022 17:00,EST,CAPITL,61757,287.96,0.3,-280.93,1
21-11-2022 18:00,EST,CAPITL,61757,255.86,0.22,-250.59,1
21-11-2022 19:00,EST,CAPITL,61757,201.91,0.2,-197.14,1
21-11-2022 20:00,EST,CAPITL,61757,190.56,0.58,-177.17,1
21-11-2022 21:00,EST,CAPITL,61757,180.09,0.21,-175.31,1
21-11-2022 22:00,EST,CAPITL,61757,166.02,0.2,-161.26,1
21-11-2022 23:00,EST,CAPITL,61757,153.12,0.35,-144.16,1
22-11-2022 00:00,EST,CAPITL,61757,165.9,0.46,-154.92,1
22-11-2022 01:00,EST,CAPITL,61757,151.84,0.46,-140.84,1
22-11-2022 02:00,EST,CAPITL,61757,150.4,0.54,-137.55,1
22-11-2022 03:00,EST,CAPITL,61757,150.48,0.62,-135.73,1
22-11-2022 04:00,EST,CAPITL,61757,150.45,0.64,-135.65,1
22-11-2022 05:00,EST,CAPITL,61757,169.8,0.88,-149.84,1
22-11-2022 06:00,EST,CAPITL,61757,204.07,1.12,-180.09,1
22-11-2022 07:00,EST,CAPITL,61757,257.05,1.81,-217.63,1
22-11-2022 08:00,EST,CAPITL,61757,207.52,1.93,-168.45,1
22-11-2022 09:00,EST,CAPITL,61757,173.27,1.69,-137.08,1
22-11-2022 10:00,EST,CAPITL,61757,131.36,1.65,-93.18,1
22-11-2022 11:00,EST,CAPITL,61757,122.21,1.59,-84.41,1
22-11-2022 12:00,EST,CAPITL,61757,112.61,1.54,-75.13,1
22-11-2022 13:00,EST,CAPITL,61757,111.47,1.39,-76.2,1
22-11-2022 14:00,EST,CAPITL,61757,126.32,1.4,-92.37,1
22-11-2022 15:00,EST,CAPITL,61757,133.5,1.37,-99.57,1
22-11-2022 16:00,EST,CAPITL,61757,169.98,1.67,-131.17,1
22-11-2022 17:00,EST,CAPITL,61757,202.99,1.88,-161.12,1
22-11-2022 18:00,EST,CAPITL,61757,192.47,1.9,-151.72,1
22-11-2022 19:00,EST,CAPITL,61757,163.55,1.79,-124.47,1
22-11-2022 20:00,EST,CAPITL,61757,156.47,1.47,-122.34,1
22-11-2022 21:00,EST,CAPITL,61757,148.8,1.26,-120.07,1
22-11-2022 22:00,EST,CAPITL,61757,138.83,0.92,-117.06,1
22-11-2022 23:00,EST,CAPITL,61757,142.18,0.56,-127.51,1
23-11-2022 00:00,EST,CAPITL,61757,122.42,0.55,-108.75,1
23-11-2022 01:00,EST,CAPITL,61757,117.34,0.45,-106.12,1
23-11-2022 02:00,EST,CAPITL,61757,113.13,0.41,-102.65,1
23-11-2022 03:00,EST,CAPITL,61757,110.38,0.55,-96.71,1
23-11-2022 04:00,EST,CAPITL,61757,116.32,0.58,-102.61,1
23-11-2022 05:00,EST,CAPITL,61757,127.74,0.64,-113.46,1
23-11-2022 06:00,EST,CAPITL,61757,158.79,0.66,-144.44,1
23-11-2022 07:00,EST,CAPITL,61757,163.54,1.4,-132.43,1
23-11-2022 08:00,EST,CAPITL,61757,151.02,1.87,-113.84,1
23-11-2022 09:00,EST,CAPITL,61757,126.17,1.66,-91.99,1
23-11-2022 10:00,EST,CAPITL,61757,101.95,1.63,-67.73,1
23-11-2022 11:00,EST,CAPITL,61757,96.17,1.52,-62.23,1
23-11-2022 12:00,EST,CAPITL,61757,87.48,1.46,-53.59,1
23-11-2022 13:00,EST,CAPITL,61757,92.3,1.38,-59.55,1
23-11-2022 14:00,EST,CAPITL,61757,98.91,1.28,-69.77,1
23-11-2022 15:00,EST,CAPITL,61757,104.63,1.36,-73.63,1
23-11-2022 16:00,EST,CAPITL,61757,126.71,1.53,-92.59,1
23-11-2022 17:00,EST,CAPITL,61757,153.89,1.71,-117.23,1
23-11-2022 18:00,EST,CAPITL,61757,138.1,1.71,-101.52,1
23-11-2022 19:00,EST,CAPITL,61757,125.09,1.55,-90.57,1
23-11-2022 20:00,EST,CAPITL,61757,115.59,1.55,-81.64,1
23-11-2022 21:00,EST,CAPITL,61757,105.92,1.51,-73.6,1
23-11-2022 22:00,EST,CAPITL,61757,103.84,1.34,-73.9,1
23-11-2022 23:00,EST,CAPITL,61757,102.22,0.78,-83.6,1
24-11-2022 00:00,EST,CAPITL,61757,85.73,0.4,-76.23,1
24-11-2022 01:00,EST,CAPITL,61757,86.63,0.38,-77.19,1
24-11-2022 02:00,EST,CAPITL,61757,82.68,0.38,-73.25,1
24-11-2022 03:00,EST,CAPITL,61757,80,0.38,-70.59,1
24-11-2022 04:00,EST,CAPITL,61757,81.09,0.39,-71.67,1
24-11-2022 05:00,EST,CAPITL,61757,84.16,0.41,-74.7,1
24-11-2022 06:00,EST,CAPITL,61757,88.89,0.4,-79.45,1
24-11-2022 07:00,EST,CAPITL,61757,92.63,0.49,-80.84,1
24-11-2022 08:00,EST,CAPITL,61757,92.45,0.65,-78.28,1
24-11-2022 09:00,EST,CAPITL,61757,94.41,0.74,-77.82,1
24-11-2022 10:00,EST,CAPITL,61757,86.58,0.72,-70.28,1
24-11-2022 11:00,EST,CAPITL,61757,86.61,0.69,-70.21,1
24-11-2022 12:00,EST,CAPITL,61757,80.48,0.65,-64.24,1
24-11-2022 13:00,EST,CAPITL,61757,75.38,0.57,-60.2,1
24-11-2022 14:00,EST,CAPITL,61757,77.38,0.36,-67.77,1
24-11-2022 15:00,EST,CAPITL,61757,78.35,0.46,-65.56,1
24-11-2022 16:00,EST,CAPITL,61757,93.91,0.4,-83.24,1
24-11-2022 17:00,EST,CAPITL,61757,104.8,0.59,-89.51,1
24-11-2022 18:00,EST,CAPITL,61757,100.2,0.36,-90.82,1
24-11-2022 19:00,EST,CAPITL,61757,94.09,0.3,-85.91,1
24-11-2022 20:00,EST,CAPITL,61757,90.89,0.33,-82.61,1
24-11-2022 21:00,EST,CAPITL,61757,88.54,0.33,-80.29,1
24-11-2022 22:00,EST,CAPITL,61757,82.89,0.28,-75.75,1
24-11-2022 23:00,EST,CAPITL,61757,84.25,0.14,-80.07,1
25-11-2022 00:00,EST,CAPITL,61757,91.89,0.01,-91.63,1
25-11-2022 01:00,EST,CAPITL,61757,85.76,0.01,-85.5,1
25-11-2022 02:00,EST,CAPITL,61757,81.45,0,-81.45,1
25-11-2022 03:00,EST,CAPITL,61757,81.55,0,-81.69,1
25-11-2022 04:00,EST,CAPITL,61757,82.15,0,-82.14,1
25-11-2022 05:00,EST,CAPITL,61757,88.52,0.02,-87.99,1
25-11-2022 06:00,EST,CAPITL,61757,96.59,0.11,-93.43,1
25-11-2022 07:00,EST,CAPITL,61757,101.43,0.12,-98,1
25-11-2022 08:00,EST,CAPITL,61757,104.52,0.13,-101.59,1
25-11-2022 09:00,EST,CAPITL,61757,103.36,0.17,-99.48,1
25-11-2022 10:00,EST,CAPITL,61757,110.34,0.21,-105.58,1
25-11-2022 11:00,EST,CAPITL,61757,112.11,0.21,-107.34,1
25-11-2022 12:00,EST,CAPITL,61757,106.41,0.04,-105.38,1
25-11-2022 13:00,EST,CAPITL,61757,104.05,0.01,-103.78,1
25-11-2022 14:00,EST,CAPITL,61757,101.86,0.02,-101.33,1
25-11-2022 15:00,EST,CAPITL,61757,97.72,0.06,-96.12,1
25-11-2022 16:00,EST,CAPITL,61757,113.96,0.23,-108.52,1
25-11-2022 17:00,EST,CAPITL,61757,127.53,0.33,-119.92,1
25-11-2022 18:00,EST,CAPITL,61757,116.77,0.33,-109.19,1
25-11-2022 19:00,EST,CAPITL,61757,106.45,0.28,-99.84,1
25-11-2022 20:00,EST,CAPITL,61757,104.41,0.27,-98.19,1
25-11-2022 21:00,EST,CAPITL,61757,95.78,0.22,-90.97,1
25-11-2022 22:00,EST,CAPITL,61757,87.57,0.31,-80.64,1
25-11-2022 23:00,EST,CAPITL,61757,87.53,0.16,-82.8,1
26-11-2022 00:00,EST,CAPITL,61757,90.82,0.21,-85.19,1
26-11-2022 01:00,EST,CAPITL,61757,87.84,0.22,-81.86,1
26-11-2022 02:00,EST,CAPITL,61757,86.53,0.2,-80.85,1
26-11-2022 03:00,EST,CAPITL,61757,86.96,0.19,-81.64,1
26-11-2022 04:00,EST,CAPITL,61757,86.74,0.25,-80.11,1
26-11-2022 05:00,EST,CAPITL,61757,87.62,0.34,-78.69,1
26-11-2022 06:00,EST,CAPITL,61757,90.25,0.3,-82.6,1
26-11-2022 07:00,EST,CAPITL,61757,101.34,0.2,-96.18,1
26-11-2022 08:00,EST,CAPITL,61757,102.18,0.24,-97.05,1
26-11-2022 09:00,EST,CAPITL,61757,95.58,0.21,-90.92,1
26-11-2022 10:00,EST,CAPITL,61757,89.07,0.12,-86.13,1
26-11-2022 11:00,EST,CAPITL,61757,82.86,0.13,-79.68,1
26-11-2022 12:00,EST,CAPITL,61757,78.01,0.08,-75.71,1
26-11-2022 13:00,EST,CAPITL,61757,76.31,0.08,-74.2,1
26-11-2022 14:00,EST,CAPITL,61757,84.22,0.03,-83.43,1
26-11-2022 15:00,EST,CAPITL,61757,92.47,0.04,-91.41,1
26-11-2022 16:00,EST,CAPITL,61757,117.55,0.07,-115.94,1
26-11-2022 17:00,EST,CAPITL,61757,136.97,0.18,-133.06,1
26-11-2022 18:00,EST,CAPITL,61757,117.51,0.11,-115.06,1
26-11-2022 19:00,EST,CAPITL,61757,107.82,0.07,-106.21,1
26-11-2022 20:00,EST,CAPITL,61757,102.18,0.07,-100.51,1
26-11-2022 21:00,EST,CAPITL,61757,95.27,0.1,-93.11,1
26-11-2022 22:00,EST,CAPITL,61757,92.18,0.09,-90.01,1
26-11-2022 23:00,EST,CAPITL,61757,89.67,0.13,-85.91,1
27-11-2022 00:00,EST,CAPITL,61757,85.97,0.03,-84.92,1
27-11-2022 01:00,EST,CAPITL,61757,84.2,0.04,-83.07,1
27-11-2022 02:00,EST,CAPITL,61757,81.83,0.07,-79.72,1
27-11-2022 03:00,EST,CAPITL,61757,80.65,0.13,-76.86,1
27-11-2022 04:00,EST,CAPITL,61757,80.46,0.16,-75.73,1
27-11-2022 05:00,EST,CAPITL,61757,83.53,0.26,-75.7,1
27-11-2022 06:00,EST,CAPITL,61757,78.28,0.31,-69.38,1
27-11-2022 07:00,EST,CAPITL,61757,84.74,0.22,-78.6,1
27-11-2022 08:00,EST,CAPITL,61757,80.13,0.51,-67.64,1
27-11-2022 09:00,EST,CAPITL,61757,77.55,0.81,-58.42,1
27-11-2022 10:00,EST,CAPITL,61757,73.5,1.12,-46.81,1
27-11-2022 11:00,EST,CAPITL,61757,76.75,1.12,-50.08,1
27-11-2022 12:00,EST,CAPITL,61757,80.73,1.12,-54.06,1
27-11-2022 13:00,EST,CAPITL,61757,83.02,1.1,-56.32,1
27-11-2022 14:00,EST,CAPITL,61757,86.54,1.05,-61.55,1
27-11-2022 15:00,EST,CAPITL,61757,86.65,1.15,-59.9,1
27-11-2022 16:00,EST,CAPITL,61757,109.4,1.2,-82.57,1
27-11-2022 17:00,EST,CAPITL,61757,125.59,1.23,-98.65,1
27-11-2022 18:00,EST,CAPITL,61757,102.61,1.18,-75.8,1
27-11-2022 19:00,EST,CAPITL,61757,88.16,1.08,-61.48,1
27-11-2022 20:00,EST,CAPITL,61757,86.25,0.64,-70.48,1
27-11-2022 21:00,EST,CAPITL,61757,85.94,0.38,-76.81,1
27-11-2022 22:00,EST,CAPITL,61757,81.78,0.42,-71.62,1
27-11-2022 23:00,EST,CAPITL,61757,78.3,0.45,-65.02,1
28-11-2022 00:00,EST,CAPITL,61757,80.53,0.29,-71.69,1
28-11-2022 01:00,EST,CAPITL,61757,79.72,0.21,-72.9,1
28-11-2022 02:00,EST,CAPITL,61757,81.48,0.15,-76.8,1
28-11-2022 03:00,EST,CAPITL,61757,78.35,0.19,-72.49,1
28-11-2022 04:00,EST,CAPITL,61757,79.41,0.28,-70.56,1
28-11-2022 05:00,EST,CAPITL,61757,81.17,0.39,-69.4,1
28-11-2022 06:00,EST,CAPITL,61757,97.7,0.65,-79.43,1
28-11-2022 07:00,EST,CAPITL,61757,104.86,1.21,-74.91,1
28-11-2022 08:00,EST,CAPITL,61757,103.28,1.38,-73.13,1
28-11-2022 09:00,EST,CAPITL,61757,91.65,1.36,-61.47,1
28-11-2022 10:00,EST,CAPITL,61757,90.81,1.5,-57.3,1
28-11-2022 11:00,EST,CAPITL,61757,88.01,1.38,-57.26,1
28-11-2022 12:00,EST,CAPITL,61757,88.38,1.29,-58.34,1
28-11-2022 13:00,EST,CAPITL,61757,88.61,1.23,-58.67,1
28-11-2022 14:00,EST,CAPITL,61757,92.11,1.19,-63.79,1
28-11-2022 15:00,EST,CAPITL,61757,93.49,1.32,-63.42,1
28-11-2022 16:00,EST,CAPITL,61757,113.55,1.84,-75.54,1
28-11-2022 17:00,EST,CAPITL,61757,148.04,2.02,-107.1,1
28-11-2022 18:00,EST,CAPITL,61757,117.1,1.91,-77.04,1
28-11-2022 19:00,EST,CAPITL,61757,102.7,1.73,-64.88,1
28-11-2022 20:00,EST,CAPITL,61757,90.38,1.58,-55.92,1
28-11-2022 21:00,EST,CAPITL,61757,92.78,1.35,-62.69,1
28-11-2022 22:00,EST,CAPITL,61757,78.6,1.29,-48.63,1
28-11-2022 23:00,EST,CAPITL,61757,81.22,0.92,-54.72,1
29-11-2022 00:00,EST,CAPITL,61757,73.03,1.12,-43.94,1
29-11-2022 01:00,EST,CAPITL,61757,74.78,1,-48.04,1
29-11-2022 02:00,EST,CAPITL,61757,71.82,0.95,-45.13,1
29-11-2022 03:00,EST,CAPITL,61757,71.79,1.03,-45.05,1
29-11-2022 04:00,EST,CAPITL,61757,75.2,1.08,-48.39,1
29-11-2022 05:00,EST,CAPITL,61757,80.87,1.18,-52.34,1
29-11-2022 06:00,EST,CAPITL,61757,103.28,1.67,-65.37,1
29-11-2022 07:00,EST,CAPITL,61757,114.46,3.13,-46.23,1
29-11-2022 08:00,EST,CAPITL,61757,90.18,3.35,-22.42,1
29-11-2022 09:00,EST,CAPITL,61757,79.84,2.31,-31.24,1
29-11-2022 10:00,EST,CAPITL,61757,77.63,1.95,-37.53,1
29-11-2022 11:00,EST,CAPITL,61757,73.79,1.86,-34.7,1
29-11-2022 12:00,EST,CAPITL,61757,73.55,1.69,-35.97,1
29-11-2022 13:00,EST,CAPITL,61757,74.72,1.65,-37.21,1
29-11-2022 14:00,EST,CAPITL,61757,82.05,1.55,-48.31,1
29-11-2022 15:00,EST,CAPITL,61757,94.15,1.57,-59.8,1
29-11-2022 16:00,EST,CAPITL,61757,115.72,2.16,-70.39,1
29-11-2022 17:00,EST,CAPITL,61757,142.83,3.07,-78.41,1
29-11-2022 18:00,EST,CAPITL,61757,135.39,2.25,-88.92,1
29-11-2022 19:00,EST,CAPITL,61757,127.63,1.32,-97.57,1
29-11-2022 20:00,EST,CAPITL,61757,113.67,1.15,-86.89,1
29-11-2022 21:00,EST,CAPITL,61757,103.14,0.84,-83.59,1
29-11-2022 22:00,EST,CAPITL,61757,102.5,0.3,-94.46,1
29-11-2022 23:00,EST,CAPITL,61757,99,0.28,-90.6,1
30-11-2022 00:00,EST,CAPITL,61757,74.58,0.12,-70.44,1
30-11-2022 01:00,EST,CAPITL,61757,72.01,0.12,-67.86,1
30-11-2022 02:00,EST,CAPITL,61757,70.71,0.05,-68.92,1
30-11-2022 03:00,EST,CAPITL,61757,70.17,0.05,-68.34,1
30-11-2022 04:00,EST,CAPITL,61757,72.48,0.05,-70.87,1
30-11-2022 05:00,EST,CAPITL,61757,77.76,0.06,-75.85,1
30-11-2022 06:00,EST,CAPITL,61757,93.42,0.14,-89.24,1
30-11-2022 07:00,EST,CAPITL,61757,100.72,0.37,-90.36,1
30-11-2022 08:00,EST,CAPITL,61757,90.27,0.51,-77.57,1
30-11-2022 09:00,EST,CAPITL,61757,79.78,0.59,-63.92,1
30-11-2022 10:00,EST,CAPITL,61757,79.16,0.73,-60.98,1
30-11-2022 11:00,EST,CAPITL,61757,78.6,0.7,-60.51,1
30-11-2022 12:00,EST,CAPITL,61757,80.14,0.61,-65.07,1
30-11-2022 13:00,EST,CAPITL,61757,83.17,0.44,-71.9,1
30-11-2022 14:00,EST,CAPITL,61757,83.55,0.35,-74.64,1
30-11-2022 15:00,EST,CAPITL,61757,87.97,0.32,-79.33,1
30-11-2022 16:00,EST,CAPITL,61757,105.16,0.46,-93.25,1
30-11-2022 17:00,EST,CAPITL,61757,118.02,0.78,-98.17,1
30-11-2022 18:00,EST,CAPITL,61757,105.06,0.53,-91.62,1
30-11-2022 19:00,EST,CAPITL,61757,93.78,0.31,-85.81,1
30-11-2022 20:00,EST,CAPITL,61757,83.87,0.32,-75.22,1
30-11-2022 21:00,EST,CAPITL,61757,80.5,0.32,-71.61,1
30-11-2022 22:00,EST,CAPITL,61757,77.9,0.14,-73.69,1
30-11-2022 23:00,EST,CAPITL,61757,74.29,0.11,-70.12,1
01-12-2022 00:00,EST,CAPITL,61757,80.78,0.28,-71.64,1
01-12-2022 01:00,EST,CAPITL,61757,77.64,0.19,-71.15,1
01-12-2022 02:00,EST,CAPITL,61757,74.86,0.2,-68.23,1
01-12-2022 03:00,EST,CAPITL,61757,74.78,0.22,-67.47,1
01-12-2022 04:00,EST,CAPITL,61757,75.34,0.28,-66.19,1
01-12-2022 05:00,EST,CAPITL,61757,84.27,0.31,-75.05,1
01-12-2022 06:00,EST,CAPITL,61757,105.1,0.48,-92.06,1
01-12-2022 07:00,EST,CAPITL,61757,120.72,1.03,-93.9,1
01-12-2022 08:00,EST,CAPITL,61757,101.86,1.12,-75.29,1
01-12-2022 09:00,EST,CAPITL,61757,88.34,1.06,-61.49,1
01-12-2022 10:00,EST,CAPITL,61757,88.03,1.01,-63.08,1
01-12-2022 11:00,EST,CAPITL,61757,85.69,0.86,-63.79,1
01-12-2022 12:00,EST,CAPITL,61757,84.48,0.82,-63.1,1
01-12-2022 13:00,EST,CAPITL,61757,85.56,0.78,-65.41,1
01-12-2022 14:00,EST,CAPITL,61757,89.57,0.81,-69.43,1
01-12-2022 15:00,EST,CAPITL,61757,100.71,0.8,-81.31,1
01-12-2022 16:00,EST,CAPITL,61757,123.95,1.51,-91.57,1
01-12-2022 17:00,EST,CAPITL,61757,147.02,2.05,-103.87,1
01-12-2022 18:00,EST,CAPITL,61757,141.06,1.92,-101.47,1
01-12-2022 19:00,EST,CAPITL,61757,117.11,1.64,-81.23,1
01-12-2022 20:00,EST,CAPITL,61757,117.03,1.36,-86.14,1
01-12-2022 21:00,EST,CAPITL,61757,100.6,1,-77.44,1
01-12-2022 22:00,EST,CAPITL,61757,86.73,1.08,-59.97,1
01-12-2022 23:00,EST,CAPITL,61757,82.55,0.92,-55.98,1
02-12-2022 00:00,EST,CAPITL,61757,93.41,0.92,-66.83,1
02-12-2022 01:00,EST,CAPITL,61757,91.5,0.87,-65.03,1
02-12-2022 02:00,EST,CAPITL,61757,89.72,0.64,-70.29,1
02-12-2022 03:00,EST,CAPITL,61757,92.62,0.61,-74.15,1
02-12-2022 04:00,EST,CAPITL,61757,96.42,0.45,-82.59,1
02-12-2022 05:00,EST,CAPITL,61757,104.8,0.74,-83.43,1
02-12-2022 06:00,EST,CAPITL,61757,135.61,1.18,-105.58,1
02-12-2022 07:00,EST,CAPITL,61757,149.91,1.3,-116.97,1
02-12-2022 08:00,EST,CAPITL,61757,134.97,1.5,-100.26,1
02-12-2022 09:00,EST,CAPITL,61757,109.63,1.42,-72.68,1
02-12-2022 10:00,EST,CAPITL,61757,88.75,1.25,-55.54,1
02-12-2022 11:00,EST,CAPITL,61757,84.73,1.03,-54.33,1
02-12-2022 12:00,EST,CAPITL,61757,85.82,0.92,-59.19,1
02-12-2022 13:00,EST,CAPITL,61757,86.01,0.88,-59.4,1
02-12-2022 14:00,EST,CAPITL,61757,90.99,0.9,-64.44,1
02-12-2022 15:00,EST,CAPITL,61757,103.57,0.88,-78.83,1
02-12-2022 16:00,EST,CAPITL,61757,136.85,1.05,-110.12,1
02-12-2022 17:00,EST,CAPITL,61757,165.2,1.08,-138.34,1
02-12-2022 18:00,EST,CAPITL,61757,144.93,1.03,-118.17,1
02-12-2022 19:00,EST,CAPITL,61757,131.09,0.63,-113.92,1
02-12-2022 20:00,EST,CAPITL,61757,124.74,0.34,-115.52,1
02-12-2022 21:00,EST,CAPITL,61757,111.63,0.33,-102.48,1
02-12-2022 22:00,EST,CAPITL,61757,106.06,0.25,-98.38,1
02-12-2022 23:00,EST,CAPITL,61757,107.84,0.13,-103.19,1
03-12-2022 00:00,EST,CAPITL,61757,62.69,0.51,-52.09,1
03-12-2022 01:00,EST,CAPITL,61757,59.93,0.51,-49.16,1
03-12-2022 02:00,EST,CAPITL,61757,56.85,0.5,-46.3,1
03-12-2022 03:00,EST,CAPITL,61757,56.56,0.5,-45.78,1
03-12-2022 04:00,EST,CAPITL,61757,55.52,0.51,-44.72,1
03-12-2022 05:00,EST,CAPITL,61757,57.75,0.52,-46.92,1
03-12-2022 06:00,EST,CAPITL,61757,60.8,0.51,-49.98,1
03-12-2022 07:00,EST,CAPITL,61757,63.45,0.5,-52.64,1
03-12-2022 08:00,EST,CAPITL,61757,60.84,0.91,-42.5,1
03-12-2022 09:00,EST,CAPITL,61757,62.16,1.1,-40.65,1
03-12-2022 10:00,EST,CAPITL,61757,65.34,1.25,-40.45,1
03-12-2022 11:00,EST,CAPITL,61757,64.78,1,-44.53,1
03-12-2022 12:00,EST,CAPITL,61757,67.9,0.86,-50.42,1
03-12-2022 13:00,EST,CAPITL,61757,68.24,0.8,-51.81,1
03-12-2022 14:00,EST,CAPITL,61757,63.69,1.16,-40.3,1
03-12-2022 15:00,EST,CAPITL,61757,62.12,1.52,-31.41,1
03-12-2022 16:00,EST,CAPITL,61757,83.25,1.59,-51.13,1
03-12-2022 17:00,EST,CAPITL,61757,91.42,2.13,-51.84,1
03-12-2022 18:00,EST,CAPITL,61757,79.71,2.23,-37,1
03-12-2022 19:00,EST,CAPITL,61757,67.01,1.93,-29.27,1
03-12-2022 20:00,EST,CAPITL,61757,60.85,1.75,-25.4,1
03-12-2022 21:00,EST,CAPITL,61757,57.21,1.77,-22.68,1
03-12-2022 22:00,EST,CAPITL,61757,55.41,1.58,-23.42,1
03-12-2022 23:00,EST,CAPITL,61757,56.83,1.42,-25.31,1
04-12-2022 00:00,EST,CAPITL,61757,51.88,1.02,-30.1,1
04-12-2022 01:00,EST,CAPITL,61757,48.04,1.27,-20.94,1
04-12-2022 02:00,EST,CAPITL,61757,46.28,1.12,-21.79,1
04-12-2022 03:00,EST,CAPITL,61757,46.24,1.03,-23.77,1
04-12-2022 04:00,EST,CAPITL,61757,45.1,1.24,-18.08,1
04-12-2022 05:00,EST,CAPITL,61757,47.48,1.32,-19.73,1
04-12-2022 06:00,EST,CAPITL,61757,47.97,1.47,-17.02,1
04-12-2022 07:00,EST,CAPITL,61757,45.83,1.8,-7.93,1
04-12-2022 08:00,EST,CAPITL,61757,45.91,2.13,-7.61,1
04-12-2022 09:00,EST,CAPITL,61757,44.49,2.28,-4.21,1
04-12-2022 10:00,EST,CAPITL,61757,45.75,2.21,-6.64,1
04-12-2022 11:00,EST,CAPITL,61757,45.13,2.17,-6.71,1
04-12-2022 12:00,EST,CAPITL,61757,45.51,2.09,-7.28,1
04-12-2022 13:00,EST,CAPITL,61757,46.48,1.99,-10.11,1
04-12-2022 14:00,EST,CAPITL,61757,47.16,2.05,-9.07,1
04-12-2022 15:00,EST,CAPITL,61757,52.82,2.06,-14.56,1
04-12-2022 16:00,EST,CAPITL,61757,73.4,2.61,-29.36,1
04-12-2022 17:00,EST,CAPITL,61757,89.18,2.89,-41.73,1
04-12-2022 18:00,EST,CAPITL,61757,79.01,2.91,-31.32,1
04-12-2022 19:00,EST,CAPITL,61757,69.29,2.77,-21.79,1
04-12-2022 20:00,EST,CAPITL,61757,73.84,2.22,-35.27,1
04-12-2022 21:00,EST,CAPITL,61757,62.62,2.1,-24.28,1
04-12-2022 22:00,EST,CAPITL,61757,54.9,1.99,-16.74,1
04-12-2022 23:00,EST,CAPITL,61757,55.97,1.29,-28.87,1
05-12-2022 00:00,EST,CAPITL,61757,47.88,1.66,-10.05,1
05-12-2022 01:00,EST,CAPITL,61757,46.65,1.54,-11.69,1
05-12-2022 02:00,EST,CAPITL,61757,45.07,1.47,-11.69,1
05-12-2022 03:00,EST,CAPITL,61757,45.82,1.63,-9.5,1
05-12-2022 04:00,EST,CAPITL,61757,48.87,1.71,-11.53,1
05-12-2022 05:00,EST,CAPITL,61757,55.24,1.77,-17.35,1
05-12-2022 06:00,EST,CAPITL,61757,73.29,2.05,-33.18,1
05-12-2022 07:00,EST,CAPITL,61757,86.75,2.51,-37.72,1
05-12-2022 08:00,EST,CAPITL,61757,68.23,2.78,-17.53,1
05-12-2022 09:00,EST,CAPITL,61757,51.53,2.59,0,1
05-12-2022 10:00,EST,CAPITL,61757,49.43,2.35,0,1
05-12-2022 11:00,EST,CAPITL,61757,47.56,2.22,0,1
05-12-2022 12:00,EST,CAPITL,61757,46.62,2.18,0,1
05-12-2022 13:00,EST,CAPITL,61757,47.56,2.22,0,1
05-12-2022 14:00,EST,CAPITL,61757,50.49,2.52,-0.49,1
05-12-2022 15:00,EST,CAPITL,61757,56.9,2.79,-5.92,1
05-12-2022 16:00,EST,CAPITL,61757,81.69,3.84,-15.9,1
05-12-2022 17:00,EST,CAPITL,61757,98.54,4.52,-23.43,1
05-12-2022 18:00,EST,CAPITL,61757,85.6,4.07,-18.03,1
05-12-2022 19:00,EST,CAPITL,61757,73.76,2.99,-22.52,1
05-12-2022 20:00,EST,CAPITL,61757,68.18,2.66,-21.9,1
05-12-2022 21:00,EST,CAPITL,61757,57.09,2.5,-13.59,1
05-12-2022 22:00,EST,CAPITL,61757,53.65,2.06,-15.34,1
05-12-2022 23:00,EST,CAPITL,61757,52.81,1.78,-16.18,1
06-12-2022 00:00,EST,CAPITL,61757,44.65,2.06,-6.51,1
06-12-2022 01:00,EST,CAPITL,61757,41.97,1.83,-7.41,1
06-12-2022 02:00,EST,CAPITL,61757,40.83,1.8,-6.25,1
06-12-2022 03:00,EST,CAPITL,61757,40.2,1.84,-5.55,1
06-12-2022 04:00,EST,CAPITL,61757,41.94,1.84,-7.18,1
06-12-2022 05:00,EST,CAPITL,61757,47.16,1.99,-9.01,1
06-12-2022 06:00,EST,CAPITL,61757,58.83,2.22,-16.16,1
06-12-2022 07:00,EST,CAPITL,61757,60.86,3.27,-0.24,1
06-12-2022 08:00,EST,CAPITL,61757,58.97,3.23,0,1
06-12-2022 09:00,EST,CAPITL,61757,54.72,2.9,0,1
06-12-2022 10:00,EST,CAPITL,61757,53.81,2.9,0,1
06-12-2022 11:00,EST,CAPITL,61757,53.3,2.87,0,1
06-12-2022 12:00,EST,CAPITL,61757,52.91,2.85,0,1
06-12-2022 13:00,EST,CAPITL,61757,53.38,2.97,0,1
06-12-2022 14:00,EST,CAPITL,61757,53.01,2.95,0,1
06-12-2022 15:00,EST,CAPITL,61757,55.99,3.17,0,1
06-12-2022 16:00,EST,CAPITL,61757,63.12,3.52,0,1
06-12-2022 17:00,EST,CAPITL,61757,76.07,4.44,0,1
06-12-2022 18:00,EST,CAPITL,61757,64.17,3.57,0,1
06-12-2022 19:00,EST,CAPITL,61757,54.76,3.19,-0.06,1
06-12-2022 20:00,EST,CAPITL,61757,51.84,2.87,-1.97,1
06-12-2022 21:00,EST,CAPITL,61757,49.94,2.69,-7.15,1
06-12-2022 22:00,EST,CAPITL,61757,48.83,2.44,-7.67,1
06-12-2022 23:00,EST,CAPITL,61757,46.38,2.11,-7.96,1
07-12-2022 00:00,EST,CAPITL,61757,37.52,1.48,0,1
07-12-2022 01:00,EST,CAPITL,61757,35.39,1.43,0,1
07-12-2022 02:00,EST,CAPITL,61757,34.56,1.39,0,1
07-12-2022 03:00,EST,CAPITL,61757,33.88,1.33,0,1
07-12-2022 04:00,EST,CAPITL,61757,34.47,1.33,0,1
07-12-2022 05:00,EST,CAPITL,61757,36.33,1.46,0,1
07-12-2022 06:00,EST,CAPITL,61757,40.08,1.84,0,1
07-12-2022 07:00,EST,CAPITL,61757,45.13,2.31,0,1
07-12-2022 08:00,EST,CAPITL,61757,44.76,2.41,0,1
07-12-2022 09:00,EST,CAPITL,61757,45.64,2.25,0,1
07-12-2022 10:00,EST,CAPITL,61757,46.55,2.51,0,1
07-12-2022 11:00,EST,CAPITL,61757,46.09,2.48,0,1
07-12-2022 12:00,EST,CAPITL,61757,46.05,2.48,0,1
07-12-2022 13:00,EST,CAPITL,61757,45,2.59,0,1
07-12-2022 14:00,EST,CAPITL,61757,45.1,2.51,0,1
07-12-2022 15:00,EST,CAPITL,61757,46.57,2.76,0,1
07-12-2022 16:00,EST,CAPITL,61757,52.92,3.09,0,1
07-12-2022 17:00,EST,CAPITL,61757,60.75,3.49,0,1
07-12-2022 18:00,EST,CAPITL,61757,57.28,3.09,0,1
07-12-2022 19:00,EST,CAPITL,61757,46,2.56,0,1
07-12-2022 20:00,EST,CAPITL,61757,43.71,2.47,0,1
07-12-2022 21:00,EST,CAPITL,61757,41.47,2.27,0,1
07-12-2022 22:00,EST,CAPITL,61757,38.92,1.85,0,1
07-12-2022 23:00,EST,CAPITL,61757,37.02,1.56,0,1
08-12-2022 00:00,EST,CAPITL,61757,34.82,1.47,0,1
08-12-2022 01:00,EST,CAPITL,61757,32.46,1.4,0,1
08-12-2022 02:00,EST,CAPITL,61757,31.2,1.43,0,1
08-12-2022 03:00,EST,CAPITL,61757,31.29,1.43,0,1
08-12-2022 04:00,EST,CAPITL,61757,32.15,1.44,0,1
08-12-2022 05:00,EST,CAPITL,61757,34.14,1.41,0,1
08-12-2022 06:00,EST,CAPITL,61757,40.45,2.11,0,1
08-12-2022 07:00,EST,CAPITL,61757,43.7,2.55,0,1
08-12-2022 08:00,EST,CAPITL,61757,44.21,2.82,0,1
08-12-2022 09:00,EST,CAPITL,61757,42.22,2.54,0,1
08-12-2022 10:00,EST,CAPITL,61757,41.71,2.44,0,1
08-12-2022 11:00,EST,CAPITL,61757,41.58,2.28,0,1
08-12-2022 12:00,EST,CAPITL,61757,40.5,2.18,0,1
08-12-2022 13:00,EST,CAPITL,61757,41.12,2.29,0,1
08-12-2022 14:00,EST,CAPITL,61757,41.9,2.52,0,1
08-12-2022 15:00,EST,CAPITL,61757,43.98,2.72,0,1
08-12-2022 16:00,EST,CAPITL,61757,52.85,3.46,0,1
08-12-2022 17:00,EST,CAPITL,61757,63.48,4.04,0,1
08-12-2022 18:00,EST,CAPITL,61757,57.7,3.83,0,1
08-12-2022 19:00,EST,CAPITL,61757,50.48,3.35,0,1
08-12-2022 20:00,EST,CAPITL,61757,44.61,2.88,0,1
08-12-2022 21:00,EST,CAPITL,61757,43.07,2.89,0,1
08-12-2022 22:00,EST,CAPITL,61757,40.27,2.35,0,1
08-12-2022 23:00,EST,CAPITL,61757,37.84,1.9,0,1
09-12-2022 00:00,EST,CAPITL,61757,38.57,2.04,0,1
09-12-2022 01:00,EST,CAPITL,61757,37.16,1.74,0,1
09-12-2022 02:00,EST,CAPITL,61757,36.36,1.76,0,1
09-12-2022 03:00,EST,CAPITL,61757,36.6,1.87,0,1
09-12-2022 04:00,EST,CAPITL,61757,36.91,1.86,0,1
09-12-2022 05:00,EST,CAPITL,61757,39.02,2.24,0,1
09-12-2022 06:00,EST,CAPITL,61757,48.29,2.96,-1.22,1
09-12-2022 07:00,EST,CAPITL,61757,56.18,3.56,-0.99,1
09-12-2022 08:00,EST,CAPITL,61757,50.19,3.38,-0.44,1
09-12-2022 09:00,EST,CAPITL,61757,46.72,3.01,0,1
09-12-2022 10:00,EST,CAPITL,61757,46.52,2.92,0,1
09-12-2022 11:00,EST,CAPITL,61757,45.39,2.77,0,1
09-12-2022 12:00,EST,CAPITL,61757,44.16,2.69,0,1
09-12-2022 13:00,EST,CAPITL,61757,45.2,2.78,-0.88,1
09-12-2022 14:00,EST,CAPITL,61757,47.8,2.74,-4.71,1
09-12-2022 15:00,EST,CAPITL,61757,51.56,2.91,-8.31,1
09-12-2022 16:00,EST,CAPITL,61757,67.85,3.79,-11.51,1
09-12-2022 17:00,EST,CAPITL,61757,83.43,4.55,-17.42,1
09-12-2022 18:00,EST,CAPITL,61757,73.44,3.88,-16.44,1
09-12-2022 19:00,EST,CAPITL,61757,71.58,3.18,-24.78,1
09-12-2022 20:00,EST,CAPITL,61757,64.64,2.9,-22.02,1
09-12-2022 21:00,EST,CAPITL,61757,55.41,2.82,-14,1
09-12-2022 22:00,EST,CAPITL,61757,50.04,2.7,-8.79,1
09-12-2022 23:00,EST,CAPITL,61757,51.56,2.41,-12.59,1
10-12-2022 00:00,EST,CAPITL,61757,55.3,2.62,-14.2,1
10-12-2022 01:00,EST,CAPITL,61757,52.98,2.77,-10.07,1
10-12-2022 02:00,EST,CAPITL,61757,48.12,2.63,-6.81,1
10-12-2022 03:00,EST,CAPITL,61757,48.7,2.68,-7.18,1
10-12-2022 04:00,EST,CAPITL,61757,49.1,2.74,-7.76,1
10-12-2022 05:00,EST,CAPITL,61757,52.57,2.83,-9.24,1
10-12-2022 06:00,EST,CAPITL,61757,56.45,2.64,-15.58,1
10-12-2022 07:00,EST,CAPITL,61757,62.67,2.43,-23.93,1
10-12-2022 08:00,EST,CAPITL,61757,59.68,3.01,-13,1
10-12-2022 09:00,EST,CAPITL,61757,57.68,3.17,-7.18,1
10-12-2022 10:00,EST,CAPITL,61757,55.34,2.63,-12.3,1
10-12-2022 11:00,EST,CAPITL,61757,54.38,2.55,-11.99,1
10-12-2022 12:00,EST,CAPITL,61757,53.93,2.49,-12.5,1
10-12-2022 13:00,EST,CAPITL,61757,55.73,2.52,-14.49,1
10-12-2022 14:00,EST,CAPITL,61757,59.57,2.56,-18.29,1
10-12-2022 15:00,EST,CAPITL,61757,60.93,2.81,-17.35,1
10-12-2022 16:00,EST,CAPITL,61757,87.67,3,-41.73,1
10-12-2022 17:00,EST,CAPITL,61757,92.11,4.12,-30.86,1
10-12-2022 18:00,EST,CAPITL,61757,88.67,3.29,-39.65,1
10-12-2022 19:00,EST,CAPITL,61757,85.42,2.65,-43.76,1
10-12-2022 20:00,EST,CAPITL,61757,80.62,2.57,-40.84,1
10-12-2022 21:00,EST,CAPITL,61757,72.09,2.54,-33.31,1
10-12-2022 22:00,EST,CAPITL,61757,65.29,2.5,-26.56,1
10-12-2022 23:00,EST,CAPITL,61757,63.63,2.24,-25.34,1
11-12-2022 00:00,EST,CAPITL,61757,81.98,2.46,-43.43,1
11-12-2022 01:00,EST,CAPITL,61757,77.23,2.42,-38.72,1
11-12-2022 02:00,EST,CAPITL,61757,75.01,2.45,-36.54,1
11-12-2022 03:00,EST,CAPITL,61757,74.61,2.49,-36.07,1
11-12-2022 04:00,EST,CAPITL,61757,74.1,2.52,-35.52,1
11-12-2022 05:00,EST,CAPITL,61757,73.61,2.49,-34.98,1
11-12-2022 06:00,EST,CAPITL,61757,75.48,2.46,-36.89,1
11-12-2022 07:00,EST,CAPITL,61757,78.11,2.35,-39.59,1
11-12-2022 08:00,EST,CAPITL,61757,73.86,2.87,-31.21,1
11-12-2022 09:00,EST,CAPITL,61757,76.21,2.91,-32.36,1
11-12-2022 10:00,EST,CAPITL,61757,75.63,3.37,-27.32,1
11-12-2022 11:00,EST,CAPITL,61757,76.62,3.47,-26.31,1
11-12-2022 12:00,EST,CAPITL,61757,89.8,3.21,-43.23,1
11-12-2022 13:00,EST,CAPITL,61757,119.92,3.14,-74.93,1
11-12-2022 14:00,EST,CAPITL,61757,125.67,2.99,-82.33,1
11-12-2022 15:00,EST,CAPITL,61757,94.74,3.13,-49.31,1
11-12-2022 16:00,EST,CAPITL,61757,114.92,4.26,-51.57,1
11-12-2022 17:00,EST,CAPITL,61757,160.51,4.58,-92.33,1
11-12-2022 18:00,EST,CAPITL,61757,125.17,4.56,-57.35,1
11-12-2022 19:00,EST,CAPITL,61757,92.63,3.75,-36.84,1
11-12-2022 20:00,EST,CAPITL,61757,91.35,3.2,-42.42,1
11-12-2022 21:00,EST,CAPITL,61757,80.62,3.05,-33.93,1
11-12-2022 22:00,EST,CAPITL,61757,74.92,3.37,-24.8,1
11-12-2022 23:00,EST,CAPITL,61757,75.55,2.67,-31.24,1
12-12-2022 00:00,EST,CAPITL,61757,74.96,2.93,-29.5,1
12-12-2022 01:00,EST,CAPITL,61757,71.53,2.97,-25.53,1
12-12-2022 02:00,EST,CAPITL,61757,70.64,3.03,-23.69,1
12-12-2022 03:00,EST,CAPITL,61757,71.76,3.15,-24.32,1
12-12-2022 04:00,EST,CAPITL,61757,70.46,2.94,-24.32,1
12-12-2022 05:00,EST,CAPITL,61757,75.82,3.14,-26.49,1
12-12-2022 06:00,EST,CAPITL,61757,84.21,3.61,-26.66,1
12-12-2022 07:00,EST,CAPITL,61757,104.45,3.86,-41.19,1
12-12-2022 08:00,EST,CAPITL,61757,129.92,4.57,-57.18,1
12-12-2022 09:00,EST,CAPITL,61757,116.19,4.08,-53.77,1
12-12-2022 10:00,EST,CAPITL,61757,112.39,3.96,-51.79,1
12-12-2022 11:00,EST,CAPITL,61757,98.99,3.88,-40.47,1
12-12-2022 12:00,EST,CAPITL,61757,89.08,3.74,-31.05,1
12-12-2022 13:00,EST,CAPITL,61757,97.19,3.6,-42.21,1
12-12-2022 14:00,EST,CAPITL,61757,101.06,3.44,-48.52,1
12-12-2022 15:00,EST,CAPITL,61757,112.73,3.16,-62.37,1
12-12-2022 16:00,EST,CAPITL,61757,160.95,4.18,-92.39,1
12-12-2022 17:00,EST,CAPITL,61757,221.92,5.4,-135.86,1
12-12-2022 18:00,EST,CAPITL,61757,213.19,4.62,-139.68,1
12-12-2022 19:00,EST,CAPITL,61757,186.56,3.67,-126.32,1
12-12-2022 20:00,EST,CAPITL,61757,170.12,3.85,-108.8,1
12-12-2022 21:00,EST,CAPITL,61757,112.84,3.36,-58.63,1
12-12-2022 22:00,EST,CAPITL,61757,103.25,3.18,-50.49,1
12-12-2022 23:00,EST,CAPITL,61757,95.5,2.99,-45.76,1
13-12-2022 00:00,EST,CAPITL,61757,79.68,3.51,-15.62,1
13-12-2022 01:00,EST,CAPITL,61757,79.05,3.17,-21.14,1
13-12-2022 02:00,EST,CAPITL,61757,76.08,3.15,-18.61,1
13-12-2022 03:00,EST,CAPITL,61757,81.95,2.95,-29.04,1
13-12-2022 04:00,EST,CAPITL,61757,75.95,3.3,-17.61,1
13-12-2022 05:00,EST,CAPITL,61757,88.13,3.62,-27.09,1
13-12-2022 06:00,EST,CAPITL,61757,127.02,4.48,-51.44,1
13-12-2022 07:00,EST,CAPITL,61757,138.58,6.22,-32.01,1
13-12-2022 08:00,EST,CAPITL,61757,133.05,5.16,-46.12,1
13-12-2022 09:00,EST,CAPITL,61757,104.88,4.07,-37.23,1
13-12-2022 10:00,EST,CAPITL,61757,94.21,3.76,-30.8,1
13-12-2022 11:00,EST,CAPITL,61757,87.06,3.3,-28.74,1
13-12-2022 12:00,EST,CAPITL,61757,77.96,3.2,-20.5,1
13-12-2022 13:00,EST,CAPITL,61757,80.71,3.09,-26.94,1
13-12-2022 14:00,EST,CAPITL,61757,92.12,2.94,-42.46,1
13-12-2022 15:00,EST,CAPITL,61757,106.25,3.21,-55.82,1
13-12-2022 16:00,EST,CAPITL,61757,169.02,4.09,-106.45,1
13-12-2022 17:00,EST,CAPITL,61757,211.44,5.29,-130.61,1
13-12-2022 18:00,EST,CAPITL,61757,195.05,4.39,-127.92,1
13-12-2022 19:00,EST,CAPITL,61757,133.96,3.58,-77.81,1
13-12-2022 20:00,EST,CAPITL,61757,122.83,3.5,-67.12,1
13-12-2022 21:00,EST,CAPITL,61757,110.74,3.36,-60.8,1
13-12-2022 22:00,EST,CAPITL,61757,96.33,3.27,-45,1
13-12-2022 23:00,EST,CAPITL,61757,96.44,2.56,-51.27,1
14-12-2022 00:00,EST,CAPITL,61757,133.6,3.83,-70.04,1
14-12-2022 01:00,EST,CAPITL,61757,125.47,3.55,-64.6,1
14-12-2022 02:00,EST,CAPITL,61757,124.7,3.41,-68.74,1
14-12-2022 03:00,EST,CAPITL,61757,121.56,3.78,-58.79,1
14-12-2022 04:00,EST,CAPITL,61757,122.99,3.39,-66.6,1
14-12-2022 05:00,EST,CAPITL,61757,125.97,3.9,-63.79,1
14-12-2022 06:00,EST,CAPITL,61757,163.73,4.38,-92.97,1
14-12-2022 07:00,EST,CAPITL,61757,201.87,5.58,-109.22,1
14-12-2022 08:00,EST,CAPITL,61757,171.32,5.42,-85.05,1
14-12-2022 09:00,EST,CAPITL,61757,143.59,4.31,-73.95,1
14-12-2022 10:00,EST,CAPITL,61757,115.13,4.08,-45.28,1
14-12-2022 11:00,EST,CAPITL,61757,109.9,4.24,-37.37,1
14-12-2022 12:00,EST,CAPITL,61757,115.13,3.45,-55.15,1
14-12-2022 13:00,EST,CAPITL,61757,114.54,3.46,-54.41,1
14-12-2022 14:00,EST,CAPITL,61757,118.29,3.68,-57.14,1
14-12-2022 15:00,EST,CAPITL,61757,127.67,3.99,-64.16,1
14-12-2022 16:00,EST,CAPITL,61757,174.17,4.45,-104.3,1
14-12-2022 17:00,EST,CAPITL,61757,236,6.79,-130.75,1
14-12-2022 18:00,EST,CAPITL,61757,212.02,5.48,-127.07,1
14-12-2022 19:00,EST,CAPITL,61757,167.73,4.18,-102.91,1
14-12-2022 20:00,EST,CAPITL,61757,152.97,3.65,-95.72,1
14-12-2022 21:00,EST,CAPITL,61757,128.21,3.71,-69.89,1
14-12-2022 22:00,EST,CAPITL,61757,125,3.22,-69.92,1
14-12-2022 23:00,EST,CAPITL,61757,116.4,3.01,-59.62,1
15-12-2022 00:00,EST,CAPITL,61757,169.29,2.84,-111.86,1
15-12-2022 01:00,EST,CAPITL,61757,174.78,2.37,-125.9,1
15-12-2022 02:00,EST,CAPITL,61757,170.33,2.24,-123.27,1
15-12-2022 03:00,EST,CAPITL,61757,168.86,2.09,-124.09,1
15-12-2022 04:00,EST,CAPITL,61757,172.24,1.98,-130.58,1
15-12-2022 05:00,EST,CAPITL,61757,164.39,2.37,-118.08,1
15-12-2022 06:00,EST,CAPITL,61757,215.97,3.11,-160.18,1
15-12-2022 07:00,EST,CAPITL,61757,240.37,3.44,-180.47,1
15-12-2022 08:00,EST,CAPITL,61757,206.28,4.41,-135.07,1
15-12-2022 09:00,EST,CAPITL,61757,189.58,3.69,-130.9,1
15-12-2022 10:00,EST,CAPITL,61757,209.71,4.16,-145.22,1
15-12-2022 11:00,EST,CAPITL,61757,201.02,4.16,-136.56,1
15-12-2022 12:00,EST,CAPITL,61757,168,4.15,-102.85,1
15-12-2022 13:00,EST,CAPITL,61757,178.29,3.93,-115.72,1
15-12-2022 14:00,EST,CAPITL,61757,184.42,3.85,-123.99,1
15-12-2022 15:00,EST,CAPITL,61757,201.51,4.17,-136.93,1
15-12-2022 16:00,EST,CAPITL,61757,259.95,4.63,-188.21,1
15-12-2022 17:00,EST,CAPITL,61757,297.28,6.02,-205.29,1
15-12-2022 18:00,EST,CAPITL,61757,274.32,4.85,-199.2,1
15-12-2022 19:00,EST,CAPITL,61757,193.51,4.75,-118.87,1
15-12-2022 20:00,EST,CAPITL,61757,195.7,4.07,-130.93,1
15-12-2022 21:00,EST,CAPITL,61757,122,4.03,-58.81,1
15-12-2022 22:00,EST,CAPITL,61757,103.06,3.99,-39.52,1
15-12-2022 23:00,EST,CAPITL,61757,115.15,2.89,-59.6,1
16-12-2022 00:00,EST,CAPITL,61757,75.52,3.35,-13.31,1
16-12-2022 01:00,EST,CAPITL,61757,81.5,2.34,-37.4,1
16-12-2022 02:00,EST,CAPITL,61757,76.32,2.18,-35.22,1
16-12-2022 03:00,EST,CAPITL,61757,75,2.23,-33.55,1
16-12-2022 04:00,EST,CAPITL,61757,75.91,2.44,-31.41,1
16-12-2022 05:00,EST,CAPITL,61757,77.02,3.62,-14.03,1
16-12-2022 06:00,EST,CAPITL,61757,88.64,3.86,-25.32,1
16-12-2022 07:00,EST,CAPITL,61757,100.03,4.61,-25.63,1
16-12-2022 08:00,EST,CAPITL,61757,96.2,6.09,-6.63,1
16-12-2022 09:00,EST,CAPITL,61757,94.23,6.65,0,1
16-12-2022 10:00,EST,CAPITL,61757,90.17,6.45,0,1
16-12-2022 11:00,EST,CAPITL,61757,92.4,5.98,-6.78,1
16-12-2022 12:00,EST,CAPITL,61757,90.33,5.74,-7.09,1
16-12-2022 13:00,EST,CAPITL,61757,88.91,5.66,-6.8,1
16-12-2022 14:00,EST,CAPITL,61757,92.47,4.79,-19.3,1
16-12-2022 15:00,EST,CAPITL,61757,99.13,4.65,-28.09,1
16-12-2022 16:00,EST,CAPITL,61757,114.19,5.65,-27.74,1
16-12-2022 17:00,EST,CAPITL,61757,122.32,6.71,-19.73,1
16-12-2022 18:00,EST,CAPITL,61757,107.28,5.7,-17.86,1
16-12-2022 19:00,EST,CAPITL,61757,94.46,4.6,-20.16,1
16-12-2022 20:00,EST,CAPITL,61757,98.2,3.69,-37.78,1
16-12-2022 21:00,EST,CAPITL,61757,92.34,3.53,-34.43,1
16-12-2022 22:00,EST,CAPITL,61757,83.13,3.59,-22.5,1
16-12-2022 23:00,EST,CAPITL,61757,80.5,3.26,-22.96,1
17-12-2022 00:00,EST,CAPITL,61757,88.16,4.68,-4.14,1
17-12-2022 01:00,EST,CAPITL,61757,71.15,3.6,-5.46,1
17-12-2022 02:00,EST,CAPITL,61757,75.81,3.41,-13.67,1
17-12-2022 03:00,EST,CAPITL,61757,76.48,2.97,-22.32,1
17-12-2022 04:00,EST,CAPITL,61757,76.25,3.41,-14.99,1
17-12-2022 05:00,EST,CAPITL,61757,74.78,3.67,-9.94,1
17-12-2022 06:00,EST,CAPITL,61757,100.16,2.89,-48.3,1
17-12-2022 07:00,EST,CAPITL,61757,95.21,4.04,-22.74,1
17-12-2022 08:00,EST,CAPITL,61757,98.43,4.81,-22.96,1
17-12-2022 09:00,EST,CAPITL,61757,101.52,4.68,-28.06,1
17-12-2022 10:00,EST,CAPITL,61757,110.09,3.88,-50.77,1
17-12-2022 11:00,EST,CAPITL,61757,111.06,3.58,-55.56,1
17-12-2022 12:00,EST,CAPITL,61757,112.3,3.31,-60.9,1
17-12-2022 13:00,EST,CAPITL,61757,110.68,3.27,-59.27,1
17-12-2022 14:00,EST,CAPITL,61757,111.23,3.18,-60.61,1
17-12-2022 15:00,EST,CAPITL,61757,117.33,3.56,-62.13,1
17-12-2022 16:00,EST,CAPITL,61757,155.29,3.77,-97.64,1
17-12-2022 17:00,EST,CAPITL,61757,211.15,3.78,-153.41,1
17-12-2022 18:00,EST,CAPITL,61757,169.64,4.06,-107.49,1
17-12-2022 19:00,EST,CAPITL,61757,156.94,3.31,-105.6,1
17-12-2022 20:00,EST,CAPITL,61757,146.08,3.17,-96.92,1
17-12-2022 21:00,EST,CAPITL,61757,128.34,3.04,-79.3,1
17-12-2022 22:00,EST,CAPITL,61757,119.62,2.74,-74.05,1
17-12-2022 23:00,EST,CAPITL,61757,113.23,2.44,-68.65,1
18-12-2022 00:00,EST,CAPITL,61757,120.68,2.32,-76.93,1
18-12-2022 01:00,EST,CAPITL,61757,112.73,2.16,-71.2,1
18-12-2022 02:00,EST,CAPITL,61757,108.31,2.3,-64.88,1
18-12-2022 03:00,EST,CAPITL,61757,107.92,2.3,-64.57,1
18-12-2022 04:00,EST,CAPITL,61757,107.84,2.4,-64.09,1
18-12-2022 05:00,EST,CAPITL,61757,112.92,2.4,-69.18,1
18-12-2022 06:00,EST,CAPITL,61757,118.58,2.44,-74.71,1
18-12-2022 07:00,EST,CAPITL,61757,122.05,2.77,-72.3,1
18-12-2022 08:00,EST,CAPITL,61757,122.36,3.51,-68,1
18-12-2022 09:00,EST,CAPITL,61757,119.58,3.58,-64.15,1
18-12-2022 10:00,EST,CAPITL,61757,119.14,3.18,-67.68,1
18-12-2022 11:00,EST,CAPITL,61757,118.72,3.07,-69.17,1
18-12-2022 12:00,EST,CAPITL,61757,118.79,2.73,-74.11,1
18-12-2022 13:00,EST,CAPITL,61757,121.89,2.71,-77.49,1
18-12-2022 14:00,EST,CAPITL,61757,127.44,2.71,-83.09,1
18-12-2022 15:00,EST,CAPITL,61757,135.05,3.11,-86.21,1
18-12-2022 16:00,EST,CAPITL,61757,182.03,3.55,-126.94,1
18-12-2022 17:00,EST,CAPITL,61757,225.45,4.31,-159.47,1
18-12-2022 18:00,EST,CAPITL,61757,200.53,3.46,-147.63,1
18-12-2022 19:00,EST,CAPITL,61757,192.49,2.87,-147.39,1
18-12-2022 20:00,EST,CAPITL,61757,177.29,3.02,-128.45,1
18-12-2022 21:00,EST,CAPITL,61757,146.11,2.83,-100.99,1
18-12-2022 22:00,EST,CAPITL,61757,141.84,2.54,-98.94,1
18-12-2022 23:00,EST,CAPITL,61757,133.47,2.34,-90.04,1
19-12-2022 00:00,EST,CAPITL,61757,131.88,2.04,-90.56,1
19-12-2022 01:00,EST,CAPITL,61757,124.87,2.04,-83.55,1
19-12-2022 02:00,EST,CAPITL,61757,122.68,2.08,-81.32,1
19-12-2022 03:00,EST,CAPITL,61757,120.95,2.04,-79.63,1
19-12-2022 04:00,EST,CAPITL,61757,122.75,2.08,-81.34,1
19-12-2022 05:00,EST,CAPITL,61757,147.71,2.36,-103.92,1
19-12-2022 06:00,EST,CAPITL,61757,189.02,3.14,-134.47,1
19-12-2022 07:00,EST,CAPITL,61757,225.41,3.52,-166.08,1
19-12-2022 08:00,EST,CAPITL,61757,195.47,5.06,-119.15,1
19-12-2022 09:00,EST,CAPITL,61757,171.93,3.92,-111.92,1
19-12-2022 10:00,EST,CAPITL,61757,153.15,4.12,-90.13,1
19-12-2022 11:00,EST,CAPITL,61757,148.41,3.3,-97.32,1
19-12-2022 12:00,EST,CAPITL,61757,143.33,3.34,-90.89,1
19-12-2022 13:00,EST,CAPITL,61757,148.18,3.33,-96.59,1
19-12-2022 14:00,EST,CAPITL,61757,158.45,3.31,-107.09,1
19-12-2022 15:00,EST,CAPITL,61757,174.81,3.36,-123.42,1
19-12-2022 16:00,EST,CAPITL,61757,219.56,4.58,-149.6,1
19-12-2022 17:00,EST,CAPITL,61757,266.2,5.68,-181.61,1
19-12-2022 18:00,EST,CAPITL,61757,241.46,5.62,-157.78,1
19-12-2022 19:00,EST,CAPITL,61757,215.51,4.53,-147.25,1
19-12-2022 20:00,EST,CAPITL,61757,202.69,3.26,-152.1,1
19-12-2022 21:00,EST,CAPITL,61757,180.86,3.03,-133.26,1
19-12-2022 22:00,EST,CAPITL,61757,163.04,3.36,-109.47,1
19-12-2022 23:00,EST,CAPITL,61757,154.44,2.61,-106.75,1
20-12-2022 00:00,EST,CAPITL,61757,126.93,3.04,-69.58,1
20-12-2022 01:00,EST,CAPITL,61757,109.33,3.05,-53.6,1
20-12-2022 02:00,EST,CAPITL,61757,115.61,2.8,-63.61,1
20-12-2022 03:00,EST,CAPITL,61757,123.1,2.74,-72.31,1
20-12-2022 04:00,EST,CAPITL,61757,129.08,2.93,-74.68,1
20-12-2022 05:00,EST,CAPITL,61757,143.51,3.27,-86.69,1
20-12-2022 06:00,EST,CAPITL,61757,203.6,3.56,-144.46,1
20-12-2022 07:00,EST,CAPITL,61757,225,4.35,-152.76,1
20-12-2022 08:00,EST,CAPITL,61757,174.64,6.31,-80.7,1
20-12-2022 09:00,EST,CAPITL,61757,156.25,5.15,-76.33,1
20-12-2022 10:00,EST,CAPITL,61757,137.3,4.83,-62.41,1
20-12-2022 11:00,EST,CAPITL,61757,134.09,4.33,-65.07,1
20-12-2022 12:00,EST,CAPITL,61757,130.46,4.24,-62.97,1
20-12-2022 13:00,EST,CAPITL,61757,138.3,3.82,-77.46,1
20-12-2022 14:00,EST,CAPITL,61757,151.47,3.79,-92.72,1
20-12-2022 15:00,EST,CAPITL,61757,178.85,3.8,-120.01,1
20-12-2022 16:00,EST,CAPITL,61757,232.64,4.66,-161.37,1
20-12-2022 17:00,EST,CAPITL,61757,276.02,6.17,-185.28,1
20-12-2022 18:00,EST,CAPITL,61757,252.57,6.26,-160.49,1
20-12-2022 19:00,EST,CAPITL,61757,235.28,4.02,-175.48,1
20-12-2022 20:00,EST,CAPITL,61757,224.14,3.56,-169.74,1
20-12-2022 21:00,EST,CAPITL,61757,196.58,3.47,-143.57,1
20-12-2022 22:00,EST,CAPITL,61757,169.93,3.52,-113.81,1
20-12-2022 23:00,EST,CAPITL,61757,166.11,2.67,-117.45,1
21-12-2022 00:00,EST,CAPITL,61757,107.53,4.16,-41.28,1
21-12-2022 01:00,EST,CAPITL,61757,97.28,4.45,-24.27,1
21-12-2022 02:00,EST,CAPITL,61757,101.16,4.31,-30.46,1
21-12-2022 03:00,EST,CAPITL,61757,104.7,3.79,-42.62,1
21-12-2022 04:00,EST,CAPITL,61757,104.76,4.76,-25.73,1
21-12-2022 05:00,EST,CAPITL,61757,115.93,5.37,-30.38,1
21-12-2022 06:00,EST,CAPITL,61757,142.09,6.64,-31.87,1
21-12-2022 07:00,EST,CAPITL,61757,157.78,8.54,-15.89,1
21-12-2022 08:00,EST,CAPITL,61757,136.68,6.79,-26.97,1
21-12-2022 09:00,EST,CAPITL,61757,108.77,6.73,0,1
21-12-2022 10:00,EST,CAPITL,61757,102.66,6.35,0,1
21-12-2022 11:00,EST,CAPITL,61757,115.85,5.37,-32.63,1
21-12-2022 12:00,EST,CAPITL,61757,128.95,4.21,-63.63,1
21-12-2022 13:00,EST,CAPITL,61757,117.29,4.43,-46.76,1
21-12-2022 14:00,EST,CAPITL,61757,123.27,4.61,-50.93,1
21-12-2022 15:00,EST,CAPITL,61757,121.14,5.42,-33.53,1
21-12-2022 16:00,EST,CAPITL,61757,135.55,7.85,-6.79,1
21-12-2022 17:00,EST,CAPITL,61757,181.84,9.48,-26.35,1
21-12-2022 18:00,EST,CAPITL,61757,199.29,8.47,-64.36,1
21-12-2022 19:00,EST,CAPITL,61757,190.88,5.71,-99.9,1
21-12-2022 20:00,EST,CAPITL,61757,152.49,5.78,-57.73,1
21-12-2022 21:00,EST,CAPITL,61757,173.7,4.28,-106.58,1
21-12-2022 22:00,EST,CAPITL,61757,153.21,3.83,-93.76,1
21-12-2022 23:00,EST,CAPITL,61757,126.44,3.49,-72.3,1
22-12-2022 00:00,EST,CAPITL,61757,79.69,4.34,-9.49,1
22-12-2022 01:00,EST,CAPITL,61757,78.64,3.9,-14.79,1
22-12-2022 02:00,EST,CAPITL,61757,77.53,3.83,-15.66,1
22-12-2022 03:00,EST,CAPITL,61757,84.69,3.42,-29.47,1
22-12-2022 04:00,EST,CAPITL,61757,95.17,3.52,-39.95,1
22-12-2022 05:00,EST,CAPITL,61757,82.92,4.24,-16.33,1
22-12-2022 06:00,EST,CAPITL,61757,104.21,4.69,-28.46,1
22-12-2022 07:00,EST,CAPITL,61757,103.81,6.33,-0.08,1
22-12-2022 08:00,EST,CAPITL,61757,114.01,6.01,-15.57,1
22-12-2022 09:00,EST,CAPITL,61757,116.07,5.16,-31.52,1
22-12-2022 10:00,EST,CAPITL,61757,93.12,4.51,-21.29,1
22-12-2022 11:00,EST,CAPITL,61757,91.06,4.55,-18.56,1
22-12-2022 12:00,EST,CAPITL,61757,88.58,4.39,-16.58,1
22-12-2022 13:00,EST,CAPITL,61757,87.74,4.41,-15.5,1
22-12-2022 14:00,EST,CAPITL,61757,109.85,3.67,-51.41,1
22-12-2022 15:00,EST,CAPITL,61757,126.17,3.46,-71.1,1
22-12-2022 16:00,EST,CAPITL,61757,145.32,4.31,-76.62,1
22-12-2022 17:00,EST,CAPITL,61757,177.02,4.49,-106.48,1
22-12-2022 18:00,EST,CAPITL,61757,156.69,4.06,-92,1
22-12-2022 19:00,EST,CAPITL,61757,129.04,3.74,-69.43,1
22-12-2022 20:00,EST,CAPITL,61757,114.45,3.63,-56.63,1
22-12-2022 21:00,EST,CAPITL,61757,103.14,3.39,-49.13,1
22-12-2022 22:00,EST,CAPITL,61757,84.95,3.63,-27.12,1
22-12-2022 23:00,EST,CAPITL,61757,69.28,3.2,-16.78,1
23-12-2022 00:00,EST,CAPITL,61757,59.59,3.38,-0.74,1
23-12-2022 01:00,EST,CAPITL,61757,56.53,2.97,-3.16,1
23-12-2022 02:00,EST,CAPITL,61757,53.8,2.85,0,1
23-12-2022 03:00,EST,CAPITL,61757,53.65,2.8,0,1
23-12-2022 04:00,EST,CAPITL,61757,55.17,2.87,0,1
23-12-2022 05:00,EST,CAPITL,61757,59.64,3.21,0,1
23-12-2022 06:00,EST,CAPITL,61757,68.68,3.89,0,1
23-12-2022 07:00,EST,CAPITL,61757,75.86,4.36,0,1
23-12-2022 08:00,EST,CAPITL,61757,87.44,5.33,0,1
23-12-2022 09:00,EST,CAPITL,61757,87.36,5.41,0,1
23-12-2022 10:00,EST,CAPITL,61757,140.07,5.81,-44.75,1
23-12-2022 11:00,EST,CAPITL,61757,135.87,5.68,-40.03,1
23-12-2022 12:00,EST,CAPITL,61757,130,6.42,-21.74,1
23-12-2022 13:00,EST,CAPITL,61757,131,5.89,-31.59,1
23-12-2022 14:00,EST,CAPITL,61757,131.93,6.12,-28.81,1
23-12-2022 15:00,EST,CAPITL,61757,149.82,6.03,-49.73,1
23-12-2022 16:00,EST,CAPITL,61757,178.03,7.47,-55.5,1
23-12-2022 17:00,EST,CAPITL,61757,198.5,12.64,0,1
23-12-2022 18:00,EST,CAPITL,61757,188.1,12.3,0,1
23-12-2022 19:00,EST,CAPITL,61757,181.08,8.72,-45.96,1
23-12-2022 20:00,EST,CAPITL,61757,182.53,7.67,-62.13,1
23-12-2022 21:00,EST,CAPITL,61757,160.07,7.19,-47.25,1
23-12-2022 22:00,EST,CAPITL,61757,151.99,7,-42.07,1
23-12-2022 23:00,EST,CAPITL,61757,141.59,5.59,-47.32,1
24-12-2022 00:00,EST,CAPITL,61757,255.15,7.36,-136.29,1
24-12-2022 01:00,EST,CAPITL,61757,232.29,6.28,-129.31,1
24-12-2022 02:00,EST,CAPITL,61757,230.3,6.41,-128.21,1
24-12-2022 03:00,EST,CAPITL,61757,231.54,6.21,-132.59,1
24-12-2022 04:00,EST,CAPITL,61757,233.8,6.43,-132.89,1
24-12-2022 05:00,EST,CAPITL,61757,241.35,6.62,-137.48,1
24-12-2022 06:00,EST,CAPITL,61757,249.25,6.63,-145.19,1
24-12-2022 07:00,EST,CAPITL,61757,264.65,6.15,-168.07,1
24-12-2022 08:00,EST,CAPITL,61757,304.58,10.19,-158.54,1
24-12-2022 09:00,EST,CAPITL,61757,310.85,9.55,-175.6,1
24-12-2022 10:00,EST,CAPITL,61757,341.83,10.6,-195.44,1
24-12-2022 11:00,EST,CAPITL,61757,310.85,10.12,-169.26,1
24-12-2022 12:00,EST,CAPITL,61757,320.59,9.73,-184.58,1
24-12-2022 13:00,EST,CAPITL,61757,283.76,8.1,-167.64,1
24-12-2022 14:00,EST,CAPITL,61757,286.48,8.2,-167.49,1
24-12-2022 15:00,EST,CAPITL,61757,304.17,7.47,-195.8,1
24-12-2022 16:00,EST,CAPITL,61757,515.66,9.11,-385.14,1
24-12-2022 17:00,EST,CAPITL,61757,522.77,12.65,-341.58,1
24-12-2022 18:00,EST,CAPITL,61757,434.48,11.52,-267.32,1
24-12-2022 19:00,EST,CAPITL,61757,375.29,9.51,-237.22,1
24-12-2022 20:00,EST,CAPITL,61757,333.97,8.12,-213.15,1
24-12-2022 21:00,EST,CAPITL,61757,334.43,6.81,-235.53,1
24-12-2022 22:00,EST,CAPITL,61757,330.81,8.92,-203.06,1
24-12-2022 23:00,EST,CAPITL,61757,272.18,7.87,-153.45,1
25-12-2022 00:00,EST,CAPITL,61757,312.13,5.55,-235.53,1
25-12-2022 01:00,EST,CAPITL,61757,273.79,5.11,-204.05,1
25-12-2022 02:00,EST,CAPITL,61757,269.77,4.97,-201.07,1
25-12-2022 03:00,EST,CAPITL,61757,263.69,5.3,-190.44,1
25-12-2022 04:00,EST,CAPITL,61757,233.34,12.04,-60.8,1
25-12-2022 05:00,EST,CAPITL,61757,282.82,12.73,-102.56,1
25-12-2022 06:00,EST,CAPITL,61757,243.71,12.52,-59.58,1
25-12-2022 07:00,EST,CAPITL,61757,257.99,9.08,-122.91,1
25-12-2022 08:00,EST,CAPITL,61757,292.83,14.58,-83.9,1
25-12-2022 09:00,EST,CAPITL,61757,300,16.44,-61.44,1
25-12-2022 10:00,EST,CAPITL,61757,220.64,14.34,-9.79,1
25-12-2022 11:00,EST,CAPITL,61757,240.15,13.92,-35.43,1
25-12-2022 12:00,EST,CAPITL,61757,233.14,13.5,-34.58,1
25-12-2022 13:00,EST,CAPITL,61757,248.05,12.01,-71.41,1
25-12-2022 14:00,EST,CAPITL,61757,250,11.81,-74.23,1
25-12-2022 15:00,EST,CAPITL,61757,252.83,12.95,-62.46,1
25-12-2022 16:00,EST,CAPITL,61757,293.1,16.06,-54.14,1
25-12-2022 17:00,EST,CAPITL,61757,345.84,21.14,-34.96,1
25-12-2022 18:00,EST,CAPITL,61757,363.82,17.23,-110.39,1
25-12-2022 19:00,EST,CAPITL,61757,300,16.68,-54.72,1
25-12-2022 20:00,EST,CAPITL,61757,300,13.27,-104.79,1
25-12-2022 21:00,EST,CAPITL,61757,258.59,13.87,-57.24,1
25-12-2022 22:00,EST,CAPITL,61757,247.7,13.72,-46,1
25-12-2022 23:00,EST,CAPITL,61757,232.59,10.26,-75.67,1
26-12-2022 00:00,EST,CAPITL,61757,298.13,19.5,0,1
26-12-2022 01:00,EST,CAPITL,61757,275.99,17.33,0,1
26-12-2022 02:00,EST,CAPITL,61757,265.04,16.88,0,1
26-12-2022 03:00,EST,CAPITL,61757,268.77,16.64,0,1
26-12-2022 04:00,EST,CAPITL,61757,268.35,16.37,0,1
26-12-2022 05:00,EST,CAPITL,61757,285.66,17.68,0,1
26-12-2022 06:00,EST,CAPITL,61757,318.8,19.73,0,1
26-12-2022 07:00,EST,CAPITL,61757,334.37,22.17,0,1
26-12-2022 08:00,EST,CAPITL,61757,405.5,19.99,-115.34,1
26-12-2022 09:00,EST,CAPITL,61757,404.35,19.36,-123.35,1
26-12-2022 10:00,EST,CAPITL,61757,281.09,18.89,0,1
26-12-2022 11:00,EST,CAPITL,61757,267,17.22,0,1
26-12-2022 12:00,EST,CAPITL,61757,248.08,15.58,0,1
26-12-2022 13:00,EST,CAPITL,61757,247.62,15.55,0,1
26-12-2022 14:00,EST,CAPITL,61757,251.83,16.24,0,1
26-12-2022 15:00,EST,CAPITL,61757,271.82,18.02,0,1
26-12-2022 16:00,EST,CAPITL,61757,358.18,23.75,0,1
26-12-2022 17:00,EST,CAPITL,61757,393.02,25.04,0,1
26-12-2022 18:00,EST,CAPITL,61757,388.5,25.41,0,1
26-12-2022 19:00,EST,CAPITL,61757,359.51,23.19,0,1
26-12-2022 20:00,EST,CAPITL,61757,346.88,22.37,0,1
26-12-2022 21:00,EST,CAPITL,61757,293.1,19.17,0,1
26-12-2022 22:00,EST,CAPITL,61757,255.98,16.31,0,1
26-12-2022 23:00,EST,CAPITL,61757,240,15.07,0,1
27-12-2022 00:00,EST,CAPITL,61757,234.01,9.38,-88.57,1
27-12-2022 01:00,EST,CAPITL,61757,227.64,9.37,-80.56,1
27-12-2022 02:00,EST,CAPITL,61757,219.48,8.99,-78.4,1
27-12-2022 03:00,EST,CAPITL,61757,231.07,9.25,-87.72,1
27-12-2022 04:00,EST,CAPITL,61757,235.84,10.31,-78.26,1
27-12-2022 05:00,EST,CAPITL,61757,241.81,11.36,-68.18,1
27-12-2022 06:00,EST,CAPITL,61757,300,13.75,-95.33,1
27-12-2022 07:00,EST,CAPITL,61757,375,15.46,-141.77,1
27-12-2022 08:00,EST,CAPITL,61757,467.19,14.95,-244.79,1
27-12-2022 09:00,EST,CAPITL,61757,409.72,14.08,-200.25,1
27-12-2022 10:00,EST,CAPITL,61757,254.49,14.07,-45.09,1
27-12-2022 11:00,EST,CAPITL,61757,238.78,13.34,-37.58,1
27-12-2022 12:00,EST,CAPITL,61757,206.86,12.77,-8.86,1
27-12-2022 13:00,EST,CAPITL,61757,216.25,11.73,-34.47,1
27-12-2022 14:00,EST,CAPITL,61757,218.21,13.06,-15.77,1
27-12-2022 15:00,EST,CAPITL,61757,222.51,13.49,-10.69,1
27-12-2022 16:00,EST,CAPITL,61757,296.48,15.98,-55.53,1
27-12-2022 17:00,EST,CAPITL,61757,345.13,18.71,-62.94,1
27-12-2022 18:00,EST,CAPITL,61757,352.14,18.02,-76.57,1
27-12-2022 19:00,EST,CAPITL,61757,295.53,15.69,-55.56,1
27-12-2022 20:00,EST,CAPITL,61757,279.18,13,-77.61,1
27-12-2022 21:00,EST,CAPITL,61757,239.75,10.47,-79.64,1
27-12-2022 22:00,EST,CAPITL,61757,220.95,10.07,-66.94,1
27-12-2022 23:00,EST,CAPITL,61757,226.12,8.63,-88.76,1
28-12-2022 00:00,EST,CAPITL,61757,220.48,4.6,-149.2,1
28-12-2022 01:00,EST,CAPITL,61757,209.55,4.33,-142.35,1
28-12-2022 02:00,EST,CAPITL,61757,195.91,4.32,-128.96,1
28-12-2022 03:00,EST,CAPITL,61757,200.53,4.28,-134.11,1
28-12-2022 04:00,EST,CAPITL,61757,202.84,4.36,-135.29,1
28-12-2022 05:00,EST,CAPITL,61757,210.01,4.82,-137.36,1
28-12-2022 06:00,EST,CAPITL,61757,243.06,6.8,-139.15,1
28-12-2022 07:00,EST,CAPITL,61757,265.59,8.38,-135.72,1
28-12-2022 08:00,EST,CAPITL,61757,430.91,5.61,-340.21,1
28-12-2022 09:00,EST,CAPITL,61757,411.52,4.65,-335.22,1
28-12-2022 10:00,EST,CAPITL,61757,283.46,5.6,-192.93,1
28-12-2022 11:00,EST,CAPITL,61757,282.34,5.01,-200.19,1
28-12-2022 12:00,EST,CAPITL,61757,279.1,4.53,-204.91,1
28-12-2022 13:00,EST,CAPITL,61757,280.19,4.07,-213.43,1
28-12-2022 14:00,EST,CAPITL,61757,292.19,4.05,-225.76,1
28-12-2022 15:00,EST,CAPITL,61757,293.96,4.82,-212.64,1
28-12-2022 16:00,EST,CAPITL,61757,381.7,5.63,-289.45,1
28-12-2022 17:00,EST,CAPITL,61757,458.16,6.7,-351.42,1
28-12-2022 18:00,EST,CAPITL,61757,440.47,6.16,-342.41,1
28-12-2022 19:00,EST,CAPITL,61757,363.93,5.49,-275.23,1
28-12-2022 20:00,EST,CAPITL,61757,356.43,4.77,-278.21,1
28-12-2022 21:00,EST,CAPITL,61757,327.82,4.44,-256.17,1
28-12-2022 22:00,EST,CAPITL,61757,295.77,4.06,-230.16,1
28-12-2022 23:00,EST,CAPITL,61757,272.92,4.39,-204.06,1
29-12-2022 00:00,EST,CAPITL,61757,121.21,1.91,-88.49,1
29-12-2022 01:00,EST,CAPITL,61757,109.16,1.82,-77.92,1
29-12-2022 02:00,EST,CAPITL,61757,106.66,1.62,-78.87,1
29-12-2022 03:00,EST,CAPITL,61757,106.55,1.49,-80.97,1
29-12-2022 04:00,EST,CAPITL,61757,105.08,1.74,-75.3,1
29-12-2022 05:00,EST,CAPITL,61757,110.68,2.46,-69.28,1
29-12-2022 06:00,EST,CAPITL,61757,125,3.92,-61.59,1
29-12-2022 07:00,EST,CAPITL,61757,140.67,3.62,-83.02,1
29-12-2022 08:00,EST,CAPITL,61757,224.38,3.02,-177.62,1
29-12-2022 09:00,EST,CAPITL,61757,159.23,3.34,-107.46,1
29-12-2022 10:00,EST,CAPITL,61757,89.61,3.38,-35.79,1
29-12-2022 11:00,EST,CAPITL,61757,86.58,3.39,-31.03,1
29-12-2022 12:00,EST,CAPITL,61757,82.75,3.27,-27.57,1
29-12-2022 13:00,EST,CAPITL,61757,82.03,3.22,-27.79,1
29-12-2022 14:00,EST,CAPITL,61757,83.16,3.23,-29.49,1
29-12-2022 15:00,EST,CAPITL,61757,87,3.41,-31.98,1
29-12-2022 16:00,EST,CAPITL,61757,107.88,4.29,-40.47,1
29-12-2022 17:00,EST,CAPITL,61757,206.02,4.39,-139.77,1
29-12-2022 18:00,EST,CAPITL,61757,136.55,4.75,-64.9,1
29-12-2022 19:00,EST,CAPITL,61757,91.08,3.82,-30.28,1
29-12-2022 20:00,EST,CAPITL,61757,95.27,3.49,-40.44,1
29-12-2022 21:00,EST,CAPITL,61757,87.57,3.44,-32.83,1
29-12-2022 22:00,EST,CAPITL,61757,91.35,2.77,-44.56,1
29-12-2022 23:00,EST,CAPITL,61757,93.36,1.95,-58.36,1
30-12-2022 00:00,EST,CAPITL,61757,63.85,1.19,-40.14,1
30-12-2022 01:00,EST,CAPITL,61757,57.68,1.16,-34.12,1
30-12-2022 02:00,EST,CAPITL,61757,55.02,1.16,-31.5,1
30-12-2022 03:00,EST,CAPITL,61757,55.83,1.07,-33.73,1
30-12-2022 04:00,EST,CAPITL,61757,55.73,1.18,-32.19,1
30-12-2022 05:00,EST,CAPITL,61757,57.11,1.24,-33.33,1
30-12-2022 06:00,EST,CAPITL,61757,67.17,1.4,-41.27,1
30-12-2022 07:00,EST,CAPITL,61757,70.94,1.9,-37.94,1
30-12-2022 08:00,EST,CAPITL,61757,81.35,2.74,-39.4,1
30-12-2022 09:00,EST,CAPITL,61757,59.32,2.7,-17.4,1
30-12-2022 10:00,EST,CAPITL,61757,53.1,2.76,-10.94,1
30-12-2022 11:00,EST,CAPITL,61757,52.4,2.71,-10.32,1
30-12-2022 12:00,EST,CAPITL,61757,52.28,2.72,-10.16,1
30-12-2022 13:00,EST,CAPITL,61757,51.6,2.63,-9.64,1
30-12-2022 14:00,EST,CAPITL,61757,53.49,2.67,-11.56,1
30-12-2022 15:00,EST,CAPITL,61757,56.96,2.84,-14.67,1
30-12-2022 16:00,EST,CAPITL,61757,68.42,2.86,-24.76,1
30-12-2022 17:00,EST,CAPITL,61757,83.68,3.12,-37.79,1
30-12-2022 18:00,EST,CAPITL,61757,69.7,2.92,-25.05,1
30-12-2022 19:00,EST,CAPITL,61757,62.68,2.6,-20.68,1
30-12-2022 20:00,EST,CAPITL,61757,57.96,2.6,-15.91,1
30-12-2022 21:00,EST,CAPITL,61757,54.01,2.55,-12.26,1
30-12-2022 22:00,EST,CAPITL,61757,54.12,2.43,-12.49,1
30-12-2022 23:00,EST,CAPITL,61757,53.05,1.85,-17.52,1
31-12-2022 00:00,EST,CAPITL,61757,46.34,0.76,-31,1
31-12-2022 01:00,EST,CAPITL,61757,44.93,0.73,-29.64,1
31-12-2022 02:00,EST,CAPITL,61757,43.82,0.67,-29.42,1
31-12-2022 03:00,EST,CAPITL,61757,42.39,0.58,-29.77,1
31-12-2022 04:00,EST,CAPITL,61757,41.65,0.6,-28.72,1
31-12-2022 05:00,EST,CAPITL,61757,41.59,0.7,-27.24,1
31-12-2022 06:00,EST,CAPITL,61757,43.41,0.99,-23.04,1
31-12-2022 07:00,EST,CAPITL,61757,45.91,1.36,-18.88,1
31-12-2022 08:00,EST,CAPITL,61757,43.1,1.98,-8.67,1
31-12-2022 09:00,EST,CAPITL,61757,40.62,2.02,-6.08,1
31-12-2022 10:00,EST,CAPITL,61757,38.86,2.09,-4.19,1
31-12-2022 11:00,EST,CAPITL,61757,40.7,1.98,-6.19,1
31-12-2022 12:00,EST,CAPITL,61757,38.06,2.02,-3.52,1
31-12-2022 13:00,EST,CAPITL,61757,38.99,1.98,-4.56,1
31-12-2022 14:00,EST,CAPITL,61757,39.45,1.98,-5.05,1
31-12-2022 15:00,EST,CAPITL,61757,40.19,2.01,-5.69,1
31-12-2022 16:00,EST,CAPITL,61757,49.22,2.29,-11.62,1
31-12-2022 17:00,EST,CAPITL,61757,54.45,2.31,-16.62,1
31-12-2022 18:00,EST,CAPITL,61757,48.53,2.08,-12.93,1
31-12-2022 19:00,EST,CAPITL,61757,42.76,1.92,-8.36,1
31-12-2022 20:00,EST,CAPITL,61757,37.26,1.91,-2.89,1
31-12-2022 21:00,EST,CAPITL,61757,36.22,1.74,-4.03,1
31-12-2022 22:00,EST,CAPITL,61757,35.12,1.59,-5.2,1
31-12-2022 23:00,EST,CAPITL,61757,40.48,1.03,-18.04,1
01-01-2023 00:00,EST,CAPITL,61757,37.7,0.98,-16.8,1
01-01-2023 01:00,EST,CAPITL,61757,33.83,0.9,-14.18,1
01-01-2023 02:00,EST,CAPITL,61757,34.18,0.79,-16.91,1
01-01-2023 03:00,EST,CAPITL,61757,33.9,0.74,-17.63,1
01-01-2023 04:00,EST,CAPITL,61757,33.56,0.79,-16.25,1
01-01-2023 05:00,EST,CAPITL,61757,33.58,0.86,-15.19,1
01-01-2023 06:00,EST,CAPITL,61757,35.37,1.11,-11.58,1
01-01-2023 07:00,EST,CAPITL,61757,36.53,1.06,-14.98,1
01-01-2023 08:00,EST,CAPITL,61757,34.15,1.67,-4.64,1
01-01-2023 09:00,EST,CAPITL,61757,34.94,1.73,-5.34,1
01-01-2023 10:00,EST,CAPITL,61757,35.34,1.71,-6.06,1
01-01-2023 11:00,EST,CAPITL,61757,34.78,1.73,-4.63,1
01-01-2023 12:00,EST,CAPITL,61757,34.13,1.73,-3.61,1
01-01-2023 13:00,EST,CAPITL,61757,31.76,1.73,-0.64,1
01-01-2023 14:00,EST,CAPITL,61757,31.62,1.76,0,1
01-01-2023 15:00,EST,CAPITL,61757,31.33,1.77,-0.99,1
01-01-2023 16:00,EST,CAPITL,61757,43.04,2.25,-6.71,1
01-01-2023 17:00,EST,CAPITL,61757,52.74,2.46,-14.61,1
01-01-2023 18:00,EST,CAPITL,61757,45.16,2.08,-11.55,1
01-01-2023 19:00,EST,CAPITL,61757,39.67,1.96,-7.03,1
01-01-2023 20:00,EST,CAPITL,61757,33.94,1.86,-1.62,1
01-01-2023 21:00,EST,CAPITL,61757,32.51,1.86,-0.16,1
01-01-2023 22:00,EST,CAPITL,61757,31.74,1.77,0,1
01-01-2023 23:00,EST,CAPITL,61757,32.87,1.38,-3.98,1
02-01-2023 00:00,EST,CAPITL,61757,32.46,1.62,-2.33,1
02-01-2023 01:00,EST,CAPITL,61757,29.66,1.54,-1.14,1
02-01-2023 02:00,EST,CAPITL,61757,28.63,1.48,-1.56,1
02-01-2023 03:00,EST,CAPITL,61757,29.15,1.34,-4.35,1
02-01-2023 04:00,EST,CAPITL,61757,30.1,1.33,-5.38,1
02-01-2023 05:00,EST,CAPITL,61757,29.11,1.65,0,1
02-01-2023 06:00,EST,CAPITL,61757,34.04,1.8,-1.76,1
02-01-2023 07:00,EST,CAPITL,61757,35.82,1.92,-3.38,1
02-01-2023 08:00,EST,CAPITL,61757,34.82,2.38,-0.21,1
02-01-2023 09:00,EST,CAPITL,61757,34.41,2.3,-0.98,1
02-01-2023 10:00,EST,CAPITL,61757,33.22,2.23,0,1
02-01-2023 11:00,EST,CAPITL,61757,32.79,2.11,0,1
02-01-2023 12:00,EST,CAPITL,61757,32.73,2.08,0,1
02-01-2023 13:00,EST,CAPITL,61757,32.44,1.92,0,1
02-01-2023 14:00,EST,CAPITL,61757,32.76,2.14,0,1
02-01-2023 15:00,EST,CAPITL,61757,34.33,2.28,0,1
02-01-2023 16:00,EST,CAPITL,61757,42.64,2.75,-3.26,1
02-01-2023 17:00,EST,CAPITL,61757,65.81,3.06,-23.57,1
02-01-2023 18:00,EST,CAPITL,61757,49.57,2.99,-8.27,1
02-01-2023 19:00,EST,CAPITL,61757,43.08,2.72,-4.17,1
02-01-2023 20:00,EST,CAPITL,61757,37.12,2.52,0,1
02-01-2023 21:00,EST,CAPITL,61757,33.45,2.25,0,1
02-01-2023 22:00,EST,CAPITL,61757,33.4,2.05,-0.81,1
02-01-2023 23:00,EST,CAPITL,61757,36.17,1.79,-3.95,1
03-01-2023 00:00,EST,CAPITL,61757,30.43,1.48,0,1
03-01-2023 01:00,EST,CAPITL,61757,29.37,1.42,0,1
03-01-2023 02:00,EST,CAPITL,61757,27.72,1.37,0,1
03-01-2023 03:00,EST,CAPITL,61757,26.64,1.32,0,1
03-01-2023 04:00,EST,CAPITL,61757,27.72,1.34,0,1
03-01-2023 05:00,EST,CAPITL,61757,30.04,1.46,0,1
03-01-2023 06:00,EST,CAPITL,61757,37.34,1.67,-5.21,1
03-01-2023 07:00,EST,CAPITL,61757,44.16,1.87,-11.71,1
03-01-2023 08:00,EST,CAPITL,61757,44.85,2.1,-11.96,1
03-01-2023 09:00,EST,CAPITL,61757,43.66,2.1,-10.7,1
03-01-2023 10:00,EST,CAPITL,61757,41.79,2.13,-8.43,1
03-01-2023 11:00,EST,CAPITL,61757,42.06,2.02,-9.39,1
03-01-2023 12:00,EST,CAPITL,61757,42.53,2.02,-9.86,1
03-01-2023 13:00,EST,CAPITL,61757,43.35,2.06,-10.59,1
03-01-2023 14:00,EST,CAPITL,61757,40.08,2.06,-7.32,1
03-01-2023 15:00,EST,CAPITL,61757,43.88,2.06,-11.12,1
03-01-2023 16:00,EST,CAPITL,61757,54.03,2.12,-21.21,1
03-01-2023 17:00,EST,CAPITL,61757,63.05,2.61,-24.26,1
03-01-2023 18:00,EST,CAPITL,61757,57.59,2.33,-22.51,1
03-01-2023 19:00,EST,CAPITL,61757,50.72,2.09,-17.93,1
03-01-2023 20:00,EST,CAPITL,61757,39.38,2.09,-6.62,1
03-01-2023 21:00,EST,CAPITL,61757,33.99,1.98,-1.49,1
03-01-2023 22:00,EST,CAPITL,61757,31.88,1.75,0,1
03-01-2023 23:00,EST,CAPITL,61757,32.49,1.45,-2.05,1
04-01-2023 00:00,EST,CAPITL,61757,33.31,1.48,-4.42,1
04-01-2023 01:00,EST,CAPITL,61757,29.95,1.4,-3.04,1
04-01-2023 02:00,EST,CAPITL,61757,27.04,1.39,-0.28,1
04-01-2023 03:00,EST,CAPITL,61757,26.24,1.32,0,1
04-01-2023 04:00,EST,CAPITL,61757,26.62,1.32,0,1
04-01-2023 05:00,EST,CAPITL,61757,28.22,1.47,0,1
04-01-2023 06:00,EST,CAPITL,61757,37.47,1.74,-5.27,1
04-01-2023 07:00,EST,CAPITL,61757,44.21,1.9,-11.63,1
04-01-2023 08:00,EST,CAPITL,61757,43.67,2.31,-6.81,1
04-01-2023 09:00,EST,CAPITL,61757,39.19,2.46,0,1
04-01-2023 10:00,EST,CAPITL,61757,36.56,2.26,0,1
04-01-2023 11:00,EST,CAPITL,61757,36.71,2.37,0,1
04-01-2023 12:00,EST,CAPITL,61757,37.42,2.31,-2.08,1
04-01-2023 13:00,EST,CAPITL,61757,37.56,2.36,-1.5,1
04-01-2023 14:00,EST,CAPITL,61757,37.94,2.26,-3.45,1
04-01-2023 15:00,EST,CAPITL,61757,40.39,2.35,-4.53,1
04-01-2023 16:00,EST,CAPITL,61757,44.81,2.89,0,1
04-01-2023 17:00,EST,CAPITL,61757,60.3,3.61,-5.83,1
04-01-2023 18:00,EST,CAPITL,61757,48.65,3.22,-0.07,1
04-01-2023 19:00,EST,CAPITL,61757,43.46,2.66,-2.27,1
04-01-2023 20:00,EST,CAPITL,61757,38.44,2.5,-0.19,1
04-01-2023 21:00,EST,CAPITL,61757,36.9,2.19,-1.95,1
04-01-2023 22:00,EST,CAPITL,61757,33.74,2,0,1
04-01-2023 23:00,EST,CAPITL,61757,34.01,1.69,-2.18,1
05-01-2023 00:00,EST,CAPITL,61757,30.21,1.24,-6.03,1
05-01-2023 01:00,EST,CAPITL,61757,26.12,1.24,-1.96,1
05-01-2023 02:00,EST,CAPITL,61757,24.94,1.16,-1.85,1
05-01-2023 03:00,EST,CAPITL,61757,24.48,1.21,-0.34,1
05-01-2023 04:00,EST,CAPITL,61757,25.14,1.26,-0.94,1
05-01-2023 05:00,EST,CAPITL,61757,27.19,1.33,-2.56,1
05-01-2023 06:00,EST,CAPITL,61757,31.95,1.63,-2.73,1
05-01-2023 07:00,EST,CAPITL,61757,35.36,2.15,-0.16,1
05-01-2023 08:00,EST,CAPITL,61757,36.48,2.32,0,1
05-01-2023 09:00,EST,CAPITL,61757,37.61,2.36,0,1
05-01-2023 10:00,EST,CAPITL,61757,35.34,2.31,0,1
05-01-2023 11:00,EST,CAPITL,61757,35.58,2.39,0,1
05-01-2023 12:00,EST,CAPITL,61757,35.08,2.26,0,1
05-01-2023 13:00,EST,CAPITL,61757,35.38,2.28,0,1
05-01-2023 14:00,EST,CAPITL,61757,35.34,2.34,0,1
05-01-2023 15:00,EST,CAPITL,61757,35.47,2.23,0,1
05-01-2023 16:00,EST,CAPITL,61757,42.45,2.36,0,1
05-01-2023 17:00,EST,CAPITL,61757,51.76,2.93,0,1
05-01-2023 18:00,EST,CAPITL,61757,45.17,2.64,0,1
05-01-2023 19:00,EST,CAPITL,61757,37.68,2.4,0,1
05-01-2023 20:00,EST,CAPITL,61757,36.05,2.3,0,1
05-01-2023 21:00,EST,CAPITL,61757,33.63,2.14,0,1
05-01-2023 22:00,EST,CAPITL,61757,30.9,1.83,0,1
05-01-2023 23:00,EST,CAPITL,61757,31.16,1.59,-3,1
06-01-2023 00:00,EST,CAPITL,61757,34.42,1.47,-6.7,1
06-01-2023 01:00,EST,CAPITL,61757,32.97,1.35,-7.08,1
06-01-2023 02:00,EST,CAPITL,61757,31.24,1.34,-5.5,1
06-01-2023 03:00,EST,CAPITL,61757,31.27,1.34,-6.01,1
06-01-2023 04:00,EST,CAPITL,61757,31.31,1.34,-6.11,1
06-01-2023 05:00,EST,CAPITL,61757,33.42,1.51,-4.98,1
06-01-2023 06:00,EST,CAPITL,61757,38.63,1.99,-2.24,1
06-01-2023 07:00,EST,CAPITL,61757,48.65,2.33,-8.06,1
06-01-2023 08:00,EST,CAPITL,61757,50.79,3.03,-3.81,1
06-01-2023 09:00,EST,CAPITL,61757,48.75,3.05,-3.29,1
06-01-2023 10:00,EST,CAPITL,61757,48.62,2.91,-5.26,1
06-01-2023 11:00,EST,CAPITL,61757,47.77,2.84,-4.33,1
06-01-2023 12:00,EST,CAPITL,61757,46.53,2.64,-5.57,1
06-01-2023 13:00,EST,CAPITL,61757,45.32,2.59,-5.68,1
06-01-2023 14:00,EST,CAPITL,61757,46.11,2.6,-6.84,1
06-01-2023 15:00,EST,CAPITL,61757,47.61,2.87,-4.37,1
06-01-2023 16:00,EST,CAPITL,61757,57.83,3.36,-6.42,1
06-01-2023 17:00,EST,CAPITL,61757,68.88,4.2,-7.12,1
06-01-2023 18:00,EST,CAPITL,61757,57.71,3.49,-4.39,1
06-01-2023 19:00,EST,CAPITL,61757,54.84,2.71,-12.27,1
06-01-2023 20:00,EST,CAPITL,61757,50.48,2.5,-11.24,1
06-01-2023 21:00,EST,CAPITL,61757,44.43,2.39,-5.82,1
06-01-2023 22:00,EST,CAPITL,61757,40,2.22,-2.62,1
06-01-2023 23:00,EST,CAPITL,61757,39.88,1.84,-5.78,1
07-01-2023 00:00,EST,CAPITL,61757,44.33,1.49,-16.7,1
07-01-2023 01:00,EST,CAPITL,61757,43.25,1.35,-18.56,1
07-01-2023 02:00,EST,CAPITL,61757,38.18,1.51,-10.19,1
07-01-2023 03:00,EST,CAPITL,61757,38.8,1.28,-15,1
07-01-2023 04:00,EST,CAPITL,61757,39.54,1.31,-15.69,1
07-01-2023 05:00,EST,CAPITL,61757,40.66,1.36,-15.77,1
07-01-2023 06:00,EST,CAPITL,61757,49.63,1.28,-25.82,1
07-01-2023 07:00,EST,CAPITL,61757,49.82,1.4,-23.38,1
07-01-2023 08:00,EST,CAPITL,61757,50.5,2.3,-13.85,1
07-01-2023 09:00,EST,CAPITL,61757,49.57,2.23,-14.56,1
07-01-2023 10:00,EST,CAPITL,61757,54.18,2.09,-23.42,1
07-01-2023 11:00,EST,CAPITL,61757,54.81,1.99,-25.62,1
07-01-2023 12:00,EST,CAPITL,61757,54.15,1.95,-24.7,1
07-01-2023 13:00,EST,CAPITL,61757,54.32,1.74,-28.07,1
07-01-2023 14:00,EST,CAPITL,61757,55.72,1.7,-30.01,1
07-01-2023 15:00,EST,CAPITL,61757,54.93,1.97,-25.64,1
07-01-2023 16:00,EST,CAPITL,61757,64.45,2.21,-31.05,1
07-01-2023 17:00,EST,CAPITL,61757,88.03,2.73,-48.39,1
07-01-2023 18:00,EST,CAPITL,61757,81.72,2.7,-41.98,1
07-01-2023 19:00,EST,CAPITL,61757,68.82,2.38,-31.98,1
07-01-2023 20:00,EST,CAPITL,61757,58.04,2.44,-21.29,1
07-01-2023 21:00,EST,CAPITL,61757,55.93,2.24,-21.15,1
07-01-2023 22:00,EST,CAPITL,61757,52.6,2.27,-17.37,1
07-01-2023 23:00,EST,CAPITL,61757,56.91,1.65,-27.79,1
08-01-2023 00:00,EST,CAPITL,61757,46.03,1.97,-11.84,1
08-01-2023 01:00,EST,CAPITL,61757,45.75,1.71,-15.96,1
08-01-2023 02:00,EST,CAPITL,61757,42.57,1.77,-11.29,1
08-01-2023 03:00,EST,CAPITL,61757,42.39,1.73,-12.29,1
08-01-2023 04:00,EST,CAPITL,61757,41.23,1.91,-8.04,1
08-01-2023 05:00,EST,CAPITL,61757,45.68,1.78,-15.72,1
08-01-2023 06:00,EST,CAPITL,61757,48.06,2.02,-13.92,1
08-01-2023 07:00,EST,CAPITL,61757,50.4,2.1,-16,1
08-01-2023 08:00,EST,CAPITL,61757,45.23,2.77,-5.01,1
08-01-2023 09:00,EST,CAPITL,61757,43.53,2.74,-3.31,1
08-01-2023 10:00,EST,CAPITL,61757,39.52,2.54,-0.67,1
08-01-2023 11:00,EST,CAPITL,61757,38.17,2.25,-3.32,1
08-01-2023 12:00,EST,CAPITL,61757,36.27,2.14,-1.62,1
08-01-2023 13:00,EST,CAPITL,61757,36.74,2.16,-2.36,1
08-01-2023 14:00,EST,CAPITL,61757,39.57,2.21,-4.82,1
08-01-2023 15:00,EST,CAPITL,61757,42.85,2.37,-8.01,1
08-01-2023 16:00,EST,CAPITL,61757,49.84,2.97,-7.77,1
08-01-2023 17:00,EST,CAPITL,61757,91.54,3.92,-36.75,1
08-01-2023 18:00,EST,CAPITL,61757,86.9,3.44,-38.11,1
08-01-2023 19:00,EST,CAPITL,61757,62.45,2.54,-25.59,1
08-01-2023 20:00,EST,CAPITL,61757,51.52,2.62,-13.04,1
08-01-2023 21:00,EST,CAPITL,61757,47.43,2.38,-12.49,1
08-01-2023 22:00,EST,CAPITL,61757,44.61,2.34,-9.77,1
08-01-2023 23:00,EST,CAPITL,61757,46.88,1.87,-15.41,1
09-01-2023 00:00,EST,CAPITL,61757,47.01,1.65,-16.89,1
09-01-2023 01:00,EST,CAPITL,61757,43.29,1.61,-13.97,1
09-01-2023 02:00,EST,CAPITL,61757,39.38,1.67,-9.37,1
09-01-2023 03:00,EST,CAPITL,61757,37.98,1.7,-6.99,1
09-01-2023 04:00,EST,CAPITL,61757,38.59,1.79,-6.43,1
09-01-2023 05:00,EST,CAPITL,61757,42.26,2.01,-7.9,1
09-01-2023 06:00,EST,CAPITL,61757,55.75,2.48,-13.3,1
09-01-2023 07:00,EST,CAPITL,61757,65.29,2.68,-21.3,1
09-01-2023 08:00,EST,CAPITL,61757,57.62,3.34,-7.95,1
09-01-2023 09:00,EST,CAPITL,61757,53.58,3.17,-7.57,1
09-01-2023 10:00,EST,CAPITL,61757,45.38,2.74,-4.13,1
09-01-2023 11:00,EST,CAPITL,61757,44.6,2.48,-7.14,1
09-01-2023 12:00,EST,CAPITL,61757,41.93,2.33,-5.81,1
09-01-2023 13:00,EST,CAPITL,61757,41.06,2.26,-5.56,1
09-01-2023 14:00,EST,CAPITL,61757,41.4,2.28,-5.58,1
09-01-2023 15:00,EST,CAPITL,61757,46.44,2.32,-10.43,1
09-01-2023 16:00,EST,CAPITL,61757,63.05,2.72,-21.51,1
09-01-2023 17:00,EST,CAPITL,61757,82.51,3.73,-27.05,1
09-01-2023 18:00,EST,CAPITL,61757,74.3,3.18,-26.98,1
09-01-2023 19:00,EST,CAPITL,61757,67.41,2.62,-27.3,1
09-01-2023 20:00,EST,CAPITL,61757,56.74,2.44,-19.87,1
09-01-2023 21:00,EST,CAPITL,61757,50,2.31,-14.17,1
09-01-2023 22:00,EST,CAPITL,61757,45.25,2.16,-10.32,1
09-01-2023 23:00,EST,CAPITL,61757,51.1,1.7,-20.55,1
10-01-2023 00:00,EST,CAPITL,61757,44.22,1.27,-19.89,1
10-01-2023 01:00,EST,CAPITL,61757,41.95,1.16,-19.3,1
10-01-2023 02:00,EST,CAPITL,61757,39.82,1.19,-16.08,1
10-01-2023 03:00,EST,CAPITL,61757,38.71,1.22,-14.9,1
10-01-2023 04:00,EST,CAPITL,61757,38.46,1.36,-13.23,1
10-01-2023 05:00,EST,CAPITL,61757,37.69,1.75,-4.68,1
10-01-2023 06:00,EST,CAPITL,61757,60.34,1.91,-26.55,1
10-01-2023 07:00,EST,CAPITL,61757,71.1,2.7,-24.9,1
10-01-2023 08:00,EST,CAPITL,61757,63.26,3.43,-11.5,1
10-01-2023 09:00,EST,CAPITL,61757,50.73,3.04,-4.89,1
10-01-2023 10:00,EST,CAPITL,61757,41.52,2.65,0,1
10-01-2023 11:00,EST,CAPITL,61757,39.28,2.43,-0.07,1
10-01-2023 12:00,EST,CAPITL,61757,38.03,2.32,0,1
10-01-2023 13:00,EST,CAPITL,61757,37.4,2.18,0,1
10-01-2023 14:00,EST,CAPITL,61757,37.93,2.31,0,1
10-01-2023 15:00,EST,CAPITL,61757,40.25,2.54,-0.92,1
10-01-2023 16:00,EST,CAPITL,61757,46.44,2.98,-0.25,1
10-01-2023 17:00,EST,CAPITL,61757,81.1,4.15,-18.54,1
10-01-2023 18:00,EST,CAPITL,61757,70,3.59,-14.28,1
10-01-2023 19:00,EST,CAPITL,61757,49.89,2.86,-4.27,1
10-01-2023 20:00,EST,CAPITL,61757,42.53,2.69,-0.24,1
10-01-2023 21:00,EST,CAPITL,61757,41.99,2.5,-1.66,1
10-01-2023 22:00,EST,CAPITL,61757,39.69,2.53,-0.93,1
10-01-2023 23:00,EST,CAPITL,61757,40.54,1.92,-6.13,1
11-01-2023 00:00,EST,CAPITL,61757,50.81,1.34,-23.2,1
11-01-2023 01:00,EST,CAPITL,61757,46.77,1.34,-20.04,1
11-01-2023 02:00,EST,CAPITL,61757,45.48,1.33,-19.6,1
11-01-2023 03:00,EST,CAPITL,61757,46.25,1.38,-19.72,1
11-01-2023 04:00,EST,CAPITL,61757,46.21,1.45,-17.86,1
11-01-2023 05:00,EST,CAPITL,61757,48.22,1.73,-14.36,1
11-01-2023 06:00,EST,CAPITL,61757,57.63,2.7,-6.75,1
11-01-2023 07:00,EST,CAPITL,61757,66.72,3.36,0,1
11-01-2023 08:00,EST,CAPITL,61757,61.59,3.26,0,1
11-01-2023 09:00,EST,CAPITL,61757,53.79,3.14,0,1
11-01-2023 10:00,EST,CAPITL,61757,50.41,2.68,-5.22,1
11-01-2023 11:00,EST,CAPITL,61757,51.36,2.26,-14.26,1
11-01-2023 12:00,EST,CAPITL,61757,49.27,2.16,-12.92,1
11-01-2023 13:00,EST,CAPITL,61757,49.32,2.16,-12.96,1
11-01-2023 14:00,EST,CAPITL,61757,49.42,2.15,-13.16,1
11-01-2023 15:00,EST,CAPITL,61757,54.01,2.22,-17.63,1
11-01-2023 16:00,EST,CAPITL,61757,63.24,2.78,-17.02,1
11-01-2023 17:00,EST,CAPITL,61757,80.19,3.77,-20.97,1
11-01-2023 18:00,EST,CAPITL,61757,69.4,3.18,-18.84,1
11-01-2023 19:00,EST,CAPITL,61757,66.6,2.24,-29.39,1
11-01-2023 20:00,EST,CAPITL,61757,57.02,2.34,-16.91,1
11-01-2023 21:00,EST,CAPITL,61757,54.87,2.03,-18.92,1
11-01-2023 22:00,EST,CAPITL,61757,49.89,1.97,-14.01,1
11-01-2023 23:00,EST,CAPITL,61757,62.98,0.98,-41.52,1
12-01-2023 00:00,EST,CAPITL,61757,53.06,1.04,-32.09,1
12-01-2023 01:00,EST,CAPITL,61757,51.24,1.01,-30.39,1
12-01-2023 02:00,EST,CAPITL,61757,45,0.99,-24.17,1
12-01-2023 03:00,EST,CAPITL,61757,44.93,1.03,-24.06,1
12-01-2023 04:00,EST,CAPITL,61757,45.16,1.01,-24.29,1
12-01-2023 05:00,EST,CAPITL,61757,51.1,1.06,-30.09,1
12-01-2023 06:00,EST,CAPITL,61757,62.48,1.26,-38.72,1
12-01-2023 07:00,EST,CAPITL,61757,67.98,2.11,-30.67,1
12-01-2023 08:00,EST,CAPITL,61757,62.48,2.32,-26.13,1
12-01-2023 09:00,EST,CAPITL,61757,59.13,2.02,-27.46,1
12-01-2023 10:00,EST,CAPITL,61757,52.05,2.16,-18.12,1
12-01-2023 11:00,EST,CAPITL,61757,50.88,2.06,-17.65,1
12-01-2023 12:00,EST,CAPITL,61757,48.65,2,-15.47,1
12-01-2023 13:00,EST,CAPITL,61757,47.57,2.03,-14.35,1
12-01-2023 14:00,EST,CAPITL,61757,47.83,1.97,-15.49,1
12-01-2023 15:00,EST,CAPITL,61757,50.83,1.87,-20.59,1
12-01-2023 16:00,EST,CAPITL,61757,56.44,2.12,-22.22,1
12-01-2023 17:00,EST,CAPITL,61757,72.91,2.46,-34.35,1
12-01-2023 18:00,EST,CAPITL,61757,66.47,2.03,-34.09,1
12-01-2023 19:00,EST,CAPITL,61757,55.08,1.9,-23.56,1
12-01-2023 20:00,EST,CAPITL,61757,52.78,1.58,-25.77,1
12-01-2023 21:00,EST,CAPITL,61757,50.53,1.39,-25.91,1
12-01-2023 22:00,EST,CAPITL,61757,43.55,1.39,-17.32,1
12-01-2023 23:00,EST,CAPITL,61757,47.72,0.96,-26.74,1
13-01-2023 00:00,EST,CAPITL,61757,40.89,1.07,-17.96,1
13-01-2023 01:00,EST,CAPITL,61757,35.37,0.94,-15.25,1
13-01-2023 02:00,EST,CAPITL,61757,33.82,0.94,-12.93,1
13-01-2023 03:00,EST,CAPITL,61757,32.76,0.94,-11.77,1
13-01-2023 04:00,EST,CAPITL,61757,33.34,0.92,-12.5,1
13-01-2023 05:00,EST,CAPITL,61757,33.62,1.15,-10,1
13-01-2023 06:00,EST,CAPITL,61757,40.42,1.46,-12.45,1
13-01-2023 07:00,EST,CAPITL,61757,44.81,1.81,-11.86,1
13-01-2023 08:00,EST,CAPITL,61757,43.95,2.19,-9.05,1
13-01-2023 09:00,EST,CAPITL,61757,40.25,2.21,-5.04,1
13-01-2023 10:00,EST,CAPITL,61757,40.85,2.14,-6.26,1
13-01-2023 11:00,EST,CAPITL,61757,40.31,2.1,-5.94,1
13-01-2023 12:00,EST,CAPITL,61757,38.41,2.11,-3.89,1
13-01-2023 13:00,EST,CAPITL,61757,36.9,2.1,-2.49,1
13-01-2023 14:00,EST,CAPITL,61757,37.26,2.05,-3.16,1
13-01-2023 15:00,EST,CAPITL,61757,38.22,2.18,-3.46,1
13-01-2023 16:00,EST,CAPITL,61757,43.82,2.43,-5.6,1
13-01-2023 17:00,EST,CAPITL,61757,62.04,3.01,-17.26,1
13-01-2023 18:00,EST,CAPITL,61757,46.33,2.99,-0.67,1
13-01-2023 19:00,EST,CAPITL,61757,40.71,2.59,0,1
13-01-2023 20:00,EST,CAPITL,61757,38.99,2.41,-0.53,1
13-01-2023 21:00,EST,CAPITL,61757,37.68,2.3,-1.04,1
13-01-2023 22:00,EST,CAPITL,61757,35.4,2.13,-0.96,1
13-01-2023 23:00,EST,CAPITL,61757,36.53,1.71,-5.29,1
14-01-2023 00:00,EST,CAPITL,61757,40.96,2.17,-4.45,1
14-01-2023 01:00,EST,CAPITL,61757,37.18,2.07,-2.77,1
14-01-2023 02:00,EST,CAPITL,61757,35.24,1.97,-2.02,1
14-01-2023 03:00,EST,CAPITL,61757,34.95,1.9,-2.42,1
14-01-2023 04:00,EST,CAPITL,61757,35.02,2.1,-0.17,1
14-01-2023 05:00,EST,CAPITL,61757,37.54,2.24,-0.26,1
14-01-2023 06:00,EST,CAPITL,61757,41.8,2.47,-0.16,1
14-01-2023 07:00,EST,CAPITL,61757,47.56,2.58,-4.73,1
14-01-2023 08:00,EST,CAPITL,61757,48.59,3.18,0,1
14-01-2023 09:00,EST,CAPITL,61757,50.85,3.33,0,1
14-01-2023 10:00,EST,CAPITL,61757,52,3.54,0,1
14-01-2023 11:00,EST,CAPITL,61757,50.22,3.42,-0.53,1
14-01-2023 12:00,EST,CAPITL,61757,48.94,3.3,-0.41,1
14-01-2023 13:00,EST,CAPITL,61757,49.03,3.1,-1.57,1
14-01-2023 14:00,EST,CAPITL,61757,49.89,3.07,-4.25,1
14-01-2023 15:00,EST,CAPITL,61757,55.39,3.47,-4.33,1
14-01-2023 16:00,EST,CAPITL,61757,65.95,4.54,0,1
14-01-2023 17:00,EST,CAPITL,61757,86.64,4.5,-22.89,1
14-01-2023 18:00,EST,CAPITL,61757,79.27,4.19,-18.43,1
14-01-2023 19:00,EST,CAPITL,61757,71.11,3.84,-15.38,1
14-01-2023 20:00,EST,CAPITL,61757,65.29,3.49,-13.4,1
14-01-2023 21:00,EST,CAPITL,61757,64.56,2.9,-21.86,1
14-01-2023 22:00,EST,CAPITL,61757,61.75,2.81,-20.95,1
14-01-2023 23:00,EST,CAPITL,61757,55.72,2.54,-16.92,1
15-01-2023 00:00,EST,CAPITL,61757,60.57,3.02,-13.8,1
15-01-2023 01:00,EST,CAPITL,61757,57,2.87,-13.18,1
15-01-2023 02:00,EST,CAPITL,61757,56.75,2.89,-12.64,1
15-01-2023 03:00,EST,CAPITL,61757,53.65,2.79,-9.87,1
15-01-2023 04:00,EST,CAPITL,61757,55.02,2.9,-11.86,1
15-01-2023 05:00,EST,CAPITL,61757,55.64,3,-10.36,1
15-01-2023 06:00,EST,CAPITL,61757,64.59,2.72,-22.94,1
15-01-2023 07:00,EST,CAPITL,61757,68.36,2.59,-28.75,1
15-01-2023 08:00,EST,CAPITL,61757,66.08,3.66,-14.23,1
15-01-2023 09:00,EST,CAPITL,61757,63.86,3.41,-14.37,1
15-01-2023 10:00,EST,CAPITL,61757,51.82,3.35,-3.17,1
15-01-2023 11:00,EST,CAPITL,61757,48.34,3.06,-3.3,1
15-01-2023 12:00,EST,CAPITL,61757,47.28,2.8,-5.06,1
15-01-2023 13:00,EST,CAPITL,61757,41.91,2.78,0,1
15-01-2023 14:00,EST,CAPITL,61757,43.34,2.94,-0.08,1
15-01-2023 15:00,EST,CAPITL,61757,48.26,3.05,-3.37,1
15-01-2023 16:00,EST,CAPITL,61757,73.43,3.81,-18.81,1
15-01-2023 17:00,EST,CAPITL,61757,110.13,5.18,-38.6,1
15-01-2023 18:00,EST,CAPITL,61757,117.04,4.47,-54.59,1
15-01-2023 19:00,EST,CAPITL,61757,108.87,3.78,-56.06,1
15-01-2023 20:00,EST,CAPITL,61757,90.31,3.53,-40.95,1
15-01-2023 21:00,EST,CAPITL,61757,74.17,3.07,-31.76,1
15-01-2023 22:00,EST,CAPITL,61757,64.16,2.93,-22.67,1
15-01-2023 23:00,EST,CAPITL,61757,63.59,2.71,-22.75,1
16-01-2023 00:00,EST,CAPITL,61757,64.28,2.08,-30.6,1
16-01-2023 01:00,EST,CAPITL,61757,61.96,1.92,-30.05,1
16-01-2023 02:00,EST,CAPITL,61757,59.61,1.92,-27.7,1
16-01-2023 03:00,EST,CAPITL,61757,59.23,1.99,-27.13,1
16-01-2023 04:00,EST,CAPITL,61757,61.4,2.12,-27.61,1
16-01-2023 05:00,EST,CAPITL,61757,66.5,2.19,-33.02,1
16-01-2023 06:00,EST,CAPITL,61757,75,2.58,-35.49,1
16-01-2023 07:00,EST,CAPITL,61757,91.56,2.8,-48.72,1
16-01-2023 08:00,EST,CAPITL,61757,82.98,3.25,-35.24,1
16-01-2023 09:00,EST,CAPITL,61757,72.23,2.85,-29.81,1
16-01-2023 10:00,EST,CAPITL,61757,60.01,2.7,-19.77,1
16-01-2023 11:00,EST,CAPITL,61757,51.65,2.63,-11.98,1
16-01-2023 12:00,EST,CAPITL,61757,51.28,2.36,-14.62,1
16-01-2023 13:00,EST,CAPITL,61757,50.51,2.26,-15.11,1
16-01-2023 14:00,EST,CAPITL,61757,51.08,2.25,-15.82,1
16-01-2023 15:00,EST,CAPITL,61757,51.9,2.64,-12.61,1
16-01-2023 16:00,EST,CAPITL,61757,69.09,3,-24.95,1
16-01-2023 17:00,EST,CAPITL,61757,142.32,3.84,-85.89,1
16-01-2023 18:00,EST,CAPITL,61757,139.54,3.1,-93.9,1
16-01-2023 19:00,EST,CAPITL,61757,120.79,2.84,-79.63,1
16-01-2023 20:00,EST,CAPITL,61757,89.87,2.68,-50.45,1
16-01-2023 21:00,EST,CAPITL,61757,68.36,2.43,-32.57,1
16-01-2023 22:00,EST,CAPITL,61757,62.24,2.27,-27.03,1
16-01-2023 23:00,EST,CAPITL,61757,63.25,1.86,-31.34,1
17-01-2023 00:00,EST,CAPITL,61757,61.77,1.45,-34.91,1
17-01-2023 01:00,EST,CAPITL,61757,57.99,1.45,-31.17,1
17-01-2023 02:00,EST,CAPITL,61757,53,1.42,-26.2,1
17-01-2023 03:00,EST,CAPITL,61757,53.05,1.45,-26.19,1
17-01-2023 04:00,EST,CAPITL,61757,55.81,1.45,-28.98,1
17-01-2023 05:00,EST,CAPITL,61757,58.51,1.65,-29.29,1
17-01-2023 06:00,EST,CAPITL,61757,72.77,1.96,-39.73,1
17-01-2023 07:00,EST,CAPITL,61757,94.88,2.08,-60.29,1
17-01-2023 08:00,EST,CAPITL,61757,80.29,2.37,-44.58,1
17-01-2023 09:00,EST,CAPITL,61757,62.96,2.37,-25.76,1
17-01-2023 10:00,EST,CAPITL,61757,58.38,2.21,-23.13,1
17-01-2023 11:00,EST,CAPITL,61757,53.81,2.17,-18.73,1
17-01-2023 12:00,EST,CAPITL,61757,53.48,2.03,-19.18,1
17-01-2023 13:00,EST,CAPITL,61757,51.82,2.02,-17.69,1
17-01-2023 14:00,EST,CAPITL,61757,52.22,1.94,-18.94,1
17-01-2023 15:00,EST,CAPITL,61757,59.61,1.96,-27.11,1
17-01-2023 16:00,EST,CAPITL,61757,67.09,2.26,-31.69,1
17-01-2023 17:00,EST,CAPITL,61757,79.41,2.85,-36.36,1
17-01-2023 18:00,EST,CAPITL,61757,73.46,2.4,-36.26,1
17-01-2023 19:00,EST,CAPITL,61757,67.56,1.98,-34.66,1
17-01-2023 20:00,EST,CAPITL,61757,61.48,1.85,-29.8,1
17-01-2023 21:00,EST,CAPITL,61757,60.67,1.64,-31.17,1
17-01-2023 22:00,EST,CAPITL,61757,59.13,1.42,-32.27,1
17-01-2023 23:00,EST,CAPITL,61757,54.61,1.31,-27.55,1
18-01-2023 00:00,EST,CAPITL,61757,52.94,1.27,-26.3,1
18-01-2023 01:00,EST,CAPITL,61757,50.55,1.3,-24.21,1
18-01-2023 02:00,EST,CAPITL,61757,49.16,1.21,-23.77,1
18-01-2023 03:00,EST,CAPITL,61757,49.02,1.16,-24.73,1
18-01-2023 04:00,EST,CAPITL,61757,49.8,1.17,-25.63,1
18-01-2023 05:00,EST,CAPITL,61757,50.63,1.41,-22.6,1
18-01-2023 06:00,EST,CAPITL,61757,60.47,1.51,-30.99,1
18-01-2023 07:00,EST,CAPITL,61757,72.89,1.55,-43.68,1
18-01-2023 08:00,EST,CAPITL,61757,61.81,1.93,-28.73,1
18-01-2023 09:00,EST,CAPITL,61757,56.18,1.87,-23.16,1
18-01-2023 10:00,EST,CAPITL,61757,50.32,1.95,-17.48,1
18-01-2023 11:00,EST,CAPITL,61757,47.91,1.93,-15.79,1
18-01-2023 12:00,EST,CAPITL,61757,45.47,1.93,-13.36,1
18-01-2023 13:00,EST,CAPITL,61757,42.27,2,-9.52,1
18-01-2023 14:00,EST,CAPITL,61757,43.94,2.01,-10.97,1
18-01-2023 15:00,EST,CAPITL,61757,47.64,2.01,-14.7,1
18-01-2023 16:00,EST,CAPITL,61757,55.42,2.4,-17.14,1
18-01-2023 17:00,EST,CAPITL,61757,64.29,3.15,-16.72,1
18-01-2023 18:00,EST,CAPITL,61757,63.32,2.7,-23.19,1
18-01-2023 19:00,EST,CAPITL,61757,53.1,2.23,-17.02,1
18-01-2023 20:00,EST,CAPITL,61757,49.61,2.12,-14.82,1
18-01-2023 21:00,EST,CAPITL,61757,46.52,1.99,-12.93,1
18-01-2023 22:00,EST,CAPITL,61757,43.91,1.87,-11.44,1
18-01-2023 23:00,EST,CAPITL,61757,43.86,1.56,-12.23,1
19-01-2023 00:00,EST,CAPITL,61757,39.08,1.38,-10.19,1
19-01-2023 01:00,EST,CAPITL,61757,36.03,1.37,-7.16,1
19-01-2023 02:00,EST,CAPITL,61757,34.96,1.37,-6.15,1
19-01-2023 03:00,EST,CAPITL,61757,34.68,1.42,-5.5,1
19-01-2023 04:00,EST,CAPITL,61757,35.24,1.4,-6.32,1
19-01-2023 05:00,EST,CAPITL,61757,36.06,1.59,-4.54,1
19-01-2023 06:00,EST,CAPITL,61757,43.44,1.7,-8.38,1
19-01-2023 07:00,EST,CAPITL,61757,60.25,1.69,-27.27,1
19-01-2023 08:00,EST,CAPITL,61757,56.71,2.12,-20.46,1
19-01-2023 09:00,EST,CAPITL,61757,55.33,1.97,-21.03,1
19-01-2023 10:00,EST,CAPITL,61757,49.1,1.92,-15.15,1
19-01-2023 11:00,EST,CAPITL,61757,50.07,1.96,-15.95,1
19-01-2023 12:00,EST,CAPITL,61757,49.58,1.96,-14.95,1
19-01-2023 13:00,EST,CAPITL,61757,47.83,1.96,-13.83,1
19-01-2023 14:00,EST,CAPITL,61757,46.75,1.94,-12.97,1
19-01-2023 15:00,EST,CAPITL,61757,47.33,1.99,-13.83,1
19-01-2023 16:00,EST,CAPITL,61757,59.75,2.03,-25.58,1
19-01-2023 17:00,EST,CAPITL,61757,76.05,2.25,-39.12,1
19-01-2023 18:00,EST,CAPITL,61757,62.15,2.15,-26.95,1
19-01-2023 19:00,EST,CAPITL,61757,50.35,2.02,-16.22,1
19-01-2023 20:00,EST,CAPITL,61757,43.48,1.96,-10.4,1
19-01-2023 21:00,EST,CAPITL,61757,41.54,1.74,-9.86,1
19-01-2023 22:00,EST,CAPITL,61757,38.66,1.65,-7.04,1
19-01-2023 23:00,EST,CAPITL,61757,41.82,1.32,-13.01,1
20-01-2023 00:00,EST,CAPITL,61757,30.87,1.1,-5.96,1
20-01-2023 01:00,EST,CAPITL,61757,29.66,1.01,-7.13,1
20-01-2023 02:00,EST,CAPITL,61757,28.39,1.04,-5.2,1
20-01-2023 03:00,EST,CAPITL,61757,27.64,1,-5.29,1
20-01-2023 04:00,EST,CAPITL,61757,27.95,1.07,-4.49,1
20-01-2023 05:00,EST,CAPITL,61757,28.67,1.31,-0.54,1
20-01-2023 06:00,EST,CAPITL,61757,33.74,1.54,-1.4,1
20-01-2023 07:00,EST,CAPITL,61757,43.84,1.77,-11.02,1
20-01-2023 08:00,EST,CAPITL,61757,44.32,2.11,-9.33,1
20-01-2023 09:00,EST,CAPITL,61757,45.69,2.14,-10.67,1
20-01-2023 10:00,EST,CAPITL,61757,44.22,2.09,-9.92,1
20-01-2023 11:00,EST,CAPITL,61757,44.33,2.07,-9.95,1
20-01-2023 12:00,EST,CAPITL,61757,41.98,1.99,-7.88,1
20-01-2023 13:00,EST,CAPITL,61757,41.64,1.98,-7.68,1
20-01-2023 14:00,EST,CAPITL,61757,42.97,1.89,-10.09,1
20-01-2023 15:00,EST,CAPITL,61757,47.57,2,-14.33,1
20-01-2023 16:00,EST,CAPITL,61757,53.15,2.23,-16.59,1
20-01-2023 17:00,EST,CAPITL,61757,69.62,2.53,-29.89,1
20-01-2023 18:00,EST,CAPITL,61757,56.8,2.42,-17.72,1
20-01-2023 19:00,EST,CAPITL,61757,46.75,2.14,-11.26,1
20-01-2023 20:00,EST,CAPITL,61757,41.65,2.02,-7.66,1
20-01-2023 21:00,EST,CAPITL,61757,38.11,2.02,-4.59,1
20-01-2023 22:00,EST,CAPITL,61757,36.23,1.94,-3.04,1
20-01-2023 23:00,EST,CAPITL,61757,35.95,1.68,-3.67,1
21-01-2023 00:00,EST,CAPITL,61757,35.77,1.52,-4.37,1
21-01-2023 01:00,EST,CAPITL,61757,32.86,1.52,-1.58,1
21-01-2023 02:00,EST,CAPITL,61757,31.75,1.49,-0.51,1
21-01-2023 03:00,EST,CAPITL,61757,31.72,1.52,-0.48,1
21-01-2023 04:00,EST,CAPITL,61757,32.01,1.51,-0.8,1
21-01-2023 05:00,EST,CAPITL,61757,32.25,1.58,-0.86,1
21-01-2023 06:00,EST,CAPITL,61757,34.94,1.52,-3.57,1
21-01-2023 07:00,EST,CAPITL,61757,37.28,1.68,-6.11,1
21-01-2023 08:00,EST,CAPITL,61757,37.48,2.25,-1.69,1
21-01-2023 09:00,EST,CAPITL,61757,38.47,2.35,-1.13,1
21-01-2023 10:00,EST,CAPITL,61757,37.05,2.34,-0.26,1
21-01-2023 11:00,EST,CAPITL,61757,36.63,2.25,-0.26,1
21-01-2023 12:00,EST,CAPITL,61757,34.19,2.09,0,1
21-01-2023 13:00,EST,CAPITL,61757,33.08,1.96,0,1
21-01-2023 14:00,EST,CAPITL,61757,32.82,1.86,0,1
21-01-2023 15:00,EST,CAPITL,61757,34.1,2.05,0,1
21-01-2023 16:00,EST,CAPITL,61757,40.39,2.27,-3.16,1
21-01-2023 17:00,EST,CAPITL,61757,57.25,2.76,-12.01,1
21-01-2023 18:00,EST,CAPITL,61757,56.77,2.32,-18.81,1
21-01-2023 19:00,EST,CAPITL,61757,44.08,1.99,-11.02,1
21-01-2023 20:00,EST,CAPITL,61757,41,1.9,-7.89,1
21-01-2023 21:00,EST,CAPITL,61757,38.63,1.92,-5.71,1
21-01-2023 22:00,EST,CAPITL,61757,34.89,1.96,-1.92,1
21-01-2023 23:00,EST,CAPITL,61757,37.83,1.61,-5.26,1
22-01-2023 00:00,EST,CAPITL,61757,34.9,1.49,-3.59,1
22-01-2023 01:00,EST,CAPITL,61757,33.2,1.41,-2.97,1
22-01-2023 02:00,EST,CAPITL,61757,32.37,1.42,-2.99,1
22-01-2023 03:00,EST,CAPITL,61757,31.98,1.4,-3.04,1
22-01-2023 04:00,EST,CAPITL,61757,32.25,1.44,-3.1,1
22-01-2023 05:00,EST,CAPITL,61757,33.14,1.48,-3.18,1
22-01-2023 06:00,EST,CAPITL,61757,32.18,1.58,-1.41,1
22-01-2023 07:00,EST,CAPITL,61757,33.89,1.51,-3.25,1
22-01-2023 08:00,EST,CAPITL,61757,33.43,1.8,-1.7,1
22-01-2023 09:00,EST,CAPITL,61757,33.39,1.83,-1.56,1
22-01-2023 10:00,EST,CAPITL,61757,32.77,1.86,-0.88,1
22-01-2023 11:00,EST,CAPITL,61757,32.69,1.94,0,1
22-01-2023 12:00,EST,CAPITL,61757,32.71,1.91,0,1
22-01-2023 13:00,EST,CAPITL,61757,32.93,1.92,0,1
22-01-2023 14:00,EST,CAPITL,61757,35.06,1.83,-3.26,1
22-01-2023 15:00,EST,CAPITL,61757,35.23,1.93,-2.71,1
22-01-2023 16:00,EST,CAPITL,61757,42.48,2.11,-7.93,1
22-01-2023 17:00,EST,CAPITL,61757,53.87,2.87,-6.21,1
22-01-2023 18:00,EST,CAPITL,61757,47.17,2.53,-5.07,1
22-01-2023 19:00,EST,CAPITL,61757,42.38,2.03,-8.21,1
22-01-2023 20:00,EST,CAPITL,61757,36.55,1.94,-2.84,1
22-01-2023 21:00,EST,CAPITL,61757,34.88,1.85,-2.67,1
22-01-2023 22:00,EST,CAPITL,61757,33.95,1.8,-2.15,1
22-01-2023 23:00,EST,CAPITL,61757,33.56,1.64,-2.11,1
23-01-2023 00:00,EST,CAPITL,61757,31.92,1.43,-0.7,1
23-01-2023 01:00,EST,CAPITL,61757,31.62,1.4,-1.54,1
23-01-2023 02:00,EST,CAPITL,61757,30.56,1.33,-1.98,1
23-01-2023 03:00,EST,CAPITL,61757,30.6,1.32,-2.24,1
23-01-2023 04:00,EST,CAPITL,61757,31.23,1.38,-2.16,1
23-01-2023 05:00,EST,CAPITL,61757,33.25,1.49,-1.94,1
23-01-2023 06:00,EST,CAPITL,61757,34.63,1.74,-0.72,1
23-01-2023 07:00,EST,CAPITL,61757,42.64,2,-7.81,1
23-01-2023 08:00,EST,CAPITL,61757,42.88,2.5,-4.06,1
23-01-2023 09:00,EST,CAPITL,61757,42.43,2.48,-4.01,1
23-01-2023 10:00,EST,CAPITL,61757,42.91,2.44,-4.63,1
23-01-2023 11:00,EST,CAPITL,61757,44.09,2.29,-8.63,1
23-01-2023 12:00,EST,CAPITL,61757,42.58,2.21,-7.86,1
23-01-2023 13:00,EST,CAPITL,61757,42.96,2.17,-8.83,1
23-01-2023 14:00,EST,CAPITL,61757,42.71,2.11,-8.69,1
23-01-2023 15:00,EST,CAPITL,61757,46.65,2.09,-13.44,1
23-01-2023 16:00,EST,CAPITL,61757,52.63,2.27,-16.47,1
23-01-2023 17:00,EST,CAPITL,61757,73.87,2.78,-32.52,1
23-01-2023 18:00,EST,CAPITL,61757,66.44,2.43,-30.23,1
23-01-2023 19:00,EST,CAPITL,61757,53.01,2.09,-20.54,1
23-01-2023 20:00,EST,CAPITL,61757,48.58,1.99,-16.5,1
23-01-2023 21:00,EST,CAPITL,61757,45.69,1.89,-13.83,1
23-01-2023 22:00,EST,CAPITL,61757,37.14,1.8,-5.4,1
23-01-2023 23:00,EST,CAPITL,61757,40.66,1.32,-12.83,1
24-01-2023 00:00,EST,CAPITL,61757,38.03,1.2,-12.23,1
24-01-2023 01:00,EST,CAPITL,61757,37.84,1.08,-15.21,1
24-01-2023 02:00,EST,CAPITL,61757,36.55,0.84,-18.12,1
24-01-2023 03:00,EST,CAPITL,61757,36.77,0.84,-18.48,1
24-01-2023 04:00,EST,CAPITL,61757,38.49,0.95,-18.91,1
24-01-2023 05:00,EST,CAPITL,61757,38.76,1.22,-14.09,1
24-01-2023 06:00,EST,CAPITL,61757,45.98,1.83,-11.5,1
24-01-2023 07:00,EST,CAPITL,61757,62.86,2.03,-28.12,1
24-01-2023 08:00,EST,CAPITL,61757,55.68,2.45,-18.72,1
24-01-2023 09:00,EST,CAPITL,61757,51.09,2.32,-14.74,1
24-01-2023 10:00,EST,CAPITL,61757,42.81,2.28,-6.53,1
24-01-2023 11:00,EST,CAPITL,61757,40.48,2.26,-3.96,1
24-01-2023 12:00,EST,CAPITL,61757,36.25,2.18,0,1
24-01-2023 13:00,EST,CAPITL,61757,35.97,2.03,-1.2,1
24-01-2023 14:00,EST,CAPITL,61757,38.4,1.93,-6.41,1
24-01-2023 15:00,EST,CAPITL,61757,40.9,1.98,-8.85,1
24-01-2023 16:00,EST,CAPITL,61757,49.19,2.04,-16.22,1
24-01-2023 17:00,EST,CAPITL,61757,67.26,2.79,-24.57,1
24-01-2023 18:00,EST,CAPITL,61757,58,2.47,-19.16,1
24-01-2023 19:00,EST,CAPITL,61757,49.73,2.18,-15.01,1
24-01-2023 20:00,EST,CAPITL,61757,43.73,2.12,-9.47,1
24-01-2023 21:00,EST,CAPITL,61757,39.95,2.07,-5.61,1
24-01-2023 22:00,EST,CAPITL,61757,37.84,2,-3.54,1
24-01-2023 23:00,EST,CAPITL,61757,36.42,1.64,-3.72,1
25-01-2023 00:00,EST,CAPITL,61757,35.48,1.6,-3.68,1
25-01-2023 01:00,EST,CAPITL,61757,34.37,1.58,-2.91,1
25-01-2023 02:00,EST,CAPITL,61757,32.52,1.64,-1,1
25-01-2023 03:00,EST,CAPITL,61757,32.65,1.61,-1.2,1
25-01-2023 04:00,EST,CAPITL,61757,33.05,1.67,-1.45,1
25-01-2023 05:00,EST,CAPITL,61757,35.41,1.77,-2.62,1
25-01-2023 06:00,EST,CAPITL,61757,40.16,2.09,0,1
25-01-2023 07:00,EST,CAPITL,61757,53.56,2.58,-4.96,1
25-01-2023 08:00,EST,CAPITL,61757,53.32,3.05,-0.31,1
25-01-2023 09:00,EST,CAPITL,61757,50.01,2.52,-6.1,1
25-01-2023 10:00,EST,CAPITL,61757,45.6,2.48,-4.45,1
25-01-2023 11:00,EST,CAPITL,61757,46.85,2.35,-7.85,1
25-01-2023 12:00,EST,CAPITL,61757,46.53,2.1,-11.1,1
25-01-2023 13:00,EST,CAPITL,61757,49.29,2.1,-14.88,1
25-01-2023 14:00,EST,CAPITL,61757,49.96,2.07,-16.94,1
25-01-2023 15:00,EST,CAPITL,61757,51.14,1.98,-19.16,1
25-01-2023 16:00,EST,CAPITL,61757,58.02,2.03,-25.19,1
25-01-2023 17:00,EST,CAPITL,61757,75.97,2.5,-37.74,1
25-01-2023 18:00,EST,CAPITL,61757,68.21,2.19,-34.33,1
25-01-2023 19:00,EST,CAPITL,61757,60.97,2.06,-27.7,1
25-01-2023 20:00,EST,CAPITL,61757,48.87,1.95,-17.85,1
25-01-2023 21:00,EST,CAPITL,61757,44.69,1.89,-12.77,1
25-01-2023 22:00,EST,CAPITL,61757,40.26,1.8,-8.46,1
25-01-2023 23:00,EST,CAPITL,61757,38.98,1.45,-8.41,1
26-01-2023 00:00,EST,CAPITL,61757,34.13,1.06,-10.5,1
26-01-2023 01:00,EST,CAPITL,61757,34.81,0.97,-13.71,1
26-01-2023 02:00,EST,CAPITL,61757,32.97,0.96,-12.06,1
26-01-2023 03:00,EST,CAPITL,61757,31.33,1.07,-8.43,1
26-01-2023 04:00,EST,CAPITL,61757,33.22,1.04,-10.46,1
26-01-2023 05:00,EST,CAPITL,61757,33.76,1.3,-7.01,1
26-01-2023 06:00,EST,CAPITL,61757,36.12,1.62,-4.4,1
26-01-2023 07:00,EST,CAPITL,61757,42.61,1.71,-9.75,1
26-01-2023 08:00,EST,CAPITL,61757,42.52,2.15,-7.79,1
26-01-2023 09:00,EST,CAPITL,61757,38.43,2.1,-3.58,1
26-01-2023 10:00,EST,CAPITL,61757,35.65,2.03,-1.44,1
26-01-2023 11:00,EST,CAPITL,61757,35.92,1.9,-3.4,1
26-01-2023 12:00,EST,CAPITL,61757,36.19,1.9,-4.11,1
26-01-2023 13:00,EST,CAPITL,61757,35.8,1.9,-3.27,1
26-01-2023 14:00,EST,CAPITL,61757,35.51,1.97,-1.69,1
26-01-2023 15:00,EST,CAPITL,61757,36.73,1.96,-3.64,1
26-01-2023 16:00,EST,CAPITL,61757,41.61,2.08,-7.04,1
26-01-2023 17:00,EST,CAPITL,61757,60.54,2.73,-18.17,1
26-01-2023 18:00,EST,CAPITL,61757,54,2.38,-16.62,1
26-01-2023 19:00,EST,CAPITL,61757,41.92,2.26,-6.39,1
26-01-2023 20:00,EST,CAPITL,61757,40,2.11,-6.41,1
26-01-2023 21:00,EST,CAPITL,61757,36.26,2.06,-2.99,1
26-01-2023 22:00,EST,CAPITL,61757,35.9,1.93,-3.79,1
26-01-2023 23:00,EST,CAPITL,61757,33.96,1.58,-2.5,1
27-01-2023 00:00,EST,CAPITL,61757,33.21,1.54,-5.07,1
27-01-2023 01:00,EST,CAPITL,61757,31.91,1.51,-4.37,1
27-01-2023 02:00,EST,CAPITL,61757,29,1.49,-1.8,1
27-01-2023 03:00,EST,CAPITL,61757,29,1.49,-1.84,1
27-01-2023 04:00,EST,CAPITL,61757,29.83,1.62,-1.22,1
27-01-2023 05:00,EST,CAPITL,61757,32.3,1.78,-0.88,1
27-01-2023 06:00,EST,CAPITL,61757,36.34,1.92,-4.04,1
27-01-2023 07:00,EST,CAPITL,61757,51.51,2.28,-15.25,1
27-01-2023 08:00,EST,CAPITL,61757,49.99,2.8,-9.81,1
27-01-2023 09:00,EST,CAPITL,61757,43.01,2.51,-6.59,1
27-01-2023 10:00,EST,CAPITL,61757,38.62,2.42,-3.52,1
27-01-2023 11:00,EST,CAPITL,61757,35.58,2.3,-1.37,1
27-01-2023 12:00,EST,CAPITL,61757,34.94,2.1,-2.38,1
27-01-2023 13:00,EST,CAPITL,61757,34.6,2.04,-2.52,1
27-01-2023 14:00,EST,CAPITL,61757,34.58,2.01,-2.57,1
27-01-2023 15:00,EST,CAPITL,61757,36.36,2.15,-3.55,1
27-01-2023 16:00,EST,CAPITL,61757,42.12,2.25,-7.66,1
27-01-2023 17:00,EST,CAPITL,61757,64.83,2.5,-28,1
27-01-2023 18:00,EST,CAPITL,61757,60.09,2.31,-25.71,1
27-01-2023 19:00,EST,CAPITL,61757,45.78,2.17,-12.55,1
27-01-2023 20:00,EST,CAPITL,61757,44.16,2.09,-12.14,1
27-01-2023 21:00,EST,CAPITL,61757,37.84,2.06,-5.95,1
27-01-2023 22:00,EST,CAPITL,61757,36.33,1.92,-5.78,1
27-01-2023 23:00,EST,CAPITL,61757,38.63,1.29,-14.66,1
28-01-2023 00:00,EST,CAPITL,61757,40.18,1.08,-19.42,1
28-01-2023 01:00,EST,CAPITL,61757,37.98,0.95,-19.72,1
28-01-2023 02:00,EST,CAPITL,61757,36.37,0.92,-18.64,1
28-01-2023 03:00,EST,CAPITL,61757,35.28,0.88,-18.38,1
28-01-2023 04:00,EST,CAPITL,61757,35.48,0.92,-18.04,1
28-01-2023 05:00,EST,CAPITL,61757,37.29,0.93,-19.71,1
28-01-2023 06:00,EST,CAPITL,61757,41.06,1.15,-19.69,1
28-01-2023 07:00,EST,CAPITL,61757,44.61,1.09,-24.65,1
28-01-2023 08:00,EST,CAPITL,61757,42.52,1.61,-16.9,1
28-01-2023 09:00,EST,CAPITL,61757,36.97,1.93,-5.82,1
28-01-2023 10:00,EST,CAPITL,61757,31.35,1.91,0,1
28-01-2023 11:00,EST,CAPITL,61757,30.27,1.8,0,1
28-01-2023 12:00,EST,CAPITL,61757,28.42,1.73,0,1
28-01-2023 13:00,EST,CAPITL,61757,27.68,1.61,-0.86,1
28-01-2023 14:00,EST,CAPITL,61757,28.03,1.49,-2.86,1
28-01-2023 15:00,EST,CAPITL,61757,30.56,1.69,-2.52,1
28-01-2023 16:00,EST,CAPITL,61757,35.97,1.87,-5.75,1
28-01-2023 17:00,EST,CAPITL,61757,50.47,2.16,-16.98,1
28-01-2023 18:00,EST,CAPITL,61757,44.91,2.27,-10.15,1
28-01-2023 19:00,EST,CAPITL,61757,40.14,2.16,-6.72,1
28-01-2023 20:00,EST,CAPITL,61757,33.32,1.99,-1.22,1
28-01-2023 21:00,EST,CAPITL,61757,31.63,1.76,0,1
28-01-2023 22:00,EST,CAPITL,61757,29.51,1.62,0,1
28-01-2023 23:00,EST,CAPITL,61757,29.89,1.48,0,1
29-01-2023 00:00,EST,CAPITL,61757,30.26,1.17,-6.05,1
29-01-2023 01:00,EST,CAPITL,61757,27.97,1.1,-5.73,1
29-01-2023 02:00,EST,CAPITL,61757,27.56,1.06,-6.09,1
29-01-2023 03:00,EST,CAPITL,61757,26.25,1.01,-5.34,1
29-01-2023 04:00,EST,CAPITL,61757,27.57,1.03,-7.06,1
29-01-2023 05:00,EST,CAPITL,61757,27.99,1.05,-7.19,1
29-01-2023 06:00,EST,CAPITL,61757,28.83,0.95,-9.57,1
29-01-2023 07:00,EST,CAPITL,61757,31.3,0.99,-11.97,1
29-01-2023 08:00,EST,CAPITL,61757,29.53,1.46,-5.55,1
29-01-2023 09:00,EST,CAPITL,61757,30.26,1.57,-5.63,1
29-01-2023 10:00,EST,CAPITL,61757,29.09,1.72,-2.76,1
29-01-2023 11:00,EST,CAPITL,61757,28.32,1.74,-1.31,1
29-01-2023 12:00,EST,CAPITL,61757,27.68,1.77,-0.69,1
29-01-2023 13:00,EST,CAPITL,61757,28.29,1.66,-2.58,1
29-01-2023 14:00,EST,CAPITL,61757,28.74,1.65,-2.91,1
29-01-2023 15:00,EST,CAPITL,61757,30.19,1.7,-3.9,1
29-01-2023 16:00,EST,CAPITL,61757,31.55,1.97,-0.68,1
29-01-2023 17:00,EST,CAPITL,61757,39.76,2.32,-5.19,1
29-01-2023 18:00,EST,CAPITL,61757,35.09,2.19,-0.69,1
29-01-2023 19:00,EST,CAPITL,61757,33.36,1.98,-1.44,1
29-01-2023 20:00,EST,CAPITL,61757,29.61,1.81,0,1
29-01-2023 21:00,EST,CAPITL,61757,28.54,1.72,0,1
29-01-2023 22:00,EST,CAPITL,61757,26.99,1.62,0,1
29-01-2023 23:00,EST,CAPITL,61757,26.65,1.4,-0.26,1
30-01-2023 00:00,EST,CAPITL,61757,28.31,1.24,-4.47,1
30-01-2023 01:00,EST,CAPITL,61757,26.13,1.13,-4.42,1
30-01-2023 02:00,EST,CAPITL,61757,25.33,1.22,-2.26,1
30-01-2023 03:00,EST,CAPITL,61757,25.19,1.29,-1.18,1
30-01-2023 04:00,EST,CAPITL,61757,25.12,1.32,-0.64,1
30-01-2023 05:00,EST,CAPITL,61757,26.47,1.5,0,1
30-01-2023 06:00,EST,CAPITL,61757,33.43,1.59,0,1
30-01-2023 07:00,EST,CAPITL,61757,46.05,2.15,0,1
30-01-2023 08:00,EST,CAPITL,61757,46.83,2.19,0,1
30-01-2023 09:00,EST,CAPITL,61757,40.72,2.41,0,1
30-01-2023 10:00,EST,CAPITL,61757,36.53,2.1,0,1
30-01-2023 11:00,EST,CAPITL,61757,34.87,2.16,0,1
30-01-2023 12:00,EST,CAPITL,61757,34.55,2.11,0,1
30-01-2023 13:00,EST,CAPITL,61757,33.84,2.04,0,1
30-01-2023 14:00,EST,CAPITL,61757,34.47,2.1,0,1
30-01-2023 15:00,EST,CAPITL,61757,38.69,2.12,0,1
30-01-2023 16:00,EST,CAPITL,61757,44.45,2.64,0,1
30-01-2023 17:00,EST,CAPITL,61757,59.69,3.54,0,1
30-01-2023 18:00,EST,CAPITL,61757,54.23,3.22,0,1
30-01-2023 19:00,EST,CAPITL,61757,40.6,2.55,0,1
30-01-2023 20:00,EST,CAPITL,61757,36.45,2.16,0,1
30-01-2023 21:00,EST,CAPITL,61757,32.72,1.94,0,1
30-01-2023 22:00,EST,CAPITL,61757,30.4,1.83,0,1
30-01-2023 23:00,EST,CAPITL,61757,30.54,1.34,-4.85,1
31-01-2023 00:00,EST,CAPITL,61757,32.8,1.61,-2.41,1
31-01-2023 01:00,EST,CAPITL,61757,31.14,1.53,-2.84,1
31-01-2023 02:00,EST,CAPITL,61757,30.01,1.49,-2.29,1
31-01-2023 03:00,EST,CAPITL,61757,29.46,1.56,-0.53,1
31-01-2023 04:00,EST,CAPITL,61757,29.56,1.59,0,1
31-01-2023 05:00,EST,CAPITL,61757,33.26,1.86,-0.34,1
31-01-2023 06:00,EST,CAPITL,61757,42.39,2.21,0,1
31-01-2023 07:00,EST,CAPITL,61757,60.16,3.4,0,1
31-01-2023 08:00,EST,CAPITL,61757,63.67,3.88,0,1
31-01-2023 09:00,EST,CAPITL,61757,52.5,3.48,0,1
31-01-2023 10:00,EST,CAPITL,61757,56.14,3.03,-11.57,1
31-01-2023 11:00,EST,CAPITL,61757,54.05,2.66,-14.46,1
31-01-2023 12:00,EST,CAPITL,61757,52.19,2.48,-14.77,1
31-01-2023 13:00,EST,CAPITL,61757,52.61,2.33,-16.94,1
31-01-2023 14:00,EST,CAPITL,61757,55.79,2.52,-18.36,1
31-01-2023 15:00,EST,CAPITL,61757,64.6,2.69,-25.55,1
31-01-2023 16:00,EST,CAPITL,61757,71.1,3.86,-11.3,1
31-01-2023 17:00,EST,CAPITL,61757,93.56,5.37,-10.3,1
31-01-2023 18:00,EST,CAPITL,61757,90.95,5.43,-6.71,1
31-01-2023 19:00,EST,CAPITL,61757,85.67,4.26,-19.6,1
31-01-2023 20:00,EST,CAPITL,61757,76.64,3.36,-24.5,1
31-01-2023 21:00,EST,CAPITL,61757,62.42,3.14,-13.15,1
31-01-2023 22:00,EST,CAPITL,61757,55.24,2.72,-12.57,1
31-01-2023 23:00,EST,CAPITL,61757,54.26,2.07,-19.81,1
01-02-2023 00:00,EST,CAPITL,61757,85.36,2.03,-52.52,1
01-02-2023 01:00,EST,CAPITL,61757,71.73,2.03,-38.9,1
01-02-2023 02:00,EST,CAPITL,61757,69.74,2,-36.97,1
01-02-2023 03:00,EST,CAPITL,61757,63.49,2.04,-30.53,1
01-02-2023 04:00,EST,CAPITL,61757,64,2.16,-28.07,1
01-02-2023 05:00,EST,CAPITL,61757,68.31,3.01,-19.02,1
01-02-2023 06:00,EST,CAPITL,61757,110.45,4.89,-26.79,1
01-02-2023 07:00,EST,CAPITL,61757,126.02,6.9,-2.1,1
01-02-2023 08:00,EST,CAPITL,61757,116.75,6.25,-14.28,1
01-02-2023 09:00,EST,CAPITL,61757,100,4.97,-20.88,1
01-02-2023 10:00,EST,CAPITL,61757,96.19,2.74,-52.58,1
01-02-2023 11:00,EST,CAPITL,61757,89.27,2.46,-50.12,1
01-02-2023 12:00,EST,CAPITL,61757,86.37,2.34,-47.96,1
01-02-2023 13:00,EST,CAPITL,61757,80.56,2.15,-45.86,1
01-02-2023 14:00,EST,CAPITL,61757,86.41,2.14,-52.29,1
01-02-2023 15:00,EST,CAPITL,61757,103,2.29,-67.45,1
01-02-2023 16:00,EST,CAPITL,61757,134.39,3,-88.53,1
01-02-2023 17:00,EST,CAPITL,61757,168.92,4.71,-96.93,1
01-02-2023 18:00,EST,CAPITL,61757,139.11,4.33,-73.85,1
01-02-2023 19:00,EST,CAPITL,61757,146.9,3.33,-95.99,1
01-02-2023 20:00,EST,CAPITL,61757,135,2.83,-92.92,1
01-02-2023 21:00,EST,CAPITL,61757,110.79,2.45,-74.39,1
01-02-2023 22:00,EST,CAPITL,61757,96.36,2.29,-62.33,1
01-02-2023 23:00,EST,CAPITL,61757,87.45,2,-54.73,1
02-02-2023 00:00,EST,CAPITL,61757,84.43,1.66,-58.35,1
02-02-2023 01:00,EST,CAPITL,61757,79.94,1.51,-55.87,1
02-02-2023 02:00,EST,CAPITL,61757,71.99,1.59,-46.6,1
02-02-2023 03:00,EST,CAPITL,61757,71.36,1.54,-46.04,1
02-02-2023 04:00,EST,CAPITL,61757,72,1.62,-46.62,1
02-02-2023 05:00,EST,CAPITL,61757,76.56,1.93,-47.38,1
02-02-2023 06:00,EST,CAPITL,61757,90.94,2.24,-56.18,1
02-02-2023 07:00,EST,CAPITL,61757,102.05,3.32,-48.46,1
02-02-2023 08:00,EST,CAPITL,61757,98.95,3.25,-48.6,1
02-02-2023 09:00,EST,CAPITL,61757,96.33,2.17,-64.09,1
02-02-2023 10:00,EST,CAPITL,61757,115.75,1.94,-86.48,1
02-02-2023 11:00,EST,CAPITL,61757,102.36,1.75,-75.29,1
02-02-2023 12:00,EST,CAPITL,61757,88.98,1.52,-64.13,1
02-02-2023 13:00,EST,CAPITL,61757,88.83,1.48,-64.61,1
02-02-2023 14:00,EST,CAPITL,61757,88.65,1.56,-63.37,1
02-02-2023 15:00,EST,CAPITL,61757,105.24,1.56,-81.08,1
02-02-2023 16:00,EST,CAPITL,61757,112,1.92,-82.7,1
02-02-2023 17:00,EST,CAPITL,61757,188.02,1.95,-158.57,1
02-02-2023 18:00,EST,CAPITL,61757,196.02,2.01,-166.43,1
02-02-2023 19:00,EST,CAPITL,61757,119.02,1.93,-89.54,1
02-02-2023 20:00,EST,CAPITL,61757,150.45,1.92,-121.09,1
02-02-2023 21:00,EST,CAPITL,61757,150.78,1.92,-121.48,1
02-02-2023 22:00,EST,CAPITL,61757,101,1.86,-71.84,1
02-02-2023 23:00,EST,CAPITL,61757,88.39,1.63,-59.62,1
03-02-2023 00:00,EST,CAPITL,61757,63.27,1.79,-32.61,1
03-02-2023 01:00,EST,CAPITL,61757,60.56,1.8,-29.81,1
03-02-2023 02:00,EST,CAPITL,61757,55.06,1.82,-23.86,1
03-02-2023 03:00,EST,CAPITL,61757,57.29,1.96,-24.17,1
03-02-2023 04:00,EST,CAPITL,61757,49.66,2.61,-6.28,1
03-02-2023 05:00,EST,CAPITL,61757,62.85,3.73,0,1
03-02-2023 06:00,EST,CAPITL,61757,99.2,6.23,-5.28,1
03-02-2023 07:00,EST,CAPITL,61757,124.41,8.02,0,1
03-02-2023 08:00,EST,CAPITL,61757,135.16,8.61,0,1
03-02-2023 09:00,EST,CAPITL,61757,125.26,8.19,0,1
03-02-2023 10:00,EST,CAPITL,61757,263.61,9.93,-109.66,1
03-02-2023 11:00,EST,CAPITL,61757,237.31,10.37,-74.55,1
03-02-2023 12:00,EST,CAPITL,61757,230.22,10.76,-63.44,1
03-02-2023 13:00,EST,CAPITL,61757,231.25,10.73,-64.86,1
03-02-2023 14:00,EST,CAPITL,61757,300,8.74,-166.35,1
03-02-2023 15:00,EST,CAPITL,61757,269.03,10.3,-109.41,1
03-02-2023 16:00,EST,CAPITL,61757,247.72,12.98,-43.99,1
03-02-2023 17:00,EST,CAPITL,61757,290.36,18.23,0,1
03-02-2023 18:00,EST,CAPITL,61757,299.49,18.54,0,1
03-02-2023 19:00,EST,CAPITL,61757,264.59,16.85,0,1
03-02-2023 20:00,EST,CAPITL,61757,252.94,14.95,-14.84,1
03-02-2023 21:00,EST,CAPITL,61757,238.85,14.62,-5.98,1
03-02-2023 22:00,EST,CAPITL,61757,217.86,13.11,0,1
03-02-2023 23:00,EST,CAPITL,61757,207.33,12.65,0,1
04-02-2023 00:00,EST,CAPITL,61757,400,15.62,-147.65,1
04-02-2023 01:00,EST,CAPITL,61757,400,14.27,-166.08,1
04-02-2023 02:00,EST,CAPITL,61757,299,13.55,-73.86,1
04-02-2023 03:00,EST,CAPITL,61757,333,13.79,-107.01,1
04-02-2023 04:00,EST,CAPITL,61757,337.58,14.05,-107.33,1
04-02-2023 05:00,EST,CAPITL,61757,365,15.55,-102.82,1
04-02-2023 06:00,EST,CAPITL,61757,394.47,17.12,-110.13,1
04-02-2023 07:00,EST,CAPITL,61757,365,20.58,-32.58,1
04-02-2023 08:00,EST,CAPITL,61757,365,18.52,-70.07,1
04-02-2023 09:00,EST,CAPITL,61757,300,16.05,-44.36,1
04-02-2023 10:00,EST,CAPITL,61757,302.32,12.69,-103.17,1
04-02-2023 11:00,EST,CAPITL,61757,304.86,12.45,-109.43,1
04-02-2023 12:00,EST,CAPITL,61757,311.41,9.11,-164.17,1
04-02-2023 13:00,EST,CAPITL,61757,324.35,7.6,-203.26,1
04-02-2023 14:00,EST,CAPITL,61757,346.41,6.87,-235.46,1
04-02-2023 15:00,EST,CAPITL,61757,360.19,6.88,-249.04,1
04-02-2023 16:00,EST,CAPITL,61757,310,10.34,-143,1
04-02-2023 17:00,EST,CAPITL,61757,401.08,13.51,-182.9,1
04-02-2023 18:00,EST,CAPITL,61757,464.8,12.57,-264.57,1
04-02-2023 19:00,EST,CAPITL,61757,429.28,8.33,-296.57,1
04-02-2023 20:00,EST,CAPITL,61757,428.07,7.32,-311.54,1
04-02-2023 21:00,EST,CAPITL,61757,408.15,5.55,-318.56,1
04-02-2023 22:00,EST,CAPITL,61757,354.18,6.68,-247.76,1
04-02-2023 23:00,EST,CAPITL,61757,327.4,5.69,-234.13,1
05-02-2023 00:00,EST,CAPITL,61757,127.22,1.33,-105.68,1
05-02-2023 01:00,EST,CAPITL,61757,118.72,1.29,-97.24,1
05-02-2023 02:00,EST,CAPITL,61757,123.14,0.33,-117.72,1
05-02-2023 03:00,EST,CAPITL,61757,121.1,0.33,-115.68,1
05-02-2023 04:00,EST,CAPITL,61757,126.83,0.33,-121.42,1
05-02-2023 05:00,EST,CAPITL,61757,139.88,0.53,-131.24,1
05-02-2023 06:00,EST,CAPITL,61757,119.33,0.97,-103.65,1
05-02-2023 07:00,EST,CAPITL,61757,118.1,1.01,-101.96,1
05-02-2023 08:00,EST,CAPITL,61757,166.51,1.51,-144,1
05-02-2023 09:00,EST,CAPITL,61757,150.72,1.55,-127.63,1
05-02-2023 10:00,EST,CAPITL,61757,67.3,1.92,-37.99,1
05-02-2023 11:00,EST,CAPITL,61757,64.36,1.52,-40.47,1
05-02-2023 12:00,EST,CAPITL,61757,61.07,1.51,-37.02,1
05-02-2023 13:00,EST,CAPITL,61757,57.84,1.51,-33.5,1
05-02-2023 14:00,EST,CAPITL,61757,61.61,1.5,-37.77,1
05-02-2023 15:00,EST,CAPITL,61757,61.11,1.55,-37.12,1
05-02-2023 16:00,EST,CAPITL,61757,71.72,1.75,-44.98,1
05-02-2023 17:00,EST,CAPITL,61757,104.12,1.99,-74.15,1
05-02-2023 18:00,EST,CAPITL,61757,104.74,1.96,-74.71,1
05-02-2023 19:00,EST,CAPITL,61757,82.53,1.82,-55.1,1
05-02-2023 20:00,EST,CAPITL,61757,82.17,1.63,-57.22,1
05-02-2023 21:00,EST,CAPITL,61757,69.11,1.63,-43.89,1
05-02-2023 22:00,EST,CAPITL,61757,60.81,1.57,-36.11,1
05-02-2023 23:00,EST,CAPITL,61757,63.25,1.31,-40.45,1
06-02-2023 00:00,EST,CAPITL,61757,55.79,1.06,-35.86,1
06-02-2023 01:00,EST,CAPITL,61757,64.27,0.89,-46.5,1
06-02-2023 02:00,EST,CAPITL,61757,62.71,0.86,-46.01,1
06-02-2023 03:00,EST,CAPITL,61757,61.94,0.89,-44.56,1
06-02-2023 04:00,EST,CAPITL,61757,65.08,1.09,-43.81,1
06-02-2023 05:00,EST,CAPITL,61757,66.37,1.2,-44.87,1
06-02-2023 06:00,EST,CAPITL,61757,70.16,1.75,-41.05,1
06-02-2023 07:00,EST,CAPITL,61757,102.34,1.77,-73.29,1
06-02-2023 08:00,EST,CAPITL,61757,88.65,2.07,-56.55,1
06-02-2023 09:00,EST,CAPITL,61757,76.7,2.09,-45.13,1
06-02-2023 10:00,EST,CAPITL,61757,58,2.04,-27.69,1
06-02-2023 11:00,EST,CAPITL,61757,54.17,2.05,-22.79,1
06-02-2023 12:00,EST,CAPITL,61757,51.35,2.04,-19.74,1
06-02-2023 13:00,EST,CAPITL,61757,49.25,2.01,-17.76,1
06-02-2023 14:00,EST,CAPITL,61757,51.21,1.89,-21.19,1
06-02-2023 15:00,EST,CAPITL,61757,54.3,1.99,-23.47,1
06-02-2023 16:00,EST,CAPITL,61757,65.18,2.04,-33.6,1
06-02-2023 17:00,EST,CAPITL,61757,119.53,3.1,-72.17,1
06-02-2023 18:00,EST,CAPITL,61757,116.02,3.64,-61.12,1
06-02-2023 19:00,EST,CAPITL,61757,85.83,3.31,-35.27,1
06-02-2023 20:00,EST,CAPITL,61757,83.41,2.33,-47.81,1
06-02-2023 21:00,EST,CAPITL,61757,63.81,1.98,-34,1
06-02-2023 22:00,EST,CAPITL,61757,57.33,1.89,-27.63,1
06-02-2023 23:00,EST,CAPITL,61757,61.91,1.46,-36.47,1
07-02-2023 00:00,EST,CAPITL,61757,53.23,1.15,-31.82,1
07-02-2023 01:00,EST,CAPITL,61757,52.26,1.15,-30.88,1
07-02-2023 02:00,EST,CAPITL,61757,51.9,1.17,-30.52,1
07-02-2023 03:00,EST,CAPITL,61757,49.68,1.05,-30.82,1
07-02-2023 04:00,EST,CAPITL,61757,50.27,1.07,-31.44,1
07-02-2023 05:00,EST,CAPITL,61757,56.25,1.24,-34.64,1
07-02-2023 06:00,EST,CAPITL,61757,74.96,1.53,-49.57,1
07-02-2023 07:00,EST,CAPITL,61757,88.75,1.97,-56.5,1
07-02-2023 08:00,EST,CAPITL,61757,86.15,2.22,-52.68,1
07-02-2023 09:00,EST,CAPITL,61757,62.83,1.87,-33.46,1
07-02-2023 10:00,EST,CAPITL,61757,45.74,1.86,-16.51,1
07-02-2023 11:00,EST,CAPITL,61757,44.63,1.8,-15.55,1
07-02-2023 12:00,EST,CAPITL,61757,44.32,1.75,-15.26,1
07-02-2023 13:00,EST,CAPITL,61757,44.37,1.8,-15.26,1
07-02-2023 14:00,EST,CAPITL,61757,44.44,1.81,-15.25,1
07-02-2023 15:00,EST,CAPITL,61757,45.06,1.82,-16.45,1
07-02-2023 16:00,EST,CAPITL,61757,48.69,1.96,-17.01,1
07-02-2023 17:00,EST,CAPITL,61757,78.83,2.15,-45.93,1
07-02-2023 18:00,EST,CAPITL,61757,72.98,2.23,-39.75,1
07-02-2023 19:00,EST,CAPITL,61757,49.31,1.93,-18.15,1
07-02-2023 20:00,EST,CAPITL,61757,48.73,1.78,-19.59,1
07-02-2023 21:00,EST,CAPITL,61757,42.83,1.61,-16.05,1
07-02-2023 22:00,EST,CAPITL,61757,36.97,1.55,-10.89,1
07-02-2023 23:00,EST,CAPITL,61757,42.29,1.1,-20.83,1
08-02-2023 00:00,EST,CAPITL,61757,31.62,0.75,-15.61,1
08-02-2023 01:00,EST,CAPITL,61757,29.47,0.75,-13.46,1
08-02-2023 02:00,EST,CAPITL,61757,28.64,0.78,-12.59,1
08-02-2023 03:00,EST,CAPITL,61757,28.68,0.79,-12.59,1
08-02-2023 04:00,EST,CAPITL,61757,29.38,0.81,-13.26,1
08-02-2023 05:00,EST,CAPITL,61757,32.44,0.94,-14.04,1
08-02-2023 06:00,EST,CAPITL,61757,38.12,1.3,-12.35,1
08-02-2023 07:00,EST,CAPITL,61757,52.2,1.27,-26.52,1
08-02-2023 08:00,EST,CAPITL,61757,41.78,1.68,-11.68,1
08-02-2023 09:00,EST,CAPITL,61757,33.41,1.51,-5.37,1
08-02-2023 10:00,EST,CAPITL,61757,30.52,1.36,-5.35,1
08-02-2023 11:00,EST,CAPITL,61757,28.63,1.32,-4.48,1
08-02-2023 12:00,EST,CAPITL,61757,27.43,1.28,-3.65,1
08-02-2023 13:00,EST,CAPITL,61757,26.62,1.26,-2.84,1
08-02-2023 14:00,EST,CAPITL,61757,26.25,1.24,-2.52,1
08-02-2023 15:00,EST,CAPITL,61757,28,1.33,-4.08,1
08-02-2023 16:00,EST,CAPITL,61757,32.58,1.56,-4.19,1
08-02-2023 17:00,EST,CAPITL,61757,51.75,1.84,-19.81,1
08-02-2023 18:00,EST,CAPITL,61757,48.28,1.93,-15.24,1
08-02-2023 19:00,EST,CAPITL,61757,39.9,1.82,-8.3,1
08-02-2023 20:00,EST,CAPITL,61757,34.65,1.71,-4.99,1
08-02-2023 21:00,EST,CAPITL,61757,30.6,1.54,-5.7,1
08-02-2023 22:00,EST,CAPITL,61757,30.03,1.4,-6.12,1
08-02-2023 23:00,EST,CAPITL,61757,29.31,1.19,-6.05,1
09-02-2023 00:00,EST,CAPITL,61757,26.62,1.2,-3.17,1
09-02-2023 01:00,EST,CAPITL,61757,25.53,1.1,-4.05,1
09-02-2023 02:00,EST,CAPITL,61757,25,1.07,-4.16,1
09-02-2023 03:00,EST,CAPITL,61757,25.14,1.02,-5.12,1
09-02-2023 04:00,EST,CAPITL,61757,25.63,1.02,-5.75,1
09-02-2023 05:00,EST,CAPITL,61757,27.2,1.24,-4.1,1
09-02-2023 06:00,EST,CAPITL,61757,34.64,1.44,-6.01,1
09-02-2023 07:00,EST,CAPITL,61757,44.68,1.33,-19.06,1
09-02-2023 08:00,EST,CAPITL,61757,38.86,1.61,-9.97,1
09-02-2023 09:00,EST,CAPITL,61757,35.07,1.63,-6.24,1
09-02-2023 10:00,EST,CAPITL,61757,34.91,1.45,-9.35,1
09-02-2023 11:00,EST,CAPITL,61757,32.4,1.39,-7.38,1
09-02-2023 12:00,EST,CAPITL,61757,32.22,1.25,-9.36,1
09-02-2023 13:00,EST,CAPITL,61757,33.45,1.19,-11.77,1
09-02-2023 14:00,EST,CAPITL,61757,33.1,1.21,-11.44,1
09-02-2023 15:00,EST,CAPITL,61757,36.22,1.2,-14.31,1
09-02-2023 16:00,EST,CAPITL,61757,37.98,1.2,-15.72,1
09-02-2023 17:00,EST,CAPITL,61757,50.74,1.27,-28.23,1
09-02-2023 18:00,EST,CAPITL,61757,44.88,1.32,-21.16,1
09-02-2023 19:00,EST,CAPITL,61757,37.96,1.24,-14.64,1
09-02-2023 20:00,EST,CAPITL,61757,35.04,1.15,-12.91,1
09-02-2023 21:00,EST,CAPITL,61757,30.88,1.09,-9.52,1
09-02-2023 22:00,EST,CAPITL,61757,29.51,0.97,-10.93,1
09-02-2023 23:00,EST,CAPITL,61757,29.25,0.71,-14.28,1
10-02-2023 00:00,EST,CAPITL,61757,31.14,0.45,-21.77,1
10-02-2023 01:00,EST,CAPITL,61757,28.72,0.44,-19.38,1
10-02-2023 02:00,EST,CAPITL,61757,27.3,0.44,-17.94,1
10-02-2023 03:00,EST,CAPITL,61757,27.2,0.45,-17.65,1
10-02-2023 04:00,EST,CAPITL,61757,27.09,0.49,-16.89,1
10-02-2023 05:00,EST,CAPITL,61757,29.96,0.64,-17.54,1
10-02-2023 06:00,EST,CAPITL,61757,35.03,0.71,-20.3,1
10-02-2023 07:00,EST,CAPITL,61757,41.59,0.9,-23.98,1
10-02-2023 08:00,EST,CAPITL,61757,38.33,1.2,-16.01,1
10-02-2023 09:00,EST,CAPITL,61757,32.98,1.13,-11.24,1
10-02-2023 10:00,EST,CAPITL,61757,32.68,1.03,-13.19,1
10-02-2023 11:00,EST,CAPITL,61757,29.13,1.17,-7.36,1
10-02-2023 12:00,EST,CAPITL,61757,28.42,1.01,-9.39,1
10-02-2023 13:00,EST,CAPITL,61757,27.55,1.11,-6.34,1
10-02-2023 14:00,EST,CAPITL,61757,28.72,1.08,-7.71,1
10-02-2023 15:00,EST,CAPITL,61757,30.18,1.1,-9.39,1
10-02-2023 16:00,EST,CAPITL,61757,33.19,1.22,-10.23,1
10-02-2023 17:00,EST,CAPITL,61757,48.67,1.43,-23.73,1
10-02-2023 18:00,EST,CAPITL,61757,48.67,1.4,-23.95,1
10-02-2023 19:00,EST,CAPITL,61757,37.65,1.29,-13.73,1
10-02-2023 20:00,EST,CAPITL,61757,33.85,1.22,-11.29,1
10-02-2023 21:00,EST,CAPITL,61757,29.82,1.06,-10.13,1
10-02-2023 22:00,EST,CAPITL,61757,28.57,0.91,-10.82,1
10-02-2023 23:00,EST,CAPITL,61757,27.74,0.88,-11.19,1
11-02-2023 00:00,EST,CAPITL,61757,31.66,0.44,-22.85,1
11-02-2023 01:00,EST,CAPITL,61757,28.16,0.47,-18.41,1
11-02-2023 02:00,EST,CAPITL,61757,26.23,0.53,-15.45,1
11-02-2023 03:00,EST,CAPITL,61757,26.05,0.6,-13.92,1
11-02-2023 04:00,EST,CAPITL,61757,25.77,0.66,-12.58,1
11-02-2023 05:00,EST,CAPITL,61757,26.09,0.93,-7.64,1
11-02-2023 06:00,EST,CAPITL,61757,27.85,1.07,-7.32,1
11-02-2023 07:00,EST,CAPITL,61757,30.46,1.19,-8.69,1
11-02-2023 08:00,EST,CAPITL,61757,28.56,1.39,-4.68,1
11-02-2023 09:00,EST,CAPITL,61757,25.17,1.4,-0.78,1
11-02-2023 10:00,EST,CAPITL,61757,26.97,1.39,-2.46,1
11-02-2023 11:00,EST,CAPITL,61757,25.36,1.37,-1.14,1
11-02-2023 12:00,EST,CAPITL,61757,25.19,1.23,-2.78,1
11-02-2023 13:00,EST,CAPITL,61757,24.9,1.1,-4.41,1
11-02-2023 14:00,EST,CAPITL,61757,25.96,0.99,-7.55,1
11-02-2023 15:00,EST,CAPITL,61757,26.62,1.05,-7.11,1
11-02-2023 16:00,EST,CAPITL,61757,30.55,1.21,-9.17,1
11-02-2023 17:00,EST,CAPITL,61757,46.62,1.34,-21.82,1
11-02-2023 18:00,EST,CAPITL,61757,51.36,1.27,-27.81,1
11-02-2023 19:00,EST,CAPITL,61757,41.35,1.21,-19.35,1
11-02-2023 20:00,EST,CAPITL,61757,40.91,1.07,-21.13,1
11-02-2023 21:00,EST,CAPITL,61757,36.47,0.93,-18.67,1
11-02-2023 22:00,EST,CAPITL,61757,34.32,0.71,-20.3,1
11-02-2023 23:00,EST,CAPITL,61757,32.95,0.67,-19.23,1
12-02-2023 00:00,EST,CAPITL,61757,32.53,0.41,-24.47,1
12-02-2023 01:00,EST,CAPITL,61757,30.71,0.4,-22.54,1
12-02-2023 02:00,EST,CAPITL,61757,28.05,0.43,-19.27,1
12-02-2023 03:00,EST,CAPITL,61757,27.56,0.42,-18.96,1
12-02-2023 04:00,EST,CAPITL,61757,27.91,0.44,-19.11,1
12-02-2023 05:00,EST,CAPITL,61757,29.61,0.6,-18.28,1
12-02-2023 06:00,EST,CAPITL,61757,28.42,0.84,-12.32,1
12-02-2023 07:00,EST,CAPITL,61757,29.62,0.88,-12.81,1
12-02-2023 08:00,EST,CAPITL,61757,26.88,1.13,-7.57,1
12-02-2023 09:00,EST,CAPITL,61757,26.21,1.2,-5.72,1
12-02-2023 10:00,EST,CAPITL,61757,25.83,1.21,-4.83,1
12-02-2023 11:00,EST,CAPITL,61757,24.73,1.2,-3.45,1
12-02-2023 12:00,EST,CAPITL,61757,24.56,1.19,-3.28,1
12-02-2023 13:00,EST,CAPITL,61757,24.28,1.16,-3.14,1
12-02-2023 14:00,EST,CAPITL,61757,24.66,1.15,-3.74,1
12-02-2023 15:00,EST,CAPITL,61757,26.12,1.18,-5.26,1
12-02-2023 16:00,EST,CAPITL,61757,30.33,1.45,-5.95,1
12-02-2023 17:00,EST,CAPITL,61757,44.89,1.65,-17.89,1
12-02-2023 18:00,EST,CAPITL,61757,50.32,1.6,-23.81,1
12-02-2023 19:00,EST,CAPITL,61757,40.48,1.64,-13.16,1
12-02-2023 20:00,EST,CAPITL,61757,35.69,1.67,-7.94,1
12-02-2023 21:00,EST,CAPITL,61757,31.74,1.42,-7.01,1
12-02-2023 22:00,EST,CAPITL,61757,27.81,1.34,-4.56,1
12-02-2023 23:00,EST,CAPITL,61757,25.71,1.18,-3.45,1
13-02-2023 00:00,EST,CAPITL,61757,24.02,1.09,-3.89,1
13-02-2023 01:00,EST,CAPITL,61757,23.02,1.08,-2.94,1
13-02-2023 02:00,EST,CAPITL,61757,21.89,1.06,-1.85,1
13-02-2023 03:00,EST,CAPITL,61757,22.57,1.1,-2.14,1
13-02-2023 04:00,EST,CAPITL,61757,22.93,1.16,-1.74,1
13-02-2023 05:00,EST,CAPITL,61757,24.65,1.4,0,1
13-02-2023 06:00,EST,CAPITL,61757,36.15,1.24,-15.48,1
13-02-2023 07:00,EST,CAPITL,61757,45.91,1.41,-21.73,1
13-02-2023 08:00,EST,CAPITL,61757,37.87,1.48,-12.87,1
13-02-2023 09:00,EST,CAPITL,61757,34.58,1.05,-15.96,1
13-02-2023 10:00,EST,CAPITL,61757,32.65,1.06,-13.6,1
13-02-2023 11:00,EST,CAPITL,61757,31.72,0.95,-14.38,1
13-02-2023 12:00,EST,CAPITL,61757,30.95,0.79,-16.12,1
13-02-2023 13:00,EST,CAPITL,61757,31.15,0.79,-16.32,1
13-02-2023 14:00,EST,CAPITL,61757,31.56,0.76,-17.27,1
13-02-2023 15:00,EST,CAPITL,61757,32.54,0.74,-17.83,1
13-02-2023 16:00,EST,CAPITL,61757,38.15,0.85,-22.08,1
13-02-2023 17:00,EST,CAPITL,61757,56.31,0.99,-39.16,1
13-02-2023 18:00,EST,CAPITL,61757,58.15,1.12,-38.72,1
13-02-2023 19:00,EST,CAPITL,61757,45.98,1.06,-26.63,1
13-02-2023 20:00,EST,CAPITL,61757,41.58,0.67,-28.74,1
13-02-2023 21:00,EST,CAPITL,61757,36.56,0.62,-24.83,1
13-02-2023 22:00,EST,CAPITL,61757,33.45,0.53,-22.83,1
13-02-2023 23:00,EST,CAPITL,61757,30.77,0.56,-20.25,1
14-02-2023 00:00,EST,CAPITL,61757,28.02,0.54,-16.54,1
14-02-2023 01:00,EST,CAPITL,61757,27.56,0.42,-18.25,1
14-02-2023 02:00,EST,CAPITL,61757,26.65,0.5,-15.7,1
14-02-2023 03:00,EST,CAPITL,61757,27.3,0.54,-16,1
14-02-2023 04:00,EST,CAPITL,61757,27.3,0.61,-14.56,1
14-02-2023 05:00,EST,CAPITL,61757,28.65,0.81,-12.16,1
14-02-2023 06:00,EST,CAPITL,61757,38.91,1.21,-17.15,1
14-02-2023 07:00,EST,CAPITL,61757,47.76,1.34,-22.94,1
14-02-2023 08:00,EST,CAPITL,61757,39.68,1.34,-15.15,1
14-02-2023 09:00,EST,CAPITL,61757,31.58,1.29,-7.7,1
14-02-2023 10:00,EST,CAPITL,61757,28.31,1.3,-5.4,1
14-02-2023 11:00,EST,CAPITL,61757,25.38,1.17,-4.09,1
14-02-2023 12:00,EST,CAPITL,61757,24.98,1.13,-4.09,1
14-02-2023 13:00,EST,CAPITL,61757,24.24,1.07,-4.09,1
14-02-2023 14:00,EST,CAPITL,61757,25.32,1.04,-6.05,1
14-02-2023 15:00,EST,CAPITL,61757,26.16,1.1,-6.43,1
14-02-2023 16:00,EST,CAPITL,61757,28.74,1.4,-4.31,1
14-02-2023 17:00,EST,CAPITL,61757,46.48,1.47,-20.45,1
14-02-2023 18:00,EST,CAPITL,61757,48.7,1.53,-22.1,1
14-02-2023 19:00,EST,CAPITL,61757,38.26,1.41,-12.62,1
14-02-2023 20:00,EST,CAPITL,61757,37.32,1.06,-17.26,1
14-02-2023 21:00,EST,CAPITL,61757,31.36,0.82,-15.31,1
14-02-2023 22:00,EST,CAPITL,61757,30.05,0.53,-19.41,1
14-02-2023 23:00,EST,CAPITL,61757,27.63,0.49,-16.59,1
15-02-2023 00:00,EST,CAPITL,61757,27.99,0.33,-21.28,1
15-02-2023 01:00,EST,CAPITL,61757,25.84,0.34,-19.12,1
15-02-2023 02:00,EST,CAPITL,61757,25.14,0.33,-18.43,1
15-02-2023 03:00,EST,CAPITL,61757,24.23,0.34,-17.63,1
15-02-2023 04:00,EST,CAPITL,61757,26.29,0.34,-19.58,1
15-02-2023 05:00,EST,CAPITL,61757,28.28,0.36,-21.55,1
15-02-2023 06:00,EST,CAPITL,61757,36.54,0.39,-29.58,1
15-02-2023 07:00,EST,CAPITL,61757,44.06,0.64,-32.36,1
15-02-2023 08:00,EST,CAPITL,61757,38.3,0.7,-25.92,1
15-02-2023 09:00,EST,CAPITL,61757,35.36,0.72,-22.45,1
15-02-2023 10:00,EST,CAPITL,61757,31.12,0.68,-18.31,1
15-02-2023 11:00,EST,CAPITL,61757,28.54,0.64,-16.57,1
15-02-2023 12:00,EST,CAPITL,61757,26.96,0.62,-15.09,1
15-02-2023 13:00,EST,CAPITL,61757,25.71,0.57,-14.57,1
15-02-2023 14:00,EST,CAPITL,61757,26.82,0.54,-16.42,1
15-02-2023 15:00,EST,CAPITL,61757,27.86,0.59,-16.67,1
15-02-2023 16:00,EST,CAPITL,61757,33.93,0.66,-22,1
15-02-2023 17:00,EST,CAPITL,61757,46.4,0.77,-33.7,1
15-02-2023 18:00,EST,CAPITL,61757,46.91,0.81,-33.47,1
15-02-2023 19:00,EST,CAPITL,61757,37.36,0.73,-24.89,1
15-02-2023 20:00,EST,CAPITL,61757,35.63,0.73,-22.77,1
15-02-2023 21:00,EST,CAPITL,61757,30.48,0.71,-17.64,1
15-02-2023 22:00,EST,CAPITL,61757,27.15,0.6,-15.8,1
15-02-2023 23:00,EST,CAPITL,61757,27.73,0.41,-19.59,1
16-02-2023 00:00,EST,CAPITL,61757,27.27,0.26,-22.1,1
16-02-2023 01:00,EST,CAPITL,61757,23.79,0.25,-18.72,1
16-02-2023 02:00,EST,CAPITL,61757,23.21,0.24,-18.46,1
16-02-2023 03:00,EST,CAPITL,61757,23.17,0.25,-18.19,1
16-02-2023 04:00,EST,CAPITL,61757,23.02,0.31,-17.01,1
16-02-2023 05:00,EST,CAPITL,61757,25.52,0.42,-17.79,1
16-02-2023 06:00,EST,CAPITL,61757,33.53,0.87,-18.33,1
16-02-2023 07:00,EST,CAPITL,61757,39.95,0.92,-24.25,1
16-02-2023 08:00,EST,CAPITL,61757,33.12,1.3,-11.28,1
16-02-2023 09:00,EST,CAPITL,61757,26.72,1.24,-5.77,1
16-02-2023 10:00,EST,CAPITL,61757,23.17,1.38,-0.94,1
16-02-2023 11:00,EST,CAPITL,61757,24.16,1.25,-3.03,1
16-02-2023 12:00,EST,CAPITL,61757,24.11,1.3,-1.82,1
16-02-2023 13:00,EST,CAPITL,61757,24.8,1.27,-3.79,1
16-02-2023 14:00,EST,CAPITL,61757,25.74,1.27,-4.35,1
16-02-2023 15:00,EST,CAPITL,61757,28.06,1.22,-8.04,1
16-02-2023 16:00,EST,CAPITL,61757,36.33,1.29,-16.03,1
16-02-2023 17:00,EST,CAPITL,61757,46.33,1.35,-26.04,1
16-02-2023 18:00,EST,CAPITL,61757,47.72,1.12,-30.12,1
16-02-2023 19:00,EST,CAPITL,61757,38.27,0.85,-23.68,1
16-02-2023 20:00,EST,CAPITL,61757,30.95,0.85,-16.95,1
16-02-2023 21:00,EST,CAPITL,61757,30.1,0.58,-20.14,1
16-02-2023 22:00,EST,CAPITL,61757,28.67,0.42,-20.88,1
16-02-2023 23:00,EST,CAPITL,61757,26.19,0.42,-17.7,1
17-02-2023 00:00,EST,CAPITL,61757,25.87,0.4,-17.85,1
17-02-2023 01:00,EST,CAPITL,61757,24.5,0.41,-16.44,1
17-02-2023 02:00,EST,CAPITL,61757,24.32,0.33,-17.62,1
17-02-2023 03:00,EST,CAPITL,61757,24.01,0.33,-17.34,1
17-02-2023 04:00,EST,CAPITL,61757,23.58,0.38,-15.81,1
17-02-2023 05:00,EST,CAPITL,61757,25.83,0.41,-17.84,1
17-02-2023 06:00,EST,CAPITL,61757,33.68,0.54,-23.74,1
17-02-2023 07:00,EST,CAPITL,61757,39.59,0.57,-28.45,1
17-02-2023 08:00,EST,CAPITL,61757,37.04,0.81,-22.57,1
17-02-2023 09:00,EST,CAPITL,61757,35.33,0.88,-19.84,1
17-02-2023 10:00,EST,CAPITL,61757,37.64,0.98,-20.91,1
17-02-2023 11:00,EST,CAPITL,61757,37.2,1.01,-19.83,1
17-02-2023 12:00,EST,CAPITL,61757,35.65,1.01,-18.07,1
17-02-2023 13:00,EST,CAPITL,61757,34.71,1,-17.3,1
17-02-2023 14:00,EST,CAPITL,61757,33.67,0.95,-17.23,1
17-02-2023 15:00,EST,CAPITL,61757,34.34,1.03,-16.99,1
17-02-2023 16:00,EST,CAPITL,61757,40.37,0.97,-24.08,1
17-02-2023 17:00,EST,CAPITL,61757,48.08,1.24,-28.57,1
17-02-2023 18:00,EST,CAPITL,61757,50.68,1.34,-30.15,1
17-02-2023 19:00,EST,CAPITL,61757,43.55,1.43,-20.73,1
17-02-2023 20:00,EST,CAPITL,61757,38.94,1.3,-18.49,1
17-02-2023 21:00,EST,CAPITL,61757,36.05,1.24,-16.28,1
17-02-2023 22:00,EST,CAPITL,61757,32.9,1.41,-11.57,1
17-02-2023 23:00,EST,CAPITL,61757,32.92,0.92,-18,1
18-02-2023 00:00,EST,CAPITL,61757,34.2,1,-17.52,1
18-02-2023 01:00,EST,CAPITL,61757,32.71,0.91,-17.43,1
18-02-2023 02:00,EST,CAPITL,61757,31.79,0.8,-18.1,1
18-02-2023 03:00,EST,CAPITL,61757,32.18,0.54,-23.15,1
18-02-2023 04:00,EST,CAPITL,61757,33.36,0.66,-22.22,1
18-02-2023 05:00,EST,CAPITL,61757,35.54,0.69,-24.34,1
18-02-2023 06:00,EST,CAPITL,61757,42.52,0.55,-33.6,1
18-02-2023 07:00,EST,CAPITL,61757,47.99,0.54,-39.11,1
18-02-2023 08:00,EST,CAPITL,61757,45.45,0.74,-34.13,1
18-02-2023 09:00,EST,CAPITL,61757,41.44,0.61,-31.75,1
18-02-2023 10:00,EST,CAPITL,61757,37.86,0.35,-31.95,1
18-02-2023 11:00,EST,CAPITL,61757,35.78,0.32,-30.24,1
18-02-2023 12:00,EST,CAPITL,61757,33.16,0.28,-28.12,1
18-02-2023 13:00,EST,CAPITL,61757,33.2,0.27,-28.32,1
18-02-2023 14:00,EST,CAPITL,61757,33.09,0.23,-28.76,1
18-02-2023 15:00,EST,CAPITL,61757,34.04,0.29,-29.08,1
18-02-2023 16:00,EST,CAPITL,61757,42.91,0.27,-38.02,1
18-02-2023 17:00,EST,CAPITL,61757,55.35,0.28,-50.44,1
18-02-2023 18:00,EST,CAPITL,61757,58.86,0.45,-51.09,1
18-02-2023 19:00,EST,CAPITL,61757,52.61,0.86,-36.89,1
18-02-2023 20:00,EST,CAPITL,61757,44.08,0.71,-31.15,1
18-02-2023 21:00,EST,CAPITL,61757,42.73,0.56,-32.39,1
18-02-2023 22:00,EST,CAPITL,61757,41.49,0.47,-32.7,1
18-02-2023 23:00,EST,CAPITL,61757,38.34,0.45,-29.41,1
19-02-2023 00:00,EST,CAPITL,61757,30.46,0.64,-18.46,1
19-02-2023 01:00,EST,CAPITL,61757,29.77,0.64,-17.78,1
19-02-2023 02:00,EST,CAPITL,61757,27.4,0.65,-15.05,1
19-02-2023 03:00,EST,CAPITL,61757,27.58,0.63,-15.57,1
19-02-2023 04:00,EST,CAPITL,61757,27.61,0.64,-15.61,1
19-02-2023 05:00,EST,CAPITL,61757,29.34,0.68,-17.08,1
19-02-2023 06:00,EST,CAPITL,61757,32.31,0.55,-22.13,1
19-02-2023 07:00,EST,CAPITL,61757,34.9,0.5,-25.57,1
19-02-2023 08:00,EST,CAPITL,61757,32.48,0.6,-22.12,1
19-02-2023 09:00,EST,CAPITL,61757,32.53,0.55,-22.6,1
19-02-2023 10:00,EST,CAPITL,61757,29.8,0.66,-17.88,1
19-02-2023 11:00,EST,CAPITL,61757,29.35,0.61,-18.39,1
19-02-2023 12:00,EST,CAPITL,61757,29.04,0.57,-18.78,1
19-02-2023 13:00,EST,CAPITL,61757,28.18,0.48,-19.21,1
19-02-2023 14:00,EST,CAPITL,61757,29.45,0.48,-20.91,1
19-02-2023 15:00,EST,CAPITL,61757,31.74,0.57,-21.94,1
19-02-2023 16:00,EST,CAPITL,61757,37.11,0.52,-28.22,1
19-02-2023 17:00,EST,CAPITL,61757,45.42,0.7,-33.78,1
19-02-2023 18:00,EST,CAPITL,61757,51.25,0.76,-38.92,1
19-02-2023 19:00,EST,CAPITL,61757,41.09,0.69,-30,1
19-02-2023 20:00,EST,CAPITL,61757,36.14,0.56,-26.74,1
19-02-2023 21:00,EST,CAPITL,61757,33.75,0.51,-25.21,1
19-02-2023 22:00,EST,CAPITL,61757,31.79,0.46,-23.68,1
19-02-2023 23:00,EST,CAPITL,61757,29.36,0.43,-20.95,1
20-02-2023 00:00,EST,CAPITL,61757,26.85,0.27,-21.36,1
20-02-2023 01:00,EST,CAPITL,61757,26.11,0.28,-20.53,1
20-02-2023 02:00,EST,CAPITL,61757,25.06,0.27,-19.51,1
20-02-2023 03:00,EST,CAPITL,61757,24.98,0.29,-19.27,1
20-02-2023 04:00,EST,CAPITL,61757,24.68,0.31,-18.55,1
20-02-2023 05:00,EST,CAPITL,61757,26.09,0.45,-17.47,1
20-02-2023 06:00,EST,CAPITL,61757,28.49,0.63,-16.74,1
20-02-2023 07:00,EST,CAPITL,61757,33.13,0.67,-21.56,1
20-02-2023 08:00,EST,CAPITL,61757,33.35,0.91,-18.02,1
20-02-2023 09:00,EST,CAPITL,61757,30.58,1.16,-12.07,1
20-02-2023 10:00,EST,CAPITL,61757,28.86,1.25,-9.51,1
20-02-2023 11:00,EST,CAPITL,61757,28.09,1.24,-8.69,1
20-02-2023 12:00,EST,CAPITL,61757,26.71,1.21,-7.38,1
20-02-2023 13:00,EST,CAPITL,61757,26.04,1.09,-8.37,1
20-02-2023 14:00,EST,CAPITL,61757,25.1,0.98,-9.03,1
20-02-2023 15:00,EST,CAPITL,61757,24.93,1.16,-6.14,1
20-02-2023 16:00,EST,CAPITL,61757,28.85,1.21,-9.01,1
20-02-2023 17:00,EST,CAPITL,61757,39.79,1.68,-13.76,1
20-02-2023 18:00,EST,CAPITL,61757,43.83,1.76,-16.61,1
20-02-2023 19:00,EST,CAPITL,61757,36.39,1.69,-10.12,1
20-02-2023 20:00,EST,CAPITL,61757,30.51,1.71,-3.74,1
20-02-2023 21:00,EST,CAPITL,61757,27.42,1.49,-4.08,1
20-02-2023 22:00,EST,CAPITL,61757,25.77,1.27,-5.3,1
20-02-2023 23:00,EST,CAPITL,61757,23.79,1.13,-3.84,1
21-02-2023 00:00,EST,CAPITL,61757,22.65,1.01,-2.92,1
21-02-2023 01:00,EST,CAPITL,61757,21.24,0.97,-1.92,1
21-02-2023 02:00,EST,CAPITL,61757,21.25,0.91,-3.46,1
21-02-2023 03:00,EST,CAPITL,61757,21.43,0.87,-4.75,1
21-02-2023 04:00,EST,CAPITL,61757,22.64,0.91,-5.26,1
21-02-2023 05:00,EST,CAPITL,61757,25.59,0.94,-8.21,1
21-02-2023 06:00,EST,CAPITL,61757,33.41,1.21,-12.74,1
21-02-2023 07:00,EST,CAPITL,61757,37.77,1.36,-15.26,1
21-02-2023 08:00,EST,CAPITL,61757,36.18,1.48,-12.28,1
21-02-2023 09:00,EST,CAPITL,61757,34.44,1.41,-11.25,1
21-02-2023 10:00,EST,CAPITL,61757,32.61,1.32,-11.29,1
21-02-2023 11:00,EST,CAPITL,61757,29.66,1.31,-8.22,1
21-02-2023 12:00,EST,CAPITL,61757,29.26,1.08,-11.32,1
21-02-2023 13:00,EST,CAPITL,61757,31.05,0.89,-16.29,1
21-02-2023 14:00,EST,CAPITL,61757,22.49,0.83,-8.55,1
21-02-2023 15:00,EST,CAPITL,61757,30.1,0.74,-17.6,1
21-02-2023 16:00,EST,CAPITL,61757,33.77,0.92,-18.17,1
21-02-2023 17:00,EST,CAPITL,61757,48.67,1.13,-30.13,1
21-02-2023 18:00,EST,CAPITL,61757,47.17,1.74,-19.51,1
21-02-2023 19:00,EST,CAPITL,61757,40.66,1.39,-17.83,1
21-02-2023 20:00,EST,CAPITL,61757,33.6,1.19,-13.9,1
21-02-2023 21:00,EST,CAPITL,61757,31.56,0.96,-15.43,1
21-02-2023 22:00,EST,CAPITL,61757,27.61,1.07,-8.93,1
21-02-2023 23:00,EST,CAPITL,61757,24.69,1.05,-5.23,1
22-02-2023 00:00,EST,CAPITL,61757,22.12,1.24,-0.22,1
22-02-2023 01:00,EST,CAPITL,61757,21.63,1.2,0,1
22-02-2023 02:00,EST,CAPITL,61757,20.94,1.17,0,1
22-02-2023 03:00,EST,CAPITL,61757,21.64,1.13,0,1
22-02-2023 04:00,EST,CAPITL,61757,22.15,1.11,0,1
22-02-2023 05:00,EST,CAPITL,61757,24.21,1.28,0,1
22-02-2023 06:00,EST,CAPITL,61757,31.88,1.78,0,1
22-02-2023 07:00,EST,CAPITL,61757,36.48,2.26,-2.38,1
22-02-2023 08:00,EST,CAPITL,61757,29.89,1.98,0,1
22-02-2023 09:00,EST,CAPITL,61757,27.82,1.72,0,1
22-02-2023 10:00,EST,CAPITL,61757,26.39,1.64,0.09,1
22-02-2023 11:00,EST,CAPITL,61757,25,1.7,1.41,1
22-02-2023 12:00,EST,CAPITL,61757,6.63,1.75,20.15,1
22-02-2023 13:00,EST,CAPITL,61757,-0.65,1.86,27.63,1
22-02-2023 14:00,EST,CAPITL,61757,-1.41,1.71,27.63,1
22-02-2023 15:00,EST,CAPITL,61757,0,1.75,26.35,1
22-02-2023 16:00,EST,CAPITL,61757,8.74,1.72,17.61,1
22-02-2023 17:00,EST,CAPITL,61757,16.42,1.82,9.99,1
22-02-2023 18:00,EST,CAPITL,61757,50.25,1.94,-22.4,1
22-02-2023 19:00,EST,CAPITL,61757,39.59,1.84,-12.83,1
22-02-2023 20:00,EST,CAPITL,61757,30.49,1.66,-6.04,1
22-02-2023 21:00,EST,CAPITL,61757,28.64,1.58,-4.87,1
22-02-2023 22:00,EST,CAPITL,61757,26.32,1.34,-4.92,1
22-02-2023 23:00,EST,CAPITL,61757,25.15,1.2,-3.86,1
23-02-2023 00:00,EST,CAPITL,61757,22.64,1.24,0,1
23-02-2023 01:00,EST,CAPITL,61757,22.1,1.11,0,1
23-02-2023 02:00,EST,CAPITL,61757,21.62,1.07,0,1
23-02-2023 03:00,EST,CAPITL,61757,21.33,1.05,0,1
23-02-2023 04:00,EST,CAPITL,61757,22.21,1.06,0,1
23-02-2023 05:00,EST,CAPITL,61757,24.28,1.27,0,1
23-02-2023 06:00,EST,CAPITL,61757,30.14,1.27,0,1
23-02-2023 07:00,EST,CAPITL,61757,33.07,1.43,0,1
23-02-2023 08:00,EST,CAPITL,61757,35.64,1.73,0,1
23-02-2023 09:00,EST,CAPITL,61757,36.11,1.69,0,1
23-02-2023 10:00,EST,CAPITL,61757,32.64,1.52,0,1
23-02-2023 11:00,EST,CAPITL,61757,30.1,1.32,0,1
23-02-2023 12:00,EST,CAPITL,61757,29.36,1.24,0,1
23-02-2023 13:00,EST,CAPITL,61757,28.05,1.16,0,1
23-02-2023 14:00,EST,CAPITL,61757,27.61,1.19,0,1
23-02-2023 15:00,EST,CAPITL,61757,28.15,1.16,0,1
23-02-2023 16:00,EST,CAPITL,61757,31.71,1.51,0,1
23-02-2023 17:00,EST,CAPITL,61757,40.29,2.1,0,1
23-02-2023 18:00,EST,CAPITL,61757,48.85,2.59,0,1
23-02-2023 19:00,EST,CAPITL,61757,37.25,2.07,0,1
23-02-2023 20:00,EST,CAPITL,61757,33.58,1.72,0,1
23-02-2023 21:00,EST,CAPITL,61757,28.18,1.42,0,1
23-02-2023 22:00,EST,CAPITL,61757,24.73,1.42,0,1
23-02-2023 23:00,EST,CAPITL,61757,24.03,1.29,-1.67,1
24-02-2023 00:00,EST,CAPITL,61757,27.3,1.07,-7.5,1
24-02-2023 01:00,EST,CAPITL,61757,26.89,1,-8.04,1
24-02-2023 02:00,EST,CAPITL,61757,24.7,1.07,-4.77,1
24-02-2023 03:00,EST,CAPITL,61757,25.25,1,-6.45,1
24-02-2023 04:00,EST,CAPITL,61757,24.95,1.09,-4.67,1
24-02-2023 05:00,EST,CAPITL,61757,25.36,1.38,-0.59,1
24-02-2023 06:00,EST,CAPITL,61757,32.55,1.93,0,1
24-02-2023 07:00,EST,CAPITL,61757,37.63,2.2,0,1
24-02-2023 08:00,EST,CAPITL,61757,38.65,2.46,0,1
24-02-2023 09:00,EST,CAPITL,61757,45.6,1.9,-17.33,1
24-02-2023 10:00,EST,CAPITL,61757,105.99,1.7,-80.41,1
24-02-2023 11:00,EST,CAPITL,61757,81.92,1.69,-56.15,1
24-02-2023 12:00,EST,CAPITL,61757,88.02,1.58,-63.57,1
24-02-2023 13:00,EST,CAPITL,61757,72.47,1.6,-47.4,1
24-02-2023 14:00,EST,CAPITL,61757,73.73,1.34,-52.14,1
24-02-2023 15:00,EST,CAPITL,61757,88.02,1.41,-65.93,1
24-02-2023 16:00,EST,CAPITL,61757,102.24,1.67,-76.07,1
24-02-2023 17:00,EST,CAPITL,61757,165.39,3.22,-116.75,1
24-02-2023 18:00,EST,CAPITL,61757,139.45,5.29,-58.49,1
24-02-2023 19:00,EST,CAPITL,61757,152.11,3.79,-93.35,1
24-02-2023 20:00,EST,CAPITL,61757,112.19,3.18,-63.61,1
24-02-2023 21:00,EST,CAPITL,61757,119.25,2.56,-80.1,1
24-02-2023 22:00,EST,CAPITL,61757,103.7,2.59,-63.53,1
24-02-2023 23:00,EST,CAPITL,61757,79.06,2.01,-46.16,1
25-02-2023 00:00,EST,CAPITL,61757,75.51,2.91,-29.77,1
25-02-2023 01:00,EST,CAPITL,61757,67.78,2.75,-24.67,1
25-02-2023 02:00,EST,CAPITL,61757,46.14,2.42,-7.58,1
25-02-2023 03:00,EST,CAPITL,61757,64.15,2.3,-28.03,1
25-02-2023 04:00,EST,CAPITL,61757,56.8,3.37,0,1
25-02-2023 05:00,EST,CAPITL,61757,59.73,3.64,0,1
25-02-2023 06:00,EST,CAPITL,61757,71.65,4.03,-8.39,1
25-02-2023 07:00,EST,CAPITL,61757,88.87,3.99,-26.24,1
25-02-2023 08:00,EST,CAPITL,61757,100.06,4.02,-37.7,1
25-02-2023 09:00,EST,CAPITL,61757,100.68,4.1,-37.93,1
25-02-2023 10:00,EST,CAPITL,61757,93.91,4.07,-30.8,1
25-02-2023 11:00,EST,CAPITL,61757,90,3.77,-31.52,1
25-02-2023 12:00,EST,CAPITL,61757,103.43,2.86,-60.24,1
25-02-2023 13:00,EST,CAPITL,61757,94.42,2.61,-54.46,1
25-02-2023 14:00,EST,CAPITL,61757,79.55,2.35,-43.55,1
25-02-2023 15:00,EST,CAPITL,61757,85,2.5,-47.28,1
25-02-2023 16:00,EST,CAPITL,61757,95.62,2.87,-52.39,1
25-02-2023 17:00,EST,CAPITL,61757,84.88,4.65,-11.87,1
25-02-2023 18:00,EST,CAPITL,61757,118.35,4.69,-47.63,1
25-02-2023 19:00,EST,CAPITL,61757,90.26,4.62,-19.67,1
25-02-2023 20:00,EST,CAPITL,61757,89.17,3.77,-31.5,1
25-02-2023 21:00,EST,CAPITL,61757,125.36,2.39,-88.88,1
25-02-2023 22:00,EST,CAPITL,61757,81.68,2.43,-44.56,1
25-02-2023 23:00,EST,CAPITL,61757,71.55,1.93,-40.79,1
26-02-2023 00:00,EST,CAPITL,61757,67.05,2.97,-21.08,1
26-02-2023 01:00,EST,CAPITL,61757,57.46,1.64,-31.34,1
26-02-2023 02:00,EST,CAPITL,61757,53.79,1.5,-29.53,1
26-02-2023 03:00,EST,CAPITL,61757,47.83,1.58,-21.62,1
26-02-2023 04:00,EST,CAPITL,61757,51.37,1.6,-25.12,1
26-02-2023 05:00,EST,CAPITL,61757,52.25,1.51,-28.22,1
26-02-2023 06:00,EST,CAPITL,61757,59.45,1.58,-34.33,1
26-02-2023 07:00,EST,CAPITL,61757,61.88,1.64,-35.42,1
26-02-2023 08:00,EST,CAPITL,61757,83.1,2,-52.48,1
26-02-2023 09:00,EST,CAPITL,61757,74.52,1.8,-46.63,1
26-02-2023 10:00,EST,CAPITL,61757,40.87,2.2,-5.85,1
26-02-2023 11:00,EST,CAPITL,61757,37.24,1.94,-5.36,1
26-02-2023 12:00,EST,CAPITL,61757,34.07,1.71,-4.71,1
26-02-2023 13:00,EST,CAPITL,61757,37.59,1.3,-15.34,1
26-02-2023 14:00,EST,CAPITL,61757,39.44,1.19,-19.1,1
26-02-2023 15:00,EST,CAPITL,61757,37.94,1.29,-15.77,1
26-02-2023 16:00,EST,CAPITL,61757,57.5,1.37,-34.97,1
26-02-2023 17:00,EST,CAPITL,61757,56.29,2.17,-21.74,1
26-02-2023 18:00,EST,CAPITL,61757,64.68,2.76,-22.42,1
26-02-2023 19:00,EST,CAPITL,61757,57.4,2.62,-16.27,1
26-02-2023 20:00,EST,CAPITL,61757,54.43,2.24,-18.18,1
26-02-2023 21:00,EST,CAPITL,61757,57.64,1.99,-25.92,1
26-02-2023 22:00,EST,CAPITL,61757,38.1,2.09,-3.78,1
26-02-2023 23:00,EST,CAPITL,61757,37.9,1.68,-8.7,1
27-02-2023 00:00,EST,CAPITL,61757,37.95,1.8,-7.64,1
27-02-2023 01:00,EST,CAPITL,61757,35.96,1.74,-5.77,1
27-02-2023 02:00,EST,CAPITL,61757,32.15,1.73,-2.49,1
27-02-2023 03:00,EST,CAPITL,61757,32.32,1.7,-3.15,1
27-02-2023 04:00,EST,CAPITL,61757,36.14,1.68,-7.3,1
27-02-2023 05:00,EST,CAPITL,61757,39.62,2.31,0,1
27-02-2023 06:00,EST,CAPITL,61757,60,3.34,-6.03,1
27-02-2023 07:00,EST,CAPITL,61757,110,3.08,-60.24,1
27-02-2023 08:00,EST,CAPITL,61757,110,2.7,-67.67,1
27-02-2023 09:00,EST,CAPITL,61757,102.41,2.02,-71.97,1
27-02-2023 10:00,EST,CAPITL,61757,78.04,1.89,-50.24,1
27-02-2023 11:00,EST,CAPITL,61757,55.37,1.56,-31.47,1
27-02-2023 12:00,EST,CAPITL,61757,53,1.49,-30.22,1
27-02-2023 13:00,EST,CAPITL,61757,51.43,1.44,-29.08,1
27-02-2023 14:00,EST,CAPITL,61757,56.13,1.3,-36.19,1
27-02-2023 15:00,EST,CAPITL,61757,63.38,1.18,-45.89,1
27-02-2023 16:00,EST,CAPITL,61757,91.39,1.31,-71.61,1
27-02-2023 17:00,EST,CAPITL,61757,118.17,2.21,-85.66,1
27-02-2023 18:00,EST,CAPITL,61757,114.62,2.53,-77.87,1
27-02-2023 19:00,EST,CAPITL,61757,86.75,1.64,-62.36,1
27-02-2023 20:00,EST,CAPITL,61757,89.7,1.56,-67.09,1
27-02-2023 21:00,EST,CAPITL,61757,91.61,0.71,-80.8,1
27-02-2023 22:00,EST,CAPITL,61757,67.55,0.5,-59.95,1
27-02-2023 23:00,EST,CAPITL,61757,61.97,0.46,-54.73,1
28-02-2023 00:00,EST,CAPITL,61757,68.15,0.04,-67.56,1
28-02-2023 01:00,EST,CAPITL,61757,63.78,0.05,-63.05,1
28-02-2023 02:00,EST,CAPITL,61757,57.49,0.1,-55.91,1
28-02-2023 03:00,EST,CAPITL,61757,56.89,0.1,-55.25,1
28-02-2023 04:00,EST,CAPITL,61757,57.45,0.1,-55.87,1
28-02-2023 05:00,EST,CAPITL,61757,65.27,0.18,-62.46,1
28-02-2023 06:00,EST,CAPITL,61757,78.55,0.43,-71.9,1
28-02-2023 07:00,EST,CAPITL,61757,90.6,0.41,-84.23,1
28-02-2023 08:00,EST,CAPITL,61757,112.8,0.83,-100.15,1
28-02-2023 09:00,EST,CAPITL,61757,88.56,0.64,-78.73,1
28-02-2023 10:00,EST,CAPITL,61757,66.57,1.13,-49,1
28-02-2023 11:00,EST,CAPITL,61757,64.2,1.23,-45.62,1
28-02-2023 12:00,EST,CAPITL,61757,61.97,1.18,-44.13,1
28-02-2023 13:00,EST,CAPITL,61757,57.86,1.04,-41.46,1
28-02-2023 14:00,EST,CAPITL,61757,55.4,0.96,-40.15,1
28-02-2023 15:00,EST,CAPITL,61757,56.35,0.79,-44.15,1
28-02-2023 16:00,EST,CAPITL,61757,66.13,0.99,-51.25,1
28-02-2023 17:00,EST,CAPITL,61757,90,1.83,-63.79,1
28-02-2023 18:00,EST,CAPITL,61757,103.2,2.13,-72.66,1
28-02-2023 19:00,EST,CAPITL,61757,72.9,2.17,-41.87,1
28-02-2023 20:00,EST,CAPITL,61757,65.87,1.97,-36.87,1
28-02-2023 21:00,EST,CAPITL,61757,52.33,1.79,-26.07,1
28-02-2023 22:00,EST,CAPITL,61757,54.38,1.7,-29.43,1
28-02-2023 23:00,EST,CAPITL,61757,44.38,1.54,-20.78,1
01-03-2023 00:00,EST,CAPITL,61757,42.03,1.31,-20.86,1
01-03-2023 01:00,EST,CAPITL,61757,42.49,1.35,-20.63,1
01-03-2023 02:00,EST,CAPITL,61757,30.77,1.33,-8.92,1
01-03-2023 03:00,EST,CAPITL,61757,30.36,1.5,-6.19,1
01-03-2023 04:00,EST,CAPITL,61757,30.55,1.31,-9.08,1
01-03-2023 05:00,EST,CAPITL,61757,33.66,1.48,-9.33,1
01-03-2023 06:00,EST,CAPITL,61757,56.29,1.57,-31.87,1
01-03-2023 07:00,EST,CAPITL,61757,63.33,1.24,-43.26,1
01-03-2023 08:00,EST,CAPITL,61757,74.68,1.54,-49.03,1
01-03-2023 09:00,EST,CAPITL,61757,49.67,1.2,-29.67,1
01-03-2023 10:00,EST,CAPITL,61757,42.77,1.46,-18.56,1
01-03-2023 11:00,EST,CAPITL,61757,44.65,1.26,-23.94,1
01-03-2023 12:00,EST,CAPITL,61757,40.11,1.12,-21.24,1
01-03-2023 13:00,EST,CAPITL,61757,38.3,1.14,-19.29,1
01-03-2023 14:00,EST,CAPITL,61757,37.92,0.93,-21.98,1
01-03-2023 15:00,EST,CAPITL,61757,45.33,0.74,-33.24,1
01-03-2023 16:00,EST,CAPITL,61757,48.69,0.68,-37.22,1
01-03-2023 17:00,EST,CAPITL,61757,62.43,0.61,-52.42,1
01-03-2023 18:00,EST,CAPITL,61757,67.56,1.38,-45.52,1
01-03-2023 19:00,EST,CAPITL,61757,52.79,0.91,-38.14,1
01-03-2023 20:00,EST,CAPITL,61757,45.92,0.81,-32,1
01-03-2023 21:00,EST,CAPITL,61757,43.71,0.65,-32.37,1
01-03-2023 22:00,EST,CAPITL,61757,39.75,0.63,-28.81,1
01-03-2023 23:00,EST,CAPITL,61757,35.66,0.68,-22.85,1
02-03-2023 00:00,EST,CAPITL,61757,29,1.12,-8.96,1
02-03-2023 01:00,EST,CAPITL,61757,27.49,1.08,-7.48,1
02-03-2023 02:00,EST,CAPITL,61757,26.61,1.12,-6.57,1
02-03-2023 03:00,EST,CAPITL,61757,26.21,1.1,-6.19,1
02-03-2023 04:00,EST,CAPITL,61757,26.64,1.27,-4.97,1
02-03-2023 05:00,EST,CAPITL,61757,27.58,1.5,-3.37,1
02-03-2023 06:00,EST,CAPITL,61757,44.81,1.72,-18.51,1
02-03-2023 07:00,EST,CAPITL,61757,55.83,1.63,-30.3,1
02-03-2023 08:00,EST,CAPITL,61757,53.97,1.57,-28.97,1
02-03-2023 09:00,EST,CAPITL,61757,51.14,1.64,-25.07,1
02-03-2023 10:00,EST,CAPITL,61757,41.5,1.66,-15.73,1
02-03-2023 11:00,EST,CAPITL,61757,39.17,1.52,-15.32,1
02-03-2023 12:00,EST,CAPITL,61757,35.49,1.49,-12.13,1
02-03-2023 13:00,EST,CAPITL,61757,29.59,1.39,-7.08,1
02-03-2023 14:00,EST,CAPITL,61757,30.12,1.25,-9.69,1
02-03-2023 15:00,EST,CAPITL,61757,31.08,1.18,-11.22,1
02-03-2023 16:00,EST,CAPITL,61757,34.53,1.2,-14.66,1
02-03-2023 17:00,EST,CAPITL,61757,53.43,1.75,-26.67,1
02-03-2023 18:00,EST,CAPITL,61757,60.53,1.79,-33.48,1
02-03-2023 19:00,EST,CAPITL,61757,49.48,1.78,-22.6,1
02-03-2023 20:00,EST,CAPITL,61757,42.2,1.71,-16.01,1
02-03-2023 21:00,EST,CAPITL,61757,32.07,1.61,-6.74,1
02-03-2023 22:00,EST,CAPITL,61757,29.62,1.57,-5.02,1
02-03-2023 23:00,EST,CAPITL,61757,28.37,1.59,-3.69,1
03-03-2023 00:00,EST,CAPITL,61757,27.03,1.62,-2.64,1
03-03-2023 01:00,EST,CAPITL,61757,25.1,1.65,-0.17,1
03-03-2023 02:00,EST,CAPITL,61757,24.81,1.62,-0.42,1
03-03-2023 03:00,EST,CAPITL,61757,24.96,1.62,-0.6,1
03-03-2023 04:00,EST,CAPITL,61757,25.83,1.69,-0.71,1
03-03-2023 05:00,EST,CAPITL,61757,27.3,1.8,-0.54,1
03-03-2023 06:00,EST,CAPITL,61757,34.01,2.31,0,1
03-03-2023 07:00,EST,CAPITL,61757,39.64,2.17,-6.89,1
03-03-2023 08:00,EST,CAPITL,61757,38.08,2.01,-7.4,1
03-03-2023 09:00,EST,CAPITL,61757,35.21,1.87,-5.38,1
03-03-2023 10:00,EST,CAPITL,61757,33.46,1.73,-6.27,1
03-03-2023 11:00,EST,CAPITL,61757,33.31,1.6,-7.03,1
03-03-2023 12:00,EST,CAPITL,61757,32.5,1.55,-7.52,1
03-03-2023 13:00,EST,CAPITL,61757,31.78,1.44,-8.18,1
03-03-2023 14:00,EST,CAPITL,61757,34,1.31,-12.45,1
03-03-2023 15:00,EST,CAPITL,61757,37.58,1.22,-18.45,1
03-03-2023 16:00,EST,CAPITL,61757,48.92,0.86,-35.78,1
03-03-2023 17:00,EST,CAPITL,61757,59.22,0.97,-44.79,1
03-03-2023 18:00,EST,CAPITL,61757,60.61,1.17,-43.63,1
03-03-2023 19:00,EST,CAPITL,61757,53.78,1.02,-38.77,1
03-03-2023 20:00,EST,CAPITL,61757,46.16,0.7,-35.27,1
03-03-2023 21:00,EST,CAPITL,61757,42.58,0.66,-31.93,1
03-03-2023 22:00,EST,CAPITL,61757,38.53,0.74,-26.23,1
03-03-2023 23:00,EST,CAPITL,61757,34.17,1.12,-13.99,1
04-03-2023 00:00,EST,CAPITL,61757,43.99,0.52,-35.2,1
04-03-2023 01:00,EST,CAPITL,61757,40.32,0.53,-31.56,1
04-03-2023 02:00,EST,CAPITL,61757,38.93,0.52,-30.02,1
04-03-2023 03:00,EST,CAPITL,61757,38.24,0.51,-29.56,1
04-03-2023 04:00,EST,CAPITL,61757,37.47,0.55,-28.09,1
04-03-2023 05:00,EST,CAPITL,61757,35.29,0.85,-21.12,1
04-03-2023 06:00,EST,CAPITL,61757,37.46,1.14,-18.54,1
04-03-2023 07:00,EST,CAPITL,61757,39.64,1.45,-17.13,1
04-03-2023 08:00,EST,CAPITL,61757,52.26,1.59,-27.92,1
04-03-2023 09:00,EST,CAPITL,61757,58.26,1.59,-33.94,1
04-03-2023 10:00,EST,CAPITL,61757,58.13,1.69,-33.03,1
04-03-2023 11:00,EST,CAPITL,61757,61.79,1.59,-37.52,1
04-03-2023 12:00,EST,CAPITL,61757,57.56,1.61,-33.27,1
04-03-2023 13:00,EST,CAPITL,61757,55.83,1.53,-32.06,1
04-03-2023 14:00,EST,CAPITL,61757,57.83,1.48,-35.18,1
04-03-2023 15:00,EST,CAPITL,61757,61.8,1.38,-40.13,1
04-03-2023 16:00,EST,CAPITL,61757,70.63,1.43,-48.14,1
04-03-2023 17:00,EST,CAPITL,61757,79.36,1.66,-53.63,1
04-03-2023 18:00,EST,CAPITL,61757,81.62,1.73,-55.1,1
04-03-2023 19:00,EST,CAPITL,61757,65.71,1.71,-39.15,1
04-03-2023 20:00,EST,CAPITL,61757,54.16,1.73,-26.94,1
04-03-2023 21:00,EST,CAPITL,61757,46.49,1.78,-18.53,1
04-03-2023 22:00,EST,CAPITL,61757,36.26,1.86,-6.69,1
04-03-2023 23:00,EST,CAPITL,61757,33.84,1.68,-7.42,1
05-03-2023 00:00,EST,CAPITL,61757,38.46,1.72,-11.42,1
05-03-2023 01:00,EST,CAPITL,61757,33.85,1.6,-7.99,1
05-03-2023 02:00,EST,CAPITL,61757,28.39,1.73,0,1
05-03-2023 03:00,EST,CAPITL,61757,30.99,1.67,-3.57,1
05-03-2023 04:00,EST,CAPITL,61757,29.43,1.72,-1.59,1
05-03-2023 05:00,EST,CAPITL,61757,31.92,1.79,-3.39,1
05-03-2023 06:00,EST,CAPITL,61757,33.94,1.85,-4.51,1
05-03-2023 07:00,EST,CAPITL,61757,39.82,1.62,-13.64,1
05-03-2023 08:00,EST,CAPITL,61757,37.73,1.66,-11.33,1
05-03-2023 09:00,EST,CAPITL,61757,39.86,1.79,-12.06,1
05-03-2023 10:00,EST,CAPITL,61757,38.4,1.73,-11.52,1
05-03-2023 11:00,EST,CAPITL,61757,36.34,1.66,-9.88,1
05-03-2023 12:00,EST,CAPITL,61757,36.68,1.57,-11.62,1
05-03-2023 13:00,EST,CAPITL,61757,36.28,1.5,-12.13,1
05-03-2023 14:00,EST,CAPITL,61757,36.96,1.47,-13.18,1
05-03-2023 15:00,EST,CAPITL,61757,34.36,1.5,-10.16,1
05-03-2023 16:00,EST,CAPITL,61757,35.22,1.48,-11.01,1
05-03-2023 17:00,EST,CAPITL,61757,45,1.82,-16.09,1
05-03-2023 18:00,EST,CAPITL,61757,54.7,2.31,-17.45,1
05-03-2023 19:00,EST,CAPITL,61757,49.49,1.9,-19.29,1
05-03-2023 20:00,EST,CAPITL,61757,42.14,2,-10.73,1
05-03-2023 21:00,EST,CAPITL,61757,40,1.82,-10.63,1
05-03-2023 22:00,EST,CAPITL,61757,31.56,1.85,-2.11,1
05-03-2023 23:00,EST,CAPITL,61757,34.45,1.58,-8.58,1
06-03-2023 00:00,EST,CAPITL,61757,36.19,1.66,-10.09,1
06-03-2023 01:00,EST,CAPITL,61757,34.79,1.52,-10.52,1
06-03-2023 02:00,EST,CAPITL,61757,32.98,1.49,-9.63,1
06-03-2023 03:00,EST,CAPITL,61757,30.48,1.49,-7.12,1
06-03-2023 04:00,EST,CAPITL,61757,31.86,1.4,-9.9,1
06-03-2023 05:00,EST,CAPITL,61757,39.07,1.76,-12.82,1
06-03-2023 06:00,EST,CAPITL,61757,68.78,1.69,-45.2,1
06-03-2023 07:00,EST,CAPITL,61757,82.72,2.33,-50.48,1
06-03-2023 08:00,EST,CAPITL,61757,65.12,1.9,-37.88,1
06-03-2023 09:00,EST,CAPITL,61757,51.83,1.8,-25.02,1
06-03-2023 10:00,EST,CAPITL,61757,46.72,1.65,-22.1,1
06-03-2023 11:00,EST,CAPITL,61757,40,1.51,-17.2,1
06-03-2023 12:00,EST,CAPITL,61757,34.68,1.43,-12.83,1
06-03-2023 13:00,EST,CAPITL,61757,34.37,1.39,-12.79,1
06-03-2023 14:00,EST,CAPITL,61757,37.08,1.27,-17.7,1
06-03-2023 15:00,EST,CAPITL,61757,44,1.12,-27.16,1
06-03-2023 16:00,EST,CAPITL,61757,65.01,1.19,-47.09,1
06-03-2023 17:00,EST,CAPITL,61757,99.79,1.2,-82.11,1
06-03-2023 18:00,EST,CAPITL,61757,104.02,1.63,-80.02,1
06-03-2023 19:00,EST,CAPITL,61757,95.03,1.46,-73.9,1
06-03-2023 20:00,EST,CAPITL,61757,80.01,1.3,-61.43,1
06-03-2023 21:00,EST,CAPITL,61757,69.76,1.18,-52.37,1
06-03-2023 22:00,EST,CAPITL,61757,52.99,1.16,-35.77,1
06-03-2023 23:00,EST,CAPITL,61757,42.54,1.27,-22.26,1
07-03-2023 00:00,EST,CAPITL,61757,36.59,1.29,-16.28,1
07-03-2023 01:00,EST,CAPITL,61757,33.4,1.16,-14.88,1
07-03-2023 02:00,EST,CAPITL,61757,32.6,1.08,-15.1,1
07-03-2023 03:00,EST,CAPITL,61757,33.07,1.08,-15.6,1
07-03-2023 04:00,EST,CAPITL,61757,33.34,1.15,-14.81,1
07-03-2023 05:00,EST,CAPITL,61757,41.73,1.39,-19.91,1
07-03-2023 06:00,EST,CAPITL,61757,94.59,1.31,-74.26,1
07-03-2023 07:00,EST,CAPITL,61757,95.59,0.85,-82.35,1
07-03-2023 08:00,EST,CAPITL,61757,90.66,1.04,-74.91,1
07-03-2023 09:00,EST,CAPITL,61757,77.49,0.56,-69.06,1
07-03-2023 10:00,EST,CAPITL,61757,97.61,0.7,-87.03,1
07-03-2023 11:00,EST,CAPITL,61757,80.12,0.43,-73.64,1
07-03-2023 12:00,EST,CAPITL,61757,73.62,0.26,-69.75,1
07-03-2023 13:00,EST,CAPITL,61757,62.76,0.2,-59.73,1
07-03-2023 14:00,EST,CAPITL,61757,68.06,0.2,-64.99,1
07-03-2023 15:00,EST,CAPITL,61757,80,0.2,-76.92,1
07-03-2023 16:00,EST,CAPITL,61757,90.96,0.22,-87.6,1
07-03-2023 17:00,EST,CAPITL,61757,138.27,0.26,-134.31,1
07-03-2023 18:00,EST,CAPITL,61757,129.6,1.22,-111.23,1
07-03-2023 19:00,EST,CAPITL,61757,115.9,1.14,-98.66,1
07-03-2023 20:00,EST,CAPITL,61757,109.79,0.72,-98.92,1
07-03-2023 21:00,EST,CAPITL,61757,104.02,0.6,-94.79,1
07-03-2023 22:00,EST,CAPITL,61757,94.08,0.54,-85.91,1
07-03-2023 23:00,EST,CAPITL,61757,52.94,1.25,-33.34,1
08-03-2023 00:00,EST,CAPITL,61757,49.89,1.01,-32.41,1
08-03-2023 01:00,EST,CAPITL,61757,46.45,0.9,-30.55,1
08-03-2023 02:00,EST,CAPITL,61757,44.68,0.9,-28.78,1
08-03-2023 03:00,EST,CAPITL,61757,43.83,1.02,-25.53,1
08-03-2023 04:00,EST,CAPITL,61757,44.78,1.04,-26.44,1
08-03-2023 05:00,EST,CAPITL,61757,52.09,1.18,-31.89,1
08-03-2023 06:00,EST,CAPITL,61757,80.71,1.49,-56.36,1
08-03-2023 07:00,EST,CAPITL,61757,75.98,1.67,-49.31,1
08-03-2023 08:00,EST,CAPITL,61757,63.39,1.63,-37.73,1
08-03-2023 09:00,EST,CAPITL,61757,51.67,1.4,-28.11,1
08-03-2023 10:00,EST,CAPITL,61757,45.4,1.39,-22.25,1
08-03-2023 11:00,EST,CAPITL,61757,41.37,1.37,-18.25,1
08-03-2023 12:00,EST,CAPITL,61757,39.94,1.16,-20.32,1
08-03-2023 13:00,EST,CAPITL,61757,40.07,1.13,-21.05,1
08-03-2023 14:00,EST,CAPITL,61757,39.85,1.1,-21.28,1
08-03-2023 15:00,EST,CAPITL,61757,43.12,1.09,-24.82,1
08-03-2023 16:00,EST,CAPITL,61757,52.64,0.87,-38.58,1
08-03-2023 17:00,EST,CAPITL,61757,59.95,1.23,-40.11,1
08-03-2023 18:00,EST,CAPITL,61757,74.47,1.58,-49.91,1
08-03-2023 19:00,EST,CAPITL,61757,65.57,1.61,-40.95,1
08-03-2023 20:00,EST,CAPITL,61757,60.4,1.5,-37.51,1
08-03-2023 21:00,EST,CAPITL,61757,50.99,1.54,-26.76,1
08-03-2023 22:00,EST,CAPITL,61757,40.98,1.49,-16.48,1
08-03-2023 23:00,EST,CAPITL,61757,38.76,1.58,-12.19,1
09-03-2023 00:00,EST,CAPITL,61757,34.52,1.47,-10.16,1
09-03-2023 01:00,EST,CAPITL,61757,32.26,1.39,-8.07,1
09-03-2023 02:00,EST,CAPITL,61757,33.23,1.44,-8.95,1
09-03-2023 03:00,EST,CAPITL,61757,31.82,1.42,-7.95,1
09-03-2023 04:00,EST,CAPITL,61757,33.53,1.46,-9.25,1
09-03-2023 05:00,EST,CAPITL,61757,37.44,1.58,-12.24,1
09-03-2023 06:00,EST,CAPITL,61757,57.14,2.03,-25.33,1
09-03-2023 07:00,EST,CAPITL,61757,56.8,1.89,-25.88,1
09-03-2023 08:00,EST,CAPITL,61757,48.67,1.82,-18.48,1
09-03-2023 09:00,EST,CAPITL,61757,39.93,1.66,-11.55,1
09-03-2023 10:00,EST,CAPITL,61757,32.61,1.74,-3.67,1
09-03-2023 11:00,EST,CAPITL,61757,33.11,1.47,-7.96,1
09-03-2023 12:00,EST,CAPITL,61757,31,1.37,-6.33,1
09-03-2023 13:00,EST,CAPITL,61757,30.66,1.37,-6.47,1
09-03-2023 14:00,EST,CAPITL,61757,31.11,1.34,-7.83,1
09-03-2023 15:00,EST,CAPITL,61757,32.42,1.41,-8.24,1
09-03-2023 16:00,EST,CAPITL,61757,39.67,1.29,-17.99,1
09-03-2023 17:00,EST,CAPITL,61757,58.71,1.41,-35.96,1
09-03-2023 18:00,EST,CAPITL,61757,85.27,1.9,-55.39,1
09-03-2023 19:00,EST,CAPITL,61757,57.38,1.86,-28.9,1
09-03-2023 20:00,EST,CAPITL,61757,54.66,1.75,-27.87,1
09-03-2023 21:00,EST,CAPITL,61757,43.29,1.74,-16.74,1
09-03-2023 22:00,EST,CAPITL,61757,35,1.63,-9.48,1
09-03-2023 23:00,EST,CAPITL,61757,33.68,1.55,-7.22,1
10-03-2023 00:00,EST,CAPITL,61757,31.77,1.39,-7.52,1
10-03-2023 01:00,EST,CAPITL,61757,28.41,1.31,-5.64,1
10-03-2023 02:00,EST,CAPITL,61757,27.1,1.36,-3.85,1
10-03-2023 03:00,EST,CAPITL,61757,26.56,1.41,-2.45,1
10-03-2023 04:00,EST,CAPITL,61757,26.89,1.44,-2.65,1
10-03-2023 05:00,EST,CAPITL,61757,30.76,1.44,-6.49,1
10-03-2023 06:00,EST,CAPITL,61757,46.65,1.7,-19.89,1
10-03-2023 07:00,EST,CAPITL,61757,50.27,1.7,-23.24,1
10-03-2023 08:00,EST,CAPITL,61757,42.33,1.72,-14.09,1
10-03-2023 09:00,EST,CAPITL,61757,38.61,1.61,-11.92,1
10-03-2023 10:00,EST,CAPITL,61757,33.7,1.6,-7.1,1
10-03-2023 11:00,EST,CAPITL,61757,32.46,1.55,-6.29,1
10-03-2023 12:00,EST,CAPITL,61757,31.8,1.48,-7.23,1
10-03-2023 13:00,EST,CAPITL,61757,33.69,1.49,-9.31,1
10-03-2023 14:00,EST,CAPITL,61757,34.92,1.48,-10.99,1
10-03-2023 15:00,EST,CAPITL,61757,36.26,1.49,-12.5,1
10-03-2023 16:00,EST,CAPITL,61757,45.42,1.01,-28.58,1
10-03-2023 17:00,EST,CAPITL,61757,59.29,1.01,-42.76,1
10-03-2023 18:00,EST,CAPITL,61757,66.82,1.44,-43.89,1
10-03-2023 19:00,EST,CAPITL,61757,56.28,1.58,-31.76,1
10-03-2023 20:00,EST,CAPITL,61757,48.39,1.28,-28,1
10-03-2023 21:00,EST,CAPITL,61757,44.2,1.16,-25.44,1
10-03-2023 22:00,EST,CAPITL,61757,37.05,1.11,-18.86,1
10-03-2023 23:00,EST,CAPITL,61757,32.67,1.38,-8.37,1
11-03-2023 00:00,EST,CAPITL,61757,34.68,1.39,-10.46,1
11-03-2023 01:00,EST,CAPITL,61757,33.65,1.4,-9.61,1
11-03-2023 02:00,EST,CAPITL,61757,31.92,1.4,-7.95,1
11-03-2023 03:00,EST,CAPITL,61757,31.55,1.36,-7.92,1
11-03-2023 04:00,EST,CAPITL,61757,31.49,1.39,-7.27,1
11-03-2023 05:00,EST,CAPITL,61757,33.6,1.44,-9.25,1
11-03-2023 06:00,EST,CAPITL,61757,39.02,1.45,-14.23,1
11-03-2023 07:00,EST,CAPITL,61757,41.7,1.45,-16.41,1
11-03-2023 08:00,EST,CAPITL,61757,41.58,1.55,-15.03,1
11-03-2023 09:00,EST,CAPITL,61757,43.61,1.54,-17.23,1
11-03-2023 10:00,EST,CAPITL,61757,41.76,1.64,-14.83,1
11-03-2023 11:00,EST,CAPITL,61757,41.32,1.54,-14.99,1
11-03-2023 12:00,EST,CAPITL,61757,37.05,1.55,-10.98,1
11-03-2023 13:00,EST,CAPITL,61757,35.98,1.46,-10.67,1
11-03-2023 14:00,EST,CAPITL,61757,36.03,1.42,-11.76,1
11-03-2023 15:00,EST,CAPITL,61757,37.23,1.4,-12.95,1
11-03-2023 16:00,EST,CAPITL,61757,41.43,1.27,-18.98,1
11-03-2023 17:00,EST,CAPITL,61757,55.49,1.61,-28.34,1
11-03-2023 18:00,EST,CAPITL,61757,64.09,1.61,-37.75,1
11-03-2023 19:00,EST,CAPITL,61757,58.22,1.71,-31.33,1
11-03-2023 20:00,EST,CAPITL,61757,50.42,1.7,-22.94,1
11-03-2023 21:00,EST,CAPITL,61757,41.74,1.71,-14.88,1
11-03-2023 22:00,EST,CAPITL,61757,36.64,1.78,-9.03,1
11-03-2023 23:00,EST,CAPITL,61757,35.67,1.66,-8.78,1
12-03-2023 00:00,EST,CAPITL,61757,31.88,1.53,-5.7,1
12-03-2023 01:00,EST,CAPITL,61757,29.34,1.54,-3.04,1
12-03-2023 03:00,EDT,CAPITL,61757,27.51,1.52,-1.1,1
12-03-2023 04:00,EDT,CAPITL,61757,28.33,1.54,-1.92,1
12-03-2023 05:00,EDT,CAPITL,61757,29.15,1.6,-2.65,1
12-03-2023 06:00,EDT,CAPITL,61757,33.83,1.63,-7.07,1
12-03-2023 07:00,EDT,CAPITL,61757,35.23,1.66,-8.39,1
12-03-2023 08:00,EDT,CAPITL,61757,36.64,1.73,-9.47,1
12-03-2023 09:00,EDT,CAPITL,61757,35.59,1.69,-8.75,1
12-03-2023 10:00,EDT,CAPITL,61757,30.26,1.66,-3.44,1
12-03-2023 11:00,EDT,CAPITL,61757,28.96,1.59,-2.61,1
12-03-2023 12:00,EDT,CAPITL,61757,28.43,1.52,-2.86,1
12-03-2023 13:00,EDT,CAPITL,61757,27.37,1.47,-2.19,1
12-03-2023 14:00,EDT,CAPITL,61757,27.38,1.44,-2.66,1
12-03-2023 15:00,EDT,CAPITL,61757,28.62,1.41,-4.43,1
12-03-2023 16:00,EDT,CAPITL,61757,31,1.5,-5.77,1
12-03-2023 17:00,EDT,CAPITL,61757,42.71,1.45,-18.24,1
12-03-2023 18:00,EDT,CAPITL,61757,57.01,1.77,-29.61,1
12-03-2023 19:00,EDT,CAPITL,61757,60.93,1.81,-33.97,1
12-03-2023 20:00,EDT,CAPITL,61757,47.12,1.79,-20.18,1
12-03-2023 21:00,EDT,CAPITL,61757,45.24,1.74,-18.58,1
12-03-2023 22:00,EDT,CAPITL,61757,34.86,1.71,-8.02,1
12-03-2023 23:00,EDT,CAPITL,61757,31.38,1.61,-4.68,1
13-03-2023 00:00,EDT,CAPITL,61757,28.53,1.43,-2.44,1
13-03-2023 01:00,EDT,CAPITL,61757,26.99,1.39,-1.19,1
13-03-2023 02:00,EDT,CAPITL,61757,26.12,1.39,-0.38,1
13-03-2023 03:00,EDT,CAPITL,61757,26.09,1.36,-0.89,1
13-03-2023 04:00,EDT,CAPITL,61757,26.24,1.41,-0.94,1
13-03-2023 05:00,EDT,CAPITL,61757,30.06,1.5,-3.89,1
13-03-2023 06:00,EDT,CAPITL,61757,37.09,1.79,-7.68,1
13-03-2023 07:00,EDT,CAPITL,61757,48.72,2.02,-17.46,1
13-03-2023 08:00,EDT,CAPITL,61757,55.46,1.91,-27.1,1
13-03-2023 09:00,EDT,CAPITL,61757,50.65,1.84,-22.94,1
13-03-2023 10:00,EDT,CAPITL,61757,45.81,1.74,-19.15,1
13-03-2023 11:00,EDT,CAPITL,61757,45.39,1.7,-18.7,1
13-03-2023 12:00,EDT,CAPITL,61757,42.32,1.73,-15.52,1
13-03-2023 13:00,EDT,CAPITL,61757,42.26,1.68,-15.92,1
13-03-2023 14:00,EDT,CAPITL,61757,40,1.54,-15.17,1
13-03-2023 15:00,EDT,CAPITL,61757,40.7,1.46,-17.1,1
13-03-2023 16:00,EDT,CAPITL,61757,43.87,1.53,-19.49,1
13-03-2023 17:00,EDT,CAPITL,61757,51.76,1.63,-25.11,1
13-03-2023 18:00,EDT,CAPITL,61757,57.19,1.68,-30.86,1
13-03-2023 19:00,EDT,CAPITL,61757,56.4,1.71,-29.9,1
13-03-2023 20:00,EDT,CAPITL,61757,48.32,1.78,-21.04,1
13-03-2023 21:00,EDT,CAPITL,61757,39.7,1.61,-13.38,1
13-03-2023 22:00,EDT,CAPITL,61757,33.99,1.59,-7.53,1
13-03-2023 23:00,EDT,CAPITL,61757,32.84,1.46,-6.67,1
14-03-2023 00:00,EDT,CAPITL,61757,30.38,1.44,-4.5,1
14-03-2023 01:00,EDT,CAPITL,61757,29.66,1.37,-3.81,1
14-03-2023 02:00,EDT,CAPITL,61757,28.97,1.3,-3.98,1
14-03-2023 03:00,EDT,CAPITL,61757,29.15,1.28,-4.57,1
14-03-2023 04:00,EDT,CAPITL,61757,29.12,1.25,-5.22,1
14-03-2023 05:00,EDT,CAPITL,61757,33.02,1.43,-7.83,1
14-03-2023 06:00,EDT,CAPITL,61757,47.49,1.62,-20.87,1
14-03-2023 07:00,EDT,CAPITL,61757,50.38,1.78,-20.37,1
14-03-2023 08:00,EDT,CAPITL,61757,56.84,1.64,-30.28,1
14-03-2023 09:00,EDT,CAPITL,61757,54.55,1.59,-28.43,1
14-03-2023 10:00,EDT,CAPITL,61757,52.9,1.58,-27.3,1
14-03-2023 11:00,EDT,CAPITL,61757,54.73,1.42,-32.13,1
14-03-2023 12:00,EDT,CAPITL,61757,53.44,1.4,-31.14,1
14-03-2023 13:00,EDT,CAPITL,61757,56.16,1.01,-39.07,1
14-03-2023 14:00,EDT,CAPITL,61757,54.16,0.73,-41.71,1
14-03-2023 15:00,EDT,CAPITL,61757,54.09,0.57,-44.13,1
14-03-2023 16:00,EDT,CAPITL,61757,52.32,0.73,-39.6,1
14-03-2023 17:00,EDT,CAPITL,61757,61.64,0.69,-49.73,1
14-03-2023 18:00,EDT,CAPITL,61757,65.12,1.03,-47.69,1
14-03-2023 19:00,EDT,CAPITL,61757,61.36,1.09,-43.54,1
14-03-2023 20:00,EDT,CAPITL,61757,53.38,1.26,-31.85,1
14-03-2023 21:00,EDT,CAPITL,61757,47.36,0.96,-30.62,1
14-03-2023 22:00,EDT,CAPITL,61757,41.13,1.1,-21.37,1
14-03-2023 23:00,EDT,CAPITL,61757,38.81,1.3,-14.22,1
15-03-2023 00:00,EDT,CAPITL,61757,38.73,1.09,-16.71,1
15-03-2023 01:00,EDT,CAPITL,61757,34.02,1.09,-11.86,1
15-03-2023 02:00,EDT,CAPITL,61757,32.87,0.98,-13.01,1
15-03-2023 03:00,EDT,CAPITL,61757,32.91,1,-13.01,1
15-03-2023 04:00,EDT,CAPITL,61757,32.72,1.11,-10.69,1
15-03-2023 05:00,EDT,CAPITL,61757,39.67,1.15,-17.67,1
15-03-2023 06:00,EDT,CAPITL,61757,52.74,1.49,-26.42,1
15-03-2023 07:00,EDT,CAPITL,61757,65.8,1.48,-39.72,1
15-03-2023 08:00,EDT,CAPITL,61757,57.08,1.3,-34.03,1
15-03-2023 09:00,EDT,CAPITL,61757,55.3,1.03,-36.55,1
15-03-2023 10:00,EDT,CAPITL,61757,43.55,1.25,-19.08,1
15-03-2023 11:00,EDT,CAPITL,61757,44.29,0.71,-30.13,1
15-03-2023 12:00,EDT,CAPITL,61757,41.22,0.69,-27.42,1
15-03-2023 13:00,EDT,CAPITL,61757,39.13,0.67,-25.63,1
15-03-2023 14:00,EDT,CAPITL,61757,41,0.51,-30.96,1
15-03-2023 15:00,EDT,CAPITL,61757,39.13,0.56,-27.78,1
15-03-2023 16:00,EDT,CAPITL,61757,42.05,0.54,-31.05,1
15-03-2023 17:00,EDT,CAPITL,61757,49.09,0.69,-35.41,1
15-03-2023 18:00,EDT,CAPITL,61757,53.58,0.9,-37.14,1
15-03-2023 19:00,EDT,CAPITL,61757,56.29,1.42,-31.63,1
15-03-2023 20:00,EDT,CAPITL,61757,52.55,1.38,-28.92,1
15-03-2023 21:00,EDT,CAPITL,61757,45.86,1.17,-25.82,1
15-03-2023 22:00,EDT,CAPITL,61757,41.73,1.18,-21.29,1
15-03-2023 23:00,EDT,CAPITL,61757,35.67,1.41,-9.99,1
16-03-2023 00:00,EDT,CAPITL,61757,33.19,1.16,-12.3,1
16-03-2023 01:00,EDT,CAPITL,61757,32,1.17,-11.26,1
16-03-2023 02:00,EDT,CAPITL,61757,30.49,1.19,-9.52,1
16-03-2023 03:00,EDT,CAPITL,61757,30.58,1.2,-9.75,1
16-03-2023 04:00,EDT,CAPITL,61757,31.5,1.19,-10.86,1
16-03-2023 05:00,EDT,CAPITL,61757,33.34,1.1,-14.73,1
16-03-2023 06:00,EDT,CAPITL,61757,48.9,1.85,-21.36,1
16-03-2023 07:00,EDT,CAPITL,61757,58.22,1.88,-30.99,1
16-03-2023 08:00,EDT,CAPITL,61757,49.71,1.68,-24.44,1
16-03-2023 09:00,EDT,CAPITL,61757,40.15,1.61,-14.44,1
16-03-2023 10:00,EDT,CAPITL,61757,31.72,1.56,-6.82,1
16-03-2023 11:00,EDT,CAPITL,61757,30.92,1.27,-8.85,1
16-03-2023 12:00,EDT,CAPITL,61757,31.36,0.8,-16.96,1
16-03-2023 13:00,EDT,CAPITL,61757,29.95,0.78,-15.67,1
16-03-2023 14:00,EDT,CAPITL,61757,29.34,0.81,-14.78,1
16-03-2023 15:00,EDT,CAPITL,61757,30.12,0.78,-16.33,1
16-03-2023 16:00,EDT,CAPITL,61757,31.35,0.92,-15.41,1
16-03-2023 17:00,EDT,CAPITL,61757,40,1.04,-21.59,1
16-03-2023 18:00,EDT,CAPITL,61757,47.83,1.29,-26.03,1
16-03-2023 19:00,EDT,CAPITL,61757,51.69,1.51,-26.95,1
16-03-2023 20:00,EDT,CAPITL,61757,48.06,1.4,-25.51,1
16-03-2023 21:00,EDT,CAPITL,61757,38.66,1.17,-20.59,1
16-03-2023 22:00,EDT,CAPITL,61757,34.66,1.23,-15.34,1
16-03-2023 23:00,EDT,CAPITL,61757,31.63,1.23,-10.3,1
17-03-2023 00:00,EDT,CAPITL,61757,31.23,0.93,-14.55,1
17-03-2023 01:00,EDT,CAPITL,61757,30.52,0.64,-18.67,1
17-03-2023 02:00,EDT,CAPITL,61757,29.13,0.65,-17.27,1
17-03-2023 03:00,EDT,CAPITL,61757,29.47,0.55,-19.51,1
17-03-2023 04:00,EDT,CAPITL,61757,31.4,0.42,-23.98,1
17-03-2023 05:00,EDT,CAPITL,61757,34.39,0.74,-22.58,1
17-03-2023 06:00,EDT,CAPITL,61757,45.88,0.77,-33.52,1
17-03-2023 07:00,EDT,CAPITL,61757,60.33,0.55,-51.43,1
17-03-2023 08:00,EDT,CAPITL,61757,51.01,0.92,-36.87,1
17-03-2023 09:00,EDT,CAPITL,61757,47.77,0.73,-35.87,1
17-03-2023 10:00,EDT,CAPITL,61757,36.65,1,-20.48,1
17-03-2023 11:00,EDT,CAPITL,61757,35.35,0.88,-20.56,1
17-03-2023 12:00,EDT,CAPITL,61757,35.14,0.75,-22.72,1
17-03-2023 13:00,EDT,CAPITL,61757,33.82,0.65,-22.89,1
17-03-2023 14:00,EDT,CAPITL,61757,33.66,0.52,-24.63,1
17-03-2023 15:00,EDT,CAPITL,61757,35.58,0.31,-30.13,1
17-03-2023 16:00,EDT,CAPITL,61757,37.42,0.29,-32.52,1
17-03-2023 17:00,EDT,CAPITL,61757,46.02,0.28,-41.13,1
17-03-2023 18:00,EDT,CAPITL,61757,47.2,0.32,-41.75,1
17-03-2023 19:00,EDT,CAPITL,61757,55.35,0.34,-49.7,1
17-03-2023 20:00,EDT,CAPITL,61757,48.06,0.34,-42.4,1
17-03-2023 21:00,EDT,CAPITL,61757,39.1,0.22,-35.51,1
17-03-2023 22:00,EDT,CAPITL,61757,36.6,0.2,-33.21,1
17-03-2023 23:00,EDT,CAPITL,61757,33.73,0.31,-27.6,1
18-03-2023 00:00,EDT,CAPITL,61757,31.82,0.43,-24.26,1
18-03-2023 01:00,EDT,CAPITL,61757,30.61,0.43,-23.06,1
18-03-2023 02:00,EDT,CAPITL,61757,29.93,0.43,-22.39,1
18-03-2023 03:00,EDT,CAPITL,61757,29.14,0.46,-21,1
18-03-2023 04:00,EDT,CAPITL,61757,28.94,0.5,-20.33,1
18-03-2023 05:00,EDT,CAPITL,61757,28.75,0.62,-17.92,1
18-03-2023 06:00,EDT,CAPITL,61757,31.84,0.71,-19.25,1
18-03-2023 07:00,EDT,CAPITL,61757,38.08,0.56,-26.8,1
18-03-2023 08:00,EDT,CAPITL,61757,33.45,0.87,-15.54,1
18-03-2023 09:00,EDT,CAPITL,61757,32.01,0.77,-14.86,1
18-03-2023 10:00,EDT,CAPITL,61757,30.74,0.77,-14.91,1
18-03-2023 11:00,EDT,CAPITL,61757,31.26,0.63,-18.44,1
18-03-2023 12:00,EDT,CAPITL,61757,30.3,0.46,-20.32,1
18-03-2023 13:00,EDT,CAPITL,61757,28.45,0.4,-19.97,1
18-03-2023 14:00,EDT,CAPITL,61757,28.4,0.38,-20.49,1
18-03-2023 15:00,EDT,CAPITL,61757,31.32,0.25,-25.95,1
18-03-2023 16:00,EDT,CAPITL,61757,33.28,0.33,-26.39,1
18-03-2023 17:00,EDT,CAPITL,61757,41.46,0.61,-26.86,1
18-03-2023 18:00,EDT,CAPITL,61757,47.13,0.78,-29.01,1
18-03-2023 19:00,EDT,CAPITL,61757,48.67,0.92,-27.78,1
18-03-2023 20:00,EDT,CAPITL,61757,47.88,0.99,-27.02,1
18-03-2023 21:00,EDT,CAPITL,61757,40.29,0.94,-20.44,1
18-03-2023 22:00,EDT,CAPITL,61757,36.03,0.92,-16.74,1
18-03-2023 23:00,EDT,CAPITL,61757,34.17,0.75,-16.4,1
19-03-2023 00:00,EDT,CAPITL,61757,32.17,0.88,-12.19,1
19-03-2023 01:00,EDT,CAPITL,61757,30.15,0.84,-10.31,1
19-03-2023 02:00,EDT,CAPITL,61757,30.11,0.83,-10.05,1
19-03-2023 03:00,EDT,CAPITL,61757,29.68,0.87,-9.04,1
19-03-2023 04:00,EDT,CAPITL,61757,31.52,0.71,-14.96,1
19-03-2023 05:00,EDT,CAPITL,61757,33.19,0.69,-16.46,1
19-03-2023 06:00,EDT,CAPITL,61757,37.14,0.77,-19.33,1
19-03-2023 07:00,EDT,CAPITL,61757,39.16,0.73,-22.29,1
19-03-2023 08:00,EDT,CAPITL,61757,38.65,0.73,-21.8,1
19-03-2023 09:00,EDT,CAPITL,61757,35.44,0.73,-17.78,1
19-03-2023 10:00,EDT,CAPITL,61757,35.75,0.79,-18.53,1
19-03-2023 11:00,EDT,CAPITL,61757,34.96,0.8,-17.57,1
19-03-2023 12:00,EDT,CAPITL,61757,33.92,0.72,-17.82,1
19-03-2023 13:00,EDT,CAPITL,61757,34.82,0.64,-20.29,1
19-03-2023 14:00,EDT,CAPITL,61757,33.44,0.61,-21.06,1
19-03-2023 15:00,EDT,CAPITL,61757,35.12,0.46,-25.18,1
19-03-2023 16:00,EDT,CAPITL,61757,38.38,0.44,-28.39,1
19-03-2023 17:00,EDT,CAPITL,61757,48.96,0.76,-30.85,1
19-03-2023 18:00,EDT,CAPITL,61757,53.02,1.18,-30.04,1
19-03-2023 19:00,EDT,CAPITL,61757,58.42,1.39,-31.65,1
19-03-2023 20:00,EDT,CAPITL,61757,55.42,1.26,-30.75,1
19-03-2023 21:00,EDT,CAPITL,61757,51.58,1.16,-28.03,1
19-03-2023 22:00,EDT,CAPITL,61757,42.03,0.87,-24.71,1
19-03-2023 23:00,EDT,CAPITL,61757,35.84,1.15,-13.02,1
20-03-2023 00:00,EDT,CAPITL,61757,33.35,0.61,-18.87,1
20-03-2023 01:00,EDT,CAPITL,61757,34.1,0.5,-22.42,1
20-03-2023 02:00,EDT,CAPITL,61757,34.62,0.37,-25.55,1
20-03-2023 03:00,EDT,CAPITL,61757,35.75,0.38,-27.24,1
20-03-2023 04:00,EDT,CAPITL,61757,37.67,0.42,-28.51,1
20-03-2023 05:00,EDT,CAPITL,61757,38.48,1.05,-14.61,1
20-03-2023 06:00,EDT,CAPITL,61757,53.47,1.31,-23.81,1
20-03-2023 07:00,EDT,CAPITL,61757,80.33,0.48,-65.25,1
20-03-2023 08:00,EDT,CAPITL,61757,65.11,0.32,-55.52,1
20-03-2023 09:00,EDT,CAPITL,61757,43.79,0.14,-37.94,1
20-03-2023 10:00,EDT,CAPITL,61757,38.29,0.08,-35.01,1
20-03-2023 11:00,EDT,CAPITL,61757,37.23,0.04,-35.07,1
20-03-2023 12:00,EDT,CAPITL,61757,35.05,0.04,-33.1,1
20-03-2023 13:00,EDT,CAPITL,61757,34.54,0.04,-32.57,1
20-03-2023 14:00,EDT,CAPITL,61757,34.65,0.04,-32.79,1
20-03-2023 15:00,EDT,CAPITL,61757,36.1,0.03,-34.46,1
20-03-2023 16:00,EDT,CAPITL,61757,38.86,0.03,-37.26,1
20-03-2023 17:00,EDT,CAPITL,61757,57.41,0.05,-55.22,1
20-03-2023 18:00,EDT,CAPITL,61757,61.19,0.15,-55.31,1
20-03-2023 19:00,EDT,CAPITL,61757,72.59,0.35,-61.11,1
20-03-2023 20:00,EDT,CAPITL,61757,70.26,0.25,-62.43,1
20-03-2023 21:00,EDT,CAPITL,61757,60.88,0.16,-55.73,1
20-03-2023 22:00,EDT,CAPITL,61757,46.15,0.15,-40.84,1
20-03-2023 23:00,EDT,CAPITL,61757,38.93,0.37,-23.19,1
21-03-2023 00:00,EDT,CAPITL,61757,33.46,0.26,-21.48,1
21-03-2023 01:00,EDT,CAPITL,61757,29.51,0.35,-14.43,1
21-03-2023 02:00,EDT,CAPITL,61757,29.4,0.35,-14.6,1
21-03-2023 03:00,EDT,CAPITL,61757,28.94,0.34,-14.01,1
21-03-2023 04:00,EDT,CAPITL,61757,31.7,0.33,-16.4,1
21-03-2023 05:00,EDT,CAPITL,61757,36.29,0.48,-18.03,1
21-03-2023 06:00,EDT,CAPITL,61757,55.49,0.49,-31.91,1
21-03-2023 07:00,EDT,CAPITL,61757,76.68,0.41,-55.63,1
21-03-2023 08:00,EDT,CAPITL,61757,57.43,0.37,-37.69,1
21-03-2023 09:00,EDT,CAPITL,61757,36.58,0.23,-20.12,1
21-03-2023 10:00,EDT,CAPITL,61757,31.64,0.16,-20.72,1
21-03-2023 11:00,EDT,CAPITL,61757,31.12,0.09,-25.07,1
21-03-2023 12:00,EDT,CAPITL,61757,31.12,0.08,-25.88,1
21-03-2023 13:00,EDT,CAPITL,61757,30.27,0.07,-25.05,1
21-03-2023 14:00,EDT,CAPITL,61757,30.13,0.07,-24.9,1
21-03-2023 15:00,EDT,CAPITL,61757,31.12,0.07,-26.42,1
21-03-2023 16:00,EDT,CAPITL,61757,31.84,0.09,-26.14,1
21-03-2023 17:00,EDT,CAPITL,61757,37.01,0.11,-29.71,1
21-03-2023 18:00,EDT,CAPITL,61757,53.01,0.15,-42.77,1
21-03-2023 19:00,EDT,CAPITL,61757,57.3,0.4,-37.95,1
21-03-2023 20:00,EDT,CAPITL,61757,51.3,0.38,-29.82,1
21-03-2023 21:00,EDT,CAPITL,61757,44.78,0.27,-29.41,1
21-03-2023 22:00,EDT,CAPITL,61757,33.47,0.46,-15.2,1
21-03-2023 23:00,EDT,CAPITL,61757,28.35,0.46,-5.9,1
22-03-2023 00:00,EDT,CAPITL,61757,24.96,0.47,-4.84,1
22-03-2023 01:00,EDT,CAPITL,61757,24.87,0.43,-7.22,1
22-03-2023 02:00,EDT,CAPITL,61757,24.02,0.45,-6.14,1
22-03-2023 03:00,EDT,CAPITL,61757,23.47,0.42,-4.9,1
22-03-2023 04:00,EDT,CAPITL,61757,24.95,0.45,-7.12,1
22-03-2023 05:00,EDT,CAPITL,61757,27.53,0.25,-12.57,1
22-03-2023 06:00,EDT,CAPITL,61757,44.13,0.47,-18.94,1
22-03-2023 07:00,EDT,CAPITL,61757,50.25,0.48,-21.27,1
22-03-2023 08:00,EDT,CAPITL,61757,40.91,0.41,-17.83,1
22-03-2023 09:00,EDT,CAPITL,61757,30.64,0.34,-13.36,1
22-03-2023 10:00,EDT,CAPITL,61757,28.26,0.2,-16.78,1
22-03-2023 11:00,EDT,CAPITL,61757,27.09,0.16,-16.69,1
22-03-2023 12:00,EDT,CAPITL,61757,26.27,0.13,-18.19,1
22-03-2023 13:00,EDT,CAPITL,61757,26.29,0.11,-19.02,1
22-03-2023 14:00,EDT,CAPITL,61757,25.51,0.13,-17.14,1
22-03-2023 15:00,EDT,CAPITL,61757,26.6,0.1,-20.52,1
22-03-2023 16:00,EDT,CAPITL,61757,29.9,0.11,-21.68,1
22-03-2023 17:00,EDT,CAPITL,61757,36.31,0.1,-30.55,1
22-03-2023 18:00,EDT,CAPITL,61757,44.93,0.13,-37.66,1
22-03-2023 19:00,EDT,CAPITL,61757,53.01,0.21,-42.53,1
22-03-2023 20:00,EDT,CAPITL,61757,48.2,0.11,-42.62,1
22-03-2023 21:00,EDT,CAPITL,61757,37.18,0.11,-31.94,1
22-03-2023 22:00,EDT,CAPITL,61757,30.75,0.15,-23.34,1
22-03-2023 23:00,EDT,CAPITL,61757,27.38,0.19,-16.94,1
23-03-2023 00:00,EDT,CAPITL,61757,26.44,0.17,-15.83,1
23-03-2023 01:00,EDT,CAPITL,61757,24.05,0.11,-15.72,1
23-03-2023 02:00,EDT,CAPITL,61757,23.4,0.11,-15.17,1
23-03-2023 03:00,EDT,CAPITL,61757,22.81,0.13,-14.56,1
23-03-2023 04:00,EDT,CAPITL,61757,23.77,0.13,-15.52,1
23-03-2023 05:00,EDT,CAPITL,61757,26.04,0.21,-15.72,1
23-03-2023 06:00,EDT,CAPITL,61757,33.67,0.19,-24.51,1
23-03-2023 07:00,EDT,CAPITL,61757,51.52,0.12,-45.51,1
23-03-2023 08:00,EDT,CAPITL,61757,49.94,0.12,-44.56,1
23-03-2023 09:00,EDT,CAPITL,61757,39.95,0.09,-35.69,1
23-03-2023 10:00,EDT,CAPITL,61757,41.13,0.11,-36.22,1
23-03-2023 11:00,EDT,CAPITL,61757,39.83,0.1,-35.04,1
23-03-2023 12:00,EDT,CAPITL,61757,36.14,0.11,-30.87,1
23-03-2023 13:00,EDT,CAPITL,61757,32.92,0.11,-27.88,1
23-03-2023 14:00,EDT,CAPITL,61757,31.84,0.11,-26.58,1
23-03-2023 15:00,EDT,CAPITL,61757,33.63,0.11,-28.36,1
23-03-2023 16:00,EDT,CAPITL,61757,35,0.1,-30.26,1
23-03-2023 17:00,EDT,CAPITL,61757,44.63,0.04,-42.87,1
23-03-2023 18:00,EDT,CAPITL,61757,48.43,0.15,-43.64,1
23-03-2023 19:00,EDT,CAPITL,61757,49.89,0.18,-44.56,1
23-03-2023 20:00,EDT,CAPITL,61757,45.72,0.12,-41.69,1
23-03-2023 21:00,EDT,CAPITL,61757,37,0.07,-34.84,1
23-03-2023 22:00,EDT,CAPITL,61757,31.13,0.06,-28.96,1
23-03-2023 23:00,EDT,CAPITL,61757,26.33,0.26,-15.26,1
24-03-2023 00:00,EDT,CAPITL,61757,22.03,0.47,-5.53,1
24-03-2023 01:00,EDT,CAPITL,61757,20.9,0.45,-4.94,1
24-03-2023 02:00,EDT,CAPITL,61757,19.84,0.46,-4.55,1
24-03-2023 03:00,EDT,CAPITL,61757,19.68,0.47,-4.07,1
24-03-2023 04:00,EDT,CAPITL,61757,19.97,0.48,-4.37,1
24-03-2023 05:00,EDT,CAPITL,61757,18.88,0.65,-0.18,1
24-03-2023 06:00,EDT,CAPITL,61757,27.23,0.88,-2.5,1
24-03-2023 07:00,EDT,CAPITL,61757,39.72,0.69,-20.38,1
24-03-2023 08:00,EDT,CAPITL,61757,36.54,0.93,-11.74,1
24-03-2023 09:00,EDT,CAPITL,61757,38.52,0.75,-16.78,1
24-03-2023 10:00,EDT,CAPITL,61757,33.45,0.61,-15.33,1
24-03-2023 11:00,EDT,CAPITL,61757,29.99,0.61,-12.43,1
24-03-2023 12:00,EDT,CAPITL,61757,27.45,0.58,-8.82,1
24-03-2023 13:00,EDT,CAPITL,61757,31.99,0.25,-22.38,1
24-03-2023 14:00,EDT,CAPITL,61757,29.71,0.24,-20.41,1
24-03-2023 15:00,EDT,CAPITL,61757,30.1,0.25,-20.58,1
24-03-2023 16:00,EDT,CAPITL,61757,32.73,0.24,-24.41,1
24-03-2023 17:00,EDT,CAPITL,61757,37.83,0.3,-28.28,1
24-03-2023 18:00,EDT,CAPITL,61757,44.04,0.34,-33.96,1
24-03-2023 19:00,EDT,CAPITL,61757,44.47,0.55,-28.66,1
24-03-2023 20:00,EDT,CAPITL,61757,41.96,0.42,-29.45,1
24-03-2023 21:00,EDT,CAPITL,61757,36.38,0.45,-22.98,1
24-03-2023 22:00,EDT,CAPITL,61757,28.87,0.61,-11.36,1
24-03-2023 23:00,EDT,CAPITL,61757,26.74,0.53,-8,1
25-03-2023 00:00,EDT,CAPITL,61757,26.05,0.65,-6.36,1
25-03-2023 01:00,EDT,CAPITL,61757,25.07,0.62,-6.65,1
25-03-2023 02:00,EDT,CAPITL,61757,24.42,0.6,-7,1
25-03-2023 03:00,EDT,CAPITL,61757,24.48,0.56,-8.22,1
25-03-2023 04:00,EDT,CAPITL,61757,26.72,0.36,-14.6,1
25-03-2023 05:00,EDT,CAPITL,61757,29.17,0.19,-22.53,1
25-03-2023 06:00,EDT,CAPITL,61757,35.05,0.16,-30.32,1
25-03-2023 07:00,EDT,CAPITL,61757,35.87,0.16,-30.29,1
25-03-2023 08:00,EDT,CAPITL,61757,41.01,0.23,-33.71,1
25-03-2023 09:00,EDT,CAPITL,61757,43.69,0.33,-32.8,1
25-03-2023 10:00,EDT,CAPITL,61757,43.16,0.38,-31.56,1
25-03-2023 11:00,EDT,CAPITL,61757,43.49,0.34,-33.17,1
25-03-2023 12:00,EDT,CAPITL,61757,43.83,0.27,-35.46,1
25-03-2023 13:00,EDT,CAPITL,61757,41.27,0.26,-32.9,1
25-03-2023 14:00,EDT,CAPITL,61757,39.88,0.25,-32.04,1
25-03-2023 15:00,EDT,CAPITL,61757,39.58,0.22,-32.42,1
25-03-2023 16:00,EDT,CAPITL,61757,40.84,0.14,-36.15,1
25-03-2023 17:00,EDT,CAPITL,61757,49.18,0.17,-43.38,1
25-03-2023 18:00,EDT,CAPITL,61757,47.41,0.22,-39.59,1
25-03-2023 19:00,EDT,CAPITL,61757,52.61,0.24,-44.25,1
25-03-2023 20:00,EDT,CAPITL,61757,48.94,0.24,-40.57,1
25-03-2023 21:00,EDT,CAPITL,61757,41.56,0.19,-33.77,1
25-03-2023 22:00,EDT,CAPITL,61757,33.62,0.24,-25.76,1
25-03-2023 23:00,EDT,CAPITL,61757,31.59,0.23,-23.58,1
26-03-2023 00:00,EDT,CAPITL,61757,32.39,0.13,-26.68,1
26-03-2023 01:00,EDT,CAPITL,61757,30.21,0.13,-24.5,1
26-03-2023 02:00,EDT,CAPITL,61757,28.71,0.14,-22.51,1
26-03-2023 03:00,EDT,CAPITL,61757,28.87,0.13,-23.17,1
26-03-2023 04:00,EDT,CAPITL,61757,29.64,0.13,-23.93,1
26-03-2023 05:00,EDT,CAPITL,61757,30.05,0.14,-24.33,1
26-03-2023 06:00,EDT,CAPITL,61757,31.46,0.13,-25.77,1
26-03-2023 07:00,EDT,CAPITL,61757,35.2,0.12,-29.95,1
26-03-2023 08:00,EDT,CAPITL,61757,35.85,0.12,-30.73,1
26-03-2023 09:00,EDT,CAPITL,61757,33.65,0.12,-28,1
26-03-2023 10:00,EDT,CAPITL,61757,33.86,0.11,-28.69,1
26-03-2023 11:00,EDT,CAPITL,61757,32.37,0.12,-26.69,1
26-03-2023 12:00,EDT,CAPITL,61757,32.06,0.1,-26.91,1
26-03-2023 13:00,EDT,CAPITL,61757,30.18,0.07,-26.41,1
26-03-2023 14:00,EDT,CAPITL,61757,29.33,0.06,-25.9,1
26-03-2023 15:00,EDT,CAPITL,61757,29.77,0.06,-26.38,1
26-03-2023 16:00,EDT,CAPITL,61757,33.89,0.06,-30.88,1
26-03-2023 17:00,EDT,CAPITL,61757,37.15,0.08,-33.85,1
26-03-2023 18:00,EDT,CAPITL,61757,50.36,0.03,-49.11,1
26-03-2023 19:00,EDT,CAPITL,61757,56.19,0.23,-49.66,1
26-03-2023 20:00,EDT,CAPITL,61757,50.05,0.3,-41.26,1
26-03-2023 21:00,EDT,CAPITL,61757,40.83,0.27,-33.12,1
26-03-2023 22:00,EDT,CAPITL,61757,32.74,0.34,-22.91,1
26-03-2023 23:00,EDT,CAPITL,61757,28.66,0.36,-16.98,1
27-03-2023 00:00,EDT,CAPITL,61757,21.29,0.65,-0.19,1
27-03-2023 01:00,EDT,CAPITL,61757,20.57,0.6,0,1
27-03-2023 02:00,EDT,CAPITL,61757,20.38,0.55,0,1
27-03-2023 03:00,EDT,CAPITL,61757,20.51,0.52,0,1
27-03-2023 04:00,EDT,CAPITL,61757,21.25,0.68,0,1
27-03-2023 05:00,EDT,CAPITL,61757,22.31,0.71,-1.37,1
27-03-2023 06:00,EDT,CAPITL,61757,38.77,0.87,-13.56,1
27-03-2023 07:00,EDT,CAPITL,61757,47.6,0.93,-22.11,1
27-03-2023 08:00,EDT,CAPITL,61757,40.62,0.78,-16.82,1
27-03-2023 09:00,EDT,CAPITL,61757,33.04,0.71,-9.35,1
27-03-2023 10:00,EDT,CAPITL,61757,30.19,0.71,-6.45,1
27-03-2023 11:00,EDT,CAPITL,61757,27.66,0.61,-6.08,1
27-03-2023 12:00,EDT,CAPITL,61757,27.68,0.51,-8.84,1
27-03-2023 13:00,EDT,CAPITL,61757,27.79,0.43,-10.13,1
27-03-2023 14:00,EDT,CAPITL,61757,30.76,0.34,-17.99,1
27-03-2023 15:00,EDT,CAPITL,61757,32.62,0.42,-16.81,1
27-03-2023 16:00,EDT,CAPITL,61757,37.15,0.31,-25.61,1
27-03-2023 17:00,EDT,CAPITL,61757,46.87,0.36,-35.15,1
27-03-2023 18:00,EDT,CAPITL,61757,49.25,0.44,-36.25,1
27-03-2023 19:00,EDT,CAPITL,61757,49.3,0.85,-25.52,1
27-03-2023 20:00,EDT,CAPITL,61757,44.22,0.88,-19.49,1
27-03-2023 21:00,EDT,CAPITL,61757,38.43,0.73,-18.38,1
27-03-2023 22:00,EDT,CAPITL,61757,34.16,0.58,-17.36,1
27-03-2023 23:00,EDT,CAPITL,61757,27.07,0.78,-3.89,1
28-03-2023 00:00,EDT,CAPITL,61757,23.27,0.75,-0.32,1
28-03-2023 01:00,EDT,CAPITL,61757,22.47,0.7,0,1
28-03-2023 02:00,EDT,CAPITL,61757,21.99,0.7,0,1
28-03-2023 03:00,EDT,CAPITL,61757,22.26,0.65,0,1
28-03-2023 04:00,EDT,CAPITL,61757,22.45,0.78,0,1
28-03-2023 05:00,EDT,CAPITL,61757,25.31,0.88,-1.96,1
28-03-2023 06:00,EDT,CAPITL,61757,41.66,1.05,-16.12,1
28-03-2023 07:00,EDT,CAPITL,61757,53.29,1.21,-23.3,1
28-03-2023 08:00,EDT,CAPITL,61757,46.79,1.04,-19.71,1
28-03-2023 09:00,EDT,CAPITL,61757,40.18,0.78,-16.45,1
28-03-2023 10:00,EDT,CAPITL,61757,33.13,0.78,-8.73,1
28-03-2023 11:00,EDT,CAPITL,61757,30.15,0.78,-6.34,1
28-03-2023 12:00,EDT,CAPITL,61757,31.89,0.33,-19.22,1
28-03-2023 13:00,EDT,CAPITL,61757,28.18,0.52,-8.98,1
28-03-2023 14:00,EDT,CAPITL,61757,28.96,0.33,-15.9,1
28-03-2023 15:00,EDT,CAPITL,61757,29.9,0.33,-17.04,1
28-03-2023 16:00,EDT,CAPITL,61757,38.55,0.18,-32.4,1
28-03-2023 17:00,EDT,CAPITL,61757,48.41,0.26,-39.8,1
28-03-2023 18:00,EDT,CAPITL,61757,46.48,0.6,-29.59,1
28-03-2023 19:00,EDT,CAPITL,61757,52.47,0.85,-30.52,1
28-03-2023 20:00,EDT,CAPITL,61757,46.52,0.94,-22.59,1
28-03-2023 21:00,EDT,CAPITL,61757,43.11,0.66,-25.41,1
28-03-2023 22:00,EDT,CAPITL,61757,34.21,0.79,-13.62,1
28-03-2023 23:00,EDT,CAPITL,61757,26.99,0.86,-3.53,1
29-03-2023 00:00,EDT,CAPITL,61757,22.36,0.67,0,1
29-03-2023 01:00,EDT,CAPITL,61757,21.48,0.69,0,1
29-03-2023 02:00,EDT,CAPITL,61757,21.15,0.62,0,1
29-03-2023 03:00,EDT,CAPITL,61757,21.47,0.74,-0.06,1
29-03-2023 04:00,EDT,CAPITL,61757,21.99,0.75,-0.42,1
29-03-2023 05:00,EDT,CAPITL,61757,25.13,0.84,-2.23,1
29-03-2023 06:00,EDT,CAPITL,61757,43.81,0.92,-19.3,1
29-03-2023 07:00,EDT,CAPITL,61757,51.91,0.98,-25.02,1
29-03-2023 08:00,EDT,CAPITL,61757,42.43,0.91,-15.41,1
29-03-2023 09:00,EDT,CAPITL,61757,31.39,0.66,-9.56,1
29-03-2023 10:00,EDT,CAPITL,61757,29.78,0.2,-21.65,1
29-03-2023 11:00,EDT,CAPITL,61757,29.1,0.13,-23.84,1
29-03-2023 12:00,EDT,CAPITL,61757,27.84,0.08,-24.25,1
29-03-2023 13:00,EDT,CAPITL,61757,27.2,0.08,-23.82,1
29-03-2023 14:00,EDT,CAPITL,61757,28.27,0.04,-26.46,1
29-03-2023 15:00,EDT,CAPITL,61757,29.74,0.02,-28.67,1
29-03-2023 16:00,EDT,CAPITL,61757,32.94,0.03,-31.87,1
29-03-2023 17:00,EDT,CAPITL,61757,43.15,0.03,-42.21,1
29-03-2023 18:00,EDT,CAPITL,61757,49.61,0.04,-48.26,1
29-03-2023 19:00,EDT,CAPITL,61757,55.23,0.21,-48.94,1
29-03-2023 20:00,EDT,CAPITL,61757,50.73,0.21,-44.45,1
29-03-2023 21:00,EDT,CAPITL,61757,43.99,0.1,-40.71,1
29-03-2023 22:00,EDT,CAPITL,61757,35.1,0.11,-31.63,1
29-03-2023 23:00,EDT,CAPITL,61757,26.64,0.5,-8.36,1
30-03-2023 00:00,EDT,CAPITL,61757,22.9,0.68,-1.46,1
30-03-2023 01:00,EDT,CAPITL,61757,22.68,0.62,-3.29,1
30-03-2023 02:00,EDT,CAPITL,61757,22.17,0.62,-2.58,1
30-03-2023 03:00,EDT,CAPITL,61757,22.02,0.67,-1.03,1
30-03-2023 04:00,EDT,CAPITL,61757,23.2,0.7,-1.82,1
30-03-2023 05:00,EDT,CAPITL,61757,26.58,0.83,-4,1
30-03-2023 06:00,EDT,CAPITL,61757,46.02,0.88,-23.21,1
30-03-2023 07:00,EDT,CAPITL,61757,51,1.06,-23.53,1
30-03-2023 08:00,EDT,CAPITL,61757,41.31,0.84,-18.48,1
30-03-2023 09:00,EDT,CAPITL,61757,33.99,0.61,-13.59,1
30-03-2023 10:00,EDT,CAPITL,61757,31.14,0.43,-14.74,1
30-03-2023 11:00,EDT,CAPITL,61757,32.06,0.22,-23.25,1
30-03-2023 12:00,EDT,CAPITL,61757,31.7,0.13,-26.48,1
30-03-2023 13:00,EDT,CAPITL,61757,31.63,0.07,-28.79,1
30-03-2023 14:00,EDT,CAPITL,61757,31.7,0.07,-29.01,1
30-03-2023 15:00,EDT,CAPITL,61757,31.88,0.07,-29.21,1
30-03-2023 16:00,EDT,CAPITL,61757,34.63,0.07,-32.3,1
30-03-2023 17:00,EDT,CAPITL,61757,44.86,0.1,-41.59,1
30-03-2023 18:00,EDT,CAPITL,61757,50.2,0.2,-44.34,1
30-03-2023 19:00,EDT,CAPITL,61757,50.06,0.75,-30.03,1
30-03-2023 20:00,EDT,CAPITL,61757,45.86,0.83,-24.18,1
30-03-2023 21:00,EDT,CAPITL,61757,45.8,0.54,-30.37,1
30-03-2023 22:00,EDT,CAPITL,61757,31.86,0.64,-12.83,1
30-03-2023 23:00,EDT,CAPITL,61757,28.91,0.68,-6.48,1
31-03-2023 00:00,EDT,CAPITL,61757,28.05,0.74,-6.24,1
31-03-2023 01:00,EDT,CAPITL,61757,26.7,0.63,-6.8,1
31-03-2023 02:00,EDT,CAPITL,61757,26.56,0.6,-7.7,1
31-03-2023 03:00,EDT,CAPITL,61757,26.5,0.59,-7.63,1
31-03-2023 04:00,EDT,CAPITL,61757,27.36,0.6,-8.4,1
31-03-2023 05:00,EDT,CAPITL,61757,29.59,0.68,-8.26,1
31-03-2023 06:00,EDT,CAPITL,61757,48.13,0.75,-26.45,1
31-03-2023 07:00,EDT,CAPITL,61757,56.48,0.73,-34.95,1
31-03-2023 08:00,EDT,CAPITL,61757,46.67,0.58,-28.9,1
31-03-2023 09:00,EDT,CAPITL,61757,39.8,0.52,-21.86,1
31-03-2023 10:00,EDT,CAPITL,61757,29.53,0.55,-11.93,1
31-03-2023 11:00,EDT,CAPITL,61757,30.63,0.32,-20.17,1
31-03-2023 12:00,EDT,CAPITL,61757,30.83,0.26,-21.85,1
31-03-2023 13:00,EDT,CAPITL,61757,33.12,0.16,-27.78,1
31-03-2023 14:00,EDT,CAPITL,61757,33.14,0.16,-27.86,1
31-03-2023 15:00,EDT,CAPITL,61757,33.65,0.17,-28.36,1
31-03-2023 16:00,EDT,CAPITL,61757,38.35,0.13,-34.06,1
31-03-2023 17:00,EDT,CAPITL,61757,48.98,0.06,-47.05,1
31-03-2023 18:00,EDT,CAPITL,61757,48.58,0.11,-45.46,1
31-03-2023 19:00,EDT,CAPITL,61757,53.98,0.16,-49.42,1
31-03-2023 20:00,EDT,CAPITL,61757,49.51,0.18,-44.2,1
31-03-2023 21:00,EDT,CAPITL,61757,44.06,0.12,-40.47,1
31-03-2023 22:00,EDT,CAPITL,61757,33.28,0.17,-27.99,1
31-03-2023 23:00,EDT,CAPITL,61757,28.47,0.34,-15.39,1
