Eastern Date Hour,Eastern Date Hour,Zone Name,Zone PTID,DAM Zonal LBMP,DAM Zonal Losses,DAM Zonal Congestion,DAM Zonal Price Version
01-03-2023 00:00,EST,CAPITL,61757,42.03,1.31,-20.86,1
01-03-2023 01:00,EST,CAPITL,61757,42.49,1.35,-20.63,1
01-03-2023 02:00,EST,CAPITL,61757,30.77,1.33,-8.92,1
01-03-2023 03:00,EST,CAPITL,61757,30.36,1.5,-6.19,1
01-03-2023 04:00,EST,CAPITL,61757,30.55,1.31,-9.08,1
01-03-2023 05:00,EST,CAPITL,61757,33.66,1.48,-9.33,1
01-03-2023 06:00,EST,CAPITL,61757,56.29,1.57,-31.87,1
01-03-2023 07:00,EST,CAPITL,61757,63.33,1.24,-43.26,1
01-03-2023 08:00,EST,CAPITL,61757,74.68,1.54,-49.03,1
01-03-2023 09:00,EST,CAPITL,61757,49.67,1.2,-29.67,1
01-03-2023 10:00,EST,CAPITL,61757,42.77,1.46,-18.56,1
01-03-2023 11:00,EST,CAPITL,61757,44.65,1.26,-23.94,1
01-03-2023 12:00,EST,CAPITL,61757,40.11,1.12,-21.24,1
01-03-2023 13:00,EST,CAPITL,61757,38.3,1.14,-19.29,1
01-03-2023 14:00,EST,CAPITL,61757,37.92,0.93,-21.98,1
01-03-2023 15:00,EST,CAPITL,61757,45.33,0.74,-33.24,1
01-03-2023 16:00,EST,CAPITL,61757,48.69,0.68,-37.22,1
01-03-2023 17:00,EST,CAPITL,61757,62.43,0.61,-52.42,1
01-03-2023 18:00,EST,CAPITL,61757,67.56,1.38,-45.52,1
01-03-2023 19:00,EST,CAPITL,61757,52.79,0.91,-38.14,1
01-03-2023 20:00,EST,CAPITL,61757,45.92,0.81,-32,1
01-03-2023 21:00,EST,CAPITL,61757,43.71,0.65,-32.37,1
01-03-2023 22:00,EST,CAPITL,61757,39.75,0.63,-28.81,1
01-03-2023 23:00,EST,CAPITL,61757,35.66,0.68,-22.85,1
02-03-2023 00:00,EST,CAPITL,61757,29,1.12,-8.96,1
02-03-2023 01:00,EST,CAPITL,61757,27.49,1.08,-7.48,1
02-03-2023 02:00,EST,CAPITL,61757,26.61,1.12,-6.57,1
02-03-2023 03:00,EST,CAPITL,61757,26.21,1.1,-6.19,1
02-03-2023 04:00,EST,CAPITL,61757,26.64,1.27,-4.97,1
02-03-2023 05:00,EST,CAPITL,61757,27.58,1.5,-3.37,1
02-03-2023 06:00,EST,CAPITL,61757,44.81,1.72,-18.51,1
02-03-2023 07:00,EST,CAPITL,61757,55.83,1.63,-30.3,1
02-03-2023 08:00,EST,CAPITL,61757,53.97,1.57,-28.97,1
02-03-2023 09:00,EST,CAPITL,61757,51.14,1.64,-25.07,1
02-03-2023 10:00,EST,CAPITL,61757,41.5,1.66,-15.73,1
02-03-2023 11:00,EST,CAPITL,61757,39.17,1.52,-15.32,1
02-03-2023 12:00,EST,CAPITL,61757,35.49,1.49,-12.13,1
02-03-2023 13:00,EST,CAPITL,61757,29.59,1.39,-7.08,1
02-03-2023 14:00,EST,CAPITL,61757,30.12,1.25,-9.69,1
02-03-2023 15:00,EST,CAPITL,61757,31.08,1.18,-11.22,1
02-03-2023 16:00,EST,CAPITL,61757,34.53,1.2,-14.66,1
02-03-2023 17:00,EST,CAPITL,61757,53.43,1.75,-26.67,1
02-03-2023 18:00,EST,CAPITL,61757,60.53,1.79,-33.48,1
02-03-2023 19:00,EST,CAPITL,61757,49.48,1.78,-22.6,1
02-03-2023 20:00,EST,CAPITL,61757,42.2,1.71,-16.01,1
02-03-2023 21:00,EST,CAPITL,61757,32.07,1.61,-6.74,1
02-03-2023 22:00,EST,CAPITL,61757,29.62,1.57,-5.02,1
02-03-2023 23:00,EST,CAPITL,61757,28.37,1.59,-3.69,1
03-03-2023 00:00,EST,CAPITL,61757,27.03,1.62,-2.64,1
03-03-2023 01:00,EST,CAPITL,61757,25.1,1.65,-0.17,1
03-03-2023 02:00,EST,CAPITL,61757,24.81,1.62,-0.42,1
03-03-2023 03:00,EST,CAPITL,61757,24.96,1.62,-0.6,1
03-03-2023 04:00,EST,CAPITL,61757,25.83,1.69,-0.71,1
03-03-2023 05:00,EST,CAPITL,61757,27.3,1.8,-0.54,1
03-03-2023 06:00,EST,CAPITL,61757,34.01,2.31,0,1
03-03-2023 07:00,EST,CAPITL,61757,39.64,2.17,-6.89,1
03-03-2023 08:00,EST,CAPITL,61757,38.08,2.01,-7.4,1
03-03-2023 09:00,EST,CAPITL,61757,35.21,1.87,-5.38,1
03-03-2023 10:00,EST,CAPITL,61757,33.46,1.73,-6.27,1
03-03-2023 11:00,EST,CAPITL,61757,33.31,1.6,-7.03,1
03-03-2023 12:00,EST,CAPITL,61757,32.5,1.55,-7.52,1
03-03-2023 13:00,EST,CAPITL,61757,31.78,1.44,-8.18,1
03-03-2023 14:00,EST,CAPITL,61757,34,1.31,-12.45,1
03-03-2023 15:00,EST,CAPITL,61757,37.58,1.22,-18.45,1
03-03-2023 16:00,EST,CAPITL,61757,48.92,0.86,-35.78,1
03-03-2023 17:00,EST,CAPITL,61757,59.22,0.97,-44.79,1
03-03-2023 18:00,EST,CAPITL,61757,60.61,1.17,-43.63,1
03-03-2023 19:00,EST,CAPITL,61757,53.78,1.02,-38.77,1
03-03-2023 20:00,EST,CAPITL,61757,46.16,0.7,-35.27,1
03-03-2023 21:00,EST,CAPITL,61757,42.58,0.66,-31.93,1
03-03-2023 22:00,EST,CAPITL,61757,38.53,0.74,-26.23,1
03-03-2023 23:00,EST,CAPITL,61757,34.17,1.12,-13.99,1
04-03-2023 00:00,EST,CAPITL,61757,43.99,0.52,-35.2,1
04-03-2023 01:00,EST,CAPITL,61757,40.32,0.53,-31.56,1
04-03-2023 02:00,EST,CAPITL,61757,38.93,0.52,-30.02,1
04-03-2023 03:00,EST,CAPITL,61757,38.24,0.51,-29.56,1
04-03-2023 04:00,EST,CAPITL,61757,37.47,0.55,-28.09,1
04-03-2023 05:00,EST,CAPITL,61757,35.29,0.85,-21.12,1
04-03-2023 06:00,EST,CAPITL,61757,37.46,1.14,-18.54,1
04-03-2023 07:00,EST,CAPITL,61757,39.64,1.45,-17.13,1
04-03-2023 08:00,EST,CAPITL,61757,52.26,1.59,-27.92,1
04-03-2023 09:00,EST,CAPITL,61757,58.26,1.59,-33.94,1
04-03-2023 10:00,EST,CAPITL,61757,58.13,1.69,-33.03,1
04-03-2023 11:00,EST,CAPITL,61757,61.79,1.59,-37.52,1
04-03-2023 12:00,EST,CAPITL,61757,57.56,1.61,-33.27,1
04-03-2023 13:00,EST,CAPITL,61757,55.83,1.53,-32.06,1
04-03-2023 14:00,EST,CAPITL,61757,57.83,1.48,-35.18,1
04-03-2023 15:00,EST,CAPITL,61757,61.8,1.38,-40.13,1
04-03-2023 16:00,EST,CAPITL,61757,70.63,1.43,-48.14,1
04-03-2023 17:00,EST,CAPITL,61757,79.36,1.66,-53.63,1
04-03-2023 18:00,EST,CAPITL,61757,81.62,1.73,-55.1,1
04-03-2023 19:00,EST,CAPITL,61757,65.71,1.71,-39.15,1
04-03-2023 20:00,EST,CAPITL,61757,54.16,1.73,-26.94,1
04-03-2023 21:00,EST,CAPITL,61757,46.49,1.78,-18.53,1
04-03-2023 22:00,EST,CAPITL,61757,36.26,1.86,-6.69,1
04-03-2023 23:00,EST,CAPITL,61757,33.84,1.68,-7.42,1
05-03-2023 00:00,EST,CAPITL,61757,38.46,1.72,-11.42,1
05-03-2023 01:00,EST,CAPITL,61757,33.85,1.6,-7.99,1
05-03-2023 02:00,EST,CAPITL,61757,28.39,1.73,0,1
05-03-2023 03:00,EST,CAPITL,61757,30.99,1.67,-3.57,1
05-03-2023 04:00,EST,CAPITL,61757,29.43,1.72,-1.59,1
05-03-2023 05:00,EST,CAPITL,61757,31.92,1.79,-3.39,1
05-03-2023 06:00,EST,CAPITL,61757,33.94,1.85,-4.51,1
05-03-2023 07:00,EST,CAPITL,61757,39.82,1.62,-13.64,1
05-03-2023 08:00,EST,CAPITL,61757,37.73,1.66,-11.33,1
05-03-2023 09:00,EST,CAPITL,61757,39.86,1.79,-12.06,1
05-03-2023 10:00,EST,CAPITL,61757,38.4,1.73,-11.52,1
05-03-2023 11:00,EST,CAPITL,61757,36.34,1.66,-9.88,1
05-03-2023 12:00,EST,CAPITL,61757,36.68,1.57,-11.62,1
05-03-2023 13:00,EST,CAPITL,61757,36.28,1.5,-12.13,1
05-03-2023 14:00,EST,CAPITL,61757,36.96,1.47,-13.18,1
05-03-2023 15:00,EST,CAPITL,61757,34.36,1.5,-10.16,1
05-03-2023 16:00,EST,CAPITL,61757,35.22,1.48,-11.01,1
05-03-2023 17:00,EST,CAPITL,61757,45,1.82,-16.09,1
05-03-2023 18:00,EST,CAPITL,61757,54.7,2.31,-17.45,1
05-03-2023 19:00,EST,CAPITL,61757,49.49,1.9,-19.29,1
05-03-2023 20:00,EST,CAPITL,61757,42.14,2,-10.73,1
05-03-2023 21:00,EST,CAPITL,61757,40,1.82,-10.63,1
05-03-2023 22:00,EST,CAPITL,61757,31.56,1.85,-2.11,1
05-03-2023 23:00,EST,CAPITL,61757,34.45,1.58,-8.58,1
06-03-2023 00:00,EST,CAPITL,61757,36.19,1.66,-10.09,1
06-03-2023 01:00,EST,CAPITL,61757,34.79,1.52,-10.52,1
06-03-2023 02:00,EST,CAPITL,61757,32.98,1.49,-9.63,1
06-03-2023 03:00,EST,CAPITL,61757,30.48,1.49,-7.12,1
06-03-2023 04:00,EST,CAPITL,61757,31.86,1.4,-9.9,1
06-03-2023 05:00,EST,CAPITL,61757,39.07,1.76,-12.82,1
06-03-2023 06:00,EST,CAPITL,61757,68.78,1.69,-45.2,1
06-03-2023 07:00,EST,CAPITL,61757,82.72,2.33,-50.48,1
06-03-2023 08:00,EST,CAPITL,61757,65.12,1.9,-37.88,1
06-03-2023 09:00,EST,CAPITL,61757,51.83,1.8,-25.02,1
06-03-2023 10:00,EST,CAPITL,61757,46.72,1.65,-22.1,1
06-03-2023 11:00,EST,CAPITL,61757,40,1.51,-17.2,1
06-03-2023 12:00,EST,CAPITL,61757,34.68,1.43,-12.83,1
06-03-2023 13:00,EST,CAPITL,61757,34.37,1.39,-12.79,1
06-03-2023 14:00,EST,CAPITL,61757,37.08,1.27,-17.7,1
06-03-2023 15:00,EST,CAPITL,61757,44,1.12,-27.16,1
06-03-2023 16:00,EST,CAPITL,61757,65.01,1.19,-47.09,1
06-03-2023 17:00,EST,CAPITL,61757,99.79,1.2,-82.11,1
06-03-2023 18:00,EST,CAPITL,61757,104.02,1.63,-80.02,1
06-03-2023 19:00,EST,CAPITL,61757,95.03,1.46,-73.9,1
06-03-2023 20:00,EST,CAPITL,61757,80.01,1.3,-61.43,1
06-03-2023 21:00,EST,CAPITL,61757,69.76,1.18,-52.37,1
06-03-2023 22:00,EST,CAPITL,61757,52.99,1.16,-35.77,1
06-03-2023 23:00,EST,CAPITL,61757,42.54,1.27,-22.26,1
07-03-2023 00:00,EST,CAPITL,61757,36.59,1.29,-16.28,1
07-03-2023 01:00,EST,CAPITL,61757,33.4,1.16,-14.88,1
07-03-2023 02:00,EST,CAPITL,61757,32.6,1.08,-15.1,1
07-03-2023 03:00,EST,CAPITL,61757,33.07,1.08,-15.6,1
07-03-2023 04:00,EST,CAPITL,61757,33.34,1.15,-14.81,1
07-03-2023 05:00,EST,CAPITL,61757,41.73,1.39,-19.91,1
07-03-2023 06:00,EST,CAPITL,61757,94.59,1.31,-74.26,1
07-03-2023 07:00,EST,CAPITL,61757,95.59,0.85,-82.35,1
07-03-2023 08:00,EST,CAPITL,61757,90.66,1.04,-74.91,1
07-03-2023 09:00,EST,CAPITL,61757,77.49,0.56,-69.06,1
07-03-2023 10:00,EST,CAPITL,61757,97.61,0.7,-87.03,1
07-03-2023 11:00,EST,CAPITL,61757,80.12,0.43,-73.64,1
07-03-2023 12:00,EST,CAPITL,61757,73.62,0.26,-69.75,1
07-03-2023 13:00,EST,CAPITL,61757,62.76,0.2,-59.73,1
07-03-2023 14:00,EST,CAPITL,61757,68.06,0.2,-64.99,1
07-03-2023 15:00,EST,CAPITL,61757,80,0.2,-76.92,1
07-03-2023 16:00,EST,CAPITL,61757,90.96,0.22,-87.6,1
07-03-2023 17:00,EST,CAPITL,61757,138.27,0.26,-134.31,1
07-03-2023 18:00,EST,CAPITL,61757,129.6,1.22,-111.23,1
07-03-2023 19:00,EST,CAPITL,61757,115.9,1.14,-98.66,1
07-03-2023 20:00,EST,CAPITL,61757,109.79,0.72,-98.92,1
07-03-2023 21:00,EST,CAPITL,61757,104.02,0.6,-94.79,1
07-03-2023 22:00,EST,CAPITL,61757,94.08,0.54,-85.91,1
07-03-2023 23:00,EST,CAPITL,61757,52.94,1.25,-33.34,1
08-03-2023 00:00,EST,CAPITL,61757,49.89,1.01,-32.41,1
08-03-2023 01:00,EST,CAPITL,61757,46.45,0.9,-30.55,1
08-03-2023 02:00,EST,CAPITL,61757,44.68,0.9,-28.78,1
08-03-2023 03:00,EST,CAPITL,61757,43.83,1.02,-25.53,1
08-03-2023 04:00,EST,CAPITL,61757,44.78,1.04,-26.44,1
08-03-2023 05:00,EST,CAPITL,61757,52.09,1.18,-31.89,1
08-03-2023 06:00,EST,CAPITL,61757,80.71,1.49,-56.36,1
08-03-2023 07:00,EST,CAPITL,61757,75.98,1.67,-49.31,1
08-03-2023 08:00,EST,CAPITL,61757,63.39,1.63,-37.73,1
08-03-2023 09:00,EST,CAPITL,61757,51.67,1.4,-28.11,1
08-03-2023 10:00,EST,CAPITL,61757,45.4,1.39,-22.25,1
08-03-2023 11:00,EST,CAPITL,61757,41.37,1.37,-18.25,1
08-03-2023 12:00,EST,CAPITL,61757,39.94,1.16,-20.32,1
08-03-2023 13:00,EST,CAPITL,61757,40.07,1.13,-21.05,1
08-03-2023 14:00,EST,CAPITL,61757,39.85,1.1,-21.28,1
08-03-2023 15:00,EST,CAPITL,61757,43.12,1.09,-24.82,1
08-03-2023 16:00,EST,CAPITL,61757,52.64,0.87,-38.58,1
08-03-2023 17:00,EST,CAPITL,61757,59.95,1.23,-40.11,1
08-03-2023 18:00,EST,CAPITL,61757,74.47,1.58,-49.91,1
08-03-2023 19:00,EST,CAPITL,61757,65.57,1.61,-40.95,1
08-03-2023 20:00,EST,CAPITL,61757,60.4,1.5,-37.51,1
08-03-2023 21:00,EST,CAPITL,61757,50.99,1.54,-26.76,1
08-03-2023 22:00,EST,CAPITL,61757,40.98,1.49,-16.48,1
08-03-2023 23:00,EST,CAPITL,61757,38.76,1.58,-12.19,1
09-03-2023 00:00,EST,CAPITL,61757,34.52,1.47,-10.16,1
09-03-2023 01:00,EST,CAPITL,61757,32.26,1.39,-8.07,1
09-03-2023 02:00,EST,CAPITL,61757,33.23,1.44,-8.95,1
09-03-2023 03:00,EST,CAPITL,61757,31.82,1.42,-7.95,1
09-03-2023 04:00,EST,CAPITL,61757,33.53,1.46,-9.25,1
09-03-2023 05:00,EST,CAPITL,61757,37.44,1.58,-12.24,1
09-03-2023 06:00,EST,CAPITL,61757,57.14,2.03,-25.33,1
09-03-2023 07:00,EST,CAPITL,61757,56.8,1.89,-25.88,1
09-03-2023 08:00,EST,CAPITL,61757,48.67,1.82,-18.48,1
09-03-2023 09:00,EST,CAPITL,61757,39.93,1.66,-11.55,1
09-03-2023 10:00,EST,CAPITL,61757,32.61,1.74,-3.67,1
09-03-2023 11:00,EST,CAPITL,61757,33.11,1.47,-7.96,1
09-03-2023 12:00,EST,CAPITL,61757,31,1.37,-6.33,1
09-03-2023 13:00,EST,CAPITL,61757,30.66,1.37,-6.47,1
09-03-2023 14:00,EST,CAPITL,61757,31.11,1.34,-7.83,1
09-03-2023 15:00,EST,CAPITL,61757,32.42,1.41,-8.24,1
09-03-2023 16:00,EST,CAPITL,61757,39.67,1.29,-17.99,1
09-03-2023 17:00,EST,CAPITL,61757,58.71,1.41,-35.96,1
09-03-2023 18:00,EST,CAPITL,61757,85.27,1.9,-55.39,1
09-03-2023 19:00,EST,CAPITL,61757,57.38,1.86,-28.9,1
09-03-2023 20:00,EST,CAPITL,61757,54.66,1.75,-27.87,1
09-03-2023 21:00,EST,CAPITL,61757,43.29,1.74,-16.74,1
09-03-2023 22:00,EST,CAPITL,61757,35,1.63,-9.48,1
09-03-2023 23:00,EST,CAPITL,61757,33.68,1.55,-7.22,1
10-03-2023 00:00,EST,CAPITL,61757,31.77,1.39,-7.52,1
10-03-2023 01:00,EST,CAPITL,61757,28.41,1.31,-5.64,1
10-03-2023 02:00,EST,CAPITL,61757,27.1,1.36,-3.85,1
10-03-2023 03:00,EST,CAPITL,61757,26.56,1.41,-2.45,1
10-03-2023 04:00,EST,CAPITL,61757,26.89,1.44,-2.65,1
10-03-2023 05:00,EST,CAPITL,61757,30.76,1.44,-6.49,1
10-03-2023 06:00,EST,CAPITL,61757,46.65,1.7,-19.89,1
10-03-2023 07:00,EST,CAPITL,61757,50.27,1.7,-23.24,1
10-03-2023 08:00,EST,CAPITL,61757,42.33,1.72,-14.09,1
10-03-2023 09:00,EST,CAPITL,61757,38.61,1.61,-11.92,1
10-03-2023 10:00,EST,CAPITL,61757,33.7,1.6,-7.1,1
10-03-2023 11:00,EST,CAPITL,61757,32.46,1.55,-6.29,1
10-03-2023 12:00,EST,CAPITL,61757,31.8,1.48,-7.23,1
10-03-2023 13:00,EST,CAPITL,61757,33.69,1.49,-9.31,1
10-03-2023 14:00,EST,CAPITL,61757,34.92,1.48,-10.99,1
10-03-2023 15:00,EST,CAPITL,61757,36.26,1.49,-12.5,1
10-03-2023 16:00,EST,CAPITL,61757,45.42,1.01,-28.58,1
10-03-2023 17:00,EST,CAPITL,61757,59.29,1.01,-42.76,1
10-03-2023 18:00,EST,CAPITL,61757,66.82,1.44,-43.89,1
10-03-2023 19:00,EST,CAPITL,61757,56.28,1.58,-31.76,1
10-03-2023 20:00,EST,CAPITL,61757,48.39,1.28,-28,1
10-03-2023 21:00,EST,CAPITL,61757,44.2,1.16,-25.44,1
10-03-2023 22:00,EST,CAPITL,61757,37.05,1.11,-18.86,1
10-03-2023 23:00,EST,CAPITL,61757,32.67,1.38,-8.37,1
11-03-2023 00:00,EST,CAPITL,61757,34.68,1.39,-10.46,1
11-03-2023 01:00,EST,CAPITL,61757,33.65,1.4,-9.61,1
11-03-2023 02:00,EST,CAPITL,61757,31.92,1.4,-7.95,1
11-03-2023 03:00,EST,CAPITL,61757,31.55,1.36,-7.92,1
11-03-2023 04:00,EST,CAPITL,61757,31.49,1.39,-7.27,1
11-03-2023 05:00,EST,CAPITL,61757,33.6,1.44,-9.25,1
11-03-2023 06:00,EST,CAPITL,61757,39.02,1.45,-14.23,1
11-03-2023 07:00,EST,CAPITL,61757,41.7,1.45,-16.41,1
11-03-2023 08:00,EST,CAPITL,61757,41.58,1.55,-15.03,1
11-03-2023 09:00,EST,CAPITL,61757,43.61,1.54,-17.23,1
11-03-2023 10:00,EST,CAPITL,61757,41.76,1.64,-14.83,1
11-03-2023 11:00,EST,CAPITL,61757,41.32,1.54,-14.99,1
11-03-2023 12:00,EST,CAPITL,61757,37.05,1.55,-10.98,1
11-03-2023 13:00,EST,CAPITL,61757,35.98,1.46,-10.67,1
11-03-2023 14:00,EST,CAPITL,61757,36.03,1.42,-11.76,1
11-03-2023 15:00,EST,CAPITL,61757,37.23,1.4,-12.95,1
11-03-2023 16:00,EST,CAPITL,61757,41.43,1.27,-18.98,1
11-03-2023 17:00,EST,CAPITL,61757,55.49,1.61,-28.34,1
11-03-2023 18:00,EST,CAPITL,61757,64.09,1.61,-37.75,1
11-03-2023 19:00,EST,CAPITL,61757,58.22,1.71,-31.33,1
11-03-2023 20:00,EST,CAPITL,61757,50.42,1.7,-22.94,1
11-03-2023 21:00,EST,CAPITL,61757,41.74,1.71,-14.88,1
11-03-2023 22:00,EST,CAPITL,61757,36.64,1.78,-9.03,1
11-03-2023 23:00,EST,CAPITL,61757,35.67,1.66,-8.78,1
12-03-2023 00:00,EST,CAPITL,61757,31.88,1.53,-5.7,1
12-03-2023 01:00,EST,CAPITL,61757,29.34,1.54,-3.04,1
12-03-2023 03:00,EDT,CAPITL,61757,27.51,1.52,-1.1,1
12-03-2023 04:00,EDT,CAPITL,61757,28.33,1.54,-1.92,1
12-03-2023 05:00,EDT,CAPITL,61757,29.15,1.6,-2.65,1
12-03-2023 06:00,EDT,CAPITL,61757,33.83,1.63,-7.07,1
12-03-2023 07:00,EDT,CAPITL,61757,35.23,1.66,-8.39,1
12-03-2023 08:00,EDT,CAPITL,61757,36.64,1.73,-9.47,1
12-03-2023 09:00,EDT,CAPITL,61757,35.59,1.69,-8.75,1
12-03-2023 10:00,EDT,CAPITL,61757,30.26,1.66,-3.44,1
12-03-2023 11:00,EDT,CAPITL,61757,28.96,1.59,-2.61,1
12-03-2023 12:00,EDT,CAPITL,61757,28.43,1.52,-2.86,1
12-03-2023 13:00,EDT,CAPITL,61757,27.37,1.47,-2.19,1
12-03-2023 14:00,EDT,CAPITL,61757,27.38,1.44,-2.66,1
12-03-2023 15:00,EDT,CAPITL,61757,28.62,1.41,-4.43,1
12-03-2023 16:00,EDT,CAPITL,61757,31,1.5,-5.77,1
12-03-2023 17:00,EDT,CAPITL,61757,42.71,1.45,-18.24,1
12-03-2023 18:00,EDT,CAPITL,61757,57.01,1.77,-29.61,1
12-03-2023 19:00,EDT,CAPITL,61757,60.93,1.81,-33.97,1
12-03-2023 20:00,EDT,CAPITL,61757,47.12,1.79,-20.18,1
12-03-2023 21:00,EDT,CAPITL,61757,45.24,1.74,-18.58,1
12-03-2023 22:00,EDT,CAPITL,61757,34.86,1.71,-8.02,1
12-03-2023 23:00,EDT,CAPITL,61757,31.38,1.61,-4.68,1
13-03-2023 00:00,EDT,CAPITL,61757,28.53,1.43,-2.44,1
13-03-2023 01:00,EDT,CAPITL,61757,26.99,1.39,-1.19,1
13-03-2023 02:00,EDT,CAPITL,61757,26.12,1.39,-0.38,1
13-03-2023 03:00,EDT,CAPITL,61757,26.09,1.36,-0.89,1
13-03-2023 04:00,EDT,CAPITL,61757,26.24,1.41,-0.94,1
13-03-2023 05:00,EDT,CAPITL,61757,30.06,1.5,-3.89,1
13-03-2023 06:00,EDT,CAPITL,61757,37.09,1.79,-7.68,1
13-03-2023 07:00,EDT,CAPITL,61757,48.72,2.02,-17.46,1
13-03-2023 08:00,EDT,CAPITL,61757,55.46,1.91,-27.1,1
13-03-2023 09:00,EDT,CAPITL,61757,50.65,1.84,-22.94,1
13-03-2023 10:00,EDT,CAPITL,61757,45.81,1.74,-19.15,1
13-03-2023 11:00,EDT,CAPITL,61757,45.39,1.7,-18.7,1
13-03-2023 12:00,EDT,CAPITL,61757,42.32,1.73,-15.52,1
13-03-2023 13:00,EDT,CAPITL,61757,42.26,1.68,-15.92,1
13-03-2023 14:00,EDT,CAPITL,61757,40,1.54,-15.17,1
13-03-2023 15:00,EDT,CAPITL,61757,40.7,1.46,-17.1,1
13-03-2023 16:00,EDT,CAPITL,61757,43.87,1.53,-19.49,1
13-03-2023 17:00,EDT,CAPITL,61757,51.76,1.63,-25.11,1
13-03-2023 18:00,EDT,CAPITL,61757,57.19,1.68,-30.86,1
13-03-2023 19:00,EDT,CAPITL,61757,56.4,1.71,-29.9,1
13-03-2023 20:00,EDT,CAPITL,61757,48.32,1.78,-21.04,1
13-03-2023 21:00,EDT,CAPITL,61757,39.7,1.61,-13.38,1
13-03-2023 22:00,EDT,CAPITL,61757,33.99,1.59,-7.53,1
13-03-2023 23:00,EDT,CAPITL,61757,32.84,1.46,-6.67,1
14-03-2023 00:00,EDT,CAPITL,61757,30.38,1.44,-4.5,1
14-03-2023 01:00,EDT,CAPITL,61757,29.66,1.37,-3.81,1
14-03-2023 02:00,EDT,CAPITL,61757,28.97,1.3,-3.98,1
14-03-2023 03:00,EDT,CAPITL,61757,29.15,1.28,-4.57,1
14-03-2023 04:00,EDT,CAPITL,61757,29.12,1.25,-5.22,1
14-03-2023 05:00,EDT,CAPITL,61757,33.02,1.43,-7.83,1
14-03-2023 06:00,EDT,CAPITL,61757,47.49,1.62,-20.87,1
14-03-2023 07:00,EDT,CAPITL,61757,50.38,1.78,-20.37,1
14-03-2023 08:00,EDT,CAPITL,61757,56.84,1.64,-30.28,1
14-03-2023 09:00,EDT,CAPITL,61757,54.55,1.59,-28.43,1
14-03-2023 10:00,EDT,CAPITL,61757,52.9,1.58,-27.3,1
14-03-2023 11:00,EDT,CAPITL,61757,54.73,1.42,-32.13,1
14-03-2023 12:00,EDT,CAPITL,61757,53.44,1.4,-31.14,1
14-03-2023 13:00,EDT,CAPITL,61757,56.16,1.01,-39.07,1
14-03-2023 14:00,EDT,CAPITL,61757,54.16,0.73,-41.71,1
14-03-2023 15:00,EDT,CAPITL,61757,54.09,0.57,-44.13,1
14-03-2023 16:00,EDT,CAPITL,61757,52.32,0.73,-39.6,1
14-03-2023 17:00,EDT,CAPITL,61757,61.64,0.69,-49.73,1
14-03-2023 18:00,EDT,CAPITL,61757,65.12,1.03,-47.69,1
14-03-2023 19:00,EDT,CAPITL,61757,61.36,1.09,-43.54,1
14-03-2023 20:00,EDT,CAPITL,61757,53.38,1.26,-31.85,1
14-03-2023 21:00,EDT,CAPITL,61757,47.36,0.96,-30.62,1
14-03-2023 22:00,EDT,CAPITL,61757,41.13,1.1,-21.37,1
14-03-2023 23:00,EDT,CAPITL,61757,38.81,1.3,-14.22,1
15-03-2023 00:00,EDT,CAPITL,61757,38.73,1.09,-16.71,1
15-03-2023 01:00,EDT,CAPITL,61757,34.02,1.09,-11.86,1
15-03-2023 02:00,EDT,CAPITL,61757,32.87,0.98,-13.01,1
15-03-2023 03:00,EDT,CAPITL,61757,32.91,1,-13.01,1
15-03-2023 04:00,EDT,CAPITL,61757,32.72,1.11,-10.69,1
15-03-2023 05:00,EDT,CAPITL,61757,39.67,1.15,-17.67,1
15-03-2023 06:00,EDT,CAPITL,61757,52.74,1.49,-26.42,1
15-03-2023 07:00,EDT,CAPITL,61757,65.8,1.48,-39.72,1
15-03-2023 08:00,EDT,CAPITL,61757,57.08,1.3,-34.03,1
15-03-2023 09:00,EDT,CAPITL,61757,55.3,1.03,-36.55,1
15-03-2023 10:00,EDT,CAPITL,61757,43.55,1.25,-19.08,1
15-03-2023 11:00,EDT,CAPITL,61757,44.29,0.71,-30.13,1
15-03-2023 12:00,EDT,CAPITL,61757,41.22,0.69,-27.42,1
15-03-2023 13:00,EDT,CAPITL,61757,39.13,0.67,-25.63,1
15-03-2023 14:00,EDT,CAPITL,61757,41,0.51,-30.96,1
15-03-2023 15:00,EDT,CAPITL,61757,39.13,0.56,-27.78,1
15-03-2023 16:00,EDT,CAPITL,61757,42.05,0.54,-31.05,1
15-03-2023 17:00,EDT,CAPITL,61757,49.09,0.69,-35.41,1
15-03-2023 18:00,EDT,CAPITL,61757,53.58,0.9,-37.14,1
15-03-2023 19:00,EDT,CAPITL,61757,56.29,1.42,-31.63,1
15-03-2023 20:00,EDT,CAPITL,61757,52.55,1.38,-28.92,1
15-03-2023 21:00,EDT,CAPITL,61757,45.86,1.17,-25.82,1
15-03-2023 22:00,EDT,CAPITL,61757,41.73,1.18,-21.29,1
15-03-2023 23:00,EDT,CAPITL,61757,35.67,1.41,-9.99,1
16-03-2023 00:00,EDT,CAPITL,61757,33.19,1.16,-12.3,1
16-03-2023 01:00,EDT,CAPITL,61757,32,1.17,-11.26,1
16-03-2023 02:00,EDT,CAPITL,61757,30.49,1.19,-9.52,1
16-03-2023 03:00,EDT,CAPITL,61757,30.58,1.2,-9.75,1
16-03-2023 04:00,EDT,CAPITL,61757,31.5,1.19,-10.86,1
16-03-2023 05:00,EDT,CAPITL,61757,33.34,1.1,-14.73,1
16-03-2023 06:00,EDT,CAPITL,61757,48.9,1.85,-21.36,1
16-03-2023 07:00,EDT,CAPITL,61757,58.22,1.88,-30.99,1
16-03-2023 08:00,EDT,CAPITL,61757,49.71,1.68,-24.44,1
16-03-2023 09:00,EDT,CAPITL,61757,40.15,1.61,-14.44,1
16-03-2023 10:00,EDT,CAPITL,61757,31.72,1.56,-6.82,1
16-03-2023 11:00,EDT,CAPITL,61757,30.92,1.27,-8.85,1
16-03-2023 12:00,EDT,CAPITL,61757,31.36,0.8,-16.96,1
16-03-2023 13:00,EDT,CAPITL,61757,29.95,0.78,-15.67,1
16-03-2023 14:00,EDT,CAPITL,61757,29.34,0.81,-14.78,1
16-03-2023 15:00,EDT,CAPITL,61757,30.12,0.78,-16.33,1
16-03-2023 16:00,EDT,CAPITL,61757,31.35,0.92,-15.41,1
16-03-2023 17:00,EDT,CAPITL,61757,40,1.04,-21.59,1
16-03-2023 18:00,EDT,CAPITL,61757,47.83,1.29,-26.03,1
16-03-2023 19:00,EDT,CAPITL,61757,51.69,1.51,-26.95,1
16-03-2023 20:00,EDT,CAPITL,61757,48.06,1.4,-25.51,1
16-03-2023 21:00,EDT,CAPITL,61757,38.66,1.17,-20.59,1
16-03-2023 22:00,EDT,CAPITL,61757,34.66,1.23,-15.34,1
16-03-2023 23:00,EDT,CAPITL,61757,31.63,1.23,-10.3,1
17-03-2023 00:00,EDT,CAPITL,61757,31.23,0.93,-14.55,1
17-03-2023 01:00,EDT,CAPITL,61757,30.52,0.64,-18.67,1
17-03-2023 02:00,EDT,CAPITL,61757,29.13,0.65,-17.27,1
17-03-2023 03:00,EDT,CAPITL,61757,29.47,0.55,-19.51,1
17-03-2023 04:00,EDT,CAPITL,61757,31.4,0.42,-23.98,1
17-03-2023 05:00,EDT,CAPITL,61757,34.39,0.74,-22.58,1
17-03-2023 06:00,EDT,CAPITL,61757,45.88,0.77,-33.52,1
17-03-2023 07:00,EDT,CAPITL,61757,60.33,0.55,-51.43,1
17-03-2023 08:00,EDT,CAPITL,61757,51.01,0.92,-36.87,1
17-03-2023 09:00,EDT,CAPITL,61757,47.77,0.73,-35.87,1
17-03-2023 10:00,EDT,CAPITL,61757,36.65,1,-20.48,1
17-03-2023 11:00,EDT,CAPITL,61757,35.35,0.88,-20.56,1
17-03-2023 12:00,EDT,CAPITL,61757,35.14,0.75,-22.72,1
17-03-2023 13:00,EDT,CAPITL,61757,33.82,0.65,-22.89,1
17-03-2023 14:00,EDT,CAPITL,61757,33.66,0.52,-24.63,1
17-03-2023 15:00,EDT,CAPITL,61757,35.58,0.31,-30.13,1
17-03-2023 16:00,EDT,CAPITL,61757,37.42,0.29,-32.52,1
17-03-2023 17:00,EDT,CAPITL,61757,46.02,0.28,-41.13,1
17-03-2023 18:00,EDT,CAPITL,61757,47.2,0.32,-41.75,1
17-03-2023 19:00,EDT,CAPITL,61757,55.35,0.34,-49.7,1
17-03-2023 20:00,EDT,CAPITL,61757,48.06,0.34,-42.4,1
17-03-2023 21:00,EDT,CAPITL,61757,39.1,0.22,-35.51,1
17-03-2023 22:00,EDT,CAPITL,61757,36.6,0.2,-33.21,1
17-03-2023 23:00,EDT,CAPITL,61757,33.73,0.31,-27.6,1
18-03-2023 00:00,EDT,CAPITL,61757,31.82,0.43,-24.26,1
18-03-2023 01:00,EDT,CAPITL,61757,30.61,0.43,-23.06,1
18-03-2023 02:00,EDT,CAPITL,61757,29.93,0.43,-22.39,1
18-03-2023 03:00,EDT,CAPITL,61757,29.14,0.46,-21,1
18-03-2023 04:00,EDT,CAPITL,61757,28.94,0.5,-20.33,1
18-03-2023 05:00,EDT,CAPITL,61757,28.75,0.62,-17.92,1
18-03-2023 06:00,EDT,CAPITL,61757,31.84,0.71,-19.25,1
18-03-2023 07:00,EDT,CAPITL,61757,38.08,0.56,-26.8,1
18-03-2023 08:00,EDT,CAPITL,61757,33.45,0.87,-15.54,1
18-03-2023 09:00,EDT,CAPITL,61757,32.01,0.77,-14.86,1
18-03-2023 10:00,EDT,CAPITL,61757,30.74,0.77,-14.91,1
18-03-2023 11:00,EDT,CAPITL,61757,31.26,0.63,-18.44,1
18-03-2023 12:00,EDT,CAPITL,61757,30.3,0.46,-20.32,1
18-03-2023 13:00,EDT,CAPITL,61757,28.45,0.4,-19.97,1
18-03-2023 14:00,EDT,CAPITL,61757,28.4,0.38,-20.49,1
18-03-2023 15:00,EDT,CAPITL,61757,31.32,0.25,-25.95,1
18-03-2023 16:00,EDT,CAPITL,61757,33.28,0.33,-26.39,1
18-03-2023 17:00,EDT,CAPITL,61757,41.46,0.61,-26.86,1
18-03-2023 18:00,EDT,CAPITL,61757,47.13,0.78,-29.01,1
18-03-2023 19:00,EDT,CAPITL,61757,48.67,0.92,-27.78,1
18-03-2023 20:00,EDT,CAPITL,61757,47.88,0.99,-27.02,1
18-03-2023 21:00,EDT,CAPITL,61757,40.29,0.94,-20.44,1
18-03-2023 22:00,EDT,CAPITL,61757,36.03,0.92,-16.74,1
18-03-2023 23:00,EDT,CAPITL,61757,34.17,0.75,-16.4,1
19-03-2023 00:00,EDT,CAPITL,61757,32.17,0.88,-12.19,1
19-03-2023 01:00,EDT,CAPITL,61757,30.15,0.84,-10.31,1
19-03-2023 02:00,EDT,CAPITL,61757,30.11,0.83,-10.05,1
19-03-2023 03:00,EDT,CAPITL,61757,29.68,0.87,-9.04,1
19-03-2023 04:00,EDT,CAPITL,61757,31.52,0.71,-14.96,1
19-03-2023 05:00,EDT,CAPITL,61757,33.19,0.69,-16.46,1
19-03-2023 06:00,EDT,CAPITL,61757,37.14,0.77,-19.33,1
19-03-2023 07:00,EDT,CAPITL,61757,39.16,0.73,-22.29,1
19-03-2023 08:00,EDT,CAPITL,61757,38.65,0.73,-21.8,1
19-03-2023 09:00,EDT,CAPITL,61757,35.44,0.73,-17.78,1
19-03-2023 10:00,EDT,CAPITL,61757,35.75,0.79,-18.53,1
19-03-2023 11:00,EDT,CAPITL,61757,34.96,0.8,-17.57,1
19-03-2023 12:00,EDT,CAPITL,61757,33.92,0.72,-17.82,1
19-03-2023 13:00,EDT,CAPITL,61757,34.82,0.64,-20.29,1
19-03-2023 14:00,EDT,CAPITL,61757,33.44,0.61,-21.06,1
19-03-2023 15:00,EDT,CAPITL,61757,35.12,0.46,-25.18,1
19-03-2023 16:00,EDT,CAPITL,61757,38.38,0.44,-28.39,1
19-03-2023 17:00,EDT,CAPITL,61757,48.96,0.76,-30.85,1
19-03-2023 18:00,EDT,CAPITL,61757,53.02,1.18,-30.04,1
19-03-2023 19:00,EDT,CAPITL,61757,58.42,1.39,-31.65,1
19-03-2023 20:00,EDT,CAPITL,61757,55.42,1.26,-30.75,1
19-03-2023 21:00,EDT,CAPITL,61757,51.58,1.16,-28.03,1
19-03-2023 22:00,EDT,CAPITL,61757,42.03,0.87,-24.71,1
19-03-2023 23:00,EDT,CAPITL,61757,35.84,1.15,-13.02,1
20-03-2023 00:00,EDT,CAPITL,61757,33.35,0.61,-18.87,1
20-03-2023 01:00,EDT,CAPITL,61757,34.1,0.5,-22.42,1
20-03-2023 02:00,EDT,CAPITL,61757,34.62,0.37,-25.55,1
20-03-2023 03:00,EDT,CAPITL,61757,35.75,0.38,-27.24,1
20-03-2023 04:00,EDT,CAPITL,61757,37.67,0.42,-28.51,1
20-03-2023 05:00,EDT,CAPITL,61757,38.48,1.05,-14.61,1
20-03-2023 06:00,EDT,CAPITL,61757,53.47,1.31,-23.81,1
20-03-2023 07:00,EDT,CAPITL,61757,80.33,0.48,-65.25,1
20-03-2023 08:00,EDT,CAPITL,61757,65.11,0.32,-55.52,1
20-03-2023 09:00,EDT,CAPITL,61757,43.79,0.14,-37.94,1
20-03-2023 10:00,EDT,CAPITL,61757,38.29,0.08,-35.01,1
20-03-2023 11:00,EDT,CAPITL,61757,37.23,0.04,-35.07,1
20-03-2023 12:00,EDT,CAPITL,61757,35.05,0.04,-33.1,1
20-03-2023 13:00,EDT,CAPITL,61757,34.54,0.04,-32.57,1
20-03-2023 14:00,EDT,CAPITL,61757,34.65,0.04,-32.79,1
20-03-2023 15:00,EDT,CAPITL,61757,36.1,0.03,-34.46,1
20-03-2023 16:00,EDT,CAPITL,61757,38.86,0.03,-37.26,1
20-03-2023 17:00,EDT,CAPITL,61757,57.41,0.05,-55.22,1
20-03-2023 18:00,EDT,CAPITL,61757,61.19,0.15,-55.31,1
20-03-2023 19:00,EDT,CAPITL,61757,72.59,0.35,-61.11,1
20-03-2023 20:00,EDT,CAPITL,61757,70.26,0.25,-62.43,1
20-03-2023 21:00,EDT,CAPITL,61757,60.88,0.16,-55.73,1
20-03-2023 22:00,EDT,CAPITL,61757,46.15,0.15,-40.84,1
20-03-2023 23:00,EDT,CAPITL,61757,38.93,0.37,-23.19,1
21-03-2023 00:00,EDT,CAPITL,61757,33.46,0.26,-21.48,1
21-03-2023 01:00,EDT,CAPITL,61757,29.51,0.35,-14.43,1
21-03-2023 02:00,EDT,CAPITL,61757,29.4,0.35,-14.6,1
21-03-2023 03:00,EDT,CAPITL,61757,28.94,0.34,-14.01,1
21-03-2023 04:00,EDT,CAPITL,61757,31.7,0.33,-16.4,1
21-03-2023 05:00,EDT,CAPITL,61757,36.29,0.48,-18.03,1
21-03-2023 06:00,EDT,CAPITL,61757,55.49,0.49,-31.91,1
21-03-2023 07:00,EDT,CAPITL,61757,76.68,0.41,-55.63,1
21-03-2023 08:00,EDT,CAPITL,61757,57.43,0.37,-37.69,1
21-03-2023 09:00,EDT,CAPITL,61757,36.58,0.23,-20.12,1
21-03-2023 10:00,EDT,CAPITL,61757,31.64,0.16,-20.72,1
21-03-2023 11:00,EDT,CAPITL,61757,31.12,0.09,-25.07,1
21-03-2023 12:00,EDT,CAPITL,61757,31.12,0.08,-25.88,1
21-03-2023 13:00,EDT,CAPITL,61757,30.27,0.07,-25.05,1
21-03-2023 14:00,EDT,CAPITL,61757,30.13,0.07,-24.9,1
21-03-2023 15:00,EDT,CAPITL,61757,31.12,0.07,-26.42,1
21-03-2023 16:00,EDT,CAPITL,61757,31.84,0.09,-26.14,1
21-03-2023 17:00,EDT,CAPITL,61757,37.01,0.11,-29.71,1
21-03-2023 18:00,EDT,CAPITL,61757,53.01,0.15,-42.77,1
21-03-2023 19:00,EDT,CAPITL,61757,57.3,0.4,-37.95,1
21-03-2023 20:00,EDT,CAPITL,61757,51.3,0.38,-29.82,1
21-03-2023 21:00,EDT,CAPITL,61757,44.78,0.27,-29.41,1
21-03-2023 22:00,EDT,CAPITL,61757,33.47,0.46,-15.2,1
21-03-2023 23:00,EDT,CAPITL,61757,28.35,0.46,-5.9,1
22-03-2023 00:00,EDT,CAPITL,61757,24.96,0.47,-4.84,1
22-03-2023 01:00,EDT,CAPITL,61757,24.87,0.43,-7.22,1
22-03-2023 02:00,EDT,CAPITL,61757,24.02,0.45,-6.14,1
22-03-2023 03:00,EDT,CAPITL,61757,23.47,0.42,-4.9,1
22-03-2023 04:00,EDT,CAPITL,61757,24.95,0.45,-7.12,1
22-03-2023 05:00,EDT,CAPITL,61757,27.53,0.25,-12.57,1
22-03-2023 06:00,EDT,CAPITL,61757,44.13,0.47,-18.94,1
22-03-2023 07:00,EDT,CAPITL,61757,50.25,0.48,-21.27,1
22-03-2023 08:00,EDT,CAPITL,61757,40.91,0.41,-17.83,1
22-03-2023 09:00,EDT,CAPITL,61757,30.64,0.34,-13.36,1
22-03-2023 10:00,EDT,CAPITL,61757,28.26,0.2,-16.78,1
22-03-2023 11:00,EDT,CAPITL,61757,27.09,0.16,-16.69,1
22-03-2023 12:00,EDT,CAPITL,61757,26.27,0.13,-18.19,1
22-03-2023 13:00,EDT,CAPITL,61757,26.29,0.11,-19.02,1
22-03-2023 14:00,EDT,CAPITL,61757,25.51,0.13,-17.14,1
22-03-2023 15:00,EDT,CAPITL,61757,26.6,0.1,-20.52,1
22-03-2023 16:00,EDT,CAPITL,61757,29.9,0.11,-21.68,1
22-03-2023 17:00,EDT,CAPITL,61757,36.31,0.1,-30.55,1
22-03-2023 18:00,EDT,CAPITL,61757,44.93,0.13,-37.66,1
22-03-2023 19:00,EDT,CAPITL,61757,53.01,0.21,-42.53,1
22-03-2023 20:00,EDT,CAPITL,61757,48.2,0.11,-42.62,1
22-03-2023 21:00,EDT,CAPITL,61757,37.18,0.11,-31.94,1
22-03-2023 22:00,EDT,CAPITL,61757,30.75,0.15,-23.34,1
22-03-2023 23:00,EDT,CAPITL,61757,27.38,0.19,-16.94,1
23-03-2023 00:00,EDT,CAPITL,61757,26.44,0.17,-15.83,1
23-03-2023 01:00,EDT,CAPITL,61757,24.05,0.11,-15.72,1
23-03-2023 02:00,EDT,CAPITL,61757,23.4,0.11,-15.17,1
23-03-2023 03:00,EDT,CAPITL,61757,22.81,0.13,-14.56,1
23-03-2023 04:00,EDT,CAPITL,61757,23.77,0.13,-15.52,1
23-03-2023 05:00,EDT,CAPITL,61757,26.04,0.21,-15.72,1
23-03-2023 06:00,EDT,CAPITL,61757,33.67,0.19,-24.51,1
23-03-2023 07:00,EDT,CAPITL,61757,51.52,0.12,-45.51,1
23-03-2023 08:00,EDT,CAPITL,61757,49.94,0.12,-44.56,1
23-03-2023 09:00,EDT,CAPITL,61757,39.95,0.09,-35.69,1
23-03-2023 10:00,EDT,CAPITL,61757,41.13,0.11,-36.22,1
23-03-2023 11:00,EDT,CAPITL,61757,39.83,0.1,-35.04,1
23-03-2023 12:00,EDT,CAPITL,61757,36.14,0.11,-30.87,1
23-03-2023 13:00,EDT,CAPITL,61757,32.92,0.11,-27.88,1
23-03-2023 14:00,EDT,CAPITL,61757,31.84,0.11,-26.58,1
23-03-2023 15:00,EDT,CAPITL,61757,33.63,0.11,-28.36,1
23-03-2023 16:00,EDT,CAPITL,61757,35,0.1,-30.26,1
23-03-2023 17:00,EDT,CAPITL,61757,44.63,0.04,-42.87,1
23-03-2023 18:00,EDT,CAPITL,61757,48.43,0.15,-43.64,1
23-03-2023 19:00,EDT,CAPITL,61757,49.89,0.18,-44.56,1
23-03-2023 20:00,EDT,CAPITL,61757,45.72,0.12,-41.69,1
23-03-2023 21:00,EDT,CAPITL,61757,37,0.07,-34.84,1
23-03-2023 22:00,EDT,CAPITL,61757,31.13,0.06,-28.96,1
23-03-2023 23:00,EDT,CAPITL,61757,26.33,0.26,-15.26,1
24-03-2023 00:00,EDT,CAPITL,61757,22.03,0.47,-5.53,1
24-03-2023 01:00,EDT,CAPITL,61757,20.9,0.45,-4.94,1
24-03-2023 02:00,EDT,CAPITL,61757,19.84,0.46,-4.55,1
24-03-2023 03:00,EDT,CAPITL,61757,19.68,0.47,-4.07,1
24-03-2023 04:00,EDT,CAPITL,61757,19.97,0.48,-4.37,1
24-03-2023 05:00,EDT,CAPITL,61757,18.88,0.65,-0.18,1
24-03-2023 06:00,EDT,CAPITL,61757,27.23,0.88,-2.5,1
24-03-2023 07:00,EDT,CAPITL,61757,39.72,0.69,-20.38,1
24-03-2023 08:00,EDT,CAPITL,61757,36.54,0.93,-11.74,1
24-03-2023 09:00,EDT,CAPITL,61757,38.52,0.75,-16.78,1
24-03-2023 10:00,EDT,CAPITL,61757,33.45,0.61,-15.33,1
24-03-2023 11:00,EDT,CAPITL,61757,29.99,0.61,-12.43,1
24-03-2023 12:00,EDT,CAPITL,61757,27.45,0.58,-8.82,1
24-03-2023 13:00,EDT,CAPITL,61757,31.99,0.25,-22.38,1
24-03-2023 14:00,EDT,CAPITL,61757,29.71,0.24,-20.41,1
24-03-2023 15:00,EDT,CAPITL,61757,30.1,0.25,-20.58,1
24-03-2023 16:00,EDT,CAPITL,61757,32.73,0.24,-24.41,1
24-03-2023 17:00,EDT,CAPITL,61757,37.83,0.3,-28.28,1
24-03-2023 18:00,EDT,CAPITL,61757,44.04,0.34,-33.96,1
24-03-2023 19:00,EDT,CAPITL,61757,44.47,0.55,-28.66,1
24-03-2023 20:00,EDT,CAPITL,61757,41.96,0.42,-29.45,1
24-03-2023 21:00,EDT,CAPITL,61757,36.38,0.45,-22.98,1
24-03-2023 22:00,EDT,CAPITL,61757,28.87,0.61,-11.36,1
24-03-2023 23:00,EDT,CAPITL,61757,26.74,0.53,-8,1
25-03-2023 00:00,EDT,CAPITL,61757,26.05,0.65,-6.36,1
25-03-2023 01:00,EDT,CAPITL,61757,25.07,0.62,-6.65,1
25-03-2023 02:00,EDT,CAPITL,61757,24.42,0.6,-7,1
25-03-2023 03:00,EDT,CAPITL,61757,24.48,0.56,-8.22,1
25-03-2023 04:00,EDT,CAPITL,61757,26.72,0.36,-14.6,1
25-03-2023 05:00,EDT,CAPITL,61757,29.17,0.19,-22.53,1
25-03-2023 06:00,EDT,CAPITL,61757,35.05,0.16,-30.32,1
25-03-2023 07:00,EDT,CAPITL,61757,35.87,0.16,-30.29,1
25-03-2023 08:00,EDT,CAPITL,61757,41.01,0.23,-33.71,1
25-03-2023 09:00,EDT,CAPITL,61757,43.69,0.33,-32.8,1
25-03-2023 10:00,EDT,CAPITL,61757,43.16,0.38,-31.56,1
25-03-2023 11:00,EDT,CAPITL,61757,43.49,0.34,-33.17,1
25-03-2023 12:00,EDT,CAPITL,61757,43.83,0.27,-35.46,1
25-03-2023 13:00,EDT,CAPITL,61757,41.27,0.26,-32.9,1
25-03-2023 14:00,EDT,CAPITL,61757,39.88,0.25,-32.04,1
25-03-2023 15:00,EDT,CAPITL,61757,39.58,0.22,-32.42,1
25-03-2023 16:00,EDT,CAPITL,61757,40.84,0.14,-36.15,1
25-03-2023 17:00,EDT,CAPITL,61757,49.18,0.17,-43.38,1
25-03-2023 18:00,EDT,CAPITL,61757,47.41,0.22,-39.59,1
25-03-2023 19:00,EDT,CAPITL,61757,52.61,0.24,-44.25,1
25-03-2023 20:00,EDT,CAPITL,61757,48.94,0.24,-40.57,1
25-03-2023 21:00,EDT,CAPITL,61757,41.56,0.19,-33.77,1
25-03-2023 22:00,EDT,CAPITL,61757,33.62,0.24,-25.76,1
25-03-2023 23:00,EDT,CAPITL,61757,31.59,0.23,-23.58,1
26-03-2023 00:00,EDT,CAPITL,61757,32.39,0.13,-26.68,1
26-03-2023 01:00,EDT,CAPITL,61757,30.21,0.13,-24.5,1
26-03-2023 02:00,EDT,CAPITL,61757,28.71,0.14,-22.51,1
26-03-2023 03:00,EDT,CAPITL,61757,28.87,0.13,-23.17,1
26-03-2023 04:00,EDT,CAPITL,61757,29.64,0.13,-23.93,1
26-03-2023 05:00,EDT,CAPITL,61757,30.05,0.14,-24.33,1
26-03-2023 06:00,EDT,CAPITL,61757,31.46,0.13,-25.77,1
26-03-2023 07:00,EDT,CAPITL,61757,35.2,0.12,-29.95,1
26-03-2023 08:00,EDT,CAPITL,61757,35.85,0.12,-30.73,1
26-03-2023 09:00,EDT,CAPITL,61757,33.65,0.12,-28,1
26-03-2023 10:00,EDT,CAPITL,61757,33.86,0.11,-28.69,1
26-03-2023 11:00,EDT,CAPITL,61757,32.37,0.12,-26.69,1
26-03-2023 12:00,EDT,CAPITL,61757,32.06,0.1,-26.91,1
26-03-2023 13:00,EDT,CAPITL,61757,30.18,0.07,-26.41,1
26-03-2023 14:00,EDT,CAPITL,61757,29.33,0.06,-25.9,1
26-03-2023 15:00,EDT,CAPITL,61757,29.77,0.06,-26.38,1
26-03-2023 16:00,EDT,CAPITL,61757,33.89,0.06,-30.88,1
26-03-2023 17:00,EDT,CAPITL,61757,37.15,0.08,-33.85,1
26-03-2023 18:00,EDT,CAPITL,61757,50.36,0.03,-49.11,1
26-03-2023 19:00,EDT,CAPITL,61757,56.19,0.23,-49.66,1
26-03-2023 20:00,EDT,CAPITL,61757,50.05,0.3,-41.26,1
26-03-2023 21:00,EDT,CAPITL,61757,40.83,0.27,-33.12,1
26-03-2023 22:00,EDT,CAPITL,61757,32.74,0.34,-22.91,1
26-03-2023 23:00,EDT,CAPITL,61757,28.66,0.36,-16.98,1
27-03-2023 00:00,EDT,CAPITL,61757,21.29,0.65,-0.19,1
27-03-2023 01:00,EDT,CAPITL,61757,20.57,0.6,0,1
27-03-2023 02:00,EDT,CAPITL,61757,20.38,0.55,0,1
27-03-2023 03:00,EDT,CAPITL,61757,20.51,0.52,0,1
27-03-2023 04:00,EDT,CAPITL,61757,21.25,0.68,0,1
27-03-2023 05:00,EDT,CAPITL,61757,22.31,0.71,-1.37,1
27-03-2023 06:00,EDT,CAPITL,61757,38.77,0.87,-13.56,1
27-03-2023 07:00,EDT,CAPITL,61757,47.6,0.93,-22.11,1
27-03-2023 08:00,EDT,CAPITL,61757,40.62,0.78,-16.82,1
27-03-2023 09:00,EDT,CAPITL,61757,33.04,0.71,-9.35,1
27-03-2023 10:00,EDT,CAPITL,61757,30.19,0.71,-6.45,1
27-03-2023 11:00,EDT,CAPITL,61757,27.66,0.61,-6.08,1
27-03-2023 12:00,EDT,CAPITL,61757,27.68,0.51,-8.84,1
27-03-2023 13:00,EDT,CAPITL,61757,27.79,0.43,-10.13,1
27-03-2023 14:00,EDT,CAPITL,61757,30.76,0.34,-17.99,1
27-03-2023 15:00,EDT,CAPITL,61757,32.62,0.42,-16.81,1
27-03-2023 16:00,EDT,CAPITL,61757,37.15,0.31,-25.61,1
27-03-2023 17:00,EDT,CAPITL,61757,46.87,0.36,-35.15,1
27-03-2023 18:00,EDT,CAPITL,61757,49.25,0.44,-36.25,1
27-03-2023 19:00,EDT,CAPITL,61757,49.3,0.85,-25.52,1
27-03-2023 20:00,EDT,CAPITL,61757,44.22,0.88,-19.49,1
27-03-2023 21:00,EDT,CAPITL,61757,38.43,0.73,-18.38,1
27-03-2023 22:00,EDT,CAPITL,61757,34.16,0.58,-17.36,1
27-03-2023 23:00,EDT,CAPITL,61757,27.07,0.78,-3.89,1
28-03-2023 00:00,EDT,CAPITL,61757,23.27,0.75,-0.32,1
28-03-2023 01:00,EDT,CAPITL,61757,22.47,0.7,0,1
28-03-2023 02:00,EDT,CAPITL,61757,21.99,0.7,0,1
28-03-2023 03:00,EDT,CAPITL,61757,22.26,0.65,0,1
28-03-2023 04:00,EDT,CAPITL,61757,22.45,0.78,0,1
28-03-2023 05:00,EDT,CAPITL,61757,25.31,0.88,-1.96,1
28-03-2023 06:00,EDT,CAPITL,61757,41.66,1.05,-16.12,1
28-03-2023 07:00,EDT,CAPITL,61757,53.29,1.21,-23.3,1
28-03-2023 08:00,EDT,CAPITL,61757,46.79,1.04,-19.71,1
28-03-2023 09:00,EDT,CAPITL,61757,40.18,0.78,-16.45,1
28-03-2023 10:00,EDT,CAPITL,61757,33.13,0.78,-8.73,1
28-03-2023 11:00,EDT,CAPITL,61757,30.15,0.78,-6.34,1
28-03-2023 12:00,EDT,CAPITL,61757,31.89,0.33,-19.22,1
28-03-2023 13:00,EDT,CAPITL,61757,28.18,0.52,-8.98,1
28-03-2023 14:00,EDT,CAPITL,61757,28.96,0.33,-15.9,1
28-03-2023 15:00,EDT,CAPITL,61757,29.9,0.33,-17.04,1
28-03-2023 16:00,EDT,CAPITL,61757,38.55,0.18,-32.4,1
28-03-2023 17:00,EDT,CAPITL,61757,48.41,0.26,-39.8,1
28-03-2023 18:00,EDT,CAPITL,61757,46.48,0.6,-29.59,1
28-03-2023 19:00,EDT,CAPITL,61757,52.47,0.85,-30.52,1
28-03-2023 20:00,EDT,CAPITL,61757,46.52,0.94,-22.59,1
28-03-2023 21:00,EDT,CAPITL,61757,43.11,0.66,-25.41,1
28-03-2023 22:00,EDT,CAPITL,61757,34.21,0.79,-13.62,1
28-03-2023 23:00,EDT,CAPITL,61757,26.99,0.86,-3.53,1
29-03-2023 00:00,EDT,CAPITL,61757,22.36,0.67,0,1
29-03-2023 01:00,EDT,CAPITL,61757,21.48,0.69,0,1
29-03-2023 02:00,EDT,CAPITL,61757,21.15,0.62,0,1
29-03-2023 03:00,EDT,CAPITL,61757,21.47,0.74,-0.06,1
29-03-2023 04:00,EDT,CAPITL,61757,21.99,0.75,-0.42,1
29-03-2023 05:00,EDT,CAPITL,61757,25.13,0.84,-2.23,1
29-03-2023 06:00,EDT,CAPITL,61757,43.81,0.92,-19.3,1
29-03-2023 07:00,EDT,CAPITL,61757,51.91,0.98,-25.02,1
29-03-2023 08:00,EDT,CAPITL,61757,42.43,0.91,-15.41,1
29-03-2023 09:00,EDT,CAPITL,61757,31.39,0.66,-9.56,1
29-03-2023 10:00,EDT,CAPITL,61757,29.78,0.2,-21.65,1
29-03-2023 11:00,EDT,CAPITL,61757,29.1,0.13,-23.84,1
29-03-2023 12:00,EDT,CAPITL,61757,27.84,0.08,-24.25,1
29-03-2023 13:00,EDT,CAPITL,61757,27.2,0.08,-23.82,1
29-03-2023 14:00,EDT,CAPITL,61757,28.27,0.04,-26.46,1
29-03-2023 15:00,EDT,CAPITL,61757,29.74,0.02,-28.67,1
29-03-2023 16:00,EDT,CAPITL,61757,32.94,0.03,-31.87,1
29-03-2023 17:00,EDT,CAPITL,61757,43.15,0.03,-42.21,1
29-03-2023 18:00,EDT,CAPITL,61757,49.61,0.04,-48.26,1
29-03-2023 19:00,EDT,CAPITL,61757,55.23,0.21,-48.94,1
29-03-2023 20:00,EDT,CAPITL,61757,50.73,0.21,-44.45,1
29-03-2023 21:00,EDT,CAPITL,61757,43.99,0.1,-40.71,1
29-03-2023 22:00,EDT,CAPITL,61757,35.1,0.11,-31.63,1
29-03-2023 23:00,EDT,CAPITL,61757,26.64,0.5,-8.36,1
30-03-2023 00:00,EDT,CAPITL,61757,22.9,0.68,-1.46,1
30-03-2023 01:00,EDT,CAPITL,61757,22.68,0.62,-3.29,1
30-03-2023 02:00,EDT,CAPITL,61757,22.17,0.62,-2.58,1
30-03-2023 03:00,EDT,CAPITL,61757,22.02,0.67,-1.03,1
30-03-2023 04:00,EDT,CAPITL,61757,23.2,0.7,-1.82,1
30-03-2023 05:00,EDT,CAPITL,61757,26.58,0.83,-4,1
30-03-2023 06:00,EDT,CAPITL,61757,46.02,0.88,-23.21,1
30-03-2023 07:00,EDT,CAPITL,61757,51,1.06,-23.53,1
30-03-2023 08:00,EDT,CAPITL,61757,41.31,0.84,-18.48,1
30-03-2023 09:00,EDT,CAPITL,61757,33.99,0.61,-13.59,1
30-03-2023 10:00,EDT,CAPITL,61757,31.14,0.43,-14.74,1
30-03-2023 11:00,EDT,CAPITL,61757,32.06,0.22,-23.25,1
30-03-2023 12:00,EDT,CAPITL,61757,31.7,0.13,-26.48,1
30-03-2023 13:00,EDT,CAPITL,61757,31.63,0.07,-28.79,1
30-03-2023 14:00,EDT,CAPITL,61757,31.7,0.07,-29.01,1
30-03-2023 15:00,EDT,CAPITL,61757,31.88,0.07,-29.21,1
30-03-2023 16:00,EDT,CAPITL,61757,34.63,0.07,-32.3,1
30-03-2023 17:00,EDT,CAPITL,61757,44.86,0.1,-41.59,1
30-03-2023 18:00,EDT,CAPITL,61757,50.2,0.2,-44.34,1
30-03-2023 19:00,EDT,CAPITL,61757,50.06,0.75,-30.03,1
30-03-2023 20:00,EDT,CAPITL,61757,45.86,0.83,-24.18,1
30-03-2023 21:00,EDT,CAPITL,61757,45.8,0.54,-30.37,1
30-03-2023 22:00,EDT,CAPITL,61757,31.86,0.64,-12.83,1
30-03-2023 23:00,EDT,CAPITL,61757,28.91,0.68,-6.48,1
31-03-2023 00:00,EDT,CAPITL,61757,28.05,0.74,-6.24,1
31-03-2023 01:00,EDT,CAPITL,61757,26.7,0.63,-6.8,1
31-03-2023 02:00,EDT,CAPITL,61757,26.56,0.6,-7.7,1
31-03-2023 03:00,EDT,CAPITL,61757,26.5,0.59,-7.63,1
31-03-2023 04:00,EDT,CAPITL,61757,27.36,0.6,-8.4,1
31-03-2023 05:00,EDT,CAPITL,61757,29.59,0.68,-8.26,1
31-03-2023 06:00,EDT,CAPITL,61757,48.13,0.75,-26.45,1
31-03-2023 07:00,EDT,CAPITL,61757,56.48,0.73,-34.95,1
31-03-2023 08:00,EDT,CAPITL,61757,46.67,0.58,-28.9,1
31-03-2023 09:00,EDT,CAPITL,61757,39.8,0.52,-21.86,1
31-03-2023 10:00,EDT,CAPITL,61757,29.53,0.55,-11.93,1
31-03-2023 11:00,EDT,CAPITL,61757,30.63,0.32,-20.17,1
31-03-2023 12:00,EDT,CAPITL,61757,30.83,0.26,-21.85,1
31-03-2023 13:00,EDT,CAPITL,61757,33.12,0.16,-27.78,1
31-03-2023 14:00,EDT,CAPITL,61757,33.14,0.16,-27.86,1
31-03-2023 15:00,EDT,CAPITL,61757,33.65,0.17,-28.36,1
31-03-2023 16:00,EDT,CAPITL,61757,38.35,0.13,-34.06,1
31-03-2023 17:00,EDT,CAPITL,61757,48.98,0.06,-47.05,1
31-03-2023 18:00,EDT,CAPITL,61757,48.58,0.11,-45.46,1
31-03-2023 19:00,EDT,CAPITL,61757,53.98,0.16,-49.42,1
31-03-2023 20:00,EDT,CAPITL,61757,49.51,0.18,-44.2,1
31-03-2023 21:00,EDT,CAPITL,61757,44.06,0.12,-40.47,1
31-03-2023 22:00,EDT,CAPITL,61757,33.28,0.17,-27.99,1
31-03-2023 23:00,EDT,CAPITL,61757,28.47,0.34,-15.39,1
01-04-2023 00:00,EDT,CAPITL,61757,30.5,0.16,-24.31,1
01-04-2023 01:00,EDT,CAPITL,61757,28.24,0.16,-22.04,1
01-04-2023 02:00,EDT,CAPITL,61757,25.86,0.17,-19.64,1
01-04-2023 03:00,EDT,CAPITL,61757,24.87,0.16,-18.68,1
01-04-2023 04:00,EDT,CAPITL,61757,26.1,0.17,-19.9,1
01-04-2023 05:00,EDT,CAPITL,61757,28.75,0.13,-23.07,1
01-04-2023 06:00,EDT,CAPITL,61757,32.06,0.13,-26.39,1
01-04-2023 07:00,EDT,CAPITL,61757,31.87,0.13,-26.17,1
01-04-2023 08:00,EDT,CAPITL,61757,36.66,0.13,-30.97,1
01-04-2023 09:00,EDT,CAPITL,61757,37.27,0.14,-31.55,1
01-04-2023 10:00,EDT,CAPITL,61757,35.55,0.15,-29.73,1
01-04-2023 11:00,EDT,CAPITL,61757,32.94,0.15,-26.95,1
01-04-2023 12:00,EDT,CAPITL,61757,31.1,0.12,-25.77,1
01-04-2023 13:00,EDT,CAPITL,61757,29,0.11,-23.64,1
01-04-2023 14:00,EDT,CAPITL,61757,27.98,0.11,-22.32,1
01-04-2023 15:00,EDT,CAPITL,61757,27.86,0.11,-21.94,1
01-04-2023 16:00,EDT,CAPITL,61757,29.52,0.13,-23.57,1
01-04-2023 17:00,EDT,CAPITL,61757,37.61,0.13,-31.65,1
01-04-2023 18:00,EDT,CAPITL,61757,44.16,0.15,-37.59,1
01-04-2023 19:00,EDT,CAPITL,61757,46.57,0.18,-39.37,1
01-04-2023 20:00,EDT,CAPITL,61757,46.46,0.17,-39.31,1
01-04-2023 21:00,EDT,CAPITL,61757,40.42,0.15,-33.63,1
01-04-2023 22:00,EDT,CAPITL,61757,29.86,0.15,-23.61,1
01-04-2023 23:00,EDT,CAPITL,61757,28.97,0.15,-21.23,1
02-04-2023 00:00,EDT,CAPITL,61757,30.56,0.12,-25.33,1
02-04-2023 01:00,EDT,CAPITL,61757,28.49,0.17,-21.43,1
02-04-2023 02:00,EDT,CAPITL,61757,28.12,0.13,-22.87,1
02-04-2023 03:00,EDT,CAPITL,61757,27.81,0.12,-22.57,1
02-04-2023 04:00,EDT,CAPITL,61757,27.36,0.19,-19.88,1
02-04-2023 05:00,EDT,CAPITL,61757,28.95,0.21,-20.81,1
02-04-2023 06:00,EDT,CAPITL,61757,28.88,0.42,-12.3,1
02-04-2023 07:00,EDT,CAPITL,61757,32.88,0.4,-16.31,1
02-04-2023 08:00,EDT,CAPITL,61757,31.41,0.42,-13.43,1
02-04-2023 09:00,EDT,CAPITL,61757,26.79,0.48,-5.52,1
02-04-2023 10:00,EDT,CAPITL,61757,25.44,0.53,-5.88,1
02-04-2023 11:00,EDT,CAPITL,61757,25.33,0.53,-6.57,1
02-04-2023 12:00,EDT,CAPITL,61757,23.91,0.48,-6.35,1
02-04-2023 13:00,EDT,CAPITL,61757,23.31,0.43,-6.5,1
02-04-2023 14:00,EDT,CAPITL,61757,23.68,0.39,-7.67,1
02-04-2023 15:00,EDT,CAPITL,61757,23.09,0.43,-5.51,1
02-04-2023 16:00,EDT,CAPITL,61757,25.48,0.48,-7.87,1
02-04-2023 17:00,EDT,CAPITL,61757,31.46,0.48,-10.29,1
02-04-2023 18:00,EDT,CAPITL,61757,37.75,0.6,-16.46,1
02-04-2023 19:00,EDT,CAPITL,61757,47.78,0.89,-24.56,1
02-04-2023 20:00,EDT,CAPITL,61757,50.91,0.92,-27.08,1
02-04-2023 21:00,EDT,CAPITL,61757,41.85,0.75,-19.56,1
02-04-2023 22:00,EDT,CAPITL,61757,30.81,0.71,-8.49,1
02-04-2023 23:00,EDT,CAPITL,61757,26.93,0.72,-3.66,1
03-04-2023 00:00,EDT,CAPITL,61757,29.19,0.43,-15.06,1
03-04-2023 01:00,EDT,CAPITL,61757,29.47,0.25,-20.26,1
03-04-2023 02:00,EDT,CAPITL,61757,29.47,0.2,-22.55,1
03-04-2023 03:00,EDT,CAPITL,61757,30.94,0.19,-24.31,1
03-04-2023 04:00,EDT,CAPITL,61757,32.62,0.2,-26.09,1
03-04-2023 05:00,EDT,CAPITL,61757,37.3,0.17,-31.53,1
03-04-2023 06:00,EDT,CAPITL,61757,56.63,0.15,-51.91,1
03-04-2023 07:00,EDT,CAPITL,61757,62.38,0.1,-59.49,1
03-04-2023 08:00,EDT,CAPITL,61757,50.27,0.18,-45.36,1
03-04-2023 09:00,EDT,CAPITL,61757,36.89,0.19,-30.65,1
03-04-2023 10:00,EDT,CAPITL,61757,33.49,0.15,-28.23,1
03-04-2023 11:00,EDT,CAPITL,61757,29.48,0.15,-24.23,1
03-04-2023 12:00,EDT,CAPITL,61757,28.73,0.13,-23.71,1
03-04-2023 13:00,EDT,CAPITL,61757,28.56,0.13,-23.31,1
03-04-2023 14:00,EDT,CAPITL,61757,30.05,0.13,-24.81,1
03-04-2023 15:00,EDT,CAPITL,61757,29.64,0.12,-24.78,1
03-04-2023 16:00,EDT,CAPITL,61757,32.39,0.14,-27.14,1
03-04-2023 17:00,EDT,CAPITL,61757,40.32,0.16,-35.05,1
03-04-2023 18:00,EDT,CAPITL,61757,45.78,0.17,-40.49,1
03-04-2023 19:00,EDT,CAPITL,61757,57.46,0.3,-48.91,1
03-04-2023 20:00,EDT,CAPITL,61757,49.57,0.49,-35.96,1
03-04-2023 21:00,EDT,CAPITL,61757,43.97,0.24,-37.01,1
03-04-2023 22:00,EDT,CAPITL,61757,32.01,0.3,-23.02,1
03-04-2023 23:00,EDT,CAPITL,61757,27.07,0.4,-12.85,1
04-04-2023 00:00,EDT,CAPITL,61757,26.65,0.43,-12.63,1
04-04-2023 01:00,EDT,CAPITL,61757,24.77,0.4,-11.85,1
04-04-2023 02:00,EDT,CAPITL,61757,24.16,0.37,-11.9,1
04-04-2023 03:00,EDT,CAPITL,61757,23.35,0.41,-9.63,1
04-04-2023 04:00,EDT,CAPITL,61757,23.83,0.52,-7.47,1
04-04-2023 05:00,EDT,CAPITL,61757,26.68,0.64,-8.28,1
04-04-2023 06:00,EDT,CAPITL,61757,40.01,0.75,-17.7,1
04-04-2023 07:00,EDT,CAPITL,61757,45.66,0.8,-23.22,1
04-04-2023 08:00,EDT,CAPITL,61757,44.38,0.78,-21.85,1
04-04-2023 09:00,EDT,CAPITL,61757,36.14,0.75,-12.6,1
04-04-2023 10:00,EDT,CAPITL,61757,32.45,0.68,-10.58,1
04-04-2023 11:00,EDT,CAPITL,61757,26.45,0.68,-4.59,1
04-04-2023 12:00,EDT,CAPITL,61757,25.39,0.61,-3.82,1
04-04-2023 13:00,EDT,CAPITL,61757,24.72,0.59,-3.83,1
04-04-2023 14:00,EDT,CAPITL,61757,24.99,0.59,-4.03,1
04-04-2023 15:00,EDT,CAPITL,61757,25.94,0.46,-8.28,1
04-04-2023 16:00,EDT,CAPITL,61757,30.43,0.57,-10.07,1
04-04-2023 17:00,EDT,CAPITL,61757,39.24,0.58,-20.04,1
04-04-2023 18:00,EDT,CAPITL,61757,43.91,0.57,-25.96,1
04-04-2023 19:00,EDT,CAPITL,61757,49.62,0.7,-28.23,1
04-04-2023 20:00,EDT,CAPITL,61757,47.3,0.59,-29.27,1
04-04-2023 21:00,EDT,CAPITL,61757,40.12,0.3,-30.58,1
04-04-2023 22:00,EDT,CAPITL,61757,30.81,0.29,-21.77,1
04-04-2023 23:00,EDT,CAPITL,61757,28.44,0.2,-21.39,1
05-04-2023 00:00,EDT,CAPITL,61757,27.21,0.2,-19.86,1
05-04-2023 01:00,EDT,CAPITL,61757,26.66,0.2,-19.67,1
05-04-2023 02:00,EDT,CAPITL,61757,24.63,0.19,-17.5,1
05-04-2023 03:00,EDT,CAPITL,61757,25.19,0.16,-19.35,1
05-04-2023 04:00,EDT,CAPITL,61757,26.24,0.18,-19.89,1
05-04-2023 05:00,EDT,CAPITL,61757,28.56,0.21,-21.5,1
05-04-2023 06:00,EDT,CAPITL,61757,37.18,0.33,-25.62,1
05-04-2023 07:00,EDT,CAPITL,61757,42.1,0.4,-28.48,1
05-04-2023 08:00,EDT,CAPITL,61757,40.56,0.47,-25.68,1
05-04-2023 09:00,EDT,CAPITL,61757,39.84,0.5,-24.27,1
05-04-2023 10:00,EDT,CAPITL,61757,37.39,0.47,-22.51,1
05-04-2023 11:00,EDT,CAPITL,61757,39.28,0.39,-26.62,1
05-04-2023 12:00,EDT,CAPITL,61757,36.05,0.42,-22.57,1
05-04-2023 13:00,EDT,CAPITL,61757,34.4,0.48,-19.05,1
05-04-2023 14:00,EDT,CAPITL,61757,34.32,0.36,-21.87,1
05-04-2023 15:00,EDT,CAPITL,61757,34.39,0.37,-21.97,1
05-04-2023 16:00,EDT,CAPITL,61757,37.5,0.39,-24.68,1
05-04-2023 17:00,EDT,CAPITL,61757,42.29,0.39,-29.82,1
05-04-2023 18:00,EDT,CAPITL,61757,44.97,0.35,-33.8,1
05-04-2023 19:00,EDT,CAPITL,61757,46.38,0.42,-33.35,1
05-04-2023 20:00,EDT,CAPITL,61757,41.29,0.4,-28.45,1
05-04-2023 21:00,EDT,CAPITL,61757,35.92,0.38,-23.27,1
05-04-2023 22:00,EDT,CAPITL,61757,32.93,0.15,-27.68,1
05-04-2023 23:00,EDT,CAPITL,61757,30.33,0.1,-26.31,1
06-04-2023 00:00,EDT,CAPITL,61757,29.44,0.09,-26.68,1
06-04-2023 01:00,EDT,CAPITL,61757,28.15,0.08,-25.77,1
06-04-2023 02:00,EDT,CAPITL,61757,27.09,0.05,-25.5,1
06-04-2023 03:00,EDT,CAPITL,61757,27.2,0.04,-25.88,1
06-04-2023 04:00,EDT,CAPITL,61757,26.96,0.1,-23.51,1
06-04-2023 05:00,EDT,CAPITL,61757,28.29,0.18,-23.01,1
06-04-2023 06:00,EDT,CAPITL,61757,34.67,0.35,-23.73,1
06-04-2023 07:00,EDT,CAPITL,61757,39.3,0.57,-21.33,1
06-04-2023 08:00,EDT,CAPITL,61757,37.12,0.62,-18.35,1
06-04-2023 09:00,EDT,CAPITL,61757,38.32,0.59,-21.4,1
06-04-2023 10:00,EDT,CAPITL,61757,35.81,0.58,-19.06,1
06-04-2023 11:00,EDT,CAPITL,61757,36.38,0.51,-22.19,1
06-04-2023 12:00,EDT,CAPITL,61757,37.45,0.35,-27.03,1
06-04-2023 13:00,EDT,CAPITL,61757,40.26,0.26,-32.58,1
06-04-2023 14:00,EDT,CAPITL,61757,42,0.18,-36.71,1
06-04-2023 15:00,EDT,CAPITL,61757,42.07,0.16,-37.24,1
06-04-2023 16:00,EDT,CAPITL,61757,43.44,0.16,-38.92,1
06-04-2023 17:00,EDT,CAPITL,61757,48.1,0.14,-43.98,1
06-04-2023 18:00,EDT,CAPITL,61757,48.83,0.19,-43.53,1
06-04-2023 19:00,EDT,CAPITL,61757,49.12,0.34,-40.16,1
06-04-2023 20:00,EDT,CAPITL,61757,45.54,0.43,-33.61,1
06-04-2023 21:00,EDT,CAPITL,61757,41.89,0.19,-36.6,1
06-04-2023 22:00,EDT,CAPITL,61757,34.81,0.2,-28.83,1
06-04-2023 23:00,EDT,CAPITL,61757,29.25,0.26,-20.57,1
07-04-2023 00:00,EDT,CAPITL,61757,27.88,0.18,-21.76,1
07-04-2023 01:00,EDT,CAPITL,61757,26.62,0.18,-20.79,1
07-04-2023 02:00,EDT,CAPITL,61757,25.04,0.16,-18.98,1
07-04-2023 03:00,EDT,CAPITL,61757,24.83,0.16,-19.01,1
07-04-2023 04:00,EDT,CAPITL,61757,25.07,0.19,-18.89,1
07-04-2023 05:00,EDT,CAPITL,61757,26.95,0.28,-17.54,1
07-04-2023 06:00,EDT,CAPITL,61757,30.94,0.54,-14.68,1
07-04-2023 07:00,EDT,CAPITL,61757,40.58,0.42,-27.77,1
07-04-2023 08:00,EDT,CAPITL,61757,39.35,0.33,-29.11,1
07-04-2023 09:00,EDT,CAPITL,61757,35.08,0.33,-24.13,1
07-04-2023 10:00,EDT,CAPITL,61757,30.62,0.27,-21.3,1
07-04-2023 11:00,EDT,CAPITL,61757,22.57,0.32,-12.03,1
07-04-2023 12:00,EDT,CAPITL,61757,25.86,0.21,-17.95,1
07-04-2023 13:00,EDT,CAPITL,61757,25.8,0.19,-18.02,1
07-04-2023 14:00,EDT,CAPITL,61757,25.96,0.19,-18.27,1
07-04-2023 15:00,EDT,CAPITL,61757,25.95,0.15,-20.09,1
07-04-2023 16:00,EDT,CAPITL,61757,31.81,0.15,-26.55,1
07-04-2023 17:00,EDT,CAPITL,61757,41.28,0.16,-36.01,1
07-04-2023 18:00,EDT,CAPITL,61757,38.33,0.63,-20.27,1
07-04-2023 19:00,EDT,CAPITL,61757,42.54,0.83,-20.9,1
07-04-2023 20:00,EDT,CAPITL,61757,43.22,0.88,-20.47,1
07-04-2023 21:00,EDT,CAPITL,61757,36.96,0.78,-14.35,1
07-04-2023 22:00,EDT,CAPITL,61757,28.96,0.81,-6.28,1
07-04-2023 23:00,EDT,CAPITL,61757,26.14,0.82,-2.54,1
08-04-2023 00:00,EDT,CAPITL,61757,26.45,0.86,-3.04,1
08-04-2023 01:00,EDT,CAPITL,61757,25.65,0.83,-2.99,1
08-04-2023 02:00,EDT,CAPITL,61757,24.27,0.87,-1.61,1
08-04-2023 03:00,EDT,CAPITL,61757,24.57,0.87,-1.91,1
08-04-2023 04:00,EDT,CAPITL,61757,26.14,0.85,-3.49,1
08-04-2023 05:00,EDT,CAPITL,61757,28.59,0.92,-5.84,1
08-04-2023 06:00,EDT,CAPITL,61757,31.36,0.88,-7.98,1
08-04-2023 07:00,EDT,CAPITL,61757,34.51,0.77,-12.35,1
08-04-2023 08:00,EDT,CAPITL,61757,31.05,0.83,-8.44,1
08-04-2023 09:00,EDT,CAPITL,61757,27.93,0.68,-6.59,1
08-04-2023 10:00,EDT,CAPITL,61757,22.55,0.68,-1.21,1
08-04-2023 11:00,EDT,CAPITL,61757,20.54,0.6,-1.3,1
08-04-2023 12:00,EDT,CAPITL,61757,19.41,0.52,-1.67,1
08-04-2023 13:00,EDT,CAPITL,61757,16.22,0.38,-3.47,1
08-04-2023 14:00,EDT,CAPITL,61757,14.22,0.32,-3.38,1
08-04-2023 15:00,EDT,CAPITL,61757,14.39,0.32,-3.6,1
08-04-2023 16:00,EDT,CAPITL,61757,20.11,0.48,-6.04,1
08-04-2023 17:00,EDT,CAPITL,61757,29.08,0.53,-10.93,1
08-04-2023 18:00,EDT,CAPITL,61757,39.47,0.55,-23.74,1
08-04-2023 19:00,EDT,CAPITL,61757,46.12,0.82,-25.42,1
08-04-2023 20:00,EDT,CAPITL,61757,44.94,0.85,-23.43,1
08-04-2023 21:00,EDT,CAPITL,61757,39.14,0.78,-17.71,1
08-04-2023 22:00,EDT,CAPITL,61757,32.89,0.77,-11.44,1
08-04-2023 23:00,EDT,CAPITL,61757,26.59,0.78,-4.15,1
09-04-2023 00:00,EDT,CAPITL,61757,29.5,0.78,-7.63,1
09-04-2023 01:00,EDT,CAPITL,61757,27.86,0.76,-6.44,1
09-04-2023 02:00,EDT,CAPITL,61757,25.7,0.76,-4.3,1
09-04-2023 03:00,EDT,CAPITL,61757,26.21,0.78,-5,1
09-04-2023 04:00,EDT,CAPITL,61757,27.65,0.83,-6.21,1
09-04-2023 05:00,EDT,CAPITL,61757,32.84,0.81,-11.85,1
09-04-2023 06:00,EDT,CAPITL,61757,38.59,0.6,-22.14,1
09-04-2023 07:00,EDT,CAPITL,61757,38.61,0.41,-26.01,1
09-04-2023 08:00,EDT,CAPITL,61757,28.69,0.49,-14.59,1
09-04-2023 09:00,EDT,CAPITL,61757,26.47,0.48,-10.47,1
09-04-2023 10:00,EDT,CAPITL,61757,23.78,0.38,-10.23,1
09-04-2023 11:00,EDT,CAPITL,61757,22.97,0.34,-11.07,1
09-04-2023 12:00,EDT,CAPITL,61757,21.47,0.34,-9.42,1
09-04-2023 13:00,EDT,CAPITL,61757,19.18,0.27,-9.59,1
09-04-2023 14:00,EDT,CAPITL,61757,18.53,0.28,-8.77,1
09-04-2023 15:00,EDT,CAPITL,61757,18.33,0.26,-8.63,1
09-04-2023 16:00,EDT,CAPITL,61757,24.67,0.25,-16.15,1
09-04-2023 17:00,EDT,CAPITL,61757,27.59,0.32,-17.15,1
09-04-2023 18:00,EDT,CAPITL,61757,33.42,0.39,-22.9,1
09-04-2023 19:00,EDT,CAPITL,61757,48.92,0.46,-37.21,1
09-04-2023 20:00,EDT,CAPITL,61757,45.6,0.83,-24.09,1
09-04-2023 21:00,EDT,CAPITL,61757,40.83,0.78,-19.38,1
09-04-2023 22:00,EDT,CAPITL,61757,31.96,0.79,-10.45,1
09-04-2023 23:00,EDT,CAPITL,61757,29.45,0.77,-7.9,1
10-04-2023 00:00,EDT,CAPITL,61757,25.04,0.75,-2.91,1
10-04-2023 01:00,EDT,CAPITL,61757,23.92,0.8,-0.92,1
10-04-2023 02:00,EDT,CAPITL,61757,23.98,0.78,-2.02,1
10-04-2023 03:00,EDT,CAPITL,61757,24.15,0.78,-2.24,1
10-04-2023 04:00,EDT,CAPITL,61757,26.8,0.83,-4.78,1
10-04-2023 05:00,EDT,CAPITL,61757,32.73,0.83,-10.04,1
10-04-2023 06:00,EDT,CAPITL,61757,53.17,0.88,-29.09,1
10-04-2023 07:00,EDT,CAPITL,61757,55,0.86,-31.54,1
10-04-2023 08:00,EDT,CAPITL,61757,37.39,0.8,-13.83,1
10-04-2023 09:00,EDT,CAPITL,61757,26.47,0.69,-3.46,1
10-04-2023 10:00,EDT,CAPITL,61757,24.3,0.64,-2.45,1
10-04-2023 11:00,EDT,CAPITL,61757,22.82,0.52,-1.39,1
10-04-2023 12:00,EDT,CAPITL,61757,22.78,0.56,-1.4,1
10-04-2023 13:00,EDT,CAPITL,61757,21.89,0.47,-1.77,1
10-04-2023 14:00,EDT,CAPITL,61757,21.18,0.5,-2.19,1
10-04-2023 15:00,EDT,CAPITL,61757,22.46,0.51,-3.8,1
10-04-2023 16:00,EDT,CAPITL,61757,27.15,0.5,-9.32,1
10-04-2023 17:00,EDT,CAPITL,61757,29.19,0.6,-9.32,1
10-04-2023 18:00,EDT,CAPITL,61757,41.42,0.66,-20.7,1
10-04-2023 19:00,EDT,CAPITL,61757,47.08,0.72,-25.17,1
10-04-2023 20:00,EDT,CAPITL,61757,48.18,0.72,-26.23,1
10-04-2023 21:00,EDT,CAPITL,61757,38.73,0.54,-19.43,1
10-04-2023 22:00,EDT,CAPITL,61757,34.02,0.48,-17.45,1
10-04-2023 23:00,EDT,CAPITL,61757,26.6,0.49,-9.75,1
11-04-2023 00:00,EDT,CAPITL,61757,26.12,0.41,-8.78,1
11-04-2023 01:00,EDT,CAPITL,61757,24.72,0.34,-9.77,1
11-04-2023 02:00,EDT,CAPITL,61757,24.38,0.3,-11.12,1
11-04-2023 03:00,EDT,CAPITL,61757,24.53,0.26,-12.95,1
11-04-2023 04:00,EDT,CAPITL,61757,25.72,0.33,-11.73,1
11-04-2023 05:00,EDT,CAPITL,61757,31.76,0.41,-15.5,1
11-04-2023 06:00,EDT,CAPITL,61757,60,0.44,-43.71,1
11-04-2023 07:00,EDT,CAPITL,61757,61.07,0.42,-45.1,1
11-04-2023 08:00,EDT,CAPITL,61757,41.7,0.48,-20.42,1
11-04-2023 09:00,EDT,CAPITL,61757,34.47,0.32,-19.17,1
11-04-2023 10:00,EDT,CAPITL,61757,29.52,0.27,-14.83,1
11-04-2023 11:00,EDT,CAPITL,61757,28.86,0.23,-15.27,1
11-04-2023 12:00,EDT,CAPITL,61757,29.14,0.22,-16.98,1
11-04-2023 13:00,EDT,CAPITL,61757,29.79,0.21,-18.18,1
11-04-2023 14:00,EDT,CAPITL,61757,31.09,0.16,-20.98,1
11-04-2023 15:00,EDT,CAPITL,61757,34.57,0.16,-26.19,1
11-04-2023 16:00,EDT,CAPITL,61757,43.32,0.14,-36.36,1
11-04-2023 17:00,EDT,CAPITL,61757,50.89,0.13,-45.12,1
11-04-2023 18:00,EDT,CAPITL,61757,47.12,0.53,-26.98,1
11-04-2023 19:00,EDT,CAPITL,61757,54.29,0.71,-28.34,1
11-04-2023 20:00,EDT,CAPITL,61757,52.83,0.71,-26.82,1
11-04-2023 21:00,EDT,CAPITL,61757,40.58,0.6,-15.82,1
11-04-2023 22:00,EDT,CAPITL,61757,32.59,0.45,-15.58,1
11-04-2023 23:00,EDT,CAPITL,61757,27.31,0.37,-11.62,1
12-04-2023 00:00,EDT,CAPITL,61757,21.51,0.46,-4.45,1
12-04-2023 01:00,EDT,CAPITL,61757,21.55,0.45,-4.91,1
12-04-2023 02:00,EDT,CAPITL,61757,21.08,0.42,-5.26,1
12-04-2023 03:00,EDT,CAPITL,61757,20.65,0.46,-3.91,1
12-04-2023 04:00,EDT,CAPITL,61757,20.36,0.58,-0.48,1
12-04-2023 05:00,EDT,CAPITL,61757,22.09,0.7,-0.17,1
12-04-2023 06:00,EDT,CAPITL,61757,34.69,0.68,-12.06,1
12-04-2023 07:00,EDT,CAPITL,61757,38.88,0.62,-16.73,1
12-04-2023 08:00,EDT,CAPITL,61757,34.85,0.64,-12.72,1
12-04-2023 09:00,EDT,CAPITL,61757,32.47,0.57,-11.58,1
12-04-2023 10:00,EDT,CAPITL,61757,27.52,0.54,-7.63,1
12-04-2023 11:00,EDT,CAPITL,61757,27.48,0.42,-10.3,1
12-04-2023 12:00,EDT,CAPITL,61757,27.27,0.38,-11.13,1
12-04-2023 13:00,EDT,CAPITL,61757,27.53,0.32,-11.45,1
12-04-2023 14:00,EDT,CAPITL,61757,31.95,0.26,-19.3,1
12-04-2023 15:00,EDT,CAPITL,61757,33.34,0.26,-21.03,1
12-04-2023 16:00,EDT,CAPITL,61757,39.45,0.21,-30.53,1
12-04-2023 17:00,EDT,CAPITL,61757,41.72,0.42,-26.42,1
12-04-2023 18:00,EDT,CAPITL,61757,47.36,0.63,-25.84,1
12-04-2023 19:00,EDT,CAPITL,61757,57.18,0.73,-34.27,1
12-04-2023 20:00,EDT,CAPITL,61757,47.93,0.74,-24.7,1
12-04-2023 21:00,EDT,CAPITL,61757,35.09,0.61,-13.37,1
12-04-2023 22:00,EDT,CAPITL,61757,29.04,0.53,-10.3,1
12-04-2023 23:00,EDT,CAPITL,61757,23.89,0.56,-6.29,1
13-04-2023 00:00,EDT,CAPITL,61757,25.31,0.26,-14.63,1
13-04-2023 01:00,EDT,CAPITL,61757,25.22,0.13,-18.95,1
13-04-2023 02:00,EDT,CAPITL,61757,24.75,0.13,-18.59,1
13-04-2023 03:00,EDT,CAPITL,61757,23.87,0.18,-15.53,1
13-04-2023 04:00,EDT,CAPITL,61757,25.07,0.21,-16.29,1
13-04-2023 05:00,EDT,CAPITL,61757,26.01,0.29,-15.52,1
13-04-2023 06:00,EDT,CAPITL,61757,37.48,0.34,-26.14,1
13-04-2023 07:00,EDT,CAPITL,61757,40.27,0.34,-28.68,1
13-04-2023 08:00,EDT,CAPITL,61757,33.65,0.47,-15.93,1
13-04-2023 09:00,EDT,CAPITL,61757,33.11,0.37,-17.99,1
13-04-2023 10:00,EDT,CAPITL,61757,34.62,0.15,-28.64,1
13-04-2023 11:00,EDT,CAPITL,61757,37.77,0.13,-32.17,1
13-04-2023 12:00,EDT,CAPITL,61757,40.1,0.13,-34.38,1
13-04-2023 13:00,EDT,CAPITL,61757,43.03,0.15,-37,1
13-04-2023 14:00,EDT,CAPITL,61757,46.5,0.35,-33.53,1
13-04-2023 15:00,EDT,CAPITL,61757,53.87,0.18,-47.52,1
13-04-2023 16:00,EDT,CAPITL,61757,55.53,0.6,-36.82,1
13-04-2023 17:00,EDT,CAPITL,61757,71.81,0.64,-51.06,1
13-04-2023 18:00,EDT,CAPITL,61757,71.02,0.8,-49.06,1
13-04-2023 19:00,EDT,CAPITL,61757,66.09,0.88,-43.33,1
13-04-2023 20:00,EDT,CAPITL,61757,63.68,0.64,-46.3,1
13-04-2023 21:00,EDT,CAPITL,61757,41.33,0.31,-32.72,1
13-04-2023 22:00,EDT,CAPITL,61757,35.68,0.21,-29.11,1
13-04-2023 23:00,EDT,CAPITL,61757,28.87,0.21,-21.44,1
14-04-2023 00:00,EDT,CAPITL,61757,31.53,0.18,-25.22,1
14-04-2023 01:00,EDT,CAPITL,61757,25.51,0.33,-13.33,1
14-04-2023 02:00,EDT,CAPITL,61757,23.8,0.46,-8.05,1
14-04-2023 03:00,EDT,CAPITL,61757,21.96,0.58,-2.53,1
14-04-2023 04:00,EDT,CAPITL,61757,24.09,0.58,-5.28,1
14-04-2023 05:00,EDT,CAPITL,61757,25.03,0.61,-3.99,1
14-04-2023 06:00,EDT,CAPITL,61757,31.81,0.79,-7.92,1
14-04-2023 07:00,EDT,CAPITL,61757,38.13,0.79,-14.81,1
14-04-2023 08:00,EDT,CAPITL,61757,35.94,0.79,-12.44,1
14-04-2023 09:00,EDT,CAPITL,61757,34.14,0.74,-10.91,1
14-04-2023 10:00,EDT,CAPITL,61757,38.2,0.72,-15.77,1
14-04-2023 11:00,EDT,CAPITL,61757,41.44,0.71,-19.98,1
14-04-2023 12:00,EDT,CAPITL,61757,44.62,0.72,-22.69,1
14-04-2023 13:00,EDT,CAPITL,61757,46.27,0.74,-23.2,1
14-04-2023 14:00,EDT,CAPITL,61757,52.74,0.79,-29.84,1
14-04-2023 15:00,EDT,CAPITL,61757,59.08,0.86,-36.22,1
14-04-2023 16:00,EDT,CAPITL,61757,63.34,0.9,-40.02,1
14-04-2023 17:00,EDT,CAPITL,61757,71.81,0.91,-48.05,1
14-04-2023 18:00,EDT,CAPITL,61757,71.02,0.99,-47.06,1
14-04-2023 19:00,EDT,CAPITL,61757,67.05,1.05,-43.11,1
14-04-2023 20:00,EDT,CAPITL,61757,62.83,1.06,-39.71,1
14-04-2023 21:00,EDT,CAPITL,61757,40.96,0.96,-18.71,1
14-04-2023 22:00,EDT,CAPITL,61757,38.61,0.63,-21.31,1
14-04-2023 23:00,EDT,CAPITL,61757,28.62,0.72,-6.64,1
15-04-2023 00:00,EDT,CAPITL,61757,33.06,0.34,-23.74,1
15-04-2023 01:00,EDT,CAPITL,61757,31.04,0.35,-21.14,1
15-04-2023 02:00,EDT,CAPITL,61757,28.17,0.46,-15.17,1
15-04-2023 03:00,EDT,CAPITL,61757,26.51,0.51,-12.63,1
15-04-2023 04:00,EDT,CAPITL,61757,26.96,0.29,-19.33,1
15-04-2023 05:00,EDT,CAPITL,61757,28.76,0.27,-21.8,1
15-04-2023 06:00,EDT,CAPITL,61757,33.38,0.29,-26.3,1
15-04-2023 07:00,EDT,CAPITL,61757,34.35,0.28,-27.02,1
15-04-2023 08:00,EDT,CAPITL,61757,33.38,0.7,-15.13,1
15-04-2023 09:00,EDT,CAPITL,61757,32.85,0.78,-12.55,1
15-04-2023 10:00,EDT,CAPITL,61757,31.2,0.84,-9.81,1
15-04-2023 11:00,EDT,CAPITL,61757,31.73,0.83,-10.25,1
15-04-2023 12:00,EDT,CAPITL,61757,32.17,0.87,-10.52,1
15-04-2023 13:00,EDT,CAPITL,61757,34,0.91,-12.36,1
15-04-2023 14:00,EDT,CAPITL,61757,32.65,0.87,-11,1
15-04-2023 15:00,EDT,CAPITL,61757,32.61,0.89,-10.92,1
15-04-2023 16:00,EDT,CAPITL,61757,39.19,0.91,-17.51,1
15-04-2023 17:00,EDT,CAPITL,61757,46.57,0.95,-24.92,1
15-04-2023 18:00,EDT,CAPITL,61757,46.03,0.98,-24.3,1
15-04-2023 19:00,EDT,CAPITL,61757,50.06,0.97,-28.46,1
15-04-2023 20:00,EDT,CAPITL,61757,45.94,0.95,-24.36,1
15-04-2023 21:00,EDT,CAPITL,61757,37.95,0.42,-27.64,1
15-04-2023 22:00,EDT,CAPITL,61757,31.65,0.39,-21.82,1
15-04-2023 23:00,EDT,CAPITL,61757,27.11,0.68,-9.04,1
16-04-2023 00:00,EDT,CAPITL,61757,27.62,0.56,-11.81,1
16-04-2023 01:00,EDT,CAPITL,61757,28.23,0.4,-17.06,1
16-04-2023 02:00,EDT,CAPITL,61757,26.25,0.37,-16.11,1
16-04-2023 03:00,EDT,CAPITL,61757,23.43,0.36,-13.06,1
16-04-2023 04:00,EDT,CAPITL,61757,24.33,0.45,-11.99,1
16-04-2023 05:00,EDT,CAPITL,61757,25.1,0.47,-11.9,1
16-04-2023 06:00,EDT,CAPITL,61757,24.28,0.5,-10.34,1
16-04-2023 07:00,EDT,CAPITL,61757,25.4,0.57,-9.88,1
16-04-2023 08:00,EDT,CAPITL,61757,30.47,0.45,-18.38,1
16-04-2023 09:00,EDT,CAPITL,61757,30.55,0.51,-16.54,1
16-04-2023 10:00,EDT,CAPITL,61757,31.82,0.45,-20.47,1
16-04-2023 11:00,EDT,CAPITL,61757,30.56,0.56,-16.23,1
16-04-2023 12:00,EDT,CAPITL,61757,30.18,0.6,-14.6,1
16-04-2023 13:00,EDT,CAPITL,61757,29.88,0.56,-14.7,1
16-04-2023 14:00,EDT,CAPITL,61757,29.97,0.57,-14.69,1
16-04-2023 15:00,EDT,CAPITL,61757,31.77,0.57,-16.89,1
16-04-2023 16:00,EDT,CAPITL,61757,35.54,0.63,-19.91,1
16-04-2023 17:00,EDT,CAPITL,61757,41.5,0.65,-25.8,1
16-04-2023 18:00,EDT,CAPITL,61757,45.97,0.83,-27.79,1
16-04-2023 19:00,EDT,CAPITL,61757,50.8,0.82,-32.63,1
16-04-2023 20:00,EDT,CAPITL,61757,48.25,0.7,-32.29,1
16-04-2023 21:00,EDT,CAPITL,61757,39.55,0.53,-27.03,1
16-04-2023 22:00,EDT,CAPITL,61757,36.92,0.3,-29.38,1
16-04-2023 23:00,EDT,CAPITL,61757,31.58,0.26,-24.08,1
17-04-2023 00:00,EDT,CAPITL,61757,34.37,0.25,-28.46,1
17-04-2023 01:00,EDT,CAPITL,61757,33.75,0.24,-27.86,1
17-04-2023 02:00,EDT,CAPITL,61757,31.89,0.22,-26.01,1
17-04-2023 03:00,EDT,CAPITL,61757,30.82,0.23,-24.92,1
17-04-2023 04:00,EDT,CAPITL,61757,31.08,0.24,-24.74,1
17-04-2023 05:00,EDT,CAPITL,61757,33.89,0.38,-24.61,1
17-04-2023 06:00,EDT,CAPITL,61757,42.58,0.59,-28.97,1
17-04-2023 07:00,EDT,CAPITL,61757,43.94,0.8,-26.2,1
17-04-2023 08:00,EDT,CAPITL,61757,47.14,0.91,-28.79,1
17-04-2023 09:00,EDT,CAPITL,61757,43.45,0.9,-24.88,1
17-04-2023 10:00,EDT,CAPITL,61757,44.18,0.83,-27.6,1
17-04-2023 11:00,EDT,CAPITL,61757,42.42,0.84,-25.77,1
17-04-2023 12:00,EDT,CAPITL,61757,40.35,0.81,-23.1,1
17-04-2023 13:00,EDT,CAPITL,61757,37.49,0.89,-18.82,1
17-04-2023 14:00,EDT,CAPITL,61757,37.02,0.8,-19.92,1
17-04-2023 15:00,EDT,CAPITL,61757,39.41,0.62,-26.16,1
17-04-2023 16:00,EDT,CAPITL,61757,45.62,0.64,-32,1
17-04-2023 17:00,EDT,CAPITL,61757,52.21,0.72,-37.04,1
17-04-2023 18:00,EDT,CAPITL,61757,54.51,1.05,-32.81,1
17-04-2023 19:00,EDT,CAPITL,61757,57.93,1.04,-36.1,1
17-04-2023 20:00,EDT,CAPITL,61757,52.41,1.06,-30.51,1
17-04-2023 21:00,EDT,CAPITL,61757,41.71,0.79,-25.65,1
17-04-2023 22:00,EDT,CAPITL,61757,35.81,0.69,-20.4,1
17-04-2023 23:00,EDT,CAPITL,61757,31.51,0.68,-15.36,1
18-04-2023 00:00,EDT,CAPITL,61757,26.97,0.66,-8.9,1
18-04-2023 01:00,EDT,CAPITL,61757,25.79,0.64,-7.45,1
18-04-2023 02:00,EDT,CAPITL,61757,24.57,0.57,-7.77,1
18-04-2023 03:00,EDT,CAPITL,61757,24.65,0.56,-7.93,1
18-04-2023 04:00,EDT,CAPITL,61757,27.04,0.53,-11.84,1
18-04-2023 05:00,EDT,CAPITL,61757,30.59,0.73,-11.98,1
18-04-2023 06:00,EDT,CAPITL,61757,42.86,0.88,-21.1,1
18-04-2023 07:00,EDT,CAPITL,61757,46.47,0.92,-24.22,1
18-04-2023 08:00,EDT,CAPITL,61757,43.43,0.94,-21.19,1
18-04-2023 09:00,EDT,CAPITL,61757,36.44,0.88,-14.69,1
18-04-2023 10:00,EDT,CAPITL,61757,35.03,0.83,-13.99,1
18-04-2023 11:00,EDT,CAPITL,61757,34.56,0.82,-14.12,1
18-04-2023 12:00,EDT,CAPITL,61757,33.41,0.79,-12.83,1
18-04-2023 13:00,EDT,CAPITL,61757,33.64,0.61,-17.41,1
18-04-2023 14:00,EDT,CAPITL,61757,35.45,0.53,-21.67,1
18-04-2023 15:00,EDT,CAPITL,61757,37.52,0.49,-25.01,1
18-04-2023 16:00,EDT,CAPITL,61757,41.63,0.49,-29.81,1
18-04-2023 17:00,EDT,CAPITL,61757,50.1,0.55,-37.5,1
18-04-2023 18:00,EDT,CAPITL,61757,54.22,0.72,-38.1,1
18-04-2023 19:00,EDT,CAPITL,61757,58.96,1,-36.61,1
18-04-2023 20:00,EDT,CAPITL,61757,60.64,1.01,-37.62,1
18-04-2023 21:00,EDT,CAPITL,61757,40.52,0.94,-18.68,1
18-04-2023 22:00,EDT,CAPITL,61757,36.51,0.64,-20.3,1
18-04-2023 23:00,EDT,CAPITL,61757,32.25,0.64,-15.6,1
19-04-2023 00:00,EDT,CAPITL,61757,35.72,0.49,-25.04,1
19-04-2023 01:00,EDT,CAPITL,61757,32.65,0.41,-23.49,1
19-04-2023 02:00,EDT,CAPITL,61757,32.48,0.41,-23.29,1
19-04-2023 03:00,EDT,CAPITL,61757,32.67,0.4,-23.41,1
19-04-2023 04:00,EDT,CAPITL,61757,33.63,0.39,-24.47,1
19-04-2023 05:00,EDT,CAPITL,61757,34.18,0.86,-15.36,1
19-04-2023 06:00,EDT,CAPITL,61757,54,1.13,-31.95,1
19-04-2023 07:00,EDT,CAPITL,61757,54.56,1.15,-32.08,1
19-04-2023 08:00,EDT,CAPITL,61757,50.35,1.16,-28.41,1
19-04-2023 09:00,EDT,CAPITL,61757,41.34,1.09,-18.9,1
19-04-2023 10:00,EDT,CAPITL,61757,32.87,1.51,-8.51,1
19-04-2023 11:00,EDT,CAPITL,61757,31.21,1.44,-7.58,1
19-04-2023 12:00,EDT,CAPITL,61757,28.69,1.35,-5.97,1
19-04-2023 13:00,EDT,CAPITL,61757,27.31,1.32,-4.73,1
19-04-2023 14:00,EDT,CAPITL,61757,26.62,1.33,-3.85,1
19-04-2023 15:00,EDT,CAPITL,61757,25.5,1.37,-1.96,1
19-04-2023 16:00,EDT,CAPITL,61757,30.55,1.42,-6.94,1
19-04-2023 17:00,EDT,CAPITL,61757,39.18,1.53,-15.41,1
19-04-2023 18:00,EDT,CAPITL,61757,53,1.61,-28.38,1
19-04-2023 19:00,EDT,CAPITL,61757,54.98,1.67,-29.77,1
19-04-2023 20:00,EDT,CAPITL,61757,73.98,2,-44.58,1
19-04-2023 21:00,EDT,CAPITL,61757,48.74,1.82,-22.03,1
19-04-2023 22:00,EDT,CAPITL,61757,32.6,1.72,-7.36,1
19-04-2023 23:00,EDT,CAPITL,61757,27.36,1.59,-2.32,1
20-04-2023 00:00,EDT,CAPITL,61757,25.38,1.57,-0.99,1
20-04-2023 01:00,EDT,CAPITL,61757,23.94,1.5,0,1
20-04-2023 02:00,EDT,CAPITL,61757,23.82,1.45,0,1
20-04-2023 03:00,EDT,CAPITL,61757,24.07,1.48,-0.2,1
20-04-2023 04:00,EDT,CAPITL,61757,25.66,1.5,-1.77,1
20-04-2023 05:00,EDT,CAPITL,61757,31.75,1.63,-7.1,1
20-04-2023 06:00,EDT,CAPITL,61757,64.11,1.63,-39.48,1
20-04-2023 07:00,EDT,CAPITL,61757,56.27,1.66,-30.94,1
20-04-2023 08:00,EDT,CAPITL,61757,43.88,1.7,-18.23,1
20-04-2023 09:00,EDT,CAPITL,61757,29.34,1.66,-2.9,1
20-04-2023 10:00,EDT,CAPITL,61757,27.37,1.5,-2.83,1
20-04-2023 11:00,EDT,CAPITL,61757,26.49,1.44,-2.27,1
20-04-2023 12:00,EDT,CAPITL,61757,24.74,1.41,-0.56,1
20-04-2023 13:00,EDT,CAPITL,61757,23.83,1.32,-0.19,1
20-04-2023 14:00,EDT,CAPITL,61757,25.13,1.29,-1.89,1
20-04-2023 15:00,EDT,CAPITL,61757,26.29,1.24,-3.24,1
20-04-2023 16:00,EDT,CAPITL,61757,31.37,1.34,-7.75,1
20-04-2023 17:00,EDT,CAPITL,61757,37.61,1.45,-13.79,1
20-04-2023 18:00,EDT,CAPITL,61757,60.22,1.66,-35.59,1
20-04-2023 19:00,EDT,CAPITL,61757,69.36,1.7,-44.01,1
20-04-2023 20:00,EDT,CAPITL,61757,67.97,1.67,-43.13,1
20-04-2023 21:00,EDT,CAPITL,61757,51.76,1.54,-27.9,1
20-04-2023 22:00,EDT,CAPITL,61757,37.64,1.46,-14.33,1
20-04-2023 23:00,EDT,CAPITL,61757,29.56,1.23,-9.19,1
21-04-2023 00:00,EDT,CAPITL,61757,24.93,1.34,-1.2,1
21-04-2023 01:00,EDT,CAPITL,61757,23.97,1.29,-0.77,1
21-04-2023 02:00,EDT,CAPITL,61757,22.92,1.24,0,1
21-04-2023 03:00,EDT,CAPITL,61757,23.21,1.26,-0.24,1
21-04-2023 04:00,EDT,CAPITL,61757,24.72,1.15,-3.33,1
21-04-2023 05:00,EDT,CAPITL,61757,26.76,1.39,-2.99,1
21-04-2023 06:00,EDT,CAPITL,61757,47.3,1.53,-23.24,1
21-04-2023 07:00,EDT,CAPITL,61757,45.4,1.58,-20.94,1
21-04-2023 08:00,EDT,CAPITL,61757,37.47,1.58,-12.98,1
21-04-2023 09:00,EDT,CAPITL,61757,30.75,1.53,-5.6,1
21-04-2023 10:00,EDT,CAPITL,61757,29.13,1.44,-4.82,1
21-04-2023 11:00,EDT,CAPITL,61757,29.24,1.44,-4.94,1
21-04-2023 12:00,EDT,CAPITL,61757,28.85,1.49,-3.76,1
21-04-2023 13:00,EDT,CAPITL,61757,32.05,1.51,-6.99,1
21-04-2023 14:00,EDT,CAPITL,61757,32.8,1.56,-7.67,1
21-04-2023 15:00,EDT,CAPITL,61757,35.5,1.58,-10.32,1
21-04-2023 16:00,EDT,CAPITL,61757,40.72,1.65,-15.48,1
21-04-2023 17:00,EDT,CAPITL,61757,50.26,2.06,-20.35,1
21-04-2023 18:00,EDT,CAPITL,61757,65.96,2.02,-37,1
21-04-2023 19:00,EDT,CAPITL,61757,69.2,2.13,-38.96,1
21-04-2023 20:00,EDT,CAPITL,61757,60.24,2.18,-29.36,1
21-04-2023 21:00,EDT,CAPITL,61757,38.24,1.78,-13.05,1
21-04-2023 22:00,EDT,CAPITL,61757,32.17,1.75,-6.49,1
21-04-2023 23:00,EDT,CAPITL,61757,27.97,1.56,-3.53,1
22-04-2023 00:00,EDT,CAPITL,61757,25.56,1.51,-1.1,1
22-04-2023 01:00,EDT,CAPITL,61757,23.88,1.46,0,1
22-04-2023 02:00,EDT,CAPITL,61757,23.24,1.36,0,1
22-04-2023 03:00,EDT,CAPITL,61757,22.22,1.22,0,1
22-04-2023 04:00,EDT,CAPITL,61757,22.9,1.3,0,1
22-04-2023 05:00,EDT,CAPITL,61757,22.99,1.28,0,1
22-04-2023 06:00,EDT,CAPITL,61757,27.91,1.34,-4.67,1
22-04-2023 07:00,EDT,CAPITL,61757,28.47,1.38,-5.19,1
22-04-2023 08:00,EDT,CAPITL,61757,28.8,1.48,-4.85,1
22-04-2023 09:00,EDT,CAPITL,61757,28.08,1.5,-4.16,1
22-04-2023 10:00,EDT,CAPITL,61757,28.37,1.53,-4.35,1
22-04-2023 11:00,EDT,CAPITL,61757,28.21,1.55,-3.58,1
22-04-2023 12:00,EDT,CAPITL,61757,27.37,1.48,-3.15,1
22-04-2023 13:00,EDT,CAPITL,61757,26.54,1.62,-0.37,1
22-04-2023 14:00,EDT,CAPITL,61757,26.26,1.63,-0.29,1
22-04-2023 15:00,EDT,CAPITL,61757,27.36,1.48,-2.79,1
22-04-2023 16:00,EDT,CAPITL,61757,30.33,1.68,-3.26,1
22-04-2023 17:00,EDT,CAPITL,61757,34.41,1.66,-8.05,1
22-04-2023 18:00,EDT,CAPITL,61757,39.6,1.75,-12.53,1
22-04-2023 19:00,EDT,CAPITL,61757,42.37,1.84,-14.59,1
22-04-2023 20:00,EDT,CAPITL,61757,40.91,1.73,-14.06,1
22-04-2023 21:00,EDT,CAPITL,61757,32.81,1.53,-8.52,1
22-04-2023 22:00,EDT,CAPITL,61757,28.24,1.44,-4.59,1
22-04-2023 23:00,EDT,CAPITL,61757,24.76,1.37,-0.21,1
23-04-2023 00:00,EDT,CAPITL,61757,23.85,1.39,0,1
23-04-2023 01:00,EDT,CAPITL,61757,22.51,1.37,0,1
23-04-2023 02:00,EDT,CAPITL,61757,21.62,1.28,0,1
23-04-2023 03:00,EDT,CAPITL,61757,20.93,1.17,0,1
23-04-2023 04:00,EDT,CAPITL,61757,21.39,1.17,0,1
23-04-2023 05:00,EDT,CAPITL,61757,21.57,1.14,0,1
23-04-2023 06:00,EDT,CAPITL,61757,23.15,1.27,0,1
23-04-2023 07:00,EDT,CAPITL,61757,23.47,1.35,0,1
23-04-2023 08:00,EDT,CAPITL,61757,25.15,1.6,0,1
23-04-2023 09:00,EDT,CAPITL,61757,26.03,1.7,0,1
23-04-2023 10:00,EDT,CAPITL,61757,26.05,1.68,-0.35,1
23-04-2023 11:00,EDT,CAPITL,61757,24.51,1.6,0,1
23-04-2023 12:00,EDT,CAPITL,61757,24.25,1.56,0,1
23-04-2023 13:00,EDT,CAPITL,61757,24.43,1.37,-3.13,1
23-04-2023 14:00,EDT,CAPITL,61757,23.65,1.3,-3.01,1
23-04-2023 15:00,EDT,CAPITL,61757,24.96,1.35,-3.13,1
23-04-2023 16:00,EDT,CAPITL,61757,28.35,1.55,-4.05,1
23-04-2023 17:00,EDT,CAPITL,61757,38.62,1.75,-11.93,1
23-04-2023 18:00,EDT,CAPITL,61757,39.69,1.83,-12.11,1
23-04-2023 19:00,EDT,CAPITL,61757,47,1.91,-19.23,1
23-04-2023 20:00,EDT,CAPITL,61757,41.84,2.09,-12.3,1
23-04-2023 21:00,EDT,CAPITL,61757,33.12,2.02,-4.57,1
23-04-2023 22:00,EDT,CAPITL,61757,27.25,1.71,0,1
23-04-2023 23:00,EDT,CAPITL,61757,24.33,1.31,0,1
24-04-2023 00:00,EDT,CAPITL,61757,22.89,1.11,0,1
24-04-2023 01:00,EDT,CAPITL,61757,21.54,1.04,0,1
24-04-2023 02:00,EDT,CAPITL,61757,21.14,1.03,0,1
24-04-2023 03:00,EDT,CAPITL,61757,21.01,1.02,0,1
24-04-2023 04:00,EDT,CAPITL,61757,21.72,1.05,0,1
24-04-2023 05:00,EDT,CAPITL,61757,22.89,1.17,0,1
24-04-2023 06:00,EDT,CAPITL,61757,34.11,2.41,0,1
24-04-2023 07:00,EDT,CAPITL,61757,35.49,2.53,-0.16,1
24-04-2023 08:00,EDT,CAPITL,61757,34.96,2.31,-2.62,1
24-04-2023 09:00,EDT,CAPITL,61757,29.51,2.01,0,1
24-04-2023 10:00,EDT,CAPITL,61757,29.2,2.06,0,1
24-04-2023 11:00,EDT,CAPITL,61757,28.3,1.88,0,1
24-04-2023 12:00,EDT,CAPITL,61757,27.14,1.63,0,1
24-04-2023 13:00,EDT,CAPITL,61757,26.45,1.45,0,1
24-04-2023 14:00,EDT,CAPITL,61757,26.71,1.58,0,1
24-04-2023 15:00,EDT,CAPITL,61757,27.13,1.68,0,1
24-04-2023 16:00,EDT,CAPITL,61757,31.01,1.8,-3.42,1
24-04-2023 17:00,EDT,CAPITL,61757,34.88,1.85,-6.54,1
24-04-2023 18:00,EDT,CAPITL,61757,42.9,1.96,-13.38,1
24-04-2023 19:00,EDT,CAPITL,61757,48.03,2.29,-13.5,1
24-04-2023 20:00,EDT,CAPITL,61757,47.08,2.76,-7,1
24-04-2023 21:00,EDT,CAPITL,61757,35.35,2.07,-5.28,1
24-04-2023 22:00,EDT,CAPITL,61757,27.88,1.85,-0.05,1
24-04-2023 23:00,EDT,CAPITL,61757,26.1,1.34,0,1
25-04-2023 00:00,EDT,CAPITL,61757,25.52,1.12,0,1
25-04-2023 01:00,EDT,CAPITL,61757,23.25,1,0,1
25-04-2023 02:00,EDT,CAPITL,61757,22.72,0.98,0,1
25-04-2023 03:00,EDT,CAPITL,61757,23.03,0.99,0,1
25-04-2023 04:00,EDT,CAPITL,61757,23.87,1.03,0,1
25-04-2023 05:00,EDT,CAPITL,61757,26.47,1.47,0,1
25-04-2023 06:00,EDT,CAPITL,61757,38.2,2.42,-2.16,1
25-04-2023 07:00,EDT,CAPITL,61757,45.04,2.29,-8.52,1
25-04-2023 08:00,EDT,CAPITL,61757,36.38,2.21,-0.71,1
25-04-2023 09:00,EDT,CAPITL,61757,30.22,1.79,0,1
25-04-2023 10:00,EDT,CAPITL,61757,28.36,1.66,0,1
25-04-2023 11:00,EDT,CAPITL,61757,27.6,1.56,0,1
25-04-2023 12:00,EDT,CAPITL,61757,26.33,1.25,0,1
25-04-2023 13:00,EDT,CAPITL,61757,26.19,1.18,0,1
25-04-2023 14:00,EDT,CAPITL,61757,26.67,1.34,0,1
25-04-2023 15:00,EDT,CAPITL,61757,26.83,1.35,0,1
25-04-2023 16:00,EDT,CAPITL,61757,29.15,1.71,-1.04,1
25-04-2023 17:00,EDT,CAPITL,61757,35.19,1.83,-6.54,1
25-04-2023 18:00,EDT,CAPITL,61757,37.78,2.17,-4.16,1
25-04-2023 19:00,EDT,CAPITL,61757,42.84,2.54,-3.98,1
25-04-2023 20:00,EDT,CAPITL,61757,47.86,2.65,-6.83,1
25-04-2023 21:00,EDT,CAPITL,61757,33.36,2.24,0,1
25-04-2023 22:00,EDT,CAPITL,61757,28.85,1.88,-0.46,1
25-04-2023 23:00,EDT,CAPITL,61757,27.19,1.47,0,1
26-04-2023 00:00,EDT,CAPITL,61757,25.67,1.2,0,1
26-04-2023 01:00,EDT,CAPITL,61757,24.8,1.11,0,1
26-04-2023 02:00,EDT,CAPITL,61757,24.22,1.07,0,1
26-04-2023 03:00,EDT,CAPITL,61757,24.78,1.09,0,1
26-04-2023 04:00,EDT,CAPITL,61757,25.38,1.16,0,1
26-04-2023 05:00,EDT,CAPITL,61757,27.21,1.44,0,1
26-04-2023 06:00,EDT,CAPITL,61757,38.32,2.32,-0.8,1
26-04-2023 07:00,EDT,CAPITL,61757,38.15,2.33,0,1
26-04-2023 08:00,EDT,CAPITL,61757,33.42,1.98,0,1
26-04-2023 09:00,EDT,CAPITL,61757,30.25,1.68,0,1
26-04-2023 10:00,EDT,CAPITL,61757,28.35,1.4,0,1
26-04-2023 11:00,EDT,CAPITL,61757,26.97,1.14,0,1
26-04-2023 12:00,EDT,CAPITL,61757,26.67,1.03,0,1
26-04-2023 13:00,EDT,CAPITL,61757,25.95,0.95,0,1
26-04-2023 14:00,EDT,CAPITL,61757,26.06,1.05,0,1
26-04-2023 15:00,EDT,CAPITL,61757,26.57,1.09,0,1
26-04-2023 16:00,EDT,CAPITL,61757,27.51,1.48,0,1
26-04-2023 17:00,EDT,CAPITL,61757,31.15,1.81,-1.86,1
26-04-2023 18:00,EDT,CAPITL,61757,35.07,1.97,-3.26,1
26-04-2023 19:00,EDT,CAPITL,61757,41.2,2.25,-6.78,1
26-04-2023 20:00,EDT,CAPITL,61757,40.49,2.58,0,1
26-04-2023 21:00,EDT,CAPITL,61757,32.83,2.06,0,1
26-04-2023 22:00,EDT,CAPITL,61757,28.73,1.73,0,1
26-04-2023 23:00,EDT,CAPITL,61757,27.32,1.57,0,1
27-04-2023 00:00,EDT,CAPITL,61757,23.57,1.06,0,1
27-04-2023 01:00,EDT,CAPITL,61757,22.25,0.92,0,1
27-04-2023 02:00,EDT,CAPITL,61757,22.01,0.95,0,1
27-04-2023 03:00,EDT,CAPITL,61757,22.05,0.91,0,1
27-04-2023 04:00,EDT,CAPITL,61757,23.02,0.97,0,1
27-04-2023 05:00,EDT,CAPITL,61757,25.6,1.15,0,1
27-04-2023 06:00,EDT,CAPITL,61757,34.12,2.26,0,1
27-04-2023 07:00,EDT,CAPITL,61757,35.38,2.31,0,1
27-04-2023 08:00,EDT,CAPITL,61757,31.7,2.02,0,1
27-04-2023 09:00,EDT,CAPITL,61757,27.97,1.71,0,1
27-04-2023 10:00,EDT,CAPITL,61757,27.1,1.46,0,1
27-04-2023 11:00,EDT,CAPITL,61757,25.71,1.22,0,1
27-04-2023 12:00,EDT,CAPITL,61757,24.79,1.2,0,1
27-04-2023 13:00,EDT,CAPITL,61757,23.62,1.08,0,1
27-04-2023 14:00,EDT,CAPITL,61757,23.14,1.12,0,1
27-04-2023 15:00,EDT,CAPITL,61757,23.14,1.08,0,1
27-04-2023 16:00,EDT,CAPITL,61757,24.94,1.16,0,1
27-04-2023 17:00,EDT,CAPITL,61757,27.92,1.73,0,1
27-04-2023 18:00,EDT,CAPITL,61757,29.66,1.97,-0.35,1
27-04-2023 19:00,EDT,CAPITL,61757,34.7,2.13,-3.79,1
27-04-2023 20:00,EDT,CAPITL,61757,40.03,2.5,-3.75,1
27-04-2023 21:00,EDT,CAPITL,61757,29.62,2.04,0,1
27-04-2023 22:00,EDT,CAPITL,61757,25.31,1.34,0,1
27-04-2023 23:00,EDT,CAPITL,61757,23.79,1.11,0,1
28-04-2023 00:00,EDT,CAPITL,61757,22.79,1.23,0,1
28-04-2023 01:00,EDT,CAPITL,61757,21.45,1.19,0,1
28-04-2023 02:00,EDT,CAPITL,61757,20.88,1.2,0,1
28-04-2023 03:00,EDT,CAPITL,61757,20.62,1.19,0,1
28-04-2023 04:00,EDT,CAPITL,61757,21.18,1.26,0,1
28-04-2023 05:00,EDT,CAPITL,61757,23.51,1.29,0,1
28-04-2023 06:00,EDT,CAPITL,61757,29.59,1.78,-1.95,1
28-04-2023 07:00,EDT,CAPITL,61757,35.72,1.7,-7.9,1
28-04-2023 08:00,EDT,CAPITL,61757,29.3,1.89,0,1
28-04-2023 09:00,EDT,CAPITL,61757,27.31,1.32,0,1
28-04-2023 10:00,EDT,CAPITL,61757,25.81,1.04,0,1
28-04-2023 11:00,EDT,CAPITL,61757,25.3,1.02,0,1
28-04-2023 12:00,EDT,CAPITL,61757,24.63,0.95,0,1
28-04-2023 13:00,EDT,CAPITL,61757,24.25,0.96,0,1
28-04-2023 14:00,EDT,CAPITL,61757,24.07,0.95,0,1
28-04-2023 15:00,EDT,CAPITL,61757,25.13,1.11,0,1
28-04-2023 16:00,EDT,CAPITL,61757,26.34,1.23,0,1
28-04-2023 17:00,EDT,CAPITL,61757,29.06,1.68,-1.12,1
28-04-2023 18:00,EDT,CAPITL,61757,31.47,1.68,-3.94,1
28-04-2023 19:00,EDT,CAPITL,61757,35.73,1.68,-8.16,1
28-04-2023 20:00,EDT,CAPITL,61757,36.83,1.75,-9.02,1
28-04-2023 21:00,EDT,CAPITL,61757,27.49,1.65,0,1
28-04-2023 22:00,EDT,CAPITL,61757,24.89,1.41,0,1
28-04-2023 23:00,EDT,CAPITL,61757,23.64,1.16,-1.82,1
29-04-2023 00:00,EDT,CAPITL,61757,24.13,1.21,-0.54,1
29-04-2023 01:00,EDT,CAPITL,61757,22.85,1.07,-1.89,1
29-04-2023 02:00,EDT,CAPITL,61757,22.48,0.82,-6.25,1
29-04-2023 03:00,EDT,CAPITL,61757,21.52,0.8,-5.71,1
29-04-2023 04:00,EDT,CAPITL,61757,22.02,0.82,-6.01,1
29-04-2023 05:00,EDT,CAPITL,61757,22.65,0.88,-5.51,1
29-04-2023 06:00,EDT,CAPITL,61757,28.01,0.98,-9.47,1
29-04-2023 07:00,EDT,CAPITL,61757,28.89,1.08,-8.43,1
29-04-2023 08:00,EDT,CAPITL,61757,29.2,1.53,-2.96,1
29-04-2023 09:00,EDT,CAPITL,61757,30.49,1.6,-4.23,1
29-04-2023 10:00,EDT,CAPITL,61757,32.35,1.53,-7.31,1
29-04-2023 11:00,EDT,CAPITL,61757,30.51,1.54,-5.26,1
29-04-2023 12:00,EDT,CAPITL,61757,29.37,1.55,-3.19,1
29-04-2023 13:00,EDT,CAPITL,61757,26.85,1.39,-3.08,1
29-04-2023 14:00,EDT,CAPITL,61757,25.46,1.44,-1.6,1
29-04-2023 15:00,EDT,CAPITL,61757,25.38,1.21,-3.57,1
29-04-2023 16:00,EDT,CAPITL,61757,26.24,1.29,-3.51,1
29-04-2023 17:00,EDT,CAPITL,61757,33.01,1.32,-9.64,1
29-04-2023 18:00,EDT,CAPITL,61757,34.93,1.44,-10.27,1
29-04-2023 19:00,EDT,CAPITL,61757,35.65,1.57,-9.24,1
29-04-2023 20:00,EDT,CAPITL,61757,37.35,1.56,-10.97,1
29-04-2023 21:00,EDT,CAPITL,61757,30.85,1.33,-8.01,1
29-04-2023 22:00,EDT,CAPITL,61757,27.89,1.04,-8.99,1
29-04-2023 23:00,EDT,CAPITL,61757,26.39,0.79,-10.91,1
30-04-2023 00:00,EDT,CAPITL,61757,23.67,0.8,-7.67,1
30-04-2023 01:00,EDT,CAPITL,61757,22.4,0.69,-8.52,1
30-04-2023 02:00,EDT,CAPITL,61757,21.49,0.59,-9.64,1
30-04-2023 03:00,EDT,CAPITL,61757,20.99,0.52,-10.81,1
30-04-2023 04:00,EDT,CAPITL,61757,20.72,0.65,-8.18,1
30-04-2023 05:00,EDT,CAPITL,61757,20.02,0.87,-3.53,1
30-04-2023 06:00,EDT,CAPITL,61757,21.62,0.85,-5.28,1
30-04-2023 07:00,EDT,CAPITL,61757,21.52,0.84,-5.68,1
30-04-2023 08:00,EDT,CAPITL,61757,23.33,1.14,-3.56,1
30-04-2023 09:00,EDT,CAPITL,61757,24.31,1.31,-1.81,1
30-04-2023 10:00,EDT,CAPITL,61757,27.87,1.25,-6.18,1
30-04-2023 11:00,EDT,CAPITL,61757,28,1.3,-5.1,1
30-04-2023 12:00,EDT,CAPITL,61757,28.45,1.34,-5.2,1
30-04-2023 13:00,EDT,CAPITL,61757,24.84,1.33,-1.71,1
30-04-2023 14:00,EDT,CAPITL,61757,24.67,1.3,-1.72,1
30-04-2023 15:00,EDT,CAPITL,61757,24.12,1.28,-1.53,1
30-04-2023 16:00,EDT,CAPITL,61757,25.01,1.27,-2.5,1
30-04-2023 17:00,EDT,CAPITL,61757,29.6,1.44,-4.6,1
30-04-2023 18:00,EDT,CAPITL,61757,33.33,1.48,-7.64,1
30-04-2023 19:00,EDT,CAPITL,61757,33.9,1.57,-6.66,1
30-04-2023 20:00,EDT,CAPITL,61757,33.39,1.56,-5.75,1
30-04-2023 21:00,EDT,CAPITL,61757,26.95,1.55,0,1
30-04-2023 22:00,EDT,CAPITL,61757,24.23,1.15,-2.5,1
30-04-2023 23:00,EDT,CAPITL,61757,23.94,0.79,-8.21,1
01-05-2023 00:00,EDT,CAPITL,61757,21.88,0.85,-4.76,1
01-05-2023 01:00,EDT,CAPITL,61757,20.83,0.87,-3.48,1
01-05-2023 02:00,EDT,CAPITL,61757,20.16,0.82,-3.52,1
01-05-2023 03:00,EDT,CAPITL,61757,19.7,0.81,-3.07,1
01-05-2023 04:00,EDT,CAPITL,61757,20.39,0.82,-4.17,1
01-05-2023 05:00,EDT,CAPITL,61757,21.29,0.97,-2.44,1
01-05-2023 06:00,EDT,CAPITL,61757,28.73,1.22,-6.13,1
01-05-2023 07:00,EDT,CAPITL,61757,32.1,1.54,-4.8,1
01-05-2023 08:00,EDT,CAPITL,61757,29.14,1.68,-0.86,1
01-05-2023 09:00,EDT,CAPITL,61757,27.28,1.61,0.21,1
01-05-2023 10:00,EDT,CAPITL,61757,25.69,1.47,0.28,1
01-05-2023 11:00,EDT,CAPITL,61757,24.55,1.4,0.18,1
01-05-2023 12:00,EDT,CAPITL,61757,23.84,1.37,-0.06,1
01-05-2023 13:00,EDT,CAPITL,61757,22.6,1.26,0.09,1
01-05-2023 14:00,EDT,CAPITL,61757,22.97,1.29,0.12,1
01-05-2023 15:00,EDT,CAPITL,61757,24.42,1.36,0.07,1
01-05-2023 16:00,EDT,CAPITL,61757,25.73,1.43,0.3,1
01-05-2023 17:00,EDT,CAPITL,61757,37.45,1.57,-9.26,1
01-05-2023 18:00,EDT,CAPITL,61757,45.3,1.48,-18.78,1
01-05-2023 19:00,EDT,CAPITL,61757,50.87,1.61,-22.86,1
01-05-2023 20:00,EDT,CAPITL,61757,75.54,1.62,-47.29,1
01-05-2023 21:00,EDT,CAPITL,61757,33.43,1.49,-7.13,1
01-05-2023 22:00,EDT,CAPITL,61757,24.48,1.35,-0.19,1
01-05-2023 23:00,EDT,CAPITL,61757,21.95,1.05,0,1
02-05-2023 00:00,EDT,CAPITL,61757,21.51,1.08,0,1
02-05-2023 01:00,EDT,CAPITL,61757,20.56,1.01,-0.48,1
02-05-2023 02:00,EDT,CAPITL,61757,19.89,0.98,-0.31,1
02-05-2023 03:00,EDT,CAPITL,61757,20.26,0.98,-0.68,1
02-05-2023 04:00,EDT,CAPITL,61757,20.56,1.05,0,1
02-05-2023 05:00,EDT,CAPITL,61757,22.99,1.18,0,1
02-05-2023 06:00,EDT,CAPITL,61757,36.37,1.44,-9.13,1
02-05-2023 07:00,EDT,CAPITL,61757,43.7,1.37,-16.85,1
02-05-2023 08:00,EDT,CAPITL,61757,38.05,1.8,-5.72,1
02-05-2023 09:00,EDT,CAPITL,61757,30.85,1.69,0,1
02-05-2023 10:00,EDT,CAPITL,61757,31.92,1.68,-1.71,1
02-05-2023 11:00,EDT,CAPITL,61757,29.64,1.65,-0.01,1
02-05-2023 12:00,EDT,CAPITL,61757,27.36,1.47,0,1
02-05-2023 13:00,EDT,CAPITL,61757,26.24,1.34,0,1
02-05-2023 14:00,EDT,CAPITL,61757,26.1,1.34,0,1
02-05-2023 15:00,EDT,CAPITL,61757,26.15,1.41,0,1
02-05-2023 16:00,EDT,CAPITL,61757,28.15,1.38,-2.03,1
02-05-2023 17:00,EDT,CAPITL,61757,38.56,1.47,-11.26,1
02-05-2023 18:00,EDT,CAPITL,61757,45.64,1.47,-18.34,1
02-05-2023 19:00,EDT,CAPITL,61757,48.15,1.55,-19.85,1
02-05-2023 20:00,EDT,CAPITL,61757,48.67,1.87,-14.61,1
02-05-2023 21:00,EDT,CAPITL,61757,38.22,1.46,-11.55,1
02-05-2023 22:00,EDT,CAPITL,61757,25.49,1.4,0,1
02-05-2023 23:00,EDT,CAPITL,61757,24.35,1.22,0,1
03-05-2023 00:00,EDT,CAPITL,61757,22.87,1.13,0,1
03-05-2023 01:00,EDT,CAPITL,61757,22.12,1.05,0,1
03-05-2023 02:00,EDT,CAPITL,61757,21.49,1.06,0,1
03-05-2023 03:00,EDT,CAPITL,61757,21.49,1.04,0,1
03-05-2023 04:00,EDT,CAPITL,61757,22.27,1.12,0,1
03-05-2023 05:00,EDT,CAPITL,61757,23.03,1.12,0,1
03-05-2023 06:00,EDT,CAPITL,61757,30.65,1.45,-3.37,1
03-05-2023 07:00,EDT,CAPITL,61757,37.26,1.38,-9.8,1
03-05-2023 08:00,EDT,CAPITL,61757,36.07,1.47,-7.88,1
03-05-2023 09:00,EDT,CAPITL,61757,28.07,1.38,-0.66,1
03-05-2023 10:00,EDT,CAPITL,61757,28.71,1.37,-1.51,1
03-05-2023 11:00,EDT,CAPITL,61757,28.32,1.34,-1.15,1
03-05-2023 12:00,EDT,CAPITL,61757,30.16,1.39,-2.94,1
03-05-2023 13:00,EDT,CAPITL,61757,27.84,1.39,-0.64,1
03-05-2023 14:00,EDT,CAPITL,61757,27.31,1.31,-1.18,1
03-05-2023 15:00,EDT,CAPITL,61757,25.84,1.29,0.19,1
03-05-2023 16:00,EDT,CAPITL,61757,29.9,1.31,-3.77,1
03-05-2023 17:00,EDT,CAPITL,61757,34.76,1.36,-7.71,1
03-05-2023 18:00,EDT,CAPITL,61757,38.55,1.44,-11.3,1
03-05-2023 19:00,EDT,CAPITL,61757,45.31,1.54,-17.13,1
03-05-2023 20:00,EDT,CAPITL,61757,40.07,1.5,-11.79,1
03-05-2023 21:00,EDT,CAPITL,61757,29.78,1.44,-2.53,1
03-05-2023 22:00,EDT,CAPITL,61757,26.59,1.41,-0.41,1
03-05-2023 23:00,EDT,CAPITL,61757,24.35,1.27,0,1
04-05-2023 00:00,EDT,CAPITL,61757,21.02,1.08,0,1
04-05-2023 01:00,EDT,CAPITL,61757,19.97,1.02,0,1
04-05-2023 02:00,EDT,CAPITL,61757,19.43,0.96,0,1
04-05-2023 03:00,EDT,CAPITL,61757,19.49,1,0,1
04-05-2023 04:00,EDT,CAPITL,61757,19.68,1.03,0,1
04-05-2023 05:00,EDT,CAPITL,61757,22.24,1.14,0,1
04-05-2023 06:00,EDT,CAPITL,61757,26.15,1.39,0,1
04-05-2023 07:00,EDT,CAPITL,61757,33.96,1.57,-6.15,1
04-05-2023 08:00,EDT,CAPITL,61757,29.48,1.5,-2.13,1
04-05-2023 09:00,EDT,CAPITL,61757,26.74,1.4,0.11,1
04-05-2023 10:00,EDT,CAPITL,61757,26.15,1.32,0,1
04-05-2023 11:00,EDT,CAPITL,61757,25.66,1.29,0,1
04-05-2023 12:00,EDT,CAPITL,61757,24.95,1.23,0,1
04-05-2023 13:00,EDT,CAPITL,61757,24.65,1.17,0,1
04-05-2023 14:00,EDT,CAPITL,61757,24.25,1.15,0,1
04-05-2023 15:00,EDT,CAPITL,61757,24.15,1.21,0,1
04-05-2023 16:00,EDT,CAPITL,61757,24.83,1.18,0,1
04-05-2023 17:00,EDT,CAPITL,61757,27.72,1.49,-1.47,1
04-05-2023 18:00,EDT,CAPITL,61757,30.66,1.52,-3.42,1
04-05-2023 19:00,EDT,CAPITL,61757,33.08,1.55,-5.72,1
04-05-2023 20:00,EDT,CAPITL,61757,40.41,1.69,-11.39,1
04-05-2023 21:00,EDT,CAPITL,61757,27.62,1.58,-0.21,1
04-05-2023 22:00,EDT,CAPITL,61757,25.03,1.26,0,1
04-05-2023 23:00,EDT,CAPITL,61757,23.53,1.18,0,1
05-05-2023 00:00,EDT,CAPITL,61757,22.35,1.08,0,1
05-05-2023 01:00,EDT,CAPITL,61757,20.84,1.03,0,1
05-05-2023 02:00,EDT,CAPITL,61757,20.47,1.03,0,1
05-05-2023 03:00,EDT,CAPITL,61757,20.39,1.04,0,1
05-05-2023 04:00,EDT,CAPITL,61757,20.86,1.03,0,1
05-05-2023 05:00,EDT,CAPITL,61757,22.04,1.03,0,1
05-05-2023 06:00,EDT,CAPITL,61757,26.58,1.41,0,1
05-05-2023 07:00,EDT,CAPITL,61757,30.85,1.49,-2.22,1
05-05-2023 08:00,EDT,CAPITL,61757,28.9,1.58,0,1
05-05-2023 09:00,EDT,CAPITL,61757,25.6,1.33,0,1
05-05-2023 10:00,EDT,CAPITL,61757,25.05,1.28,0,1
05-05-2023 11:00,EDT,CAPITL,61757,24.35,1.18,0,1
05-05-2023 12:00,EDT,CAPITL,61757,24.39,1.18,0,1
05-05-2023 13:00,EDT,CAPITL,61757,23.79,1.13,0,1
05-05-2023 14:00,EDT,CAPITL,61757,23.86,1.16,0,1
05-05-2023 15:00,EDT,CAPITL,61757,24.67,1.26,0,1
05-05-2023 16:00,EDT,CAPITL,61757,26.19,1.21,-2.89,1
05-05-2023 17:00,EDT,CAPITL,61757,29.38,1.34,-4.46,1
05-05-2023 18:00,EDT,CAPITL,61757,29.97,1.36,-2.47,1
05-05-2023 19:00,EDT,CAPITL,61757,29.9,1.55,-0.11,1
05-05-2023 20:00,EDT,CAPITL,61757,32.15,1.67,0,1
05-05-2023 21:00,EDT,CAPITL,61757,26.18,1.34,0,1
05-05-2023 22:00,EDT,CAPITL,61757,23.89,1.14,0,1
05-05-2023 23:00,EDT,CAPITL,61757,23.08,1.06,0,1
06-05-2023 00:00,EDT,CAPITL,61757,22.02,0.85,0,1
06-05-2023 01:00,EDT,CAPITL,61757,20.74,0.82,0,1
06-05-2023 02:00,EDT,CAPITL,61757,20.1,0.81,0,1
06-05-2023 03:00,EDT,CAPITL,61757,19.82,0.8,0,1
06-05-2023 04:00,EDT,CAPITL,61757,19.85,0.82,0,1
06-05-2023 05:00,EDT,CAPITL,61757,20.92,0.65,-2.21,1
06-05-2023 06:00,EDT,CAPITL,61757,23.68,0.72,-4.07,1
06-05-2023 07:00,EDT,CAPITL,61757,25.23,0.63,-7.08,1
06-05-2023 08:00,EDT,CAPITL,61757,22.59,0.8,-1.85,1
06-05-2023 09:00,EDT,CAPITL,61757,20.88,0.72,-1.82,1
06-05-2023 10:00,EDT,CAPITL,61757,21.41,0.6,-4.69,1
06-05-2023 11:00,EDT,CAPITL,61757,21.18,0.6,-5.31,1
06-05-2023 12:00,EDT,CAPITL,61757,20.88,0.56,-4.17,1
06-05-2023 13:00,EDT,CAPITL,61757,20.46,0.55,-3.77,1
06-05-2023 14:00,EDT,CAPITL,61757,20.37,0.54,-4.09,1
06-05-2023 15:00,EDT,CAPITL,61757,20.66,0.58,-4.07,1
06-05-2023 16:00,EDT,CAPITL,61757,21.97,0.61,-5.19,1
06-05-2023 17:00,EDT,CAPITL,61757,25.43,0.69,-6.61,1
06-05-2023 18:00,EDT,CAPITL,61757,29.86,0.81,-8.15,1
06-05-2023 19:00,EDT,CAPITL,61757,34.8,0.84,-12.97,1
06-05-2023 20:00,EDT,CAPITL,61757,34.18,1.02,-9.31,1
06-05-2023 21:00,EDT,CAPITL,61757,27.3,0.88,-6.04,1
06-05-2023 22:00,EDT,CAPITL,61757,24.57,0.83,-4.07,1
06-05-2023 23:00,EDT,CAPITL,61757,22.53,0.58,-5.78,1
07-05-2023 00:00,EDT,CAPITL,61757,24.05,0.42,-10.48,1
07-05-2023 01:00,EDT,CAPITL,61757,21.84,0.41,-8.31,1
07-05-2023 02:00,EDT,CAPITL,61757,20.95,0.41,-7.43,1
07-05-2023 03:00,EDT,CAPITL,61757,21.05,0.38,-7.59,1
07-05-2023 04:00,EDT,CAPITL,61757,20.88,0.39,-7.37,1
07-05-2023 05:00,EDT,CAPITL,61757,20.77,0.44,-6.56,1
07-05-2023 06:00,EDT,CAPITL,61757,21.78,0.51,-7.39,1
07-05-2023 07:00,EDT,CAPITL,61757,22.98,0.5,-8.69,1
07-05-2023 08:00,EDT,CAPITL,61757,20.57,0.67,-4.65,1
07-05-2023 09:00,EDT,CAPITL,61757,20.74,0.69,-4,1
07-05-2023 10:00,EDT,CAPITL,61757,20.76,0.65,-4.25,1
07-05-2023 11:00,EDT,CAPITL,61757,20.34,0.67,-2.99,1
07-05-2023 12:00,EDT,CAPITL,61757,20.27,0.71,-2.74,1
07-05-2023 13:00,EDT,CAPITL,61757,20.44,0.64,-3.44,1
07-05-2023 14:00,EDT,CAPITL,61757,20.25,0.62,-3.01,1
07-05-2023 15:00,EDT,CAPITL,61757,20.57,0.66,-3.49,1
07-05-2023 16:00,EDT,CAPITL,61757,23.02,0.73,-4.99,1
07-05-2023 17:00,EDT,CAPITL,61757,29.12,0.82,-9.1,1
07-05-2023 18:00,EDT,CAPITL,61757,35.67,0.92,-12.91,1
07-05-2023 19:00,EDT,CAPITL,61757,35.94,0.84,-15.02,1
07-05-2023 20:00,EDT,CAPITL,61757,38.98,0.9,-16.6,1
07-05-2023 21:00,EDT,CAPITL,61757,32.63,0.81,-12.11,1
07-05-2023 22:00,EDT,CAPITL,61757,23.81,0.76,-4.18,1
07-05-2023 23:00,EDT,CAPITL,61757,22.89,0.56,-6.73,1
08-05-2023 00:00,EDT,CAPITL,61757,23.29,0.46,-9.66,1
08-05-2023 01:00,EDT,CAPITL,61757,22.13,0.46,-8.5,1
08-05-2023 02:00,EDT,CAPITL,61757,21.03,0.45,-7.43,1
08-05-2023 03:00,EDT,CAPITL,61757,21.29,0.43,-7.71,1
08-05-2023 04:00,EDT,CAPITL,61757,21.53,0.46,-7.93,1
08-05-2023 05:00,EDT,CAPITL,61757,21.01,0.65,-2.7,1
08-05-2023 06:00,EDT,CAPITL,61757,26.53,0.89,-4.37,1
08-05-2023 07:00,EDT,CAPITL,61757,31.61,0.9,-8.22,1
08-05-2023 08:00,EDT,CAPITL,61757,27.56,1.02,-2.89,1
08-05-2023 09:00,EDT,CAPITL,61757,22.53,0.85,0.2,1
08-05-2023 10:00,EDT,CAPITL,61757,21.84,0.79,0.21,1
08-05-2023 11:00,EDT,CAPITL,61757,22.08,0.86,0.23,1
08-05-2023 12:00,EDT,CAPITL,61757,23.38,0.74,-3.54,1
08-05-2023 13:00,EDT,CAPITL,61757,24.27,0.78,-3.88,1
08-05-2023 14:00,EDT,CAPITL,61757,25.4,0.68,-5.38,1
08-05-2023 15:00,EDT,CAPITL,61757,28.14,0.7,-8.01,1
08-05-2023 16:00,EDT,CAPITL,61757,31.52,0.73,-12.02,1
08-05-2023 17:00,EDT,CAPITL,61757,37.16,0.85,-15.46,1
08-05-2023 18:00,EDT,CAPITL,61757,45.54,0.88,-22.68,1
08-05-2023 19:00,EDT,CAPITL,61757,43.41,1.02,-18.62,1
08-05-2023 20:00,EDT,CAPITL,61757,42.81,1.03,-18.33,1
08-05-2023 21:00,EDT,CAPITL,61757,34.69,0.98,-10.89,1
08-05-2023 22:00,EDT,CAPITL,61757,27.67,0.81,-8.88,1
08-05-2023 23:00,EDT,CAPITL,61757,25.41,0.64,-8.82,1
09-05-2023 00:00,EDT,CAPITL,61757,22.16,0.58,-6.28,1
09-05-2023 01:00,EDT,CAPITL,61757,20.51,0.53,-5.22,1
09-05-2023 02:00,EDT,CAPITL,61757,19.8,0.51,-5.45,1
09-05-2023 03:00,EDT,CAPITL,61757,19.63,0.53,-4.66,1
09-05-2023 04:00,EDT,CAPITL,61757,21.27,0.47,-7.66,1
09-05-2023 05:00,EDT,CAPITL,61757,22.22,0.58,-6.44,1
09-05-2023 06:00,EDT,CAPITL,61757,25.56,0.85,-3.97,1
09-05-2023 07:00,EDT,CAPITL,61757,34,0.72,-14.31,1
09-05-2023 08:00,EDT,CAPITL,61757,29.96,0.8,-9.25,1
09-05-2023 09:00,EDT,CAPITL,61757,23.37,0.77,-3.47,1
09-05-2023 10:00,EDT,CAPITL,61757,23.61,0.67,-5.17,1
09-05-2023 11:00,EDT,CAPITL,61757,25.57,0.68,-7.37,1
09-05-2023 12:00,EDT,CAPITL,61757,25.99,0.66,-8.07,1
09-05-2023 13:00,EDT,CAPITL,61757,26.83,0.6,-9.96,1
09-05-2023 14:00,EDT,CAPITL,61757,27.83,0.52,-11.09,1
09-05-2023 15:00,EDT,CAPITL,61757,28.05,0.52,-11.33,1
09-05-2023 16:00,EDT,CAPITL,61757,28.39,0.63,-9.33,1
09-05-2023 17:00,EDT,CAPITL,61757,34.64,0.67,-15.23,1
09-05-2023 18:00,EDT,CAPITL,61757,40,0.75,-18.9,1
09-05-2023 19:00,EDT,CAPITL,61757,36.99,0.85,-13.3,1
09-05-2023 20:00,EDT,CAPITL,61757,35.52,1.01,-9.3,1
09-05-2023 21:00,EDT,CAPITL,61757,31.42,0.91,-7.91,1
09-05-2023 22:00,EDT,CAPITL,61757,23.37,0.92,-1,1
09-05-2023 23:00,EDT,CAPITL,61757,23.63,0.59,-7.24,1
10-05-2023 00:00,EDT,CAPITL,61757,22.79,0.31,-14.2,1
10-05-2023 01:00,EDT,CAPITL,61757,21.41,0.33,-12.5,1
10-05-2023 02:00,EDT,CAPITL,61757,20.33,0.31,-11.97,1
10-05-2023 03:00,EDT,CAPITL,61757,20.16,0.3,-11.85,1
10-05-2023 04:00,EDT,CAPITL,61757,20.92,0.31,-12.64,1
10-05-2023 05:00,EDT,CAPITL,61757,22.25,0.36,-13.42,1
10-05-2023 06:00,EDT,CAPITL,61757,31.11,0.33,-22.8,1
10-05-2023 07:00,EDT,CAPITL,61757,33.37,0.58,-17.5,1
10-05-2023 08:00,EDT,CAPITL,61757,27.43,0.65,-11.4,1
10-05-2023 09:00,EDT,CAPITL,61757,22.43,0.59,-6.39,1
10-05-2023 10:00,EDT,CAPITL,61757,22.26,0.55,-7.6,1
10-05-2023 11:00,EDT,CAPITL,61757,21.89,0.45,-9.25,1
10-05-2023 12:00,EDT,CAPITL,61757,23.18,0.44,-10.56,1
10-05-2023 13:00,EDT,CAPITL,61757,23.4,0.44,-10.77,1
10-05-2023 14:00,EDT,CAPITL,61757,23.37,0.44,-10.74,1
10-05-2023 15:00,EDT,CAPITL,61757,25.4,0.45,-12.77,1
10-05-2023 16:00,EDT,CAPITL,61757,29.43,0.5,-16.74,1
10-05-2023 17:00,EDT,CAPITL,61757,36.09,0.54,-23.36,1
10-05-2023 18:00,EDT,CAPITL,61757,41.46,0.65,-26.26,1
10-05-2023 19:00,EDT,CAPITL,61757,41,0.8,-22.47,1
10-05-2023 20:00,EDT,CAPITL,61757,40.61,0.84,-22,1
10-05-2023 21:00,EDT,CAPITL,61757,34.18,0.71,-18.04,1
10-05-2023 22:00,EDT,CAPITL,61757,24.92,0.7,-8.79,1
10-05-2023 23:00,EDT,CAPITL,61757,23.52,0.33,-15.24,1
11-05-2023 00:00,EDT,CAPITL,61757,23.88,0.2,-18.57,1
11-05-2023 01:00,EDT,CAPITL,61757,21.8,0.19,-16.51,1
11-05-2023 02:00,EDT,CAPITL,61757,20.7,0.18,-15.66,1
11-05-2023 03:00,EDT,CAPITL,61757,21.29,0.18,-16.38,1
11-05-2023 04:00,EDT,CAPITL,61757,21.35,0.19,-16.07,1
11-05-2023 05:00,EDT,CAPITL,61757,22.95,0.31,-14.88,1
11-05-2023 06:00,EDT,CAPITL,61757,33.03,0.3,-25.52,1
11-05-2023 07:00,EDT,CAPITL,61757,31.96,0.58,-16.95,1
11-05-2023 08:00,EDT,CAPITL,61757,27.22,0.7,-9.12,1
11-05-2023 09:00,EDT,CAPITL,61757,22.69,0.66,-5.1,1
11-05-2023 10:00,EDT,CAPITL,61757,22.35,0.64,-4.92,1
11-05-2023 11:00,EDT,CAPITL,61757,22.46,0.64,-5.28,1
11-05-2023 12:00,EDT,CAPITL,61757,24.78,0.63,-8.29,1
11-05-2023 13:00,EDT,CAPITL,61757,29.05,0.63,-13.07,1
11-05-2023 14:00,EDT,CAPITL,61757,31.09,0.54,-15.18,1
11-05-2023 15:00,EDT,CAPITL,61757,35.6,0.52,-21.04,1
11-05-2023 16:00,EDT,CAPITL,61757,40.25,0.55,-25.54,1
11-05-2023 17:00,EDT,CAPITL,61757,57.52,0.61,-41.96,1
11-05-2023 18:00,EDT,CAPITL,61757,55.58,0.79,-36.3,1
11-05-2023 19:00,EDT,CAPITL,61757,50.5,0.88,-29.6,1
11-05-2023 20:00,EDT,CAPITL,61757,44.92,0.96,-23.18,1
11-05-2023 21:00,EDT,CAPITL,61757,38.66,0.76,-20.3,1
11-05-2023 22:00,EDT,CAPITL,61757,28.71,0.8,-10.91,1
11-05-2023 23:00,EDT,CAPITL,61757,25.45,0.34,-16.94,1
12-05-2023 00:00,EDT,CAPITL,61757,22.94,0.29,-13.95,1
12-05-2023 01:00,EDT,CAPITL,61757,19.57,0.29,-10.33,1
12-05-2023 02:00,EDT,CAPITL,61757,17.94,0.32,-8.6,1
12-05-2023 03:00,EDT,CAPITL,61757,18.28,0.22,-11.55,1
12-05-2023 04:00,EDT,CAPITL,61757,17.99,0.29,-9.11,1
12-05-2023 05:00,EDT,CAPITL,61757,20.08,0.29,-10.88,1
12-05-2023 06:00,EDT,CAPITL,61757,23.32,0.46,-10.45,1
12-05-2023 07:00,EDT,CAPITL,61757,29.19,0.5,-14.03,1
12-05-2023 08:00,EDT,CAPITL,61757,25.56,0.62,-5.97,1
12-05-2023 09:00,EDT,CAPITL,61757,23.86,0.66,-3.94,1
12-05-2023 10:00,EDT,CAPITL,61757,25.64,0.65,-5.8,1
12-05-2023 11:00,EDT,CAPITL,61757,26.76,0.69,-6.8,1
12-05-2023 12:00,EDT,CAPITL,61757,29.38,0.69,-9.43,1
12-05-2023 13:00,EDT,CAPITL,61757,32.01,0.71,-11.99,1
12-05-2023 14:00,EDT,CAPITL,61757,34.07,0.74,-13.89,1
12-05-2023 15:00,EDT,CAPITL,61757,37.54,0.76,-17.72,1
12-05-2023 16:00,EDT,CAPITL,61757,45.67,0.65,-29.56,1
12-05-2023 17:00,EDT,CAPITL,61757,60.19,0.82,-40.33,1
12-05-2023 18:00,EDT,CAPITL,61757,60.37,0.78,-40.97,1
12-05-2023 19:00,EDT,CAPITL,61757,47.55,1.09,-22.34,1
12-05-2023 20:00,EDT,CAPITL,61757,46.79,1.1,-20.65,1
12-05-2023 21:00,EDT,CAPITL,61757,37.97,0.9,-16.64,1
12-05-2023 22:00,EDT,CAPITL,61757,30.38,0.81,-10.35,1
12-05-2023 23:00,EDT,CAPITL,61757,24.13,0.69,-5.76,1
13-05-2023 00:00,EDT,CAPITL,61757,28.77,0.41,-17.49,1
13-05-2023 01:00,EDT,CAPITL,61757,24.26,0.45,-11.6,1
13-05-2023 02:00,EDT,CAPITL,61757,22.07,0.4,-10.43,1
13-05-2023 03:00,EDT,CAPITL,61757,20.71,0.32,-11.25,1
13-05-2023 04:00,EDT,CAPITL,61757,21.26,0.35,-11.54,1
13-05-2023 05:00,EDT,CAPITL,61757,21.63,0.4,-10.31,1
13-05-2023 06:00,EDT,CAPITL,61757,23.52,0.36,-13.02,1
13-05-2023 07:00,EDT,CAPITL,61757,23.8,0.33,-13.45,1
13-05-2023 08:00,EDT,CAPITL,61757,24.17,0.44,-11.43,1
13-05-2023 09:00,EDT,CAPITL,61757,22.77,0.43,-10.15,1
13-05-2023 10:00,EDT,CAPITL,61757,24.14,0.45,-12.51,1
13-05-2023 11:00,EDT,CAPITL,61757,23.96,0.41,-13.25,1
13-05-2023 12:00,EDT,CAPITL,61757,24.44,0.33,-15.56,1
13-05-2023 13:00,EDT,CAPITL,61757,24.48,0.33,-15.5,1
13-05-2023 14:00,EDT,CAPITL,61757,24.61,0.33,-15.63,1
13-05-2023 15:00,EDT,CAPITL,61757,25.64,0.32,-16.82,1
13-05-2023 16:00,EDT,CAPITL,61757,33.86,0.28,-26.31,1
13-05-2023 17:00,EDT,CAPITL,61757,38.31,0.36,-29.37,1
13-05-2023 18:00,EDT,CAPITL,61757,43.6,0.37,-34.74,1
13-05-2023 19:00,EDT,CAPITL,61757,38.51,0.42,-28.73,1
13-05-2023 20:00,EDT,CAPITL,61757,40.77,0.53,-28,1
13-05-2023 21:00,EDT,CAPITL,61757,32.66,0.42,-21.96,1
13-05-2023 22:00,EDT,CAPITL,61757,30.09,0.35,-20.63,1
13-05-2023 23:00,EDT,CAPITL,61757,28.92,0.26,-20.9,1
14-05-2023 00:00,EDT,CAPITL,61757,25.28,0.17,-20.02,1
14-05-2023 01:00,EDT,CAPITL,61757,22.18,0.16,-16.94,1
14-05-2023 02:00,EDT,CAPITL,61757,20.15,0.16,-14.9,1
14-05-2023 03:00,EDT,CAPITL,61757,18.85,0.18,-13.59,1
14-05-2023 04:00,EDT,CAPITL,61757,19.77,0.17,-15.03,1
14-05-2023 05:00,EDT,CAPITL,61757,19.39,0.17,-14.65,1
14-05-2023 06:00,EDT,CAPITL,61757,20.92,0.2,-15.63,1
14-05-2023 07:00,EDT,CAPITL,61757,20.59,0.19,-15.3,1
14-05-2023 08:00,EDT,CAPITL,61757,19.32,0.32,-12.27,1
14-05-2023 09:00,EDT,CAPITL,61757,17.26,0.3,-10.54,1
14-05-2023 10:00,EDT,CAPITL,61757,17.45,0.32,-9.97,1
14-05-2023 11:00,EDT,CAPITL,61757,18.03,0.24,-12.63,1
14-05-2023 12:00,EDT,CAPITL,61757,18.26,0.23,-12.86,1
14-05-2023 13:00,EDT,CAPITL,61757,17.96,0.22,-12.64,1
14-05-2023 14:00,EDT,CAPITL,61757,16.34,0.21,-11.03,1
14-05-2023 15:00,EDT,CAPITL,61757,19.65,0.21,-14.34,1
14-05-2023 16:00,EDT,CAPITL,61757,24.05,0.19,-18.74,1
14-05-2023 17:00,EDT,CAPITL,61757,30.06,0.3,-22.24,1
14-05-2023 18:00,EDT,CAPITL,61757,34.4,0.29,-27.09,1
14-05-2023 19:00,EDT,CAPITL,61757,35.51,0.49,-23.52,1
14-05-2023 20:00,EDT,CAPITL,61757,36.36,0.5,-24.2,1
14-05-2023 21:00,EDT,CAPITL,61757,28.68,0.45,-17.89,1
14-05-2023 22:00,EDT,CAPITL,61757,24.4,0.45,-13.59,1
14-05-2023 23:00,EDT,CAPITL,61757,21.25,0.34,-12.17,1
15-05-2023 00:00,EDT,CAPITL,61757,17.47,0.39,-6.88,1
15-05-2023 01:00,EDT,CAPITL,61757,15.78,0.37,-5.86,1
15-05-2023 02:00,EDT,CAPITL,61757,15.49,0.37,-5.81,1
15-05-2023 03:00,EDT,CAPITL,61757,14.78,0.38,-5,1
15-05-2023 04:00,EDT,CAPITL,61757,15.42,0.38,-5.71,1
15-05-2023 05:00,EDT,CAPITL,61757,16.6,0.41,-6.21,1
15-05-2023 06:00,EDT,CAPITL,61757,22.56,0.7,-5.84,1
15-05-2023 07:00,EDT,CAPITL,61757,24.65,0.74,-6.32,1
15-05-2023 08:00,EDT,CAPITL,61757,21.59,0.68,-3.87,1
15-05-2023 09:00,EDT,CAPITL,61757,17.78,0.67,0,1
15-05-2023 10:00,EDT,CAPITL,61757,17.29,0.55,-2.68,1
15-05-2023 11:00,EDT,CAPITL,61757,17.69,0.42,-5.89,1
15-05-2023 12:00,EDT,CAPITL,61757,18.61,0.34,-9.2,1
15-05-2023 13:00,EDT,CAPITL,61757,19.43,0.34,-10.22,1
15-05-2023 14:00,EDT,CAPITL,61757,20.76,0.32,-11.74,1
15-05-2023 15:00,EDT,CAPITL,61757,23.26,0.32,-14.58,1
15-05-2023 16:00,EDT,CAPITL,61757,30.49,0.3,-22.57,1
15-05-2023 17:00,EDT,CAPITL,61757,37.13,0.37,-28.06,1
15-05-2023 18:00,EDT,CAPITL,61757,40.44,0.45,-29.44,1
15-05-2023 19:00,EDT,CAPITL,61757,38.48,0.62,-23.76,1
15-05-2023 20:00,EDT,CAPITL,61757,37.06,0.73,-21.22,1
15-05-2023 21:00,EDT,CAPITL,61757,32.1,0.55,-19.56,1
15-05-2023 22:00,EDT,CAPITL,61757,23.57,0.36,-14.96,1
15-05-2023 23:00,EDT,CAPITL,61757,20.4,0.24,-14.06,1
16-05-2023 00:00,EDT,CAPITL,61757,20.69,0.21,-15.54,1
16-05-2023 01:00,EDT,CAPITL,61757,16.43,0.21,-10.99,1
16-05-2023 02:00,EDT,CAPITL,61757,15.24,0.17,-11.07,1
16-05-2023 03:00,EDT,CAPITL,61757,13.91,0.17,-9.52,1
16-05-2023 04:00,EDT,CAPITL,61757,15.59,0.19,-10.88,1
16-05-2023 05:00,EDT,CAPITL,61757,19.13,0.22,-13.88,1
16-05-2023 06:00,EDT,CAPITL,61757,25.65,0.29,-19.25,1
16-05-2023 07:00,EDT,CAPITL,61757,31.18,0.33,-23.69,1
16-05-2023 08:00,EDT,CAPITL,61757,25.4,0.36,-16.96,1
16-05-2023 09:00,EDT,CAPITL,61757,20.74,0.4,-11.54,1
16-05-2023 10:00,EDT,CAPITL,61757,21.82,0.38,-12.85,1
16-05-2023 11:00,EDT,CAPITL,61757,23.35,0.27,-17.1,1
16-05-2023 12:00,EDT,CAPITL,61757,25.49,0.27,-19.24,1
16-05-2023 13:00,EDT,CAPITL,61757,26.84,0.27,-20.6,1
16-05-2023 14:00,EDT,CAPITL,61757,30.96,0.26,-24.85,1
16-05-2023 15:00,EDT,CAPITL,61757,31.83,0.23,-26.49,1
16-05-2023 16:00,EDT,CAPITL,61757,43.65,0.24,-38.3,1
16-05-2023 17:00,EDT,CAPITL,61757,50.63,0.28,-44.48,1
16-05-2023 18:00,EDT,CAPITL,61757,54.37,0.26,-48.46,1
16-05-2023 19:00,EDT,CAPITL,61757,45.71,0.7,-30.43,1
16-05-2023 20:00,EDT,CAPITL,61757,39.65,0.85,-21.11,1
16-05-2023 21:00,EDT,CAPITL,61757,31.68,0.68,-16.54,1
16-05-2023 22:00,EDT,CAPITL,61757,24.95,0.62,-10.2,1
16-05-2023 23:00,EDT,CAPITL,61757,23.31,0.35,-14.77,1
17-05-2023 00:00,EDT,CAPITL,61757,25.28,0.33,-17.56,1
17-05-2023 01:00,EDT,CAPITL,61757,21.5,0.27,-15,1
17-05-2023 02:00,EDT,CAPITL,61757,20.36,0.22,-15.04,1
17-05-2023 03:00,EDT,CAPITL,61757,19.88,0.22,-14.56,1
17-05-2023 04:00,EDT,CAPITL,61757,19.96,0.26,-13.74,1
17-05-2023 05:00,EDT,CAPITL,61757,22.41,0.33,-14.59,1
17-05-2023 06:00,EDT,CAPITL,61757,30.61,0.46,-20.19,1
17-05-2023 07:00,EDT,CAPITL,61757,35.14,0.42,-25.25,1
17-05-2023 08:00,EDT,CAPITL,61757,27.48,0.46,-16.17,1
17-05-2023 09:00,EDT,CAPITL,61757,21.92,0.53,-9.7,1
17-05-2023 10:00,EDT,CAPITL,61757,20.67,0.5,-9.34,1
17-05-2023 11:00,EDT,CAPITL,61757,20.4,0.38,-11.85,1
17-05-2023 12:00,EDT,CAPITL,61757,20.45,0.34,-12.53,1
17-05-2023 13:00,EDT,CAPITL,61757,21.01,0.35,-12.93,1
17-05-2023 14:00,EDT,CAPITL,61757,21.49,0.33,-14.08,1
17-05-2023 15:00,EDT,CAPITL,61757,22.37,0.34,-14.72,1
17-05-2023 16:00,EDT,CAPITL,61757,24.76,0.29,-17.52,1
17-05-2023 17:00,EDT,CAPITL,61757,33.79,0.4,-24.35,1
17-05-2023 18:00,EDT,CAPITL,61757,36.76,0.54,-23.99,1
17-05-2023 19:00,EDT,CAPITL,61757,38.21,0.79,-20.53,1
17-05-2023 20:00,EDT,CAPITL,61757,36.19,1.16,-11.35,1
17-05-2023 21:00,EDT,CAPITL,61757,30.34,1.04,-8.9,1
17-05-2023 22:00,EDT,CAPITL,61757,23.61,0.93,-2.93,1
17-05-2023 23:00,EDT,CAPITL,61757,23.14,0.48,-11.15,1
18-05-2023 00:00,EDT,CAPITL,61757,25.46,0.48,-14.89,1
18-05-2023 01:00,EDT,CAPITL,61757,23.78,0.5,-13.02,1
18-05-2023 02:00,EDT,CAPITL,61757,22.85,0.49,-12.25,1
18-05-2023 03:00,EDT,CAPITL,61757,21.76,0.49,-11.22,1
18-05-2023 04:00,EDT,CAPITL,61757,22.53,0.54,-11.25,1
18-05-2023 05:00,EDT,CAPITL,61757,24.15,0.68,-10.15,1
18-05-2023 06:00,EDT,CAPITL,61757,32.46,1.07,-11.28,1
18-05-2023 07:00,EDT,CAPITL,61757,34.04,1.28,-8.06,1
18-05-2023 08:00,EDT,CAPITL,61757,29.79,0.88,-11.02,1
18-05-2023 09:00,EDT,CAPITL,61757,21.39,0.7,-5.52,1
18-05-2023 10:00,EDT,CAPITL,61757,19.33,0.68,-3.46,1
18-05-2023 11:00,EDT,CAPITL,61757,19.08,0.6,-4.71,1
18-05-2023 12:00,EDT,CAPITL,61757,18.9,0.54,-6.31,1
18-05-2023 13:00,EDT,CAPITL,61757,19.3,0.54,-6.44,1
18-05-2023 14:00,EDT,CAPITL,61757,19.19,0.52,-6.86,1
18-05-2023 15:00,EDT,CAPITL,61757,19.76,0.53,-7.58,1
18-05-2023 16:00,EDT,CAPITL,61757,22.42,0.59,-9.49,1
18-05-2023 17:00,EDT,CAPITL,61757,27.26,0.7,-11.59,1
18-05-2023 18:00,EDT,CAPITL,61757,31.24,1,-9.82,1
18-05-2023 19:00,EDT,CAPITL,61757,37.65,1.06,-16.58,1
18-05-2023 20:00,EDT,CAPITL,61757,42.89,1.2,-19.44,1
18-05-2023 21:00,EDT,CAPITL,61757,39.7,0.88,-23.16,1
18-05-2023 22:00,EDT,CAPITL,61757,26.4,0.57,-14.93,1
18-05-2023 23:00,EDT,CAPITL,61757,25.85,0.38,-17.75,1
19-05-2023 00:00,EDT,CAPITL,61757,24.43,0.26,-18.99,1
19-05-2023 01:00,EDT,CAPITL,61757,22.6,0.25,-17.25,1
19-05-2023 02:00,EDT,CAPITL,61757,21.85,0.23,-17.01,1
19-05-2023 03:00,EDT,CAPITL,61757,21.94,0.14,-19.05,1
19-05-2023 04:00,EDT,CAPITL,61757,22.43,0.15,-19.18,1
19-05-2023 05:00,EDT,CAPITL,61757,24.82,0.21,-20.53,1
19-05-2023 06:00,EDT,CAPITL,61757,33.87,0.23,-29.45,1
19-05-2023 07:00,EDT,CAPITL,61757,37,0.27,-31.59,1
19-05-2023 08:00,EDT,CAPITL,61757,30.04,0.34,-23.36,1
19-05-2023 09:00,EDT,CAPITL,61757,23.63,0.35,-16.23,1
19-05-2023 10:00,EDT,CAPITL,61757,23.03,0.32,-16.2,1
19-05-2023 11:00,EDT,CAPITL,61757,22.47,0.31,-15.61,1
19-05-2023 12:00,EDT,CAPITL,61757,21.76,0.34,-14.55,1
19-05-2023 13:00,EDT,CAPITL,61757,21.96,0.39,-13.49,1
19-05-2023 14:00,EDT,CAPITL,61757,23.02,0.35,-15.15,1
19-05-2023 15:00,EDT,CAPITL,61757,26.07,0.35,-18.57,1
19-05-2023 16:00,EDT,CAPITL,61757,26.85,0.5,-16.54,1
19-05-2023 17:00,EDT,CAPITL,61757,36.12,0.39,-28.29,1
19-05-2023 18:00,EDT,CAPITL,61757,37.59,0.47,-28.61,1
19-05-2023 19:00,EDT,CAPITL,61757,38.63,0.68,-25.74,1
19-05-2023 20:00,EDT,CAPITL,61757,40.01,0.47,-31.22,1
19-05-2023 21:00,EDT,CAPITL,61757,35.02,0.49,-25.46,1
19-05-2023 22:00,EDT,CAPITL,61757,25.34,0.66,-12.54,1
19-05-2023 23:00,EDT,CAPITL,61757,23.42,0.46,-13.78,1
20-05-2023 00:00,EDT,CAPITL,61757,24.81,0.29,-18.8,1
20-05-2023 01:00,EDT,CAPITL,61757,23.61,0.23,-18.59,1
20-05-2023 02:00,EDT,CAPITL,61757,21.99,0.22,-17.21,1
20-05-2023 03:00,EDT,CAPITL,61757,20.96,0.22,-16.14,1
20-05-2023 04:00,EDT,CAPITL,61757,20.87,0.21,-16.3,1
20-05-2023 05:00,EDT,CAPITL,61757,21.93,0.22,-17.12,1
20-05-2023 06:00,EDT,CAPITL,61757,22.58,0.21,-17.98,1
20-05-2023 07:00,EDT,CAPITL,61757,23.49,0.24,-18.15,1
20-05-2023 08:00,EDT,CAPITL,61757,23.54,0.44,-14.91,1
20-05-2023 09:00,EDT,CAPITL,61757,26.11,0.43,-17.84,1
20-05-2023 10:00,EDT,CAPITL,61757,26.17,0.41,-18.06,1
20-05-2023 11:00,EDT,CAPITL,61757,26.44,0.44,-18.22,1
20-05-2023 12:00,EDT,CAPITL,61757,26.66,0.43,-18.5,1
20-05-2023 13:00,EDT,CAPITL,61757,27,0.28,-21.56,1
20-05-2023 14:00,EDT,CAPITL,61757,26.96,0.28,-21.59,1
20-05-2023 15:00,EDT,CAPITL,61757,26.96,0.27,-21.6,1
20-05-2023 16:00,EDT,CAPITL,61757,28.12,0.25,-23.29,1
20-05-2023 17:00,EDT,CAPITL,61757,32.5,0.26,-27.67,1
20-05-2023 18:00,EDT,CAPITL,61757,33.35,0.28,-27.98,1
20-05-2023 19:00,EDT,CAPITL,61757,36.07,0.29,-30.69,1
20-05-2023 20:00,EDT,CAPITL,61757,36.61,0.27,-31.25,1
20-05-2023 21:00,EDT,CAPITL,61757,34.35,0.29,-28.71,1
20-05-2023 22:00,EDT,CAPITL,61757,27.33,0.26,-22.21,1
20-05-2023 23:00,EDT,CAPITL,61757,25.46,0.19,-21.29,1
21-05-2023 00:00,EDT,CAPITL,61757,25.46,0.13,-22.58,1
21-05-2023 01:00,EDT,CAPITL,61757,23.87,0.1,-21.67,1
21-05-2023 02:00,EDT,CAPITL,61757,23.31,0.1,-21.06,1
21-05-2023 03:00,EDT,CAPITL,61757,22.38,0.11,-19.98,1
21-05-2023 04:00,EDT,CAPITL,61757,22.15,0.11,-19.7,1
21-05-2023 05:00,EDT,CAPITL,61757,21.2,0.12,-18.59,1
21-05-2023 06:00,EDT,CAPITL,61757,23.53,0.1,-21.31,1
21-05-2023 07:00,EDT,CAPITL,61757,21.14,0.15,-17.89,1
21-05-2023 08:00,EDT,CAPITL,61757,21.22,0.18,-17.35,1
21-05-2023 09:00,EDT,CAPITL,61757,20.9,0.25,-15.61,1
21-05-2023 10:00,EDT,CAPITL,61757,20.61,0.21,-16.19,1
21-05-2023 11:00,EDT,CAPITL,61757,19.17,0.23,-14.44,1
21-05-2023 12:00,EDT,CAPITL,61757,18.49,0.25,-13.22,1
21-05-2023 13:00,EDT,CAPITL,61757,19.57,0.23,-14.68,1
21-05-2023 14:00,EDT,CAPITL,61757,20.45,0.23,-15.57,1
21-05-2023 15:00,EDT,CAPITL,61757,21.72,0.22,-16.9,1
21-05-2023 16:00,EDT,CAPITL,61757,24.36,0.25,-19.57,1
21-05-2023 17:00,EDT,CAPITL,61757,33.34,0.31,-27.39,1
21-05-2023 18:00,EDT,CAPITL,61757,38.23,0.47,-29.58,1
21-05-2023 19:00,EDT,CAPITL,61757,38.6,0.9,-22.68,1
21-05-2023 20:00,EDT,CAPITL,61757,39.87,0.95,-22.77,1
21-05-2023 21:00,EDT,CAPITL,61757,36.9,0.94,-19.42,1
21-05-2023 22:00,EDT,CAPITL,61757,26.2,0.71,-12.56,1
21-05-2023 23:00,EDT,CAPITL,61757,24.08,0.4,-15.6,1
22-05-2023 00:00,EDT,CAPITL,61757,26.02,0.28,-19.88,1
22-05-2023 01:00,EDT,CAPITL,61757,23.71,0.25,-18.32,1
22-05-2023 02:00,EDT,CAPITL,61757,21.1,0.27,-15.36,1
22-05-2023 03:00,EDT,CAPITL,61757,20.34,0.25,-15.01,1
22-05-2023 04:00,EDT,CAPITL,61757,20.79,0.25,-15.45,1
22-05-2023 05:00,EDT,CAPITL,61757,22.04,0.31,-15.76,1
22-05-2023 06:00,EDT,CAPITL,61757,29.04,0.4,-21.26,1
22-05-2023 07:00,EDT,CAPITL,61757,34.19,0.34,-27.21,1
22-05-2023 08:00,EDT,CAPITL,61757,27.88,0.4,-19.68,1
22-05-2023 09:00,EDT,CAPITL,61757,22.97,0.43,-13.84,1
22-05-2023 10:00,EDT,CAPITL,61757,23.74,0.43,-14.63,1
22-05-2023 11:00,EDT,CAPITL,61757,23.53,0.42,-14.61,1
22-05-2023 12:00,EDT,CAPITL,61757,23.63,0.4,-14.58,1
22-05-2023 13:00,EDT,CAPITL,61757,26.15,0.38,-17.61,1
22-05-2023 14:00,EDT,CAPITL,61757,27.13,0.37,-19.11,1
22-05-2023 15:00,EDT,CAPITL,61757,29.85,0.38,-21.65,1
22-05-2023 16:00,EDT,CAPITL,61757,35.78,0.45,-26.37,1
22-05-2023 17:00,EDT,CAPITL,61757,48.13,0.5,-37.89,1
22-05-2023 18:00,EDT,CAPITL,61757,48.91,0.54,-37.76,1
22-05-2023 19:00,EDT,CAPITL,61757,43.64,0.99,-24.34,1
22-05-2023 20:00,EDT,CAPITL,61757,42.63,0.99,-22.99,1
22-05-2023 21:00,EDT,CAPITL,61757,38.13,0.49,-28.18,1
22-05-2023 22:00,EDT,CAPITL,61757,26.93,0.55,-16,1
22-05-2023 23:00,EDT,CAPITL,61757,25.09,0.37,-17.51,1
23-05-2023 00:00,EDT,CAPITL,61757,24.57,0.38,-16.98,1
23-05-2023 01:00,EDT,CAPITL,61757,22.97,0.35,-15.54,1
23-05-2023 02:00,EDT,CAPITL,61757,20.89,0.37,-13.33,1
23-05-2023 03:00,EDT,CAPITL,61757,18.85,0.37,-11.28,1
23-05-2023 04:00,EDT,CAPITL,61757,19.87,0.38,-12.28,1
23-05-2023 05:00,EDT,CAPITL,61757,23.11,0.43,-14.63,1
23-05-2023 06:00,EDT,CAPITL,61757,30.25,0.51,-20.49,1
23-05-2023 07:00,EDT,CAPITL,61757,32.55,0.6,-20.08,1
23-05-2023 08:00,EDT,CAPITL,61757,27.66,0.8,-11.99,1
23-05-2023 09:00,EDT,CAPITL,61757,23.62,0.75,-7.52,1
23-05-2023 10:00,EDT,CAPITL,61757,23.34,0.88,-3.66,1
23-05-2023 11:00,EDT,CAPITL,61757,22.83,0.95,-2.41,1
23-05-2023 12:00,EDT,CAPITL,61757,22.41,0.96,-1.1,1
23-05-2023 13:00,EDT,CAPITL,61757,23.48,1.13,-0.67,1
23-05-2023 14:00,EDT,CAPITL,61757,24.33,1.14,-1.74,1
23-05-2023 15:00,EDT,CAPITL,61757,24.67,1.26,-0.15,1
23-05-2023 16:00,EDT,CAPITL,61757,27.93,1.37,-0.21,1
23-05-2023 17:00,EDT,CAPITL,61757,33.26,1.47,-3.57,1
23-05-2023 18:00,EDT,CAPITL,61757,37.54,1.47,-8.39,1
23-05-2023 19:00,EDT,CAPITL,61757,43.21,1.67,-11.12,1
23-05-2023 20:00,EDT,CAPITL,61757,46.5,1.51,-17.58,1
23-05-2023 21:00,EDT,CAPITL,61757,33.6,1.46,-5.59,1
23-05-2023 22:00,EDT,CAPITL,61757,25.37,1.22,-2.35,1
23-05-2023 23:00,EDT,CAPITL,61757,26.5,0.56,-14.3,1
24-05-2023 00:00,EDT,CAPITL,61757,26.2,0.33,-18.61,1
24-05-2023 01:00,EDT,CAPITL,61757,24.37,0.22,-19.07,1
24-05-2023 02:00,EDT,CAPITL,61757,22.58,0.23,-17.23,1
24-05-2023 03:00,EDT,CAPITL,61757,22.65,0.2,-18.08,1
24-05-2023 04:00,EDT,CAPITL,61757,23.24,0.23,-17.91,1
24-05-2023 05:00,EDT,CAPITL,61757,26.36,0.24,-21.01,1
24-05-2023 06:00,EDT,CAPITL,61757,32.18,0.33,-24.87,1
24-05-2023 07:00,EDT,CAPITL,61757,31.75,0.44,-21.31,1
24-05-2023 08:00,EDT,CAPITL,61757,29.05,0.65,-13.58,1
24-05-2023 09:00,EDT,CAPITL,61757,26.7,0.46,-15.4,1
24-05-2023 10:00,EDT,CAPITL,61757,24.3,0.48,-12.47,1
24-05-2023 11:00,EDT,CAPITL,61757,26.16,0.49,-14.58,1
24-05-2023 12:00,EDT,CAPITL,61757,27.26,0.41,-17.98,1
24-05-2023 13:00,EDT,CAPITL,61757,30.6,0.37,-22.72,1
24-05-2023 14:00,EDT,CAPITL,61757,30.77,0.38,-22.94,1
24-05-2023 15:00,EDT,CAPITL,61757,32.98,0.36,-25.54,1
24-05-2023 16:00,EDT,CAPITL,61757,36.03,0.45,-26.23,1
24-05-2023 17:00,EDT,CAPITL,61757,40.17,0.43,-30.48,1
24-05-2023 18:00,EDT,CAPITL,61757,39.69,0.57,-27.05,1
24-05-2023 19:00,EDT,CAPITL,61757,36.7,0.68,-21.21,1
24-05-2023 20:00,EDT,CAPITL,61757,34.89,0.93,-14.64,1
24-05-2023 21:00,EDT,CAPITL,61757,33.46,0.73,-17.29,1
24-05-2023 22:00,EDT,CAPITL,61757,26.06,0.64,-11.14,1
24-05-2023 23:00,EDT,CAPITL,61757,24.68,0.35,-16.45,1
25-05-2023 00:00,EDT,CAPITL,61757,19.84,0.45,-10.46,1
25-05-2023 01:00,EDT,CAPITL,61757,17.99,0.45,-8.53,1
25-05-2023 02:00,EDT,CAPITL,61757,17.91,0.47,-8.43,1
25-05-2023 03:00,EDT,CAPITL,61757,17.68,0.43,-8.97,1
25-05-2023 04:00,EDT,CAPITL,61757,18.05,0.49,-8.39,1
25-05-2023 05:00,EDT,CAPITL,61757,19.69,0.54,-9.04,1
25-05-2023 06:00,EDT,CAPITL,61757,24.72,0.81,-9.5,1
25-05-2023 07:00,EDT,CAPITL,61757,26.1,1.02,-4.73,1
25-05-2023 08:00,EDT,CAPITL,61757,21.77,1.16,-0.23,1
25-05-2023 09:00,EDT,CAPITL,61757,20.59,1.05,0,1
25-05-2023 10:00,EDT,CAPITL,61757,20.42,0.99,0,1
25-05-2023 11:00,EDT,CAPITL,61757,19.5,0.99,-0.17,1
25-05-2023 12:00,EDT,CAPITL,61757,19.43,1.01,0,1
25-05-2023 13:00,EDT,CAPITL,61757,20.68,0.87,-3.64,1
25-05-2023 14:00,EDT,CAPITL,61757,20.81,0.86,-3.98,1
25-05-2023 15:00,EDT,CAPITL,61757,21.34,0.84,-4.64,1
25-05-2023 16:00,EDT,CAPITL,61757,22.1,0.85,-5.21,1
25-05-2023 17:00,EDT,CAPITL,61757,23.8,1.12,-2.24,1
25-05-2023 18:00,EDT,CAPITL,61757,29.17,1.34,-4.8,1
25-05-2023 19:00,EDT,CAPITL,61757,29.05,1.64,0,1
25-05-2023 20:00,EDT,CAPITL,61757,30.6,1.67,-1.47,1
25-05-2023 21:00,EDT,CAPITL,61757,27.55,1.51,0,1
25-05-2023 22:00,EDT,CAPITL,61757,22.29,1.18,0,1
25-05-2023 23:00,EDT,CAPITL,61757,20.02,1.02,0,1
26-05-2023 00:00,EDT,CAPITL,61757,20.63,0.88,-3.41,1
26-05-2023 01:00,EDT,CAPITL,61757,18.36,0.9,-1.05,1
26-05-2023 02:00,EDT,CAPITL,61757,17.41,0.81,-1.21,1
26-05-2023 03:00,EDT,CAPITL,61757,17.91,0.73,-3.69,1
26-05-2023 04:00,EDT,CAPITL,61757,17.69,0.85,-1.36,1
26-05-2023 05:00,EDT,CAPITL,61757,18.8,0.96,-0.32,1
26-05-2023 06:00,EDT,CAPITL,61757,25.09,1.26,0,1
26-05-2023 07:00,EDT,CAPITL,61757,26.51,1.09,0,1
26-05-2023 08:00,EDT,CAPITL,61757,23.21,0.89,0,1
26-05-2023 09:00,EDT,CAPITL,61757,20.04,0.86,0,1
26-05-2023 10:00,EDT,CAPITL,61757,19.18,0.77,0,1
26-05-2023 11:00,EDT,CAPITL,61757,19,0.77,0,1
26-05-2023 12:00,EDT,CAPITL,61757,18.59,0.82,0,1
26-05-2023 13:00,EDT,CAPITL,61757,19.13,0.86,0,1
26-05-2023 14:00,EDT,CAPITL,61757,19.92,0.91,0,1
26-05-2023 15:00,EDT,CAPITL,61757,19.59,0.88,0,1
26-05-2023 16:00,EDT,CAPITL,61757,21.33,0.94,0,1
26-05-2023 17:00,EDT,CAPITL,61757,24.3,1.05,0,1
26-05-2023 18:00,EDT,CAPITL,61757,26.91,1.28,0,1
26-05-2023 19:00,EDT,CAPITL,61757,28.59,1.36,0,1
26-05-2023 20:00,EDT,CAPITL,61757,29.94,1.53,0,1
26-05-2023 21:00,EDT,CAPITL,61757,27.24,1.22,0,1
26-05-2023 22:00,EDT,CAPITL,61757,22.29,1,0,1
26-05-2023 23:00,EDT,CAPITL,61757,19.88,0.98,0,1
27-05-2023 00:00,EDT,CAPITL,61757,19.3,0.96,-0.96,1
27-05-2023 01:00,EDT,CAPITL,61757,18.56,0.88,-2.32,1
27-05-2023 02:00,EDT,CAPITL,61757,18.42,0.82,-3.13,1
27-05-2023 03:00,EDT,CAPITL,61757,17.59,0.71,-4.12,1
27-05-2023 04:00,EDT,CAPITL,61757,17.1,0.69,-4.5,1
27-05-2023 05:00,EDT,CAPITL,61757,17.7,0.74,-4.13,1
27-05-2023 06:00,EDT,CAPITL,61757,20.95,0.65,-8.92,1
27-05-2023 07:00,EDT,CAPITL,61757,21.28,0.78,-6.04,1
27-05-2023 08:00,EDT,CAPITL,61757,17.72,0.84,-1.31,1
27-05-2023 09:00,EDT,CAPITL,61757,17.35,0.87,-0.72,1
27-05-2023 10:00,EDT,CAPITL,61757,15.15,0.76,0,1
27-05-2023 11:00,EDT,CAPITL,61757,15.08,0.7,0,1
27-05-2023 12:00,EDT,CAPITL,61757,14.99,0.71,0,1
27-05-2023 13:00,EDT,CAPITL,61757,16.06,0.75,0,1
27-05-2023 14:00,EDT,CAPITL,61757,16.53,0.76,0,1
27-05-2023 15:00,EDT,CAPITL,61757,17.33,0.84,0,1
27-05-2023 16:00,EDT,CAPITL,61757,19.2,1,0,1
27-05-2023 17:00,EDT,CAPITL,61757,25.07,1.16,-3.11,1
27-05-2023 18:00,EDT,CAPITL,61757,26.72,1.45,-0.66,1
27-05-2023 19:00,EDT,CAPITL,61757,28.63,1.39,-3.66,1
27-05-2023 20:00,EDT,CAPITL,61757,27.87,1.34,-3.73,1
27-05-2023 21:00,EDT,CAPITL,61757,24.28,1.29,-0.35,1
27-05-2023 22:00,EDT,CAPITL,61757,21.27,1.09,0,1
27-05-2023 23:00,EDT,CAPITL,61757,19.05,0.99,0,1
28-05-2023 00:00,EDT,CAPITL,61757,17.16,0.84,-0.85,1
28-05-2023 01:00,EDT,CAPITL,61757,16.52,0.62,-4.53,1
28-05-2023 02:00,EDT,CAPITL,61757,16.61,0.51,-6.96,1
28-05-2023 03:00,EDT,CAPITL,61757,15.43,0.51,-5.55,1
28-05-2023 04:00,EDT,CAPITL,61757,15.08,0.52,-5.32,1
28-05-2023 05:00,EDT,CAPITL,61757,14.48,0.55,-4.52,1
28-05-2023 06:00,EDT,CAPITL,61757,15.46,0.52,-5.82,1
28-05-2023 07:00,EDT,CAPITL,61757,15.85,0.51,-6.04,1
28-05-2023 08:00,EDT,CAPITL,61757,13.79,0.72,0,1
28-05-2023 09:00,EDT,CAPITL,61757,13.9,0.71,0,1
28-05-2023 10:00,EDT,CAPITL,61757,14.97,0.73,0,1
28-05-2023 11:00,EDT,CAPITL,61757,15.64,0.77,0,1
28-05-2023 12:00,EDT,CAPITL,61757,16.22,0.82,0,1
28-05-2023 13:00,EDT,CAPITL,61757,17.39,0.83,0,1
28-05-2023 14:00,EDT,CAPITL,61757,19.22,0.97,0,1
28-05-2023 15:00,EDT,CAPITL,61757,20.41,1.04,0,1
28-05-2023 16:00,EDT,CAPITL,61757,23.7,1.3,0,1
28-05-2023 17:00,EDT,CAPITL,61757,28.68,1.62,0,1
28-05-2023 18:00,EDT,CAPITL,61757,35.63,1.75,-6.04,1
28-05-2023 19:00,EDT,CAPITL,61757,33.48,1.72,-4.05,1
28-05-2023 20:00,EDT,CAPITL,61757,32.85,1.62,-5.99,1
28-05-2023 21:00,EDT,CAPITL,61757,30.74,1.45,-6.62,1
28-05-2023 22:00,EDT,CAPITL,61757,21.37,1.27,0,1
28-05-2023 23:00,EDT,CAPITL,61757,19.64,1.09,0,1
29-05-2023 00:00,EDT,CAPITL,61757,17.5,0.97,-0.02,1
29-05-2023 01:00,EDT,CAPITL,61757,16.11,0.87,0,1
29-05-2023 02:00,EDT,CAPITL,61757,15.26,0.82,-0.01,1
29-05-2023 03:00,EDT,CAPITL,61757,15.36,0.72,-2.17,1
29-05-2023 04:00,EDT,CAPITL,61757,15.72,0.63,-3.97,1
29-05-2023 05:00,EDT,CAPITL,61757,14.31,0.77,-0.43,1
29-05-2023 06:00,EDT,CAPITL,61757,15.19,0.75,-1.78,1
29-05-2023 07:00,EDT,CAPITL,61757,15.46,0.83,-0.32,1
29-05-2023 08:00,EDT,CAPITL,61757,15.29,0.8,0,1
29-05-2023 09:00,EDT,CAPITL,61757,16.04,0.76,0,1
29-05-2023 10:00,EDT,CAPITL,61757,17.49,0.85,0,1
29-05-2023 11:00,EDT,CAPITL,61757,18.67,0.99,0,1
29-05-2023 12:00,EDT,CAPITL,61757,19.53,1.04,0,1
29-05-2023 13:00,EDT,CAPITL,61757,20.57,1.03,0,1
29-05-2023 14:00,EDT,CAPITL,61757,21.79,1.14,0,1
29-05-2023 15:00,EDT,CAPITL,61757,22.9,1.26,0.01,1
29-05-2023 16:00,EDT,CAPITL,61757,25.3,1.49,0.13,1
29-05-2023 17:00,EDT,CAPITL,61757,34.16,1.79,-4.51,1
29-05-2023 18:00,EDT,CAPITL,61757,39.32,1.84,-9.64,1
29-05-2023 19:00,EDT,CAPITL,61757,32.03,1.84,-2.36,1
29-05-2023 20:00,EDT,CAPITL,61757,30.77,1.84,-1.09,1
29-05-2023 21:00,EDT,CAPITL,61757,26.82,1.64,0,1
29-05-2023 22:00,EDT,CAPITL,61757,21.16,1.24,0,1
29-05-2023 23:00,EDT,CAPITL,61757,19.35,1.03,0,1
30-05-2023 00:00,EDT,CAPITL,61757,22.3,0.39,-10.35,1
30-05-2023 01:00,EDT,CAPITL,61757,21.31,0.28,-12.57,1
30-05-2023 02:00,EDT,CAPITL,61757,20.71,0.24,-13.21,1
30-05-2023 03:00,EDT,CAPITL,61757,20.33,0.19,-14.28,1
30-05-2023 04:00,EDT,CAPITL,61757,20.73,0.27,-12.59,1
30-05-2023 05:00,EDT,CAPITL,61757,21.87,0.39,-10.5,1
30-05-2023 06:00,EDT,CAPITL,61757,22.82,0.59,-5.68,1
30-05-2023 07:00,EDT,CAPITL,61757,22.9,0.68,-2.71,1
30-05-2023 08:00,EDT,CAPITL,61757,22.49,0.78,0,1
30-05-2023 09:00,EDT,CAPITL,61757,22.07,0.64,0,1
30-05-2023 10:00,EDT,CAPITL,61757,22.26,0.65,0.02,1
30-05-2023 11:00,EDT,CAPITL,61757,22.91,0.67,0.05,1
30-05-2023 12:00,EDT,CAPITL,61757,23.16,0.7,0.01,1
30-05-2023 13:00,EDT,CAPITL,61757,23.96,0.77,0.11,1
30-05-2023 14:00,EDT,CAPITL,61757,25.83,0.86,0.4,1
30-05-2023 15:00,EDT,CAPITL,61757,28.02,1.02,0.5,1
30-05-2023 16:00,EDT,CAPITL,61757,30.47,1.2,0.62,1
30-05-2023 17:00,EDT,CAPITL,61757,37.56,1.71,1.2,1
30-05-2023 18:00,EDT,CAPITL,61757,38.95,1.83,1.02,1
30-05-2023 19:00,EDT,CAPITL,61757,38.03,1.78,0.8,1
30-05-2023 20:00,EDT,CAPITL,61757,34,1.55,0.63,1
30-05-2023 21:00,EDT,CAPITL,61757,29.73,1.32,0.3,1
30-05-2023 22:00,EDT,CAPITL,61757,23.44,0.97,0,1
30-05-2023 23:00,EDT,CAPITL,61757,22.06,0.79,0,1
31-05-2023 00:00,EDT,CAPITL,61757,19.45,0.78,0,1
31-05-2023 01:00,EDT,CAPITL,61757,17.32,0.87,0,1
31-05-2023 02:00,EDT,CAPITL,61757,16.54,0.85,-0.2,1
31-05-2023 03:00,EDT,CAPITL,61757,16.12,0.83,-0.25,1
31-05-2023 04:00,EDT,CAPITL,61757,16.67,0.87,0,1
31-05-2023 05:00,EDT,CAPITL,61757,18.47,0.91,0,1
31-05-2023 06:00,EDT,CAPITL,61757,21.97,1.12,0,1
31-05-2023 07:00,EDT,CAPITL,61757,23.6,1.17,0,1
31-05-2023 08:00,EDT,CAPITL,61757,23.65,1.19,0,1
31-05-2023 09:00,EDT,CAPITL,61757,23.57,1.04,0,1
31-05-2023 10:00,EDT,CAPITL,61757,23.59,1.06,0,1
31-05-2023 11:00,EDT,CAPITL,61757,23.67,1.06,0,1
31-05-2023 12:00,EDT,CAPITL,61757,24.94,1.16,0,1
31-05-2023 13:00,EDT,CAPITL,61757,28.1,1.24,0,1
31-05-2023 14:00,EDT,CAPITL,61757,29.8,1.34,0,1
31-05-2023 15:00,EDT,CAPITL,61757,30.76,1.49,0,1
31-05-2023 16:00,EDT,CAPITL,61757,34.08,1.78,0,1
31-05-2023 17:00,EDT,CAPITL,61757,45.68,2.47,-4.6,1
31-05-2023 18:00,EDT,CAPITL,61757,44.85,2.73,-0.08,1
31-05-2023 19:00,EDT,CAPITL,61757,40.18,2.52,-0.08,1
31-05-2023 20:00,EDT,CAPITL,61757,40,2,-7.21,1
31-05-2023 21:00,EDT,CAPITL,61757,33.91,1.77,-3.65,1
31-05-2023 22:00,EDT,CAPITL,61757,28.21,1.47,0,1
31-05-2023 23:00,EDT,CAPITL,61757,24.23,1.2,0,1
01-06-2023 00:00,EDT,CAPITL,61757,21.1,0.89,0,1
01-06-2023 01:00,EDT,CAPITL,61757,19.82,0.83,0,1
01-06-2023 02:00,EDT,CAPITL,61757,19.06,0.82,0,1
01-06-2023 03:00,EDT,CAPITL,61757,18.89,0.83,0,1
01-06-2023 04:00,EDT,CAPITL,61757,18.79,0.83,0,1
01-06-2023 05:00,EDT,CAPITL,61757,19.04,0.8,0,1
01-06-2023 06:00,EDT,CAPITL,61757,22.52,0.97,0,1
01-06-2023 07:00,EDT,CAPITL,61757,24.53,1.03,0,1
01-06-2023 08:00,EDT,CAPITL,61757,25.31,1.04,0,1
01-06-2023 09:00,EDT,CAPITL,61757,25.42,1.05,0,1
01-06-2023 10:00,EDT,CAPITL,61757,28.69,1.18,0,1
01-06-2023 11:00,EDT,CAPITL,61757,29.82,1.58,0,1
01-06-2023 12:00,EDT,CAPITL,61757,31.09,1.65,0,1
01-06-2023 13:00,EDT,CAPITL,61757,36.14,1.81,-4.11,1
01-06-2023 14:00,EDT,CAPITL,61757,41.85,1.99,-8.37,1
01-06-2023 15:00,EDT,CAPITL,61757,51.2,2,-16.99,1
01-06-2023 16:00,EDT,CAPITL,61757,55.53,2.4,-15.13,1
01-06-2023 17:00,EDT,CAPITL,61757,84.94,2.99,-35.26,1
01-06-2023 18:00,EDT,CAPITL,61757,82.23,2.93,-34.25,1
01-06-2023 19:00,EDT,CAPITL,61757,79.48,2.12,-45.21,1
01-06-2023 20:00,EDT,CAPITL,61757,70.47,1.93,-38.82,1
01-06-2023 21:00,EDT,CAPITL,61757,54.58,1.75,-25.04,1
01-06-2023 22:00,EDT,CAPITL,61757,37,1.73,-7.43,1
01-06-2023 23:00,EDT,CAPITL,61757,29.09,1.67,-0.07,1
02-06-2023 00:00,EDT,CAPITL,61757,34.72,1.25,-13.71,1
02-06-2023 01:00,EDT,CAPITL,61757,27.28,1.22,-6.01,1
02-06-2023 02:00,EDT,CAPITL,61757,25,1.27,-3.65,1
02-06-2023 03:00,EDT,CAPITL,61757,23,1.18,-2.53,1
02-06-2023 04:00,EDT,CAPITL,61757,23.89,1.18,-3.45,1
02-06-2023 05:00,EDT,CAPITL,61757,23.75,1.26,-2.15,1
02-06-2023 06:00,EDT,CAPITL,61757,25,1.37,-0.76,1
02-06-2023 07:00,EDT,CAPITL,61757,33.52,1.45,-7.56,1
02-06-2023 08:00,EDT,CAPITL,61757,32,1.6,-3.8,1
02-06-2023 09:00,EDT,CAPITL,61757,33.37,1.67,-3.94,1
02-06-2023 10:00,EDT,CAPITL,61757,30.96,1.84,0,1
02-06-2023 11:00,EDT,CAPITL,61757,34.26,2.12,0,1
02-06-2023 12:00,EDT,CAPITL,61757,40.89,2.21,-6.26,1
02-06-2023 13:00,EDT,CAPITL,61757,48,2.17,-13.49,1
02-06-2023 14:00,EDT,CAPITL,61757,42.23,2.48,-1.63,1
02-06-2023 15:00,EDT,CAPITL,61757,47.98,2.42,-9.38,1
02-06-2023 16:00,EDT,CAPITL,61757,65,2.77,-21.55,1
02-06-2023 17:00,EDT,CAPITL,61757,75.55,3.35,-23.02,1
02-06-2023 18:00,EDT,CAPITL,61757,74.07,2.69,-32.34,1
02-06-2023 19:00,EDT,CAPITL,61757,62.01,2.19,-27.61,1
02-06-2023 20:00,EDT,CAPITL,61757,44.8,2.19,-10.44,1
02-06-2023 21:00,EDT,CAPITL,61757,33.35,2.09,0,1
02-06-2023 22:00,EDT,CAPITL,61757,30.77,1.82,0,1
02-06-2023 23:00,EDT,CAPITL,61757,28.02,1.64,0,1
03-06-2023 00:00,EDT,CAPITL,61757,28.22,1.67,0,1
03-06-2023 01:00,EDT,CAPITL,61757,25.18,1.4,0,1
03-06-2023 02:00,EDT,CAPITL,61757,23.58,1.33,0,1
03-06-2023 03:00,EDT,CAPITL,61757,21.94,1.26,0,1
03-06-2023 04:00,EDT,CAPITL,61757,21.77,1.25,0,1
03-06-2023 05:00,EDT,CAPITL,61757,21.2,1.28,0,1
03-06-2023 06:00,EDT,CAPITL,61757,21.45,1.19,0,1
03-06-2023 07:00,EDT,CAPITL,61757,22.6,1.2,0,1
03-06-2023 08:00,EDT,CAPITL,61757,25.55,1.28,-2.64,1
03-06-2023 09:00,EDT,CAPITL,61757,23.75,1.3,0,1
03-06-2023 10:00,EDT,CAPITL,61757,23.66,1.19,0,1
03-06-2023 11:00,EDT,CAPITL,61757,23.47,1.2,0,1
03-06-2023 12:00,EDT,CAPITL,61757,23.95,1.2,0,1
03-06-2023 13:00,EDT,CAPITL,61757,23.07,1.08,0,1
03-06-2023 14:00,EDT,CAPITL,61757,22.45,1.05,0,1
03-06-2023 15:00,EDT,CAPITL,61757,22.3,1.04,0,1
03-06-2023 16:00,EDT,CAPITL,61757,23.02,1.1,0,1
03-06-2023 17:00,EDT,CAPITL,61757,28.45,1.33,0,1
03-06-2023 18:00,EDT,CAPITL,61757,28.22,1.27,0,1
03-06-2023 19:00,EDT,CAPITL,61757,28.34,1.32,0,1
03-06-2023 20:00,EDT,CAPITL,61757,26.8,1.35,0,1
03-06-2023 21:00,EDT,CAPITL,61757,25.01,1.19,0,1
03-06-2023 22:00,EDT,CAPITL,61757,22.03,0.99,0,1
03-06-2023 23:00,EDT,CAPITL,61757,20.18,0.87,0,1
04-06-2023 00:00,EDT,CAPITL,61757,18.59,0.83,0,1
04-06-2023 01:00,EDT,CAPITL,61757,17.13,0.74,0,1
04-06-2023 02:00,EDT,CAPITL,61757,16.81,0.75,0,1
04-06-2023 03:00,EDT,CAPITL,61757,16,0.7,0,1
04-06-2023 04:00,EDT,CAPITL,61757,15.51,0.7,0,1
04-06-2023 05:00,EDT,CAPITL,61757,16.04,0.73,0,1
04-06-2023 06:00,EDT,CAPITL,61757,16,0.69,0,1
04-06-2023 07:00,EDT,CAPITL,61757,15.23,0.63,0,1
04-06-2023 08:00,EDT,CAPITL,61757,16.57,0.68,0,1
04-06-2023 09:00,EDT,CAPITL,61757,14.89,0.61,0,1
04-06-2023 10:00,EDT,CAPITL,61757,14.18,0.58,0,1
04-06-2023 11:00,EDT,CAPITL,61757,14.27,0.6,0,1
04-06-2023 12:00,EDT,CAPITL,61757,14.42,0.61,0,1
04-06-2023 13:00,EDT,CAPITL,61757,14.62,0.56,0,1
04-06-2023 14:00,EDT,CAPITL,61757,14.8,0.54,0,1
04-06-2023 15:00,EDT,CAPITL,61757,16.43,0.56,0,1
04-06-2023 16:00,EDT,CAPITL,61757,18.48,0.71,0,1
04-06-2023 17:00,EDT,CAPITL,61757,22.65,0.87,0,1
04-06-2023 18:00,EDT,CAPITL,61757,24.9,1.16,0,1
04-06-2023 19:00,EDT,CAPITL,61757,26.08,1.22,0,1
04-06-2023 20:00,EDT,CAPITL,61757,25.63,1.24,0,1
04-06-2023 21:00,EDT,CAPITL,61757,23.76,1.11,0,1
04-06-2023 22:00,EDT,CAPITL,61757,20.56,0.9,0,1
04-06-2023 23:00,EDT,CAPITL,61757,18.73,0.81,0,1
05-06-2023 00:00,EDT,CAPITL,61757,19.08,0.89,0,1
05-06-2023 01:00,EDT,CAPITL,61757,17.64,0.86,0,1
05-06-2023 02:00,EDT,CAPITL,61757,16.46,0.81,0,1
05-06-2023 03:00,EDT,CAPITL,61757,16.28,0.8,0,1
05-06-2023 04:00,EDT,CAPITL,61757,16.81,0.8,0,1
05-06-2023 05:00,EDT,CAPITL,61757,18.51,0.78,0,1
05-06-2023 06:00,EDT,CAPITL,61757,21.63,0.93,0,1
05-06-2023 07:00,EDT,CAPITL,61757,22.9,1.05,0,1
05-06-2023 08:00,EDT,CAPITL,61757,23.18,1.02,0,1
05-06-2023 09:00,EDT,CAPITL,61757,23.34,1.03,0,1
05-06-2023 10:00,EDT,CAPITL,61757,23.18,0.96,0,1
05-06-2023 11:00,EDT,CAPITL,61757,23.31,1,0,1
05-06-2023 12:00,EDT,CAPITL,61757,24.09,1.04,0,1
05-06-2023 13:00,EDT,CAPITL,61757,24.49,1.03,0,1
05-06-2023 14:00,EDT,CAPITL,61757,26.06,1.08,0.08,1
05-06-2023 15:00,EDT,CAPITL,61757,28.26,1.2,0.28,1
05-06-2023 16:00,EDT,CAPITL,61757,31.24,1.42,0.31,1
05-06-2023 17:00,EDT,CAPITL,61757,36.65,1.9,0.49,1
05-06-2023 18:00,EDT,CAPITL,61757,35.69,1.86,0,1
05-06-2023 19:00,EDT,CAPITL,61757,34.8,1.84,0,1
05-06-2023 20:00,EDT,CAPITL,61757,33.78,1.82,0,1
05-06-2023 21:00,EDT,CAPITL,61757,29.77,1.52,0,1
05-06-2023 22:00,EDT,CAPITL,61757,23.79,1.15,0,1
05-06-2023 23:00,EDT,CAPITL,61757,22.21,0.94,0,1
06-06-2023 00:00,EDT,CAPITL,61757,18.27,0.79,0,1
06-06-2023 01:00,EDT,CAPITL,61757,16.47,0.71,0,1
06-06-2023 02:00,EDT,CAPITL,61757,15.04,0.65,0,1
06-06-2023 03:00,EDT,CAPITL,61757,14.57,0.64,0,1
06-06-2023 04:00,EDT,CAPITL,61757,14.98,0.63,0,1
06-06-2023 05:00,EDT,CAPITL,61757,16.16,0.67,0,1
06-06-2023 06:00,EDT,CAPITL,61757,20.54,0.9,0,1
06-06-2023 07:00,EDT,CAPITL,61757,21.3,1.03,0,1
06-06-2023 08:00,EDT,CAPITL,61757,21.91,1,0,1
06-06-2023 09:00,EDT,CAPITL,61757,20.85,0.88,0,1
06-06-2023 10:00,EDT,CAPITL,61757,20.96,0.94,0,1
06-06-2023 11:00,EDT,CAPITL,61757,20.98,1,0,1
06-06-2023 12:00,EDT,CAPITL,61757,21.03,0.96,0,1
06-06-2023 13:00,EDT,CAPITL,61757,21.92,1.04,0,1
06-06-2023 14:00,EDT,CAPITL,61757,22.95,1.09,0,1
06-06-2023 15:00,EDT,CAPITL,61757,24.84,1.21,0.07,1
06-06-2023 16:00,EDT,CAPITL,61757,27.73,1.41,0.29,1
06-06-2023 17:00,EDT,CAPITL,61757,33.47,1.7,0.41,1
06-06-2023 18:00,EDT,CAPITL,61757,32.9,1.7,0.24,1
06-06-2023 19:00,EDT,CAPITL,61757,30.87,1.64,0,1
06-06-2023 20:00,EDT,CAPITL,61757,29.11,1.49,0,1
06-06-2023 21:00,EDT,CAPITL,61757,25.78,1.25,0,1
06-06-2023 22:00,EDT,CAPITL,61757,22.29,1.08,0,1
06-06-2023 23:00,EDT,CAPITL,61757,20.72,0.83,0,1
07-06-2023 00:00,EDT,CAPITL,61757,19.6,0.97,0,1
07-06-2023 01:00,EDT,CAPITL,61757,17.56,0.9,0,1
07-06-2023 02:00,EDT,CAPITL,61757,16.92,0.9,-0.13,1
07-06-2023 03:00,EDT,CAPITL,61757,16.2,0.87,0,1
07-06-2023 04:00,EDT,CAPITL,61757,16.16,0.86,0,1
07-06-2023 05:00,EDT,CAPITL,61757,17.57,0.95,0,1
07-06-2023 06:00,EDT,CAPITL,61757,21.23,1.11,-0.88,1
07-06-2023 07:00,EDT,CAPITL,61757,23.63,1.16,-2.81,1
07-06-2023 08:00,EDT,CAPITL,61757,22.94,1.24,-0.99,1
07-06-2023 09:00,EDT,CAPITL,61757,21.98,1.22,0,1
07-06-2023 10:00,EDT,CAPITL,61757,22.21,1.24,0,1
07-06-2023 11:00,EDT,CAPITL,61757,21.96,1.2,0,1
07-06-2023 12:00,EDT,CAPITL,61757,22.11,1.19,-0.12,1
07-06-2023 13:00,EDT,CAPITL,61757,22.61,1.17,-0.94,1
07-06-2023 14:00,EDT,CAPITL,61757,23.49,1.24,0,1
07-06-2023 15:00,EDT,CAPITL,61757,25.6,1.29,-1.64,1
07-06-2023 16:00,EDT,CAPITL,61757,29.9,1.37,-5.33,1
07-06-2023 17:00,EDT,CAPITL,61757,35.85,1.64,-6.89,1
07-06-2023 18:00,EDT,CAPITL,61757,34.32,1.62,-4.68,1
07-06-2023 19:00,EDT,CAPITL,61757,32.58,1.58,-4.29,1
07-06-2023 20:00,EDT,CAPITL,61757,28.82,1.58,0,1
07-06-2023 21:00,EDT,CAPITL,61757,24.71,1.38,0,1
07-06-2023 22:00,EDT,CAPITL,61757,22.84,1.19,0,1
07-06-2023 23:00,EDT,CAPITL,61757,20.8,1.03,0,1
08-06-2023 00:00,EDT,CAPITL,61757,19.36,0.89,0,1
08-06-2023 01:00,EDT,CAPITL,61757,17.41,0.86,0,1
08-06-2023 02:00,EDT,CAPITL,61757,16.43,0.84,0,1
08-06-2023 03:00,EDT,CAPITL,61757,15.97,0.77,0,1
08-06-2023 04:00,EDT,CAPITL,61757,16.22,0.79,0,1
08-06-2023 05:00,EDT,CAPITL,61757,17.94,0.81,0,1
08-06-2023 06:00,EDT,CAPITL,61757,21.65,1.15,0,1
08-06-2023 07:00,EDT,CAPITL,61757,23.58,1.21,0,1
08-06-2023 08:00,EDT,CAPITL,61757,23.21,1.15,0,1
08-06-2023 09:00,EDT,CAPITL,61757,22.59,1.08,0,1
08-06-2023 10:00,EDT,CAPITL,61757,21.61,1.05,0,1
08-06-2023 11:00,EDT,CAPITL,61757,21.03,1,0,1
08-06-2023 12:00,EDT,CAPITL,61757,21.51,1,0,1
08-06-2023 13:00,EDT,CAPITL,61757,21.33,1.02,0,1
08-06-2023 14:00,EDT,CAPITL,61757,21.6,1.05,0,1
08-06-2023 15:00,EDT,CAPITL,61757,21.87,1.06,0,1
08-06-2023 16:00,EDT,CAPITL,61757,24.82,1.18,0,1
08-06-2023 17:00,EDT,CAPITL,61757,28.81,1.42,0,1
08-06-2023 18:00,EDT,CAPITL,61757,29.52,1.48,0,1
08-06-2023 19:00,EDT,CAPITL,61757,27.3,1.45,0,1
08-06-2023 20:00,EDT,CAPITL,61757,27.98,1.38,0,1
08-06-2023 21:00,EDT,CAPITL,61757,24.88,1.3,0,1
08-06-2023 22:00,EDT,CAPITL,61757,21.2,1.09,0,1
08-06-2023 23:00,EDT,CAPITL,61757,19.83,1,0,1
09-06-2023 00:00,EDT,CAPITL,61757,18.69,0.94,0,1
09-06-2023 01:00,EDT,CAPITL,61757,16.52,0.86,0,1
09-06-2023 02:00,EDT,CAPITL,61757,15.72,0.78,0,1
09-06-2023 03:00,EDT,CAPITL,61757,15.3,0.76,0,1
09-06-2023 04:00,EDT,CAPITL,61757,15.85,0.78,0,1
09-06-2023 05:00,EDT,CAPITL,61757,17.39,0.87,0,1
09-06-2023 06:00,EDT,CAPITL,61757,20.51,1.11,0,1
09-06-2023 07:00,EDT,CAPITL,61757,22.22,1.1,0,1
09-06-2023 08:00,EDT,CAPITL,61757,22.5,1.05,0,1
09-06-2023 09:00,EDT,CAPITL,61757,22.2,1,0,1
09-06-2023 10:00,EDT,CAPITL,61757,21.42,1.1,0,1
09-06-2023 11:00,EDT,CAPITL,61757,20.93,1.05,0,1
09-06-2023 12:00,EDT,CAPITL,61757,20.54,1.01,0,1
09-06-2023 13:00,EDT,CAPITL,61757,21.26,1.05,0,1
09-06-2023 14:00,EDT,CAPITL,61757,21.44,1.04,0,1
09-06-2023 15:00,EDT,CAPITL,61757,21.66,1.01,0,1
09-06-2023 16:00,EDT,CAPITL,61757,22.92,1.09,0,1
09-06-2023 17:00,EDT,CAPITL,61757,26.1,1.36,0,1
09-06-2023 18:00,EDT,CAPITL,61757,27.44,1.43,0,1
09-06-2023 19:00,EDT,CAPITL,61757,25.98,1.42,0,1
09-06-2023 20:00,EDT,CAPITL,61757,25.76,1.39,0,1
09-06-2023 21:00,EDT,CAPITL,61757,23.55,1.27,0,1
09-06-2023 22:00,EDT,CAPITL,61757,22.07,1.07,0,1
09-06-2023 23:00,EDT,CAPITL,61757,19.74,0.99,0,1
10-06-2023 00:00,EDT,CAPITL,61757,19.84,1.03,0,1
10-06-2023 01:00,EDT,CAPITL,61757,18.11,0.94,0,1
10-06-2023 02:00,EDT,CAPITL,61757,17.05,0.9,0,1
10-06-2023 03:00,EDT,CAPITL,61757,16.4,0.84,0,1
10-06-2023 04:00,EDT,CAPITL,61757,16.36,0.84,-0.2,1
10-06-2023 05:00,EDT,CAPITL,61757,16.89,0.91,0,1
10-06-2023 06:00,EDT,CAPITL,61757,18.53,0.98,0,1
10-06-2023 07:00,EDT,CAPITL,61757,20.6,0.96,-2.26,1
10-06-2023 08:00,EDT,CAPITL,61757,20.41,1.12,0,1
10-06-2023 09:00,EDT,CAPITL,61757,19.36,1.1,0,1
10-06-2023 10:00,EDT,CAPITL,61757,19.37,1.01,0,1
10-06-2023 11:00,EDT,CAPITL,61757,19.31,0.97,0,1
10-06-2023 12:00,EDT,CAPITL,61757,19.29,0.97,0,1
10-06-2023 13:00,EDT,CAPITL,61757,19.25,0.92,0,1
10-06-2023 14:00,EDT,CAPITL,61757,19.32,0.85,0,1
10-06-2023 15:00,EDT,CAPITL,61757,20,0.84,0,1
10-06-2023 16:00,EDT,CAPITL,61757,24.33,1.16,0,1
10-06-2023 17:00,EDT,CAPITL,61757,27.58,1.46,0,1
10-06-2023 18:00,EDT,CAPITL,61757,28.61,1.52,0,1
10-06-2023 19:00,EDT,CAPITL,61757,27.95,1.46,0,1
10-06-2023 20:00,EDT,CAPITL,61757,26.93,1.35,0,1
10-06-2023 21:00,EDT,CAPITL,61757,24.35,1.29,0,1
10-06-2023 22:00,EDT,CAPITL,61757,21.38,1.15,0,1
10-06-2023 23:00,EDT,CAPITL,61757,20.04,1.03,0,1
11-06-2023 00:00,EDT,CAPITL,61757,20.08,1,-0.83,1
11-06-2023 01:00,EDT,CAPITL,61757,18.94,0.81,-2.88,1
11-06-2023 02:00,EDT,CAPITL,61757,17.3,0.81,-1.18,1
11-06-2023 03:00,EDT,CAPITL,61757,15.93,0.79,-0.4,1
11-06-2023 04:00,EDT,CAPITL,61757,15.55,0.79,-0.22,1
11-06-2023 05:00,EDT,CAPITL,61757,16.22,0.83,-0.22,1
11-06-2023 06:00,EDT,CAPITL,61757,18.03,0.8,-1.93,1
11-06-2023 07:00,EDT,CAPITL,61757,18.47,0.82,-2.25,1
11-06-2023 08:00,EDT,CAPITL,61757,18.91,0.86,-2.68,1
11-06-2023 09:00,EDT,CAPITL,61757,19.52,0.88,-2.86,1
11-06-2023 10:00,EDT,CAPITL,61757,19.8,0.98,-1.22,1
11-06-2023 11:00,EDT,CAPITL,61757,20.75,1.1,-0.61,1
11-06-2023 12:00,EDT,CAPITL,61757,21.77,1.19,0,1
11-06-2023 13:00,EDT,CAPITL,61757,23.4,1.28,0,1
11-06-2023 14:00,EDT,CAPITL,61757,25.25,1.29,0,1
11-06-2023 15:00,EDT,CAPITL,61757,26.26,1.3,0.13,1
11-06-2023 16:00,EDT,CAPITL,61757,31.32,1.54,-2.66,1
11-06-2023 17:00,EDT,CAPITL,61757,38.95,1.76,-6.81,1
11-06-2023 18:00,EDT,CAPITL,61757,56.82,1.6,-28.97,1
11-06-2023 19:00,EDT,CAPITL,61757,41.2,1.6,-13.36,1
11-06-2023 20:00,EDT,CAPITL,61757,39.27,1.54,-12.47,1
11-06-2023 21:00,EDT,CAPITL,61757,32.55,1.41,-7.57,1
11-06-2023 22:00,EDT,CAPITL,61757,27.2,1.16,-6.43,1
11-06-2023 23:00,EDT,CAPITL,61757,22.81,1.08,-3.47,1
12-06-2023 00:00,EDT,CAPITL,61757,19.66,1.02,-0.43,1
12-06-2023 01:00,EDT,CAPITL,61757,18.64,0.86,-2.1,1
12-06-2023 02:00,EDT,CAPITL,61757,17.62,0.9,-1.28,1
12-06-2023 03:00,EDT,CAPITL,61757,17.96,0.71,-5.06,1
12-06-2023 04:00,EDT,CAPITL,61757,17.3,0.86,-1.67,1
12-06-2023 05:00,EDT,CAPITL,61757,18.62,0.89,-2.33,1
12-06-2023 06:00,EDT,CAPITL,61757,24,0.92,-7.72,1
12-06-2023 07:00,EDT,CAPITL,61757,23.92,1.01,-5.84,1
12-06-2023 08:00,EDT,CAPITL,61757,28.83,1.14,-7.62,1
12-06-2023 09:00,EDT,CAPITL,61757,28.92,1.18,-7.44,1
12-06-2023 10:00,EDT,CAPITL,61757,29.1,1.29,-6.23,1
12-06-2023 11:00,EDT,CAPITL,61757,32.74,1.28,-9.41,1
12-06-2023 12:00,EDT,CAPITL,61757,35.09,1.33,-10.83,1
12-06-2023 13:00,EDT,CAPITL,61757,35.38,1.18,-13.58,1
12-06-2023 14:00,EDT,CAPITL,61757,38.23,1.17,-16.15,1
12-06-2023 15:00,EDT,CAPITL,61757,42.15,1.19,-20.13,1
12-06-2023 16:00,EDT,CAPITL,61757,50.56,1.12,-29.81,1
12-06-2023 17:00,EDT,CAPITL,61757,50.26,1.46,-23.14,1
12-06-2023 18:00,EDT,CAPITL,61757,42.67,1.46,-15.64,1
12-06-2023 19:00,EDT,CAPITL,61757,42.81,1.4,-18.02,1
12-06-2023 20:00,EDT,CAPITL,61757,39.52,1.4,-14.85,1
12-06-2023 21:00,EDT,CAPITL,61757,30.91,1.33,-7.38,1
12-06-2023 22:00,EDT,CAPITL,61757,24.36,1.29,-2.22,1
12-06-2023 23:00,EDT,CAPITL,61757,20.72,1.09,-0.76,1
13-06-2023 00:00,EDT,CAPITL,61757,19.61,1.15,-0.21,1
13-06-2023 01:00,EDT,CAPITL,61757,18.47,0.97,-0.84,1
13-06-2023 02:00,EDT,CAPITL,61757,17.37,0.94,-0.49,1
13-06-2023 03:00,EDT,CAPITL,61757,16.6,0.93,-0.21,1
13-06-2023 04:00,EDT,CAPITL,61757,16.98,0.95,-0.14,1
13-06-2023 05:00,EDT,CAPITL,61757,17.94,1.02,0,1
13-06-2023 06:00,EDT,CAPITL,61757,20.43,1.14,0.01,1
13-06-2023 07:00,EDT,CAPITL,61757,23.03,1.22,-1.56,1
13-06-2023 08:00,EDT,CAPITL,61757,25.08,1.28,-3.12,1
13-06-2023 09:00,EDT,CAPITL,61757,24.48,1.32,-1.49,1
13-06-2023 10:00,EDT,CAPITL,61757,26.77,1.27,-4.69,1
13-06-2023 11:00,EDT,CAPITL,61757,26.88,1.26,-4.65,1
13-06-2023 12:00,EDT,CAPITL,61757,26.09,1.33,-2.67,1
13-06-2023 13:00,EDT,CAPITL,61757,24.18,1.39,0.37,1
13-06-2023 14:00,EDT,CAPITL,61757,25.37,1.43,0.35,1
13-06-2023 15:00,EDT,CAPITL,61757,26.87,1.53,0.23,1
13-06-2023 16:00,EDT,CAPITL,61757,29.98,1.72,0.46,1
13-06-2023 17:00,EDT,CAPITL,61757,33.57,1.96,0.51,1
13-06-2023 18:00,EDT,CAPITL,61757,33.34,1.83,-2.04,1
13-06-2023 19:00,EDT,CAPITL,61757,31.93,1.79,-1.26,1
13-06-2023 20:00,EDT,CAPITL,61757,28.75,1.68,0,1
13-06-2023 21:00,EDT,CAPITL,61757,25.22,1.5,0,1
13-06-2023 22:00,EDT,CAPITL,61757,22.71,1.24,0,1
13-06-2023 23:00,EDT,CAPITL,61757,20.62,1.09,0,1
14-06-2023 00:00,EDT,CAPITL,61757,21.59,1.11,0,1
14-06-2023 01:00,EDT,CAPITL,61757,20.11,1.05,0,1
14-06-2023 02:00,EDT,CAPITL,61757,18.83,0.9,0,1
14-06-2023 03:00,EDT,CAPITL,61757,17.41,0.84,0,1
14-06-2023 04:00,EDT,CAPITL,61757,18.77,0.89,0,1
14-06-2023 05:00,EDT,CAPITL,61757,19.65,0.97,0,1
14-06-2023 06:00,EDT,CAPITL,61757,21.86,1.12,0,1
14-06-2023 07:00,EDT,CAPITL,61757,22.09,1.13,0,1
14-06-2023 08:00,EDT,CAPITL,61757,22.88,1.11,0,1
14-06-2023 09:00,EDT,CAPITL,61757,22.57,1.06,0.03,1
14-06-2023 10:00,EDT,CAPITL,61757,22.41,0.95,0.09,1
14-06-2023 11:00,EDT,CAPITL,61757,22.56,1.04,0.11,1
14-06-2023 12:00,EDT,CAPITL,61757,23.29,1.1,0.18,1
14-06-2023 13:00,EDT,CAPITL,61757,24.46,1.18,0.28,1
14-06-2023 14:00,EDT,CAPITL,61757,24.78,1.22,0.31,1
14-06-2023 15:00,EDT,CAPITL,61757,25.34,1.34,0.35,1
14-06-2023 16:00,EDT,CAPITL,61757,28.67,1.44,0.5,1
14-06-2023 17:00,EDT,CAPITL,61757,29.32,1.58,0.94,1
14-06-2023 18:00,EDT,CAPITL,61757,29.9,1.54,-0.84,1
14-06-2023 19:00,EDT,CAPITL,61757,31.39,1.39,-4.65,1
14-06-2023 20:00,EDT,CAPITL,61757,27.57,1.46,0,1
14-06-2023 21:00,EDT,CAPITL,61757,25.54,1.33,0,1
14-06-2023 22:00,EDT,CAPITL,61757,22.87,1.15,0,1
14-06-2023 23:00,EDT,CAPITL,61757,21.7,1.07,0,1
15-06-2023 00:00,EDT,CAPITL,61757,20.89,1.07,0,1
15-06-2023 01:00,EDT,CAPITL,61757,19.51,1.05,0,1
15-06-2023 02:00,EDT,CAPITL,61757,18.06,0.91,0,1
15-06-2023 03:00,EDT,CAPITL,61757,17.49,0.91,0,1
15-06-2023 04:00,EDT,CAPITL,61757,17.62,0.92,0,1
15-06-2023 05:00,EDT,CAPITL,61757,19.07,1.03,0,1
15-06-2023 06:00,EDT,CAPITL,61757,21.78,1.18,0.06,1
15-06-2023 07:00,EDT,CAPITL,61757,22.79,1.23,0.43,1
15-06-2023 08:00,EDT,CAPITL,61757,23.84,1.26,0.35,1
15-06-2023 09:00,EDT,CAPITL,61757,22.95,1.14,0.18,1
15-06-2023 10:00,EDT,CAPITL,61757,22.7,1.06,0,1
15-06-2023 11:00,EDT,CAPITL,61757,22.9,1.13,0,1
15-06-2023 12:00,EDT,CAPITL,61757,23.07,1.17,0.2,1
15-06-2023 13:00,EDT,CAPITL,61757,24.98,1.34,0.31,1
15-06-2023 14:00,EDT,CAPITL,61757,26.56,1.41,0.09,1
15-06-2023 15:00,EDT,CAPITL,61757,27.32,1.45,0,1
15-06-2023 16:00,EDT,CAPITL,61757,30.98,1.73,0.08,1
15-06-2023 17:00,EDT,CAPITL,61757,39.89,1.93,-6.26,1
15-06-2023 18:00,EDT,CAPITL,61757,46.28,1.91,-13.57,1
15-06-2023 19:00,EDT,CAPITL,61757,40.27,2,-6.05,1
15-06-2023 20:00,EDT,CAPITL,61757,31.09,1.76,0,1
15-06-2023 21:00,EDT,CAPITL,61757,29.11,1.71,-0.34,1
15-06-2023 22:00,EDT,CAPITL,61757,25.78,1.46,0,1
15-06-2023 23:00,EDT,CAPITL,61757,23.2,1.27,0,1
16-06-2023 00:00,EDT,CAPITL,61757,21.25,1.26,0,1
16-06-2023 01:00,EDT,CAPITL,61757,19.11,1.08,0,1
16-06-2023 02:00,EDT,CAPITL,61757,18.09,1.06,0,1
16-06-2023 03:00,EDT,CAPITL,61757,17.06,0.98,0,1
16-06-2023 04:00,EDT,CAPITL,61757,16.99,0.98,0,1
16-06-2023 05:00,EDT,CAPITL,61757,18.98,1.07,0,1
16-06-2023 06:00,EDT,CAPITL,61757,21.44,1.23,0,1
16-06-2023 07:00,EDT,CAPITL,61757,22.81,1.3,0.07,1
16-06-2023 08:00,EDT,CAPITL,61757,23.46,1.32,0.21,1
16-06-2023 09:00,EDT,CAPITL,61757,24.44,1.36,0,1
16-06-2023 10:00,EDT,CAPITL,61757,25.22,1.43,-0.29,1
16-06-2023 11:00,EDT,CAPITL,61757,29.52,1.44,-5.17,1
16-06-2023 12:00,EDT,CAPITL,61757,29.59,1.4,-3.99,1
16-06-2023 13:00,EDT,CAPITL,61757,30.9,1.4,-5.29,1
16-06-2023 14:00,EDT,CAPITL,61757,31.13,1.37,-5.66,1
16-06-2023 15:00,EDT,CAPITL,61757,28.14,1.4,-2.25,1
16-06-2023 16:00,EDT,CAPITL,61757,31.06,1.52,-3.37,1
16-06-2023 17:00,EDT,CAPITL,61757,36.72,1.52,-9.34,1
16-06-2023 18:00,EDT,CAPITL,61757,36.21,1.55,-8.43,1
16-06-2023 19:00,EDT,CAPITL,61757,33.46,1.44,-7.59,1
16-06-2023 20:00,EDT,CAPITL,61757,29.99,1.39,-5.38,1
16-06-2023 21:00,EDT,CAPITL,61757,29.34,1.35,-6.29,1
16-06-2023 22:00,EDT,CAPITL,61757,23.07,1.31,-0.32,1
16-06-2023 23:00,EDT,CAPITL,61757,22.09,1.25,0,1
17-06-2023 00:00,EDT,CAPITL,61757,22.9,0.97,-3.53,1
17-06-2023 01:00,EDT,CAPITL,61757,20.24,0.78,-4.23,1
17-06-2023 02:00,EDT,CAPITL,61757,19.09,0.74,-3.92,1
17-06-2023 03:00,EDT,CAPITL,61757,18.53,0.68,-5.06,1
17-06-2023 04:00,EDT,CAPITL,61757,17.27,0.77,-2.25,1
17-06-2023 05:00,EDT,CAPITL,61757,18.01,0.8,-2.42,1
17-06-2023 06:00,EDT,CAPITL,61757,19.5,0.8,-3.51,1
17-06-2023 07:00,EDT,CAPITL,61757,20.87,0.81,-4.86,1
17-06-2023 08:00,EDT,CAPITL,61757,22.17,0.98,-3.38,1
17-06-2023 09:00,EDT,CAPITL,61757,22.51,1,-3.58,1
17-06-2023 10:00,EDT,CAPITL,61757,23.51,1.01,-4.13,1
17-06-2023 11:00,EDT,CAPITL,61757,25.25,1.01,-5.87,1
17-06-2023 12:00,EDT,CAPITL,61757,25.73,0.95,-6.4,1
17-06-2023 13:00,EDT,CAPITL,61757,26.51,0.94,-7.44,1
17-06-2023 14:00,EDT,CAPITL,61757,26.62,0.96,-7.23,1
17-06-2023 15:00,EDT,CAPITL,61757,23.62,1.03,-2.7,1
17-06-2023 16:00,EDT,CAPITL,61757,27.56,1.09,-6.22,1
17-06-2023 17:00,EDT,CAPITL,61757,28.63,1.26,-4.94,1
17-06-2023 18:00,EDT,CAPITL,61757,25.89,1.41,0.33,1
17-06-2023 19:00,EDT,CAPITL,61757,25.89,1.42,0,1
17-06-2023 20:00,EDT,CAPITL,61757,23.97,1.34,0,1
17-06-2023 21:00,EDT,CAPITL,61757,23.35,1.28,0,1
17-06-2023 22:00,EDT,CAPITL,61757,21.83,1.29,0,1
17-06-2023 23:00,EDT,CAPITL,61757,21.15,1.03,-1.77,1
18-06-2023 00:00,EDT,CAPITL,61757,19.42,1.01,0,1
18-06-2023 01:00,EDT,CAPITL,61757,17.52,0.88,0,1
18-06-2023 02:00,EDT,CAPITL,61757,17.46,0.91,0,1
18-06-2023 03:00,EDT,CAPITL,61757,15.76,0.84,0,1
18-06-2023 04:00,EDT,CAPITL,61757,15.64,0.8,0,1
18-06-2023 05:00,EDT,CAPITL,61757,15.63,0.81,0,1
18-06-2023 06:00,EDT,CAPITL,61757,15.22,0.81,0,1
18-06-2023 07:00,EDT,CAPITL,61757,16.01,0.83,0,1
18-06-2023 08:00,EDT,CAPITL,61757,17.46,0.89,0,1
18-06-2023 09:00,EDT,CAPITL,61757,18.49,0.93,0,1
18-06-2023 10:00,EDT,CAPITL,61757,19.33,1.01,0,1
18-06-2023 11:00,EDT,CAPITL,61757,19.56,1.02,0,1
18-06-2023 12:00,EDT,CAPITL,61757,19.86,1.02,0,1
18-06-2023 13:00,EDT,CAPITL,61757,20.47,1.08,0,1
18-06-2023 14:00,EDT,CAPITL,61757,20.63,0.98,0,1
18-06-2023 15:00,EDT,CAPITL,61757,22.28,1.06,0,1
18-06-2023 16:00,EDT,CAPITL,61757,26.55,1.22,0,1
18-06-2023 17:00,EDT,CAPITL,61757,30.38,1.45,0,1
18-06-2023 18:00,EDT,CAPITL,61757,32.05,1.64,0,1
18-06-2023 19:00,EDT,CAPITL,61757,29.88,1.58,0,1
18-06-2023 20:00,EDT,CAPITL,61757,27.55,1.41,0,1
18-06-2023 21:00,EDT,CAPITL,61757,25.66,1.31,0,1
18-06-2023 22:00,EDT,CAPITL,61757,23.51,1.2,0,1
18-06-2023 23:00,EDT,CAPITL,61757,21.38,1.06,0,1
19-06-2023 00:00,EDT,CAPITL,61757,20.6,0.94,0,1
19-06-2023 01:00,EDT,CAPITL,61757,18.91,0.81,0,1
19-06-2023 02:00,EDT,CAPITL,61757,17.55,0.77,0,1
19-06-2023 03:00,EDT,CAPITL,61757,16.83,0.79,0,1
19-06-2023 04:00,EDT,CAPITL,61757,16.8,0.75,0,1
19-06-2023 05:00,EDT,CAPITL,61757,17.32,0.78,0,1
19-06-2023 06:00,EDT,CAPITL,61757,19.76,0.94,0,1
19-06-2023 07:00,EDT,CAPITL,61757,21.39,1,0,1
19-06-2023 08:00,EDT,CAPITL,61757,23.16,1,0,1
19-06-2023 09:00,EDT,CAPITL,61757,23.92,1.03,0,1
19-06-2023 10:00,EDT,CAPITL,61757,24.1,1.08,0,1
19-06-2023 11:00,EDT,CAPITL,61757,24.69,1.06,0,1
19-06-2023 12:00,EDT,CAPITL,61757,25.44,1.1,0.06,1
19-06-2023 13:00,EDT,CAPITL,61757,26.96,1.12,0.18,1
19-06-2023 14:00,EDT,CAPITL,61757,29.88,1.31,0.58,1
19-06-2023 15:00,EDT,CAPITL,61757,30.04,1.35,0.57,1
19-06-2023 16:00,EDT,CAPITL,61757,35.78,1.79,1.09,1
19-06-2023 17:00,EDT,CAPITL,61757,40.97,2.26,0.28,1
19-06-2023 18:00,EDT,CAPITL,61757,38.42,2.21,0.7,1
19-06-2023 19:00,EDT,CAPITL,61757,35.57,2,0.27,1
19-06-2023 20:00,EDT,CAPITL,61757,31.75,1.88,0,1
19-06-2023 21:00,EDT,CAPITL,61757,30.43,1.78,0,1
19-06-2023 22:00,EDT,CAPITL,61757,25.53,1.38,0,1
19-06-2023 23:00,EDT,CAPITL,61757,22.83,1.15,0,1
20-06-2023 00:00,EDT,CAPITL,61757,20.66,1.04,0,1
20-06-2023 01:00,EDT,CAPITL,61757,18.62,0.92,0,1
20-06-2023 02:00,EDT,CAPITL,61757,17.63,0.87,0,1
20-06-2023 03:00,EDT,CAPITL,61757,17.5,0.86,0,1
20-06-2023 04:00,EDT,CAPITL,61757,17.61,0.85,0,1
20-06-2023 05:00,EDT,CAPITL,61757,18.44,0.89,0,1
20-06-2023 06:00,EDT,CAPITL,61757,21.52,1.12,-0.04,1
20-06-2023 07:00,EDT,CAPITL,61757,23.47,1.14,0,1
20-06-2023 08:00,EDT,CAPITL,61757,24.22,1.13,0,1
20-06-2023 09:00,EDT,CAPITL,61757,24.27,1.13,0,1
20-06-2023 10:00,EDT,CAPITL,61757,25.74,1.23,0,1
20-06-2023 11:00,EDT,CAPITL,61757,27.18,1.17,0,1
20-06-2023 12:00,EDT,CAPITL,61757,28.11,1.24,0,1
20-06-2023 13:00,EDT,CAPITL,61757,29.2,1.26,0.12,1
20-06-2023 14:00,EDT,CAPITL,61757,30.3,1.28,0.22,1
20-06-2023 15:00,EDT,CAPITL,61757,31.18,1.39,0.36,1
20-06-2023 16:00,EDT,CAPITL,61757,35.58,1.6,0.69,1
20-06-2023 17:00,EDT,CAPITL,61757,39.83,1.87,0.32,1
20-06-2023 18:00,EDT,CAPITL,61757,38.35,1.86,0,1
20-06-2023 19:00,EDT,CAPITL,61757,35.54,1.82,0,1
20-06-2023 20:00,EDT,CAPITL,61757,31.63,1.73,0,1
20-06-2023 21:00,EDT,CAPITL,61757,29.88,1.64,0,1
20-06-2023 22:00,EDT,CAPITL,61757,25.73,1.29,0,1
20-06-2023 23:00,EDT,CAPITL,61757,23.4,1.22,0,1
21-06-2023 00:00,EDT,CAPITL,61757,20.13,0.94,0,1
21-06-2023 01:00,EDT,CAPITL,61757,18.76,0.81,0,1
21-06-2023 02:00,EDT,CAPITL,61757,17.45,0.8,0,1
21-06-2023 03:00,EDT,CAPITL,61757,16.83,0.77,0,1
21-06-2023 04:00,EDT,CAPITL,61757,16.8,0.8,0,1
21-06-2023 05:00,EDT,CAPITL,61757,17.7,0.78,0,1
21-06-2023 06:00,EDT,CAPITL,61757,20.74,0.93,0,1
21-06-2023 07:00,EDT,CAPITL,61757,22.38,0.9,0.07,1
21-06-2023 08:00,EDT,CAPITL,61757,23.79,1.11,0.48,1
21-06-2023 09:00,EDT,CAPITL,61757,23.86,0.98,0,1
21-06-2023 10:00,EDT,CAPITL,61757,23.53,0.86,0,1
21-06-2023 11:00,EDT,CAPITL,61757,24.24,0.91,0,1
21-06-2023 12:00,EDT,CAPITL,61757,24.79,0.91,0,1
21-06-2023 13:00,EDT,CAPITL,61757,26.14,1.01,0.05,1
21-06-2023 14:00,EDT,CAPITL,61757,26.83,1.06,0.12,1
21-06-2023 15:00,EDT,CAPITL,61757,27.68,1.14,0.1,1
21-06-2023 16:00,EDT,CAPITL,61757,31.28,1.32,0.09,1
21-06-2023 17:00,EDT,CAPITL,61757,34.73,1.53,0,1
21-06-2023 18:00,EDT,CAPITL,61757,35.21,1.68,0,1
21-06-2023 19:00,EDT,CAPITL,61757,33.66,1.57,0,1
21-06-2023 20:00,EDT,CAPITL,61757,30.34,1.55,0,1
21-06-2023 21:00,EDT,CAPITL,61757,27.27,1.37,0,1
21-06-2023 22:00,EDT,CAPITL,61757,23.81,1.09,0,1
21-06-2023 23:00,EDT,CAPITL,61757,21.59,0.93,0,1
22-06-2023 00:00,EDT,CAPITL,61757,21.44,0.88,0,1
22-06-2023 01:00,EDT,CAPITL,61757,19.11,0.84,0,1
22-06-2023 02:00,EDT,CAPITL,61757,18.79,0.83,0,1
22-06-2023 03:00,EDT,CAPITL,61757,17.92,0.82,0,1
22-06-2023 04:00,EDT,CAPITL,61757,18.33,0.84,0,1
22-06-2023 05:00,EDT,CAPITL,61757,19.62,0.88,0,1
22-06-2023 06:00,EDT,CAPITL,61757,22.14,1.07,0.28,1
22-06-2023 07:00,EDT,CAPITL,61757,23.46,1.15,0.71,1
22-06-2023 08:00,EDT,CAPITL,61757,24.82,1.24,0.68,1
22-06-2023 09:00,EDT,CAPITL,61757,23.48,1.05,0.41,1
22-06-2023 10:00,EDT,CAPITL,61757,24.89,1.05,0.12,1
22-06-2023 11:00,EDT,CAPITL,61757,24.96,1.06,0.26,1
22-06-2023 12:00,EDT,CAPITL,61757,25.32,1.07,0.01,1
22-06-2023 13:00,EDT,CAPITL,61757,25.7,1.18,0.03,1
22-06-2023 14:00,EDT,CAPITL,61757,26.12,1.17,0,1
22-06-2023 15:00,EDT,CAPITL,61757,26.38,1.18,0,1
22-06-2023 16:00,EDT,CAPITL,61757,28.97,1.41,0.11,1
22-06-2023 17:00,EDT,CAPITL,61757,31.23,1.58,0.12,1
22-06-2023 18:00,EDT,CAPITL,61757,30.59,1.63,0.13,1
22-06-2023 19:00,EDT,CAPITL,61757,29.45,1.59,0,1
22-06-2023 20:00,EDT,CAPITL,61757,28.36,1.61,0,1
22-06-2023 21:00,EDT,CAPITL,61757,26.84,1.42,0,1
22-06-2023 22:00,EDT,CAPITL,61757,24.04,1.19,0,1
22-06-2023 23:00,EDT,CAPITL,61757,21.58,1.07,0,1
23-06-2023 00:00,EDT,CAPITL,61757,20.85,1.09,0,1
23-06-2023 01:00,EDT,CAPITL,61757,19.21,0.93,0,1
23-06-2023 02:00,EDT,CAPITL,61757,18.59,0.92,0,1
23-06-2023 03:00,EDT,CAPITL,61757,18.49,0.9,0,1
23-06-2023 04:00,EDT,CAPITL,61757,18.21,0.88,0,1
23-06-2023 05:00,EDT,CAPITL,61757,20.04,1.06,0,1
23-06-2023 06:00,EDT,CAPITL,61757,23.07,1.23,0.13,1
23-06-2023 07:00,EDT,CAPITL,61757,25.14,1.35,-0.15,1
23-06-2023 08:00,EDT,CAPITL,61757,27.36,1.42,-1.82,1
23-06-2023 09:00,EDT,CAPITL,61757,28.36,1.57,-0.63,1
23-06-2023 10:00,EDT,CAPITL,61757,39.01,1.43,-12.42,1
23-06-2023 11:00,EDT,CAPITL,61757,38.69,1.54,-10.66,1
23-06-2023 12:00,EDT,CAPITL,61757,40.66,1.56,-12.22,1
23-06-2023 13:00,EDT,CAPITL,61757,46.93,1.61,-18.03,1
23-06-2023 14:00,EDT,CAPITL,61757,44.2,1.61,-14.37,1
23-06-2023 15:00,EDT,CAPITL,61757,48.75,1.77,-15.93,1
23-06-2023 16:00,EDT,CAPITL,61757,68.82,1.54,-41.09,1
23-06-2023 17:00,EDT,CAPITL,61757,76.1,1.86,-42.73,1
23-06-2023 18:00,EDT,CAPITL,61757,84.86,1.49,-58.87,1
23-06-2023 19:00,EDT,CAPITL,61757,71.18,1.47,-45.54,1
23-06-2023 20:00,EDT,CAPITL,61757,66.15,1.5,-40.38,1
23-06-2023 21:00,EDT,CAPITL,61757,46.8,1.55,-19.83,1
23-06-2023 22:00,EDT,CAPITL,61757,40.56,1.46,-15.1,1
23-06-2023 23:00,EDT,CAPITL,61757,36.72,1.49,-11.19,1
24-06-2023 00:00,EDT,CAPITL,61757,29.85,1.72,-0.38,1
24-06-2023 01:00,EDT,CAPITL,61757,26.76,1.44,0,1
24-06-2023 02:00,EDT,CAPITL,61757,26.72,1.3,0,1
24-06-2023 03:00,EDT,CAPITL,61757,26.06,1.29,0,1
24-06-2023 04:00,EDT,CAPITL,61757,25.8,1.32,0,1
24-06-2023 05:00,EDT,CAPITL,61757,25.84,1.28,0,1
24-06-2023 06:00,EDT,CAPITL,61757,26.4,1.28,0,1
24-06-2023 07:00,EDT,CAPITL,61757,26.41,1.35,0,1
24-06-2023 08:00,EDT,CAPITL,61757,28.02,1.5,-0.67,1
24-06-2023 09:00,EDT,CAPITL,61757,31.63,1.56,-4.09,1
24-06-2023 10:00,EDT,CAPITL,61757,31.06,1.59,-3.47,1
24-06-2023 11:00,EDT,CAPITL,61757,34.04,1.62,-6.34,1
24-06-2023 12:00,EDT,CAPITL,61757,36.97,1.59,-9.3,1
24-06-2023 13:00,EDT,CAPITL,61757,39.03,1.62,-10.89,1
24-06-2023 14:00,EDT,CAPITL,61757,40.33,1.61,-11.89,1
24-06-2023 15:00,EDT,CAPITL,61757,44.94,1.46,-19.96,1
24-06-2023 16:00,EDT,CAPITL,61757,68.35,1.35,-46.5,1
24-06-2023 17:00,EDT,CAPITL,61757,72.53,1.35,-50.77,1
24-06-2023 18:00,EDT,CAPITL,61757,76.02,1.25,-56.2,1
24-06-2023 19:00,EDT,CAPITL,61757,66.95,1.24,-47.23,1
24-06-2023 20:00,EDT,CAPITL,61757,54.65,1.75,-25.95,1
24-06-2023 21:00,EDT,CAPITL,61757,38.92,1.98,-5.02,1
24-06-2023 22:00,EDT,CAPITL,61757,33.1,1.68,-4.26,1
24-06-2023 23:00,EDT,CAPITL,61757,28.52,1.66,-0.06,1
25-06-2023 00:00,EDT,CAPITL,61757,31.44,1.72,0,1
25-06-2023 01:00,EDT,CAPITL,61757,27.57,1.56,0,1
25-06-2023 02:00,EDT,CAPITL,61757,29.75,1.53,-1.89,1
25-06-2023 03:00,EDT,CAPITL,61757,27.07,1.5,-0.08,1
25-06-2023 04:00,EDT,CAPITL,61757,25.3,1.34,0,1
25-06-2023 05:00,EDT,CAPITL,61757,25.74,1.39,0,1
25-06-2023 06:00,EDT,CAPITL,61757,23.84,1.31,0,1
25-06-2023 07:00,EDT,CAPITL,61757,24.74,1.29,0,1
25-06-2023 08:00,EDT,CAPITL,61757,26.73,1.47,0.56,1
25-06-2023 09:00,EDT,CAPITL,61757,28.3,1.58,-0.79,1
25-06-2023 10:00,EDT,CAPITL,61757,31.04,1.66,-1.68,1
25-06-2023 11:00,EDT,CAPITL,61757,31.67,1.78,-0.78,1
25-06-2023 12:00,EDT,CAPITL,61757,36.97,1.92,-2.99,1
25-06-2023 13:00,EDT,CAPITL,61757,39.03,2.1,-2.01,1
25-06-2023 14:00,EDT,CAPITL,61757,44.33,2.1,-7.82,1
25-06-2023 15:00,EDT,CAPITL,61757,54.72,1.82,-24.09,1
25-06-2023 16:00,EDT,CAPITL,61757,66.03,2.17,-30.39,1
25-06-2023 17:00,EDT,CAPITL,61757,82.71,2.11,-47.72,1
25-06-2023 18:00,EDT,CAPITL,61757,88.45,2.12,-54.71,1
25-06-2023 19:00,EDT,CAPITL,61757,94.02,1.83,-65.62,1
25-06-2023 20:00,EDT,CAPITL,61757,84.87,2.27,-49.16,1
25-06-2023 21:00,EDT,CAPITL,61757,61.35,2.03,-28.14,1
25-06-2023 22:00,EDT,CAPITL,61757,41.21,2.02,-7.12,1
25-06-2023 23:00,EDT,CAPITL,61757,32.47,1.84,-0.93,1
26-06-2023 00:00,EDT,CAPITL,61757,30.11,1.59,-2.55,1
26-06-2023 01:00,EDT,CAPITL,61757,27.31,1.55,0,1
26-06-2023 02:00,EDT,CAPITL,61757,28.2,1.55,-0.78,1
26-06-2023 03:00,EDT,CAPITL,61757,31.84,1.41,-6.99,1
26-06-2023 04:00,EDT,CAPITL,61757,35.27,1.41,-10.31,1
26-06-2023 05:00,EDT,CAPITL,61757,26.5,1.48,0,1
26-06-2023 06:00,EDT,CAPITL,61757,33.8,1.56,-6.29,1
26-06-2023 07:00,EDT,CAPITL,61757,38.56,1.56,-10.96,1
26-06-2023 08:00,EDT,CAPITL,61757,42.89,1.65,-14.68,1
26-06-2023 09:00,EDT,CAPITL,61757,43.11,1.83,-11.7,1
26-06-2023 10:00,EDT,CAPITL,61757,35.67,2.09,0.74,1
26-06-2023 11:00,EDT,CAPITL,61757,43.06,2.09,-7.29,1
26-06-2023 12:00,EDT,CAPITL,61757,47.2,2.11,-10.5,1
26-06-2023 13:00,EDT,CAPITL,61757,51.61,2.04,-16.14,1
26-06-2023 14:00,EDT,CAPITL,61757,56.15,1.89,-23.76,1
26-06-2023 15:00,EDT,CAPITL,61757,70.32,1.58,-44.34,1
26-06-2023 16:00,EDT,CAPITL,61757,94.02,1.74,-65.55,1
26-06-2023 17:00,EDT,CAPITL,61757,96.97,1.78,-66.93,1
26-06-2023 18:00,EDT,CAPITL,61757,99.4,1.48,-75.41,1
26-06-2023 19:00,EDT,CAPITL,61757,97.51,1.39,-75.61,1
26-06-2023 20:00,EDT,CAPITL,61757,86.57,1.4,-64.86,1
26-06-2023 21:00,EDT,CAPITL,61757,58.07,1.55,-33.37,1
26-06-2023 22:00,EDT,CAPITL,61757,38.23,1.67,-10.42,1
26-06-2023 23:00,EDT,CAPITL,61757,31.42,1.67,-3.69,1
27-06-2023 00:00,EDT,CAPITL,61757,28.99,1.54,-1.42,1
27-06-2023 01:00,EDT,CAPITL,61757,27.07,1.46,0,1
27-06-2023 02:00,EDT,CAPITL,61757,28.07,1.51,-0.58,1
27-06-2023 03:00,EDT,CAPITL,61757,28.48,1.41,-2.77,1
27-06-2023 04:00,EDT,CAPITL,61757,28.07,1.51,-0.58,1
27-06-2023 05:00,EDT,CAPITL,61757,26.58,1.38,0,1
27-06-2023 06:00,EDT,CAPITL,61757,30.43,1.5,-2.66,1
27-06-2023 07:00,EDT,CAPITL,61757,35.3,1.72,-3.39,1
27-06-2023 08:00,EDT,CAPITL,61757,42.99,1.74,-10.74,1
27-06-2023 09:00,EDT,CAPITL,61757,46.78,1.91,-11.93,1
27-06-2023 10:00,EDT,CAPITL,61757,44.11,1.9,-9.45,1
27-06-2023 11:00,EDT,CAPITL,61757,40.99,1.89,-6.56,1
27-06-2023 12:00,EDT,CAPITL,61757,46.93,1.84,-13.41,1
27-06-2023 13:00,EDT,CAPITL,61757,50.53,1.91,-15.19,1
27-06-2023 14:00,EDT,CAPITL,61757,57.72,1.49,-30.91,1
27-06-2023 15:00,EDT,CAPITL,61757,60.71,1.33,-36.74,1
27-06-2023 16:00,EDT,CAPITL,61757,79.92,1.28,-56.91,1
27-06-2023 17:00,EDT,CAPITL,61757,76.04,1.3,-52.31,1
27-06-2023 18:00,EDT,CAPITL,61757,73.04,1.17,-52.07,1
27-06-2023 19:00,EDT,CAPITL,61757,68.25,1.22,-46.95,1
27-06-2023 20:00,EDT,CAPITL,61757,64.72,1.21,-43.59,1
27-06-2023 21:00,EDT,CAPITL,61757,36,1.67,-5.61,1
27-06-2023 22:00,EDT,CAPITL,61757,32.03,1.61,-1.58,1
27-06-2023 23:00,EDT,CAPITL,61757,28.99,1.5,-0.65,1
28-06-2023 00:00,EDT,CAPITL,61757,32.65,1.85,0,1
28-06-2023 01:00,EDT,CAPITL,61757,29.6,1.68,0,1
28-06-2023 02:00,EDT,CAPITL,61757,31.2,1.56,-3.63,1
28-06-2023 03:00,EDT,CAPITL,61757,28.86,1.5,-1.48,1
28-06-2023 04:00,EDT,CAPITL,61757,28.17,1.5,-0.77,1
28-06-2023 05:00,EDT,CAPITL,61757,31.53,1.59,-3.9,1
28-06-2023 06:00,EDT,CAPITL,61757,37.1,1.7,-6.65,1
28-06-2023 07:00,EDT,CAPITL,61757,39.75,1.93,-5.08,1
28-06-2023 08:00,EDT,CAPITL,61757,42.67,2,-6.18,1
28-06-2023 09:00,EDT,CAPITL,61757,50.29,2.1,-12.68,1
28-06-2023 10:00,EDT,CAPITL,61757,38.66,2.01,0,1
28-06-2023 11:00,EDT,CAPITL,61757,39.21,2.08,0,1
28-06-2023 12:00,EDT,CAPITL,61757,40.28,2.17,0,1
28-06-2023 13:00,EDT,CAPITL,61757,40.84,2.16,0,1
28-06-2023 14:00,EDT,CAPITL,61757,41.74,2.25,0,1
28-06-2023 15:00,EDT,CAPITL,61757,58.9,1.75,-27.93,1
28-06-2023 16:00,EDT,CAPITL,61757,75.2,1.96,-40.08,1
28-06-2023 17:00,EDT,CAPITL,61757,70.12,1.98,-34.64,1
28-06-2023 18:00,EDT,CAPITL,61757,63.3,1.91,-30.11,1
28-06-2023 19:00,EDT,CAPITL,61757,47.78,2.12,-10.88,1
28-06-2023 20:00,EDT,CAPITL,61757,47.83,2.01,-13.36,1
28-06-2023 21:00,EDT,CAPITL,61757,38.06,2.09,0,1
28-06-2023 22:00,EDT,CAPITL,61757,36.03,1.91,0,1
28-06-2023 23:00,EDT,CAPITL,61757,32.64,1.76,0,1
29-06-2023 00:00,EDT,CAPITL,61757,32.21,1.77,-0.89,1
29-06-2023 01:00,EDT,CAPITL,61757,30.68,1.67,-0.61,1
29-06-2023 02:00,EDT,CAPITL,61757,30.85,1.45,-3.45,1
29-06-2023 03:00,EDT,CAPITL,61757,27.6,1.45,-0.22,1
29-06-2023 04:00,EDT,CAPITL,61757,28.23,1.45,-0.85,1
29-06-2023 05:00,EDT,CAPITL,61757,27.57,1.54,0,1
29-06-2023 06:00,EDT,CAPITL,61757,29.51,1.66,-0.22,1
29-06-2023 07:00,EDT,CAPITL,61757,44.01,1.61,-15.19,1
29-06-2023 08:00,EDT,CAPITL,61757,39.27,1.86,-6.36,1
29-06-2023 09:00,EDT,CAPITL,61757,39.23,1.82,-6.47,1
29-06-2023 10:00,EDT,CAPITL,61757,38.27,1.89,-3.27,1
29-06-2023 11:00,EDT,CAPITL,61757,39.38,2.18,-0.24,1
29-06-2023 12:00,EDT,CAPITL,61757,40.36,2.16,-0.96,1
29-06-2023 13:00,EDT,CAPITL,61757,44.56,2.16,-3.79,1
29-06-2023 14:00,EDT,CAPITL,61757,43.26,2.25,0,1
29-06-2023 15:00,EDT,CAPITL,61757,47.9,2.45,-2.35,1
29-06-2023 16:00,EDT,CAPITL,61757,63.5,2.96,-9.48,1
29-06-2023 17:00,EDT,CAPITL,61757,73.21,3.02,-18.98,1
29-06-2023 18:00,EDT,CAPITL,61757,64.36,2.96,-10.35,1
29-06-2023 19:00,EDT,CAPITL,61757,63.24,3.06,-9.12,1
29-06-2023 20:00,EDT,CAPITL,61757,51.6,2.92,-0.09,1
29-06-2023 21:00,EDT,CAPITL,61757,46.01,2.35,-5.76,1
29-06-2023 22:00,EDT,CAPITL,61757,38.06,2.13,-0.39,1
29-06-2023 23:00,EDT,CAPITL,61757,35.12,1.94,-0.22,1
30-06-2023 00:00,EDT,CAPITL,61757,29.88,1.56,0,1
30-06-2023 01:00,EDT,CAPITL,61757,27.97,1.54,-0.33,1
30-06-2023 02:00,EDT,CAPITL,61757,28.08,1.44,-0.86,1
30-06-2023 03:00,EDT,CAPITL,61757,26.93,1.4,0,1
30-06-2023 04:00,EDT,CAPITL,61757,26.88,1.38,0,1
30-06-2023 05:00,EDT,CAPITL,61757,27.25,1.42,0,1
30-06-2023 06:00,EDT,CAPITL,61757,29.15,1.65,0,1
30-06-2023 07:00,EDT,CAPITL,61757,31.4,1.65,-1.26,1
30-06-2023 08:00,EDT,CAPITL,61757,33.8,1.87,-0.71,1
30-06-2023 09:00,EDT,CAPITL,61757,35.19,1.93,0,1
30-06-2023 10:00,EDT,CAPITL,61757,35.68,1.92,0,1
30-06-2023 11:00,EDT,CAPITL,61757,38.24,1.99,0,1
30-06-2023 12:00,EDT,CAPITL,61757,40.23,2.1,0,1
30-06-2023 13:00,EDT,CAPITL,61757,42.26,2.01,0,1
30-06-2023 14:00,EDT,CAPITL,61757,47.7,2.53,0,1
30-06-2023 15:00,EDT,CAPITL,61757,49.65,2.77,0,1
30-06-2023 16:00,EDT,CAPITL,61757,74.02,3.48,-16.24,1
30-06-2023 17:00,EDT,CAPITL,61757,74.19,3.47,-17.23,1
30-06-2023 18:00,EDT,CAPITL,61757,54.9,3.3,-0.14,1
30-06-2023 19:00,EDT,CAPITL,61757,50.43,2.76,0,1
30-06-2023 20:00,EDT,CAPITL,61757,42.99,2.62,0,1
30-06-2023 21:00,EDT,CAPITL,61757,38.56,2.35,0,1
30-06-2023 22:00,EDT,CAPITL,61757,38.74,2.11,-4.18,1
30-06-2023 23:00,EDT,CAPITL,61757,35.71,1.84,-5.09,1
01-07-2023 00:00,EDT,CAPITL,61757,32.18,1.76,-2.12,1
01-07-2023 01:00,EDT,CAPITL,61757,27.99,1.61,-0.38,1
01-07-2023 02:00,EDT,CAPITL,61757,26.81,1.4,0,1
01-07-2023 03:00,EDT,CAPITL,61757,25.01,1.28,0,1
01-07-2023 04:00,EDT,CAPITL,61757,23.69,1.26,0,1
01-07-2023 05:00,EDT,CAPITL,61757,24.01,1.21,0,1
01-07-2023 06:00,EDT,CAPITL,61757,24.89,1.23,-2.76,1
01-07-2023 07:00,EDT,CAPITL,61757,25.35,1.07,-6.82,1
01-07-2023 08:00,EDT,CAPITL,61757,28.23,1.27,-6.42,1
01-07-2023 09:00,EDT,CAPITL,61757,27.72,1.65,-0.25,1
01-07-2023 10:00,EDT,CAPITL,61757,29.32,1.71,0,1
01-07-2023 11:00,EDT,CAPITL,61757,30.67,1.74,0,1
01-07-2023 12:00,EDT,CAPITL,61757,31.88,1.75,0,1
01-07-2023 13:00,EDT,CAPITL,61757,33.38,1.89,0,1
01-07-2023 14:00,EDT,CAPITL,61757,33.94,1.92,0,1
01-07-2023 15:00,EDT,CAPITL,61757,37.31,2.08,0,1
01-07-2023 16:00,EDT,CAPITL,61757,45.3,2.65,0,1
01-07-2023 17:00,EDT,CAPITL,61757,46.26,2.74,0,1
01-07-2023 18:00,EDT,CAPITL,61757,48.26,2.78,-2.65,1
01-07-2023 19:00,EDT,CAPITL,61757,36.51,2.2,0,1
01-07-2023 20:00,EDT,CAPITL,61757,38.19,2.08,-5.57,1
01-07-2023 21:00,EDT,CAPITL,61757,33.39,2.02,-1.61,1
01-07-2023 22:00,EDT,CAPITL,61757,30.58,1.81,0,1
01-07-2023 23:00,EDT,CAPITL,61757,28.12,1.41,0,1
02-07-2023 00:00,EDT,CAPITL,61757,27.52,1.58,0,1
02-07-2023 01:00,EDT,CAPITL,61757,27.41,1.53,0,1
02-07-2023 02:00,EDT,CAPITL,61757,24.53,1.32,0,1
02-07-2023 03:00,EDT,CAPITL,61757,22.82,1.23,0,1
02-07-2023 04:00,EDT,CAPITL,61757,22.16,1.23,0,1
02-07-2023 05:00,EDT,CAPITL,61757,23.52,1.32,-0.24,1
02-07-2023 06:00,EDT,CAPITL,61757,22.2,1.11,-1.59,1
02-07-2023 07:00,EDT,CAPITL,61757,24.92,0.81,-9.95,1
02-07-2023 08:00,EDT,CAPITL,61757,27.21,0.89,-10.91,1
02-07-2023 09:00,EDT,CAPITL,61757,27.81,1.1,-8,1
02-07-2023 10:00,EDT,CAPITL,61757,28.93,1.22,-7.39,1
02-07-2023 11:00,EDT,CAPITL,61757,33.64,1.17,-11.96,1
02-07-2023 12:00,EDT,CAPITL,61757,31.78,1.5,-5.27,1
02-07-2023 13:00,EDT,CAPITL,61757,30,1.47,-2.71,1
02-07-2023 14:00,EDT,CAPITL,61757,30.56,1.63,-0.74,1
02-07-2023 15:00,EDT,CAPITL,61757,32.77,1.8,-0.39,1
02-07-2023 16:00,EDT,CAPITL,61757,36.15,1.79,-4.04,1
02-07-2023 17:00,EDT,CAPITL,61757,39.77,1.83,-7.43,1
02-07-2023 18:00,EDT,CAPITL,61757,45.94,1.93,-13.48,1
02-07-2023 19:00,EDT,CAPITL,61757,44.99,1.95,-12.55,1
02-07-2023 20:00,EDT,CAPITL,61757,50,1.75,-21.27,1
02-07-2023 21:00,EDT,CAPITL,61757,49.37,1.76,-20.59,1
02-07-2023 22:00,EDT,CAPITL,61757,38.95,1.74,-10.03,1
02-07-2023 23:00,EDT,CAPITL,61757,30.65,1.71,0,1
03-07-2023 00:00,EDT,CAPITL,61757,29.27,1.66,0,1
03-07-2023 01:00,EDT,CAPITL,61757,27.49,1.51,0,1
03-07-2023 02:00,EDT,CAPITL,61757,26.74,1.39,0,1
03-07-2023 03:00,EDT,CAPITL,61757,25,1.35,0,1
03-07-2023 04:00,EDT,CAPITL,61757,24.18,1.29,-0.24,1
03-07-2023 05:00,EDT,CAPITL,61757,25.43,1.32,0,1
03-07-2023 06:00,EDT,CAPITL,61757,28.94,1.57,-1.29,1
03-07-2023 07:00,EDT,CAPITL,61757,33.62,1.6,-3.92,1
03-07-2023 08:00,EDT,CAPITL,61757,36.94,1.85,-3.74,1
03-07-2023 09:00,EDT,CAPITL,61757,37.27,2.07,-0.73,1
03-07-2023 10:00,EDT,CAPITL,61757,37.4,2.15,0,1
03-07-2023 11:00,EDT,CAPITL,61757,39.41,2.2,0,1
03-07-2023 12:00,EDT,CAPITL,61757,50.5,1.97,-17.25,1
03-07-2023 13:00,EDT,CAPITL,61757,47.3,1.74,-16.07,1
03-07-2023 14:00,EDT,CAPITL,61757,48.48,2.12,-12.2,1
03-07-2023 15:00,EDT,CAPITL,61757,57.92,1.99,-23.28,1
03-07-2023 16:00,EDT,CAPITL,61757,61.92,1.95,-28.5,1
03-07-2023 17:00,EDT,CAPITL,61757,71.88,1.91,-39.21,1
03-07-2023 18:00,EDT,CAPITL,61757,74.02,1.84,-43.46,1
03-07-2023 19:00,EDT,CAPITL,61757,80.93,1.95,-48.96,1
03-07-2023 20:00,EDT,CAPITL,61757,71.61,1.88,-41.7,1
03-07-2023 21:00,EDT,CAPITL,61757,55.01,1.98,-23.09,1
03-07-2023 22:00,EDT,CAPITL,61757,40.38,2.07,-4.34,1
03-07-2023 23:00,EDT,CAPITL,61757,35.83,1.97,-2.04,1
04-07-2023 00:00,EDT,CAPITL,61757,33.75,1.79,0,1
04-07-2023 01:00,EDT,CAPITL,61757,30.62,1.62,0,1
04-07-2023 02:00,EDT,CAPITL,61757,28.36,1.48,0,1
04-07-2023 03:00,EDT,CAPITL,61757,27.22,1.42,0,1
04-07-2023 04:00,EDT,CAPITL,61757,26.83,1.35,0,1
04-07-2023 05:00,EDT,CAPITL,61757,27.15,1.32,0,1
04-07-2023 06:00,EDT,CAPITL,61757,27.23,1.37,0,1
04-07-2023 07:00,EDT,CAPITL,61757,27.23,1.23,-5.47,1
04-07-2023 08:00,EDT,CAPITL,61757,26.97,1.58,0,1
04-07-2023 09:00,EDT,CAPITL,61757,31.08,1.84,0,1
04-07-2023 10:00,EDT,CAPITL,61757,34.92,1.99,-2.26,1
04-07-2023 11:00,EDT,CAPITL,61757,36.98,2,-4.26,1
04-07-2023 12:00,EDT,CAPITL,61757,38.25,1.96,-3.65,1
04-07-2023 13:00,EDT,CAPITL,61757,40.41,2.07,-3.91,1
04-07-2023 14:00,EDT,CAPITL,61757,37.38,2.05,0,1
04-07-2023 15:00,EDT,CAPITL,61757,45.42,2.53,0,1
04-07-2023 16:00,EDT,CAPITL,61757,49.79,2.82,0,1
04-07-2023 17:00,EDT,CAPITL,61757,62.57,3.31,-7.52,1
04-07-2023 18:00,EDT,CAPITL,61757,60.66,3.16,-8.24,1
04-07-2023 19:00,EDT,CAPITL,61757,52.92,3.19,0,1
04-07-2023 20:00,EDT,CAPITL,61757,43.4,2.7,-0.47,1
04-07-2023 21:00,EDT,CAPITL,61757,40.72,2.52,0,1
04-07-2023 22:00,EDT,CAPITL,61757,37.55,2.26,0,1
04-07-2023 23:00,EDT,CAPITL,61757,34.95,1.85,0,1
05-07-2023 00:00,EDT,CAPITL,61757,34.75,1.72,0,1
05-07-2023 01:00,EDT,CAPITL,61757,30.64,1.46,0,1
05-07-2023 02:00,EDT,CAPITL,61757,29,1.46,0,1
05-07-2023 03:00,EDT,CAPITL,61757,27.57,1.34,0,1
05-07-2023 04:00,EDT,CAPITL,61757,27.07,1.34,0,1
05-07-2023 05:00,EDT,CAPITL,61757,27.68,1.37,0,1
05-07-2023 06:00,EDT,CAPITL,61757,30.94,1.56,0,1
05-07-2023 07:00,EDT,CAPITL,61757,33.43,1.74,0,1
05-07-2023 08:00,EDT,CAPITL,61757,37.69,1.99,-0.1,1
05-07-2023 09:00,EDT,CAPITL,61757,40.15,2.02,0,1
05-07-2023 10:00,EDT,CAPITL,61757,41.96,2.15,0,1
05-07-2023 11:00,EDT,CAPITL,61757,46.85,2.36,0,1
05-07-2023 12:00,EDT,CAPITL,61757,52.13,2.72,0,1
05-07-2023 13:00,EDT,CAPITL,61757,53.69,2.56,0,1
05-07-2023 14:00,EDT,CAPITL,61757,55.28,2.68,0,1
05-07-2023 15:00,EDT,CAPITL,61757,72.61,3.65,0,1
05-07-2023 16:00,EDT,CAPITL,61757,81.84,3.82,0,1
05-07-2023 17:00,EDT,CAPITL,61757,91.41,4.52,0,1
05-07-2023 18:00,EDT,CAPITL,61757,86.04,4.41,0,1
05-07-2023 19:00,EDT,CAPITL,61757,89.94,4.44,0,1
05-07-2023 20:00,EDT,CAPITL,61757,56.64,2.9,0,1
05-07-2023 21:00,EDT,CAPITL,61757,52.19,3.05,0,1
05-07-2023 22:00,EDT,CAPITL,61757,45.75,2.38,0,1
05-07-2023 23:00,EDT,CAPITL,61757,41.5,2.16,0,1
06-07-2023 00:00,EDT,CAPITL,61757,35.64,2.08,0,1
06-07-2023 01:00,EDT,CAPITL,61757,34.28,1.95,-2.36,1
06-07-2023 02:00,EDT,CAPITL,61757,32.46,1.91,-1.55,1
06-07-2023 03:00,EDT,CAPITL,61757,35.53,1.77,-6.89,1
06-07-2023 04:00,EDT,CAPITL,61757,32.65,1.72,-4.48,1
06-07-2023 05:00,EDT,CAPITL,61757,30.96,1.84,0,1
06-07-2023 06:00,EDT,CAPITL,61757,31.73,1.94,0,1
06-07-2023 07:00,EDT,CAPITL,61757,34.54,1.96,0,1
06-07-2023 08:00,EDT,CAPITL,61757,37.67,2.11,-0.41,1
06-07-2023 09:00,EDT,CAPITL,61757,44.02,2.53,-0.01,1
06-07-2023 10:00,EDT,CAPITL,61757,49.68,2.68,0,1
06-07-2023 11:00,EDT,CAPITL,61757,52.46,2.97,0,1
06-07-2023 12:00,EDT,CAPITL,61757,56.13,3.08,0,1
06-07-2023 13:00,EDT,CAPITL,61757,60.21,3.3,0,1
06-07-2023 14:00,EDT,CAPITL,61757,70.53,3.7,-1.83,1
06-07-2023 15:00,EDT,CAPITL,61757,93.73,5.3,0,1
06-07-2023 16:00,EDT,CAPITL,61757,110.41,6.55,0,1
06-07-2023 17:00,EDT,CAPITL,61757,113.36,6.61,-0.15,1
06-07-2023 18:00,EDT,CAPITL,61757,103.87,5.88,0,1
06-07-2023 19:00,EDT,CAPITL,61757,97.61,4.84,-13.38,1
06-07-2023 20:00,EDT,CAPITL,61757,60.37,3.47,0,1
06-07-2023 21:00,EDT,CAPITL,61757,52.41,3.06,0,1
06-07-2023 22:00,EDT,CAPITL,61757,46.98,2.87,0,1
06-07-2023 23:00,EDT,CAPITL,61757,38.68,2.36,0,1
07-07-2023 00:00,EDT,CAPITL,61757,65.37,1.95,-33.88,1
07-07-2023 01:00,EDT,CAPITL,61757,54.36,1.91,-23.11,1
07-07-2023 02:00,EDT,CAPITL,61757,41.15,1.97,-8.88,1
07-07-2023 03:00,EDT,CAPITL,61757,43.28,1.8,-13.39,1
07-07-2023 04:00,EDT,CAPITL,61757,38.41,1.8,-8.46,1
07-07-2023 05:00,EDT,CAPITL,61757,37.04,2,-4.23,1
07-07-2023 06:00,EDT,CAPITL,61757,45.18,1.88,-13.96,1
07-07-2023 07:00,EDT,CAPITL,61757,56.35,1.91,-24.68,1
07-07-2023 08:00,EDT,CAPITL,61757,49.54,2.21,-11.69,1
07-07-2023 09:00,EDT,CAPITL,61757,55.55,2.36,-15.19,1
07-07-2023 10:00,EDT,CAPITL,61757,48.62,2.67,-3.54,1
07-07-2023 11:00,EDT,CAPITL,61757,61.63,2.67,-17.28,1
07-07-2023 12:00,EDT,CAPITL,61757,70.89,2.86,-23.42,1
07-07-2023 13:00,EDT,CAPITL,61757,83.55,2.92,-35.65,1
07-07-2023 14:00,EDT,CAPITL,61757,78.33,2.96,-29.12,1
07-07-2023 15:00,EDT,CAPITL,61757,116.02,2.91,-66.87,1
07-07-2023 16:00,EDT,CAPITL,61757,131.7,3.03,-79.76,1
07-07-2023 17:00,EDT,CAPITL,61757,125.37,3.53,-63.99,1
07-07-2023 18:00,EDT,CAPITL,61757,102.36,2.73,-55.67,1
07-07-2023 19:00,EDT,CAPITL,61757,60.18,3.16,-6.08,1
07-07-2023 20:00,EDT,CAPITL,61757,67.07,2.33,-28.8,1
07-07-2023 21:00,EDT,CAPITL,61757,74.77,1.98,-43.3,1
07-07-2023 22:00,EDT,CAPITL,61757,61.07,2.04,-27.56,1
07-07-2023 23:00,EDT,CAPITL,61757,44.17,2.08,-10,1
08-07-2023 00:00,EDT,CAPITL,61757,46.38,1.97,-14.12,1
08-07-2023 01:00,EDT,CAPITL,61757,36.53,1.68,-8.54,1
08-07-2023 02:00,EDT,CAPITL,61757,35.49,1.48,-10.13,1
08-07-2023 03:00,EDT,CAPITL,61757,34.25,1.31,-11.4,1
08-07-2023 04:00,EDT,CAPITL,61757,35.21,1.17,-15.25,1
08-07-2023 05:00,EDT,CAPITL,61757,35.42,1.13,-17.09,1
08-07-2023 06:00,EDT,CAPITL,61757,35.36,1.16,-16.4,1
08-07-2023 07:00,EDT,CAPITL,61757,35.76,0.75,-23.41,1
08-07-2023 08:00,EDT,CAPITL,61757,36.13,1.61,-12.52,1
08-07-2023 09:00,EDT,CAPITL,61757,39.63,1.93,-11.99,1
08-07-2023 10:00,EDT,CAPITL,61757,36.46,2.27,-2.61,1
08-07-2023 11:00,EDT,CAPITL,61757,37.39,2.57,-0.06,1
08-07-2023 12:00,EDT,CAPITL,61757,39.32,2.4,0,1
08-07-2023 13:00,EDT,CAPITL,61757,43.95,2.53,0,1
08-07-2023 14:00,EDT,CAPITL,61757,43.29,2.72,0,1
08-07-2023 15:00,EDT,CAPITL,61757,48.85,3.02,-3.31,1
08-07-2023 16:00,EDT,CAPITL,61757,61.63,3.16,-17.43,1
08-07-2023 17:00,EDT,CAPITL,61757,69.23,3.32,-23.86,1
08-07-2023 18:00,EDT,CAPITL,61757,76.98,3.79,-30.15,1
08-07-2023 19:00,EDT,CAPITL,61757,54.88,3.25,-12.01,1
08-07-2023 20:00,EDT,CAPITL,61757,45.98,3.09,-5.69,1
08-07-2023 21:00,EDT,CAPITL,61757,42.1,2.93,-3.4,1
08-07-2023 22:00,EDT,CAPITL,61757,40.25,2.63,-4.32,1
08-07-2023 23:00,EDT,CAPITL,61757,37.02,2.36,-4.4,1
09-07-2023 00:00,EDT,CAPITL,61757,33.02,1.99,0,1
09-07-2023 01:00,EDT,CAPITL,61757,32,1.81,-1.01,1
09-07-2023 02:00,EDT,CAPITL,61757,28.66,1.61,0.32,1
09-07-2023 03:00,EDT,CAPITL,61757,28.11,1.58,0.7,1
09-07-2023 04:00,EDT,CAPITL,61757,27.05,1.5,0.26,1
09-07-2023 05:00,EDT,CAPITL,61757,26.98,1.46,0.53,1
09-07-2023 06:00,EDT,CAPITL,61757,25.74,1.39,0.04,1
09-07-2023 07:00,EDT,CAPITL,61757,25.24,1.3,0.12,1
09-07-2023 08:00,EDT,CAPITL,61757,26.55,1.36,0,1
09-07-2023 09:00,EDT,CAPITL,61757,28.62,1.49,0.02,1
09-07-2023 10:00,EDT,CAPITL,61757,32.57,1.76,0,1
09-07-2023 11:00,EDT,CAPITL,61757,33.53,2.02,0,1
09-07-2023 12:00,EDT,CAPITL,61757,37.47,2.22,0,1
09-07-2023 13:00,EDT,CAPITL,61757,37.89,2.18,0,1
09-07-2023 14:00,EDT,CAPITL,61757,38.71,2.16,0.07,1
09-07-2023 15:00,EDT,CAPITL,61757,42.26,2.43,0,1
09-07-2023 16:00,EDT,CAPITL,61757,44.69,2.56,-0.22,1
09-07-2023 17:00,EDT,CAPITL,61757,46.18,2.57,0.04,1
09-07-2023 18:00,EDT,CAPITL,61757,45.69,2.59,0,1
09-07-2023 19:00,EDT,CAPITL,61757,42.32,2.2,0,1
09-07-2023 20:00,EDT,CAPITL,61757,40,2.23,0,1
09-07-2023 21:00,EDT,CAPITL,61757,36.28,1.92,0,1
09-07-2023 22:00,EDT,CAPITL,61757,34.18,1.69,0.07,1
09-07-2023 23:00,EDT,CAPITL,61757,31.21,1.35,0,1
10-07-2023 00:00,EDT,CAPITL,61757,31.36,1.58,0,1
10-07-2023 01:00,EDT,CAPITL,61757,28.27,1.4,0,1
10-07-2023 02:00,EDT,CAPITL,61757,28.41,1.43,0,1
10-07-2023 03:00,EDT,CAPITL,61757,25.74,1.29,0,1
10-07-2023 04:00,EDT,CAPITL,61757,25.89,1.35,0,1
10-07-2023 05:00,EDT,CAPITL,61757,27.04,1.41,0,1
10-07-2023 06:00,EDT,CAPITL,61757,29.31,1.66,0,1
10-07-2023 07:00,EDT,CAPITL,61757,32.01,1.64,0,1
10-07-2023 08:00,EDT,CAPITL,61757,34.35,1.88,0,1
10-07-2023 09:00,EDT,CAPITL,61757,36.95,1.93,0.02,1
10-07-2023 10:00,EDT,CAPITL,61757,37.08,1.9,0,1
10-07-2023 11:00,EDT,CAPITL,61757,38.56,2.01,0,1
10-07-2023 12:00,EDT,CAPITL,61757,39.6,1.89,0,1
10-07-2023 13:00,EDT,CAPITL,61757,41.63,2.02,0,1
10-07-2023 14:00,EDT,CAPITL,61757,41.68,1.87,0,1
10-07-2023 15:00,EDT,CAPITL,61757,44.12,2.1,0,1
10-07-2023 16:00,EDT,CAPITL,61757,46.88,2.27,0,1
10-07-2023 17:00,EDT,CAPITL,61757,51.21,2.48,0,1
10-07-2023 18:00,EDT,CAPITL,61757,50,2.38,0,1
10-07-2023 19:00,EDT,CAPITL,61757,46.16,2.28,0,1
10-07-2023 20:00,EDT,CAPITL,61757,42.71,2.34,0,1
10-07-2023 21:00,EDT,CAPITL,61757,39.21,2.25,0,1
10-07-2023 22:00,EDT,CAPITL,61757,35.17,1.86,0,1
10-07-2023 23:00,EDT,CAPITL,61757,31.46,1.41,0,1
11-07-2023 00:00,EDT,CAPITL,61757,27.72,1.28,0.12,1
11-07-2023 01:00,EDT,CAPITL,61757,25.67,1.18,0,1
11-07-2023 02:00,EDT,CAPITL,61757,23.7,1.17,0,1
11-07-2023 03:00,EDT,CAPITL,61757,21.85,1.06,0,1
11-07-2023 04:00,EDT,CAPITL,61757,20.92,1.01,0,1
11-07-2023 05:00,EDT,CAPITL,61757,22.37,1.13,0,1
11-07-2023 06:00,EDT,CAPITL,61757,25.69,1.2,0.1,1
11-07-2023 07:00,EDT,CAPITL,61757,26.47,1.19,0,1
11-07-2023 08:00,EDT,CAPITL,61757,30.64,1.43,0,1
11-07-2023 09:00,EDT,CAPITL,61757,31.17,1.54,0,1
11-07-2023 10:00,EDT,CAPITL,61757,33.21,1.79,0,1
11-07-2023 11:00,EDT,CAPITL,61757,34.6,1.8,0,1
11-07-2023 12:00,EDT,CAPITL,61757,34.88,1.64,0.25,1
11-07-2023 13:00,EDT,CAPITL,61757,36.83,1.76,0.17,1
11-07-2023 14:00,EDT,CAPITL,61757,42.22,2.11,0.49,1
11-07-2023 15:00,EDT,CAPITL,61757,48.29,2.52,0,1
11-07-2023 16:00,EDT,CAPITL,61757,58.79,3.06,0,1
11-07-2023 17:00,EDT,CAPITL,61757,65.84,4.02,0,1
11-07-2023 18:00,EDT,CAPITL,61757,61.14,3.35,0,1
11-07-2023 19:00,EDT,CAPITL,61757,53.92,3.05,0,1
11-07-2023 20:00,EDT,CAPITL,61757,42.62,2.57,0,1
11-07-2023 21:00,EDT,CAPITL,61757,37.1,2.13,0,1
11-07-2023 22:00,EDT,CAPITL,61757,35.43,1.91,0,1
11-07-2023 23:00,EDT,CAPITL,61757,31.28,1.52,0,1
12-07-2023 00:00,EDT,CAPITL,61757,27.93,1.33,0,1
12-07-2023 01:00,EDT,CAPITL,61757,25.23,1.18,0,1
12-07-2023 02:00,EDT,CAPITL,61757,23.57,1.19,0,1
12-07-2023 03:00,EDT,CAPITL,61757,21.8,1.06,0,1
12-07-2023 04:00,EDT,CAPITL,61757,21.48,1.04,0,1
12-07-2023 05:00,EDT,CAPITL,61757,22.82,1.02,0,1
12-07-2023 06:00,EDT,CAPITL,61757,25,1.1,0,1
12-07-2023 07:00,EDT,CAPITL,61757,27.37,1.18,0,1
12-07-2023 08:00,EDT,CAPITL,61757,31.35,1.32,0,1
12-07-2023 09:00,EDT,CAPITL,61757,33.39,1.59,0,1
12-07-2023 10:00,EDT,CAPITL,61757,35.39,1.84,0,1
12-07-2023 11:00,EDT,CAPITL,61757,37.28,1.98,0,1
12-07-2023 12:00,EDT,CAPITL,61757,40.51,2.18,0,1
12-07-2023 13:00,EDT,CAPITL,61757,43.39,2.42,0,1
12-07-2023 14:00,EDT,CAPITL,61757,46.73,2.6,0,1
12-07-2023 15:00,EDT,CAPITL,61757,56.37,3.21,0.4,1
12-07-2023 16:00,EDT,CAPITL,61757,68.86,3.61,-7.06,1
12-07-2023 17:00,EDT,CAPITL,61757,83,4.08,-17.17,1
12-07-2023 18:00,EDT,CAPITL,61757,85.22,3.75,-23.74,1
12-07-2023 19:00,EDT,CAPITL,61757,68.96,3.2,-15.8,1
12-07-2023 20:00,EDT,CAPITL,61757,48.52,2.78,-3.68,1
12-07-2023 21:00,EDT,CAPITL,61757,40.44,2.33,0,1
12-07-2023 22:00,EDT,CAPITL,61757,36.28,1.89,0,1
12-07-2023 23:00,EDT,CAPITL,61757,32.57,1.67,0,1
13-07-2023 00:00,EDT,CAPITL,61757,31.27,1.74,0,1
13-07-2023 01:00,EDT,CAPITL,61757,27.42,1.58,0,1
13-07-2023 02:00,EDT,CAPITL,61757,26.65,1.45,-1.36,1
13-07-2023 03:00,EDT,CAPITL,61757,25.01,1.25,-2.57,1
13-07-2023 04:00,EDT,CAPITL,61757,24.43,1.25,-2.28,1
13-07-2023 05:00,EDT,CAPITL,61757,24.78,1.38,-1.11,1
13-07-2023 06:00,EDT,CAPITL,61757,26.55,1.6,0,1
13-07-2023 07:00,EDT,CAPITL,61757,28.78,1.76,0.03,1
13-07-2023 08:00,EDT,CAPITL,61757,34.96,2.07,-1.05,1
13-07-2023 09:00,EDT,CAPITL,61757,36.65,2.17,0.48,1
13-07-2023 10:00,EDT,CAPITL,61757,38.36,2.24,0,1
13-07-2023 11:00,EDT,CAPITL,61757,41.38,2.52,0,1
13-07-2023 12:00,EDT,CAPITL,61757,43.83,2.64,0,1
13-07-2023 13:00,EDT,CAPITL,61757,44.7,2.73,0,1
13-07-2023 14:00,EDT,CAPITL,61757,46.41,2.84,0.08,1
13-07-2023 15:00,EDT,CAPITL,61757,63,2.6,-19.75,1
13-07-2023 16:00,EDT,CAPITL,61757,97.85,3.02,-49.06,1
13-07-2023 17:00,EDT,CAPITL,61757,107.53,3.43,-52.84,1
13-07-2023 18:00,EDT,CAPITL,61757,72,3.28,-18.29,1
13-07-2023 19:00,EDT,CAPITL,61757,57.89,3.05,-8.57,1
13-07-2023 20:00,EDT,CAPITL,61757,44.91,2.82,0,1
13-07-2023 21:00,EDT,CAPITL,61757,40.09,2.38,0,1
13-07-2023 22:00,EDT,CAPITL,61757,36.16,2.18,0.04,1
13-07-2023 23:00,EDT,CAPITL,61757,31.87,1.89,0,1
14-07-2023 00:00,EDT,CAPITL,61757,29.78,1.75,0.15,1
14-07-2023 01:00,EDT,CAPITL,61757,26.1,1.45,0,1
14-07-2023 02:00,EDT,CAPITL,61757,24.59,1.39,0,1
14-07-2023 03:00,EDT,CAPITL,61757,24.04,1.4,0,1
14-07-2023 04:00,EDT,CAPITL,61757,23.75,1.37,0,1
14-07-2023 05:00,EDT,CAPITL,61757,24.25,1.48,0,1
14-07-2023 06:00,EDT,CAPITL,61757,25.32,1.52,0,1
14-07-2023 07:00,EDT,CAPITL,61757,32.5,1.71,-4.85,1
14-07-2023 08:00,EDT,CAPITL,61757,38.72,1.88,-8.73,1
14-07-2023 09:00,EDT,CAPITL,61757,36.72,2.17,-2.19,1
14-07-2023 10:00,EDT,CAPITL,61757,35.32,2.21,-0.11,1
14-07-2023 11:00,EDT,CAPITL,61757,36.3,2.31,0.43,1
14-07-2023 12:00,EDT,CAPITL,61757,37.18,2.31,0.74,1
14-07-2023 13:00,EDT,CAPITL,61757,39.53,2.45,0.61,1
14-07-2023 14:00,EDT,CAPITL,61757,41.19,2.62,0.57,1
14-07-2023 15:00,EDT,CAPITL,61757,43.63,2.72,0.94,1
14-07-2023 16:00,EDT,CAPITL,61757,51.2,2.98,-4.48,1
14-07-2023 17:00,EDT,CAPITL,61757,54.12,3.15,-4.71,1
14-07-2023 18:00,EDT,CAPITL,61757,46.09,2.55,0.47,1
14-07-2023 19:00,EDT,CAPITL,61757,42.61,2.3,0,1
14-07-2023 20:00,EDT,CAPITL,61757,37.06,1.93,0,1
14-07-2023 21:00,EDT,CAPITL,61757,35.34,1.78,0,1
14-07-2023 22:00,EDT,CAPITL,61757,30.96,1.52,0.33,1
14-07-2023 23:00,EDT,CAPITL,61757,28.29,1.45,0,1
15-07-2023 00:00,EDT,CAPITL,61757,29.18,1.65,0,1
15-07-2023 01:00,EDT,CAPITL,61757,25.41,1.37,0,1
15-07-2023 02:00,EDT,CAPITL,61757,23.19,1.25,0,1
15-07-2023 03:00,EDT,CAPITL,61757,22.34,1.24,-0.05,1
15-07-2023 04:00,EDT,CAPITL,61757,22.02,1.15,0,1
15-07-2023 05:00,EDT,CAPITL,61757,21.99,1.17,0,1
15-07-2023 06:00,EDT,CAPITL,61757,22.12,1.23,0,1
15-07-2023 07:00,EDT,CAPITL,61757,23.7,1.38,0,1
15-07-2023 08:00,EDT,CAPITL,61757,26.03,1.59,0.01,1
15-07-2023 09:00,EDT,CAPITL,61757,27.87,1.57,0.37,1
15-07-2023 10:00,EDT,CAPITL,61757,30.52,1.81,1.41,1
15-07-2023 11:00,EDT,CAPITL,61757,32.68,1.94,0.98,1
15-07-2023 12:00,EDT,CAPITL,61757,35.81,2.09,1.79,1
15-07-2023 13:00,EDT,CAPITL,61757,37.37,2.24,2.27,1
15-07-2023 14:00,EDT,CAPITL,61757,39.05,2.33,1.42,1
15-07-2023 15:00,EDT,CAPITL,61757,54.19,2.93,-9.33,1
15-07-2023 16:00,EDT,CAPITL,61757,68.91,3.28,-18.79,1
15-07-2023 17:00,EDT,CAPITL,61757,74.92,3.69,-23.37,1
15-07-2023 18:00,EDT,CAPITL,61757,73.94,3.71,-22.08,1
15-07-2023 19:00,EDT,CAPITL,61757,46.17,3.25,3.57,1
15-07-2023 20:00,EDT,CAPITL,61757,41.55,2.95,4.21,1
15-07-2023 21:00,EDT,CAPITL,61757,40.33,2.67,1,1
15-07-2023 22:00,EDT,CAPITL,61757,34.07,2.32,2.34,1
15-07-2023 23:00,EDT,CAPITL,61757,30.92,1.82,1.69,1
16-07-2023 00:00,EDT,CAPITL,61757,31.52,1.8,0.29,1
16-07-2023 01:00,EDT,CAPITL,61757,27.17,1.49,0.02,1
16-07-2023 02:00,EDT,CAPITL,61757,25.09,1.43,0.2,1
16-07-2023 03:00,EDT,CAPITL,61757,24.76,1.44,0.22,1
16-07-2023 04:00,EDT,CAPITL,61757,24.13,1.37,-0.29,1
16-07-2023 05:00,EDT,CAPITL,61757,23.77,1.35,-0.24,1
16-07-2023 06:00,EDT,CAPITL,61757,22.22,1.28,0,1
16-07-2023 07:00,EDT,CAPITL,61757,22.97,1.26,0,1
16-07-2023 08:00,EDT,CAPITL,61757,24.44,1.36,0,1
16-07-2023 09:00,EDT,CAPITL,61757,28.88,1.66,-1.73,1
16-07-2023 10:00,EDT,CAPITL,61757,28.83,1.75,-0.56,1
16-07-2023 11:00,EDT,CAPITL,61757,34.5,1.85,-4.25,1
16-07-2023 12:00,EDT,CAPITL,61757,34.14,2.06,-0.82,1
16-07-2023 13:00,EDT,CAPITL,61757,35.33,2.01,-1.9,1
16-07-2023 14:00,EDT,CAPITL,61757,34.87,2.07,-0.9,1
16-07-2023 15:00,EDT,CAPITL,61757,40.87,2.2,-3.85,1
16-07-2023 16:00,EDT,CAPITL,61757,47.65,2.43,-6.05,1
16-07-2023 17:00,EDT,CAPITL,61757,61.88,2.81,-14.46,1
16-07-2023 18:00,EDT,CAPITL,61757,50.37,2.69,-4.37,1
16-07-2023 19:00,EDT,CAPITL,61757,39.05,2.18,0,1
16-07-2023 20:00,EDT,CAPITL,61757,37.69,2.17,0,1
16-07-2023 21:00,EDT,CAPITL,61757,39.55,2.03,-5.39,1
16-07-2023 22:00,EDT,CAPITL,61757,31.29,1.77,0,1
16-07-2023 23:00,EDT,CAPITL,61757,29.03,1.59,0,1
17-07-2023 00:00,EDT,CAPITL,61757,27.17,1.39,0,1
17-07-2023 01:00,EDT,CAPITL,61757,24.67,1.33,0,1
17-07-2023 02:00,EDT,CAPITL,61757,23.1,1.27,0,1
17-07-2023 03:00,EDT,CAPITL,61757,22.04,1.15,0,1
17-07-2023 04:00,EDT,CAPITL,61757,21.97,1.13,0,1
17-07-2023 05:00,EDT,CAPITL,61757,22.74,1.25,0,1
17-07-2023 06:00,EDT,CAPITL,61757,25.14,1.38,0,1
17-07-2023 07:00,EDT,CAPITL,61757,27.94,1.58,0,1
17-07-2023 08:00,EDT,CAPITL,61757,31.4,1.72,0,1
17-07-2023 09:00,EDT,CAPITL,61757,34.19,1.81,0,1
17-07-2023 10:00,EDT,CAPITL,61757,35.88,1.97,0,1
17-07-2023 11:00,EDT,CAPITL,61757,37.6,2.06,0,1
17-07-2023 12:00,EDT,CAPITL,61757,38.68,2.11,-0.15,1
17-07-2023 13:00,EDT,CAPITL,61757,43.46,2.53,-0.1,1
17-07-2023 14:00,EDT,CAPITL,61757,54.09,2.55,-10.38,1
17-07-2023 15:00,EDT,CAPITL,61757,66.9,2.75,-19.79,1
17-07-2023 16:00,EDT,CAPITL,61757,90.04,3.17,-38.76,1
17-07-2023 17:00,EDT,CAPITL,61757,124.37,3.11,-74.85,1
17-07-2023 18:00,EDT,CAPITL,61757,105.4,3.3,-53.65,1
17-07-2023 19:00,EDT,CAPITL,61757,67.63,2.82,-20.79,1
17-07-2023 20:00,EDT,CAPITL,61757,57.02,2.65,-13.06,1
17-07-2023 21:00,EDT,CAPITL,61757,40.71,2.45,0,1
17-07-2023 22:00,EDT,CAPITL,61757,36.26,2.09,0,1
17-07-2023 23:00,EDT,CAPITL,61757,32.23,1.85,0,1
18-07-2023 00:00,EDT,CAPITL,61757,28.19,1.57,0,1
18-07-2023 01:00,EDT,CAPITL,61757,25.87,1.42,0,1
18-07-2023 02:00,EDT,CAPITL,61757,24.32,1.35,0,1
18-07-2023 03:00,EDT,CAPITL,61757,22.99,1.24,0,1
18-07-2023 04:00,EDT,CAPITL,61757,22.55,1.24,0,1
18-07-2023 05:00,EDT,CAPITL,61757,24,1.34,0,1
18-07-2023 06:00,EDT,CAPITL,61757,26.05,1.4,0,1
18-07-2023 07:00,EDT,CAPITL,61757,29.01,1.62,0,1
18-07-2023 08:00,EDT,CAPITL,61757,32.2,1.79,0,1
18-07-2023 09:00,EDT,CAPITL,61757,34.69,1.91,-0.45,1
18-07-2023 10:00,EDT,CAPITL,61757,34.58,1.83,0,1
18-07-2023 11:00,EDT,CAPITL,61757,38.05,2.12,-1.26,1
18-07-2023 12:00,EDT,CAPITL,61757,40.45,2.23,-0.34,1
18-07-2023 13:00,EDT,CAPITL,61757,42.66,2.33,-0.15,1
18-07-2023 14:00,EDT,CAPITL,61757,43.61,2.1,-1.08,1
18-07-2023 15:00,EDT,CAPITL,61757,58.92,2.1,-16.49,1
18-07-2023 16:00,EDT,CAPITL,61757,64.21,2.31,-19.18,1
18-07-2023 17:00,EDT,CAPITL,61757,73.58,2.6,-24.47,1
18-07-2023 18:00,EDT,CAPITL,61757,76.52,2.93,-27.08,1
18-07-2023 19:00,EDT,CAPITL,61757,43.85,2.21,0,1
18-07-2023 20:00,EDT,CAPITL,61757,40.53,2.18,0,1
18-07-2023 21:00,EDT,CAPITL,61757,36.45,2.03,0,1
18-07-2023 22:00,EDT,CAPITL,61757,32.69,1.7,0,1
18-07-2023 23:00,EDT,CAPITL,61757,29.62,1.38,0,1
19-07-2023 00:00,EDT,CAPITL,61757,27.73,1.42,0,1
19-07-2023 01:00,EDT,CAPITL,61757,24.64,1.28,0,1
19-07-2023 02:00,EDT,CAPITL,61757,23.09,1.18,0,1
19-07-2023 03:00,EDT,CAPITL,61757,22.53,1.14,-0.35,1
19-07-2023 04:00,EDT,CAPITL,61757,21.83,1,0,1
19-07-2023 05:00,EDT,CAPITL,61757,22.65,1.18,0,1
19-07-2023 06:00,EDT,CAPITL,61757,24.35,1.29,0,1
19-07-2023 07:00,EDT,CAPITL,61757,25.57,1.33,0,1
19-07-2023 08:00,EDT,CAPITL,61757,28.66,1.54,0,1
19-07-2023 09:00,EDT,CAPITL,61757,30.34,1.54,0.24,1
19-07-2023 10:00,EDT,CAPITL,61757,31.17,1.62,0.37,1
19-07-2023 11:00,EDT,CAPITL,61757,34.14,1.75,0,1
19-07-2023 12:00,EDT,CAPITL,61757,35.37,1.65,0,1
19-07-2023 13:00,EDT,CAPITL,61757,37.95,1.84,0,1
19-07-2023 14:00,EDT,CAPITL,61757,39.86,1.93,0,1
19-07-2023 15:00,EDT,CAPITL,61757,47.09,2.41,0,1
19-07-2023 16:00,EDT,CAPITL,61757,53.83,2.95,0,1
19-07-2023 17:00,EDT,CAPITL,61757,62.54,3.43,0,1
19-07-2023 18:00,EDT,CAPITL,61757,53.52,2.84,0,1
19-07-2023 19:00,EDT,CAPITL,61757,44.42,2.35,0,1
19-07-2023 20:00,EDT,CAPITL,61757,41.37,2.23,0,1
19-07-2023 21:00,EDT,CAPITL,61757,37.15,1.94,0,1
19-07-2023 22:00,EDT,CAPITL,61757,32.94,1.69,0,1
19-07-2023 23:00,EDT,CAPITL,61757,29.8,1.39,0,1
20-07-2023 00:00,EDT,CAPITL,61757,27.26,1.07,0,1
20-07-2023 01:00,EDT,CAPITL,61757,25.06,0.99,0,1
20-07-2023 02:00,EDT,CAPITL,61757,24.07,1.01,0,1
20-07-2023 03:00,EDT,CAPITL,61757,22.34,0.96,0,1
20-07-2023 04:00,EDT,CAPITL,61757,21.88,0.92,0,1
20-07-2023 05:00,EDT,CAPITL,61757,23.24,0.96,0,1
20-07-2023 06:00,EDT,CAPITL,61757,24.09,1.01,0,1
20-07-2023 07:00,EDT,CAPITL,61757,26.41,1.21,0,1
20-07-2023 08:00,EDT,CAPITL,61757,28.86,1.35,0,1
20-07-2023 09:00,EDT,CAPITL,61757,30.09,1.31,0.33,1
20-07-2023 10:00,EDT,CAPITL,61757,30.83,1.32,0.55,1
20-07-2023 11:00,EDT,CAPITL,61757,33.27,1.37,0.62,1
20-07-2023 12:00,EDT,CAPITL,61757,36.33,1.41,0.3,1
20-07-2023 13:00,EDT,CAPITL,61757,38.79,1.53,0.16,1
20-07-2023 14:00,EDT,CAPITL,61757,40.83,1.67,0.65,1
20-07-2023 15:00,EDT,CAPITL,61757,43.95,2,0.49,1
20-07-2023 16:00,EDT,CAPITL,61757,48.87,2.58,0.61,1
20-07-2023 17:00,EDT,CAPITL,61757,52.52,3.21,0.02,1
20-07-2023 18:00,EDT,CAPITL,61757,50.28,2.98,0,1
20-07-2023 19:00,EDT,CAPITL,61757,44.23,2.3,0,1
20-07-2023 20:00,EDT,CAPITL,61757,39.66,2.1,0,1
20-07-2023 21:00,EDT,CAPITL,61757,36.52,2,0,1
20-07-2023 22:00,EDT,CAPITL,61757,32.6,1.7,0,1
20-07-2023 23:00,EDT,CAPITL,61757,29.16,1.44,0,1
21-07-2023 00:00,EDT,CAPITL,61757,24.29,1.18,0,1
21-07-2023 01:00,EDT,CAPITL,61757,22.38,1.09,0,1
21-07-2023 02:00,EDT,CAPITL,61757,21.28,0.99,0,1
21-07-2023 03:00,EDT,CAPITL,61757,20.16,0.89,0,1
21-07-2023 04:00,EDT,CAPITL,61757,20.18,0.91,0,1
21-07-2023 05:00,EDT,CAPITL,61757,21.55,0.95,0,1
21-07-2023 06:00,EDT,CAPITL,61757,22.9,1.13,0,1
21-07-2023 07:00,EDT,CAPITL,61757,26.42,1.35,0,1
21-07-2023 08:00,EDT,CAPITL,61757,29.72,1.57,0,1
21-07-2023 09:00,EDT,CAPITL,61757,30.91,1.58,0,1
21-07-2023 10:00,EDT,CAPITL,61757,30.41,1.47,0,1
21-07-2023 11:00,EDT,CAPITL,61757,31.29,1.49,0,1
21-07-2023 12:00,EDT,CAPITL,61757,31.25,1.4,0,1
21-07-2023 13:00,EDT,CAPITL,61757,31.85,1.49,0,1
21-07-2023 14:00,EDT,CAPITL,61757,32.48,1.6,0,1
21-07-2023 15:00,EDT,CAPITL,61757,33.59,1.71,0.46,1
21-07-2023 16:00,EDT,CAPITL,61757,36.86,1.91,0.48,1
21-07-2023 17:00,EDT,CAPITL,61757,39.79,1.98,0.24,1
21-07-2023 18:00,EDT,CAPITL,61757,36.73,1.78,0,1
21-07-2023 19:00,EDT,CAPITL,61757,32.43,1.54,0,1
21-07-2023 20:00,EDT,CAPITL,61757,32.05,1.67,0,1
21-07-2023 21:00,EDT,CAPITL,61757,29.9,1.48,0,1
21-07-2023 22:00,EDT,CAPITL,61757,27.41,1.33,0,1
21-07-2023 23:00,EDT,CAPITL,61757,25.16,1.06,0,1
22-07-2023 00:00,EDT,CAPITL,61757,25.05,1.08,0,1
22-07-2023 01:00,EDT,CAPITL,61757,22.97,1.03,0,1
22-07-2023 02:00,EDT,CAPITL,61757,21.35,0.86,0,1
22-07-2023 03:00,EDT,CAPITL,61757,19.66,0.81,0,1
22-07-2023 04:00,EDT,CAPITL,61757,19.39,0.85,0,1
22-07-2023 05:00,EDT,CAPITL,61757,19.87,0.8,0,1
22-07-2023 06:00,EDT,CAPITL,61757,20.07,0.83,0,1
22-07-2023 07:00,EDT,CAPITL,61757,21.26,0.92,0,1
22-07-2023 08:00,EDT,CAPITL,61757,22.26,1.08,0,1
22-07-2023 09:00,EDT,CAPITL,61757,22.59,1.08,0,1
22-07-2023 10:00,EDT,CAPITL,61757,22.87,1.09,0,1
22-07-2023 11:00,EDT,CAPITL,61757,23.97,1.12,0,1
22-07-2023 12:00,EDT,CAPITL,61757,24.09,1.19,0,1
22-07-2023 13:00,EDT,CAPITL,61757,25.15,1.29,0,1
22-07-2023 14:00,EDT,CAPITL,61757,26.5,1.38,0,1
22-07-2023 15:00,EDT,CAPITL,61757,28.36,1.48,0,1
22-07-2023 16:00,EDT,CAPITL,61757,32.61,1.82,0,1
22-07-2023 17:00,EDT,CAPITL,61757,36.4,1.99,0,1
22-07-2023 18:00,EDT,CAPITL,61757,37.05,2.1,0,1
22-07-2023 19:00,EDT,CAPITL,61757,34.06,1.9,0,1
22-07-2023 20:00,EDT,CAPITL,61757,31.53,1.76,0,1
22-07-2023 21:00,EDT,CAPITL,61757,28.35,1.55,0,1
22-07-2023 22:00,EDT,CAPITL,61757,27.37,1.48,0,1
22-07-2023 23:00,EDT,CAPITL,61757,24.44,1.25,0,1
23-07-2023 00:00,EDT,CAPITL,61757,24.24,1,0,1
23-07-2023 01:00,EDT,CAPITL,61757,22.76,0.96,0,1
23-07-2023 02:00,EDT,CAPITL,61757,21.81,0.84,0,1
23-07-2023 03:00,EDT,CAPITL,61757,20.42,0.75,0,1
23-07-2023 04:00,EDT,CAPITL,61757,19.67,0.77,0,1
23-07-2023 05:00,EDT,CAPITL,61757,19.72,0.76,0,1
23-07-2023 06:00,EDT,CAPITL,61757,19.54,0.73,0,1
23-07-2023 07:00,EDT,CAPITL,61757,19.28,0.71,0,1
23-07-2023 08:00,EDT,CAPITL,61757,19.82,0.76,0,1
23-07-2023 09:00,EDT,CAPITL,61757,21.66,0.89,0,1
23-07-2023 10:00,EDT,CAPITL,61757,21.83,0.86,0,1
23-07-2023 11:00,EDT,CAPITL,61757,23.4,0.94,0,1
23-07-2023 12:00,EDT,CAPITL,61757,24.33,0.98,0,1
23-07-2023 13:00,EDT,CAPITL,61757,27.19,1.1,0,1
23-07-2023 14:00,EDT,CAPITL,61757,28.69,1.13,0,1
23-07-2023 15:00,EDT,CAPITL,61757,32.17,1.42,0,1
23-07-2023 16:00,EDT,CAPITL,61757,38.31,1.89,0,1
23-07-2023 17:00,EDT,CAPITL,61757,45.24,2.44,0,1
23-07-2023 18:00,EDT,CAPITL,61757,45.24,2.44,0,1
23-07-2023 19:00,EDT,CAPITL,61757,40.89,2.24,0,1
23-07-2023 20:00,EDT,CAPITL,61757,36.9,1.89,0,1
23-07-2023 21:00,EDT,CAPITL,61757,33.72,1.73,0,1
23-07-2023 22:00,EDT,CAPITL,61757,29.31,1.4,0,1
23-07-2023 23:00,EDT,CAPITL,61757,26.09,1.17,0,1
24-07-2023 00:00,EDT,CAPITL,61757,26.19,0.98,0,1
24-07-2023 01:00,EDT,CAPITL,61757,24.03,0.88,0,1
24-07-2023 02:00,EDT,CAPITL,61757,23.2,0.93,0,1
24-07-2023 03:00,EDT,CAPITL,61757,21.68,0.79,0,1
24-07-2023 04:00,EDT,CAPITL,61757,20.96,0.77,0,1
24-07-2023 05:00,EDT,CAPITL,61757,21.82,0.9,0,1
24-07-2023 06:00,EDT,CAPITL,61757,24.23,1.09,0,1
24-07-2023 07:00,EDT,CAPITL,61757,25.47,1.19,0,1
24-07-2023 08:00,EDT,CAPITL,61757,28.11,1.36,0,1
24-07-2023 09:00,EDT,CAPITL,61757,29.68,1.33,0,1
24-07-2023 10:00,EDT,CAPITL,61757,31.6,1.42,0,1
24-07-2023 11:00,EDT,CAPITL,61757,34.01,1.47,0,1
24-07-2023 12:00,EDT,CAPITL,61757,37.59,1.79,0,1
24-07-2023 13:00,EDT,CAPITL,61757,39.88,1.97,0,1
24-07-2023 14:00,EDT,CAPITL,61757,42.65,2.07,0,1
24-07-2023 15:00,EDT,CAPITL,61757,48.39,2.26,0,1
24-07-2023 16:00,EDT,CAPITL,61757,52.06,3.09,0,1
24-07-2023 17:00,EDT,CAPITL,61757,65.2,3.48,-10.59,1
24-07-2023 18:00,EDT,CAPITL,61757,58.36,3.42,-5.39,1
24-07-2023 19:00,EDT,CAPITL,61757,46.74,2.48,0,1
24-07-2023 20:00,EDT,CAPITL,61757,42.91,2.39,0,1
24-07-2023 21:00,EDT,CAPITL,61757,37.73,2.2,0,1
24-07-2023 22:00,EDT,CAPITL,61757,31.87,1.75,0,1
24-07-2023 23:00,EDT,CAPITL,61757,27.18,1.34,0,1
25-07-2023 00:00,EDT,CAPITL,61757,27.78,1.25,0,1
25-07-2023 01:00,EDT,CAPITL,61757,25.8,1.16,0,1
25-07-2023 02:00,EDT,CAPITL,61757,25.32,1.16,0,1
25-07-2023 03:00,EDT,CAPITL,61757,24.63,1.15,0,1
25-07-2023 04:00,EDT,CAPITL,61757,24.35,1.09,0,1
25-07-2023 05:00,EDT,CAPITL,61757,25.59,1.2,0,1
25-07-2023 06:00,EDT,CAPITL,61757,26.49,1.19,0,1
25-07-2023 07:00,EDT,CAPITL,61757,30.57,1.34,0,1
25-07-2023 08:00,EDT,CAPITL,61757,33.04,1.61,0.21,1
25-07-2023 09:00,EDT,CAPITL,61757,35.06,1.69,0.48,1
25-07-2023 10:00,EDT,CAPITL,61757,35.31,1.55,0,1
25-07-2023 11:00,EDT,CAPITL,61757,38.82,1.64,0.16,1
25-07-2023 12:00,EDT,CAPITL,61757,42.56,1.79,0,1
25-07-2023 13:00,EDT,CAPITL,61757,45.74,1.97,0.02,1
25-07-2023 14:00,EDT,CAPITL,61757,46.65,2.01,0,1
25-07-2023 15:00,EDT,CAPITL,61757,52.72,2.74,0.73,1
25-07-2023 16:00,EDT,CAPITL,61757,62.11,3.85,0.96,1
25-07-2023 17:00,EDT,CAPITL,61757,66.72,4.1,0.57,1
25-07-2023 18:00,EDT,CAPITL,61757,61.04,3.73,0.05,1
25-07-2023 19:00,EDT,CAPITL,61757,50.86,2.83,0,1
25-07-2023 20:00,EDT,CAPITL,61757,47.53,2.13,0,1
25-07-2023 21:00,EDT,CAPITL,61757,40.73,1.79,0,1
25-07-2023 22:00,EDT,CAPITL,61757,35.98,1.71,0,1
25-07-2023 23:00,EDT,CAPITL,61757,33.13,1.43,0,1
26-07-2023 00:00,EDT,CAPITL,61757,32.25,1.56,0,1
26-07-2023 01:00,EDT,CAPITL,61757,30.64,1.51,0,1
26-07-2023 02:00,EDT,CAPITL,61757,28.84,1.55,0,1
26-07-2023 03:00,EDT,CAPITL,61757,28.04,1.51,0,1
26-07-2023 04:00,EDT,CAPITL,61757,27.33,1.45,0,1
26-07-2023 05:00,EDT,CAPITL,61757,28.66,1.54,0,1
26-07-2023 06:00,EDT,CAPITL,61757,30.09,1.62,0,1
26-07-2023 07:00,EDT,CAPITL,61757,31.42,1.58,0,1
26-07-2023 08:00,EDT,CAPITL,61757,33.39,1.74,0,1
26-07-2023 09:00,EDT,CAPITL,61757,36.59,1.87,0,1
26-07-2023 10:00,EDT,CAPITL,61757,39.06,1.96,0,1
26-07-2023 11:00,EDT,CAPITL,61757,40.17,1.95,0,1
26-07-2023 12:00,EDT,CAPITL,61757,45.1,2.19,0,1
26-07-2023 13:00,EDT,CAPITL,61757,49.55,2.89,0,1
26-07-2023 14:00,EDT,CAPITL,61757,52.64,3.35,0,1
26-07-2023 15:00,EDT,CAPITL,61757,69.56,4.31,0,1
26-07-2023 16:00,EDT,CAPITL,61757,91.43,5.2,-9.86,1
26-07-2023 17:00,EDT,CAPITL,61757,98.3,6.17,0,1
26-07-2023 18:00,EDT,CAPITL,61757,103.19,5.55,-17.14,1
26-07-2023 19:00,EDT,CAPITL,61757,93.21,5.15,-14.47,1
26-07-2023 20:00,EDT,CAPITL,61757,72.85,3.88,-14.32,1
26-07-2023 21:00,EDT,CAPITL,61757,56.42,3.17,-6.69,1
26-07-2023 22:00,EDT,CAPITL,61757,41.67,2.32,0,1
26-07-2023 23:00,EDT,CAPITL,61757,36.98,2.06,0,1
27-07-2023 00:00,EDT,CAPITL,61757,46.44,2.15,-10.23,1
27-07-2023 01:00,EDT,CAPITL,61757,41.83,1.94,-9.04,1
27-07-2023 02:00,EDT,CAPITL,61757,40.38,1.57,-12.26,1
27-07-2023 03:00,EDT,CAPITL,61757,38.38,1.5,-11.51,1
27-07-2023 04:00,EDT,CAPITL,61757,37.7,1.45,-11.63,1
27-07-2023 05:00,EDT,CAPITL,61757,39.02,1.72,-9.06,1
27-07-2023 06:00,EDT,CAPITL,61757,40.51,2.11,-4.37,1
27-07-2023 07:00,EDT,CAPITL,61757,41.36,2.22,-3.91,1
27-07-2023 08:00,EDT,CAPITL,61757,53.06,2.28,-15.21,1
27-07-2023 09:00,EDT,CAPITL,61757,52.3,2.35,-13.2,1
27-07-2023 10:00,EDT,CAPITL,61757,67.32,2.75,-21.68,1
27-07-2023 11:00,EDT,CAPITL,61757,76.2,2.74,-30.66,1
27-07-2023 12:00,EDT,CAPITL,61757,115.71,3.02,-66.28,1
27-07-2023 13:00,EDT,CAPITL,61757,120.83,2.98,-71.39,1
27-07-2023 14:00,EDT,CAPITL,61757,145.29,3.03,-94.87,1
27-07-2023 15:00,EDT,CAPITL,61757,127.24,3.59,-65.76,1
27-07-2023 16:00,EDT,CAPITL,61757,146.03,5.07,-61.77,1
27-07-2023 17:00,EDT,CAPITL,61757,153.39,6.17,-49.42,1
27-07-2023 18:00,EDT,CAPITL,61757,135.78,5.55,-46.16,1
27-07-2023 19:00,EDT,CAPITL,61757,121.04,5.19,-38.39,1
27-07-2023 20:00,EDT,CAPITL,61757,97.82,4.71,-24.8,1
27-07-2023 21:00,EDT,CAPITL,61757,65.81,3.63,-10.28,1
27-07-2023 22:00,EDT,CAPITL,61757,61.5,3.07,-11.93,1
27-07-2023 23:00,EDT,CAPITL,61757,45.91,2.72,0,1
28-07-2023 00:00,EDT,CAPITL,61757,55,2.91,-8.64,1
28-07-2023 01:00,EDT,CAPITL,61757,46.47,2.6,-1.92,1
28-07-2023 02:00,EDT,CAPITL,61757,44.57,2.28,-4.3,1
28-07-2023 03:00,EDT,CAPITL,61757,43.84,1.91,-8.95,1
28-07-2023 04:00,EDT,CAPITL,61757,45.44,1.96,-10.73,1
28-07-2023 05:00,EDT,CAPITL,61757,44.87,2.2,-5.42,1
28-07-2023 06:00,EDT,CAPITL,61757,45.07,2.47,-2.75,1
28-07-2023 07:00,EDT,CAPITL,61757,49.57,2.46,-3.92,1
28-07-2023 08:00,EDT,CAPITL,61757,54.85,2.84,-5.4,1
28-07-2023 09:00,EDT,CAPITL,61757,58.7,2.94,-8.33,1
28-07-2023 10:00,EDT,CAPITL,61757,74.68,3.36,-16.27,1
28-07-2023 11:00,EDT,CAPITL,61757,87.39,4.75,-9.57,1
28-07-2023 12:00,EDT,CAPITL,61757,101.08,6.33,-0.25,1
28-07-2023 13:00,EDT,CAPITL,61757,125.84,7.82,-1.36,1
28-07-2023 14:00,EDT,CAPITL,61757,157.95,7.37,-40.55,1
28-07-2023 15:00,EDT,CAPITL,61757,202.02,11.7,-15.75,1
28-07-2023 16:00,EDT,CAPITL,61757,270.25,12.45,-74.83,1
28-07-2023 17:00,EDT,CAPITL,61757,283.75,13.73,-68.17,1
28-07-2023 18:00,EDT,CAPITL,61757,229.77,12.73,-32.49,1
28-07-2023 19:00,EDT,CAPITL,61757,238.47,10.28,-81.34,1
28-07-2023 20:00,EDT,CAPITL,61757,201.53,7.96,-83.08,1
28-07-2023 21:00,EDT,CAPITL,61757,111.24,5.75,-26.7,1
28-07-2023 22:00,EDT,CAPITL,61757,98.08,4.25,-33.92,1
28-07-2023 23:00,EDT,CAPITL,61757,72.33,3.31,-22.36,1
29-07-2023 00:00,EDT,CAPITL,61757,43.62,2.51,0,1
29-07-2023 01:00,EDT,CAPITL,61757,40.06,2.38,0,1
29-07-2023 02:00,EDT,CAPITL,61757,37.13,2.17,0,1
29-07-2023 03:00,EDT,CAPITL,61757,36.18,2.07,-1.26,1
29-07-2023 04:00,EDT,CAPITL,61757,34.72,1.96,0,1
29-07-2023 05:00,EDT,CAPITL,61757,34.5,1.97,-0.25,1
29-07-2023 06:00,EDT,CAPITL,61757,39.3,1.8,-8.51,1
29-07-2023 07:00,EDT,CAPITL,61757,35.33,1.86,-3.49,1
29-07-2023 08:00,EDT,CAPITL,61757,38.12,2.23,0,1
29-07-2023 09:00,EDT,CAPITL,61757,40.88,2.39,0,1
29-07-2023 10:00,EDT,CAPITL,61757,43.81,2.56,0,1
29-07-2023 11:00,EDT,CAPITL,61757,50.33,2.87,-1.23,1
29-07-2023 12:00,EDT,CAPITL,61757,56.81,2.77,-7.81,1
29-07-2023 13:00,EDT,CAPITL,61757,68.3,2.72,-18.58,1
29-07-2023 14:00,EDT,CAPITL,61757,73.65,2.43,-26.21,1
29-07-2023 15:00,EDT,CAPITL,61757,70.97,2.45,-22.19,1
29-07-2023 16:00,EDT,CAPITL,61757,76.32,2.55,-27.45,1
29-07-2023 17:00,EDT,CAPITL,61757,81.55,2.54,-32.78,1
29-07-2023 18:00,EDT,CAPITL,61757,71.96,2.73,-22.91,1
29-07-2023 19:00,EDT,CAPITL,61757,56.04,2.58,-7.28,1
29-07-2023 20:00,EDT,CAPITL,61757,51.97,2.34,-7.88,1
29-07-2023 21:00,EDT,CAPITL,61757,49.35,2.44,-4.76,1
29-07-2023 22:00,EDT,CAPITL,61757,42.92,2.21,-3.92,1
29-07-2023 23:00,EDT,CAPITL,61757,40.35,2.07,-1.36,1
30-07-2023 00:00,EDT,CAPITL,61757,29.74,1.58,0,1
30-07-2023 01:00,EDT,CAPITL,61757,26.2,1.32,0,1
30-07-2023 02:00,EDT,CAPITL,61757,24.88,1.23,0,1
30-07-2023 03:00,EDT,CAPITL,61757,23.44,1.12,0,1
30-07-2023 04:00,EDT,CAPITL,61757,22.77,1.06,0,1
30-07-2023 05:00,EDT,CAPITL,61757,22.53,1.09,0,1
30-07-2023 06:00,EDT,CAPITL,61757,22.04,1.07,0,1
30-07-2023 07:00,EDT,CAPITL,61757,21.39,0.82,0,1
30-07-2023 08:00,EDT,CAPITL,61757,21.85,0.92,0,1
30-07-2023 09:00,EDT,CAPITL,61757,22.98,0.99,0,1
30-07-2023 10:00,EDT,CAPITL,61757,24.31,1,0,1
30-07-2023 11:00,EDT,CAPITL,61757,25.78,1.06,0,1
30-07-2023 12:00,EDT,CAPITL,61757,26.29,1.08,0,1
30-07-2023 13:00,EDT,CAPITL,61757,28.25,1.19,0,1
30-07-2023 14:00,EDT,CAPITL,61757,29.28,1.23,0,1
30-07-2023 15:00,EDT,CAPITL,61757,30.53,1.32,0,1
30-07-2023 16:00,EDT,CAPITL,61757,33.2,1.52,0,1
30-07-2023 17:00,EDT,CAPITL,61757,37.85,1.73,0,1
30-07-2023 18:00,EDT,CAPITL,61757,38.27,1.92,0,1
30-07-2023 19:00,EDT,CAPITL,61757,32.62,1.64,0,1
30-07-2023 20:00,EDT,CAPITL,61757,31.94,1.66,0,1
30-07-2023 21:00,EDT,CAPITL,61757,30.26,1.52,0,1
30-07-2023 22:00,EDT,CAPITL,61757,26.51,1.29,0,1
30-07-2023 23:00,EDT,CAPITL,61757,24.95,1.12,0,1
31-07-2023 00:00,EDT,CAPITL,61757,24.41,0.98,0,1
31-07-2023 01:00,EDT,CAPITL,61757,20.89,0.76,0,1
31-07-2023 02:00,EDT,CAPITL,61757,20.75,0.68,0,1
31-07-2023 03:00,EDT,CAPITL,61757,19.83,0.63,0,1
31-07-2023 04:00,EDT,CAPITL,61757,19.76,0.61,0,1
31-07-2023 05:00,EDT,CAPITL,61757,20.88,0.67,0,1
31-07-2023 06:00,EDT,CAPITL,61757,22.33,0.92,0,1
31-07-2023 07:00,EDT,CAPITL,61757,22.21,1.06,0,1
31-07-2023 08:00,EDT,CAPITL,61757,25.89,1.26,0,1
31-07-2023 09:00,EDT,CAPITL,61757,26.9,1.26,0,1
31-07-2023 10:00,EDT,CAPITL,61757,26.47,1.14,0,1
31-07-2023 11:00,EDT,CAPITL,61757,27.78,1.25,0,1
31-07-2023 12:00,EDT,CAPITL,61757,28.85,1.3,0,1
31-07-2023 13:00,EDT,CAPITL,61757,29.77,1.36,0,1
31-07-2023 14:00,EDT,CAPITL,61757,30.91,1.42,0,1
31-07-2023 15:00,EDT,CAPITL,61757,32.82,1.47,0,1
31-07-2023 16:00,EDT,CAPITL,61757,36.64,1.61,0,1
31-07-2023 17:00,EDT,CAPITL,61757,44.31,2.11,0,1
31-07-2023 18:00,EDT,CAPITL,61757,40.73,2.05,0,1
31-07-2023 19:00,EDT,CAPITL,61757,35.57,1.79,0,1
31-07-2023 20:00,EDT,CAPITL,61757,34.06,1.71,0,1
31-07-2023 21:00,EDT,CAPITL,61757,31.3,1.55,0,1
31-07-2023 22:00,EDT,CAPITL,61757,29.08,1.41,0,1
31-07-2023 23:00,EDT,CAPITL,61757,25.39,1.16,0,1
01-08-2023 00:00,EDT,CAPITL,61757,21.88,0.84,0,1
01-08-2023 01:00,EDT,CAPITL,61757,19.96,0.67,0,1
01-08-2023 02:00,EDT,CAPITL,61757,18.38,0.64,0,1
01-08-2023 03:00,EDT,CAPITL,61757,17.75,0.6,0,1
01-08-2023 04:00,EDT,CAPITL,61757,17.68,0.61,0,1
01-08-2023 05:00,EDT,CAPITL,61757,18.23,0.63,0,1
01-08-2023 06:00,EDT,CAPITL,61757,20.56,0.77,0,1
01-08-2023 07:00,EDT,CAPITL,61757,20.93,0.71,0,1
01-08-2023 08:00,EDT,CAPITL,61757,21.86,0.84,0,1
01-08-2023 09:00,EDT,CAPITL,61757,22.61,0.81,0,1
01-08-2023 10:00,EDT,CAPITL,61757,23.12,0.85,0,1
01-08-2023 11:00,EDT,CAPITL,61757,23.93,0.88,0,1
01-08-2023 12:00,EDT,CAPITL,61757,24.07,0.84,0,1
01-08-2023 13:00,EDT,CAPITL,61757,25.61,0.91,0,1
01-08-2023 14:00,EDT,CAPITL,61757,27.09,0.99,0.07,1
01-08-2023 15:00,EDT,CAPITL,61757,28.7,1.14,0.21,1
01-08-2023 16:00,EDT,CAPITL,61757,29.88,1.19,0.28,1
01-08-2023 17:00,EDT,CAPITL,61757,34.97,1.46,0.53,1
01-08-2023 18:00,EDT,CAPITL,61757,33.41,1.41,0.15,1
01-08-2023 19:00,EDT,CAPITL,61757,29.74,1.25,0,1
01-08-2023 20:00,EDT,CAPITL,61757,28.98,1.35,0,1
01-08-2023 21:00,EDT,CAPITL,61757,26.62,1.2,0,1
01-08-2023 22:00,EDT,CAPITL,61757,24.05,1.01,0,1
01-08-2023 23:00,EDT,CAPITL,61757,22.08,0.81,0,1
02-08-2023 00:00,EDT,CAPITL,61757,23.48,1.1,0,1
02-08-2023 01:00,EDT,CAPITL,61757,21.58,0.95,0,1
02-08-2023 02:00,EDT,CAPITL,61757,19.43,0.87,0,1
02-08-2023 03:00,EDT,CAPITL,61757,18.71,0.82,0,1
02-08-2023 04:00,EDT,CAPITL,61757,18.18,0.8,0,1
02-08-2023 05:00,EDT,CAPITL,61757,19.29,0.87,0,1
02-08-2023 06:00,EDT,CAPITL,61757,22.51,1.07,-0.46,1
02-08-2023 07:00,EDT,CAPITL,61757,22.38,1.17,-0.23,1
02-08-2023 08:00,EDT,CAPITL,61757,24,1.29,0,1
02-08-2023 09:00,EDT,CAPITL,61757,22.43,1.11,0,1
02-08-2023 10:00,EDT,CAPITL,61757,22.9,1.07,0,1
02-08-2023 11:00,EDT,CAPITL,61757,24.78,1.16,0,1
02-08-2023 12:00,EDT,CAPITL,61757,25.62,1.2,0.07,1
02-08-2023 13:00,EDT,CAPITL,61757,28.11,1.32,0.21,1
02-08-2023 14:00,EDT,CAPITL,61757,28.54,1.14,0.32,1
02-08-2023 15:00,EDT,CAPITL,61757,29.51,1.31,0.37,1
02-08-2023 16:00,EDT,CAPITL,61757,34.5,1.61,0.62,1
02-08-2023 17:00,EDT,CAPITL,61757,37.68,1.81,0.42,1
02-08-2023 18:00,EDT,CAPITL,61757,37.48,1.78,0,1
02-08-2023 19:00,EDT,CAPITL,61757,33.44,1.56,0,1
02-08-2023 20:00,EDT,CAPITL,61757,31.69,1.59,0,1
02-08-2023 21:00,EDT,CAPITL,61757,29.22,1.42,0,1
02-08-2023 22:00,EDT,CAPITL,61757,25.68,1.41,0,1
02-08-2023 23:00,EDT,CAPITL,61757,23.28,1.18,-0.99,1
03-08-2023 00:00,EDT,CAPITL,61757,24.64,0.9,-4.99,1
03-08-2023 01:00,EDT,CAPITL,61757,23.74,0.7,-8.73,1
03-08-2023 02:00,EDT,CAPITL,61757,22.12,0.66,-8.03,1
03-08-2023 03:00,EDT,CAPITL,61757,21.12,0.65,-7.25,1
03-08-2023 04:00,EDT,CAPITL,61757,21.16,0.65,-7.47,1
03-08-2023 05:00,EDT,CAPITL,61757,22.79,0.68,-8.52,1
03-08-2023 06:00,EDT,CAPITL,61757,22.93,0.87,-5.68,1
03-08-2023 07:00,EDT,CAPITL,61757,25.27,0.83,-8.12,1
03-08-2023 08:00,EDT,CAPITL,61757,24.92,1.15,-3.23,1
03-08-2023 09:00,EDT,CAPITL,61757,25.1,1.34,-2.56,1
03-08-2023 10:00,EDT,CAPITL,61757,25.17,1.41,-0.24,1
03-08-2023 11:00,EDT,CAPITL,61757,26.28,1.46,0,1
03-08-2023 12:00,EDT,CAPITL,61757,29.2,1.65,0,1
03-08-2023 13:00,EDT,CAPITL,61757,30.2,1.68,0,1
03-08-2023 14:00,EDT,CAPITL,61757,31.91,1.86,0,1
03-08-2023 15:00,EDT,CAPITL,61757,33.21,1.79,0,1
03-08-2023 16:00,EDT,CAPITL,61757,39.77,2.08,0.15,1
03-08-2023 17:00,EDT,CAPITL,61757,46.15,2.57,0,1
03-08-2023 18:00,EDT,CAPITL,61757,43.97,2.41,0,1
03-08-2023 19:00,EDT,CAPITL,61757,39.79,2.32,0,1
03-08-2023 20:00,EDT,CAPITL,61757,36.68,2.24,0.02,1
03-08-2023 21:00,EDT,CAPITL,61757,32.09,1.93,0,1
03-08-2023 22:00,EDT,CAPITL,61757,28.08,1.56,0,1
03-08-2023 23:00,EDT,CAPITL,61757,26.33,1.39,-1.74,1
04-08-2023 00:00,EDT,CAPITL,61757,25.32,1.34,0.03,1
04-08-2023 01:00,EDT,CAPITL,61757,23.53,1.23,0,1
04-08-2023 02:00,EDT,CAPITL,61757,22.13,1.21,0,1
04-08-2023 03:00,EDT,CAPITL,61757,20.73,1.04,0,1
04-08-2023 04:00,EDT,CAPITL,61757,20.24,1.02,0,1
04-08-2023 05:00,EDT,CAPITL,61757,22.08,1.19,0,1
04-08-2023 06:00,EDT,CAPITL,61757,24.16,1.4,-0.22,1
04-08-2023 07:00,EDT,CAPITL,61757,25.57,1.43,-0.26,1
04-08-2023 08:00,EDT,CAPITL,61757,28.6,1.67,0,1
04-08-2023 09:00,EDT,CAPITL,61757,29.82,1.66,0,1
04-08-2023 10:00,EDT,CAPITL,61757,29.94,1.59,0,1
04-08-2023 11:00,EDT,CAPITL,61757,31.39,1.58,0,1
04-08-2023 12:00,EDT,CAPITL,61757,31.89,1.49,0,1
04-08-2023 13:00,EDT,CAPITL,61757,33.77,1.64,0,1
04-08-2023 14:00,EDT,CAPITL,61757,33.88,1.61,0,1
04-08-2023 15:00,EDT,CAPITL,61757,33.18,1.55,0,1
04-08-2023 16:00,EDT,CAPITL,61757,38.82,1.85,0,1
04-08-2023 17:00,EDT,CAPITL,61757,41.43,2.05,0,1
04-08-2023 18:00,EDT,CAPITL,61757,39.19,2.01,0,1
04-08-2023 19:00,EDT,CAPITL,61757,36.62,1.88,0,1
04-08-2023 20:00,EDT,CAPITL,61757,32.78,1.68,0,1
04-08-2023 21:00,EDT,CAPITL,61757,31.41,1.58,0,1
04-08-2023 22:00,EDT,CAPITL,61757,29.16,1.47,0,1
04-08-2023 23:00,EDT,CAPITL,61757,26.61,1.34,0,1
05-08-2023 00:00,EDT,CAPITL,61757,25.23,1.25,0,1
05-08-2023 01:00,EDT,CAPITL,61757,23.07,1.06,0,1
05-08-2023 02:00,EDT,CAPITL,61757,21.96,1.06,0,1
05-08-2023 03:00,EDT,CAPITL,61757,21.43,0.88,0,1
05-08-2023 04:00,EDT,CAPITL,61757,21.13,0.87,0,1
05-08-2023 05:00,EDT,CAPITL,61757,21.13,0.85,0,1
05-08-2023 06:00,EDT,CAPITL,61757,19.91,0.84,0,1
05-08-2023 07:00,EDT,CAPITL,61757,19.83,0.83,0,1
05-08-2023 08:00,EDT,CAPITL,61757,21.74,0.98,0,1
05-08-2023 09:00,EDT,CAPITL,61757,22.06,1.13,0,1
05-08-2023 10:00,EDT,CAPITL,61757,22.84,1.15,0,1
05-08-2023 11:00,EDT,CAPITL,61757,24.11,1.04,0,1
05-08-2023 12:00,EDT,CAPITL,61757,24.69,1,0,1
05-08-2023 13:00,EDT,CAPITL,61757,27.36,1.15,0,1
05-08-2023 14:00,EDT,CAPITL,61757,28.21,1.16,0,1
05-08-2023 15:00,EDT,CAPITL,61757,29.94,1.32,0,1
05-08-2023 16:00,EDT,CAPITL,61757,33.61,1.57,0,1
05-08-2023 17:00,EDT,CAPITL,61757,38.25,1.82,0,1
05-08-2023 18:00,EDT,CAPITL,61757,38.91,1.99,0,1
05-08-2023 19:00,EDT,CAPITL,61757,36.24,1.92,0,1
05-08-2023 20:00,EDT,CAPITL,61757,31.25,1.71,0,1
05-08-2023 21:00,EDT,CAPITL,61757,28.82,1.42,0,1
05-08-2023 22:00,EDT,CAPITL,61757,25.35,1.21,0,1
05-08-2023 23:00,EDT,CAPITL,61757,24.27,1.22,0,1
06-08-2023 00:00,EDT,CAPITL,61757,24.7,0.9,0,1
06-08-2023 01:00,EDT,CAPITL,61757,23.43,0.97,0,1
06-08-2023 02:00,EDT,CAPITL,61757,21.77,0.9,0,1
06-08-2023 03:00,EDT,CAPITL,61757,21.06,0.83,0,1
06-08-2023 04:00,EDT,CAPITL,61757,19.72,0.7,0,1
06-08-2023 05:00,EDT,CAPITL,61757,19.8,0.71,0,1
06-08-2023 06:00,EDT,CAPITL,61757,19.29,0.71,0,1
06-08-2023 07:00,EDT,CAPITL,61757,18.21,0.65,0,1
06-08-2023 08:00,EDT,CAPITL,61757,18.87,0.64,0,1
06-08-2023 09:00,EDT,CAPITL,61757,19.65,0.68,0,1
06-08-2023 10:00,EDT,CAPITL,61757,20.19,0.72,0,1
06-08-2023 11:00,EDT,CAPITL,61757,21.54,0.81,0,1
06-08-2023 12:00,EDT,CAPITL,61757,22.6,0.89,0,1
06-08-2023 13:00,EDT,CAPITL,61757,24.56,0.9,0,1
06-08-2023 14:00,EDT,CAPITL,61757,26.64,1.05,0,1
06-08-2023 15:00,EDT,CAPITL,61757,29.9,1.19,0.22,1
06-08-2023 16:00,EDT,CAPITL,61757,35.79,1.54,0.01,1
06-08-2023 17:00,EDT,CAPITL,61757,41.67,2.17,0,1
06-08-2023 18:00,EDT,CAPITL,61757,43.32,2.37,-2.18,1
06-08-2023 19:00,EDT,CAPITL,61757,39.98,2.12,0,1
06-08-2023 20:00,EDT,CAPITL,61757,35.9,1.9,0,1
06-08-2023 21:00,EDT,CAPITL,61757,31,1.56,0,1
06-08-2023 22:00,EDT,CAPITL,61757,28.62,1.36,0,1
06-08-2023 23:00,EDT,CAPITL,61757,26.2,1.25,0,1
07-08-2023 00:00,EDT,CAPITL,61757,25.78,1.23,0,1
07-08-2023 01:00,EDT,CAPITL,61757,24.88,0.94,-3.09,1
07-08-2023 02:00,EDT,CAPITL,61757,24.59,0.87,-4.42,1
07-08-2023 03:00,EDT,CAPITL,61757,23.91,0.86,-3.95,1
07-08-2023 04:00,EDT,CAPITL,61757,23.06,0.87,-2.98,1
07-08-2023 05:00,EDT,CAPITL,61757,23.3,0.98,-1.58,1
07-08-2023 06:00,EDT,CAPITL,61757,25.06,1.02,-3.15,1
07-08-2023 07:00,EDT,CAPITL,61757,27.31,1.16,-4.75,1
07-08-2023 08:00,EDT,CAPITL,61757,27.03,1.51,0,1
07-08-2023 09:00,EDT,CAPITL,61757,28.48,1.54,0,1
07-08-2023 10:00,EDT,CAPITL,61757,29.31,1.53,0,1
07-08-2023 11:00,EDT,CAPITL,61757,31.52,1.67,0,1
07-08-2023 12:00,EDT,CAPITL,61757,34.34,1.79,0,1
07-08-2023 13:00,EDT,CAPITL,61757,34.64,1.8,0,1
07-08-2023 14:00,EDT,CAPITL,61757,35.01,1.76,0,1
07-08-2023 15:00,EDT,CAPITL,61757,35.85,1.71,0.17,1
07-08-2023 16:00,EDT,CAPITL,61757,40.04,2.18,0.4,1
07-08-2023 17:00,EDT,CAPITL,61757,42.36,2.3,-1.72,1
07-08-2023 18:00,EDT,CAPITL,61757,41.68,2.41,-1.05,1
07-08-2023 19:00,EDT,CAPITL,61757,37.22,2.04,0,1
07-08-2023 20:00,EDT,CAPITL,61757,35.03,1.98,0,1
07-08-2023 21:00,EDT,CAPITL,61757,31.4,1.66,0,1
07-08-2023 22:00,EDT,CAPITL,61757,27.91,1.4,0,1
07-08-2023 23:00,EDT,CAPITL,61757,26.18,1.34,0,1
08-08-2023 00:00,EDT,CAPITL,61757,25.16,1.27,0,1
08-08-2023 01:00,EDT,CAPITL,61757,22.58,1.22,0,1
08-08-2023 02:00,EDT,CAPITL,61757,21.5,1.06,0,1
08-08-2023 03:00,EDT,CAPITL,61757,21.3,1.05,0,1
08-08-2023 04:00,EDT,CAPITL,61757,20.65,1.04,0,1
08-08-2023 05:00,EDT,CAPITL,61757,21.56,1.12,0,1
08-08-2023 06:00,EDT,CAPITL,61757,23.11,1.29,0,1
08-08-2023 07:00,EDT,CAPITL,61757,25.85,1.36,-0.7,1
08-08-2023 08:00,EDT,CAPITL,61757,27.35,1.5,0,1
08-08-2023 09:00,EDT,CAPITL,61757,29.39,1.56,0,1
08-08-2023 10:00,EDT,CAPITL,61757,29.63,1.62,0.02,1
08-08-2023 11:00,EDT,CAPITL,61757,31.66,1.67,-1.25,1
08-08-2023 12:00,EDT,CAPITL,61757,32.08,1.52,-2.34,1
08-08-2023 13:00,EDT,CAPITL,61757,32.16,1.68,0,1
08-08-2023 14:00,EDT,CAPITL,61757,32.82,1.77,-0.03,1
08-08-2023 15:00,EDT,CAPITL,61757,35.43,1.66,-3.6,1
08-08-2023 16:00,EDT,CAPITL,61757,42.58,1.66,-10.65,1
08-08-2023 17:00,EDT,CAPITL,61757,44.26,1.78,-10.77,1
08-08-2023 18:00,EDT,CAPITL,61757,41.86,1.84,-9.38,1
08-08-2023 19:00,EDT,CAPITL,61757,39.32,1.84,-7.24,1
08-08-2023 20:00,EDT,CAPITL,61757,34.36,1.82,-3.26,1
08-08-2023 21:00,EDT,CAPITL,61757,29.39,1.58,0,1
08-08-2023 22:00,EDT,CAPITL,61757,26.14,1.46,0,1
08-08-2023 23:00,EDT,CAPITL,61757,25.23,1.07,-3.58,1
09-08-2023 00:00,EDT,CAPITL,61757,23.73,1.15,0,1
09-08-2023 01:00,EDT,CAPITL,61757,21.66,0.95,0,1
09-08-2023 02:00,EDT,CAPITL,61757,19.59,0.82,0,1
09-08-2023 03:00,EDT,CAPITL,61757,18.28,0.74,0,1
09-08-2023 04:00,EDT,CAPITL,61757,17.6,0.74,0,1
09-08-2023 05:00,EDT,CAPITL,61757,18.72,0.79,0,1
09-08-2023 06:00,EDT,CAPITL,61757,20.89,0.96,0,1
09-08-2023 07:00,EDT,CAPITL,61757,22.08,1.05,0,1
09-08-2023 08:00,EDT,CAPITL,61757,23.04,1.18,0,1
09-08-2023 09:00,EDT,CAPITL,61757,23.52,1.18,0,1
09-08-2023 10:00,EDT,CAPITL,61757,23.64,1.13,0,1
09-08-2023 11:00,EDT,CAPITL,61757,24.9,1.21,0,1
09-08-2023 12:00,EDT,CAPITL,61757,25.56,1.17,0,1
09-08-2023 13:00,EDT,CAPITL,61757,27.24,1.27,0,1
09-08-2023 14:00,EDT,CAPITL,61757,29.04,1.41,0,1
09-08-2023 15:00,EDT,CAPITL,61757,30.46,1.48,0,1
09-08-2023 16:00,EDT,CAPITL,61757,37.8,1.88,0.16,1
09-08-2023 17:00,EDT,CAPITL,61757,40.92,2.35,0,1
09-08-2023 18:00,EDT,CAPITL,61757,41.25,2.52,0,1
09-08-2023 19:00,EDT,CAPITL,61757,38.5,2.07,0,1
09-08-2023 20:00,EDT,CAPITL,61757,33.24,1.82,0,1
09-08-2023 21:00,EDT,CAPITL,61757,30.77,1.71,0,1
09-08-2023 22:00,EDT,CAPITL,61757,26.47,1.38,0,1
09-08-2023 23:00,EDT,CAPITL,61757,24.29,1.2,0,1
10-08-2023 00:00,EDT,CAPITL,61757,22.1,0.99,0,1
10-08-2023 01:00,EDT,CAPITL,61757,20.92,0.9,0,1
10-08-2023 02:00,EDT,CAPITL,61757,18.89,0.78,0,1
10-08-2023 03:00,EDT,CAPITL,61757,18.11,0.76,0,1
10-08-2023 04:00,EDT,CAPITL,61757,18.59,0.77,0,1
10-08-2023 05:00,EDT,CAPITL,61757,20.02,0.86,0,1
10-08-2023 06:00,EDT,CAPITL,61757,21.51,0.93,0,1
10-08-2023 07:00,EDT,CAPITL,61757,23.33,1.17,0,1
10-08-2023 08:00,EDT,CAPITL,61757,24.77,1.27,0,1
10-08-2023 09:00,EDT,CAPITL,61757,25.74,1.23,0,1
10-08-2023 10:00,EDT,CAPITL,61757,26.25,1.2,0.02,1
10-08-2023 11:00,EDT,CAPITL,61757,27.77,1.3,0.11,1
10-08-2023 12:00,EDT,CAPITL,61757,28.99,1.46,0.12,1
10-08-2023 13:00,EDT,CAPITL,61757,30.38,1.53,0,1
10-08-2023 14:00,EDT,CAPITL,61757,31.28,1.63,0,1
10-08-2023 15:00,EDT,CAPITL,61757,30.97,1.5,0,1
10-08-2023 16:00,EDT,CAPITL,61757,33.24,1.61,0,1
10-08-2023 17:00,EDT,CAPITL,61757,35.05,1.76,0,1
10-08-2023 18:00,EDT,CAPITL,61757,33.39,1.71,0,1
10-08-2023 19:00,EDT,CAPITL,61757,31.78,1.63,0,1
10-08-2023 20:00,EDT,CAPITL,61757,29.8,1.55,0,1
10-08-2023 21:00,EDT,CAPITL,61757,26.63,1.41,0,1
10-08-2023 22:00,EDT,CAPITL,61757,24.15,1.26,0,1
10-08-2023 23:00,EDT,CAPITL,61757,21.99,0.99,0,1
11-08-2023 00:00,EDT,CAPITL,61757,26.06,1.15,0,1
11-08-2023 01:00,EDT,CAPITL,61757,23.99,1.08,0,1
11-08-2023 02:00,EDT,CAPITL,61757,22.53,1.03,0,1
11-08-2023 03:00,EDT,CAPITL,61757,21.77,0.92,0,1
11-08-2023 04:00,EDT,CAPITL,61757,20.14,0.83,0,1
11-08-2023 05:00,EDT,CAPITL,61757,21.46,0.9,0,1
11-08-2023 06:00,EDT,CAPITL,61757,22.55,1.07,0,1
11-08-2023 07:00,EDT,CAPITL,61757,24.07,1.21,0,1
11-08-2023 08:00,EDT,CAPITL,61757,24.78,1.11,0,1
11-08-2023 09:00,EDT,CAPITL,61757,24.96,1.05,0,1
11-08-2023 10:00,EDT,CAPITL,61757,25.51,1.1,0,1
11-08-2023 11:00,EDT,CAPITL,61757,26.14,1.17,0,1
11-08-2023 12:00,EDT,CAPITL,61757,26.6,1.15,0,1
11-08-2023 13:00,EDT,CAPITL,61757,27.38,1.25,0,1
11-08-2023 14:00,EDT,CAPITL,61757,28.39,1.38,0,1
11-08-2023 15:00,EDT,CAPITL,61757,29.97,1.4,0,1
11-08-2023 16:00,EDT,CAPITL,61757,33.44,1.68,-0.08,1
11-08-2023 17:00,EDT,CAPITL,61757,37.81,1.9,0,1
11-08-2023 18:00,EDT,CAPITL,61757,36.7,1.78,0,1
11-08-2023 19:00,EDT,CAPITL,61757,34.72,1.65,0,1
11-08-2023 20:00,EDT,CAPITL,61757,31.86,1.52,0,1
11-08-2023 21:00,EDT,CAPITL,61757,28.52,1.31,0,1
11-08-2023 22:00,EDT,CAPITL,61757,26.53,1.19,0,1
11-08-2023 23:00,EDT,CAPITL,61757,23.87,1.09,0,1
12-08-2023 00:00,EDT,CAPITL,61757,21.75,0.9,0,1
12-08-2023 01:00,EDT,CAPITL,61757,20.97,0.83,0,1
12-08-2023 02:00,EDT,CAPITL,61757,19.14,0.74,0,1
12-08-2023 03:00,EDT,CAPITL,61757,17.54,0.71,0,1
12-08-2023 04:00,EDT,CAPITL,61757,17.33,0.65,-1.16,1
12-08-2023 05:00,EDT,CAPITL,61757,17.34,0.67,-0.98,1
12-08-2023 06:00,EDT,CAPITL,61757,18.04,0.65,-1.79,1
12-08-2023 07:00,EDT,CAPITL,61757,18.56,0.63,-2.17,1
12-08-2023 08:00,EDT,CAPITL,61757,19.23,0.79,0,1
12-08-2023 09:00,EDT,CAPITL,61757,20.04,0.79,0,1
12-08-2023 10:00,EDT,CAPITL,61757,21.08,0.81,0,1
12-08-2023 11:00,EDT,CAPITL,61757,22.48,1,-0.67,1
12-08-2023 12:00,EDT,CAPITL,61757,24.95,1,-3.17,1
12-08-2023 13:00,EDT,CAPITL,61757,26.75,1.02,-4.85,1
12-08-2023 14:00,EDT,CAPITL,61757,27.44,1.16,-3.62,1
12-08-2023 15:00,EDT,CAPITL,61757,29.52,1.19,-5.93,1
12-08-2023 16:00,EDT,CAPITL,61757,36.03,1.17,-12.25,1
12-08-2023 17:00,EDT,CAPITL,61757,41.77,1.45,-12.51,1
12-08-2023 18:00,EDT,CAPITL,61757,44.14,1.6,-13.35,1
12-08-2023 19:00,EDT,CAPITL,61757,38.35,1.32,-13.51,1
12-08-2023 20:00,EDT,CAPITL,61757,34.83,1.33,-10.14,1
12-08-2023 21:00,EDT,CAPITL,61757,33.6,1.18,-10.56,1
12-08-2023 22:00,EDT,CAPITL,61757,28.69,1.24,-5.38,1
12-08-2023 23:00,EDT,CAPITL,61757,27.68,1.07,-5.68,1
13-08-2023 00:00,EDT,CAPITL,61757,26.41,1.02,-4.48,1
13-08-2023 01:00,EDT,CAPITL,61757,24.3,1.02,-2.36,1
13-08-2023 02:00,EDT,CAPITL,61757,22.95,0.94,-1.95,1
13-08-2023 03:00,EDT,CAPITL,61757,22.02,0.84,-2.85,1
13-08-2023 04:00,EDT,CAPITL,61757,21.9,0.85,-3.31,1
13-08-2023 05:00,EDT,CAPITL,61757,20.53,0.93,-0.25,1
13-08-2023 06:00,EDT,CAPITL,61757,20.18,0.88,-0.93,1
13-08-2023 07:00,EDT,CAPITL,61757,21.45,0.86,-1.82,1
13-08-2023 08:00,EDT,CAPITL,61757,22.16,1.01,-0.5,1
13-08-2023 09:00,EDT,CAPITL,61757,24.84,1.02,-2.95,1
13-08-2023 10:00,EDT,CAPITL,61757,26.19,1.02,-4.77,1
13-08-2023 11:00,EDT,CAPITL,61757,27.98,1.05,-6.36,1
13-08-2023 12:00,EDT,CAPITL,61757,30.72,1.11,-8.65,1
13-08-2023 13:00,EDT,CAPITL,61757,32.82,1.15,-10.69,1
13-08-2023 14:00,EDT,CAPITL,61757,35.85,1.11,-13.39,1
13-08-2023 15:00,EDT,CAPITL,61757,36.41,1.22,-13.04,1
13-08-2023 16:00,EDT,CAPITL,61757,53.45,1.24,-30.4,1
13-08-2023 17:00,EDT,CAPITL,61757,53.48,1.56,-24.98,1
13-08-2023 18:00,EDT,CAPITL,61757,52.45,1.61,-23.14,1
13-08-2023 19:00,EDT,CAPITL,61757,46.68,1.71,-16.53,1
13-08-2023 20:00,EDT,CAPITL,61757,35.98,1.9,-4.37,1
13-08-2023 21:00,EDT,CAPITL,61757,32.65,1.78,-2.19,1
13-08-2023 22:00,EDT,CAPITL,61757,29.88,1.26,-6.84,1
13-08-2023 23:00,EDT,CAPITL,61757,26.67,1.18,-4.1,1
14-08-2023 00:00,EDT,CAPITL,61757,23.01,1.07,0,1
14-08-2023 01:00,EDT,CAPITL,61757,21.98,1.01,0,1
14-08-2023 02:00,EDT,CAPITL,61757,20.48,0.83,0,1
14-08-2023 03:00,EDT,CAPITL,61757,19.5,0.73,0,1
14-08-2023 04:00,EDT,CAPITL,61757,18.91,0.69,0,1
14-08-2023 05:00,EDT,CAPITL,61757,21.44,0.83,0,1
14-08-2023 06:00,EDT,CAPITL,61757,22.39,1.01,0,1
14-08-2023 07:00,EDT,CAPITL,61757,24.4,1.16,0,1
14-08-2023 08:00,EDT,CAPITL,61757,26.45,1.26,0.01,1
14-08-2023 09:00,EDT,CAPITL,61757,26.84,1.24,0.16,1
14-08-2023 10:00,EDT,CAPITL,61757,27.96,1.28,0,1
14-08-2023 11:00,EDT,CAPITL,61757,29.27,1.4,0.04,1
14-08-2023 12:00,EDT,CAPITL,61757,31.16,1.52,0.15,1
14-08-2023 13:00,EDT,CAPITL,61757,33.92,1.65,0.11,1
14-08-2023 14:00,EDT,CAPITL,61757,35.15,1.81,0.14,1
14-08-2023 15:00,EDT,CAPITL,61757,36.73,1.92,0.04,1
14-08-2023 16:00,EDT,CAPITL,61757,45.62,2.12,-5.55,1
14-08-2023 17:00,EDT,CAPITL,61757,47.83,2.21,-7.55,1
14-08-2023 18:00,EDT,CAPITL,61757,41.21,2.41,-0.61,1
14-08-2023 19:00,EDT,CAPITL,61757,39.49,2.2,0,1
14-08-2023 20:00,EDT,CAPITL,61757,35.36,2.03,0,1
14-08-2023 21:00,EDT,CAPITL,61757,31.4,1.66,0,1
14-08-2023 22:00,EDT,CAPITL,61757,28.58,1.51,0,1
14-08-2023 23:00,EDT,CAPITL,61757,25.23,1.31,0,1
15-08-2023 00:00,EDT,CAPITL,61757,25,1.3,0,1
15-08-2023 01:00,EDT,CAPITL,61757,23.05,1.16,0,1
15-08-2023 02:00,EDT,CAPITL,61757,22.16,1.17,0,1
15-08-2023 03:00,EDT,CAPITL,61757,22.02,1.15,0,1
15-08-2023 04:00,EDT,CAPITL,61757,21.89,1.08,0,1
15-08-2023 05:00,EDT,CAPITL,61757,22.83,1.21,-0.4,1
15-08-2023 06:00,EDT,CAPITL,61757,23.99,1.29,0,1
15-08-2023 07:00,EDT,CAPITL,61757,27.23,1.41,-0.21,1
15-08-2023 08:00,EDT,CAPITL,61757,29.59,1.59,-0.03,1
15-08-2023 09:00,EDT,CAPITL,61757,30.54,1.58,0.23,1
15-08-2023 10:00,EDT,CAPITL,61757,30.59,1.58,0.28,1
15-08-2023 11:00,EDT,CAPITL,61757,31.67,1.67,0.37,1
15-08-2023 12:00,EDT,CAPITL,61757,33.54,1.79,0.23,1
15-08-2023 13:00,EDT,CAPITL,61757,33.08,1.69,0.47,1
15-08-2023 14:00,EDT,CAPITL,61757,33.22,1.73,0.51,1
15-08-2023 15:00,EDT,CAPITL,61757,33.01,1.69,0.6,1
15-08-2023 16:00,EDT,CAPITL,61757,52.71,1.43,-24.36,1
15-08-2023 17:00,EDT,CAPITL,61757,51.11,1.59,-20.67,1
15-08-2023 18:00,EDT,CAPITL,61757,43.38,1.78,-9.81,1
15-08-2023 19:00,EDT,CAPITL,61757,38.24,1.99,-1.41,1
15-08-2023 20:00,EDT,CAPITL,61757,34.03,1.84,0.15,1
15-08-2023 21:00,EDT,CAPITL,61757,31.44,1.71,0.38,1
15-08-2023 22:00,EDT,CAPITL,61757,28.83,1.51,0.18,1
15-08-2023 23:00,EDT,CAPITL,61757,25.3,1.27,0,1
16-08-2023 00:00,EDT,CAPITL,61757,25.13,1.13,0,1
16-08-2023 01:00,EDT,CAPITL,61757,24.03,1.06,0,1
16-08-2023 02:00,EDT,CAPITL,61757,23.28,1.02,0,1
16-08-2023 03:00,EDT,CAPITL,61757,22.54,0.99,0,1
16-08-2023 04:00,EDT,CAPITL,61757,22.56,0.97,0,1
16-08-2023 05:00,EDT,CAPITL,61757,24.35,1.12,0,1
16-08-2023 06:00,EDT,CAPITL,61757,24.34,1.11,0,1
16-08-2023 07:00,EDT,CAPITL,61757,27.9,1.28,0.06,1
16-08-2023 08:00,EDT,CAPITL,61757,28.79,1.34,0,1
16-08-2023 09:00,EDT,CAPITL,61757,28.61,1.35,0.21,1
16-08-2023 10:00,EDT,CAPITL,61757,29.36,1.33,0.33,1
16-08-2023 11:00,EDT,CAPITL,61757,30.1,1.29,0.45,1
16-08-2023 12:00,EDT,CAPITL,61757,30.78,1.29,0.47,1
16-08-2023 13:00,EDT,CAPITL,61757,32.03,1.34,0.58,1
16-08-2023 14:00,EDT,CAPITL,61757,34.87,1.54,0.81,1
16-08-2023 15:00,EDT,CAPITL,61757,36.72,1.59,0.99,1
16-08-2023 16:00,EDT,CAPITL,61757,47.55,2.08,-6.87,1
16-08-2023 17:00,EDT,CAPITL,61757,57.76,2.32,-16.86,1
16-08-2023 18:00,EDT,CAPITL,61757,44.86,2.51,-1.8,1
16-08-2023 19:00,EDT,CAPITL,61757,40.72,2.46,0.74,1
16-08-2023 20:00,EDT,CAPITL,61757,37.92,2.01,0.7,1
16-08-2023 21:00,EDT,CAPITL,61757,33.61,1.75,0.5,1
16-08-2023 22:00,EDT,CAPITL,61757,30.83,1.51,0.34,1
16-08-2023 23:00,EDT,CAPITL,61757,26.4,1.26,0,1
17-08-2023 00:00,EDT,CAPITL,61757,25.57,1.24,-1.34,1
17-08-2023 01:00,EDT,CAPITL,61757,23.46,1.2,0,1
17-08-2023 02:00,EDT,CAPITL,61757,23,1.01,-2.64,1
17-08-2023 03:00,EDT,CAPITL,61757,22.82,0.92,-3.81,1
17-08-2023 04:00,EDT,CAPITL,61757,22.84,0.92,-3.84,1
17-08-2023 05:00,EDT,CAPITL,61757,23.64,0.95,-4.84,1
17-08-2023 06:00,EDT,CAPITL,61757,26.47,1.06,-5.72,1
17-08-2023 07:00,EDT,CAPITL,61757,26.46,1.12,-4.62,1
17-08-2023 08:00,EDT,CAPITL,61757,27.48,1.32,-2.99,1
17-08-2023 09:00,EDT,CAPITL,61757,26.9,1.55,-0.43,1
17-08-2023 10:00,EDT,CAPITL,61757,29.36,1.56,-2.21,1
17-08-2023 11:00,EDT,CAPITL,61757,30.44,1.61,-2.81,1
17-08-2023 12:00,EDT,CAPITL,61757,29.96,1.76,0.22,1
17-08-2023 13:00,EDT,CAPITL,61757,32.01,1.86,0.26,1
17-08-2023 14:00,EDT,CAPITL,61757,34.11,1.93,0.56,1
17-08-2023 15:00,EDT,CAPITL,61757,34.95,2.1,0.4,1
17-08-2023 16:00,EDT,CAPITL,61757,46.55,2.1,-9.98,1
17-08-2023 17:00,EDT,CAPITL,61757,52.34,2.25,-14.43,1
17-08-2023 18:00,EDT,CAPITL,61757,48.46,2.27,-10.11,1
17-08-2023 19:00,EDT,CAPITL,61757,44.13,2.06,-10.28,1
17-08-2023 20:00,EDT,CAPITL,61757,38.6,1.93,-7.81,1
17-08-2023 21:00,EDT,CAPITL,61757,30.64,1.95,0,1
17-08-2023 22:00,EDT,CAPITL,61757,27.61,1.64,-0.77,1
17-08-2023 23:00,EDT,CAPITL,61757,26.05,1.2,-4.06,1
18-08-2023 00:00,EDT,CAPITL,61757,27.01,1.01,-7.3,1
18-08-2023 01:00,EDT,CAPITL,61757,26.14,0.85,-9.83,1
18-08-2023 02:00,EDT,CAPITL,61757,24.67,0.76,-9.58,1
18-08-2023 03:00,EDT,CAPITL,61757,23.63,0.76,-8.49,1
18-08-2023 04:00,EDT,CAPITL,61757,23.04,0.77,-7.77,1
18-08-2023 05:00,EDT,CAPITL,61757,25.84,0.78,-10.86,1
18-08-2023 06:00,EDT,CAPITL,61757,26.99,0.91,-9.3,1
18-08-2023 07:00,EDT,CAPITL,61757,28.68,1.04,-7.3,1
18-08-2023 08:00,EDT,CAPITL,61757,29.6,1.11,-7.63,1
18-08-2023 09:00,EDT,CAPITL,61757,30.35,1.13,-8.33,1
18-08-2023 10:00,EDT,CAPITL,61757,29.93,1.1,-7.98,1
18-08-2023 11:00,EDT,CAPITL,61757,30.92,1.08,-8.99,1
18-08-2023 12:00,EDT,CAPITL,61757,31.7,1.02,-9.83,1
18-08-2023 13:00,EDT,CAPITL,61757,35.66,0.95,-15.23,1
18-08-2023 14:00,EDT,CAPITL,61757,37.24,0.88,-18.35,1
18-08-2023 15:00,EDT,CAPITL,61757,35.88,1.01,-14.21,1
18-08-2023 16:00,EDT,CAPITL,61757,46.27,0.94,-25.82,1
18-08-2023 17:00,EDT,CAPITL,61757,46.14,1.02,-24.21,1
18-08-2023 18:00,EDT,CAPITL,61757,38.6,1.19,-13.99,1
18-08-2023 19:00,EDT,CAPITL,61757,35.55,1.09,-13.52,1
18-08-2023 20:00,EDT,CAPITL,61757,28.99,1.38,-2.89,1
18-08-2023 21:00,EDT,CAPITL,61757,27.38,1.11,-5.74,1
18-08-2023 22:00,EDT,CAPITL,61757,24.91,1.11,-2.89,1
18-08-2023 23:00,EDT,CAPITL,61757,24.58,0.81,-7.61,1
19-08-2023 00:00,EDT,CAPITL,61757,22.02,1.11,-1.05,1
19-08-2023 01:00,EDT,CAPITL,61757,21.46,0.79,-6.52,1
19-08-2023 02:00,EDT,CAPITL,61757,20.87,0.63,-8.66,1
19-08-2023 03:00,EDT,CAPITL,61757,19.23,0.61,-7.01,1
19-08-2023 04:00,EDT,CAPITL,61757,20.23,0.64,-7.87,1
19-08-2023 05:00,EDT,CAPITL,61757,19.24,0.98,-1.39,1
19-08-2023 06:00,EDT,CAPITL,61757,18.68,1.06,0,1
19-08-2023 07:00,EDT,CAPITL,61757,18.57,1.05,0,1
19-08-2023 08:00,EDT,CAPITL,61757,19.55,1.04,-1.1,1
19-08-2023 09:00,EDT,CAPITL,61757,20.3,1.08,-0.82,1
19-08-2023 10:00,EDT,CAPITL,61757,20.66,1.08,-0.94,1
19-08-2023 11:00,EDT,CAPITL,61757,21.5,1.05,-1.75,1
19-08-2023 12:00,EDT,CAPITL,61757,21.86,1.14,-1.05,1
19-08-2023 13:00,EDT,CAPITL,61757,22.97,1.13,-2.38,1
19-08-2023 14:00,EDT,CAPITL,61757,23.2,1.2,-2.25,1
19-08-2023 15:00,EDT,CAPITL,61757,23.08,1.31,-0.97,1
19-08-2023 16:00,EDT,CAPITL,61757,27.73,1.3,-5.45,1
19-08-2023 17:00,EDT,CAPITL,61757,31.47,1.37,-9.04,1
19-08-2023 18:00,EDT,CAPITL,61757,29.84,1.58,-4.72,1
19-08-2023 19:00,EDT,CAPITL,61757,27.75,1.44,-5.12,1
19-08-2023 20:00,EDT,CAPITL,61757,24.59,1.48,-1.71,1
19-08-2023 21:00,EDT,CAPITL,61757,22.87,1.34,-0.55,1
19-08-2023 22:00,EDT,CAPITL,61757,21.71,1.21,-0.75,1
19-08-2023 23:00,EDT,CAPITL,61757,21.03,1.02,-3.08,1
20-08-2023 00:00,EDT,CAPITL,61757,23.53,0.29,-15.33,1
20-08-2023 01:00,EDT,CAPITL,61757,21.37,0.29,-12.96,1
20-08-2023 02:00,EDT,CAPITL,61757,20.47,0.3,-11.96,1
20-08-2023 03:00,EDT,CAPITL,61757,19.66,0.29,-11.07,1
20-08-2023 04:00,EDT,CAPITL,61757,18.56,0.31,-9.88,1
20-08-2023 05:00,EDT,CAPITL,61757,18.62,0.28,-10.99,1
20-08-2023 06:00,EDT,CAPITL,61757,18.12,0.31,-9.25,1
20-08-2023 07:00,EDT,CAPITL,61757,17.92,0.31,-8.85,1
20-08-2023 08:00,EDT,CAPITL,61757,18.79,0.34,-9.3,1
20-08-2023 09:00,EDT,CAPITL,61757,18.31,0.52,-4.22,1
20-08-2023 10:00,EDT,CAPITL,61757,20.19,0.56,-2.54,1
20-08-2023 11:00,EDT,CAPITL,61757,20.63,0.71,-0.86,1
20-08-2023 12:00,EDT,CAPITL,61757,21.66,0.91,0,1
20-08-2023 13:00,EDT,CAPITL,61757,22.77,1,0,1
20-08-2023 14:00,EDT,CAPITL,61757,24.9,1,-1.61,1
20-08-2023 15:00,EDT,CAPITL,61757,26.45,1.11,-0.67,1
20-08-2023 16:00,EDT,CAPITL,61757,35.95,1.37,-7.08,1
20-08-2023 17:00,EDT,CAPITL,61757,42.64,1.44,-14.05,1
20-08-2023 18:00,EDT,CAPITL,61757,45.72,1.96,-9.43,1
20-08-2023 19:00,EDT,CAPITL,61757,43.23,1.57,-15,1
20-08-2023 20:00,EDT,CAPITL,61757,33.36,1.7,-3.86,1
20-08-2023 21:00,EDT,CAPITL,61757,30.55,1.36,-4.4,1
20-08-2023 22:00,EDT,CAPITL,61757,26.59,1.18,-2.62,1
20-08-2023 23:00,EDT,CAPITL,61757,24.35,1.04,-0.65,1
21-08-2023 00:00,EDT,CAPITL,61757,28.91,0.65,-11.63,1
21-08-2023 01:00,EDT,CAPITL,61757,27.73,0.56,-12.68,1
21-08-2023 02:00,EDT,CAPITL,61757,24.9,0.54,-10.09,1
21-08-2023 03:00,EDT,CAPITL,61757,23.18,0.52,-9,1
21-08-2023 04:00,EDT,CAPITL,61757,22.04,0.53,-7.63,1
21-08-2023 05:00,EDT,CAPITL,61757,23.32,0.66,-5.72,1
21-08-2023 06:00,EDT,CAPITL,61757,25.11,0.63,-6.01,1
21-08-2023 07:00,EDT,CAPITL,61757,29.41,0.8,-8.12,1
21-08-2023 08:00,EDT,CAPITL,61757,29.23,1.01,-4.76,1
21-08-2023 09:00,EDT,CAPITL,61757,29.82,1.19,-1.66,1
21-08-2023 10:00,EDT,CAPITL,61757,29.63,1.19,-0.22,1
21-08-2023 11:00,EDT,CAPITL,61757,32.26,1.14,-2.77,1
21-08-2023 12:00,EDT,CAPITL,61757,34.48,1.28,0.55,1
21-08-2023 13:00,EDT,CAPITL,61757,36.42,1.37,0,1
21-08-2023 14:00,EDT,CAPITL,61757,37.06,1.6,0.02,1
21-08-2023 15:00,EDT,CAPITL,61757,39.38,1.82,0.3,1
21-08-2023 16:00,EDT,CAPITL,61757,69,1.43,-37.16,1
21-08-2023 17:00,EDT,CAPITL,61757,72.62,1.77,-32.5,1
21-08-2023 18:00,EDT,CAPITL,61757,62.59,1.83,-23.39,1
21-08-2023 19:00,EDT,CAPITL,61757,52.61,1.83,-14.16,1
21-08-2023 20:00,EDT,CAPITL,61757,38.88,1.77,-4.33,1
21-08-2023 21:00,EDT,CAPITL,61757,36.87,1.31,-8.38,1
21-08-2023 22:00,EDT,CAPITL,61757,35.4,1.05,-10,1
21-08-2023 23:00,EDT,CAPITL,61757,30.43,0.83,-6.44,1
22-08-2023 00:00,EDT,CAPITL,61757,23.58,1.04,0,1
22-08-2023 01:00,EDT,CAPITL,61757,21.45,0.96,0,1
22-08-2023 02:00,EDT,CAPITL,61757,19.87,0.89,0,1
22-08-2023 03:00,EDT,CAPITL,61757,18.95,0.83,0,1
22-08-2023 04:00,EDT,CAPITL,61757,19.23,0.86,0,1
22-08-2023 05:00,EDT,CAPITL,61757,20.36,0.93,0,1
22-08-2023 06:00,EDT,CAPITL,61757,21.71,0.94,0,1
22-08-2023 07:00,EDT,CAPITL,61757,22.48,1.11,0,1
22-08-2023 08:00,EDT,CAPITL,61757,24.23,1.09,0,1
22-08-2023 09:00,EDT,CAPITL,61757,23.67,1.02,0,1
22-08-2023 10:00,EDT,CAPITL,61757,23.04,0.99,0,1
22-08-2023 11:00,EDT,CAPITL,61757,23.94,0.95,0.05,1
22-08-2023 12:00,EDT,CAPITL,61757,25.45,1.03,0.17,1
22-08-2023 13:00,EDT,CAPITL,61757,27.16,1.1,0.18,1
22-08-2023 14:00,EDT,CAPITL,61757,28.5,1.16,0.27,1
22-08-2023 15:00,EDT,CAPITL,61757,28.25,1.18,0.31,1
22-08-2023 16:00,EDT,CAPITL,61757,30.97,1.53,0,1
22-08-2023 17:00,EDT,CAPITL,61757,36.24,1.79,0,1
22-08-2023 18:00,EDT,CAPITL,61757,33.94,1.71,0,1
22-08-2023 19:00,EDT,CAPITL,61757,31.14,1.62,0,1
22-08-2023 20:00,EDT,CAPITL,61757,31.25,1.63,0,1
22-08-2023 21:00,EDT,CAPITL,61757,28.63,1.49,0,1
22-08-2023 22:00,EDT,CAPITL,61757,24.86,1.14,0,1
22-08-2023 23:00,EDT,CAPITL,61757,22.88,0.9,0,1
23-08-2023 00:00,EDT,CAPITL,61757,21.05,0.57,0,1
23-08-2023 01:00,EDT,CAPITL,61757,18.57,0.59,0,1
23-08-2023 02:00,EDT,CAPITL,61757,17.15,0.61,0,1
23-08-2023 03:00,EDT,CAPITL,61757,17.09,0.64,0,1
23-08-2023 04:00,EDT,CAPITL,61757,17.09,0.64,0,1
23-08-2023 05:00,EDT,CAPITL,61757,17.79,0.67,0,1
23-08-2023 06:00,EDT,CAPITL,61757,19.01,0.66,0,1
23-08-2023 07:00,EDT,CAPITL,61757,20.63,0.7,0,1
23-08-2023 08:00,EDT,CAPITL,61757,21.27,0.7,0,1
23-08-2023 09:00,EDT,CAPITL,61757,19.96,0.66,0,1
23-08-2023 10:00,EDT,CAPITL,61757,21.1,0.59,0,1
23-08-2023 11:00,EDT,CAPITL,61757,21.66,0.75,0,1
23-08-2023 12:00,EDT,CAPITL,61757,22.09,0.77,0,1
23-08-2023 13:00,EDT,CAPITL,61757,22.85,0.77,0,1
23-08-2023 14:00,EDT,CAPITL,61757,23.57,0.82,0,1
23-08-2023 15:00,EDT,CAPITL,61757,23.93,0.86,0.03,1
23-08-2023 16:00,EDT,CAPITL,61757,29.41,1.2,0.47,1
23-08-2023 17:00,EDT,CAPITL,61757,31.06,1.46,0.2,1
23-08-2023 18:00,EDT,CAPITL,61757,30.3,1.39,0,1
23-08-2023 19:00,EDT,CAPITL,61757,29.12,1.31,0,1
23-08-2023 20:00,EDT,CAPITL,61757,27.22,1.27,0,1
23-08-2023 21:00,EDT,CAPITL,61757,23.74,1.09,0,1
23-08-2023 22:00,EDT,CAPITL,61757,21.83,0.94,0,1
23-08-2023 23:00,EDT,CAPITL,61757,21.87,0.9,0,1
24-08-2023 00:00,EDT,CAPITL,61757,21.46,0.85,0,1
24-08-2023 01:00,EDT,CAPITL,61757,19,0.77,0,1
24-08-2023 02:00,EDT,CAPITL,61757,17.37,0.75,0,1
24-08-2023 03:00,EDT,CAPITL,61757,16.57,0.7,0,1
24-08-2023 04:00,EDT,CAPITL,61757,17.32,0.76,0,1
24-08-2023 05:00,EDT,CAPITL,61757,19.19,0.86,0,1
24-08-2023 06:00,EDT,CAPITL,61757,19.78,0.89,0,1
24-08-2023 07:00,EDT,CAPITL,61757,21.58,0.95,0,1
24-08-2023 08:00,EDT,CAPITL,61757,22.58,1.16,0,1
24-08-2023 09:00,EDT,CAPITL,61757,23.95,1.27,0,1
24-08-2023 10:00,EDT,CAPITL,61757,22.76,1.25,0,1
24-08-2023 11:00,EDT,CAPITL,61757,23.63,1.29,0,1
24-08-2023 12:00,EDT,CAPITL,61757,24.11,1.26,0,1
24-08-2023 13:00,EDT,CAPITL,61757,25.52,1.31,0,1
24-08-2023 14:00,EDT,CAPITL,61757,24.98,1.35,0,1
24-08-2023 15:00,EDT,CAPITL,61757,24.26,1.33,0,1
24-08-2023 16:00,EDT,CAPITL,61757,27.91,1.55,0,1
24-08-2023 17:00,EDT,CAPITL,61757,32.19,1.88,0,1
24-08-2023 18:00,EDT,CAPITL,61757,31.35,1.86,0,1
24-08-2023 19:00,EDT,CAPITL,61757,28.43,1.63,0,1
24-08-2023 20:00,EDT,CAPITL,61757,25.38,1.48,0,1
24-08-2023 21:00,EDT,CAPITL,61757,23.67,1.44,0,1
24-08-2023 22:00,EDT,CAPITL,61757,22.21,1.26,0,1
24-08-2023 23:00,EDT,CAPITL,61757,22.14,1.17,0,1
25-08-2023 00:00,EDT,CAPITL,61757,22.79,1.2,-0.62,1
25-08-2023 01:00,EDT,CAPITL,61757,21.19,1,-2.32,1
25-08-2023 02:00,EDT,CAPITL,61757,19.15,0.89,-1.79,1
25-08-2023 03:00,EDT,CAPITL,61757,19.79,0.78,-4.52,1
25-08-2023 04:00,EDT,CAPITL,61757,19.21,0.88,-1.94,1
25-08-2023 05:00,EDT,CAPITL,61757,21.18,0.97,0,1
25-08-2023 06:00,EDT,CAPITL,61757,22.35,1.12,0,1
25-08-2023 07:00,EDT,CAPITL,61757,23.69,1.28,0,1
25-08-2023 08:00,EDT,CAPITL,61757,25.47,1.4,0,1
25-08-2023 09:00,EDT,CAPITL,61757,27.01,1.46,0.03,1
25-08-2023 10:00,EDT,CAPITL,61757,26.63,1.44,0,1
25-08-2023 11:00,EDT,CAPITL,61757,27.68,1.5,0.1,1
25-08-2023 12:00,EDT,CAPITL,61757,28.35,1.47,0.34,1
25-08-2023 13:00,EDT,CAPITL,61757,30.82,1.47,0,1
25-08-2023 14:00,EDT,CAPITL,61757,30.68,1.44,0.12,1
25-08-2023 15:00,EDT,CAPITL,61757,30.76,1.47,0.65,1
25-08-2023 16:00,EDT,CAPITL,61757,35.04,1.74,1.53,1
25-08-2023 17:00,EDT,CAPITL,61757,38.35,2.01,1.63,1
25-08-2023 18:00,EDT,CAPITL,61757,34.38,1.77,0.85,1
25-08-2023 19:00,EDT,CAPITL,61757,32.82,1.6,0.09,1
25-08-2023 20:00,EDT,CAPITL,61757,31.19,1.57,0.6,1
25-08-2023 21:00,EDT,CAPITL,61757,28.11,1.5,0.26,1
25-08-2023 22:00,EDT,CAPITL,61757,26.55,1.37,0.25,1
25-08-2023 23:00,EDT,CAPITL,61757,25.34,1.32,0,1
26-08-2023 00:00,EDT,CAPITL,61757,26.17,1.36,0,1
26-08-2023 01:00,EDT,CAPITL,61757,23.34,1.09,0,1
26-08-2023 02:00,EDT,CAPITL,61757,21.25,1.03,0,1
26-08-2023 03:00,EDT,CAPITL,61757,21.41,0.85,-3.17,1
26-08-2023 04:00,EDT,CAPITL,61757,20.18,0.87,-1.47,1
26-08-2023 05:00,EDT,CAPITL,61757,21.65,1,-1.06,1
26-08-2023 06:00,EDT,CAPITL,61757,21.43,0.96,0,1
26-08-2023 07:00,EDT,CAPITL,61757,22.17,0.99,-1.03,1
26-08-2023 08:00,EDT,CAPITL,61757,22.18,1.1,-0.24,1
26-08-2023 09:00,EDT,CAPITL,61757,23.26,1.11,-1.29,1
26-08-2023 10:00,EDT,CAPITL,61757,22.56,1.24,0,1
26-08-2023 11:00,EDT,CAPITL,61757,23.32,1.14,-0.24,1
26-08-2023 12:00,EDT,CAPITL,61757,26.18,1.08,-3.91,1
26-08-2023 13:00,EDT,CAPITL,61757,27.58,1.16,-3.6,1
26-08-2023 14:00,EDT,CAPITL,61757,28.46,1.17,-4.74,1
26-08-2023 15:00,EDT,CAPITL,61757,28.51,1.23,-4.03,1
26-08-2023 16:00,EDT,CAPITL,61757,38.22,1.2,-14.28,1
26-08-2023 17:00,EDT,CAPITL,61757,42.25,1.41,-14.76,1
26-08-2023 18:00,EDT,CAPITL,61757,38.03,1.35,-12.05,1
26-08-2023 19:00,EDT,CAPITL,61757,37.51,1.18,-14.54,1
26-08-2023 20:00,EDT,CAPITL,61757,31.5,1.24,-8.04,1
26-08-2023 21:00,EDT,CAPITL,61757,27.41,1.17,-4.48,1
26-08-2023 22:00,EDT,CAPITL,61757,24.16,1.1,-1.47,1
26-08-2023 23:00,EDT,CAPITL,61757,25.96,0.98,-4.09,1
27-08-2023 00:00,EDT,CAPITL,61757,26.49,0.93,-3.91,1
27-08-2023 01:00,EDT,CAPITL,61757,22.87,0.69,-5.23,1
27-08-2023 02:00,EDT,CAPITL,61757,20.85,0.61,-5.43,1
27-08-2023 03:00,EDT,CAPITL,61757,20.33,0.6,-4.82,1
27-08-2023 04:00,EDT,CAPITL,61757,18.27,0.62,-2.6,1
27-08-2023 05:00,EDT,CAPITL,61757,19.82,0.62,-4.54,1
27-08-2023 06:00,EDT,CAPITL,61757,17.28,0.68,-0.07,1
27-08-2023 07:00,EDT,CAPITL,61757,17.42,0.65,-0.64,1
27-08-2023 08:00,EDT,CAPITL,61757,18.7,0.75,0,1
27-08-2023 09:00,EDT,CAPITL,61757,19.31,0.76,0,1
27-08-2023 10:00,EDT,CAPITL,61757,19.56,0.77,0,1
27-08-2023 11:00,EDT,CAPITL,61757,20.22,0.87,0,1
27-08-2023 12:00,EDT,CAPITL,61757,20.83,0.94,0,1
27-08-2023 13:00,EDT,CAPITL,61757,21.85,1,0,1
27-08-2023 14:00,EDT,CAPITL,61757,22.15,1.05,0,1
27-08-2023 15:00,EDT,CAPITL,61757,23.21,1.08,0,1
27-08-2023 16:00,EDT,CAPITL,61757,28.39,1.32,-1.71,1
27-08-2023 17:00,EDT,CAPITL,61757,31.14,1.56,-1.12,1
27-08-2023 18:00,EDT,CAPITL,61757,30.61,1.61,-0.67,1
27-08-2023 19:00,EDT,CAPITL,61757,30.25,1.51,-1.67,1
27-08-2023 20:00,EDT,CAPITL,61757,27.2,1.48,-0.24,1
27-08-2023 21:00,EDT,CAPITL,61757,22.73,1.12,0,1
27-08-2023 22:00,EDT,CAPITL,61757,21.89,1.02,0,1
27-08-2023 23:00,EDT,CAPITL,61757,21.89,0.96,0,1
28-08-2023 00:00,EDT,CAPITL,61757,22.34,0.8,0,1
28-08-2023 01:00,EDT,CAPITL,61757,19.45,0.69,0,1
28-08-2023 02:00,EDT,CAPITL,61757,18.58,0.68,0,1
28-08-2023 03:00,EDT,CAPITL,61757,17.74,0.6,0,1
28-08-2023 04:00,EDT,CAPITL,61757,17.8,0.64,0,1
28-08-2023 05:00,EDT,CAPITL,61757,19.2,0.58,0,1
28-08-2023 06:00,EDT,CAPITL,61757,21.48,0.65,0,1
28-08-2023 07:00,EDT,CAPITL,61757,22.23,1,0,1
28-08-2023 08:00,EDT,CAPITL,61757,23.12,1.02,0,1
28-08-2023 09:00,EDT,CAPITL,61757,23.97,1.01,0,1
28-08-2023 10:00,EDT,CAPITL,61757,23.45,0.94,0,1
28-08-2023 11:00,EDT,CAPITL,61757,24.06,0.93,0,1
28-08-2023 12:00,EDT,CAPITL,61757,24.36,0.89,0,1
28-08-2023 13:00,EDT,CAPITL,61757,25.31,0.93,0,1
28-08-2023 14:00,EDT,CAPITL,61757,26.28,1.01,0,1
28-08-2023 15:00,EDT,CAPITL,61757,27.1,1.04,0,1
28-08-2023 16:00,EDT,CAPITL,61757,30.84,1.33,0,1
28-08-2023 17:00,EDT,CAPITL,61757,34.78,1.66,0,1
28-08-2023 18:00,EDT,CAPITL,61757,34.08,1.65,0,1
28-08-2023 19:00,EDT,CAPITL,61757,32.62,1.67,0,1
28-08-2023 20:00,EDT,CAPITL,61757,31.09,1.56,0,1
28-08-2023 21:00,EDT,CAPITL,61757,27.27,1.25,0,1
28-08-2023 22:00,EDT,CAPITL,61757,24.25,1.09,0,1
28-08-2023 23:00,EDT,CAPITL,61757,22.95,0.99,0,1
29-08-2023 00:00,EDT,CAPITL,61757,22.49,0.93,0,1
29-08-2023 01:00,EDT,CAPITL,61757,20.23,0.8,0,1
29-08-2023 02:00,EDT,CAPITL,61757,19.14,0.82,0,1
29-08-2023 03:00,EDT,CAPITL,61757,18.14,0.76,0,1
29-08-2023 04:00,EDT,CAPITL,61757,18.51,0.78,0,1
29-08-2023 05:00,EDT,CAPITL,61757,20.96,0.84,0,1
29-08-2023 06:00,EDT,CAPITL,61757,22.87,0.94,0,1
29-08-2023 07:00,EDT,CAPITL,61757,23.91,1.1,0,1
29-08-2023 08:00,EDT,CAPITL,61757,25.08,1.19,0,1
29-08-2023 09:00,EDT,CAPITL,61757,25.36,1.23,0,1
29-08-2023 10:00,EDT,CAPITL,61757,24.58,1.08,0,1
29-08-2023 11:00,EDT,CAPITL,61757,25.82,1.14,0.15,1
29-08-2023 12:00,EDT,CAPITL,61757,26.67,1.22,0.04,1
29-08-2023 13:00,EDT,CAPITL,61757,27.01,1.22,0.25,1
29-08-2023 14:00,EDT,CAPITL,61757,28.23,1.27,0,1
29-08-2023 15:00,EDT,CAPITL,61757,27.79,1.29,0.37,1
29-08-2023 16:00,EDT,CAPITL,61757,31.06,1.54,0.65,1
29-08-2023 17:00,EDT,CAPITL,61757,36.3,1.91,0.33,1
29-08-2023 18:00,EDT,CAPITL,61757,34.32,1.76,0.15,1
29-08-2023 19:00,EDT,CAPITL,61757,33.69,1.79,0,1
29-08-2023 20:00,EDT,CAPITL,61757,30.17,1.63,0,1
29-08-2023 21:00,EDT,CAPITL,61757,27.09,1.4,0.22,1
29-08-2023 22:00,EDT,CAPITL,61757,24.34,1.14,0,1
29-08-2023 23:00,EDT,CAPITL,61757,22.97,1.13,-0.07,1
30-08-2023 00:00,EDT,CAPITL,61757,25.08,1.08,-0.95,1
30-08-2023 01:00,EDT,CAPITL,61757,23.39,0.91,-1.67,1
30-08-2023 02:00,EDT,CAPITL,61757,21.8,0.79,-3.14,1
30-08-2023 03:00,EDT,CAPITL,61757,21.17,0.76,-3.07,1
30-08-2023 04:00,EDT,CAPITL,61757,20.72,0.8,-2.15,1
30-08-2023 05:00,EDT,CAPITL,61757,22.7,0.93,-1.15,1
30-08-2023 06:00,EDT,CAPITL,61757,25.51,0.98,-3.72,1
30-08-2023 07:00,EDT,CAPITL,61757,28.38,1.06,-6.51,1
30-08-2023 08:00,EDT,CAPITL,61757,28.56,1.08,-6.62,1
30-08-2023 09:00,EDT,CAPITL,61757,30.76,1.09,-8.78,1
30-08-2023 10:00,EDT,CAPITL,61757,28.51,1.18,-4.95,1
30-08-2023 11:00,EDT,CAPITL,61757,31.25,1.06,-9.34,1
30-08-2023 12:00,EDT,CAPITL,61757,31.48,1.02,-9.59,1
30-08-2023 13:00,EDT,CAPITL,61757,33.99,1,-12.57,1
30-08-2023 14:00,EDT,CAPITL,61757,33.49,1.01,-11.94,1
30-08-2023 15:00,EDT,CAPITL,61757,33.3,0.94,-12.79,1
30-08-2023 16:00,EDT,CAPITL,61757,42.18,0.91,-22.24,1
30-08-2023 17:00,EDT,CAPITL,61757,45.29,1.09,-23.22,1
30-08-2023 18:00,EDT,CAPITL,61757,42.16,1.13,-20.03,1
30-08-2023 19:00,EDT,CAPITL,61757,38.34,1.2,-15.4,1
30-08-2023 20:00,EDT,CAPITL,61757,32.5,1.3,-7.45,1
30-08-2023 21:00,EDT,CAPITL,61757,27.14,1.26,-2.61,1
30-08-2023 22:00,EDT,CAPITL,61757,25.79,1.02,-3.85,1
30-08-2023 23:00,EDT,CAPITL,61757,23.53,0.88,-2.14,1
31-08-2023 00:00,EDT,CAPITL,61757,21.72,0.78,-1.35,1
31-08-2023 01:00,EDT,CAPITL,61757,21.43,0.69,-4.23,1
31-08-2023 02:00,EDT,CAPITL,61757,19.72,0.62,-4.11,1
31-08-2023 03:00,EDT,CAPITL,61757,19.1,0.59,-3.88,1
31-08-2023 04:00,EDT,CAPITL,61757,18.56,0.59,-2.69,1
31-08-2023 05:00,EDT,CAPITL,61757,19.63,0.75,-0.24,1
31-08-2023 06:00,EDT,CAPITL,61757,21.98,0.82,0,1
31-08-2023 07:00,EDT,CAPITL,61757,23.06,0.99,0,1
31-08-2023 08:00,EDT,CAPITL,61757,23.16,1,0,1
31-08-2023 09:00,EDT,CAPITL,61757,21.77,0.8,0,1
31-08-2023 10:00,EDT,CAPITL,61757,20.29,0.61,0,1
31-08-2023 11:00,EDT,CAPITL,61757,20.25,0.61,0,1
31-08-2023 12:00,EDT,CAPITL,61757,20.54,0.6,0,1
31-08-2023 13:00,EDT,CAPITL,61757,21.29,0.64,0,1
31-08-2023 14:00,EDT,CAPITL,61757,21.79,0.82,0,1
31-08-2023 15:00,EDT,CAPITL,61757,22.62,0.85,0,1
31-08-2023 16:00,EDT,CAPITL,61757,26.27,1.01,0,1
31-08-2023 17:00,EDT,CAPITL,61757,30.15,1.24,0,1
31-08-2023 18:00,EDT,CAPITL,61757,30.65,1.32,0,1
31-08-2023 19:00,EDT,CAPITL,61757,29.62,1.28,0,1
31-08-2023 20:00,EDT,CAPITL,61757,26.74,1.15,0,1
31-08-2023 21:00,EDT,CAPITL,61757,24.11,1.04,0,1
31-08-2023 22:00,EDT,CAPITL,61757,21.79,0.88,0,1
31-08-2023 23:00,EDT,CAPITL,61757,21.41,0.72,0,1
01-09-2023 00:00,EDT,CAPITL,61757,19.85,0.6,0,1
01-09-2023 01:00,EDT,CAPITL,61757,17.93,0.57,0,1
01-09-2023 02:00,EDT,CAPITL,61757,17.89,0.59,0,1
01-09-2023 03:00,EDT,CAPITL,61757,17.83,0.62,0,1
01-09-2023 04:00,EDT,CAPITL,61757,17.99,0.62,0,1
01-09-2023 05:00,EDT,CAPITL,61757,18.49,0.64,0,1
01-09-2023 06:00,EDT,CAPITL,61757,20.8,0.74,0,1
01-09-2023 07:00,EDT,CAPITL,61757,21.31,0.76,0,1
01-09-2023 08:00,EDT,CAPITL,61757,21.11,0.91,0,1
01-09-2023 09:00,EDT,CAPITL,61757,20.54,0.77,0,1
01-09-2023 10:00,EDT,CAPITL,61757,19.27,0.69,0,1
01-09-2023 11:00,EDT,CAPITL,61757,19.62,0.68,0,1
01-09-2023 12:00,EDT,CAPITL,61757,20.13,0.72,0,1
01-09-2023 13:00,EDT,CAPITL,61757,20.97,0.73,0,1
01-09-2023 14:00,EDT,CAPITL,61757,21.82,0.88,0,1
01-09-2023 15:00,EDT,CAPITL,61757,22.08,0.91,0,1
01-09-2023 16:00,EDT,CAPITL,61757,24.82,1.05,0,1
01-09-2023 17:00,EDT,CAPITL,61757,29.97,1.48,0,1
01-09-2023 18:00,EDT,CAPITL,61757,30.29,1.55,0,1
01-09-2023 19:00,EDT,CAPITL,61757,28.05,1.49,0,1
01-09-2023 20:00,EDT,CAPITL,61757,25.01,1.3,0,1
01-09-2023 21:00,EDT,CAPITL,61757,22.57,1.16,0,1
01-09-2023 22:00,EDT,CAPITL,61757,21,0.88,0,1
01-09-2023 23:00,EDT,CAPITL,61757,19.86,0.78,0,1
02-09-2023 00:00,EDT,CAPITL,61757,20.18,0.87,0,1
02-09-2023 01:00,EDT,CAPITL,61757,18.26,0.8,0,1
02-09-2023 02:00,EDT,CAPITL,61757,19.01,0.69,-3.21,1
02-09-2023 03:00,EDT,CAPITL,61757,18.62,0.68,-3.55,1
02-09-2023 04:00,EDT,CAPITL,61757,17.96,0.71,-2.39,1
02-09-2023 05:00,EDT,CAPITL,61757,18.51,0.66,-3.7,1
02-09-2023 06:00,EDT,CAPITL,61757,17.32,0.75,-1.32,1
02-09-2023 07:00,EDT,CAPITL,61757,18.23,0.72,-2.09,1
02-09-2023 08:00,EDT,CAPITL,61757,18.01,0.72,-1.71,1
02-09-2023 09:00,EDT,CAPITL,61757,17.96,0.72,-1.56,1
02-09-2023 10:00,EDT,CAPITL,61757,17.79,0.77,0,1
02-09-2023 11:00,EDT,CAPITL,61757,18.18,0.78,0,1
02-09-2023 12:00,EDT,CAPITL,61757,19.4,0.76,0,1
02-09-2023 13:00,EDT,CAPITL,61757,20.47,0.86,0,1
02-09-2023 14:00,EDT,CAPITL,61757,20.67,1,0,1
02-09-2023 15:00,EDT,CAPITL,61757,22.16,1.15,0,1
02-09-2023 16:00,EDT,CAPITL,61757,26.78,1.42,0.07,1
02-09-2023 17:00,EDT,CAPITL,61757,29.25,1.6,0,1
02-09-2023 18:00,EDT,CAPITL,61757,30.4,1.85,0,1
02-09-2023 19:00,EDT,CAPITL,61757,29.4,1.82,0,1
02-09-2023 20:00,EDT,CAPITL,61757,25.59,1.52,0,1
02-09-2023 21:00,EDT,CAPITL,61757,22.32,1.3,0,1
02-09-2023 22:00,EDT,CAPITL,61757,21.18,1.14,0,1
02-09-2023 23:00,EDT,CAPITL,61757,20.13,1.03,0,1
03-09-2023 00:00,EDT,CAPITL,61757,20.45,1.02,-0.25,1
03-09-2023 01:00,EDT,CAPITL,61757,19.84,0.8,-3.93,1
03-09-2023 02:00,EDT,CAPITL,61757,18.34,0.78,-2.51,1
03-09-2023 03:00,EDT,CAPITL,61757,17.9,0.79,-1.84,1
03-09-2023 04:00,EDT,CAPITL,61757,16.76,0.77,-0.91,1
03-09-2023 05:00,EDT,CAPITL,61757,17.56,0.81,-1.4,1
03-09-2023 06:00,EDT,CAPITL,61757,16.33,0.82,0,1
03-09-2023 07:00,EDT,CAPITL,61757,16.61,0.81,0,1
03-09-2023 08:00,EDT,CAPITL,61757,17.09,0.81,0,1
03-09-2023 09:00,EDT,CAPITL,61757,20.48,0.88,0,1
03-09-2023 10:00,EDT,CAPITL,61757,21.97,1.01,0,1
03-09-2023 11:00,EDT,CAPITL,61757,23.54,1.16,0,1
03-09-2023 12:00,EDT,CAPITL,61757,25.11,1.38,0,1
03-09-2023 13:00,EDT,CAPITL,61757,28.55,1.46,0,1
03-09-2023 14:00,EDT,CAPITL,61757,32.21,1.63,0.14,1
03-09-2023 15:00,EDT,CAPITL,61757,35.76,1.84,0.14,1
03-09-2023 16:00,EDT,CAPITL,61757,40.27,2.41,0.29,1
03-09-2023 17:00,EDT,CAPITL,61757,58.97,2.67,-16.42,1
03-09-2023 18:00,EDT,CAPITL,61757,52.96,2.77,-10.07,1
03-09-2023 19:00,EDT,CAPITL,61757,43.27,2.71,-0.79,1
03-09-2023 20:00,EDT,CAPITL,61757,37.86,2.21,0,1
03-09-2023 21:00,EDT,CAPITL,61757,33.93,2.01,0,1
03-09-2023 22:00,EDT,CAPITL,61757,30.77,1.93,0,1
03-09-2023 23:00,EDT,CAPITL,61757,27.65,1.56,0,1
04-09-2023 00:00,EDT,CAPITL,61757,27.99,1,0,1
04-09-2023 01:00,EDT,CAPITL,61757,25.32,0.86,0,1
04-09-2023 02:00,EDT,CAPITL,61757,23.31,0.81,0,1
04-09-2023 03:00,EDT,CAPITL,61757,22.33,0.71,0,1
04-09-2023 04:00,EDT,CAPITL,61757,21.62,0.67,0,1
04-09-2023 05:00,EDT,CAPITL,61757,22.19,0.6,0,1
04-09-2023 06:00,EDT,CAPITL,61757,22.64,0.7,0,1
04-09-2023 07:00,EDT,CAPITL,61757,23.31,0.79,0,1
04-09-2023 08:00,EDT,CAPITL,61757,25.33,0.86,0,1
04-09-2023 09:00,EDT,CAPITL,61757,29.33,0.94,0,1
04-09-2023 10:00,EDT,CAPITL,61757,32.24,1.14,0.56,1
04-09-2023 11:00,EDT,CAPITL,61757,34.37,1.35,0.61,1
04-09-2023 12:00,EDT,CAPITL,61757,38.41,1.44,0.9,1
04-09-2023 13:00,EDT,CAPITL,61757,39.94,1.89,0.43,1
04-09-2023 14:00,EDT,CAPITL,61757,42.77,2.1,0.53,1
04-09-2023 15:00,EDT,CAPITL,61757,46.1,2.53,0.77,1
04-09-2023 16:00,EDT,CAPITL,61757,57.83,3.44,1.92,1
04-09-2023 17:00,EDT,CAPITL,61757,70.51,4.44,2.29,1
04-09-2023 18:00,EDT,CAPITL,61757,67.8,4.26,1,1
04-09-2023 19:00,EDT,CAPITL,61757,60.59,3.83,1.33,1
04-09-2023 20:00,EDT,CAPITL,61757,47.15,2.92,0.77,1
04-09-2023 21:00,EDT,CAPITL,61757,41.39,2.38,0.69,1
04-09-2023 22:00,EDT,CAPITL,61757,37.65,1.72,0.55,1
04-09-2023 23:00,EDT,CAPITL,61757,34.01,1.42,0.52,1
05-09-2023 00:00,EDT,CAPITL,61757,32.8,1.17,0,1
05-09-2023 01:00,EDT,CAPITL,61757,30.63,1.01,0,1
05-09-2023 02:00,EDT,CAPITL,61757,28.02,1.08,0,1
05-09-2023 03:00,EDT,CAPITL,61757,26.98,0.99,0,1
05-09-2023 04:00,EDT,CAPITL,61757,26.67,0.98,0,1
05-09-2023 05:00,EDT,CAPITL,61757,27.72,1.01,0,1
05-09-2023 06:00,EDT,CAPITL,61757,31.5,1.12,0,1
05-09-2023 07:00,EDT,CAPITL,61757,34.64,1.34,0.2,1
05-09-2023 08:00,EDT,CAPITL,61757,37.31,1.55,0.37,1
05-09-2023 09:00,EDT,CAPITL,61757,38.79,1.73,0.49,1
05-09-2023 10:00,EDT,CAPITL,61757,44.2,2.34,0.03,1
05-09-2023 11:00,EDT,CAPITL,61757,45.57,2.37,0,1
05-09-2023 12:00,EDT,CAPITL,61757,52.29,2.63,0,1
05-09-2023 13:00,EDT,CAPITL,61757,60.04,2.7,0,1
05-09-2023 14:00,EDT,CAPITL,61757,67.25,3.14,0,1
05-09-2023 15:00,EDT,CAPITL,61757,70.7,3.37,0,1
05-09-2023 16:00,EDT,CAPITL,61757,90.14,4.33,0.76,1
05-09-2023 17:00,EDT,CAPITL,61757,99.64,5.01,0,1
05-09-2023 18:00,EDT,CAPITL,61757,93.53,5.21,0,1
05-09-2023 19:00,EDT,CAPITL,61757,79.04,4.26,0,1
05-09-2023 20:00,EDT,CAPITL,61757,65.13,3.8,0,1
05-09-2023 21:00,EDT,CAPITL,61757,51.09,3.03,0,1
05-09-2023 22:00,EDT,CAPITL,61757,44.15,2.66,0,1
05-09-2023 23:00,EDT,CAPITL,61757,39.29,1.87,0,1
06-09-2023 00:00,EDT,CAPITL,61757,37,1.59,0,1
06-09-2023 01:00,EDT,CAPITL,61757,34.05,1.53,0,1
06-09-2023 02:00,EDT,CAPITL,61757,31.72,1.45,0,1
06-09-2023 03:00,EDT,CAPITL,61757,30.63,1.35,0,1
06-09-2023 04:00,EDT,CAPITL,61757,31.06,1.37,0,1
06-09-2023 05:00,EDT,CAPITL,61757,32.2,1.39,0,1
06-09-2023 06:00,EDT,CAPITL,61757,35.01,1.57,0,1
06-09-2023 07:00,EDT,CAPITL,61757,37.99,1.67,0,1
06-09-2023 08:00,EDT,CAPITL,61757,39.65,1.85,0,1
06-09-2023 09:00,EDT,CAPITL,61757,40.61,2.26,0,1
06-09-2023 10:00,EDT,CAPITL,61757,43.91,2.52,0,1
06-09-2023 11:00,EDT,CAPITL,61757,51.39,3.05,0,1
06-09-2023 12:00,EDT,CAPITL,61757,53.07,3.05,0,1
06-09-2023 13:00,EDT,CAPITL,61757,60.52,3.53,0,1
06-09-2023 14:00,EDT,CAPITL,61757,70.51,3.74,0,1
06-09-2023 15:00,EDT,CAPITL,61757,75.87,4.23,0,1
06-09-2023 16:00,EDT,CAPITL,61757,105.33,6.15,0,1
06-09-2023 17:00,EDT,CAPITL,61757,122.35,6.92,0,1
06-09-2023 18:00,EDT,CAPITL,61757,107.01,6.25,0,1
06-09-2023 19:00,EDT,CAPITL,61757,86.58,5.06,0,1
06-09-2023 20:00,EDT,CAPITL,61757,69.21,3.85,0,1
06-09-2023 21:00,EDT,CAPITL,61757,55.06,3.26,0,1
06-09-2023 22:00,EDT,CAPITL,61757,46.01,2.85,0,1
06-09-2023 23:00,EDT,CAPITL,61757,40.08,2.16,0,1
07-09-2023 00:00,EDT,CAPITL,61757,38.77,2.02,0,1
07-09-2023 01:00,EDT,CAPITL,61757,35.98,1.87,0,1
07-09-2023 02:00,EDT,CAPITL,61757,35.24,1.8,0,1
07-09-2023 03:00,EDT,CAPITL,61757,32.78,1.68,0,1
07-09-2023 04:00,EDT,CAPITL,61757,32.7,1.64,0,1
07-09-2023 05:00,EDT,CAPITL,61757,35.11,1.83,0,1
07-09-2023 06:00,EDT,CAPITL,61757,38.5,1.9,0,1
07-09-2023 07:00,EDT,CAPITL,61757,40.32,2.14,0,1
07-09-2023 08:00,EDT,CAPITL,61757,41.99,2.53,0,1
07-09-2023 09:00,EDT,CAPITL,61757,43.97,2.68,0,1
07-09-2023 10:00,EDT,CAPITL,61757,51.04,3.21,0,1
07-09-2023 11:00,EDT,CAPITL,61757,53.36,3.26,0,1
07-09-2023 12:00,EDT,CAPITL,61757,61.2,3.79,0,1
07-09-2023 13:00,EDT,CAPITL,61757,72.58,4.56,0,1
07-09-2023 14:00,EDT,CAPITL,61757,91.23,4.84,-13.11,1
07-09-2023 15:00,EDT,CAPITL,61757,119.81,4.68,-43.17,1
07-09-2023 16:00,EDT,CAPITL,61757,129.84,5.86,-31.07,1
07-09-2023 17:00,EDT,CAPITL,61757,182.02,5.74,-86.64,1
07-09-2023 18:00,EDT,CAPITL,61757,158.65,4.76,-78.41,1
07-09-2023 19:00,EDT,CAPITL,61757,122.35,4.73,-43.78,1
07-09-2023 20:00,EDT,CAPITL,61757,76.02,3.68,-15.67,1
07-09-2023 21:00,EDT,CAPITL,61757,56.56,3.18,-6.64,1
07-09-2023 22:00,EDT,CAPITL,61757,46.14,2.59,-3.63,1
07-09-2023 23:00,EDT,CAPITL,61757,38.55,2.08,0,1
08-09-2023 00:00,EDT,CAPITL,61757,40.48,2.29,0,1
08-09-2023 01:00,EDT,CAPITL,61757,39.33,1.94,0,1
08-09-2023 02:00,EDT,CAPITL,61757,38.99,1.93,0,1
08-09-2023 03:00,EDT,CAPITL,61757,36.89,1.73,0.16,1
08-09-2023 04:00,EDT,CAPITL,61757,36.85,1.76,0.07,1
08-09-2023 05:00,EDT,CAPITL,61757,39.48,1.88,0,1
08-09-2023 06:00,EDT,CAPITL,61757,39.89,2.11,0,1
08-09-2023 07:00,EDT,CAPITL,61757,41.82,2.63,0,1
08-09-2023 08:00,EDT,CAPITL,61757,42.82,2.65,0,1
08-09-2023 09:00,EDT,CAPITL,61757,45.14,2.83,0,1
08-09-2023 10:00,EDT,CAPITL,61757,47.7,2.91,0,1
08-09-2023 11:00,EDT,CAPITL,61757,51.15,3.17,0,1
08-09-2023 12:00,EDT,CAPITL,61757,56.36,3.39,0,1
08-09-2023 13:00,EDT,CAPITL,61757,71.88,4.43,-2.39,1
08-09-2023 14:00,EDT,CAPITL,61757,92.66,4.43,-22.17,1
08-09-2023 15:00,EDT,CAPITL,61757,111,4.57,-36.13,1
08-09-2023 16:00,EDT,CAPITL,61757,115.09,4.86,-34.34,1
08-09-2023 17:00,EDT,CAPITL,61757,138.06,5.44,-48.9,1
08-09-2023 18:00,EDT,CAPITL,61757,93.58,4.69,-16.72,1
08-09-2023 19:00,EDT,CAPITL,61757,73.47,4.36,0,1
08-09-2023 20:00,EDT,CAPITL,61757,59.25,3.77,0,1
08-09-2023 21:00,EDT,CAPITL,61757,48.69,3.14,0,1
08-09-2023 22:00,EDT,CAPITL,61757,41.7,2.58,0,1
08-09-2023 23:00,EDT,CAPITL,61757,39.19,2.01,0,1
09-09-2023 00:00,EDT,CAPITL,61757,32.05,1.81,0,1
09-09-2023 01:00,EDT,CAPITL,61757,30.51,1.7,0,1
09-09-2023 02:00,EDT,CAPITL,61757,29.78,1.55,0,1
09-09-2023 03:00,EDT,CAPITL,61757,28.8,1.55,0,1
09-09-2023 04:00,EDT,CAPITL,61757,27.48,1.6,0,1
09-09-2023 05:00,EDT,CAPITL,61757,28.91,1.54,-2.1,1
09-09-2023 06:00,EDT,CAPITL,61757,27.41,1.63,0,1
09-09-2023 07:00,EDT,CAPITL,61757,27.27,1.55,-1.07,1
09-09-2023 08:00,EDT,CAPITL,61757,27.91,1.64,-1.09,1
09-09-2023 09:00,EDT,CAPITL,61757,29.64,1.76,0,1
09-09-2023 10:00,EDT,CAPITL,61757,31.21,1.85,0,1
09-09-2023 11:00,EDT,CAPITL,61757,32.45,1.87,0,1
09-09-2023 12:00,EDT,CAPITL,61757,35.33,1.95,0.31,1
09-09-2023 13:00,EDT,CAPITL,61757,36.36,2.03,0,1
09-09-2023 14:00,EDT,CAPITL,61757,37.97,2.15,0,1
09-09-2023 15:00,EDT,CAPITL,61757,39.77,2.2,-1.59,1
09-09-2023 16:00,EDT,CAPITL,61757,45.67,2.35,-5.36,1
09-09-2023 17:00,EDT,CAPITL,61757,61.23,2.39,-20.92,1
09-09-2023 18:00,EDT,CAPITL,61757,51.45,2.32,-11.79,1
09-09-2023 19:00,EDT,CAPITL,61757,40.97,2.38,-0.79,1
09-09-2023 20:00,EDT,CAPITL,61757,37.78,2.24,0,1
09-09-2023 21:00,EDT,CAPITL,61757,35.33,2.06,0,1
09-09-2023 22:00,EDT,CAPITL,61757,36.76,1.58,-9.35,1
09-09-2023 23:00,EDT,CAPITL,61757,32.44,1.82,0.24,1
10-09-2023 00:00,EDT,CAPITL,61757,30.08,1.71,0.13,1
10-09-2023 01:00,EDT,CAPITL,61757,27.07,1.39,0,1
10-09-2023 02:00,EDT,CAPITL,61757,23.94,1.23,0,1
10-09-2023 03:00,EDT,CAPITL,61757,23.52,1.2,0,1
10-09-2023 04:00,EDT,CAPITL,61757,23.61,1.27,0,1
10-09-2023 05:00,EDT,CAPITL,61757,23.7,1.32,0,1
10-09-2023 06:00,EDT,CAPITL,61757,23.79,1.28,0,1
10-09-2023 07:00,EDT,CAPITL,61757,23.51,1.2,0,1
10-09-2023 08:00,EDT,CAPITL,61757,24.32,1.29,0,1
10-09-2023 09:00,EDT,CAPITL,61757,26.75,1.44,0,1
10-09-2023 10:00,EDT,CAPITL,61757,28,1.47,0.27,1
10-09-2023 11:00,EDT,CAPITL,61757,28.75,1.51,0.25,1
10-09-2023 12:00,EDT,CAPITL,61757,29.59,1.55,0.13,1
10-09-2023 13:00,EDT,CAPITL,61757,30.32,1.53,0,1
10-09-2023 14:00,EDT,CAPITL,61757,31.85,1.68,0.38,1
10-09-2023 15:00,EDT,CAPITL,61757,33.13,1.82,0,1
10-09-2023 16:00,EDT,CAPITL,61757,36.48,2,0.05,1
10-09-2023 17:00,EDT,CAPITL,61757,42.86,2.13,-4.6,1
10-09-2023 18:00,EDT,CAPITL,61757,38.22,2.04,-1.63,1
10-09-2023 19:00,EDT,CAPITL,61757,36.51,2.21,0.12,1
10-09-2023 20:00,EDT,CAPITL,61757,34.39,1.92,0.02,1
10-09-2023 21:00,EDT,CAPITL,61757,30.73,1.86,0.23,1
10-09-2023 22:00,EDT,CAPITL,61757,28.97,1.68,0.27,1
10-09-2023 23:00,EDT,CAPITL,61757,27.57,1.46,0,1
11-09-2023 00:00,EDT,CAPITL,61757,26.63,1.05,0,1
11-09-2023 01:00,EDT,CAPITL,61757,24.61,0.92,0,1
11-09-2023 02:00,EDT,CAPITL,61757,23.45,0.81,0,1
11-09-2023 03:00,EDT,CAPITL,61757,22.28,0.77,0,1
11-09-2023 04:00,EDT,CAPITL,61757,22.47,0.76,0,1
11-09-2023 05:00,EDT,CAPITL,61757,24.31,0.84,0,1
11-09-2023 06:00,EDT,CAPITL,61757,26.48,0.95,0,1
11-09-2023 07:00,EDT,CAPITL,61757,27.67,1.29,0,1
11-09-2023 08:00,EDT,CAPITL,61757,28.75,1.42,0,1
11-09-2023 09:00,EDT,CAPITL,61757,29.75,1.5,0,1
11-09-2023 10:00,EDT,CAPITL,61757,29.83,1.47,0,1
11-09-2023 11:00,EDT,CAPITL,61757,30.57,1.51,0.07,1
11-09-2023 12:00,EDT,CAPITL,61757,33.47,1.63,0.12,1
11-09-2023 13:00,EDT,CAPITL,61757,35.53,1.73,0.07,1
11-09-2023 14:00,EDT,CAPITL,61757,36.46,1.73,0.52,1
11-09-2023 15:00,EDT,CAPITL,61757,37.56,1.79,0.1,1
11-09-2023 16:00,EDT,CAPITL,61757,42.06,1.86,-2.34,1
11-09-2023 17:00,EDT,CAPITL,61757,48.66,2.05,-8.53,1
11-09-2023 18:00,EDT,CAPITL,61757,43.68,2.09,-3.47,1
11-09-2023 19:00,EDT,CAPITL,61757,42.97,2.05,-3.01,1
11-09-2023 20:00,EDT,CAPITL,61757,36.44,1.9,0,1
11-09-2023 21:00,EDT,CAPITL,61757,31.69,1.57,0,1
11-09-2023 22:00,EDT,CAPITL,61757,28.72,1.38,0.24,1
11-09-2023 23:00,EDT,CAPITL,61757,26.44,1.21,0,1
12-09-2023 00:00,EDT,CAPITL,61757,27.86,1.25,0,1
12-09-2023 01:00,EDT,CAPITL,61757,26.54,1.19,0,1
12-09-2023 02:00,EDT,CAPITL,61757,23.61,1.06,0,1
12-09-2023 03:00,EDT,CAPITL,61757,23.72,1.02,0,1
12-09-2023 04:00,EDT,CAPITL,61757,23.12,1.06,0,1
12-09-2023 05:00,EDT,CAPITL,61757,25.33,1.14,0,1
12-09-2023 06:00,EDT,CAPITL,61757,28.79,1.34,0,1
12-09-2023 07:00,EDT,CAPITL,61757,30.29,1.55,0,1
12-09-2023 08:00,EDT,CAPITL,61757,30.56,1.57,-0.93,1
12-09-2023 09:00,EDT,CAPITL,61757,31.91,1.46,-2.94,1
12-09-2023 10:00,EDT,CAPITL,61757,30.38,1.56,0,1
12-09-2023 11:00,EDT,CAPITL,61757,30.86,1.52,0,1
12-09-2023 12:00,EDT,CAPITL,61757,33.61,1.68,-1.89,1
12-09-2023 13:00,EDT,CAPITL,61757,34.1,1.77,-0.76,1
12-09-2023 14:00,EDT,CAPITL,61757,38.43,1.77,-5.62,1
12-09-2023 15:00,EDT,CAPITL,61757,40.25,1.81,-6.61,1
12-09-2023 16:00,EDT,CAPITL,61757,47.67,1.92,-11.44,1
12-09-2023 17:00,EDT,CAPITL,61757,50.76,2.1,-13,1
12-09-2023 18:00,EDT,CAPITL,61757,47.96,2.09,-10.96,1
12-09-2023 19:00,EDT,CAPITL,61757,47.5,2.06,-11.74,1
12-09-2023 20:00,EDT,CAPITL,61757,40.41,1.98,-6.48,1
12-09-2023 21:00,EDT,CAPITL,61757,32.83,1.67,-2.87,1
12-09-2023 22:00,EDT,CAPITL,61757,29.99,1.5,-1.77,1
12-09-2023 23:00,EDT,CAPITL,61757,29.87,1.42,-3.44,1
13-09-2023 00:00,EDT,CAPITL,61757,33.26,1.1,-10.67,1
13-09-2023 01:00,EDT,CAPITL,61757,29.28,1.07,-6.72,1
13-09-2023 02:00,EDT,CAPITL,61757,26.77,1,-5.73,1
13-09-2023 03:00,EDT,CAPITL,61757,25.92,0.97,-5.85,1
13-09-2023 04:00,EDT,CAPITL,61757,24.38,1.14,-1.81,1
13-09-2023 05:00,EDT,CAPITL,61757,26.82,1.18,-4.15,1
13-09-2023 06:00,EDT,CAPITL,61757,30.62,1.43,-4.13,1
13-09-2023 07:00,EDT,CAPITL,61757,37.17,1.46,-10.17,1
13-09-2023 08:00,EDT,CAPITL,61757,37.08,1.46,-7.47,1
13-09-2023 09:00,EDT,CAPITL,61757,37.45,1.49,-6.78,1
13-09-2023 10:00,EDT,CAPITL,61757,36.71,1.36,-9.67,1
13-09-2023 11:00,EDT,CAPITL,61757,38.02,1.3,-11.18,1
13-09-2023 12:00,EDT,CAPITL,61757,38.53,1.16,-13.61,1
13-09-2023 13:00,EDT,CAPITL,61757,39.01,1.13,-15.76,1
13-09-2023 14:00,EDT,CAPITL,61757,39.82,1.01,-17.28,1
13-09-2023 15:00,EDT,CAPITL,61757,38.47,1.01,-15.49,1
13-09-2023 16:00,EDT,CAPITL,61757,42.39,1.01,-18.93,1
13-09-2023 17:00,EDT,CAPITL,61757,45.53,1.11,-21.37,1
13-09-2023 18:00,EDT,CAPITL,61757,40.53,1.15,-15.32,1
13-09-2023 19:00,EDT,CAPITL,61757,40.79,1.16,-15.35,1
13-09-2023 20:00,EDT,CAPITL,61757,34.61,1.3,-7.27,1
13-09-2023 21:00,EDT,CAPITL,61757,30,1.11,-5.87,1
13-09-2023 22:00,EDT,CAPITL,61757,28.21,0.92,-5.78,1
13-09-2023 23:00,EDT,CAPITL,61757,25.37,0.92,-2.96,1
14-09-2023 00:00,EDT,CAPITL,61757,27.98,0.91,-7.22,1
14-09-2023 01:00,EDT,CAPITL,61757,23.52,0.88,-3.9,1
14-09-2023 02:00,EDT,CAPITL,61757,22.16,0.76,-4.86,1
14-09-2023 03:00,EDT,CAPITL,61757,21.35,0.79,-3.3,1
14-09-2023 04:00,EDT,CAPITL,61757,21.51,0.85,-2.48,1
14-09-2023 05:00,EDT,CAPITL,61757,23.45,0.92,-3.43,1
14-09-2023 06:00,EDT,CAPITL,61757,26.45,1.36,-0.35,1
14-09-2023 07:00,EDT,CAPITL,61757,30.03,1.29,-3.94,1
14-09-2023 08:00,EDT,CAPITL,61757,28.79,1.21,-3.91,1
14-09-2023 09:00,EDT,CAPITL,61757,28.19,1.03,-5.6,1
14-09-2023 10:00,EDT,CAPITL,61757,27.15,0.95,-5.97,1
14-09-2023 11:00,EDT,CAPITL,61757,27.7,0.77,-9.85,1
14-09-2023 12:00,EDT,CAPITL,61757,27.9,0.66,-11.87,1
14-09-2023 13:00,EDT,CAPITL,61757,27.59,0.76,-8.34,1
14-09-2023 14:00,EDT,CAPITL,61757,27.44,0.82,-7.12,1
14-09-2023 15:00,EDT,CAPITL,61757,27.35,0.87,-5.77,1
14-09-2023 16:00,EDT,CAPITL,61757,35.34,0.94,-13.06,1
14-09-2023 17:00,EDT,CAPITL,61757,38.85,1.02,-16.19,1
14-09-2023 18:00,EDT,CAPITL,61757,39.31,1.43,-8.07,1
14-09-2023 19:00,EDT,CAPITL,61757,37,1.44,-6.1,1
14-09-2023 20:00,EDT,CAPITL,61757,31.12,1.52,-0.4,1
14-09-2023 21:00,EDT,CAPITL,61757,27.57,1.31,-1.13,1
14-09-2023 22:00,EDT,CAPITL,61757,26.2,1.08,-3.13,1
14-09-2023 23:00,EDT,CAPITL,61757,23.07,1.02,-0.44,1
15-09-2023 00:00,EDT,CAPITL,61757,21.89,0.87,-0.68,1
15-09-2023 01:00,EDT,CAPITL,61757,19.36,0.81,0,1
15-09-2023 02:00,EDT,CAPITL,61757,19.37,0.73,-2.49,1
15-09-2023 03:00,EDT,CAPITL,61757,19.06,0.7,-2.77,1
15-09-2023 04:00,EDT,CAPITL,61757,18.83,0.76,-1.48,1
15-09-2023 05:00,EDT,CAPITL,61757,21,0.92,0,1
15-09-2023 06:00,EDT,CAPITL,61757,24.4,1.21,0,1
15-09-2023 07:00,EDT,CAPITL,61757,25.24,1.25,0,1
15-09-2023 08:00,EDT,CAPITL,61757,25.65,1.06,-3.04,1
15-09-2023 09:00,EDT,CAPITL,61757,23.02,0.97,-0.52,1
15-09-2023 10:00,EDT,CAPITL,61757,21.12,0.83,0,1
15-09-2023 11:00,EDT,CAPITL,61757,20.64,0.83,-0.51,1
15-09-2023 12:00,EDT,CAPITL,61757,20.7,0.79,-0.3,1
15-09-2023 13:00,EDT,CAPITL,61757,22.26,0.81,-1.1,1
15-09-2023 14:00,EDT,CAPITL,61757,22.58,0.84,-0.28,1
15-09-2023 15:00,EDT,CAPITL,61757,23.92,0.89,-1.46,1
15-09-2023 16:00,EDT,CAPITL,61757,27.06,0.95,-3.54,1
15-09-2023 17:00,EDT,CAPITL,61757,35.68,1.05,-10.68,1
15-09-2023 18:00,EDT,CAPITL,61757,33.55,1.22,-5.9,1
15-09-2023 19:00,EDT,CAPITL,61757,31.88,1.15,-6.35,1
15-09-2023 20:00,EDT,CAPITL,61757,25.46,1.14,0,1
15-09-2023 21:00,EDT,CAPITL,61757,24.26,1.01,-1.72,1
15-09-2023 22:00,EDT,CAPITL,61757,22.84,0.97,-0.39,1
15-09-2023 23:00,EDT,CAPITL,61757,20.91,0.82,0,1
16-09-2023 00:00,EDT,CAPITL,61757,20.36,0.82,0,1
16-09-2023 01:00,EDT,CAPITL,61757,18.29,0.77,0,1
16-09-2023 02:00,EDT,CAPITL,61757,17.99,0.77,-0.09,1
16-09-2023 03:00,EDT,CAPITL,61757,18.92,0.66,-3.28,1
16-09-2023 04:00,EDT,CAPITL,61757,18.48,0.66,-2.83,1
16-09-2023 05:00,EDT,CAPITL,61757,18.52,0.81,0,1
16-09-2023 06:00,EDT,CAPITL,61757,19.66,0.86,-0.48,1
16-09-2023 07:00,EDT,CAPITL,61757,20.53,0.84,-2.94,1
16-09-2023 08:00,EDT,CAPITL,61757,21.56,0.63,-5.67,1
16-09-2023 09:00,EDT,CAPITL,61757,22.26,0.67,-6.26,1
16-09-2023 10:00,EDT,CAPITL,61757,21.88,0.65,-6.09,1
16-09-2023 11:00,EDT,CAPITL,61757,21.51,0.64,-5.71,1
16-09-2023 12:00,EDT,CAPITL,61757,21.82,0.65,-5.4,1
16-09-2023 13:00,EDT,CAPITL,61757,21.54,0.67,-4.24,1
16-09-2023 14:00,EDT,CAPITL,61757,21.02,0.67,-3.54,1
16-09-2023 15:00,EDT,CAPITL,61757,21.83,0.7,-3.13,1
16-09-2023 16:00,EDT,CAPITL,61757,25.07,0.97,-2.63,1
16-09-2023 17:00,EDT,CAPITL,61757,31.2,1.02,-7.08,1
16-09-2023 18:00,EDT,CAPITL,61757,30.48,1.07,-6.15,1
16-09-2023 19:00,EDT,CAPITL,61757,28.56,1.17,-3.06,1
16-09-2023 20:00,EDT,CAPITL,61757,25.41,1.26,-0.74,1
16-09-2023 21:00,EDT,CAPITL,61757,22.52,0.99,0,1
16-09-2023 22:00,EDT,CAPITL,61757,21.22,0.91,0,1
16-09-2023 23:00,EDT,CAPITL,61757,20.56,0.86,-1.03,1
17-09-2023 00:00,EDT,CAPITL,61757,18.7,0.79,0,1
17-09-2023 01:00,EDT,CAPITL,61757,17.13,0.72,0,1
17-09-2023 02:00,EDT,CAPITL,61757,16.17,0.71,0,1
17-09-2023 03:00,EDT,CAPITL,61757,15.08,0.68,-0.01,1
17-09-2023 04:00,EDT,CAPITL,61757,15.3,0.66,0,1
17-09-2023 05:00,EDT,CAPITL,61757,15.96,0.7,0,1
17-09-2023 06:00,EDT,CAPITL,61757,17.74,0.74,-1.01,1
17-09-2023 07:00,EDT,CAPITL,61757,17.03,0.71,-1.11,1
17-09-2023 08:00,EDT,CAPITL,61757,17.1,0.69,-1.15,1
17-09-2023 09:00,EDT,CAPITL,61757,17.28,0.71,-0.3,1
17-09-2023 10:00,EDT,CAPITL,61757,16.91,0.63,0,1
17-09-2023 11:00,EDT,CAPITL,61757,17.03,0.64,0,1
17-09-2023 12:00,EDT,CAPITL,61757,18.04,0.64,0,1
17-09-2023 13:00,EDT,CAPITL,61757,19.13,0.77,0,1
17-09-2023 14:00,EDT,CAPITL,61757,20.64,0.87,0,1
17-09-2023 15:00,EDT,CAPITL,61757,21.22,0.93,0,1
17-09-2023 16:00,EDT,CAPITL,61757,26.26,1.2,-1.13,1
17-09-2023 17:00,EDT,CAPITL,61757,32.01,1.64,0,1
17-09-2023 18:00,EDT,CAPITL,61757,32,1.61,-0.63,1
17-09-2023 19:00,EDT,CAPITL,61757,33.45,1.8,0,1
17-09-2023 20:00,EDT,CAPITL,61757,28.52,1.43,0,1
17-09-2023 21:00,EDT,CAPITL,61757,23.67,1.11,0,1
17-09-2023 22:00,EDT,CAPITL,61757,22.04,0.93,0,1
17-09-2023 23:00,EDT,CAPITL,61757,20.8,0.78,0,1
18-09-2023 00:00,EDT,CAPITL,61757,20.12,0.74,0,1
18-09-2023 01:00,EDT,CAPITL,61757,18.47,0.69,0,1
18-09-2023 02:00,EDT,CAPITL,61757,17.38,0.67,0,1
18-09-2023 03:00,EDT,CAPITL,61757,17.28,0.68,0,1
18-09-2023 04:00,EDT,CAPITL,61757,17.63,0.65,0,1
18-09-2023 05:00,EDT,CAPITL,61757,19.23,0.7,0,1
18-09-2023 06:00,EDT,CAPITL,61757,24.41,1.07,0,1
18-09-2023 07:00,EDT,CAPITL,61757,26.1,1.31,0,1
18-09-2023 08:00,EDT,CAPITL,61757,28.05,1.59,0,1
18-09-2023 09:00,EDT,CAPITL,61757,28.22,1.6,0,1
18-09-2023 10:00,EDT,CAPITL,61757,28.01,1.56,0,1
18-09-2023 11:00,EDT,CAPITL,61757,28.49,1.61,0,1
18-09-2023 12:00,EDT,CAPITL,61757,28.53,1.61,0,1
18-09-2023 13:00,EDT,CAPITL,61757,28.4,1.54,-0.25,1
18-09-2023 14:00,EDT,CAPITL,61757,28.54,1.56,0,1
18-09-2023 15:00,EDT,CAPITL,61757,29.62,1.63,-0.37,1
18-09-2023 16:00,EDT,CAPITL,61757,30.96,1.64,-0.96,1
18-09-2023 17:00,EDT,CAPITL,61757,34.49,1.8,-2.61,1
18-09-2023 18:00,EDT,CAPITL,61757,35.68,1.74,-5.01,1
18-09-2023 19:00,EDT,CAPITL,61757,33.54,1.96,0,1
18-09-2023 20:00,EDT,CAPITL,61757,30.72,1.79,0,1
18-09-2023 21:00,EDT,CAPITL,61757,25.98,1.35,0,1
18-09-2023 22:00,EDT,CAPITL,61757,24.05,1.08,0,1
18-09-2023 23:00,EDT,CAPITL,61757,22.78,0.96,0,1
19-09-2023 00:00,EDT,CAPITL,61757,20.18,0.85,0,1
19-09-2023 01:00,EDT,CAPITL,61757,18.01,0.73,0,1
19-09-2023 02:00,EDT,CAPITL,61757,16.84,0.69,0,1
19-09-2023 03:00,EDT,CAPITL,61757,15.18,0.65,0,1
19-09-2023 04:00,EDT,CAPITL,61757,15.91,0.73,0,1
19-09-2023 05:00,EDT,CAPITL,61757,18.59,0.87,0,1
19-09-2023 06:00,EDT,CAPITL,61757,26.3,1.42,0,1
19-09-2023 07:00,EDT,CAPITL,61757,27.96,1.17,-5.1,1
19-09-2023 08:00,EDT,CAPITL,61757,27.64,1.1,-4.9,1
19-09-2023 09:00,EDT,CAPITL,61757,26.21,1.04,-3.58,1
19-09-2023 10:00,EDT,CAPITL,61757,23.28,1.05,-2.09,1
19-09-2023 11:00,EDT,CAPITL,61757,23.77,1.04,-2.66,1
19-09-2023 12:00,EDT,CAPITL,61757,23.77,1.02,-3.21,1
19-09-2023 13:00,EDT,CAPITL,61757,24.45,0.97,-4.46,1
19-09-2023 14:00,EDT,CAPITL,61757,24.73,0.95,-4.03,1
19-09-2023 15:00,EDT,CAPITL,61757,26.21,0.95,-5.02,1
19-09-2023 16:00,EDT,CAPITL,61757,32.28,1.01,-10.65,1
19-09-2023 17:00,EDT,CAPITL,61757,40.26,1.17,-17.43,1
19-09-2023 18:00,EDT,CAPITL,61757,36.66,1.35,-10.34,1
19-09-2023 19:00,EDT,CAPITL,61757,32.6,1.6,-1.92,1
19-09-2023 20:00,EDT,CAPITL,61757,28.39,1.54,-0.3,1
19-09-2023 21:00,EDT,CAPITL,61757,24.22,1.28,0.01,1
19-09-2023 22:00,EDT,CAPITL,61757,22.65,1.1,0,1
19-09-2023 23:00,EDT,CAPITL,61757,20.87,0.86,0,1
20-09-2023 00:00,EDT,CAPITL,61757,19.37,0.83,0,1
20-09-2023 01:00,EDT,CAPITL,61757,17.77,0.78,0,1
20-09-2023 02:00,EDT,CAPITL,61757,16.15,0.72,0,1
20-09-2023 03:00,EDT,CAPITL,61757,15.32,0.69,0,1
20-09-2023 04:00,EDT,CAPITL,61757,16.54,0.73,0,1
20-09-2023 05:00,EDT,CAPITL,61757,18.85,0.86,0,1
20-09-2023 06:00,EDT,CAPITL,61757,23.24,1.11,0,1
20-09-2023 07:00,EDT,CAPITL,61757,27.44,1.28,-1.51,1
20-09-2023 08:00,EDT,CAPITL,61757,25.14,1.11,-1.39,1
20-09-2023 09:00,EDT,CAPITL,61757,22.63,1.02,0,1
20-09-2023 10:00,EDT,CAPITL,61757,21.88,0.88,0,1
20-09-2023 11:00,EDT,CAPITL,61757,21.39,0.86,0,1
20-09-2023 12:00,EDT,CAPITL,61757,21.59,0.93,0,1
20-09-2023 13:00,EDT,CAPITL,61757,22.22,0.94,0,1
20-09-2023 14:00,EDT,CAPITL,61757,22.6,1.01,0,1
20-09-2023 15:00,EDT,CAPITL,61757,23.68,1.04,-1.07,1
20-09-2023 16:00,EDT,CAPITL,61757,25.97,1.12,0,1
20-09-2023 17:00,EDT,CAPITL,61757,32.7,1.51,-2.09,1
20-09-2023 18:00,EDT,CAPITL,61757,33.54,1.75,0,1
20-09-2023 19:00,EDT,CAPITL,61757,33.08,1.75,0,1
20-09-2023 20:00,EDT,CAPITL,61757,29.55,1.62,0,1
20-09-2023 21:00,EDT,CAPITL,61757,24.47,1.23,0,1
20-09-2023 22:00,EDT,CAPITL,61757,22.43,0.94,0,1
20-09-2023 23:00,EDT,CAPITL,61757,20.73,0.74,0,1
21-09-2023 00:00,EDT,CAPITL,61757,17.91,0.67,0,1
21-09-2023 01:00,EDT,CAPITL,61757,16.74,0.7,0,1
21-09-2023 02:00,EDT,CAPITL,61757,15.6,0.64,0,1
21-09-2023 03:00,EDT,CAPITL,61757,15.18,0.6,0,1
21-09-2023 04:00,EDT,CAPITL,61757,15.33,0.6,0,1
21-09-2023 05:00,EDT,CAPITL,61757,18.56,0.73,0,1
21-09-2023 06:00,EDT,CAPITL,61757,24.82,1.09,0,1
21-09-2023 07:00,EDT,CAPITL,61757,27.03,1.29,0,1
21-09-2023 08:00,EDT,CAPITL,61757,24.15,1.04,0,1
21-09-2023 09:00,EDT,CAPITL,61757,22.61,0.97,0,1
21-09-2023 10:00,EDT,CAPITL,61757,21.07,0.81,0,1
21-09-2023 11:00,EDT,CAPITL,61757,20.88,0.78,0,1
21-09-2023 12:00,EDT,CAPITL,61757,21.16,0.81,0,1
21-09-2023 13:00,EDT,CAPITL,61757,22.09,0.79,0,1
21-09-2023 14:00,EDT,CAPITL,61757,22.42,0.84,0,1
21-09-2023 15:00,EDT,CAPITL,61757,23.04,1.01,0,1
21-09-2023 16:00,EDT,CAPITL,61757,25.98,1.26,0,1
21-09-2023 17:00,EDT,CAPITL,61757,32.9,1.65,-1.23,1
21-09-2023 18:00,EDT,CAPITL,61757,33.58,1.81,0,1
21-09-2023 19:00,EDT,CAPITL,61757,33.25,1.76,0,1
21-09-2023 20:00,EDT,CAPITL,61757,29.57,1.67,0,1
21-09-2023 21:00,EDT,CAPITL,61757,24.99,1.23,0,1
21-09-2023 22:00,EDT,CAPITL,61757,22.06,0.87,0,1
21-09-2023 23:00,EDT,CAPITL,61757,20.66,0.64,0,1
22-09-2023 00:00,EDT,CAPITL,61757,18.51,0.75,0,1
22-09-2023 01:00,EDT,CAPITL,61757,17.23,0.71,0,1
22-09-2023 02:00,EDT,CAPITL,61757,15.29,0.63,0,1
22-09-2023 03:00,EDT,CAPITL,61757,15.06,0.62,0,1
22-09-2023 04:00,EDT,CAPITL,61757,15.07,0.65,0,1
22-09-2023 05:00,EDT,CAPITL,61757,16.84,0.74,0,1
22-09-2023 06:00,EDT,CAPITL,61757,24.66,1.17,0,1
22-09-2023 07:00,EDT,CAPITL,61757,26.75,1.37,0,1
22-09-2023 08:00,EDT,CAPITL,61757,25.19,1.24,0,1
22-09-2023 09:00,EDT,CAPITL,61757,22.68,1.08,0,1
22-09-2023 10:00,EDT,CAPITL,61757,21.85,0.92,0,1
22-09-2023 11:00,EDT,CAPITL,61757,21.31,0.9,0,1
22-09-2023 12:00,EDT,CAPITL,61757,20.78,0.87,0,1
22-09-2023 13:00,EDT,CAPITL,61757,21.36,0.9,0,1
22-09-2023 14:00,EDT,CAPITL,61757,22.02,0.95,0,1
22-09-2023 15:00,EDT,CAPITL,61757,23.16,1.23,0,1
22-09-2023 16:00,EDT,CAPITL,61757,26.42,1.38,0,1
22-09-2023 17:00,EDT,CAPITL,61757,30.65,1.62,0,1
22-09-2023 18:00,EDT,CAPITL,61757,30.7,1.63,0,1
22-09-2023 19:00,EDT,CAPITL,61757,29.74,1.43,-2.75,1
22-09-2023 20:00,EDT,CAPITL,61757,27.22,1.31,-2.86,1
22-09-2023 21:00,EDT,CAPITL,61757,22.99,1.2,-0.25,1
22-09-2023 22:00,EDT,CAPITL,61757,21.07,0.97,0,1
22-09-2023 23:00,EDT,CAPITL,61757,20.08,0.85,0,1
23-09-2023 00:00,EDT,CAPITL,61757,20.38,0.88,0,1
23-09-2023 01:00,EDT,CAPITL,61757,17.89,0.77,0,1
23-09-2023 02:00,EDT,CAPITL,61757,17.51,0.75,0,1
23-09-2023 03:00,EDT,CAPITL,61757,15.47,0.71,0,1
23-09-2023 04:00,EDT,CAPITL,61757,16.47,0.72,0,1
23-09-2023 05:00,EDT,CAPITL,61757,18.15,0.9,0,1
23-09-2023 06:00,EDT,CAPITL,61757,18.82,0.96,0,1
23-09-2023 07:00,EDT,CAPITL,61757,20.07,0.94,0,1
23-09-2023 08:00,EDT,CAPITL,61757,22.44,1.09,0,1
23-09-2023 09:00,EDT,CAPITL,61757,23.22,1.29,0,1
23-09-2023 10:00,EDT,CAPITL,61757,22.33,1.1,0,1
23-09-2023 11:00,EDT,CAPITL,61757,21.55,1.12,0,1
23-09-2023 12:00,EDT,CAPITL,61757,21.8,1.08,0,1
23-09-2023 13:00,EDT,CAPITL,61757,21.71,1.11,0,1
23-09-2023 14:00,EDT,CAPITL,61757,21.57,1.07,0,1
23-09-2023 15:00,EDT,CAPITL,61757,21.64,1.07,0,1
23-09-2023 16:00,EDT,CAPITL,61757,24.33,1.07,-1.86,1
23-09-2023 17:00,EDT,CAPITL,61757,26.65,1.32,-1.23,1
23-09-2023 18:00,EDT,CAPITL,61757,28.46,1.41,-2.35,1
23-09-2023 19:00,EDT,CAPITL,61757,28.79,1.43,-2.65,1
23-09-2023 20:00,EDT,CAPITL,61757,24.25,1.37,0,1
23-09-2023 21:00,EDT,CAPITL,61757,22.36,1.1,0,1
23-09-2023 22:00,EDT,CAPITL,61757,21.07,0.98,0,1
23-09-2023 23:00,EDT,CAPITL,61757,18.31,0.79,0,1
24-09-2023 00:00,EDT,CAPITL,61757,16.61,0.8,-0.19,1
24-09-2023 01:00,EDT,CAPITL,61757,16.49,0.66,-2.93,1
24-09-2023 02:00,EDT,CAPITL,61757,14.57,0.62,-1.82,1
24-09-2023 03:00,EDT,CAPITL,61757,14.73,0.53,-3.7,1
24-09-2023 04:00,EDT,CAPITL,61757,14.65,0.54,-3.76,1
24-09-2023 05:00,EDT,CAPITL,61757,15.01,0.61,-3.41,1
24-09-2023 06:00,EDT,CAPITL,61757,13.86,0.73,0,1
24-09-2023 07:00,EDT,CAPITL,61757,15.42,0.75,0,1
24-09-2023 08:00,EDT,CAPITL,61757,18.04,0.88,-0.26,1
24-09-2023 09:00,EDT,CAPITL,61757,21.82,0.89,-3.78,1
24-09-2023 10:00,EDT,CAPITL,61757,21.02,1.08,-0.56,1
24-09-2023 11:00,EDT,CAPITL,61757,20.37,1.07,-0.15,1
24-09-2023 12:00,EDT,CAPITL,61757,20.51,1.01,0,1
24-09-2023 13:00,EDT,CAPITL,61757,20.43,1.01,0,1
24-09-2023 14:00,EDT,CAPITL,61757,20.64,1.04,0,1
24-09-2023 15:00,EDT,CAPITL,61757,20.64,1,0,1
24-09-2023 16:00,EDT,CAPITL,61757,22.23,1.18,0,1
24-09-2023 17:00,EDT,CAPITL,61757,26.4,1.35,-2.99,1
24-09-2023 18:00,EDT,CAPITL,61757,27.98,1.57,-1.44,1
24-09-2023 19:00,EDT,CAPITL,61757,30.71,1.48,-3.62,1
24-09-2023 20:00,EDT,CAPITL,61757,25.56,1.41,-0.29,1
24-09-2023 21:00,EDT,CAPITL,61757,23.1,1.21,-0.34,1
24-09-2023 22:00,EDT,CAPITL,61757,20.68,0.95,0,1
24-09-2023 23:00,EDT,CAPITL,61757,18.08,0.74,0,1
25-09-2023 00:00,EDT,CAPITL,61757,18.36,0.87,0,1
25-09-2023 01:00,EDT,CAPITL,61757,16.42,0.74,0,1
25-09-2023 02:00,EDT,CAPITL,61757,14.61,0.68,0,1
25-09-2023 03:00,EDT,CAPITL,61757,14.09,0.63,0,1
25-09-2023 04:00,EDT,CAPITL,61757,14.97,0.73,0,1
25-09-2023 05:00,EDT,CAPITL,61757,18.01,0.91,0,1
25-09-2023 06:00,EDT,CAPITL,61757,23.74,1.22,0,1
25-09-2023 07:00,EDT,CAPITL,61757,26.57,1.3,-1.22,1
25-09-2023 08:00,EDT,CAPITL,61757,28.32,1.24,-3.21,1
25-09-2023 09:00,EDT,CAPITL,61757,28.14,1.21,-3.22,1
25-09-2023 10:00,EDT,CAPITL,61757,27.07,1.36,0,1
25-09-2023 11:00,EDT,CAPITL,61757,26.61,1.36,0,1
25-09-2023 12:00,EDT,CAPITL,61757,25.4,1.12,-1.33,1
25-09-2023 13:00,EDT,CAPITL,61757,25.21,1.14,-1.18,1
25-09-2023 14:00,EDT,CAPITL,61757,25.44,1.15,-1.19,1
25-09-2023 15:00,EDT,CAPITL,61757,26.53,1.28,-0.23,1
25-09-2023 16:00,EDT,CAPITL,61757,30.15,1.2,-4.54,1
25-09-2023 17:00,EDT,CAPITL,61757,33.94,1.29,-7.76,1
25-09-2023 18:00,EDT,CAPITL,61757,37.39,1.25,-11.55,1
25-09-2023 19:00,EDT,CAPITL,61757,37.2,1.49,-7.01,1
25-09-2023 20:00,EDT,CAPITL,61757,30.54,1.41,-2.98,1
25-09-2023 21:00,EDT,CAPITL,61757,27.6,1.17,-3.91,1
25-09-2023 22:00,EDT,CAPITL,61757,22.65,1.1,0,1
25-09-2023 23:00,EDT,CAPITL,61757,20.82,0.8,0,1
26-09-2023 00:00,EDT,CAPITL,61757,19.88,0.93,0,1
26-09-2023 01:00,EDT,CAPITL,61757,17.99,0.81,0,1
26-09-2023 02:00,EDT,CAPITL,61757,15.27,0.69,0,1
26-09-2023 03:00,EDT,CAPITL,61757,15.24,0.68,0,1
26-09-2023 04:00,EDT,CAPITL,61757,15.39,0.69,0,1
26-09-2023 05:00,EDT,CAPITL,61757,19.48,0.91,0,1
26-09-2023 06:00,EDT,CAPITL,61757,27.89,1.29,-0.82,1
26-09-2023 07:00,EDT,CAPITL,61757,29.61,1.53,-1.23,1
26-09-2023 08:00,EDT,CAPITL,61757,30.03,1.42,-3.19,1
26-09-2023 09:00,EDT,CAPITL,61757,27.03,1.37,-0.23,1
26-09-2023 10:00,EDT,CAPITL,61757,25.62,1.24,0,1
26-09-2023 11:00,EDT,CAPITL,61757,24.52,1.17,0,1
26-09-2023 12:00,EDT,CAPITL,61757,23.21,1.06,0,1
26-09-2023 13:00,EDT,CAPITL,61757,22.97,1.05,0,1
26-09-2023 14:00,EDT,CAPITL,61757,22.71,1.02,0,1
26-09-2023 15:00,EDT,CAPITL,61757,23.09,1.02,0,1
26-09-2023 16:00,EDT,CAPITL,61757,24.65,1.12,-0.12,1
26-09-2023 17:00,EDT,CAPITL,61757,30.03,1.39,-1.35,1
26-09-2023 18:00,EDT,CAPITL,61757,30.2,1.44,-1.14,1
26-09-2023 19:00,EDT,CAPITL,61757,32.65,1.42,-3.85,1
26-09-2023 20:00,EDT,CAPITL,61757,28.94,1.42,-2.14,1
26-09-2023 21:00,EDT,CAPITL,61757,24.06,1.25,0,1
26-09-2023 22:00,EDT,CAPITL,61757,22.54,1.07,0,1
26-09-2023 23:00,EDT,CAPITL,61757,20.45,0.69,0,1
27-09-2023 00:00,EDT,CAPITL,61757,20.55,0.75,0,1
27-09-2023 01:00,EDT,CAPITL,61757,19.57,0.77,0,1
27-09-2023 02:00,EDT,CAPITL,61757,18.53,0.75,0,1
27-09-2023 03:00,EDT,CAPITL,61757,17.95,0.71,0,1
27-09-2023 04:00,EDT,CAPITL,61757,18.4,0.73,0,1
27-09-2023 05:00,EDT,CAPITL,61757,21.04,0.89,0,1
27-09-2023 06:00,EDT,CAPITL,61757,29.61,1.29,-0.25,1
27-09-2023 07:00,EDT,CAPITL,61757,33.15,1.48,-2.15,1
27-09-2023 08:00,EDT,CAPITL,61757,30,1.38,-0.55,1
27-09-2023 09:00,EDT,CAPITL,61757,26.16,1.08,0,1
27-09-2023 10:00,EDT,CAPITL,61757,24.37,0.99,0.1,1
27-09-2023 11:00,EDT,CAPITL,61757,22.61,1.02,0,1
27-09-2023 12:00,EDT,CAPITL,61757,22.41,0.94,0,1
27-09-2023 13:00,EDT,CAPITL,61757,22.78,1.02,0,1
27-09-2023 14:00,EDT,CAPITL,61757,22.97,1.03,0.01,1
27-09-2023 15:00,EDT,CAPITL,61757,24.75,1.14,0.08,1
27-09-2023 16:00,EDT,CAPITL,61757,28.25,1.15,-3.67,1
27-09-2023 17:00,EDT,CAPITL,61757,31.13,1.43,-0.59,1
27-09-2023 18:00,EDT,CAPITL,61757,34.64,1.55,-3.35,1
27-09-2023 19:00,EDT,CAPITL,61757,35.84,1.52,-4.45,1
27-09-2023 20:00,EDT,CAPITL,61757,31.21,1.42,-2.02,1
27-09-2023 21:00,EDT,CAPITL,61757,27.63,1.22,-1.55,1
27-09-2023 22:00,EDT,CAPITL,61757,24.02,1.12,0,1
27-09-2023 23:00,EDT,CAPITL,61757,21.88,0.76,0,1
28-09-2023 00:00,EDT,CAPITL,61757,21.64,0.87,0,1
28-09-2023 01:00,EDT,CAPITL,61757,19.33,0.8,0,1
28-09-2023 02:00,EDT,CAPITL,61757,17.81,0.75,0,1
28-09-2023 03:00,EDT,CAPITL,61757,17.75,0.72,0,1
28-09-2023 04:00,EDT,CAPITL,61757,17.95,0.76,0,1
28-09-2023 05:00,EDT,CAPITL,61757,20.65,0.89,0,1
28-09-2023 06:00,EDT,CAPITL,61757,29.53,1.26,-2.03,1
28-09-2023 07:00,EDT,CAPITL,61757,32.11,1.42,-4.47,1
28-09-2023 08:00,EDT,CAPITL,61757,31.1,1.31,-5.6,1
28-09-2023 09:00,EDT,CAPITL,61757,25.04,1.24,-0.41,1
28-09-2023 10:00,EDT,CAPITL,61757,23.24,1.13,0,1
28-09-2023 11:00,EDT,CAPITL,61757,22.39,0.94,0,1
28-09-2023 12:00,EDT,CAPITL,61757,22.05,0.87,0,1
28-09-2023 13:00,EDT,CAPITL,61757,22.52,0.95,0,1
28-09-2023 14:00,EDT,CAPITL,61757,22.88,1.01,0,1
28-09-2023 15:00,EDT,CAPITL,61757,23.72,1.11,0,1
28-09-2023 16:00,EDT,CAPITL,61757,26.98,1.38,-0.04,1
28-09-2023 17:00,EDT,CAPITL,61757,32.94,1.52,-3.79,1
28-09-2023 18:00,EDT,CAPITL,61757,33.77,1.54,-3.79,1
28-09-2023 19:00,EDT,CAPITL,61757,37.03,1.54,-7.02,1
28-09-2023 20:00,EDT,CAPITL,61757,31.6,1.38,-5.07,1
28-09-2023 21:00,EDT,CAPITL,61757,26.55,1.21,-2.99,1
28-09-2023 22:00,EDT,CAPITL,61757,23.11,1.05,-0.2,1
28-09-2023 23:00,EDT,CAPITL,61757,21.77,0.92,0,1
29-09-2023 00:00,EDT,CAPITL,61757,21.81,0.94,0,1
29-09-2023 01:00,EDT,CAPITL,61757,19.74,0.8,0,1
29-09-2023 02:00,EDT,CAPITL,61757,18.73,0.75,0,1
29-09-2023 03:00,EDT,CAPITL,61757,18.41,0.73,0,1
29-09-2023 04:00,EDT,CAPITL,61757,19.13,0.75,0,1
29-09-2023 05:00,EDT,CAPITL,61757,22.58,0.93,0,1
29-09-2023 06:00,EDT,CAPITL,61757,30.42,1.48,0,1
29-09-2023 07:00,EDT,CAPITL,61757,33.25,1.69,-0.19,1
29-09-2023 08:00,EDT,CAPITL,61757,32.77,1.52,-3.55,1
29-09-2023 09:00,EDT,CAPITL,61757,31.62,1.56,-1.73,1
29-09-2023 10:00,EDT,CAPITL,61757,29.77,1.54,-0.12,1
29-09-2023 11:00,EDT,CAPITL,61757,28.95,1.5,-0.09,1
29-09-2023 12:00,EDT,CAPITL,61757,28.39,1.47,-0.25,1
29-09-2023 13:00,EDT,CAPITL,61757,28.01,1.43,0,1
29-09-2023 14:00,EDT,CAPITL,61757,27.96,1.46,0,1
29-09-2023 15:00,EDT,CAPITL,61757,28.64,1.4,-0.79,1
29-09-2023 16:00,EDT,CAPITL,61757,32.54,1.42,-4.32,1
29-09-2023 17:00,EDT,CAPITL,61757,33.1,1.66,-0.73,1
29-09-2023 18:00,EDT,CAPITL,61757,34.24,1.57,-4.07,1
29-09-2023 19:00,EDT,CAPITL,61757,35.25,1.6,-4.51,1
29-09-2023 20:00,EDT,CAPITL,61757,30.02,1.55,-0.22,1
29-09-2023 21:00,EDT,CAPITL,61757,27.81,1.46,-0.22,1
29-09-2023 22:00,EDT,CAPITL,61757,25.68,1.2,0,1
29-09-2023 23:00,EDT,CAPITL,61757,23.66,0.87,0,1
30-09-2023 00:00,EDT,CAPITL,61757,23.21,0.83,0,1
30-09-2023 01:00,EDT,CAPITL,61757,21.53,0.77,0,1
30-09-2023 02:00,EDT,CAPITL,61757,19.81,0.67,0,1
30-09-2023 03:00,EDT,CAPITL,61757,19.16,0.61,0,1
30-09-2023 04:00,EDT,CAPITL,61757,19.42,0.66,0,1
30-09-2023 05:00,EDT,CAPITL,61757,20.33,0.71,0,1
30-09-2023 06:00,EDT,CAPITL,61757,23.07,0.87,0,1
30-09-2023 07:00,EDT,CAPITL,61757,22.39,0.96,0,1
30-09-2023 08:00,EDT,CAPITL,61757,22.83,1.13,0,1
30-09-2023 09:00,EDT,CAPITL,61757,25.26,1.1,-2.66,1
30-09-2023 10:00,EDT,CAPITL,61757,23.69,1.19,0,1
30-09-2023 11:00,EDT,CAPITL,61757,22.47,1.01,0,1
30-09-2023 12:00,EDT,CAPITL,61757,22.32,0.92,0,1
30-09-2023 13:00,EDT,CAPITL,61757,22.68,1.06,0,1
30-09-2023 14:00,EDT,CAPITL,61757,23.34,1.05,0,1
30-09-2023 15:00,EDT,CAPITL,61757,22.45,0.97,0,1
30-09-2023 16:00,EDT,CAPITL,61757,24.74,1.22,0,1
30-09-2023 17:00,EDT,CAPITL,61757,26.51,1.17,0,1
30-09-2023 18:00,EDT,CAPITL,61757,29.05,1.33,0,1
30-09-2023 19:00,EDT,CAPITL,61757,30.67,1.46,0,1
30-09-2023 20:00,EDT,CAPITL,61757,26.3,1.28,0,1
30-09-2023 21:00,EDT,CAPITL,61757,23.59,1.17,0,1
30-09-2023 22:00,EDT,CAPITL,61757,22.34,0.94,0,1
30-09-2023 23:00,EDT,CAPITL,61757,21.44,0.84,0,1
01-10-2023 00:00,EDT,CAPITL,61757,23.01,0.89,0,1
01-10-2023 01:00,EDT,CAPITL,61757,22.21,0.77,0,1
01-10-2023 02:00,EDT,CAPITL,61757,19.66,0.68,0,1
01-10-2023 03:00,EDT,CAPITL,61757,19.47,0.68,0,1
01-10-2023 04:00,EDT,CAPITL,61757,18.35,0.62,0,1
01-10-2023 05:00,EDT,CAPITL,61757,18.63,0.65,0,1
01-10-2023 06:00,EDT,CAPITL,61757,18.85,0.65,0,1
01-10-2023 07:00,EDT,CAPITL,61757,19.04,0.85,0,1
01-10-2023 08:00,EDT,CAPITL,61757,19.64,0.78,-0.25,1
01-10-2023 09:00,EDT,CAPITL,61757,19.11,0.77,0,1
01-10-2023 10:00,EDT,CAPITL,61757,19.33,0.72,0,1
01-10-2023 11:00,EDT,CAPITL,61757,19.51,0.73,0,1
01-10-2023 12:00,EDT,CAPITL,61757,19.53,0.61,0,1
01-10-2023 13:00,EDT,CAPITL,61757,19.93,0.56,0,1
01-10-2023 14:00,EDT,CAPITL,61757,20.71,0.62,0,1
01-10-2023 15:00,EDT,CAPITL,61757,22.3,0.88,0.09,1
01-10-2023 16:00,EDT,CAPITL,61757,26.18,1.08,0.02,1
01-10-2023 17:00,EDT,CAPITL,61757,33.04,1.6,0,1
01-10-2023 18:00,EDT,CAPITL,61757,35.32,1.81,0,1
01-10-2023 19:00,EDT,CAPITL,61757,36.48,1.99,-0.18,1
01-10-2023 20:00,EDT,CAPITL,61757,27.92,1.43,0,1
01-10-2023 21:00,EDT,CAPITL,61757,26.25,1.3,0,1
01-10-2023 22:00,EDT,CAPITL,61757,22.9,1.03,0,1
01-10-2023 23:00,EDT,CAPITL,61757,22.28,0.77,0,1
02-10-2023 00:00,EDT,CAPITL,61757,23.61,0.75,0,1
02-10-2023 01:00,EDT,CAPITL,61757,22.08,0.68,0,1
02-10-2023 02:00,EDT,CAPITL,61757,19.67,0.59,0,1
02-10-2023 03:00,EDT,CAPITL,61757,19.12,0.61,0,1
02-10-2023 04:00,EDT,CAPITL,61757,19.25,0.58,0,1
02-10-2023 05:00,EDT,CAPITL,61757,21.5,0.61,0,1
02-10-2023 06:00,EDT,CAPITL,61757,26.75,0.93,0,1
02-10-2023 07:00,EDT,CAPITL,61757,28.21,1.16,0,1
02-10-2023 08:00,EDT,CAPITL,61757,27.06,1.12,0,1
02-10-2023 09:00,EDT,CAPITL,61757,26.07,1,0.01,1
02-10-2023 10:00,EDT,CAPITL,61757,24.55,0.92,0,1
02-10-2023 11:00,EDT,CAPITL,61757,25.47,1.05,0.11,1
02-10-2023 12:00,EDT,CAPITL,61757,25.73,0.95,0.16,1
02-10-2023 13:00,EDT,CAPITL,61757,27.14,1.03,0.21,1
02-10-2023 14:00,EDT,CAPITL,61757,28.68,1.03,0.22,1
02-10-2023 15:00,EDT,CAPITL,61757,31.32,1.15,0,1
02-10-2023 16:00,EDT,CAPITL,61757,34.26,1.51,0,1
02-10-2023 17:00,EDT,CAPITL,61757,41.11,2.18,0,1
02-10-2023 18:00,EDT,CAPITL,61757,43.48,2.67,-0.28,1
02-10-2023 19:00,EDT,CAPITL,61757,41.42,2.34,0,1
02-10-2023 20:00,EDT,CAPITL,61757,33.51,1.69,0,1
02-10-2023 21:00,EDT,CAPITL,61757,28.96,1.38,0,1
02-10-2023 22:00,EDT,CAPITL,61757,26.11,1.15,0,1
02-10-2023 23:00,EDT,CAPITL,61757,23.73,0.85,0,1
03-10-2023 00:00,EDT,CAPITL,61757,22.26,0.75,0,1
03-10-2023 01:00,EDT,CAPITL,61757,20.12,0.66,0,1
03-10-2023 02:00,EDT,CAPITL,61757,18.93,0.62,0,1
03-10-2023 03:00,EDT,CAPITL,61757,18.31,0.64,0,1
03-10-2023 04:00,EDT,CAPITL,61757,18.22,0.6,0,1
03-10-2023 05:00,EDT,CAPITL,61757,19.26,0.54,0,1
03-10-2023 06:00,EDT,CAPITL,61757,24.87,0.98,0,1
03-10-2023 07:00,EDT,CAPITL,61757,27.64,1.29,0,1
03-10-2023 08:00,EDT,CAPITL,61757,25.8,1.16,0,1
03-10-2023 09:00,EDT,CAPITL,61757,25.1,1.1,0,1
03-10-2023 10:00,EDT,CAPITL,61757,24.13,0.99,0,1
03-10-2023 11:00,EDT,CAPITL,61757,25.08,0.97,0,1
03-10-2023 12:00,EDT,CAPITL,61757,26.84,1.04,0.07,1
03-10-2023 13:00,EDT,CAPITL,61757,29.98,1.04,0,1
03-10-2023 14:00,EDT,CAPITL,61757,32.68,1.16,-0.06,1
03-10-2023 15:00,EDT,CAPITL,61757,37.42,1.34,0.17,1
03-10-2023 16:00,EDT,CAPITL,61757,41.57,1.98,-0.04,1
03-10-2023 17:00,EDT,CAPITL,61757,50,2.78,-1.71,1
03-10-2023 18:00,EDT,CAPITL,61757,52.79,3.19,-0.46,1
03-10-2023 19:00,EDT,CAPITL,61757,46.35,2.84,-0.39,1
03-10-2023 20:00,EDT,CAPITL,61757,36.53,1.9,0,1
03-10-2023 21:00,EDT,CAPITL,61757,31.44,1.47,-0.03,1
03-10-2023 22:00,EDT,CAPITL,61757,26.31,1.13,0,1
03-10-2023 23:00,EDT,CAPITL,61757,25.39,1.07,0,1
04-10-2023 00:00,EDT,CAPITL,61757,22.02,0.68,0,1
04-10-2023 01:00,EDT,CAPITL,61757,20.73,0.62,0,1
04-10-2023 02:00,EDT,CAPITL,61757,19.37,0.64,0,1
04-10-2023 03:00,EDT,CAPITL,61757,18.67,0.61,0,1
04-10-2023 04:00,EDT,CAPITL,61757,19.14,0.7,0,1
04-10-2023 05:00,EDT,CAPITL,61757,20.64,0.74,0,1
04-10-2023 06:00,EDT,CAPITL,61757,26.75,1.08,-0.47,1
04-10-2023 07:00,EDT,CAPITL,61757,28.73,1.28,-0.77,1
04-10-2023 08:00,EDT,CAPITL,61757,26.99,1.21,-1.05,1
04-10-2023 09:00,EDT,CAPITL,61757,25.27,1.09,-0.5,1
04-10-2023 10:00,EDT,CAPITL,61757,27.35,1.07,-0.85,1
04-10-2023 11:00,EDT,CAPITL,61757,27.37,1.02,-0.92,1
04-10-2023 12:00,EDT,CAPITL,61757,27.29,0.9,-1.47,1
04-10-2023 13:00,EDT,CAPITL,61757,32.14,1.1,-0.59,1
04-10-2023 14:00,EDT,CAPITL,61757,34.88,1.18,0.17,1
04-10-2023 15:00,EDT,CAPITL,61757,38.02,1.46,-0.15,1
04-10-2023 16:00,EDT,CAPITL,61757,42.87,1.98,-1.34,1
04-10-2023 17:00,EDT,CAPITL,61757,48.21,2.39,-5.37,1
04-10-2023 18:00,EDT,CAPITL,61757,49.53,2.7,-3.96,1
04-10-2023 19:00,EDT,CAPITL,61757,42.61,2.32,-1.68,1
04-10-2023 20:00,EDT,CAPITL,61757,35.97,2,-0.15,1
04-10-2023 21:00,EDT,CAPITL,61757,29.85,1.59,-0.26,1
04-10-2023 22:00,EDT,CAPITL,61757,26.53,1.41,0,1
04-10-2023 23:00,EDT,CAPITL,61757,23.96,1.05,0,1
05-10-2023 00:00,EDT,CAPITL,61757,22.28,1.04,0,1
05-10-2023 01:00,EDT,CAPITL,61757,19.93,0.93,0,1
05-10-2023 02:00,EDT,CAPITL,61757,19.26,0.88,0,1
05-10-2023 03:00,EDT,CAPITL,61757,18.15,0.78,-1.21,1
05-10-2023 04:00,EDT,CAPITL,61757,18.36,0.89,0,1
05-10-2023 05:00,EDT,CAPITL,61757,19.73,0.94,0,1
05-10-2023 06:00,EDT,CAPITL,61757,26.43,1.17,-3.92,1
05-10-2023 07:00,EDT,CAPITL,61757,31.6,1.21,-9.06,1
05-10-2023 08:00,EDT,CAPITL,61757,29.77,1.15,-7.3,1
05-10-2023 09:00,EDT,CAPITL,61757,25.71,1.33,-0.1,1
05-10-2023 10:00,EDT,CAPITL,61757,24.73,1.18,0,1
05-10-2023 11:00,EDT,CAPITL,61757,25.15,1.17,0,1
05-10-2023 12:00,EDT,CAPITL,61757,26.78,1.18,0,1
05-10-2023 13:00,EDT,CAPITL,61757,26.9,1.13,0,1
05-10-2023 14:00,EDT,CAPITL,61757,28.11,1.19,0.13,1
05-10-2023 15:00,EDT,CAPITL,61757,31.12,1.41,0.21,1
05-10-2023 16:00,EDT,CAPITL,61757,33.17,1.52,-0.04,1
05-10-2023 17:00,EDT,CAPITL,61757,41.74,2.12,-1.66,1
05-10-2023 18:00,EDT,CAPITL,61757,39.71,2.23,-0.31,1
05-10-2023 19:00,EDT,CAPITL,61757,36.85,2.07,-0.26,1
05-10-2023 20:00,EDT,CAPITL,61757,31.85,1.66,-4.7,1
05-10-2023 21:00,EDT,CAPITL,61757,27.09,1.41,-2.64,1
05-10-2023 22:00,EDT,CAPITL,61757,25.49,1.09,-3.1,1
05-10-2023 23:00,EDT,CAPITL,61757,22.13,1,-0.71,1
06-10-2023 00:00,EDT,CAPITL,61757,21.2,0.93,0,1
06-10-2023 01:00,EDT,CAPITL,61757,19.06,0.82,0,1
06-10-2023 02:00,EDT,CAPITL,61757,18.15,0.78,0,1
06-10-2023 03:00,EDT,CAPITL,61757,17.27,0.73,0,1
06-10-2023 04:00,EDT,CAPITL,61757,17.48,0.82,0,1
06-10-2023 05:00,EDT,CAPITL,61757,20.03,0.97,0,1
06-10-2023 06:00,EDT,CAPITL,61757,24.76,1.14,-2.13,1
06-10-2023 07:00,EDT,CAPITL,61757,29.15,1.15,-6.63,1
06-10-2023 08:00,EDT,CAPITL,61757,29.46,1.17,-6.92,1
06-10-2023 09:00,EDT,CAPITL,61757,26.88,1.18,-4.29,1
06-10-2023 10:00,EDT,CAPITL,61757,26.1,1.17,-3.59,1
06-10-2023 11:00,EDT,CAPITL,61757,26.01,1.24,-3.41,1
06-10-2023 12:00,EDT,CAPITL,61757,25.73,1.2,-2.79,1
06-10-2023 13:00,EDT,CAPITL,61757,26.8,1.23,-2.7,1
06-10-2023 14:00,EDT,CAPITL,61757,27.07,1.31,-2,1
06-10-2023 15:00,EDT,CAPITL,61757,27.2,1.23,-3.52,1
06-10-2023 16:00,EDT,CAPITL,61757,29.06,1.4,-1.75,1
06-10-2023 17:00,EDT,CAPITL,61757,32.58,1.28,-6.16,1
06-10-2023 18:00,EDT,CAPITL,61757,31.39,1.47,-3.1,1
06-10-2023 19:00,EDT,CAPITL,61757,32.84,1.6,-1.5,1
06-10-2023 20:00,EDT,CAPITL,61757,29.7,1.24,-5.85,1
06-10-2023 21:00,EDT,CAPITL,61757,24.93,1.27,-1.03,1
06-10-2023 22:00,EDT,CAPITL,61757,23.13,1.09,-0.64,1
06-10-2023 23:00,EDT,CAPITL,61757,22.13,0.85,0,1
07-10-2023 00:00,EDT,CAPITL,61757,23.31,0.94,0,1
07-10-2023 01:00,EDT,CAPITL,61757,21.56,0.75,0,1
07-10-2023 02:00,EDT,CAPITL,61757,19.99,0.69,0,1
07-10-2023 03:00,EDT,CAPITL,61757,18.78,0.67,0,1
07-10-2023 04:00,EDT,CAPITL,61757,18.84,0.65,0,1
07-10-2023 05:00,EDT,CAPITL,61757,19.33,0.74,0,1
07-10-2023 06:00,EDT,CAPITL,61757,22.23,1,0,1
07-10-2023 07:00,EDT,CAPITL,61757,24.54,1.04,-2.18,1
07-10-2023 08:00,EDT,CAPITL,61757,28.89,0.99,-6.41,1
07-10-2023 09:00,EDT,CAPITL,61757,28.58,1.06,-6.22,1
07-10-2023 10:00,EDT,CAPITL,61757,28.78,1.09,-5.92,1
07-10-2023 11:00,EDT,CAPITL,61757,28.55,1.04,-6.3,1
07-10-2023 12:00,EDT,CAPITL,61757,27.21,1.04,-5.03,1
07-10-2023 13:00,EDT,CAPITL,61757,27.06,0.95,-6.78,1
07-10-2023 14:00,EDT,CAPITL,61757,24.31,0.92,-3.87,1
07-10-2023 15:00,EDT,CAPITL,61757,23.16,0.87,-4.11,1
07-10-2023 16:00,EDT,CAPITL,61757,25.03,0.93,-5.45,1
07-10-2023 17:00,EDT,CAPITL,61757,28.11,0.93,-8.17,1
07-10-2023 18:00,EDT,CAPITL,61757,29.83,1.08,-7.49,1
07-10-2023 19:00,EDT,CAPITL,61757,28.26,1.11,-5.77,1
07-10-2023 20:00,EDT,CAPITL,61757,29.17,1.09,-6.79,1
07-10-2023 21:00,EDT,CAPITL,61757,23.5,1.03,-1.46,1
07-10-2023 22:00,EDT,CAPITL,61757,22.01,0.96,-0.99,1
07-10-2023 23:00,EDT,CAPITL,61757,20,0.89,-0.11,1
08-10-2023 00:00,EDT,CAPITL,61757,17.23,0.79,0,1
08-10-2023 01:00,EDT,CAPITL,61757,15.87,0.73,0,1
08-10-2023 02:00,EDT,CAPITL,61757,14.86,0.65,0,1
08-10-2023 03:00,EDT,CAPITL,61757,14.66,0.63,0,1
08-10-2023 04:00,EDT,CAPITL,61757,14.93,0.64,0,1
08-10-2023 05:00,EDT,CAPITL,61757,15.49,0.71,0,1
08-10-2023 06:00,EDT,CAPITL,61757,19.35,0.76,-2.39,1
08-10-2023 07:00,EDT,CAPITL,61757,19.98,0.78,-2.31,1
08-10-2023 08:00,EDT,CAPITL,61757,20.14,0.64,-5.25,1
08-10-2023 09:00,EDT,CAPITL,61757,20.22,0.65,-5.41,1
08-10-2023 10:00,EDT,CAPITL,61757,19.23,0.65,-4.16,1
08-10-2023 11:00,EDT,CAPITL,61757,17.53,0.66,-2.22,1
08-10-2023 12:00,EDT,CAPITL,61757,17.93,0.55,-5.14,1
08-10-2023 13:00,EDT,CAPITL,61757,17.83,0.47,-6.68,1
08-10-2023 14:00,EDT,CAPITL,61757,17.52,0.49,-5.55,1
08-10-2023 15:00,EDT,CAPITL,61757,18.03,0.55,-5.32,1
08-10-2023 16:00,EDT,CAPITL,61757,25,0.53,-13.03,1
08-10-2023 17:00,EDT,CAPITL,61757,33.78,0.68,-18.95,1
08-10-2023 18:00,EDT,CAPITL,61757,38.39,1.15,-15.94,1
08-10-2023 19:00,EDT,CAPITL,61757,36.65,1.15,-14.11,1
08-10-2023 20:00,EDT,CAPITL,61757,31.27,1.13,-8.82,1
08-10-2023 21:00,EDT,CAPITL,61757,24.6,0.95,-4.35,1
08-10-2023 22:00,EDT,CAPITL,61757,20,0.9,-0.64,1
08-10-2023 23:00,EDT,CAPITL,61757,17.65,0.79,0,1
09-10-2023 00:00,EDT,CAPITL,61757,16.03,0.53,-1.86,1
09-10-2023 01:00,EDT,CAPITL,61757,15.25,0.42,-4.06,1
09-10-2023 02:00,EDT,CAPITL,61757,14.36,0.38,-4.16,1
09-10-2023 03:00,EDT,CAPITL,61757,14.38,0.38,-4.16,1
09-10-2023 04:00,EDT,CAPITL,61757,16.07,0.37,-5.86,1
09-10-2023 05:00,EDT,CAPITL,61757,15.82,0.64,-0.35,1
09-10-2023 06:00,EDT,CAPITL,61757,24.13,0.77,-5.11,1
09-10-2023 07:00,EDT,CAPITL,61757,26.34,1.07,-3.91,1
09-10-2023 08:00,EDT,CAPITL,61757,23.84,0.91,-2.83,1
09-10-2023 09:00,EDT,CAPITL,61757,22.54,0.81,-2.48,1
09-10-2023 10:00,EDT,CAPITL,61757,19.95,0.64,-2.15,1
09-10-2023 11:00,EDT,CAPITL,61757,19.1,0.62,-1.22,1
09-10-2023 12:00,EDT,CAPITL,61757,18.2,0.57,-0.8,1
09-10-2023 13:00,EDT,CAPITL,61757,18.47,0.65,-0.62,1
09-10-2023 14:00,EDT,CAPITL,61757,18.56,0.62,-1.24,1
09-10-2023 15:00,EDT,CAPITL,61757,19.59,0.77,-0.99,1
09-10-2023 16:00,EDT,CAPITL,61757,22.34,0.86,-1.5,1
09-10-2023 17:00,EDT,CAPITL,61757,33.96,1.1,-9.49,1
09-10-2023 18:00,EDT,CAPITL,61757,36.17,1.63,-2.57,1
09-10-2023 19:00,EDT,CAPITL,61757,39.04,1.82,0,1
09-10-2023 20:00,EDT,CAPITL,61757,29.86,1.29,-4.28,1
09-10-2023 21:00,EDT,CAPITL,61757,24.78,1.08,-2.1,1
09-10-2023 22:00,EDT,CAPITL,61757,20.54,0.85,0,1
09-10-2023 23:00,EDT,CAPITL,61757,18.02,0.64,0,1
10-10-2023 00:00,EDT,CAPITL,61757,17.71,0.75,-0.71,1
10-10-2023 01:00,EDT,CAPITL,61757,16.21,0.73,0,1
10-10-2023 02:00,EDT,CAPITL,61757,15.11,0.69,0,1
10-10-2023 03:00,EDT,CAPITL,61757,14.81,0.68,0,1
10-10-2023 04:00,EDT,CAPITL,61757,15.29,0.7,0,1
10-10-2023 05:00,EDT,CAPITL,61757,16.99,0.8,-0.24,1
10-10-2023 06:00,EDT,CAPITL,61757,25.75,1.15,-2.82,1
10-10-2023 07:00,EDT,CAPITL,61757,32.57,1.36,-6.95,1
10-10-2023 08:00,EDT,CAPITL,61757,26.78,1.35,-1.3,1
10-10-2023 09:00,EDT,CAPITL,61757,23.21,1.11,-0.76,1
10-10-2023 10:00,EDT,CAPITL,61757,22.89,1,-0.64,1
10-10-2023 11:00,EDT,CAPITL,61757,22.06,0.96,-0.27,1
10-10-2023 12:00,EDT,CAPITL,61757,21.1,0.87,-0.5,1
10-10-2023 13:00,EDT,CAPITL,61757,21.16,0.92,-0.31,1
10-10-2023 14:00,EDT,CAPITL,61757,21.46,0.96,-0.43,1
10-10-2023 15:00,EDT,CAPITL,61757,22.5,1.04,-0.7,1
10-10-2023 16:00,EDT,CAPITL,61757,24.06,1.11,-1.66,1
10-10-2023 17:00,EDT,CAPITL,61757,31.36,1.3,-5.08,1
10-10-2023 18:00,EDT,CAPITL,61757,39.15,1.71,-5.65,1
10-10-2023 19:00,EDT,CAPITL,61757,39.15,1.87,-2.67,1
10-10-2023 20:00,EDT,CAPITL,61757,29.27,1.46,-1.15,1
10-10-2023 21:00,EDT,CAPITL,61757,25.54,1.2,-0.35,1
10-10-2023 22:00,EDT,CAPITL,61757,22.35,0.98,0,1
10-10-2023 23:00,EDT,CAPITL,61757,19.92,0.91,0,1
11-10-2023 00:00,EDT,CAPITL,61757,19.23,0.63,-2.93,1
11-10-2023 01:00,EDT,CAPITL,61757,16.89,0.69,-0.57,1
11-10-2023 02:00,EDT,CAPITL,61757,15.64,0.63,0,1
11-10-2023 03:00,EDT,CAPITL,61757,15.31,0.69,0,1
11-10-2023 04:00,EDT,CAPITL,61757,16.4,0.73,-0.22,1
11-10-2023 05:00,EDT,CAPITL,61757,19.45,0.75,-3.11,1
11-10-2023 06:00,EDT,CAPITL,61757,29.74,1.06,-7.38,1
11-10-2023 07:00,EDT,CAPITL,61757,44.27,1.09,-21.84,1
11-10-2023 08:00,EDT,CAPITL,61757,34.08,1.05,-11.55,1
11-10-2023 09:00,EDT,CAPITL,61757,26.33,1.09,-3.52,1
11-10-2023 10:00,EDT,CAPITL,61757,22.65,0.94,-0.4,1
11-10-2023 11:00,EDT,CAPITL,61757,21.97,0.86,-0.6,1
11-10-2023 12:00,EDT,CAPITL,61757,21.33,0.84,-0.37,1
11-10-2023 13:00,EDT,CAPITL,61757,21.39,0.84,-0.5,1
11-10-2023 14:00,EDT,CAPITL,61757,21.37,0.83,-0.73,1
11-10-2023 15:00,EDT,CAPITL,61757,21.79,0.85,-1.21,1
11-10-2023 16:00,EDT,CAPITL,61757,24.25,1.09,-1.86,1
11-10-2023 17:00,EDT,CAPITL,61757,30.78,1.35,-3.99,1
11-10-2023 18:00,EDT,CAPITL,61757,39.79,1.76,-4.07,1
11-10-2023 19:00,EDT,CAPITL,61757,38.76,1.69,-3.95,1
11-10-2023 20:00,EDT,CAPITL,61757,29.2,1.49,-0.14,1
11-10-2023 21:00,EDT,CAPITL,61757,24.24,1.18,-1.68,1
11-10-2023 22:00,EDT,CAPITL,61757,22.32,1.02,0,1
11-10-2023 23:00,EDT,CAPITL,61757,20.29,0.72,0,1
12-10-2023 00:00,EDT,CAPITL,61757,22.25,0.98,0,1
12-10-2023 01:00,EDT,CAPITL,61757,19.26,0.74,0,1
12-10-2023 02:00,EDT,CAPITL,61757,18.52,0.73,0,1
12-10-2023 03:00,EDT,CAPITL,61757,18.08,0.71,0,1
12-10-2023 04:00,EDT,CAPITL,61757,19.48,0.77,0,1
12-10-2023 05:00,EDT,CAPITL,61757,22.39,1.05,0,1
12-10-2023 06:00,EDT,CAPITL,61757,33.58,1.88,-0.28,1
12-10-2023 07:00,EDT,CAPITL,61757,41.49,1.74,-9.66,1
12-10-2023 08:00,EDT,CAPITL,61757,34.27,1.61,-3.89,1
12-10-2023 09:00,EDT,CAPITL,61757,25.4,1.23,0,1
12-10-2023 10:00,EDT,CAPITL,61757,22.77,0.96,-0.47,1
12-10-2023 11:00,EDT,CAPITL,61757,22.61,0.87,-0.43,1
12-10-2023 12:00,EDT,CAPITL,61757,22.41,0.85,-0.3,1
12-10-2023 13:00,EDT,CAPITL,61757,22.66,0.91,-0.47,1
12-10-2023 14:00,EDT,CAPITL,61757,22.89,0.91,-0.72,1
12-10-2023 15:00,EDT,CAPITL,61757,23.7,1.05,-1.31,1
12-10-2023 16:00,EDT,CAPITL,61757,26.76,1.22,-2.03,1
12-10-2023 17:00,EDT,CAPITL,61757,34.65,1.57,-2.84,1
12-10-2023 18:00,EDT,CAPITL,61757,43.81,2.16,-3.65,1
12-10-2023 19:00,EDT,CAPITL,61757,41.84,2.2,-1.62,1
12-10-2023 20:00,EDT,CAPITL,61757,32.48,1.69,0,1
12-10-2023 21:00,EDT,CAPITL,61757,28.93,1.51,0,1
12-10-2023 22:00,EDT,CAPITL,61757,24.55,1.17,0,1
12-10-2023 23:00,EDT,CAPITL,61757,22.22,0.88,0,1
13-10-2023 00:00,EDT,CAPITL,61757,20.82,0.74,0,1
13-10-2023 01:00,EDT,CAPITL,61757,19.3,0.69,0,1
13-10-2023 02:00,EDT,CAPITL,61757,18.12,0.7,0,1
13-10-2023 03:00,EDT,CAPITL,61757,17.97,0.67,0,1
13-10-2023 04:00,EDT,CAPITL,61757,18.62,0.7,0,1
13-10-2023 05:00,EDT,CAPITL,61757,21.18,0.82,0,1
13-10-2023 06:00,EDT,CAPITL,61757,30.8,1.49,0,1
13-10-2023 07:00,EDT,CAPITL,61757,36.58,1.82,-1.61,1
13-10-2023 08:00,EDT,CAPITL,61757,31.47,1.44,0,1
13-10-2023 09:00,EDT,CAPITL,61757,25.25,1.04,0,1
13-10-2023 10:00,EDT,CAPITL,61757,23.61,0.93,0,1
13-10-2023 11:00,EDT,CAPITL,61757,22.26,0.85,-0.11,1
13-10-2023 12:00,EDT,CAPITL,61757,22.02,0.76,-0.03,1
13-10-2023 13:00,EDT,CAPITL,61757,22.12,0.81,-0.08,1
13-10-2023 14:00,EDT,CAPITL,61757,22.32,0.83,-0.26,1
13-10-2023 15:00,EDT,CAPITL,61757,22.88,0.89,-0.73,1
13-10-2023 16:00,EDT,CAPITL,61757,27.61,1.22,-1.03,1
13-10-2023 17:00,EDT,CAPITL,61757,34.33,1.76,0,1
13-10-2023 18:00,EDT,CAPITL,61757,42.5,1.86,-4.88,1
13-10-2023 19:00,EDT,CAPITL,61757,37.94,1.91,0,1
13-10-2023 20:00,EDT,CAPITL,61757,31.09,1.54,0,1
13-10-2023 21:00,EDT,CAPITL,61757,27.63,1.22,0,1
13-10-2023 22:00,EDT,CAPITL,61757,24.18,1.04,0,1
13-10-2023 23:00,EDT,CAPITL,61757,21.77,0.74,0,1
14-10-2023 00:00,EDT,CAPITL,61757,18.81,0.51,0,1
14-10-2023 01:00,EDT,CAPITL,61757,16.88,0.51,0,1
14-10-2023 02:00,EDT,CAPITL,61757,16.81,0.49,0,1
14-10-2023 03:00,EDT,CAPITL,61757,15.88,0.43,0,1
14-10-2023 04:00,EDT,CAPITL,61757,15.91,0.43,0,1
14-10-2023 05:00,EDT,CAPITL,61757,16.8,0.47,0,1
14-10-2023 06:00,EDT,CAPITL,61757,19.45,0.62,0,1
14-10-2023 07:00,EDT,CAPITL,61757,21.5,0.81,0,1
14-10-2023 08:00,EDT,CAPITL,61757,21.45,0.79,0,1
14-10-2023 09:00,EDT,CAPITL,61757,20.65,0.68,0,1
14-10-2023 10:00,EDT,CAPITL,61757,20.49,0.65,0,1
14-10-2023 11:00,EDT,CAPITL,61757,20.4,0.67,0,1
14-10-2023 12:00,EDT,CAPITL,61757,20.38,0.67,0,1
14-10-2023 13:00,EDT,CAPITL,61757,20.63,0.7,0,1
14-10-2023 14:00,EDT,CAPITL,61757,20.41,0.69,0,1
14-10-2023 15:00,EDT,CAPITL,61757,20.67,0.74,0,1
14-10-2023 16:00,EDT,CAPITL,61757,21.08,0.77,0,1
14-10-2023 17:00,EDT,CAPITL,61757,26.68,0.93,0,1
14-10-2023 18:00,EDT,CAPITL,61757,30.8,1.19,0,1
14-10-2023 19:00,EDT,CAPITL,61757,28.16,1.08,0,1
14-10-2023 20:00,EDT,CAPITL,61757,24.42,0.89,0,1
14-10-2023 21:00,EDT,CAPITL,61757,20.66,0.76,0,1
14-10-2023 22:00,EDT,CAPITL,61757,19.27,0.69,0,1
14-10-2023 23:00,EDT,CAPITL,61757,16.57,0.55,0,1
15-10-2023 00:00,EDT,CAPITL,61757,20,0.56,0,1
15-10-2023 01:00,EDT,CAPITL,61757,18.44,0.54,0,1
15-10-2023 02:00,EDT,CAPITL,61757,16.92,0.54,0,1
15-10-2023 03:00,EDT,CAPITL,61757,16.48,0.62,0,1
15-10-2023 04:00,EDT,CAPITL,61757,16.03,0.6,0,1
15-10-2023 05:00,EDT,CAPITL,61757,16.93,0.65,0,1
15-10-2023 06:00,EDT,CAPITL,61757,18.42,0.66,0,1
15-10-2023 07:00,EDT,CAPITL,61757,20.78,0.8,0,1
15-10-2023 08:00,EDT,CAPITL,61757,21.32,0.86,0,1
15-10-2023 09:00,EDT,CAPITL,61757,20.79,0.78,0,1
15-10-2023 10:00,EDT,CAPITL,61757,20.03,0.75,0,1
15-10-2023 11:00,EDT,CAPITL,61757,19.28,0.72,0,1
15-10-2023 12:00,EDT,CAPITL,61757,18.67,0.75,0,1
15-10-2023 13:00,EDT,CAPITL,61757,18.72,0.77,0,1
15-10-2023 14:00,EDT,CAPITL,61757,18.77,0.81,0,1
15-10-2023 15:00,EDT,CAPITL,61757,19.13,0.81,0,1
15-10-2023 16:00,EDT,CAPITL,61757,23.45,0.93,0.04,1
15-10-2023 17:00,EDT,CAPITL,61757,29.69,1.29,0.32,1
15-10-2023 18:00,EDT,CAPITL,61757,33.32,1.46,0.54,1
15-10-2023 19:00,EDT,CAPITL,61757,33.67,1.51,0.58,1
15-10-2023 20:00,EDT,CAPITL,61757,27.92,1.16,0.27,1
15-10-2023 21:00,EDT,CAPITL,61757,25.37,0.86,0.14,1
15-10-2023 22:00,EDT,CAPITL,61757,21.87,0.7,0,1
15-10-2023 23:00,EDT,CAPITL,61757,20.89,0.65,0,1
16-10-2023 00:00,EDT,CAPITL,61757,18.98,0.71,0,1
16-10-2023 01:00,EDT,CAPITL,61757,16.77,0.63,0,1
16-10-2023 02:00,EDT,CAPITL,61757,16.68,0.64,0,1
16-10-2023 03:00,EDT,CAPITL,61757,16.48,0.63,0,1
16-10-2023 04:00,EDT,CAPITL,61757,17,0.67,0,1
16-10-2023 05:00,EDT,CAPITL,61757,19.47,0.8,0,1
16-10-2023 06:00,EDT,CAPITL,61757,28.79,1.19,0.09,1
16-10-2023 07:00,EDT,CAPITL,61757,36.27,1.76,0,1
16-10-2023 08:00,EDT,CAPITL,61757,31.18,1.35,0.16,1
16-10-2023 09:00,EDT,CAPITL,61757,28.2,1.15,0.23,1
16-10-2023 10:00,EDT,CAPITL,61757,27.45,1.14,0.21,1
16-10-2023 11:00,EDT,CAPITL,61757,26.1,1.03,0.15,1
16-10-2023 12:00,EDT,CAPITL,61757,25.17,0.97,0.05,1
16-10-2023 13:00,EDT,CAPITL,61757,25.27,1,0.11,1
16-10-2023 14:00,EDT,CAPITL,61757,24.52,1.01,0.07,1
16-10-2023 15:00,EDT,CAPITL,61757,25.39,1.07,0.02,1
16-10-2023 16:00,EDT,CAPITL,61757,27.81,1.15,0,1
16-10-2023 17:00,EDT,CAPITL,61757,35.39,1.68,0,1
16-10-2023 18:00,EDT,CAPITL,61757,39.94,1.94,0,1
16-10-2023 19:00,EDT,CAPITL,61757,38.47,1.85,0.44,1
16-10-2023 20:00,EDT,CAPITL,61757,31.7,1.41,0.23,1
16-10-2023 21:00,EDT,CAPITL,61757,26.8,1.13,0.07,1
16-10-2023 22:00,EDT,CAPITL,61757,24.88,1.01,0.08,1
16-10-2023 23:00,EDT,CAPITL,61757,21.71,0.84,0,1
17-10-2023 00:00,EDT,CAPITL,61757,21.35,0.72,0,1
17-10-2023 01:00,EDT,CAPITL,61757,18.64,0.7,0,1
17-10-2023 02:00,EDT,CAPITL,61757,17.72,0.66,0,1
17-10-2023 03:00,EDT,CAPITL,61757,17.33,0.63,0,1
17-10-2023 04:00,EDT,CAPITL,61757,18.07,0.68,0,1
17-10-2023 05:00,EDT,CAPITL,61757,20.3,0.76,0,1
17-10-2023 06:00,EDT,CAPITL,61757,31.04,1.38,0.37,1
17-10-2023 07:00,EDT,CAPITL,61757,37.11,1.61,0.28,1
17-10-2023 08:00,EDT,CAPITL,61757,35.05,1.53,0.56,1
17-10-2023 09:00,EDT,CAPITL,61757,30.38,1.27,0.35,1
17-10-2023 10:00,EDT,CAPITL,61757,28.39,1.16,0.34,1
17-10-2023 11:00,EDT,CAPITL,61757,26.8,1.07,0.33,1
17-10-2023 12:00,EDT,CAPITL,61757,24.75,0.96,0.14,1
17-10-2023 13:00,EDT,CAPITL,61757,25.96,1.03,0.2,1
17-10-2023 14:00,EDT,CAPITL,61757,25.71,0.97,0.19,1
17-10-2023 15:00,EDT,CAPITL,61757,26.86,1.09,0.26,1
17-10-2023 16:00,EDT,CAPITL,61757,28.03,1.19,0.28,1
17-10-2023 17:00,EDT,CAPITL,61757,37.17,1.56,0,1
17-10-2023 18:00,EDT,CAPITL,61757,49.32,2.26,0,1
17-10-2023 19:00,EDT,CAPITL,61757,42.55,2,0.37,1
17-10-2023 20:00,EDT,CAPITL,61757,32.38,1.36,0,1
17-10-2023 21:00,EDT,CAPITL,61757,27.94,1.13,0.12,1
17-10-2023 22:00,EDT,CAPITL,61757,25.66,0.99,0.13,1
17-10-2023 23:00,EDT,CAPITL,61757,22.68,0.79,0.07,1
18-10-2023 00:00,EDT,CAPITL,61757,19.8,0.67,0,1
18-10-2023 01:00,EDT,CAPITL,61757,17.09,0.61,0,1
18-10-2023 02:00,EDT,CAPITL,61757,16.85,0.65,0,1
18-10-2023 03:00,EDT,CAPITL,61757,16.64,0.66,0,1
18-10-2023 04:00,EDT,CAPITL,61757,16.66,0.66,0,1
18-10-2023 05:00,EDT,CAPITL,61757,18.38,0.74,0,1
18-10-2023 06:00,EDT,CAPITL,61757,27.89,1.3,0,1
18-10-2023 07:00,EDT,CAPITL,61757,34.74,1.59,0,1
18-10-2023 08:00,EDT,CAPITL,61757,32.27,1.43,0.27,1
18-10-2023 09:00,EDT,CAPITL,61757,26.39,1.1,0.29,1
18-10-2023 10:00,EDT,CAPITL,61757,24.08,1.02,0.21,1
18-10-2023 11:00,EDT,CAPITL,61757,23.59,0.98,0.22,1
18-10-2023 12:00,EDT,CAPITL,61757,22.04,0.81,0.12,1
18-10-2023 13:00,EDT,CAPITL,61757,22.68,0.9,0.11,1
18-10-2023 14:00,EDT,CAPITL,61757,22.68,0.92,0.08,1
18-10-2023 15:00,EDT,CAPITL,61757,23.57,1.02,0.12,1
18-10-2023 16:00,EDT,CAPITL,61757,25.4,1.05,0.21,1
18-10-2023 17:00,EDT,CAPITL,61757,32.51,1.42,0.5,1
18-10-2023 18:00,EDT,CAPITL,61757,39.85,1.88,0.31,1
18-10-2023 19:00,EDT,CAPITL,61757,36.54,1.7,0.51,1
18-10-2023 20:00,EDT,CAPITL,61757,28.59,1.27,0.27,1
18-10-2023 21:00,EDT,CAPITL,61757,24.5,1.01,0.1,1
18-10-2023 22:00,EDT,CAPITL,61757,21.22,0.87,0,1
18-10-2023 23:00,EDT,CAPITL,61757,20.95,0.54,-6.66,1
19-10-2023 00:00,EDT,CAPITL,61757,19.17,0.77,-0.03,1
19-10-2023 01:00,EDT,CAPITL,61757,18.81,0.62,-3.08,1
19-10-2023 02:00,EDT,CAPITL,61757,17.26,0.62,-1.87,1
19-10-2023 03:00,EDT,CAPITL,61757,17.32,0.62,-2.27,1
19-10-2023 04:00,EDT,CAPITL,61757,17.92,0.62,-2.8,1
19-10-2023 05:00,EDT,CAPITL,61757,21.36,0.65,-6.02,1
19-10-2023 06:00,EDT,CAPITL,61757,29.53,1.28,-3.71,1
19-10-2023 07:00,EDT,CAPITL,61757,40.66,1.4,-12.75,1
19-10-2023 08:00,EDT,CAPITL,61757,34.99,1.17,-10.79,1
19-10-2023 09:00,EDT,CAPITL,61757,26.28,1.29,-0.2,1
19-10-2023 10:00,EDT,CAPITL,61757,24.29,1.14,0.08,1
19-10-2023 11:00,EDT,CAPITL,61757,23.15,1.06,0.04,1
19-10-2023 12:00,EDT,CAPITL,61757,22.21,0.93,-0.21,1
19-10-2023 13:00,EDT,CAPITL,61757,22.81,0.86,-2.82,1
19-10-2023 14:00,EDT,CAPITL,61757,23.07,0.83,-3.86,1
19-10-2023 15:00,EDT,CAPITL,61757,23.14,0.98,-1.22,1
19-10-2023 16:00,EDT,CAPITL,61757,28.41,0.98,-5.68,1
19-10-2023 17:00,EDT,CAPITL,61757,37.54,1.11,-14.21,1
19-10-2023 18:00,EDT,CAPITL,61757,50.91,1.04,-30.18,1
19-10-2023 19:00,EDT,CAPITL,61757,37.95,1.48,-9.02,1
19-10-2023 20:00,EDT,CAPITL,61757,31.72,1.04,-11.03,1
19-10-2023 21:00,EDT,CAPITL,61757,28.32,0.67,-13.99,1
19-10-2023 22:00,EDT,CAPITL,61757,25.36,0.47,-14.54,1
19-10-2023 23:00,EDT,CAPITL,61757,20.79,0.59,-7.01,1
20-10-2023 00:00,EDT,CAPITL,61757,25.58,0.24,-19.45,1
20-10-2023 01:00,EDT,CAPITL,61757,24.04,0.21,-18.55,1
20-10-2023 02:00,EDT,CAPITL,61757,22.74,0.19,-17.57,1
20-10-2023 03:00,EDT,CAPITL,61757,22.58,0.19,-17.64,1
20-10-2023 04:00,EDT,CAPITL,61757,23.23,0.2,-18.12,1
20-10-2023 05:00,EDT,CAPITL,61757,25.65,0.24,-19.7,1
20-10-2023 06:00,EDT,CAPITL,61757,32.25,0.65,-18.14,1
20-10-2023 07:00,EDT,CAPITL,61757,38.97,1.12,-15.45,1
20-10-2023 08:00,EDT,CAPITL,61757,38.01,1,-17.44,1
20-10-2023 09:00,EDT,CAPITL,61757,33.45,1.07,-11.89,1
20-10-2023 10:00,EDT,CAPITL,61757,32.75,1.26,-5.73,1
20-10-2023 11:00,EDT,CAPITL,61757,32.56,1.3,-5.29,1
20-10-2023 12:00,EDT,CAPITL,61757,32.97,1.1,-9.94,1
20-10-2023 13:00,EDT,CAPITL,61757,33.94,0.91,-13.65,1
20-10-2023 14:00,EDT,CAPITL,61757,33.59,0.89,-14.26,1
20-10-2023 15:00,EDT,CAPITL,61757,33.27,0.94,-13.16,1
20-10-2023 16:00,EDT,CAPITL,61757,33.88,0.96,-13.71,1
20-10-2023 17:00,EDT,CAPITL,61757,42.71,1.07,-21.13,1
20-10-2023 18:00,EDT,CAPITL,61757,40.18,1.56,-8.65,1
20-10-2023 19:00,EDT,CAPITL,61757,36.76,1.5,-5.75,1
20-10-2023 20:00,EDT,CAPITL,61757,30.88,1.31,-3.33,1
20-10-2023 21:00,EDT,CAPITL,61757,28.85,1.19,-2.84,1
20-10-2023 22:00,EDT,CAPITL,61757,29.59,0.72,-11.26,1
20-10-2023 23:00,EDT,CAPITL,61757,23.86,0.92,0,1
21-10-2023 00:00,EDT,CAPITL,61757,24.27,1.08,-0.26,1
21-10-2023 01:00,EDT,CAPITL,61757,22.31,0.81,-4,1
21-10-2023 02:00,EDT,CAPITL,61757,21.41,0.76,-4.46,1
21-10-2023 03:00,EDT,CAPITL,61757,20.44,0.69,-4.09,1
21-10-2023 04:00,EDT,CAPITL,61757,21.26,0.72,-4.46,1
21-10-2023 05:00,EDT,CAPITL,61757,18.88,0.83,0,1
21-10-2023 06:00,EDT,CAPITL,61757,22.46,1.11,-0.03,1
21-10-2023 07:00,EDT,CAPITL,61757,27.45,0.91,-7.99,1
21-10-2023 08:00,EDT,CAPITL,61757,30.17,0.95,-9.93,1
21-10-2023 09:00,EDT,CAPITL,61757,32.43,1.31,-4.93,1
21-10-2023 10:00,EDT,CAPITL,61757,31.06,1.35,-3.21,1
21-10-2023 11:00,EDT,CAPITL,61757,33.28,1.13,-10.86,1
21-10-2023 12:00,EDT,CAPITL,61757,34.7,0.64,-21.67,1
21-10-2023 13:00,EDT,CAPITL,61757,33.79,0.86,-16.31,1
21-10-2023 14:00,EDT,CAPITL,61757,34.03,0.42,-24.87,1
21-10-2023 15:00,EDT,CAPITL,61757,33.37,0.42,-24.43,1
21-10-2023 16:00,EDT,CAPITL,61757,33.36,0.56,-21.56,1
21-10-2023 17:00,EDT,CAPITL,61757,38.26,0.56,-26.64,1
21-10-2023 18:00,EDT,CAPITL,61757,41,1.04,-20.04,1
21-10-2023 19:00,EDT,CAPITL,61757,39.89,0.85,-23.03,1
21-10-2023 20:00,EDT,CAPITL,61757,34.47,0.76,-18.73,1
21-10-2023 21:00,EDT,CAPITL,61757,32.92,0.46,-23.06,1
21-10-2023 22:00,EDT,CAPITL,61757,28.5,0.48,-18.14,1
21-10-2023 23:00,EDT,CAPITL,61757,25.46,0.66,-11.43,1
22-10-2023 00:00,EDT,CAPITL,61757,26.49,0.26,-21.13,1
22-10-2023 01:00,EDT,CAPITL,61757,24.3,0.29,-18.36,1
22-10-2023 02:00,EDT,CAPITL,61757,22.96,0.31,-16.62,1
22-10-2023 03:00,EDT,CAPITL,61757,22.13,0.27,-16.76,1
22-10-2023 04:00,EDT,CAPITL,61757,21.9,0.26,-16.55,1
22-10-2023 05:00,EDT,CAPITL,61757,21.65,0.33,-14.89,1
22-10-2023 06:00,EDT,CAPITL,61757,21.57,0.63,-9.29,1
22-10-2023 07:00,EDT,CAPITL,61757,26.13,0.38,-18.71,1
22-10-2023 08:00,EDT,CAPITL,61757,28.48,0.31,-22.56,1
22-10-2023 09:00,EDT,CAPITL,61757,29.17,0.64,-16.9,1
22-10-2023 10:00,EDT,CAPITL,61757,29.32,0.76,-14.75,1
22-10-2023 11:00,EDT,CAPITL,61757,29.9,0.75,-15.55,1
22-10-2023 12:00,EDT,CAPITL,61757,31.02,0.74,-16.74,1
22-10-2023 13:00,EDT,CAPITL,61757,31.02,0.72,-17.12,1
22-10-2023 14:00,EDT,CAPITL,61757,31.76,0.61,-19.66,1
22-10-2023 15:00,EDT,CAPITL,61757,33.62,0.43,-24.9,1
22-10-2023 16:00,EDT,CAPITL,61757,35.68,0.64,-23.46,1
22-10-2023 17:00,EDT,CAPITL,61757,41.36,1.06,-22.29,1
22-10-2023 18:00,EDT,CAPITL,61757,54.45,1.41,-29.56,1
22-10-2023 19:00,EDT,CAPITL,61757,46.4,1.6,-18.49,1
22-10-2023 20:00,EDT,CAPITL,61757,34.12,1.68,-3.38,1
22-10-2023 21:00,EDT,CAPITL,61757,31.73,1.5,-2.86,1
22-10-2023 22:00,EDT,CAPITL,61757,26.47,1.3,0.25,1
22-10-2023 23:00,EDT,CAPITL,61757,22.15,1.03,0,1
23-10-2023 00:00,EDT,CAPITL,61757,23.76,0.87,0,1
23-10-2023 01:00,EDT,CAPITL,61757,22.6,0.81,0,1
23-10-2023 02:00,EDT,CAPITL,61757,20.32,0.8,0,1
23-10-2023 03:00,EDT,CAPITL,61757,19.89,0.73,0,1
23-10-2023 04:00,EDT,CAPITL,61757,21.69,0.81,0,1
23-10-2023 05:00,EDT,CAPITL,61757,24.96,0.98,0,1
23-10-2023 06:00,EDT,CAPITL,61757,37.51,1.98,0.47,1
23-10-2023 07:00,EDT,CAPITL,61757,45.16,2.68,0.65,1
23-10-2023 08:00,EDT,CAPITL,61757,36.86,2.08,0.4,1
23-10-2023 09:00,EDT,CAPITL,61757,31.15,1.69,0.29,1
23-10-2023 10:00,EDT,CAPITL,61757,27.12,1.48,0.34,1
23-10-2023 11:00,EDT,CAPITL,61757,25.47,1.34,0.26,1
23-10-2023 12:00,EDT,CAPITL,61757,24.06,1.22,0.18,1
23-10-2023 13:00,EDT,CAPITL,61757,24.11,1.27,0.18,1
23-10-2023 14:00,EDT,CAPITL,61757,24.11,1.27,0.18,1
23-10-2023 15:00,EDT,CAPITL,61757,25.76,1.35,0.22,1
23-10-2023 16:00,EDT,CAPITL,61757,30.81,1.63,0.43,1
23-10-2023 17:00,EDT,CAPITL,61757,41.18,2.38,0.16,1
23-10-2023 18:00,EDT,CAPITL,61757,66.02,2.91,-16.18,1
23-10-2023 19:00,EDT,CAPITL,61757,52.44,2.84,-3.81,1
23-10-2023 20:00,EDT,CAPITL,61757,36.72,2.02,0.12,1
23-10-2023 21:00,EDT,CAPITL,61757,33.27,1.81,0.25,1
23-10-2023 22:00,EDT,CAPITL,61757,30.52,1.52,0.29,1
23-10-2023 23:00,EDT,CAPITL,61757,26.72,1.08,0.19,1
24-10-2023 00:00,EDT,CAPITL,61757,24.62,0.92,0,1
24-10-2023 01:00,EDT,CAPITL,61757,21.54,0.83,0,1
24-10-2023 02:00,EDT,CAPITL,61757,20.5,0.79,0,1
24-10-2023 03:00,EDT,CAPITL,61757,20.2,0.76,0,1
24-10-2023 04:00,EDT,CAPITL,61757,19.99,0.84,0,1
24-10-2023 05:00,EDT,CAPITL,61757,23.53,1.06,0,1
24-10-2023 06:00,EDT,CAPITL,61757,37.63,2.04,-0.39,1
24-10-2023 07:00,EDT,CAPITL,61757,52.15,2.15,-10.86,1
24-10-2023 08:00,EDT,CAPITL,61757,42.48,1.5,-11.61,1
24-10-2023 09:00,EDT,CAPITL,61757,32.03,1.33,-4.01,1
24-10-2023 10:00,EDT,CAPITL,61757,28.75,0.99,-5.67,1
24-10-2023 11:00,EDT,CAPITL,61757,26.07,0.95,-2.43,1
24-10-2023 12:00,EDT,CAPITL,61757,26.09,0.82,-5.24,1
24-10-2023 13:00,EDT,CAPITL,61757,21.04,0.9,-0.27,1
24-10-2023 14:00,EDT,CAPITL,61757,18.31,0.78,-0.26,1
24-10-2023 15:00,EDT,CAPITL,61757,24.46,0.84,-3.14,1
24-10-2023 16:00,EDT,CAPITL,61757,29.77,1.15,-3.73,1
24-10-2023 17:00,EDT,CAPITL,61757,46.73,1.17,-21.1,1
24-10-2023 18:00,EDT,CAPITL,61757,66.86,0.98,-46.28,1
24-10-2023 19:00,EDT,CAPITL,61757,57.36,1.07,-35.74,1
24-10-2023 20:00,EDT,CAPITL,61757,35.15,1.12,-11.64,1
24-10-2023 21:00,EDT,CAPITL,61757,33.97,0.82,-14.89,1
24-10-2023 22:00,EDT,CAPITL,61757,30.05,0.49,-18.98,1
24-10-2023 23:00,EDT,CAPITL,61757,26.77,0.26,-20.53,1
25-10-2023 00:00,EDT,CAPITL,61757,25.48,0.5,-14.65,1
25-10-2023 01:00,EDT,CAPITL,61757,22.61,0.61,-9.64,1
25-10-2023 02:00,EDT,CAPITL,61757,21.21,0.69,-7.01,1
25-10-2023 03:00,EDT,CAPITL,61757,21.25,0.53,-9.98,1
25-10-2023 04:00,EDT,CAPITL,61757,22.6,0.62,-10.21,1
25-10-2023 05:00,EDT,CAPITL,61757,27,0.7,-13.35,1
25-10-2023 06:00,EDT,CAPITL,61757,42.83,1.08,-23.42,1
25-10-2023 07:00,EDT,CAPITL,61757,58.9,1.73,-28.3,1
25-10-2023 08:00,EDT,CAPITL,61757,41.6,1.24,-19.74,1
25-10-2023 09:00,EDT,CAPITL,61757,31.72,1.14,-10.63,1
25-10-2023 10:00,EDT,CAPITL,61757,28.91,1.13,-8.27,1
25-10-2023 11:00,EDT,CAPITL,61757,23.99,1.18,-1.76,1
25-10-2023 12:00,EDT,CAPITL,61757,22.79,1.14,-0.9,1
25-10-2023 13:00,EDT,CAPITL,61757,24.54,1.15,-2.8,1
25-10-2023 14:00,EDT,CAPITL,61757,27.95,1.13,-6.54,1
25-10-2023 15:00,EDT,CAPITL,61757,31.65,1.16,-10.42,1
25-10-2023 16:00,EDT,CAPITL,61757,34.57,1.18,-12.61,1
25-10-2023 17:00,EDT,CAPITL,61757,47.31,1.16,-26.82,1
25-10-2023 18:00,EDT,CAPITL,61757,66.73,1.42,-41.98,1
25-10-2023 19:00,EDT,CAPITL,61757,44.11,1.53,-17.1,1
25-10-2023 20:00,EDT,CAPITL,61757,34.67,1.33,-11.54,1
25-10-2023 21:00,EDT,CAPITL,61757,32.59,1.09,-11.58,1
25-10-2023 22:00,EDT,CAPITL,61757,23.81,1.14,-0.24,1
25-10-2023 23:00,EDT,CAPITL,61757,22.77,1.01,-0.24,1
26-10-2023 00:00,EDT,CAPITL,61757,20.78,0.89,-1.62,1
26-10-2023 01:00,EDT,CAPITL,61757,18.43,0.72,-3.4,1
26-10-2023 02:00,EDT,CAPITL,61757,19.02,0.7,-4.87,1
26-10-2023 03:00,EDT,CAPITL,61757,18.76,0.72,-3.85,1
26-10-2023 04:00,EDT,CAPITL,61757,18.56,0.88,-1.67,1
26-10-2023 05:00,EDT,CAPITL,61757,19.84,1.12,0,1
26-10-2023 06:00,EDT,CAPITL,61757,30.36,1.84,-0.24,1
26-10-2023 07:00,EDT,CAPITL,61757,40.22,2.04,-8.24,1
26-10-2023 08:00,EDT,CAPITL,61757,33.51,1.76,-5.5,1
26-10-2023 09:00,EDT,CAPITL,61757,24.03,1.45,0,1
26-10-2023 10:00,EDT,CAPITL,61757,23.25,1.3,0.05,1
26-10-2023 11:00,EDT,CAPITL,61757,22.72,1.19,0.08,1
26-10-2023 12:00,EDT,CAPITL,61757,22.18,1.16,0.03,1
26-10-2023 13:00,EDT,CAPITL,61757,22.26,1.18,0,1
26-10-2023 14:00,EDT,CAPITL,61757,23.08,1.26,0,1
26-10-2023 15:00,EDT,CAPITL,61757,26.39,1.49,0,1
26-10-2023 16:00,EDT,CAPITL,61757,32.62,1.88,0,1
26-10-2023 17:00,EDT,CAPITL,61757,48.06,2.25,-10.63,1
26-10-2023 18:00,EDT,CAPITL,61757,58.4,2,-26.16,1
26-10-2023 19:00,EDT,CAPITL,61757,42.21,1.82,-12.03,1
26-10-2023 20:00,EDT,CAPITL,61757,33.58,1.4,-10.38,1
26-10-2023 21:00,EDT,CAPITL,61757,28.2,1.16,-6.72,1
26-10-2023 22:00,EDT,CAPITL,61757,26.96,0.53,-15.59,1
26-10-2023 23:00,EDT,CAPITL,61757,25.07,0.43,-15.47,1
27-10-2023 00:00,EDT,CAPITL,61757,24.26,0.55,-11.93,1
27-10-2023 01:00,EDT,CAPITL,61757,21.84,0.49,-11.07,1
27-10-2023 02:00,EDT,CAPITL,61757,21.4,0.36,-13.63,1
27-10-2023 03:00,EDT,CAPITL,61757,21.42,0.35,-13.99,1
27-10-2023 04:00,EDT,CAPITL,61757,20.95,0.47,-11.53,1
27-10-2023 05:00,EDT,CAPITL,61757,22.51,0.65,-9.87,1
27-10-2023 06:00,EDT,CAPITL,61757,32.32,0.89,-15.15,1
27-10-2023 07:00,EDT,CAPITL,61757,40.34,1.12,-19.92,1
27-10-2023 08:00,EDT,CAPITL,61757,38.03,0.97,-19.8,1
27-10-2023 09:00,EDT,CAPITL,61757,30.73,1.1,-9.24,1
27-10-2023 10:00,EDT,CAPITL,61757,30.89,1.02,-10.62,1
27-10-2023 11:00,EDT,CAPITL,61757,30.85,0.96,-11.01,1
27-10-2023 12:00,EDT,CAPITL,61757,31.14,0.92,-12.16,1
27-10-2023 13:00,EDT,CAPITL,61757,32.73,0.92,-14.16,1
27-10-2023 14:00,EDT,CAPITL,61757,34.72,0.83,-17.87,1
27-10-2023 15:00,EDT,CAPITL,61757,37.7,0.76,-22.36,1
27-10-2023 16:00,EDT,CAPITL,61757,45.31,0.85,-28.13,1
27-10-2023 17:00,EDT,CAPITL,61757,67.16,0.97,-47.44,1
27-10-2023 18:00,EDT,CAPITL,61757,60.43,1.33,-33.43,1
27-10-2023 19:00,EDT,CAPITL,61757,46.84,1.08,-25.03,1
27-10-2023 20:00,EDT,CAPITL,61757,36.69,0.91,-18.26,1
27-10-2023 21:00,EDT,CAPITL,61757,32.83,0.85,-14.95,1
27-10-2023 22:00,EDT,CAPITL,61757,29.83,0.55,-17.92,1
27-10-2023 23:00,EDT,CAPITL,61757,25.39,0.66,-10.63,1
28-10-2023 00:00,EDT,CAPITL,61757,25.45,0.57,-12.58,1
28-10-2023 01:00,EDT,CAPITL,61757,21.43,0.54,-8.89,1
28-10-2023 02:00,EDT,CAPITL,61757,20.56,0.49,-9.17,1
28-10-2023 03:00,EDT,CAPITL,61757,20.86,0.32,-13.5,1
28-10-2023 04:00,EDT,CAPITL,61757,21.58,0.25,-15.89,1
28-10-2023 05:00,EDT,CAPITL,61757,22.48,0.27,-16.46,1
28-10-2023 06:00,EDT,CAPITL,61757,26.04,0.34,-18.37,1
28-10-2023 07:00,EDT,CAPITL,61757,31.29,0.35,-23.5,1
28-10-2023 08:00,EDT,CAPITL,61757,33.26,0.28,-27.31,1
28-10-2023 09:00,EDT,CAPITL,61757,27.78,0.67,-13.12,1
28-10-2023 10:00,EDT,CAPITL,61757,30.73,0.63,-16.42,1
28-10-2023 11:00,EDT,CAPITL,61757,32.4,0.65,-18.52,1
28-10-2023 12:00,EDT,CAPITL,61757,31.84,0.76,-15.3,1
28-10-2023 13:00,EDT,CAPITL,61757,32.55,0.82,-14.98,1
28-10-2023 14:00,EDT,CAPITL,61757,37.34,0.55,-24.85,1
28-10-2023 15:00,EDT,CAPITL,61757,37.8,0.54,-26.28,1
28-10-2023 16:00,EDT,CAPITL,61757,44.28,0.86,-25.93,1
28-10-2023 17:00,EDT,CAPITL,61757,56.72,1.04,-37.01,1
28-10-2023 18:00,EDT,CAPITL,61757,59.51,1.33,-34.85,1
28-10-2023 19:00,EDT,CAPITL,61757,45.84,1.56,-16.34,1
28-10-2023 20:00,EDT,CAPITL,61757,34.51,1.64,-3.54,1
28-10-2023 21:00,EDT,CAPITL,61757,29.69,1.38,-2.78,1
28-10-2023 22:00,EDT,CAPITL,61757,27.27,1.21,-2.32,1
28-10-2023 23:00,EDT,CAPITL,61757,25.44,1.07,-2.48,1
29-10-2023 00:00,EDT,CAPITL,61757,25.62,0.82,0,1
29-10-2023 01:00,EDT,CAPITL,61757,23.34,0.79,0,1
29-10-2023 02:00,EDT,CAPITL,61757,21.19,0.7,0,1
29-10-2023 03:00,EDT,CAPITL,61757,20.86,0.65,0,1
29-10-2023 04:00,EDT,CAPITL,61757,20.31,0.69,0,1
29-10-2023 05:00,EDT,CAPITL,61757,21.71,0.65,0,1
29-10-2023 06:00,EDT,CAPITL,61757,22.53,0.7,0,1
29-10-2023 07:00,EDT,CAPITL,61757,24.42,0.94,0,1
29-10-2023 08:00,EDT,CAPITL,61757,26.57,1.24,0,1
29-10-2023 09:00,EDT,CAPITL,61757,26.55,1.24,0,1
29-10-2023 10:00,EDT,CAPITL,61757,30.1,1.49,0,1
29-10-2023 11:00,EDT,CAPITL,61757,31.7,1.59,0,1
29-10-2023 12:00,EDT,CAPITL,61757,31,1.56,0,1
29-10-2023 13:00,EDT,CAPITL,61757,31.88,1.69,0,1
29-10-2023 14:00,EDT,CAPITL,61757,32.78,1.65,0,1
29-10-2023 15:00,EDT,CAPITL,61757,33.39,1.73,-0.1,1
29-10-2023 16:00,EDT,CAPITL,61757,34.82,1.78,0,1
29-10-2023 17:00,EDT,CAPITL,61757,42.36,2.17,0,1
29-10-2023 18:00,EDT,CAPITL,61757,50.65,2.73,0,1
29-10-2023 19:00,EDT,CAPITL,61757,40.87,2.17,0,1
29-10-2023 20:00,EDT,CAPITL,61757,34.54,1.71,0,1
29-10-2023 21:00,EDT,CAPITL,61757,31.67,1.56,0,1
29-10-2023 22:00,EDT,CAPITL,61757,28.85,1.35,0,1
29-10-2023 23:00,EDT,CAPITL,61757,26.36,0.96,0,1
30-10-2023 00:00,EDT,CAPITL,61757,23.44,0.79,0,1
30-10-2023 01:00,EDT,CAPITL,61757,21.53,0.73,0,1
30-10-2023 02:00,EDT,CAPITL,61757,20.7,0.72,0,1
30-10-2023 03:00,EDT,CAPITL,61757,20.38,0.69,0,1
30-10-2023 04:00,EDT,CAPITL,61757,20.8,0.7,0,1
30-10-2023 05:00,EDT,CAPITL,61757,22.78,0.83,0,1
30-10-2023 06:00,EDT,CAPITL,61757,31.33,1.38,0,1
30-10-2023 07:00,EDT,CAPITL,61757,42.12,1.89,0,1
30-10-2023 08:00,EDT,CAPITL,61757,43.5,2.15,0,1
30-10-2023 09:00,EDT,CAPITL,61757,40.83,1.94,0,1
30-10-2023 10:00,EDT,CAPITL,61757,43.75,2.24,0,1
30-10-2023 11:00,EDT,CAPITL,61757,44.05,2.22,0,1
30-10-2023 12:00,EDT,CAPITL,61757,40.02,1.94,0,1
30-10-2023 13:00,EDT,CAPITL,61757,38.41,1.97,0,1
30-10-2023 14:00,EDT,CAPITL,61757,37.29,1.91,0,1
30-10-2023 15:00,EDT,CAPITL,61757,37.75,1.93,-0.04,1
30-10-2023 16:00,EDT,CAPITL,61757,43.78,1.79,-10.51,1
30-10-2023 17:00,EDT,CAPITL,61757,57.26,2.5,-10.92,1
30-10-2023 18:00,EDT,CAPITL,61757,57.5,2.89,-5.66,1
30-10-2023 19:00,EDT,CAPITL,61757,48.74,1.85,-14.36,1
30-10-2023 20:00,EDT,CAPITL,61757,37.93,1.55,-9.11,1
30-10-2023 21:00,EDT,CAPITL,61757,32.14,1.6,-2.54,1
30-10-2023 22:00,EDT,CAPITL,61757,28.37,1.38,0,1
30-10-2023 23:00,EDT,CAPITL,61757,27.04,1.09,0,1
31-10-2023 00:00,EDT,CAPITL,61757,25.61,0.89,0,1
31-10-2023 01:00,EDT,CAPITL,61757,24.52,0.81,0,1
31-10-2023 02:00,EDT,CAPITL,61757,22.92,0.75,0,1
31-10-2023 03:00,EDT,CAPITL,61757,22.52,0.72,0,1
31-10-2023 04:00,EDT,CAPITL,61757,24.11,0.79,0,1
31-10-2023 05:00,EDT,CAPITL,61757,26.59,0.97,0,1
31-10-2023 06:00,EDT,CAPITL,61757,40.34,1.63,0,1
31-10-2023 07:00,EDT,CAPITL,61757,52.06,2.24,0,1
31-10-2023 08:00,EDT,CAPITL,61757,44.28,1.82,0,1
31-10-2023 09:00,EDT,CAPITL,61757,37.23,1.33,0,1
31-10-2023 10:00,EDT,CAPITL,61757,34.79,1.18,0,1
31-10-2023 11:00,EDT,CAPITL,61757,30.21,1.08,0,1
31-10-2023 12:00,EDT,CAPITL,61757,29.62,1,0,1
31-10-2023 13:00,EDT,CAPITL,61757,30.25,1.08,0,1
31-10-2023 14:00,EDT,CAPITL,61757,30.4,1.05,0,1
31-10-2023 15:00,EDT,CAPITL,61757,33.05,1.3,0,1
31-10-2023 16:00,EDT,CAPITL,61757,36.54,1.57,0,1
31-10-2023 17:00,EDT,CAPITL,61757,52.93,2.41,-5.11,1
31-10-2023 18:00,EDT,CAPITL,61757,64.07,3,-4.46,1
31-10-2023 19:00,EDT,CAPITL,61757,54,2.52,0,1
31-10-2023 20:00,EDT,CAPITL,61757,46.74,2.21,-1.22,1
31-10-2023 21:00,EDT,CAPITL,61757,39.66,1.85,-0.82,1
31-10-2023 22:00,EDT,CAPITL,61757,33.61,1.48,0,1
31-10-2023 23:00,EDT,CAPITL,61757,29.65,1.25,0,1
01-11-2023 00:00,EDT,CAPITL,61757,34.83,1.15,0,1
01-11-2023 01:00,EDT,CAPITL,61757,31.12,1.02,0,1
01-11-2023 02:00,EDT,CAPITL,61757,29.78,0.95,0,1
01-11-2023 03:00,EDT,CAPITL,61757,29.74,0.95,0,1
01-11-2023 04:00,EDT,CAPITL,61757,29.79,0.95,0,1
01-11-2023 05:00,EDT,CAPITL,61757,35.59,1.17,0,1
01-11-2023 06:00,EDT,CAPITL,61757,48.9,2.53,-0.27,1
01-11-2023 07:00,EDT,CAPITL,61757,62.65,2.93,0,1
01-11-2023 08:00,EDT,CAPITL,61757,53.64,2.6,0,1
01-11-2023 09:00,EDT,CAPITL,61757,45.06,2.27,0,1
01-11-2023 10:00,EDT,CAPITL,61757,44.31,2.05,-4.19,1
01-11-2023 11:00,EDT,CAPITL,61757,41.61,1.9,-1.75,1
01-11-2023 12:00,EDT,CAPITL,61757,39.54,1.8,-1.01,1
01-11-2023 13:00,EDT,CAPITL,61757,40.42,1.56,-5.71,1
01-11-2023 14:00,EDT,CAPITL,61757,39.5,1.39,-7.25,1
01-11-2023 15:00,EDT,CAPITL,61757,39.29,1.42,-7.62,1
01-11-2023 16:00,EDT,CAPITL,61757,42.13,1.54,-7.74,1
01-11-2023 17:00,EDT,CAPITL,61757,57.9,1.97,-17.93,1
01-11-2023 18:00,EDT,CAPITL,61757,76.6,2.32,-31.22,1
01-11-2023 19:00,EDT,CAPITL,61757,63.62,2.11,-21.75,1
01-11-2023 20:00,EDT,CAPITL,61757,49.33,2.01,-9.28,1
01-11-2023 21:00,EDT,CAPITL,61757,42.85,1.89,-3.17,1
01-11-2023 22:00,EDT,CAPITL,61757,39.43,1.81,0,1
01-11-2023 23:00,EDT,CAPITL,61757,36.58,1.58,0,1
02-11-2023 00:00,EDT,CAPITL,61757,35.1,1.61,0,1
02-11-2023 01:00,EDT,CAPITL,61757,30.38,1.34,0,1
02-11-2023 02:00,EDT,CAPITL,61757,29.94,1.43,0,1
02-11-2023 03:00,EDT,CAPITL,61757,29.78,1.52,0,1
02-11-2023 04:00,EDT,CAPITL,61757,30.21,1.52,0,1
02-11-2023 05:00,EDT,CAPITL,61757,34.73,1.93,0,1
02-11-2023 06:00,EDT,CAPITL,61757,52.14,2.36,-11.76,1
02-11-2023 07:00,EDT,CAPITL,61757,72.1,2.32,-31.83,1
02-11-2023 08:00,EDT,CAPITL,61757,57.87,2.28,-18.2,1
02-11-2023 09:00,EDT,CAPITL,61757,40.62,1.88,-4.52,1
02-11-2023 10:00,EDT,CAPITL,61757,35,1.5,-3.99,1
02-11-2023 11:00,EDT,CAPITL,61757,32.15,1.35,-3.31,1
02-11-2023 12:00,EDT,CAPITL,61757,33.94,0.82,-14.11,1
02-11-2023 13:00,EDT,CAPITL,61757,32.92,0.88,-12.03,1
02-11-2023 14:00,EDT,CAPITL,61757,33.31,0.85,-12.79,1
02-11-2023 15:00,EDT,CAPITL,61757,33.46,0.94,-11.13,1
02-11-2023 16:00,EDT,CAPITL,61757,41.33,0.88,-20.34,1
02-11-2023 17:00,EDT,CAPITL,61757,50,1.54,-16.95,1
02-11-2023 18:00,EDT,CAPITL,61757,64.18,1.84,-25.43,1
02-11-2023 19:00,EDT,CAPITL,61757,53.6,1.7,-17.26,1
02-11-2023 20:00,EDT,CAPITL,61757,42.73,1.4,-12.69,1
02-11-2023 21:00,EDT,CAPITL,61757,42.4,1.02,-19.3,1
02-11-2023 22:00,EDT,CAPITL,61757,41.5,0.66,-24.8,1
02-11-2023 23:00,EDT,CAPITL,61757,36.96,0.7,-18.17,1
03-11-2023 00:00,EDT,CAPITL,61757,27.04,0.84,-3.49,1
03-11-2023 01:00,EDT,CAPITL,61757,25.04,0.79,-4.98,1
03-11-2023 02:00,EDT,CAPITL,61757,24.49,0.7,-7.17,1
03-11-2023 03:00,EDT,CAPITL,61757,24.53,0.73,-7.13,1
03-11-2023 04:00,EDT,CAPITL,61757,25.26,0.62,-10.26,1
03-11-2023 05:00,EDT,CAPITL,61757,31.02,0.68,-14.63,1
03-11-2023 06:00,EDT,CAPITL,61757,39.89,1.37,-9.36,1
03-11-2023 07:00,EDT,CAPITL,61757,47.54,1.63,-11.86,1
03-11-2023 08:00,EDT,CAPITL,61757,44.64,1.44,-13.84,1
03-11-2023 09:00,EDT,CAPITL,61757,33.91,1.08,-7.79,1
03-11-2023 10:00,EDT,CAPITL,61757,27.71,1.08,-3.22,1
03-11-2023 11:00,EDT,CAPITL,61757,24.62,0.94,-2.28,1
03-11-2023 12:00,EDT,CAPITL,61757,23.29,0.91,-1.08,1
03-11-2023 13:00,EDT,CAPITL,61757,22.98,0.81,-2.52,1
03-11-2023 14:00,EDT,CAPITL,61757,23.09,0.84,-1.77,1
03-11-2023 15:00,EDT,CAPITL,61757,24.85,0.8,-4.05,1
03-11-2023 16:00,EDT,CAPITL,61757,30.54,1.02,-5.79,1
03-11-2023 17:00,EDT,CAPITL,61757,41.08,1.02,-16.3,1
03-11-2023 18:00,EDT,CAPITL,61757,47.09,1.06,-21.97,1
03-11-2023 19:00,EDT,CAPITL,61757,39.8,1.03,-14.21,1
03-11-2023 20:00,EDT,CAPITL,61757,32.53,1.05,-7.07,1
03-11-2023 21:00,EDT,CAPITL,61757,30.34,0.81,-9.23,1
03-11-2023 22:00,EDT,CAPITL,61757,27.02,0.65,-10.41,1
03-11-2023 23:00,EDT,CAPITL,61757,26.75,0.5,-13.54,1
04-11-2023 00:00,EDT,CAPITL,61757,29.64,0.6,-16.5,1
04-11-2023 01:00,EDT,CAPITL,61757,26.42,0.63,-13.18,1
04-11-2023 02:00,EDT,CAPITL,61757,24.58,0.65,-10.95,1
04-11-2023 03:00,EDT,CAPITL,61757,24.55,0.61,-11.64,1
04-11-2023 04:00,EDT,CAPITL,61757,23.57,0.67,-9.97,1
04-11-2023 05:00,EDT,CAPITL,61757,28.08,0.73,-12.68,1
04-11-2023 06:00,EDT,CAPITL,61757,26.1,0.83,-8.04,1
04-11-2023 07:00,EDT,CAPITL,61757,34.66,1.01,-14.28,1
04-11-2023 08:00,EDT,CAPITL,61757,33.37,1.23,-9.27,1
04-11-2023 09:00,EDT,CAPITL,61757,31.02,1.56,-0.59,1
04-11-2023 10:00,EDT,CAPITL,61757,25.32,1.25,0,1
04-11-2023 11:00,EDT,CAPITL,61757,25.12,1.26,0,1
04-11-2023 12:00,EDT,CAPITL,61757,22.32,0.96,0,1
04-11-2023 13:00,EDT,CAPITL,61757,21.32,0.8,0,1
04-11-2023 14:00,EDT,CAPITL,61757,22.34,0.94,0,1
04-11-2023 15:00,EDT,CAPITL,61757,22.41,1.01,0,1
04-11-2023 16:00,EDT,CAPITL,61757,26.12,1.24,-0.03,1
04-11-2023 17:00,EDT,CAPITL,61757,30.01,1.43,0,1
04-11-2023 18:00,EDT,CAPITL,61757,35.62,1.6,0,1
04-11-2023 19:00,EDT,CAPITL,61757,32.45,1.4,0,1
04-11-2023 20:00,EDT,CAPITL,61757,26.75,1.27,0,1
04-11-2023 21:00,EDT,CAPITL,61757,25.17,1.2,0,1
04-11-2023 22:00,EDT,CAPITL,61757,22.83,1.07,-0.28,1
04-11-2023 23:00,EDT,CAPITL,61757,23.18,1.03,-0.15,1
05-11-2023 00:00,EDT,CAPITL,61757,24.25,0.64,0,1
05-11-2023 01:00,EDT,CAPITL,61757,22.28,0.61,0,1
05-11-2023 01:00,EST,CAPITL,61757,21.84,0.57,0,1
05-11-2023 02:00,EST,CAPITL,61757,21.19,0.54,0,1
05-11-2023 03:00,EST,CAPITL,61757,20.78,0.53,0,1
05-11-2023 04:00,EST,CAPITL,61757,20.71,0.51,0,1
05-11-2023 05:00,EST,CAPITL,61757,22.06,0.6,0,1
05-11-2023 06:00,EST,CAPITL,61757,22.21,0.63,0,1
05-11-2023 07:00,EST,CAPITL,61757,22.24,0.83,0,1
05-11-2023 08:00,EST,CAPITL,61757,23.12,0.89,0,1
05-11-2023 09:00,EST,CAPITL,61757,23.4,0.81,0,1
05-11-2023 10:00,EST,CAPITL,61757,21.74,0.55,0,1
05-11-2023 11:00,EST,CAPITL,61757,21.83,0.62,0,1
05-11-2023 12:00,EST,CAPITL,61757,21.74,0.63,0,1
05-11-2023 13:00,EST,CAPITL,61757,21.26,0.62,0,1
05-11-2023 14:00,EST,CAPITL,61757,21.7,0.65,0,1
05-11-2023 15:00,EST,CAPITL,61757,22.8,0.96,0,1
05-11-2023 16:00,EST,CAPITL,61757,29.66,1.28,0,1
05-11-2023 17:00,EST,CAPITL,61757,38.25,1.72,0,1
05-11-2023 18:00,EST,CAPITL,61757,37.37,1.54,0,1
05-11-2023 19:00,EST,CAPITL,61757,33.88,1.24,0,1
05-11-2023 20:00,EST,CAPITL,61757,29.4,1.02,0,1
05-11-2023 21:00,EST,CAPITL,61757,26.23,0.94,0,1
05-11-2023 22:00,EST,CAPITL,61757,24.02,0.83,0,1
05-11-2023 23:00,EST,CAPITL,61757,22.84,0.82,0,1
06-11-2023 00:00,EST,CAPITL,61757,23.91,1.01,0,1
06-11-2023 01:00,EST,CAPITL,61757,22.73,0.96,0,1
06-11-2023 02:00,EST,CAPITL,61757,21.97,0.82,0,1
06-11-2023 03:00,EST,CAPITL,61757,22.15,0.81,0,1
06-11-2023 04:00,EST,CAPITL,61757,22.28,0.88,0,1
06-11-2023 05:00,EST,CAPITL,61757,24.62,1.08,0,1
06-11-2023 06:00,EST,CAPITL,61757,33.61,1.57,0,1
06-11-2023 07:00,EST,CAPITL,61757,37.13,1.67,0,1
06-11-2023 08:00,EST,CAPITL,61757,33.81,1.52,0,1
06-11-2023 09:00,EST,CAPITL,61757,28.41,1.25,0,1
06-11-2023 10:00,EST,CAPITL,61757,26.1,1.08,0,1
06-11-2023 11:00,EST,CAPITL,61757,24.68,1.02,0,1
06-11-2023 12:00,EST,CAPITL,61757,25.01,1.18,-0.26,1
06-11-2023 13:00,EST,CAPITL,61757,25.7,1.06,-2.9,1
06-11-2023 14:00,EST,CAPITL,61757,26.36,1.07,-3.79,1
06-11-2023 15:00,EST,CAPITL,61757,30.87,0.99,-8.46,1
06-11-2023 16:00,EST,CAPITL,61757,43.21,1.08,-20.6,1
06-11-2023 17:00,EST,CAPITL,61757,67.18,1.25,-41.93,1
06-11-2023 18:00,EST,CAPITL,61757,52.15,1.02,-30.76,1
06-11-2023 19:00,EST,CAPITL,61757,40.53,1.01,-18.06,1
06-11-2023 20:00,EST,CAPITL,61757,39.93,0.68,-23.51,1
06-11-2023 21:00,EST,CAPITL,61757,32.26,0.69,-14.33,1
06-11-2023 22:00,EST,CAPITL,61757,28.34,0.56,-13.69,1
06-11-2023 23:00,EST,CAPITL,61757,24.42,0.62,-10.23,1
07-11-2023 00:00,EST,CAPITL,61757,21.98,0.68,-7.11,1
07-11-2023 01:00,EST,CAPITL,61757,21.02,0.68,-5.8,1
07-11-2023 02:00,EST,CAPITL,61757,21.09,0.67,-5.95,1
07-11-2023 03:00,EST,CAPITL,61757,20.51,0.58,-7.4,1
07-11-2023 04:00,EST,CAPITL,61757,20.48,0.65,-5.38,1
07-11-2023 05:00,EST,CAPITL,61757,21.82,0.59,-6.9,1
07-11-2023 06:00,EST,CAPITL,61757,29.43,0.85,-8.69,1
07-11-2023 07:00,EST,CAPITL,61757,36.55,1.07,-12.16,1
07-11-2023 08:00,EST,CAPITL,61757,36.79,1.08,-12.83,1
07-11-2023 09:00,EST,CAPITL,61757,28.73,1.07,-2.86,1
07-11-2023 10:00,EST,CAPITL,61757,26.22,1.07,-0.33,1
07-11-2023 11:00,EST,CAPITL,61757,25.13,0.98,-0.28,1
07-11-2023 12:00,EST,CAPITL,61757,24.71,0.96,-0.92,1
07-11-2023 13:00,EST,CAPITL,61757,26.19,0.94,-2.42,1
07-11-2023 14:00,EST,CAPITL,61757,26.54,0.98,-2.15,1
07-11-2023 15:00,EST,CAPITL,61757,28.09,1.11,-2.76,1
07-11-2023 16:00,EST,CAPITL,61757,35.11,1.1,-10.06,1
07-11-2023 17:00,EST,CAPITL,61757,46.01,1.75,-8.47,1
07-11-2023 18:00,EST,CAPITL,61757,34.27,1.46,-1.8,1
07-11-2023 19:00,EST,CAPITL,61757,30.5,1.23,0,1
07-11-2023 20:00,EST,CAPITL,61757,27.01,1.33,0,1
07-11-2023 21:00,EST,CAPITL,61757,25.75,1.2,0,1
07-11-2023 22:00,EST,CAPITL,61757,23.16,1.08,0,1
07-11-2023 23:00,EST,CAPITL,61757,22.04,0.79,0,1
08-11-2023 00:00,EST,CAPITL,61757,22.33,0.84,0,1
08-11-2023 01:00,EST,CAPITL,61757,21.06,0.71,0,1
08-11-2023 02:00,EST,CAPITL,61757,20.86,0.71,0,1
08-11-2023 03:00,EST,CAPITL,61757,20.78,0.7,0,1
08-11-2023 04:00,EST,CAPITL,61757,21.5,0.83,0,1
08-11-2023 05:00,EST,CAPITL,61757,23.2,1.08,0,1
08-11-2023 06:00,EST,CAPITL,61757,33.4,1.71,0,1
08-11-2023 07:00,EST,CAPITL,61757,38.1,1.97,-0.34,1
08-11-2023 08:00,EST,CAPITL,61757,30.5,1.4,0,1
08-11-2023 09:00,EST,CAPITL,61757,26.28,0.96,0,1
08-11-2023 10:00,EST,CAPITL,61757,24.79,0.86,0,1
08-11-2023 11:00,EST,CAPITL,61757,24.09,0.86,0,1
08-11-2023 12:00,EST,CAPITL,61757,24.58,0.95,0,1
08-11-2023 13:00,EST,CAPITL,61757,25.17,0.99,0,1
08-11-2023 14:00,EST,CAPITL,61757,25.79,1.02,0,1
08-11-2023 15:00,EST,CAPITL,61757,28.41,1.33,0,1
08-11-2023 16:00,EST,CAPITL,61757,34.43,1.64,0,1
08-11-2023 17:00,EST,CAPITL,61757,54.66,2.44,-8.62,1
08-11-2023 18:00,EST,CAPITL,61757,37.93,1.83,-1.47,1
08-11-2023 19:00,EST,CAPITL,61757,32.94,1.57,0,1
08-11-2023 20:00,EST,CAPITL,61757,29.12,1.49,0,1
08-11-2023 21:00,EST,CAPITL,61757,27.1,1.34,0,1
08-11-2023 22:00,EST,CAPITL,61757,25.03,1.17,0,1
08-11-2023 23:00,EST,CAPITL,61757,23.68,1.08,0,1
09-11-2023 00:00,EST,CAPITL,61757,24.13,1.04,0,1
09-11-2023 01:00,EST,CAPITL,61757,21.52,0.97,0,1
09-11-2023 02:00,EST,CAPITL,61757,20.74,0.93,0,1
09-11-2023 03:00,EST,CAPITL,61757,20.84,0.89,-1.41,1
09-11-2023 04:00,EST,CAPITL,61757,21.5,1.02,-0.48,1
09-11-2023 05:00,EST,CAPITL,61757,24.9,1.25,0,1
09-11-2023 06:00,EST,CAPITL,61757,33.96,1.48,-4.01,1
09-11-2023 07:00,EST,CAPITL,61757,37.63,1.5,-8.88,1
09-11-2023 08:00,EST,CAPITL,61757,33.82,1.59,-2.76,1
09-11-2023 09:00,EST,CAPITL,61757,33.96,1.47,-4.19,1
09-11-2023 10:00,EST,CAPITL,61757,34.91,1.53,-5.09,1
09-11-2023 11:00,EST,CAPITL,61757,33.95,1.56,-4.07,1
09-11-2023 12:00,EST,CAPITL,61757,31.42,1.53,-1.6,1
09-11-2023 13:00,EST,CAPITL,61757,30.96,1.45,-1.17,1
09-11-2023 14:00,EST,CAPITL,61757,31.64,1.43,-2.09,1
09-11-2023 15:00,EST,CAPITL,61757,33.37,1.39,-4.77,1
09-11-2023 16:00,EST,CAPITL,61757,40.25,1.33,-10.53,1
09-11-2023 17:00,EST,CAPITL,61757,55.05,1.42,-25.13,1
09-11-2023 18:00,EST,CAPITL,61757,39.57,1.45,-9.62,1
09-11-2023 19:00,EST,CAPITL,61757,34.5,1.33,-5.54,1
09-11-2023 20:00,EST,CAPITL,61757,30.81,1.44,-2.75,1
09-11-2023 21:00,EST,CAPITL,61757,27.71,1.06,-4.01,1
09-11-2023 22:00,EST,CAPITL,61757,25.58,0.93,-3.91,1
09-11-2023 23:00,EST,CAPITL,61757,24.54,0.82,-5.08,1
10-11-2023 00:00,EST,CAPITL,61757,21.97,1.03,0,1
10-11-2023 01:00,EST,CAPITL,61757,20.2,0.94,0,1
10-11-2023 02:00,EST,CAPITL,61757,20.09,0.92,0,1
10-11-2023 03:00,EST,CAPITL,61757,19.56,0.91,0,1
10-11-2023 04:00,EST,CAPITL,61757,20.14,0.92,0,1
10-11-2023 05:00,EST,CAPITL,61757,23.31,0.92,0,1
10-11-2023 06:00,EST,CAPITL,61757,28.18,1.14,0,1
10-11-2023 07:00,EST,CAPITL,61757,31.3,1.56,-0.92,1
10-11-2023 08:00,EST,CAPITL,61757,30.1,1.49,0,1
10-11-2023 09:00,EST,CAPITL,61757,29.23,1.42,0,1
10-11-2023 10:00,EST,CAPITL,61757,27.84,1.15,0,1
10-11-2023 11:00,EST,CAPITL,61757,27.38,1.08,0,1
10-11-2023 12:00,EST,CAPITL,61757,27.46,1.08,0,1
10-11-2023 13:00,EST,CAPITL,61757,26.83,1.18,0,1
10-11-2023 14:00,EST,CAPITL,61757,26.33,1.13,0,1
10-11-2023 15:00,EST,CAPITL,61757,28.09,1.31,0,1
10-11-2023 16:00,EST,CAPITL,61757,35.37,1.5,-5.06,1
10-11-2023 17:00,EST,CAPITL,61757,43.12,1.88,-5.01,1
10-11-2023 18:00,EST,CAPITL,61757,34.22,1.66,0,1
10-11-2023 19:00,EST,CAPITL,61757,29.93,1.34,0,1
10-11-2023 20:00,EST,CAPITL,61757,28.43,1.2,0,1
10-11-2023 21:00,EST,CAPITL,61757,27.1,0.86,0,1
10-11-2023 22:00,EST,CAPITL,61757,26.57,0.72,0,1
10-11-2023 23:00,EST,CAPITL,61757,25.2,0.73,0,1
11-11-2023 00:00,EST,CAPITL,61757,28.97,1.01,0,1
11-11-2023 01:00,EST,CAPITL,61757,27.78,0.94,0,1
11-11-2023 02:00,EST,CAPITL,61757,26.36,0.77,0,1
11-11-2023 03:00,EST,CAPITL,61757,24.81,0.75,0,1
11-11-2023 04:00,EST,CAPITL,61757,26.72,0.88,0,1
11-11-2023 05:00,EST,CAPITL,61757,27.68,0.96,0,1
11-11-2023 06:00,EST,CAPITL,61757,30.08,1.3,0,1
11-11-2023 07:00,EST,CAPITL,61757,29.52,1.43,0,1
11-11-2023 08:00,EST,CAPITL,61757,29.86,1.39,0,1
11-11-2023 09:00,EST,CAPITL,61757,29.72,1.39,0,1
11-11-2023 10:00,EST,CAPITL,61757,28.35,1.01,0,1
11-11-2023 11:00,EST,CAPITL,61757,27.33,0.87,0,1
11-11-2023 12:00,EST,CAPITL,61757,26.06,0.86,0,1
11-11-2023 13:00,EST,CAPITL,61757,26.62,0.97,0,1
11-11-2023 14:00,EST,CAPITL,61757,27.04,1.01,0,1
11-11-2023 15:00,EST,CAPITL,61757,28.66,1.26,0,1
11-11-2023 16:00,EST,CAPITL,61757,33.15,1.76,0,1
11-11-2023 17:00,EST,CAPITL,61757,44.55,2.52,0,1
11-11-2023 18:00,EST,CAPITL,61757,41.82,2.25,0,1
11-11-2023 19:00,EST,CAPITL,61757,38.43,2,0,1
11-11-2023 20:00,EST,CAPITL,61757,34.76,1.72,0,1
11-11-2023 21:00,EST,CAPITL,61757,31.9,1.52,0,1
11-11-2023 22:00,EST,CAPITL,61757,29.74,1.34,0,1
11-11-2023 23:00,EST,CAPITL,61757,29.25,1.26,0,1
12-11-2023 00:00,EST,CAPITL,61757,29.46,1.08,0,1
12-11-2023 01:00,EST,CAPITL,61757,29.32,1.07,0,1
12-11-2023 02:00,EST,CAPITL,61757,28.91,0.87,0,1
12-11-2023 03:00,EST,CAPITL,61757,28.76,0.78,0,1
12-11-2023 04:00,EST,CAPITL,61757,28.56,0.86,0,1
12-11-2023 05:00,EST,CAPITL,61757,29.19,1.07,0,1
12-11-2023 06:00,EST,CAPITL,61757,30,1.29,0,1
12-11-2023 07:00,EST,CAPITL,61757,29.44,1.27,0,1
12-11-2023 08:00,EST,CAPITL,61757,29.56,1.27,0,1
12-11-2023 09:00,EST,CAPITL,61757,28.06,0.95,0,1
12-11-2023 10:00,EST,CAPITL,61757,25.95,0.8,0,1
12-11-2023 11:00,EST,CAPITL,61757,25.98,0.68,0,1
12-11-2023 12:00,EST,CAPITL,61757,26,0.71,0,1
12-11-2023 13:00,EST,CAPITL,61757,26.4,0.77,0,1
12-11-2023 14:00,EST,CAPITL,61757,26.97,0.84,0,1
12-11-2023 15:00,EST,CAPITL,61757,29.51,1.16,0,1
12-11-2023 16:00,EST,CAPITL,61757,39.48,2.13,0,1
12-11-2023 17:00,EST,CAPITL,61757,53.86,2.71,-5.23,1
12-11-2023 18:00,EST,CAPITL,61757,46.11,2.57,0,1
12-11-2023 19:00,EST,CAPITL,61757,40.61,2.26,-0.04,1
12-11-2023 20:00,EST,CAPITL,61757,35.88,1.93,0,1
12-11-2023 21:00,EST,CAPITL,61757,33.48,1.74,-0.12,1
12-11-2023 22:00,EST,CAPITL,61757,30.52,1.54,0,1
12-11-2023 23:00,EST,CAPITL,61757,29.75,1.28,0,1
13-11-2023 00:00,EST,CAPITL,61757,31.36,1.38,0,1
13-11-2023 01:00,EST,CAPITL,61757,30.14,1.35,0,1
13-11-2023 02:00,EST,CAPITL,61757,29.57,1.22,0,1
13-11-2023 03:00,EST,CAPITL,61757,29.8,1.34,0,1
13-11-2023 04:00,EST,CAPITL,61757,30.74,1.42,-0.82,1
13-11-2023 05:00,EST,CAPITL,61757,33.22,1.8,-0.45,1
13-11-2023 06:00,EST,CAPITL,61757,47.41,2.11,-9.5,1
13-11-2023 07:00,EST,CAPITL,61757,51.01,2.46,-3.86,1
13-11-2023 08:00,EST,CAPITL,61757,46.81,1.87,-11.55,1
13-11-2023 09:00,EST,CAPITL,61757,35.57,1.7,-2.41,1
13-11-2023 10:00,EST,CAPITL,61757,31.78,1.45,-1.86,1
13-11-2023 11:00,EST,CAPITL,61757,29.47,1.32,0,1
13-11-2023 12:00,EST,CAPITL,61757,29.86,1.45,0,1
13-11-2023 13:00,EST,CAPITL,61757,33.52,1.45,-3.66,1
13-11-2023 14:00,EST,CAPITL,61757,35.79,1.47,-5.96,1
13-11-2023 15:00,EST,CAPITL,61757,39.17,1.48,-9.29,1
13-11-2023 16:00,EST,CAPITL,61757,47.75,1.7,-13.3,1
13-11-2023 17:00,EST,CAPITL,61757,65.95,2.22,-22.62,1
13-11-2023 18:00,EST,CAPITL,61757,57.79,1.59,-27.7,1
13-11-2023 19:00,EST,CAPITL,61757,49.28,1.51,-19.28,1
13-11-2023 20:00,EST,CAPITL,61757,40.01,1.54,-9.39,1
13-11-2023 21:00,EST,CAPITL,61757,36.68,1.34,-6.93,1
13-11-2023 22:00,EST,CAPITL,61757,30.26,1.42,-0.46,1
13-11-2023 23:00,EST,CAPITL,61757,28.79,1.21,0,1
14-11-2023 00:00,EST,CAPITL,61757,33.19,1.34,-3.38,1
14-11-2023 01:00,EST,CAPITL,61757,30.73,1.34,-0.96,1
14-11-2023 02:00,EST,CAPITL,61757,29.82,1.31,-0.1,1
14-11-2023 03:00,EST,CAPITL,61757,29.63,1.25,0,1
14-11-2023 04:00,EST,CAPITL,61757,29.77,1.42,0,1
14-11-2023 05:00,EST,CAPITL,61757,35.29,1.57,-5.2,1
14-11-2023 06:00,EST,CAPITL,61757,49.94,2.07,-12.21,1
14-11-2023 07:00,EST,CAPITL,61757,59.7,2.19,-17.72,1
14-11-2023 08:00,EST,CAPITL,61757,46.34,2.08,-9.03,1
14-11-2023 09:00,EST,CAPITL,61757,36.33,1.93,0,1
14-11-2023 10:00,EST,CAPITL,61757,32.78,1.62,0,1
14-11-2023 11:00,EST,CAPITL,61757,31.86,1.4,0,1
14-11-2023 12:00,EST,CAPITL,61757,31.67,1.48,0,1
14-11-2023 13:00,EST,CAPITL,61757,31.15,1.45,0,1
14-11-2023 14:00,EST,CAPITL,61757,31.74,1.51,0,1
14-11-2023 15:00,EST,CAPITL,61757,34.49,1.73,0,1
14-11-2023 16:00,EST,CAPITL,61757,42.68,2.11,0,1
14-11-2023 17:00,EST,CAPITL,61757,70.66,2.74,-19.84,1
14-11-2023 18:00,EST,CAPITL,61757,50.32,2.66,-1.76,1
14-11-2023 19:00,EST,CAPITL,61757,44.53,2.2,0,1
14-11-2023 20:00,EST,CAPITL,61757,36.91,1.82,0,1
14-11-2023 21:00,EST,CAPITL,61757,33.51,1.66,0,1
14-11-2023 22:00,EST,CAPITL,61757,31.28,1.46,0,1
14-11-2023 23:00,EST,CAPITL,61757,29.69,1.2,0,1
15-11-2023 00:00,EST,CAPITL,61757,30.22,0.75,-4.34,1
15-11-2023 01:00,EST,CAPITL,61757,29.18,0.69,-4.65,1
15-11-2023 02:00,EST,CAPITL,61757,28.87,0.63,-5.8,1
15-11-2023 03:00,EST,CAPITL,61757,30.08,0.48,-13.08,1
15-11-2023 04:00,EST,CAPITL,61757,31.06,0.56,-13.55,1
15-11-2023 05:00,EST,CAPITL,61757,35.62,0.65,-15.83,1
15-11-2023 06:00,EST,CAPITL,61757,46,1.04,-17.47,1
15-11-2023 07:00,EST,CAPITL,61757,52.55,1,-25.35,1
15-11-2023 08:00,EST,CAPITL,61757,46.25,1.01,-18.07,1
15-11-2023 09:00,EST,CAPITL,61757,36.34,0.81,-11.86,1
15-11-2023 10:00,EST,CAPITL,61757,29.96,0.84,-3.66,1
15-11-2023 11:00,EST,CAPITL,61757,28.21,0.77,-2.55,1
15-11-2023 12:00,EST,CAPITL,61757,28.91,0.69,-6.76,1
15-11-2023 13:00,EST,CAPITL,61757,29.89,0.67,-7.5,1
15-11-2023 14:00,EST,CAPITL,61757,29.94,0.75,-7.18,1
15-11-2023 15:00,EST,CAPITL,61757,33.3,0.83,-8.03,1
15-11-2023 16:00,EST,CAPITL,61757,41.53,1.01,-12.35,1
15-11-2023 17:00,EST,CAPITL,61757,54.02,1.25,-20.74,1
15-11-2023 18:00,EST,CAPITL,61757,46.59,1.12,-17.37,1
15-11-2023 19:00,EST,CAPITL,61757,41.5,0.94,-15.28,1
15-11-2023 20:00,EST,CAPITL,61757,35.9,0.95,-9.18,1
15-11-2023 21:00,EST,CAPITL,61757,32.1,0.81,-7.45,1
15-11-2023 22:00,EST,CAPITL,61757,31.35,0.57,-13.06,1
15-11-2023 23:00,EST,CAPITL,61757,29.81,0.51,-11.78,1
16-11-2023 00:00,EST,CAPITL,61757,27.44,1,-2.55,1
16-11-2023 01:00,EST,CAPITL,61757,26.6,0.72,-8.76,1
16-11-2023 02:00,EST,CAPITL,61757,26.65,0.71,-9.52,1
16-11-2023 03:00,EST,CAPITL,61757,26.83,0.51,-14.17,1
16-11-2023 04:00,EST,CAPITL,61757,26.59,0.78,-7.61,1
16-11-2023 05:00,EST,CAPITL,61757,27.82,1.27,0,1
16-11-2023 06:00,EST,CAPITL,61757,40.52,1.89,-2.19,1
16-11-2023 07:00,EST,CAPITL,61757,44.5,1.95,-2.68,1
16-11-2023 08:00,EST,CAPITL,61757,35.79,1.57,0,1
16-11-2023 09:00,EST,CAPITL,61757,29.37,1.1,0,1
16-11-2023 10:00,EST,CAPITL,61757,26.59,0.87,0,1
16-11-2023 11:00,EST,CAPITL,61757,25.16,0.8,0,1
16-11-2023 12:00,EST,CAPITL,61757,24.15,0.79,0,1
16-11-2023 13:00,EST,CAPITL,61757,24.59,0.85,0,1
16-11-2023 14:00,EST,CAPITL,61757,25.86,0.95,0,1
16-11-2023 15:00,EST,CAPITL,61757,28.55,1.04,0,1
16-11-2023 16:00,EST,CAPITL,61757,34.67,1.35,-1.27,1
16-11-2023 17:00,EST,CAPITL,61757,45.9,1.53,-10.4,1
16-11-2023 18:00,EST,CAPITL,61757,41.86,1.36,-9.52,1
16-11-2023 19:00,EST,CAPITL,61757,36.11,1.01,-11.05,1
16-11-2023 20:00,EST,CAPITL,61757,34.99,0.72,-15.79,1
16-11-2023 21:00,EST,CAPITL,61757,32.72,0.41,-21.41,1
16-11-2023 22:00,EST,CAPITL,61757,30.46,0.26,-23.53,1
16-11-2023 23:00,EST,CAPITL,61757,29.32,0.21,-23.53,1
17-11-2023 00:00,EST,CAPITL,61757,30.01,0.33,-21.09,1
17-11-2023 01:00,EST,CAPITL,61757,27.82,0.31,-19.33,1
17-11-2023 02:00,EST,CAPITL,61757,28.87,0.19,-23.55,1
17-11-2023 03:00,EST,CAPITL,61757,28.55,0.19,-23.14,1
17-11-2023 04:00,EST,CAPITL,61757,29.65,0.2,-24.16,1
17-11-2023 05:00,EST,CAPITL,61757,32.28,0.25,-25.89,1
17-11-2023 06:00,EST,CAPITL,61757,46.49,0.3,-39.1,1
17-11-2023 07:00,EST,CAPITL,61757,47.58,0.28,-40.56,1
17-11-2023 08:00,EST,CAPITL,61757,34.43,0.95,-11.33,1
17-11-2023 09:00,EST,CAPITL,61757,31.28,0.77,-11.3,1
17-11-2023 10:00,EST,CAPITL,61757,27.36,1.03,-1.68,1
17-11-2023 11:00,EST,CAPITL,61757,26.29,1.04,0,1
17-11-2023 12:00,EST,CAPITL,61757,26.21,1.06,0,1
17-11-2023 13:00,EST,CAPITL,61757,28.08,0.97,-5.02,1
17-11-2023 14:00,EST,CAPITL,61757,27.31,1,-3.51,1
17-11-2023 15:00,EST,CAPITL,61757,28.91,1.04,-3.73,1
17-11-2023 16:00,EST,CAPITL,61757,36.62,0.99,-12.09,1
17-11-2023 17:00,EST,CAPITL,61757,46.47,1.16,-17.61,1
17-11-2023 18:00,EST,CAPITL,61757,37.81,1.28,-6.12,1
17-11-2023 19:00,EST,CAPITL,61757,30.17,1.13,0,1
17-11-2023 20:00,EST,CAPITL,61757,27.91,1.12,0,1
17-11-2023 21:00,EST,CAPITL,61757,25.88,0.95,0,1
17-11-2023 22:00,EST,CAPITL,61757,26.6,0.95,0,1
17-11-2023 23:00,EST,CAPITL,61757,24.93,0.82,0,1
18-11-2023 00:00,EST,CAPITL,61757,25.7,0.87,0,1
18-11-2023 01:00,EST,CAPITL,61757,24.35,0.82,0,1
18-11-2023 02:00,EST,CAPITL,61757,23.23,0.83,0,1
18-11-2023 03:00,EST,CAPITL,61757,23.03,0.8,0,1
18-11-2023 04:00,EST,CAPITL,61757,23.46,0.79,0,1
18-11-2023 05:00,EST,CAPITL,61757,25.82,0.95,0,1
18-11-2023 06:00,EST,CAPITL,61757,29.24,1.15,0,1
18-11-2023 07:00,EST,CAPITL,61757,30.71,1.24,0,1
18-11-2023 08:00,EST,CAPITL,61757,28.71,1.21,0,1
18-11-2023 09:00,EST,CAPITL,61757,31.84,1.4,0,1
18-11-2023 10:00,EST,CAPITL,61757,31.63,1.42,0,1
18-11-2023 11:00,EST,CAPITL,61757,30.26,1.32,-0.26,1
18-11-2023 12:00,EST,CAPITL,61757,29.61,1.14,-1.98,1
18-11-2023 13:00,EST,CAPITL,61757,29.63,0.99,-5.08,1
18-11-2023 14:00,EST,CAPITL,61757,31.03,0.92,-7.66,1
18-11-2023 15:00,EST,CAPITL,61757,31.21,1.14,-4.07,1
18-11-2023 16:00,EST,CAPITL,61757,35.4,1.48,-0.15,1
18-11-2023 17:00,EST,CAPITL,61757,48.84,1.85,-5.84,1
18-11-2023 18:00,EST,CAPITL,61757,40.31,1.57,-1.47,1
18-11-2023 19:00,EST,CAPITL,61757,37.99,1.43,-3.23,1
18-11-2023 20:00,EST,CAPITL,61757,35.02,1.2,-5.22,1
18-11-2023 21:00,EST,CAPITL,61757,34.38,1.08,-6.32,1
18-11-2023 22:00,EST,CAPITL,61757,32.58,0.81,-11.47,1
18-11-2023 23:00,EST,CAPITL,61757,32.45,0.65,-15.25,1
19-11-2023 00:00,EST,CAPITL,61757,32.37,0.7,-14.94,1
19-11-2023 01:00,EST,CAPITL,61757,33,0.46,-21.85,1
19-11-2023 02:00,EST,CAPITL,61757,30.87,0.48,-19.23,1
19-11-2023 03:00,EST,CAPITL,61757,30.87,0.47,-19.2,1
19-11-2023 04:00,EST,CAPITL,61757,31.23,0.49,-19.51,1
19-11-2023 05:00,EST,CAPITL,61757,32.5,0.67,-17,1
19-11-2023 06:00,EST,CAPITL,61757,33.76,0.81,-14.62,1
19-11-2023 07:00,EST,CAPITL,61757,35.05,0.48,-23.66,1
19-11-2023 08:00,EST,CAPITL,61757,31.55,0.72,-15.08,1
19-11-2023 09:00,EST,CAPITL,61757,31.12,0.53,-18.89,1
19-11-2023 10:00,EST,CAPITL,61757,30.02,0.81,-11.29,1
19-11-2023 11:00,EST,CAPITL,61757,30,0.81,-11.21,1
19-11-2023 12:00,EST,CAPITL,61757,28.41,0.88,-7.01,1
19-11-2023 13:00,EST,CAPITL,61757,29.03,0.82,-9.13,1
19-11-2023 14:00,EST,CAPITL,61757,31.13,0.78,-12.6,1
19-11-2023 15:00,EST,CAPITL,61757,32.1,1.15,-6.42,1
19-11-2023 16:00,EST,CAPITL,61757,41.98,1.65,-8.54,1
19-11-2023 17:00,EST,CAPITL,61757,53.98,2.18,-12.05,1
19-11-2023 18:00,EST,CAPITL,61757,46.58,2.21,-2.61,1
19-11-2023 19:00,EST,CAPITL,61757,44.24,1.9,-4.97,1
19-11-2023 20:00,EST,CAPITL,61757,40.23,1.81,-2.29,1
19-11-2023 21:00,EST,CAPITL,61757,38,1.44,-6.57,1
19-11-2023 22:00,EST,CAPITL,61757,32.66,1.53,0,1
19-11-2023 23:00,EST,CAPITL,61757,30.21,1.38,0,1
20-11-2023 00:00,EST,CAPITL,61757,30.45,1.23,0,1
20-11-2023 01:00,EST,CAPITL,61757,28.95,1.17,0,1
20-11-2023 02:00,EST,CAPITL,61757,28.67,1.13,0,1
20-11-2023 03:00,EST,CAPITL,61757,28.98,1.22,0,1
20-11-2023 04:00,EST,CAPITL,61757,30.35,1.31,0,1
20-11-2023 05:00,EST,CAPITL,61757,34.89,1.6,0,1
20-11-2023 06:00,EST,CAPITL,61757,48.23,2.43,0,1
20-11-2023 07:00,EST,CAPITL,61757,54.62,2.75,0,1
20-11-2023 08:00,EST,CAPITL,61757,43.12,2.09,0,1
20-11-2023 09:00,EST,CAPITL,61757,35.52,1.53,0,1
20-11-2023 10:00,EST,CAPITL,61757,33.93,1.43,0,1
20-11-2023 11:00,EST,CAPITL,61757,31.72,1.31,0,1
20-11-2023 12:00,EST,CAPITL,61757,31.6,1.39,0,1
20-11-2023 13:00,EST,CAPITL,61757,31.77,1.4,0,1
20-11-2023 14:00,EST,CAPITL,61757,34.39,1.64,0,1
20-11-2023 15:00,EST,CAPITL,61757,38.73,1.61,-2.82,1
20-11-2023 16:00,EST,CAPITL,61757,50.41,2.37,-2.34,1
20-11-2023 17:00,EST,CAPITL,61757,73.25,3.02,-12.14,1
20-11-2023 18:00,EST,CAPITL,61757,61.52,2.85,-4.87,1
20-11-2023 19:00,EST,CAPITL,61757,51.66,2.37,-2.74,1
20-11-2023 20:00,EST,CAPITL,61757,45.23,2.05,-2.08,1
20-11-2023 21:00,EST,CAPITL,61757,41.85,1.67,-4.66,1
20-11-2023 22:00,EST,CAPITL,61757,36.42,1.62,-0.26,1
20-11-2023 23:00,EST,CAPITL,61757,35.15,1.58,-0.04,1
21-11-2023 00:00,EST,CAPITL,61757,31.48,1.36,0,1
21-11-2023 01:00,EST,CAPITL,61757,30.41,1.31,0,1
21-11-2023 02:00,EST,CAPITL,61757,29.96,1.18,-3.04,1
21-11-2023 03:00,EST,CAPITL,61757,30.41,0.97,-8.26,1
21-11-2023 04:00,EST,CAPITL,61757,32.06,1.06,-8.54,1
21-11-2023 05:00,EST,CAPITL,61757,37.44,1.2,-9.6,1
21-11-2023 06:00,EST,CAPITL,61757,49.56,1.84,-12.39,1
21-11-2023 07:00,EST,CAPITL,61757,58.48,1.63,-23.67,1
21-11-2023 08:00,EST,CAPITL,61757,45.06,1.85,-3.79,1
21-11-2023 09:00,EST,CAPITL,61757,37.64,1.57,-1.17,1
21-11-2023 10:00,EST,CAPITL,61757,33.75,1.39,-0.8,1
21-11-2023 11:00,EST,CAPITL,61757,33.53,1.33,-1.21,1
21-11-2023 12:00,EST,CAPITL,61757,34.11,1.31,-2.29,1
21-11-2023 13:00,EST,CAPITL,61757,35.51,1.22,-6.59,1
21-11-2023 14:00,EST,CAPITL,61757,37.6,1.14,-12.22,1
21-11-2023 15:00,EST,CAPITL,61757,41.38,1.24,-14.29,1
21-11-2023 16:00,EST,CAPITL,61757,49.08,1.23,-21.62,1
21-11-2023 17:00,EST,CAPITL,61757,64.88,1.45,-31.24,1
21-11-2023 18:00,EST,CAPITL,61757,55.3,1.38,-23.32,1
21-11-2023 19:00,EST,CAPITL,61757,46.15,1.06,-19.33,1
21-11-2023 20:00,EST,CAPITL,61757,42.16,0.99,-16.52,1
21-11-2023 21:00,EST,CAPITL,61757,38.05,0.76,-15.47,1
21-11-2023 22:00,EST,CAPITL,61757,33.76,0.72,-12.49,1
21-11-2023 23:00,EST,CAPITL,61757,33.28,0.63,-16.8,1
22-11-2023 00:00,EST,CAPITL,61757,31.28,0.74,-13.32,1
22-11-2023 01:00,EST,CAPITL,61757,28.78,0.78,-9.74,1
22-11-2023 02:00,EST,CAPITL,61757,28.49,0.68,-11.92,1
22-11-2023 03:00,EST,CAPITL,61757,28.11,0.69,-11.73,1
22-11-2023 04:00,EST,CAPITL,61757,27.49,0.84,-7.63,1
22-11-2023 05:00,EST,CAPITL,61757,29.07,0.98,-5.81,1
22-11-2023 06:00,EST,CAPITL,61757,31.91,1.29,0,1
22-11-2023 07:00,EST,CAPITL,61757,39.89,1.52,-6.04,1
22-11-2023 08:00,EST,CAPITL,61757,38.89,1.58,-4.97,1
22-11-2023 09:00,EST,CAPITL,61757,38.36,1.58,-5.22,1
22-11-2023 10:00,EST,CAPITL,61757,35.86,1.71,0,1
22-11-2023 11:00,EST,CAPITL,61757,35.28,1.62,0,1
22-11-2023 12:00,EST,CAPITL,61757,34.06,1.5,0,1
22-11-2023 13:00,EST,CAPITL,61757,33.43,1.41,0,1
22-11-2023 14:00,EST,CAPITL,61757,33.53,1.4,-1.06,1
22-11-2023 15:00,EST,CAPITL,61757,34.2,1.5,0,1
22-11-2023 16:00,EST,CAPITL,61757,38.14,1.5,0,1
22-11-2023 17:00,EST,CAPITL,61757,43.22,1.62,0,1
22-11-2023 18:00,EST,CAPITL,61757,37.56,1.45,0,1
22-11-2023 19:00,EST,CAPITL,61757,33.09,1.33,0,1
22-11-2023 20:00,EST,CAPITL,61757,31.53,1.33,0,1
22-11-2023 21:00,EST,CAPITL,61757,29.07,1.12,0,1
22-11-2023 22:00,EST,CAPITL,61757,26.85,0.98,0,1
22-11-2023 23:00,EST,CAPITL,61757,25.93,0.88,0,1
23-11-2023 00:00,EST,CAPITL,61757,27.57,0.93,0,1
23-11-2023 01:00,EST,CAPITL,61757,25.13,0.83,-0.63,1
23-11-2023 02:00,EST,CAPITL,61757,24.98,0.73,-2.09,1
23-11-2023 03:00,EST,CAPITL,61757,25.73,0.61,-6.65,1
23-11-2023 04:00,EST,CAPITL,61757,25.97,0.61,-7.44,1
23-11-2023 05:00,EST,CAPITL,61757,25.55,0.74,-4.31,1
23-11-2023 06:00,EST,CAPITL,61757,30.33,0.78,-8.43,1
23-11-2023 07:00,EST,CAPITL,61757,32.69,0.62,-14.35,1
23-11-2023 08:00,EST,CAPITL,61757,32,0.74,-11.24,1
23-11-2023 09:00,EST,CAPITL,61757,33,0.61,-16.19,1
23-11-2023 10:00,EST,CAPITL,61757,35.35,0.63,-17.07,1
23-11-2023 11:00,EST,CAPITL,61757,39.19,0.32,-30.35,1
23-11-2023 12:00,EST,CAPITL,61757,39.31,0.14,-35.21,1
23-11-2023 13:00,EST,CAPITL,61757,39.36,0.08,-36.92,1
23-11-2023 14:00,EST,CAPITL,61757,39.28,0.08,-36.83,1
23-11-2023 15:00,EST,CAPITL,61757,42.53,0.05,-40.99,1
23-11-2023 16:00,EST,CAPITL,61757,46.86,0.1,-43.83,1
23-11-2023 17:00,EST,CAPITL,61757,53.75,0.17,-48.53,1
23-11-2023 18:00,EST,CAPITL,61757,51.16,0,-51.19,1
23-11-2023 19:00,EST,CAPITL,61757,45.19,0.16,-40.09,1
23-11-2023 20:00,EST,CAPITL,61757,40.86,0.25,-33.04,1
23-11-2023 21:00,EST,CAPITL,61757,37.07,0.35,-25.81,1
23-11-2023 22:00,EST,CAPITL,61757,32.58,0.38,-21.4,1
23-11-2023 23:00,EST,CAPITL,61757,29.57,0.56,-13.78,1
24-11-2023 00:00,EST,CAPITL,61757,35.9,0.31,-28.16,1
24-11-2023 01:00,EST,CAPITL,61757,33.33,0.43,-22.63,1
24-11-2023 02:00,EST,CAPITL,61757,31.86,0.44,-20.64,1
24-11-2023 03:00,EST,CAPITL,61757,30.97,0.42,-20.2,1
24-11-2023 04:00,EST,CAPITL,61757,30.68,0.46,-18.7,1
24-11-2023 05:00,EST,CAPITL,61757,29.08,0.7,-10.83,1
24-11-2023 06:00,EST,CAPITL,61757,33.77,0.78,-13.48,1
24-11-2023 07:00,EST,CAPITL,61757,40.19,0.5,-26.63,1
24-11-2023 08:00,EST,CAPITL,61757,40,0.67,-23.37,1
24-11-2023 09:00,EST,CAPITL,61757,34.22,0.72,-15.87,1
24-11-2023 10:00,EST,CAPITL,61757,30.5,1,-3.84,1
24-11-2023 11:00,EST,CAPITL,61757,31.29,0.83,-8.01,1
24-11-2023 12:00,EST,CAPITL,61757,32.94,0.57,-16.61,1
24-11-2023 13:00,EST,CAPITL,61757,33.42,0.65,-15.08,1
24-11-2023 14:00,EST,CAPITL,61757,37.57,0.4,-26.02,1
24-11-2023 15:00,EST,CAPITL,61757,41.21,0.78,-20.46,1
24-11-2023 16:00,EST,CAPITL,61757,47.34,1.04,-20.88,1
24-11-2023 17:00,EST,CAPITL,61757,56.61,1.43,-21.01,1
24-11-2023 18:00,EST,CAPITL,61757,50.62,1.56,-12.03,1
24-11-2023 19:00,EST,CAPITL,61757,47.73,1.22,-15.97,1
24-11-2023 20:00,EST,CAPITL,61757,44.62,1.21,-15.14,1
24-11-2023 21:00,EST,CAPITL,61757,41.61,1.02,-15.12,1
24-11-2023 22:00,EST,CAPITL,61757,39.25,0.99,-12.96,1
24-11-2023 23:00,EST,CAPITL,61757,37.28,1.06,-9.11,1
25-11-2023 00:00,EST,CAPITL,61757,38.98,1.3,-7.35,1
25-11-2023 01:00,EST,CAPITL,61757,35.17,1.38,-2.35,1
25-11-2023 02:00,EST,CAPITL,61757,34.13,1.43,-1.06,1
25-11-2023 03:00,EST,CAPITL,61757,32.88,1.42,-0.04,1
25-11-2023 04:00,EST,CAPITL,61757,33.78,1.46,-0.53,1
25-11-2023 05:00,EST,CAPITL,61757,38.9,1.4,-7.04,1
25-11-2023 06:00,EST,CAPITL,61757,42.39,1.61,-5.7,1
25-11-2023 07:00,EST,CAPITL,61757,43.24,1.52,-8.76,1
25-11-2023 08:00,EST,CAPITL,61757,43.52,1.52,-8.97,1
25-11-2023 09:00,EST,CAPITL,61757,38.21,1.45,-6.01,1
25-11-2023 10:00,EST,CAPITL,61757,37.68,1.33,-6.2,1
25-11-2023 11:00,EST,CAPITL,61757,36.16,1.21,-6.85,1
25-11-2023 12:00,EST,CAPITL,61757,35.34,1.05,-9.36,1
25-11-2023 13:00,EST,CAPITL,61757,35.09,1.01,-10.11,1
25-11-2023 14:00,EST,CAPITL,61757,38.72,0.95,-15.24,1
25-11-2023 15:00,EST,CAPITL,61757,42.12,0.98,-16.04,1
25-11-2023 16:00,EST,CAPITL,61757,51.67,1.11,-19.74,1
25-11-2023 17:00,EST,CAPITL,61757,63.66,1.34,-27.94,1
25-11-2023 18:00,EST,CAPITL,61757,57.58,1.17,-25.5,1
25-11-2023 19:00,EST,CAPITL,61757,54.28,1.1,-24.27,1
25-11-2023 20:00,EST,CAPITL,61757,51.77,1.13,-23.1,1
25-11-2023 21:00,EST,CAPITL,61757,49.33,1.02,-22.06,1
25-11-2023 22:00,EST,CAPITL,61757,44.23,1.04,-15.87,1
25-11-2023 23:00,EST,CAPITL,61757,41.35,1.22,-11.82,1
26-11-2023 00:00,EST,CAPITL,61757,48.15,1.02,-23.31,1
26-11-2023 01:00,EST,CAPITL,61757,47.74,1.05,-23.33,1
26-11-2023 02:00,EST,CAPITL,61757,42.49,0.94,-20.13,1
26-11-2023 03:00,EST,CAPITL,61757,40.48,0.94,-17.71,1
26-11-2023 04:00,EST,CAPITL,61757,37.53,1,-12.73,1
26-11-2023 05:00,EST,CAPITL,61757,42.54,0.98,-18.16,1
26-11-2023 06:00,EST,CAPITL,61757,42.64,1.13,-15.89,1
26-11-2023 07:00,EST,CAPITL,61757,40.76,1.05,-15.3,1
26-11-2023 08:00,EST,CAPITL,61757,38.89,1.25,-10.41,1
26-11-2023 09:00,EST,CAPITL,61757,38.19,1.2,-9.65,1
26-11-2023 10:00,EST,CAPITL,61757,36.83,1.25,-7.17,1
26-11-2023 11:00,EST,CAPITL,61757,35.83,1.3,-4.21,1
26-11-2023 12:00,EST,CAPITL,61757,37.25,1.31,-6.06,1
26-11-2023 13:00,EST,CAPITL,61757,38.49,1.2,-9.36,1
26-11-2023 14:00,EST,CAPITL,61757,42.72,1.16,-14.61,1
26-11-2023 15:00,EST,CAPITL,61757,54.24,0.48,-40.28,1
26-11-2023 16:00,EST,CAPITL,61757,55.97,0.65,-36.62,1
26-11-2023 17:00,EST,CAPITL,61757,70.72,0.63,-54.05,1
26-11-2023 18:00,EST,CAPITL,61757,62.15,0.7,-42.5,1
26-11-2023 19:00,EST,CAPITL,61757,58.99,0.27,-51,1
26-11-2023 20:00,EST,CAPITL,61757,57.42,0.28,-49.02,1
26-11-2023 21:00,EST,CAPITL,61757,53.91,0.16,-48.73,1
26-11-2023 22:00,EST,CAPITL,61757,46.96,0.17,-41,1
26-11-2023 23:00,EST,CAPITL,61757,43.69,0.15,-39.37,1
27-11-2023 00:00,EST,CAPITL,61757,37.26,0.24,-31.11,1
27-11-2023 01:00,EST,CAPITL,61757,36.16,0.37,-26.42,1
27-11-2023 02:00,EST,CAPITL,61757,35.3,0.37,-25.32,1
27-11-2023 03:00,EST,CAPITL,61757,34.44,0.38,-24.2,1
27-11-2023 04:00,EST,CAPITL,61757,34.85,0.42,-23.53,1
27-11-2023 05:00,EST,CAPITL,61757,38.29,0.55,-23.91,1
27-11-2023 06:00,EST,CAPITL,61757,45.56,1.09,-19.63,1
27-11-2023 07:00,EST,CAPITL,61757,57.09,1.09,-29.45,1
27-11-2023 08:00,EST,CAPITL,61757,50.72,1.14,-23.53,1
27-11-2023 09:00,EST,CAPITL,61757,44.16,1.02,-18.81,1
27-11-2023 10:00,EST,CAPITL,61757,42.35,0.89,-20.15,1
27-11-2023 11:00,EST,CAPITL,61757,40.42,0.89,-17.94,1
27-11-2023 12:00,EST,CAPITL,61757,41.58,0.76,-22.37,1
27-11-2023 13:00,EST,CAPITL,61757,41.89,0.81,-21.44,1
27-11-2023 14:00,EST,CAPITL,61757,44.22,0.64,-27.51,1
27-11-2023 15:00,EST,CAPITL,61757,48.13,0.69,-28.31,1
27-11-2023 16:00,EST,CAPITL,61757,62.72,0.71,-43.41,1
27-11-2023 17:00,EST,CAPITL,61757,79.17,0.9,-55.91,1
27-11-2023 18:00,EST,CAPITL,61757,73.49,0.94,-49.12,1
27-11-2023 19:00,EST,CAPITL,61757,63.43,0.87,-40.16,1
27-11-2023 20:00,EST,CAPITL,61757,56.98,0.8,-35.55,1
27-11-2023 21:00,EST,CAPITL,61757,49.16,0.8,-26.11,1
27-11-2023 22:00,EST,CAPITL,61757,46.18,0.52,-29.26,1
27-11-2023 23:00,EST,CAPITL,61757,44.78,0.6,-28.41,1
28-11-2023 00:00,EST,CAPITL,61757,35.6,1.65,-4.44,1
28-11-2023 01:00,EST,CAPITL,61757,34.35,1.56,-4.86,1
28-11-2023 02:00,EST,CAPITL,61757,32.78,1.56,-3.4,1
28-11-2023 03:00,EST,CAPITL,61757,33.07,1.49,-4.49,1
28-11-2023 04:00,EST,CAPITL,61757,33.67,1.57,-4.12,1
28-11-2023 05:00,EST,CAPITL,61757,37.7,1.74,-5.95,1
28-11-2023 06:00,EST,CAPITL,61757,45.6,2.66,0,1
28-11-2023 07:00,EST,CAPITL,61757,59.65,2.55,-13.04,1
28-11-2023 08:00,EST,CAPITL,61757,49.79,2.13,-12.12,1
28-11-2023 09:00,EST,CAPITL,61757,43.57,1.82,-9.3,1
28-11-2023 10:00,EST,CAPITL,61757,45.04,1.74,-11.6,1
28-11-2023 11:00,EST,CAPITL,61757,44.84,1.6,-13.59,1
28-11-2023 12:00,EST,CAPITL,61757,44.93,1.61,-14.02,1
28-11-2023 13:00,EST,CAPITL,61757,45.83,1.58,-15.5,1
28-11-2023 14:00,EST,CAPITL,61757,50.58,1.48,-22.25,1
28-11-2023 15:00,EST,CAPITL,61757,54.49,1.5,-26.15,1
28-11-2023 16:00,EST,CAPITL,61757,73.36,1.51,-44.95,1
28-11-2023 17:00,EST,CAPITL,61757,100.66,2.6,-55.38,1
28-11-2023 18:00,EST,CAPITL,61757,84.69,2.48,-39.49,1
28-11-2023 19:00,EST,CAPITL,61757,69.82,2.3,-27.85,1
28-11-2023 20:00,EST,CAPITL,61757,59.88,2.08,-23.66,1
28-11-2023 21:00,EST,CAPITL,61757,51.76,1.97,-16.43,1
28-11-2023 22:00,EST,CAPITL,61757,46.97,1.86,-11.92,1
28-11-2023 23:00,EST,CAPITL,61757,44.05,1.95,-8.45,1
29-11-2023 00:00,EST,CAPITL,61757,50.37,1.7,-19.33,1
29-11-2023 01:00,EST,CAPITL,61757,45.34,1.66,-15.61,1
29-11-2023 02:00,EST,CAPITL,61757,41.14,1.62,-12.06,1
29-11-2023 03:00,EST,CAPITL,61757,40.98,1.62,-11.84,1
29-11-2023 04:00,EST,CAPITL,61757,41.04,1.65,-11.89,1
29-11-2023 05:00,EST,CAPITL,61757,46,2.21,-7.58,1
29-11-2023 06:00,EST,CAPITL,61757,67.29,3.51,-10.59,1
29-11-2023 07:00,EST,CAPITL,61757,78.17,3.53,-17.68,1
29-11-2023 08:00,EST,CAPITL,61757,69.82,2.82,-21.55,1
29-11-2023 09:00,EST,CAPITL,61757,63.72,2.17,-22.03,1
29-11-2023 10:00,EST,CAPITL,61757,58.99,1.87,-21.19,1
29-11-2023 11:00,EST,CAPITL,61757,57.68,1.72,-22.16,1
29-11-2023 12:00,EST,CAPITL,61757,57.65,1.55,-25.19,1
29-11-2023 13:00,EST,CAPITL,61757,59.36,1.54,-27.03,1
29-11-2023 14:00,EST,CAPITL,61757,65.12,1.45,-35.7,1
29-11-2023 15:00,EST,CAPITL,61757,66.56,1.55,-36.29,1
29-11-2023 16:00,EST,CAPITL,61757,81.22,1.47,-52,1
29-11-2023 17:00,EST,CAPITL,61757,119.27,1.68,-86.46,1
29-11-2023 18:00,EST,CAPITL,61757,114.57,1.26,-89.46,1
29-11-2023 19:00,EST,CAPITL,61757,83.4,1.37,-56.63,1
29-11-2023 20:00,EST,CAPITL,61757,66.08,1.48,-36.04,1
29-11-2023 21:00,EST,CAPITL,61757,65.89,1.3,-38.11,1
29-11-2023 22:00,EST,CAPITL,61757,62.29,1.17,-35.68,1
29-11-2023 23:00,EST,CAPITL,61757,58,1.18,-30.66,1
30-11-2023 00:00,EST,CAPITL,61757,50.83,1.17,-24.87,1
30-11-2023 01:00,EST,CAPITL,61757,44.41,1.1,-19.33,1
30-11-2023 02:00,EST,CAPITL,61757,43.1,0.97,-20.96,1
30-11-2023 03:00,EST,CAPITL,61757,42.73,0.91,-21.61,1
30-11-2023 04:00,EST,CAPITL,61757,42.24,1.04,-18.02,1
30-11-2023 05:00,EST,CAPITL,61757,45.82,1.2,-19.63,1
30-11-2023 06:00,EST,CAPITL,61757,70.97,1.43,-40.96,1
30-11-2023 07:00,EST,CAPITL,61757,82.5,1.35,-52.47,1
30-11-2023 08:00,EST,CAPITL,61757,68.07,1.19,-41.62,1
30-11-2023 09:00,EST,CAPITL,61757,61.73,1.03,-37.78,1
30-11-2023 10:00,EST,CAPITL,61757,42.3,1.21,-13.02,1
30-11-2023 11:00,EST,CAPITL,61757,39.15,0.97,-13.91,1
30-11-2023 12:00,EST,CAPITL,61757,38.23,0.97,-12.94,1
30-11-2023 13:00,EST,CAPITL,61757,37.93,1,-12.51,1
30-11-2023 14:00,EST,CAPITL,61757,40.22,0.97,-16.15,1
30-11-2023 15:00,EST,CAPITL,61757,45.59,1.01,-21.12,1
30-11-2023 16:00,EST,CAPITL,61757,53.93,1.08,-28.79,1
30-11-2023 17:00,EST,CAPITL,61757,71.99,1.25,-44.14,1
30-11-2023 18:00,EST,CAPITL,61757,63.92,1.11,-39.76,1
30-11-2023 19:00,EST,CAPITL,61757,58.72,1.08,-34.57,1
30-11-2023 20:00,EST,CAPITL,61757,57,0.8,-38.52,1
30-11-2023 21:00,EST,CAPITL,61757,53.18,0.59,-39.17,1
30-11-2023 22:00,EST,CAPITL,61757,50.16,0.34,-42.02,1
30-11-2023 23:00,EST,CAPITL,61757,45.77,0.56,-31.92,1
01-12-2023 00:00,EST,CAPITL,61757,35.61,0.75,-16.56,1
01-12-2023 01:00,EST,CAPITL,61757,31.29,0.78,-11.55,1
01-12-2023 02:00,EST,CAPITL,61757,29.57,0.83,-9.07,1
01-12-2023 03:00,EST,CAPITL,61757,27.33,1.1,-0.75,1
01-12-2023 04:00,EST,CAPITL,61757,28.31,1.19,0,1
01-12-2023 05:00,EST,CAPITL,61757,30.88,1.24,0,1
01-12-2023 06:00,EST,CAPITL,61757,37.49,1.82,0,1
01-12-2023 07:00,EST,CAPITL,61757,41.87,1.96,-2.85,1
01-12-2023 08:00,EST,CAPITL,61757,36.02,1.81,-0.04,1
01-12-2023 09:00,EST,CAPITL,61757,35.27,1.42,0,1
01-12-2023 10:00,EST,CAPITL,61757,33.88,1.27,0,1
01-12-2023 11:00,EST,CAPITL,61757,33.78,1.3,0,1
01-12-2023 12:00,EST,CAPITL,61757,34.02,1.21,0,1
01-12-2023 13:00,EST,CAPITL,61757,34.19,1.19,0,1
01-12-2023 14:00,EST,CAPITL,61757,34.52,1.29,0,1
01-12-2023 15:00,EST,CAPITL,61757,35.13,1.38,0,1
01-12-2023 16:00,EST,CAPITL,61757,37.47,1.95,0,1
01-12-2023 17:00,EST,CAPITL,61757,41.72,2.1,0,1
01-12-2023 18:00,EST,CAPITL,61757,36.46,1.7,0,1
01-12-2023 19:00,EST,CAPITL,61757,34.51,1.45,0,1
01-12-2023 20:00,EST,CAPITL,61757,32.68,1.35,0,1
01-12-2023 21:00,EST,CAPITL,61757,31.03,1.28,0,1
01-12-2023 22:00,EST,CAPITL,61757,29.83,1.2,0,1
01-12-2023 23:00,EST,CAPITL,61757,30.04,0.9,0,1
02-12-2023 00:00,EST,CAPITL,61757,28.96,0.9,0,1
02-12-2023 01:00,EST,CAPITL,61757,26.55,0.82,0,1
02-12-2023 02:00,EST,CAPITL,61757,26.05,0.88,0,1
02-12-2023 03:00,EST,CAPITL,61757,25.65,0.87,0,1
02-12-2023 04:00,EST,CAPITL,61757,25.63,0.82,0,1
02-12-2023 05:00,EST,CAPITL,61757,26.23,0.94,0,1
02-12-2023 06:00,EST,CAPITL,61757,30.69,1.1,0,1
02-12-2023 07:00,EST,CAPITL,61757,31.93,1.23,0,1
02-12-2023 08:00,EST,CAPITL,61757,33.07,1.43,0,1
02-12-2023 09:00,EST,CAPITL,61757,33.51,1.38,0,1
02-12-2023 10:00,EST,CAPITL,61757,32.96,1.33,0,1
02-12-2023 11:00,EST,CAPITL,61757,32.98,1.36,0,1
02-12-2023 12:00,EST,CAPITL,61757,32.56,1.37,0,1
02-12-2023 13:00,EST,CAPITL,61757,31.55,1.27,0,1
02-12-2023 14:00,EST,CAPITL,61757,31.76,1.28,0,1
02-12-2023 15:00,EST,CAPITL,61757,32.22,1.3,0,1
02-12-2023 16:00,EST,CAPITL,61757,35.91,1.84,0,1
02-12-2023 17:00,EST,CAPITL,61757,40.3,2.1,0,1
02-12-2023 18:00,EST,CAPITL,61757,37.31,2.01,0,1
02-12-2023 19:00,EST,CAPITL,61757,35.69,1.57,0,1
02-12-2023 20:00,EST,CAPITL,61757,32.09,1.29,0,1
02-12-2023 21:00,EST,CAPITL,61757,31.16,1.28,0,1
02-12-2023 22:00,EST,CAPITL,61757,30.1,1.13,0,1
02-12-2023 23:00,EST,CAPITL,61757,27.82,0.86,0,1
03-12-2023 00:00,EST,CAPITL,61757,28.1,0.85,0,1
03-12-2023 01:00,EST,CAPITL,61757,27.27,0.85,0,1
03-12-2023 02:00,EST,CAPITL,61757,26.9,0.86,0,1
03-12-2023 03:00,EST,CAPITL,61757,25.53,0.86,0,1
03-12-2023 04:00,EST,CAPITL,61757,25.39,0.79,0,1
03-12-2023 05:00,EST,CAPITL,61757,25.12,0.78,0,1
03-12-2023 06:00,EST,CAPITL,61757,25.88,0.87,0,1
03-12-2023 07:00,EST,CAPITL,61757,26.88,0.91,0,1
03-12-2023 08:00,EST,CAPITL,61757,27.88,1.07,0,1
03-12-2023 09:00,EST,CAPITL,61757,28.87,1.19,0,1
03-12-2023 10:00,EST,CAPITL,61757,31.79,1.43,0,1
03-12-2023 11:00,EST,CAPITL,61757,33.77,1.58,0,1
03-12-2023 12:00,EST,CAPITL,61757,33.59,1.57,0,1
03-12-2023 13:00,EST,CAPITL,61757,33.48,1.53,0,1
03-12-2023 14:00,EST,CAPITL,61757,32.43,1.57,0,1
03-12-2023 15:00,EST,CAPITL,61757,32.15,1.56,0,1
03-12-2023 16:00,EST,CAPITL,61757,35.85,1.96,0,1
03-12-2023 17:00,EST,CAPITL,61757,40.28,2.08,-4.09,1
03-12-2023 18:00,EST,CAPITL,61757,35.75,1.89,0,1
03-12-2023 19:00,EST,CAPITL,61757,32.72,1.7,0,1
03-12-2023 20:00,EST,CAPITL,61757,31.84,1.63,0,1
03-12-2023 21:00,EST,CAPITL,61757,30.3,1.55,0,1
03-12-2023 22:00,EST,CAPITL,61757,28.33,1.25,0,1
03-12-2023 23:00,EST,CAPITL,61757,27.29,1.12,0,1
04-12-2023 00:00,EST,CAPITL,61757,26.21,1.39,0,1
04-12-2023 01:00,EST,CAPITL,61757,25.3,1.36,0,1
04-12-2023 02:00,EST,CAPITL,61757,24.93,1.32,0,1
04-12-2023 03:00,EST,CAPITL,61757,24.52,1.28,0,1
04-12-2023 04:00,EST,CAPITL,61757,25.93,1.3,0,1
04-12-2023 05:00,EST,CAPITL,61757,28.42,1.46,0,1
04-12-2023 06:00,EST,CAPITL,61757,36,1.91,0,1
04-12-2023 07:00,EST,CAPITL,61757,37.86,1.87,-2.04,1
04-12-2023 08:00,EST,CAPITL,61757,35.56,1.79,0,1
04-12-2023 09:00,EST,CAPITL,61757,35.54,1.69,0,1
04-12-2023 10:00,EST,CAPITL,61757,35.75,1.8,0,1
04-12-2023 11:00,EST,CAPITL,61757,35.58,1.66,0,1
04-12-2023 12:00,EST,CAPITL,61757,35.69,1.76,0,1
04-12-2023 13:00,EST,CAPITL,61757,35.77,1.73,0,1
04-12-2023 14:00,EST,CAPITL,61757,35.88,1.8,0,1
04-12-2023 15:00,EST,CAPITL,61757,36.73,1.77,-0.85,1
04-12-2023 16:00,EST,CAPITL,61757,45.85,1.98,-6.58,1
04-12-2023 17:00,EST,CAPITL,61757,56.25,2.5,-9.12,1
04-12-2023 18:00,EST,CAPITL,61757,47.95,2.29,-4.69,1
04-12-2023 19:00,EST,CAPITL,61757,43.46,2.11,-3.01,1
04-12-2023 20:00,EST,CAPITL,61757,38.83,1.9,-1.68,1
04-12-2023 21:00,EST,CAPITL,61757,35.78,1.83,0,1
04-12-2023 22:00,EST,CAPITL,61757,32.15,1.47,0,1
04-12-2023 23:00,EST,CAPITL,61757,31.01,1.25,0,1
05-12-2023 00:00,EST,CAPITL,61757,32.1,1.08,0,1
05-12-2023 01:00,EST,CAPITL,61757,30.67,0.98,0,1
05-12-2023 02:00,EST,CAPITL,61757,29.47,0.94,0,1
05-12-2023 03:00,EST,CAPITL,61757,29.21,0.96,0,1
05-12-2023 04:00,EST,CAPITL,61757,30,0.99,0,1
05-12-2023 05:00,EST,CAPITL,61757,31.54,1.24,0,1
05-12-2023 06:00,EST,CAPITL,61757,39.29,1.76,0,1
05-12-2023 07:00,EST,CAPITL,61757,43.02,1.97,0,1
05-12-2023 08:00,EST,CAPITL,61757,40.47,1.7,0,1
05-12-2023 09:00,EST,CAPITL,61757,39.14,1.61,0,1
05-12-2023 10:00,EST,CAPITL,61757,44.02,1.98,0,1
05-12-2023 11:00,EST,CAPITL,61757,40.43,1.82,0,1
05-12-2023 12:00,EST,CAPITL,61757,39.44,1.74,0,1
05-12-2023 13:00,EST,CAPITL,61757,39.51,1.74,0,1
05-12-2023 14:00,EST,CAPITL,61757,41.21,1.89,0,1
05-12-2023 15:00,EST,CAPITL,61757,44.53,2.04,0,1
05-12-2023 16:00,EST,CAPITL,61757,50.35,2.68,-1.36,1
05-12-2023 17:00,EST,CAPITL,61757,72.04,3.03,-20.24,1
05-12-2023 18:00,EST,CAPITL,61757,64.65,2.68,-15.71,1
05-12-2023 19:00,EST,CAPITL,61757,49.4,2.58,-0.73,1
05-12-2023 20:00,EST,CAPITL,61757,45.37,2.28,0,1
05-12-2023 21:00,EST,CAPITL,61757,41.08,2.14,0,1
05-12-2023 22:00,EST,CAPITL,61757,36.91,1.82,0,1
05-12-2023 23:00,EST,CAPITL,61757,35.89,1.74,0,1
06-12-2023 00:00,EST,CAPITL,61757,32.82,0.89,0,1
06-12-2023 01:00,EST,CAPITL,61757,31.82,0.9,0,1
06-12-2023 02:00,EST,CAPITL,61757,31.44,0.91,0,1
06-12-2023 03:00,EST,CAPITL,61757,31.06,0.84,0,1
06-12-2023 04:00,EST,CAPITL,61757,31.47,0.98,0,1
06-12-2023 05:00,EST,CAPITL,61757,34.54,1.1,0,1
06-12-2023 06:00,EST,CAPITL,61757,44.83,1.77,0,1
06-12-2023 07:00,EST,CAPITL,61757,53.31,1.75,0,1
06-12-2023 08:00,EST,CAPITL,61757,49.05,1.69,-0.26,1
06-12-2023 09:00,EST,CAPITL,61757,44.98,1.88,-1.36,1
06-12-2023 10:00,EST,CAPITL,61757,49.08,2.63,-1.86,1
06-12-2023 11:00,EST,CAPITL,61757,46.28,2.33,-1.51,1
06-12-2023 12:00,EST,CAPITL,61757,45.91,2.31,-1.58,1
06-12-2023 13:00,EST,CAPITL,61757,45.14,2.27,-1.54,1
06-12-2023 14:00,EST,CAPITL,61757,45.55,2.3,-1.44,1
06-12-2023 15:00,EST,CAPITL,61757,47.15,2.48,-1.19,1
06-12-2023 16:00,EST,CAPITL,61757,56.94,3.05,-2.21,1
06-12-2023 17:00,EST,CAPITL,61757,114.45,4.77,-26.03,1
06-12-2023 18:00,EST,CAPITL,61757,100.59,3.34,-38.71,1
06-12-2023 19:00,EST,CAPITL,61757,84.02,2.31,-41.11,1
06-12-2023 20:00,EST,CAPITL,61757,84.02,2.06,-45.84,1
06-12-2023 21:00,EST,CAPITL,61757,72.55,1.93,-36.72,1
06-12-2023 22:00,EST,CAPITL,61757,61.96,1.93,-26.09,1
06-12-2023 23:00,EST,CAPITL,61757,49,2.13,-10.7,1
07-12-2023 00:00,EST,CAPITL,61757,43.7,2.34,-0.26,1
07-12-2023 01:00,EST,CAPITL,61757,39.83,2.22,0,1
07-12-2023 02:00,EST,CAPITL,61757,38.16,2.02,-0.62,1
07-12-2023 03:00,EST,CAPITL,61757,38.46,1.93,-2.74,1
07-12-2023 04:00,EST,CAPITL,61757,39.16,2.02,-2.85,1
07-12-2023 05:00,EST,CAPITL,61757,56.13,2.17,-18.39,1
07-12-2023 06:00,EST,CAPITL,61757,74.72,3.76,0,1
07-12-2023 07:00,EST,CAPITL,61757,98.71,5.04,11.42,1
07-12-2023 08:00,EST,CAPITL,61757,93.17,4.79,13.42,1
07-12-2023 09:00,EST,CAPITL,61757,82.92,3.66,12.26,1
07-12-2023 10:00,EST,CAPITL,61757,65.49,3.48,-1.96,1
07-12-2023 11:00,EST,CAPITL,61757,62.38,3.01,-6.51,1
07-12-2023 12:00,EST,CAPITL,61757,60.08,2.91,-4.18,1
07-12-2023 13:00,EST,CAPITL,61757,57.05,2.97,0.86,1
07-12-2023 14:00,EST,CAPITL,61757,57.53,2.85,-1.78,1
07-12-2023 15:00,EST,CAPITL,61757,61.71,3.09,-2.41,1
07-12-2023 16:00,EST,CAPITL,61757,80.07,3.34,-20.98,1
07-12-2023 17:00,EST,CAPITL,61757,128.29,3.74,-57.69,1
07-12-2023 18:00,EST,CAPITL,61757,109.83,2.64,-60.84,1
07-12-2023 19:00,EST,CAPITL,61757,107.28,2.17,-67.04,1
07-12-2023 20:00,EST,CAPITL,61757,91.06,2.07,-52.68,1
07-12-2023 21:00,EST,CAPITL,61757,79.56,1.91,-43.5,1
07-12-2023 22:00,EST,CAPITL,61757,54.91,1.86,-19.15,1
07-12-2023 23:00,EST,CAPITL,61757,45.39,2.05,-6.1,1
08-12-2023 00:00,EST,CAPITL,61757,36.6,1.61,0,1
08-12-2023 01:00,EST,CAPITL,61757,35.08,1.35,0,1
08-12-2023 02:00,EST,CAPITL,61757,34.25,1.32,0,1
08-12-2023 03:00,EST,CAPITL,61757,34.04,1.37,0,1
08-12-2023 04:00,EST,CAPITL,61757,34.18,1.32,0,1
08-12-2023 05:00,EST,CAPITL,61757,35.15,1.45,0,1
08-12-2023 06:00,EST,CAPITL,61757,42.63,1.99,0,1
08-12-2023 07:00,EST,CAPITL,61757,48.51,2.44,0,1
08-12-2023 08:00,EST,CAPITL,61757,44.62,2.12,0,1
08-12-2023 09:00,EST,CAPITL,61757,41.62,1.94,0,1
08-12-2023 10:00,EST,CAPITL,61757,35.96,1.48,0,1
08-12-2023 11:00,EST,CAPITL,61757,35.57,1.5,0,1
08-12-2023 12:00,EST,CAPITL,61757,34.65,1.24,0,1
08-12-2023 13:00,EST,CAPITL,61757,34.34,1.16,0,1
08-12-2023 14:00,EST,CAPITL,61757,34.47,1.26,0,1
08-12-2023 15:00,EST,CAPITL,61757,35.86,1.61,0,1
08-12-2023 16:00,EST,CAPITL,61757,40.3,1.85,0,1
08-12-2023 17:00,EST,CAPITL,61757,47.55,2.26,0,1
08-12-2023 18:00,EST,CAPITL,61757,41.1,2.03,0,1
08-12-2023 19:00,EST,CAPITL,61757,38.53,1.94,0,1
08-12-2023 20:00,EST,CAPITL,61757,35.56,1.53,0,1
08-12-2023 21:00,EST,CAPITL,61757,35.13,1.45,0,1
08-12-2023 22:00,EST,CAPITL,61757,32.86,1.35,0,1
08-12-2023 23:00,EST,CAPITL,61757,33.05,1.15,0,1
09-12-2023 00:00,EST,CAPITL,61757,28.08,0.97,0,1
09-12-2023 01:00,EST,CAPITL,61757,26.16,1.05,0,1
09-12-2023 02:00,EST,CAPITL,61757,24.95,1.03,0,1
09-12-2023 03:00,EST,CAPITL,61757,24.21,1.02,0,1
09-12-2023 04:00,EST,CAPITL,61757,23.62,1.02,0,1
09-12-2023 05:00,EST,CAPITL,61757,25.29,1.14,0,1
09-12-2023 06:00,EST,CAPITL,61757,27.2,1.2,0,1
09-12-2023 07:00,EST,CAPITL,61757,30.26,1.36,0,1
09-12-2023 08:00,EST,CAPITL,61757,30.38,1.42,0,1
09-12-2023 09:00,EST,CAPITL,61757,30.12,1.35,0,1
09-12-2023 10:00,EST,CAPITL,61757,27.96,1.18,0,1
09-12-2023 11:00,EST,CAPITL,61757,27,1.14,0,1
09-12-2023 12:00,EST,CAPITL,61757,27.6,1.14,0,1
09-12-2023 13:00,EST,CAPITL,61757,26.59,1.12,0,1
09-12-2023 14:00,EST,CAPITL,61757,26.42,1.14,0,1
09-12-2023 15:00,EST,CAPITL,61757,27.87,1.2,0,1
09-12-2023 16:00,EST,CAPITL,61757,32.8,1.5,0,1
09-12-2023 17:00,EST,CAPITL,61757,36.29,1.88,-0.28,1
09-12-2023 18:00,EST,CAPITL,61757,34.06,1.68,0,1
09-12-2023 19:00,EST,CAPITL,61757,32.26,1.54,0,1
09-12-2023 20:00,EST,CAPITL,61757,29.23,1.31,0,1
09-12-2023 21:00,EST,CAPITL,61757,28.29,1.37,0,1
09-12-2023 22:00,EST,CAPITL,61757,26.71,1.22,0,1
09-12-2023 23:00,EST,CAPITL,61757,26.54,1.09,0,1
10-12-2023 00:00,EST,CAPITL,61757,24.72,1.18,0,1
10-12-2023 01:00,EST,CAPITL,61757,23.94,1.18,0,1
10-12-2023 02:00,EST,CAPITL,61757,22.55,1.11,0,1
10-12-2023 03:00,EST,CAPITL,61757,21.44,1.06,0,1
10-12-2023 04:00,EST,CAPITL,61757,21.19,1.07,0,1
10-12-2023 05:00,EST,CAPITL,61757,21.63,1.03,0,1
10-12-2023 06:00,EST,CAPITL,61757,22.69,1.1,0,1
10-12-2023 07:00,EST,CAPITL,61757,22.82,1.09,0,1
10-12-2023 08:00,EST,CAPITL,61757,24.74,1.18,0,1
10-12-2023 09:00,EST,CAPITL,61757,26.83,1.3,0,1
10-12-2023 10:00,EST,CAPITL,61757,26.7,1.22,0,1
10-12-2023 11:00,EST,CAPITL,61757,29.43,1.29,0,1
10-12-2023 12:00,EST,CAPITL,61757,28.5,1.23,0,1
10-12-2023 13:00,EST,CAPITL,61757,27.72,1.12,0,1
10-12-2023 14:00,EST,CAPITL,61757,27.94,1.18,0,1
10-12-2023 15:00,EST,CAPITL,61757,28.51,1.17,0,1
10-12-2023 16:00,EST,CAPITL,61757,33.02,1.3,0,1
10-12-2023 17:00,EST,CAPITL,61757,36.64,1.81,0,1
10-12-2023 18:00,EST,CAPITL,61757,33.12,1.28,0,1
10-12-2023 19:00,EST,CAPITL,61757,31.56,1.18,0,1
10-12-2023 20:00,EST,CAPITL,61757,29.72,1.06,0,1
10-12-2023 21:00,EST,CAPITL,61757,27.34,0.98,0,1
10-12-2023 22:00,EST,CAPITL,61757,25.85,0.75,0,1
10-12-2023 23:00,EST,CAPITL,61757,25.3,0.64,0,1
11-12-2023 00:00,EST,CAPITL,61757,25.5,0.62,0,1
11-12-2023 01:00,EST,CAPITL,61757,23.98,0.65,0,1
11-12-2023 02:00,EST,CAPITL,61757,22.69,0.64,0,1
11-12-2023 03:00,EST,CAPITL,61757,22.82,0.66,0,1
11-12-2023 04:00,EST,CAPITL,61757,23.23,0.7,0,1
11-12-2023 05:00,EST,CAPITL,61757,26.38,0.72,0,1
11-12-2023 06:00,EST,CAPITL,61757,30.57,0.98,0,1
11-12-2023 07:00,EST,CAPITL,61757,34.36,1.19,0,1
11-12-2023 08:00,EST,CAPITL,61757,33.55,1.2,0,1
11-12-2023 09:00,EST,CAPITL,61757,33.62,1.29,0.73,1
11-12-2023 10:00,EST,CAPITL,61757,32.21,1.15,0,1
11-12-2023 11:00,EST,CAPITL,61757,31.33,1.09,0,1
11-12-2023 12:00,EST,CAPITL,61757,30.6,1.06,0,1
11-12-2023 13:00,EST,CAPITL,61757,30.12,1.05,0,1
11-12-2023 14:00,EST,CAPITL,61757,30.08,1.07,0,1
11-12-2023 15:00,EST,CAPITL,61757,32.03,1.26,0,1
11-12-2023 16:00,EST,CAPITL,61757,39.18,1.9,0,1
11-12-2023 17:00,EST,CAPITL,61757,48.33,2.43,0,1
11-12-2023 18:00,EST,CAPITL,61757,43.35,2.06,0,1
11-12-2023 19:00,EST,CAPITL,61757,40.63,1.93,0,1
11-12-2023 20:00,EST,CAPITL,61757,34.23,1.38,0,1
11-12-2023 21:00,EST,CAPITL,61757,32.78,1.35,0,1
11-12-2023 22:00,EST,CAPITL,61757,30.26,1.11,0,1
11-12-2023 23:00,EST,CAPITL,61757,29.16,0.99,0,1
12-12-2023 00:00,EST,CAPITL,61757,28.91,0.95,0,1
12-12-2023 01:00,EST,CAPITL,61757,26.67,0.88,0,1
12-12-2023 02:00,EST,CAPITL,61757,25.01,0.85,0,1
12-12-2023 03:00,EST,CAPITL,61757,24.66,0.83,0,1
12-12-2023 04:00,EST,CAPITL,61757,24.8,0.89,0,1
12-12-2023 05:00,EST,CAPITL,61757,27.79,0.89,0,1
12-12-2023 06:00,EST,CAPITL,61757,35.33,1.42,0,1
12-12-2023 07:00,EST,CAPITL,61757,42.77,1.96,0,1
12-12-2023 08:00,EST,CAPITL,61757,35.43,1.46,0,1
12-12-2023 09:00,EST,CAPITL,61757,30.98,0.99,0,1
12-12-2023 10:00,EST,CAPITL,61757,30.27,0.97,0,1
12-12-2023 11:00,EST,CAPITL,61757,29.12,0.93,0,1
12-12-2023 12:00,EST,CAPITL,61757,28.8,0.92,0,1
12-12-2023 13:00,EST,CAPITL,61757,28.56,0.94,0,1
12-12-2023 14:00,EST,CAPITL,61757,29.09,1.01,0,1
12-12-2023 15:00,EST,CAPITL,61757,31.42,1.24,0,1
12-12-2023 16:00,EST,CAPITL,61757,38.09,1.74,0,1
12-12-2023 17:00,EST,CAPITL,61757,48.73,2.45,0,1
12-12-2023 18:00,EST,CAPITL,61757,43.22,2.06,0,1
12-12-2023 19:00,EST,CAPITL,61757,37.56,1.72,0,1
12-12-2023 20:00,EST,CAPITL,61757,35.64,1.5,0,1
12-12-2023 21:00,EST,CAPITL,61757,33.09,1.24,0,1
12-12-2023 22:00,EST,CAPITL,61757,30.85,1.04,0,1
12-12-2023 23:00,EST,CAPITL,61757,30.05,0.87,0,1
13-12-2023 00:00,EST,CAPITL,61757,25.96,0.85,0,1
13-12-2023 01:00,EST,CAPITL,61757,24.66,0.83,0,1
13-12-2023 02:00,EST,CAPITL,61757,24.03,0.81,0,1
13-12-2023 03:00,EST,CAPITL,61757,23.97,0.83,0,1
13-12-2023 04:00,EST,CAPITL,61757,24.5,0.81,0,1
13-12-2023 05:00,EST,CAPITL,61757,28.12,0.9,0,1
13-12-2023 06:00,EST,CAPITL,61757,35.57,1.43,0,1
13-12-2023 07:00,EST,CAPITL,61757,42.22,2.09,0,1
13-12-2023 08:00,EST,CAPITL,61757,35.86,1.58,0,1
13-12-2023 09:00,EST,CAPITL,61757,31.2,1.05,0,1
13-12-2023 10:00,EST,CAPITL,61757,31.54,1.24,0,1
13-12-2023 11:00,EST,CAPITL,61757,30.91,1.22,0,1
13-12-2023 12:00,EST,CAPITL,61757,30,1.07,0,1
13-12-2023 13:00,EST,CAPITL,61757,30.33,1.17,0,1
13-12-2023 14:00,EST,CAPITL,61757,32.45,1.22,0,1
13-12-2023 15:00,EST,CAPITL,61757,35.13,1.45,0,1
13-12-2023 16:00,EST,CAPITL,61757,42.37,1.86,0,1
13-12-2023 17:00,EST,CAPITL,61757,53.49,2.98,0,1
13-12-2023 18:00,EST,CAPITL,61757,48.67,2.4,0,1
13-12-2023 19:00,EST,CAPITL,61757,41.88,1.92,0,1
13-12-2023 20:00,EST,CAPITL,61757,38.29,1.75,0,1
13-12-2023 21:00,EST,CAPITL,61757,35.78,1.57,0,1
13-12-2023 22:00,EST,CAPITL,61757,34.23,1.19,0,1
13-12-2023 23:00,EST,CAPITL,61757,32.43,1.1,0,1
14-12-2023 00:00,EST,CAPITL,61757,29.24,0.91,0,1
14-12-2023 01:00,EST,CAPITL,61757,28.5,0.86,0,1
14-12-2023 02:00,EST,CAPITL,61757,27.73,0.91,0,1
14-12-2023 03:00,EST,CAPITL,61757,27.81,0.94,0,1
14-12-2023 04:00,EST,CAPITL,61757,28.27,0.93,0,1
14-12-2023 05:00,EST,CAPITL,61757,30.09,0.99,0,1
14-12-2023 06:00,EST,CAPITL,61757,38.65,1.81,0,1
14-12-2023 07:00,EST,CAPITL,61757,45.87,2.18,0,1
14-12-2023 08:00,EST,CAPITL,61757,38.7,1.74,0,1
14-12-2023 09:00,EST,CAPITL,61757,33.67,1.2,0,1
14-12-2023 10:00,EST,CAPITL,61757,33.26,1.22,0,1
14-12-2023 11:00,EST,CAPITL,61757,31.09,1.14,0,1
14-12-2023 12:00,EST,CAPITL,61757,29.71,1.09,0,1
14-12-2023 13:00,EST,CAPITL,61757,29.75,1.12,0,1
14-12-2023 14:00,EST,CAPITL,61757,31.43,1.24,0,1
14-12-2023 15:00,EST,CAPITL,61757,34.64,1.49,0,1
14-12-2023 16:00,EST,CAPITL,61757,42.98,1.92,-4.72,1
14-12-2023 17:00,EST,CAPITL,61757,62.24,2.23,-17.91,1
14-12-2023 18:00,EST,CAPITL,61757,49.59,1.87,-13,1
14-12-2023 19:00,EST,CAPITL,61757,41.52,1.75,-5.49,1
14-12-2023 20:00,EST,CAPITL,61757,38.62,1.74,-2.73,1
14-12-2023 21:00,EST,CAPITL,61757,35.72,1.7,0,1
14-12-2023 22:00,EST,CAPITL,61757,33.18,1.52,-0.72,1
14-12-2023 23:00,EST,CAPITL,61757,30.8,1.47,0,1
15-12-2023 00:00,EST,CAPITL,61757,25.46,1.03,0,1
15-12-2023 01:00,EST,CAPITL,61757,24.06,0.97,0,1
15-12-2023 02:00,EST,CAPITL,61757,23.69,0.98,0,1
15-12-2023 03:00,EST,CAPITL,61757,23.52,0.95,0,1
15-12-2023 04:00,EST,CAPITL,61757,23.51,0.95,0,1
15-12-2023 05:00,EST,CAPITL,61757,24.86,1.05,0,1
15-12-2023 06:00,EST,CAPITL,61757,31.81,1.31,0,1
15-12-2023 07:00,EST,CAPITL,61757,37.96,1.82,-1.68,1
15-12-2023 08:00,EST,CAPITL,61757,32.44,1.34,0,1
15-12-2023 09:00,EST,CAPITL,61757,29.09,1.28,0,1
15-12-2023 10:00,EST,CAPITL,61757,25.61,1.03,0,1
15-12-2023 11:00,EST,CAPITL,61757,24.56,0.97,0,1
15-12-2023 12:00,EST,CAPITL,61757,23.79,0.92,0,1
15-12-2023 13:00,EST,CAPITL,61757,23.58,0.91,0,1
15-12-2023 14:00,EST,CAPITL,61757,24.38,0.98,0,1
15-12-2023 15:00,EST,CAPITL,61757,26.62,1.17,0,1
15-12-2023 16:00,EST,CAPITL,61757,31.67,1.45,0,1
15-12-2023 17:00,EST,CAPITL,61757,39.39,2.12,0,1
15-12-2023 18:00,EST,CAPITL,61757,34.63,1.59,0,1
15-12-2023 19:00,EST,CAPITL,61757,32.21,1.45,0,1
15-12-2023 20:00,EST,CAPITL,61757,29.6,1.25,0,1
15-12-2023 21:00,EST,CAPITL,61757,28.45,1.23,0,1
15-12-2023 22:00,EST,CAPITL,61757,26.44,1.07,0,1
15-12-2023 23:00,EST,CAPITL,61757,25.92,0.95,0,1
16-12-2023 00:00,EST,CAPITL,61757,24.74,0.74,0,1
16-12-2023 01:00,EST,CAPITL,61757,23.49,0.66,0,1
16-12-2023 02:00,EST,CAPITL,61757,22.48,0.63,0,1
16-12-2023 03:00,EST,CAPITL,61757,22.19,0.63,0,1
16-12-2023 04:00,EST,CAPITL,61757,22.69,0.62,0,1
16-12-2023 05:00,EST,CAPITL,61757,24.2,0.68,0,1
16-12-2023 06:00,EST,CAPITL,61757,27.23,0.77,0,1
16-12-2023 07:00,EST,CAPITL,61757,29.54,0.94,0,1
16-12-2023 08:00,EST,CAPITL,61757,29.2,0.88,0,1
16-12-2023 09:00,EST,CAPITL,61757,26.04,0.68,0,1
16-12-2023 10:00,EST,CAPITL,61757,24.32,0.66,0,1
16-12-2023 11:00,EST,CAPITL,61757,23.95,0.65,0,1
16-12-2023 12:00,EST,CAPITL,61757,23.19,0.63,0,1
16-12-2023 13:00,EST,CAPITL,61757,23.1,0.65,0,1
16-12-2023 14:00,EST,CAPITL,61757,23.12,0.74,0,1
16-12-2023 15:00,EST,CAPITL,61757,24.72,0.84,0,1
16-12-2023 16:00,EST,CAPITL,61757,30.59,1.09,0,1
16-12-2023 17:00,EST,CAPITL,61757,35.95,1.74,0,1
16-12-2023 18:00,EST,CAPITL,61757,32.47,1.31,0,1
16-12-2023 19:00,EST,CAPITL,61757,28.65,1.1,0,1
16-12-2023 20:00,EST,CAPITL,61757,25.38,1,0,1
16-12-2023 21:00,EST,CAPITL,61757,24.68,1.04,0,1
16-12-2023 22:00,EST,CAPITL,61757,24.25,0.96,0,1
16-12-2023 23:00,EST,CAPITL,61757,23.46,0.92,0,1
17-12-2023 00:00,EST,CAPITL,61757,23.97,0.88,0,1
17-12-2023 01:00,EST,CAPITL,61757,21.72,0.86,0,1
17-12-2023 02:00,EST,CAPITL,61757,20.97,0.83,0,1
17-12-2023 03:00,EST,CAPITL,61757,20.73,0.82,0,1
17-12-2023 04:00,EST,CAPITL,61757,20.58,0.79,0,1
17-12-2023 05:00,EST,CAPITL,61757,20.81,0.8,0,1
17-12-2023 06:00,EST,CAPITL,61757,21.08,0.79,0,1
17-12-2023 07:00,EST,CAPITL,61757,21.73,0.81,0,1
17-12-2023 08:00,EST,CAPITL,61757,24.58,1.01,0,1
17-12-2023 09:00,EST,CAPITL,61757,25.16,0.99,0,1
17-12-2023 10:00,EST,CAPITL,61757,25.77,1.02,0,1
17-12-2023 11:00,EST,CAPITL,61757,26.63,1.07,0,1
17-12-2023 12:00,EST,CAPITL,61757,26.19,1.08,0,1
17-12-2023 13:00,EST,CAPITL,61757,26.97,1.11,0,1
17-12-2023 14:00,EST,CAPITL,61757,26.75,1.1,0,1
17-12-2023 15:00,EST,CAPITL,61757,27.61,1.19,0,1
17-12-2023 16:00,EST,CAPITL,61757,31.79,1.37,0,1
17-12-2023 17:00,EST,CAPITL,61757,37.41,1.98,0,1
17-12-2023 18:00,EST,CAPITL,61757,34.7,1.5,0,1
17-12-2023 19:00,EST,CAPITL,61757,31.84,1.25,0,1
17-12-2023 20:00,EST,CAPITL,61757,27.84,1.07,0,1
17-12-2023 21:00,EST,CAPITL,61757,25.12,0.97,0,1
17-12-2023 22:00,EST,CAPITL,61757,24.16,0.82,0,1
17-12-2023 23:00,EST,CAPITL,61757,24.17,0.73,0,1
18-12-2023 00:00,EST,CAPITL,61757,22.63,0.6,0,1
18-12-2023 01:00,EST,CAPITL,61757,20.78,0.55,0,1
18-12-2023 02:00,EST,CAPITL,61757,20.26,0.53,0,1
18-12-2023 03:00,EST,CAPITL,61757,20.21,0.51,0,1
18-12-2023 04:00,EST,CAPITL,61757,20.8,0.47,0,1
18-12-2023 05:00,EST,CAPITL,61757,23.11,0.52,0,1
18-12-2023 06:00,EST,CAPITL,61757,27.48,0.64,0,1
18-12-2023 07:00,EST,CAPITL,61757,28.89,0.87,0,1
18-12-2023 08:00,EST,CAPITL,61757,30,0.9,0,1
18-12-2023 09:00,EST,CAPITL,61757,30.19,0.94,0,1
18-12-2023 10:00,EST,CAPITL,61757,30.65,1.01,0,1
18-12-2023 11:00,EST,CAPITL,61757,31.14,1.05,0,1
18-12-2023 12:00,EST,CAPITL,61757,30.48,1,0,1
18-12-2023 13:00,EST,CAPITL,61757,29.66,0.98,0,1
18-12-2023 14:00,EST,CAPITL,61757,28.62,0.97,0,1
18-12-2023 15:00,EST,CAPITL,61757,29.52,1.05,0,1
18-12-2023 16:00,EST,CAPITL,61757,35.23,1.48,0,1
18-12-2023 17:00,EST,CAPITL,61757,39.85,1.97,0,1
18-12-2023 18:00,EST,CAPITL,61757,35.75,1.54,0,1
18-12-2023 19:00,EST,CAPITL,61757,32.56,1.22,0,1
18-12-2023 20:00,EST,CAPITL,61757,29.38,1.02,0,1
18-12-2023 21:00,EST,CAPITL,61757,27.54,0.98,0,1
18-12-2023 22:00,EST,CAPITL,61757,25.99,0.83,0,1
18-12-2023 23:00,EST,CAPITL,61757,24.86,0.68,0,1
19-12-2023 00:00,EST,CAPITL,61757,22.46,0.63,0,1
19-12-2023 01:00,EST,CAPITL,61757,20.9,0.61,0,1
19-12-2023 02:00,EST,CAPITL,61757,20.03,0.56,0,1
19-12-2023 03:00,EST,CAPITL,61757,19.88,0.56,0,1
19-12-2023 04:00,EST,CAPITL,61757,20.9,0.65,0,1
19-12-2023 05:00,EST,CAPITL,61757,22.59,0.68,0,1
19-12-2023 06:00,EST,CAPITL,61757,30.37,0.97,0,1
19-12-2023 07:00,EST,CAPITL,61757,34.21,1.28,0,1
19-12-2023 08:00,EST,CAPITL,61757,33.06,1.27,0,1
19-12-2023 09:00,EST,CAPITL,61757,31.05,1.11,0,1
19-12-2023 10:00,EST,CAPITL,61757,31.92,1.11,0,1
19-12-2023 11:00,EST,CAPITL,61757,31.92,1.14,0,1
19-12-2023 12:00,EST,CAPITL,61757,31.04,1.11,0,1
19-12-2023 13:00,EST,CAPITL,61757,30.72,1.12,0,1
19-12-2023 14:00,EST,CAPITL,61757,31.17,1.17,0,1
19-12-2023 15:00,EST,CAPITL,61757,32.49,1.34,0,1
19-12-2023 16:00,EST,CAPITL,61757,41.07,1.95,0,1
19-12-2023 17:00,EST,CAPITL,61757,49.01,2.64,0,1
19-12-2023 18:00,EST,CAPITL,61757,44.31,2.23,0,1
19-12-2023 19:00,EST,CAPITL,61757,40.37,1.85,0,1
19-12-2023 20:00,EST,CAPITL,61757,33.19,1.49,0,1
19-12-2023 21:00,EST,CAPITL,61757,32.23,1.24,0,1
19-12-2023 22:00,EST,CAPITL,61757,31.61,1.1,0,1
19-12-2023 23:00,EST,CAPITL,61757,28.36,0.93,0,1
20-12-2023 00:00,EST,CAPITL,61757,27.86,0.84,0,1
20-12-2023 01:00,EST,CAPITL,61757,25.61,0.82,0,1
20-12-2023 02:00,EST,CAPITL,61757,24.6,0.83,0,1
20-12-2023 03:00,EST,CAPITL,61757,24.39,0.85,0,1
20-12-2023 04:00,EST,CAPITL,61757,24.91,0.89,0,1
20-12-2023 05:00,EST,CAPITL,61757,28.04,0.97,0,1
20-12-2023 06:00,EST,CAPITL,61757,35.03,1.47,0,1
20-12-2023 07:00,EST,CAPITL,61757,41.92,2.15,0,1
20-12-2023 08:00,EST,CAPITL,61757,35.5,1.49,0,1
20-12-2023 09:00,EST,CAPITL,61757,30.8,1.01,0,1
20-12-2023 10:00,EST,CAPITL,61757,30.93,0.96,0,1
20-12-2023 11:00,EST,CAPITL,61757,29.15,0.88,0,1
20-12-2023 12:00,EST,CAPITL,61757,28.51,0.86,0,1
20-12-2023 13:00,EST,CAPITL,61757,28.55,0.89,0,1
20-12-2023 14:00,EST,CAPITL,61757,29.63,1,0,1
20-12-2023 15:00,EST,CAPITL,61757,31.69,1.01,0,1
20-12-2023 16:00,EST,CAPITL,61757,41.28,1.63,0,1
20-12-2023 17:00,EST,CAPITL,61757,47.82,2.01,0,1
20-12-2023 18:00,EST,CAPITL,61757,43.99,1.85,0,1
20-12-2023 19:00,EST,CAPITL,61757,39.25,1.58,0,1
20-12-2023 20:00,EST,CAPITL,61757,35.66,1.31,0,1
20-12-2023 21:00,EST,CAPITL,61757,34.91,1.11,0,1
20-12-2023 22:00,EST,CAPITL,61757,31.47,0.89,0,1
20-12-2023 23:00,EST,CAPITL,61757,30.66,1.04,0,1
21-12-2023 00:00,EST,CAPITL,61757,27.55,1.13,0,1
21-12-2023 01:00,EST,CAPITL,61757,25.73,1.06,0,1
21-12-2023 02:00,EST,CAPITL,61757,25.27,1.06,0,1
21-12-2023 03:00,EST,CAPITL,61757,24.99,1.08,0,1
21-12-2023 04:00,EST,CAPITL,61757,25.99,1.12,0,1
21-12-2023 05:00,EST,CAPITL,61757,27.41,1.18,0,1
21-12-2023 06:00,EST,CAPITL,61757,34.45,1.48,0,1
21-12-2023 07:00,EST,CAPITL,61757,40.85,1.8,0,1
21-12-2023 08:00,EST,CAPITL,61757,36.45,1.57,0,1
21-12-2023 09:00,EST,CAPITL,61757,31.17,1.26,0,1
21-12-2023 10:00,EST,CAPITL,61757,32.26,1.42,0,1
21-12-2023 11:00,EST,CAPITL,61757,31.27,1.35,0,1
21-12-2023 12:00,EST,CAPITL,61757,30.47,1.17,0,1
21-12-2023 13:00,EST,CAPITL,61757,31.1,1.23,0,1
21-12-2023 14:00,EST,CAPITL,61757,31.71,1.28,0,1
21-12-2023 15:00,EST,CAPITL,61757,37.6,1.69,0,1
21-12-2023 16:00,EST,CAPITL,61757,42.23,2.16,0,1
21-12-2023 17:00,EST,CAPITL,61757,51.22,2.74,-4.25,1
21-12-2023 18:00,EST,CAPITL,61757,44.66,2.65,0,1
21-12-2023 19:00,EST,CAPITL,61757,43.36,2.52,-0.25,1
21-12-2023 20:00,EST,CAPITL,61757,41.55,2.13,0,1
21-12-2023 21:00,EST,CAPITL,61757,39.32,1.94,0,1
21-12-2023 22:00,EST,CAPITL,61757,34.72,1.68,0,1
21-12-2023 23:00,EST,CAPITL,61757,32.1,1.67,0,1
22-12-2023 00:00,EST,CAPITL,61757,40.12,1.43,0,1
22-12-2023 01:00,EST,CAPITL,61757,37.56,1.34,0,1
22-12-2023 02:00,EST,CAPITL,61757,36.08,1.29,0,1
22-12-2023 03:00,EST,CAPITL,61757,35.94,1.32,0,1
22-12-2023 04:00,EST,CAPITL,61757,36.86,1.35,0,1
22-12-2023 05:00,EST,CAPITL,61757,41.68,1.64,0,1
22-12-2023 06:00,EST,CAPITL,61757,51.49,2.59,0,1
22-12-2023 07:00,EST,CAPITL,61757,58.92,3.12,0,1
22-12-2023 08:00,EST,CAPITL,61757,50.08,2.52,0,1
22-12-2023 09:00,EST,CAPITL,61757,45.47,1.91,0,1
22-12-2023 10:00,EST,CAPITL,61757,41.51,1.56,0,1
22-12-2023 11:00,EST,CAPITL,61757,38.42,1.33,0,1
22-12-2023 12:00,EST,CAPITL,61757,37.32,1.23,0,1
22-12-2023 13:00,EST,CAPITL,61757,37.44,1.23,0,1
22-12-2023 14:00,EST,CAPITL,61757,38.81,1.35,0,1
22-12-2023 15:00,EST,CAPITL,61757,43.46,1.79,0,1
22-12-2023 16:00,EST,CAPITL,61757,48.81,2.37,0,1
22-12-2023 17:00,EST,CAPITL,61757,58.58,2.89,0,1
22-12-2023 18:00,EST,CAPITL,61757,54.12,2.62,0,1
22-12-2023 19:00,EST,CAPITL,61757,45.78,2.14,0,1
22-12-2023 20:00,EST,CAPITL,61757,43.95,1.85,0,1
22-12-2023 21:00,EST,CAPITL,61757,41.14,1.69,0,1
22-12-2023 22:00,EST,CAPITL,61757,38.36,1.58,0,1
22-12-2023 23:00,EST,CAPITL,61757,36.68,1.45,0,1
23-12-2023 00:00,EST,CAPITL,61757,33.52,1.23,0,1
23-12-2023 01:00,EST,CAPITL,61757,31.86,1.26,0,1
23-12-2023 02:00,EST,CAPITL,61757,29,1.14,0,1
23-12-2023 03:00,EST,CAPITL,61757,28.65,1.15,0,1
23-12-2023 04:00,EST,CAPITL,61757,28.07,1.05,0,1
23-12-2023 05:00,EST,CAPITL,61757,29.15,1.09,0,1
23-12-2023 06:00,EST,CAPITL,61757,32.91,1.3,0,1
23-12-2023 07:00,EST,CAPITL,61757,35.77,1.44,0,1
23-12-2023 08:00,EST,CAPITL,61757,34.84,1.37,0,1
23-12-2023 09:00,EST,CAPITL,61757,33.88,1.27,0,1
23-12-2023 10:00,EST,CAPITL,61757,27.9,0.89,0,1
23-12-2023 11:00,EST,CAPITL,61757,27.77,0.89,0,1
23-12-2023 12:00,EST,CAPITL,61757,27.33,0.87,0,1
23-12-2023 13:00,EST,CAPITL,61757,27.32,0.85,0,1
23-12-2023 14:00,EST,CAPITL,61757,27.47,0.9,0,1
23-12-2023 15:00,EST,CAPITL,61757,27.98,0.92,0,1
23-12-2023 16:00,EST,CAPITL,61757,36.33,1.43,0,1
23-12-2023 17:00,EST,CAPITL,61757,38.98,1.57,0,1
23-12-2023 18:00,EST,CAPITL,61757,33.04,1.15,0,1
23-12-2023 19:00,EST,CAPITL,61757,31.32,1.09,0,1
23-12-2023 20:00,EST,CAPITL,61757,29.49,1,0,1
23-12-2023 21:00,EST,CAPITL,61757,28.01,1.1,0,1
23-12-2023 22:00,EST,CAPITL,61757,27.3,1,0,1
23-12-2023 23:00,EST,CAPITL,61757,26.76,0.88,0,1
24-12-2023 00:00,EST,CAPITL,61757,25.52,0.62,0,1
24-12-2023 01:00,EST,CAPITL,61757,24.64,0.62,0,1
24-12-2023 02:00,EST,CAPITL,61757,23.54,0.6,0,1
24-12-2023 03:00,EST,CAPITL,61757,22.6,0.59,0,1
24-12-2023 04:00,EST,CAPITL,61757,22.5,0.61,0,1
24-12-2023 05:00,EST,CAPITL,61757,23.3,0.61,0,1
24-12-2023 06:00,EST,CAPITL,61757,25.39,0.72,0,1
24-12-2023 07:00,EST,CAPITL,61757,25.08,0.75,0,1
24-12-2023 08:00,EST,CAPITL,61757,25.77,0.8,0,1
24-12-2023 09:00,EST,CAPITL,61757,27.29,0.95,0,1
24-12-2023 10:00,EST,CAPITL,61757,26.99,0.96,0,1
24-12-2023 11:00,EST,CAPITL,61757,26.51,0.99,0,1
24-12-2023 12:00,EST,CAPITL,61757,26.07,0.98,0,1
24-12-2023 13:00,EST,CAPITL,61757,25.76,0.94,0,1
24-12-2023 14:00,EST,CAPITL,61757,25.81,0.94,0,1
24-12-2023 15:00,EST,CAPITL,61757,28.23,1.11,0,1
24-12-2023 16:00,EST,CAPITL,61757,31.67,1.13,0,1
24-12-2023 17:00,EST,CAPITL,61757,38.09,1.47,0,1
24-12-2023 18:00,EST,CAPITL,61757,34.5,1.29,0,1
24-12-2023 19:00,EST,CAPITL,61757,29.7,1.09,0,1
24-12-2023 20:00,EST,CAPITL,61757,27.63,1.01,0,1
24-12-2023 21:00,EST,CAPITL,61757,25.73,0.92,0,1
24-12-2023 22:00,EST,CAPITL,61757,24.96,0.84,0,1
24-12-2023 23:00,EST,CAPITL,61757,24.25,0.75,0,1
25-12-2023 00:00,EST,CAPITL,61757,24.09,0.73,0,1
25-12-2023 01:00,EST,CAPITL,61757,22.02,0.66,0,1
25-12-2023 02:00,EST,CAPITL,61757,21.06,0.61,0,1
25-12-2023 03:00,EST,CAPITL,61757,20.46,0.63,0,1
25-12-2023 04:00,EST,CAPITL,61757,20.3,0.63,0,1
25-12-2023 05:00,EST,CAPITL,61757,21.22,0.7,0,1
25-12-2023 06:00,EST,CAPITL,61757,22.98,0.71,0,1
25-12-2023 07:00,EST,CAPITL,61757,22.76,0.71,0,1
25-12-2023 08:00,EST,CAPITL,61757,24.94,0.82,0,1
25-12-2023 09:00,EST,CAPITL,61757,24.46,0.8,0,1
25-12-2023 10:00,EST,CAPITL,61757,24.27,0.77,0,1
25-12-2023 11:00,EST,CAPITL,61757,23.95,0.74,0,1
25-12-2023 12:00,EST,CAPITL,61757,23.29,0.7,0,1
25-12-2023 13:00,EST,CAPITL,61757,23.21,0.7,0,1
25-12-2023 14:00,EST,CAPITL,61757,23.39,0.73,0,1
25-12-2023 15:00,EST,CAPITL,61757,25.27,0.81,0,1
25-12-2023 16:00,EST,CAPITL,61757,28.17,0.93,0,1
25-12-2023 17:00,EST,CAPITL,61757,32.18,1.09,0,1
25-12-2023 18:00,EST,CAPITL,61757,28.82,0.95,0,1
25-12-2023 19:00,EST,CAPITL,61757,26.15,0.91,0,1
25-12-2023 20:00,EST,CAPITL,61757,24.78,0.86,0,1
25-12-2023 21:00,EST,CAPITL,61757,24.43,0.92,0,1
25-12-2023 22:00,EST,CAPITL,61757,22.09,0.77,0,1
25-12-2023 23:00,EST,CAPITL,61757,20.38,0.69,0,1
26-12-2023 00:00,EST,CAPITL,61757,22.09,0.75,0,1
26-12-2023 01:00,EST,CAPITL,61757,20.59,0.74,0,1
26-12-2023 02:00,EST,CAPITL,61757,19.86,0.71,0,1
26-12-2023 03:00,EST,CAPITL,61757,19.8,0.71,0,1
26-12-2023 04:00,EST,CAPITL,61757,19.91,0.71,0,1
26-12-2023 05:00,EST,CAPITL,61757,21.39,0.76,0,1
26-12-2023 06:00,EST,CAPITL,61757,24.2,0.77,0,1
26-12-2023 07:00,EST,CAPITL,61757,27,1.04,0,1
26-12-2023 08:00,EST,CAPITL,61757,27.65,1.06,0,1
26-12-2023 09:00,EST,CAPITL,61757,28.09,1.03,0,1
26-12-2023 10:00,EST,CAPITL,61757,28.6,1.07,0,1
26-12-2023 11:00,EST,CAPITL,61757,28.93,1,0,1
26-12-2023 12:00,EST,CAPITL,61757,27.46,0.93,0,1
26-12-2023 13:00,EST,CAPITL,61757,27.49,1.03,0,1
26-12-2023 14:00,EST,CAPITL,61757,27.18,0.97,0,1
26-12-2023 15:00,EST,CAPITL,61757,29.89,1.12,0,1
26-12-2023 16:00,EST,CAPITL,61757,32.75,1.29,0,1
26-12-2023 17:00,EST,CAPITL,61757,40.14,1.65,0,1
26-12-2023 18:00,EST,CAPITL,61757,33.54,1.32,0,1
26-12-2023 19:00,EST,CAPITL,61757,30.28,1.14,0,1
26-12-2023 20:00,EST,CAPITL,61757,27.62,1.01,0,1
26-12-2023 21:00,EST,CAPITL,61757,25.47,0.88,0,1
26-12-2023 22:00,EST,CAPITL,61757,24.06,0.79,0,1
26-12-2023 23:00,EST,CAPITL,61757,22.38,0.67,0,1
27-12-2023 00:00,EST,CAPITL,61757,22.91,0.67,0,1
27-12-2023 01:00,EST,CAPITL,61757,21.38,0.62,0,1
27-12-2023 02:00,EST,CAPITL,61757,20.23,0.61,0,1
27-12-2023 03:00,EST,CAPITL,61757,18.93,0.62,0,1
27-12-2023 04:00,EST,CAPITL,61757,20.12,0.66,0,1
27-12-2023 05:00,EST,CAPITL,61757,21.93,0.64,0,1
27-12-2023 06:00,EST,CAPITL,61757,25.56,0.79,0,1
27-12-2023 07:00,EST,CAPITL,61757,26.99,0.89,0,1
27-12-2023 08:00,EST,CAPITL,61757,29,0.98,0,1
27-12-2023 09:00,EST,CAPITL,61757,29.13,0.93,0,1
27-12-2023 10:00,EST,CAPITL,61757,31.92,1.05,0,1
27-12-2023 11:00,EST,CAPITL,61757,30.99,1.02,0,1
27-12-2023 12:00,EST,CAPITL,61757,31.25,1.06,0,1
27-12-2023 13:00,EST,CAPITL,61757,31.23,1,0,1
27-12-2023 14:00,EST,CAPITL,61757,31.21,1,0,1
27-12-2023 15:00,EST,CAPITL,61757,31.54,1.04,0,1
27-12-2023 16:00,EST,CAPITL,61757,35.5,1.23,0,1
27-12-2023 17:00,EST,CAPITL,61757,42.13,1.58,0,1
27-12-2023 18:00,EST,CAPITL,61757,35.07,1.25,0,1
27-12-2023 19:00,EST,CAPITL,61757,30.28,0.94,0,1
27-12-2023 20:00,EST,CAPITL,61757,28.54,0.91,0,1
27-12-2023 21:00,EST,CAPITL,61757,26.97,0.89,0,1
27-12-2023 22:00,EST,CAPITL,61757,25.01,0.8,0,1
27-12-2023 23:00,EST,CAPITL,61757,23.53,0.6,0,1
28-12-2023 00:00,EST,CAPITL,61757,22.21,0.56,0,1
28-12-2023 01:00,EST,CAPITL,61757,20.92,0.59,0,1
28-12-2023 02:00,EST,CAPITL,61757,19.65,0.52,0,1
28-12-2023 03:00,EST,CAPITL,61757,19.27,0.54,0,1
28-12-2023 04:00,EST,CAPITL,61757,19.76,0.58,0,1
28-12-2023 05:00,EST,CAPITL,61757,21.1,0.57,0,1
28-12-2023 06:00,EST,CAPITL,61757,24.32,0.66,0,1
28-12-2023 07:00,EST,CAPITL,61757,25.34,0.79,0,1
28-12-2023 08:00,EST,CAPITL,61757,26.97,0.89,0,1
28-12-2023 09:00,EST,CAPITL,61757,27.84,0.89,0,1
28-12-2023 10:00,EST,CAPITL,61757,30.25,0.97,0,1
28-12-2023 11:00,EST,CAPITL,61757,29.99,0.93,0,1
28-12-2023 12:00,EST,CAPITL,61757,30.54,0.92,0,1
28-12-2023 13:00,EST,CAPITL,61757,30.37,0.91,0,1
28-12-2023 14:00,EST,CAPITL,61757,30.29,0.97,0,1
28-12-2023 15:00,EST,CAPITL,61757,31.03,1.05,0,1
28-12-2023 16:00,EST,CAPITL,61757,33.81,1.17,0,1
28-12-2023 17:00,EST,CAPITL,61757,38.1,1.39,0,1
28-12-2023 18:00,EST,CAPITL,61757,33.39,1.29,0,1
28-12-2023 19:00,EST,CAPITL,61757,29.08,1.01,0,1
28-12-2023 20:00,EST,CAPITL,61757,27.23,0.95,0,1
28-12-2023 21:00,EST,CAPITL,61757,25.22,0.88,0,1
28-12-2023 22:00,EST,CAPITL,61757,23.74,0.69,0,1
28-12-2023 23:00,EST,CAPITL,61757,22.19,0.6,0,1
29-12-2023 00:00,EST,CAPITL,61757,21.89,0.62,0,1
29-12-2023 01:00,EST,CAPITL,61757,20.79,0.59,0,1
29-12-2023 02:00,EST,CAPITL,61757,20.04,0.53,0,1
29-12-2023 03:00,EST,CAPITL,61757,19.57,0.53,0,1
29-12-2023 04:00,EST,CAPITL,61757,20.03,0.53,0,1
29-12-2023 05:00,EST,CAPITL,61757,21.19,0.58,0,1
29-12-2023 06:00,EST,CAPITL,61757,24.09,0.63,0,1
29-12-2023 07:00,EST,CAPITL,61757,25.96,0.8,0,1
29-12-2023 08:00,EST,CAPITL,61757,27.07,0.86,0,1
29-12-2023 09:00,EST,CAPITL,61757,28.42,0.94,0,1
29-12-2023 10:00,EST,CAPITL,61757,28.88,0.98,0,1
29-12-2023 11:00,EST,CAPITL,61757,28.21,0.95,0,1
29-12-2023 12:00,EST,CAPITL,61757,27.31,0.92,0,1
29-12-2023 13:00,EST,CAPITL,61757,27.28,0.97,0,1
29-12-2023 14:00,EST,CAPITL,61757,27.38,0.98,0,1
29-12-2023 15:00,EST,CAPITL,61757,27.72,1.01,0,1
29-12-2023 16:00,EST,CAPITL,61757,31.36,1.18,0,1
29-12-2023 17:00,EST,CAPITL,61757,38.37,1.51,0,1
29-12-2023 18:00,EST,CAPITL,61757,31.95,1.23,0,1
29-12-2023 19:00,EST,CAPITL,61757,29.48,1,0,1
29-12-2023 20:00,EST,CAPITL,61757,26.88,0.88,0,1
29-12-2023 21:00,EST,CAPITL,61757,25.12,0.78,0,1
29-12-2023 22:00,EST,CAPITL,61757,24.49,0.71,0,1
29-12-2023 23:00,EST,CAPITL,61757,23.18,0.61,0,1
30-12-2023 00:00,EST,CAPITL,61757,23.96,0.61,0,1
30-12-2023 01:00,EST,CAPITL,61757,22.01,0.6,0,1
30-12-2023 02:00,EST,CAPITL,61757,21.35,0.58,0,1
30-12-2023 03:00,EST,CAPITL,61757,21.01,0.59,0,1
30-12-2023 04:00,EST,CAPITL,61757,21.14,0.6,0,1
30-12-2023 05:00,EST,CAPITL,61757,21.52,0.61,0,1
30-12-2023 06:00,EST,CAPITL,61757,22.53,0.64,0,1
30-12-2023 07:00,EST,CAPITL,61757,23.76,0.78,0,1
30-12-2023 08:00,EST,CAPITL,61757,25.11,0.87,0,1
30-12-2023 09:00,EST,CAPITL,61757,25.67,0.82,0,1
30-12-2023 10:00,EST,CAPITL,61757,26.16,0.88,0,1
30-12-2023 11:00,EST,CAPITL,61757,25.78,0.82,0,1
30-12-2023 12:00,EST,CAPITL,61757,25.29,0.85,0,1
30-12-2023 13:00,EST,CAPITL,61757,25.36,0.88,0,1
30-12-2023 14:00,EST,CAPITL,61757,25.2,0.9,0,1
30-12-2023 15:00,EST,CAPITL,61757,25.92,0.95,0,1
30-12-2023 16:00,EST,CAPITL,61757,29.92,1.15,0,1
30-12-2023 17:00,EST,CAPITL,61757,35.66,1.44,0,1
30-12-2023 18:00,EST,CAPITL,61757,32.49,1.31,0,1
30-12-2023 19:00,EST,CAPITL,61757,29.33,1.13,0,1
30-12-2023 20:00,EST,CAPITL,61757,28.09,1.05,0,1
30-12-2023 21:00,EST,CAPITL,61757,26.91,1.04,0,1
30-12-2023 22:00,EST,CAPITL,61757,25.01,0.87,0,1
30-12-2023 23:00,EST,CAPITL,61757,23.64,0.71,0,1
31-12-2023 00:00,EST,CAPITL,61757,25.75,0.75,0,1
31-12-2023 01:00,EST,CAPITL,61757,23.88,0.79,0,1
31-12-2023 02:00,EST,CAPITL,61757,22.46,0.76,0,1
31-12-2023 03:00,EST,CAPITL,61757,22.56,0.72,0,1
31-12-2023 04:00,EST,CAPITL,61757,22.81,0.75,0,1
31-12-2023 05:00,EST,CAPITL,61757,23.07,0.74,0,1
31-12-2023 06:00,EST,CAPITL,61757,24.54,0.76,0,1
31-12-2023 07:00,EST,CAPITL,61757,25.53,0.84,0,1
31-12-2023 08:00,EST,CAPITL,61757,25.74,0.8,0,1
31-12-2023 09:00,EST,CAPITL,61757,24.89,0.7,0,1
31-12-2023 10:00,EST,CAPITL,61757,24.91,0.68,0,1
31-12-2023 11:00,EST,CAPITL,61757,25.01,0.63,0,1
31-12-2023 12:00,EST,CAPITL,61757,24.72,0.6,0,1
31-12-2023 13:00,EST,CAPITL,61757,24.98,0.66,0,1
31-12-2023 14:00,EST,CAPITL,61757,25.08,0.66,0,1
31-12-2023 15:00,EST,CAPITL,61757,26.95,0.89,0,1
31-12-2023 16:00,EST,CAPITL,61757,33.44,1.29,0,1
31-12-2023 17:00,EST,CAPITL,61757,40.16,1.65,0,1
31-12-2023 18:00,EST,CAPITL,61757,36.43,1.47,0,1
31-12-2023 19:00,EST,CAPITL,61757,32.1,1.26,0,1
31-12-2023 20:00,EST,CAPITL,61757,29.61,1.14,0,1
31-12-2023 21:00,EST,CAPITL,61757,27.98,1.02,0,1
31-12-2023 22:00,EST,CAPITL,61757,25.51,0.89,0,1
31-12-2023 23:00,EST,CAPITL,61757,25.79,0.8,0,1
01-01-2024 00:00,EST,CAPITL,61757,25.02,0.78,0,1
01-01-2024 01:00,EST,CAPITL,61757,22.9,0.73,0,1
01-01-2024 02:00,EST,CAPITL,61757,22.31,0.73,0,1
01-01-2024 03:00,EST,CAPITL,61757,21.87,0.72,0,1
01-01-2024 04:00,EST,CAPITL,61757,22.11,0.73,0,1
01-01-2024 05:00,EST,CAPITL,61757,23.64,0.78,0,1
01-01-2024 06:00,EST,CAPITL,61757,25.31,0.88,0,1
01-01-2024 07:00,EST,CAPITL,61757,23.74,0.82,0,1
01-01-2024 08:00,EST,CAPITL,61757,25.19,0.87,0,1
01-01-2024 09:00,EST,CAPITL,61757,25.31,0.88,0,1
01-01-2024 10:00,EST,CAPITL,61757,26.56,1,0,1
01-01-2024 11:00,EST,CAPITL,61757,26.67,1,0,1
01-01-2024 12:00,EST,CAPITL,61757,26.56,1,0,1
01-01-2024 13:00,EST,CAPITL,61757,26.61,1,0,1
01-01-2024 14:00,EST,CAPITL,61757,27.45,1.11,0,1
01-01-2024 15:00,EST,CAPITL,61757,30.03,1.24,0,1
01-01-2024 16:00,EST,CAPITL,61757,35.57,1.57,0,1
01-01-2024 17:00,EST,CAPITL,61757,42.9,2.08,0,1
01-01-2024 18:00,EST,CAPITL,61757,37.9,1.8,0,1
01-01-2024 19:00,EST,CAPITL,61757,34,1.56,0,1
01-01-2024 20:00,EST,CAPITL,61757,32,1.52,0,1
01-01-2024 21:00,EST,CAPITL,61757,30.23,1.36,0,1
01-01-2024 22:00,EST,CAPITL,61757,27.75,1.3,0,1
01-01-2024 23:00,EST,CAPITL,61757,26.77,1.15,0,1
02-01-2024 00:00,EST,CAPITL,61757,25.63,1.31,0,1
02-01-2024 01:00,EST,CAPITL,61757,24.64,1.33,0,1
02-01-2024 02:00,EST,CAPITL,61757,23.86,1.31,0,1
02-01-2024 03:00,EST,CAPITL,61757,22.88,1.21,0,1
02-01-2024 04:00,EST,CAPITL,61757,23.75,1.32,0,1
02-01-2024 05:00,EST,CAPITL,61757,25.34,1.41,0,1
02-01-2024 06:00,EST,CAPITL,61757,31.59,1.76,0,1
02-01-2024 07:00,EST,CAPITL,61757,39.62,1.73,-8.52,1
02-01-2024 08:00,EST,CAPITL,61757,34.46,1.57,-6.24,1
02-01-2024 09:00,EST,CAPITL,61757,30.86,1.39,-4.11,1
02-01-2024 10:00,EST,CAPITL,61757,28.83,1.28,-3.82,1
02-01-2024 11:00,EST,CAPITL,61757,28.38,1.25,-3.52,1
02-01-2024 12:00,EST,CAPITL,61757,26.86,1.2,-2.51,1
02-01-2024 13:00,EST,CAPITL,61757,26.89,1.19,-2.9,1
02-01-2024 14:00,EST,CAPITL,61757,27.68,1.26,-2.7,1
02-01-2024 15:00,EST,CAPITL,61757,32.24,1.31,-6.69,1
02-01-2024 16:00,EST,CAPITL,61757,36.44,1.65,-5.36,1
02-01-2024 17:00,EST,CAPITL,61757,50.6,1.97,-15.27,1
02-01-2024 18:00,EST,CAPITL,61757,43.1,1.87,-10.12,1
02-01-2024 19:00,EST,CAPITL,61757,38.98,1.68,-8.85,1
02-01-2024 20:00,EST,CAPITL,61757,33.61,1.61,-4.69,1
02-01-2024 21:00,EST,CAPITL,61757,31.99,1.55,-2.7,1
02-01-2024 22:00,EST,CAPITL,61757,29.12,1.34,-3.47,1
02-01-2024 23:00,EST,CAPITL,61757,26.51,1.33,0,1
03-01-2024 00:00,EST,CAPITL,61757,30.04,1.38,0,1
03-01-2024 01:00,EST,CAPITL,61757,28,1.28,0,1
03-01-2024 02:00,EST,CAPITL,61757,27.37,1.23,0,1
03-01-2024 03:00,EST,CAPITL,61757,26.62,1.22,0,1
03-01-2024 04:00,EST,CAPITL,61757,27.9,1.28,0,1
03-01-2024 05:00,EST,CAPITL,61757,29.29,1.42,0,1
03-01-2024 06:00,EST,CAPITL,61757,39.55,1.95,0,1
03-01-2024 07:00,EST,CAPITL,61757,45.06,2.27,0,1
03-01-2024 08:00,EST,CAPITL,61757,39.55,1.85,0,1
03-01-2024 09:00,EST,CAPITL,61757,33.6,1.38,0,1
03-01-2024 10:00,EST,CAPITL,61757,30.88,1.22,0,1
03-01-2024 11:00,EST,CAPITL,61757,29.94,1.18,0,1
03-01-2024 12:00,EST,CAPITL,61757,29.33,1.13,0,1
03-01-2024 13:00,EST,CAPITL,61757,29.99,1.21,0,1
03-01-2024 14:00,EST,CAPITL,61757,31.31,1.32,0,1
03-01-2024 15:00,EST,CAPITL,61757,32.87,1.35,0,1
03-01-2024 16:00,EST,CAPITL,61757,37.91,1.63,0,1
03-01-2024 17:00,EST,CAPITL,61757,46.19,2.28,0,1
03-01-2024 18:00,EST,CAPITL,61757,41.46,1.97,0,1
03-01-2024 19:00,EST,CAPITL,61757,39.13,1.83,0,1
03-01-2024 20:00,EST,CAPITL,61757,34.18,1.47,0,1
03-01-2024 21:00,EST,CAPITL,61757,32.06,1.38,0,1
03-01-2024 22:00,EST,CAPITL,61757,29.68,1.28,0,1
03-01-2024 23:00,EST,CAPITL,61757,29.2,1.26,0,1
04-01-2024 00:00,EST,CAPITL,61757,29.36,1.16,0,1
04-01-2024 01:00,EST,CAPITL,61757,27.68,1.12,0,1
04-01-2024 02:00,EST,CAPITL,61757,26.78,1.13,0,1
04-01-2024 03:00,EST,CAPITL,61757,26.2,1.1,0,1
04-01-2024 04:00,EST,CAPITL,61757,26.42,1.09,0,1
04-01-2024 05:00,EST,CAPITL,61757,28.47,1.17,0,1
04-01-2024 06:00,EST,CAPITL,61757,35.27,1.58,0,1
04-01-2024 07:00,EST,CAPITL,61757,41.92,1.81,0,1
04-01-2024 08:00,EST,CAPITL,61757,39.88,1.75,0,1
04-01-2024 09:00,EST,CAPITL,61757,36.79,1.55,0,1
04-01-2024 10:00,EST,CAPITL,61757,37.41,1.58,0,1
04-01-2024 11:00,EST,CAPITL,61757,36.44,1.57,0,1
04-01-2024 12:00,EST,CAPITL,61757,35.47,1.43,0,1
04-01-2024 13:00,EST,CAPITL,61757,35.37,1.39,0,1
04-01-2024 14:00,EST,CAPITL,61757,36.45,1.47,0,1
04-01-2024 15:00,EST,CAPITL,61757,37.91,1.56,0,1
04-01-2024 16:00,EST,CAPITL,61757,43.75,2.04,0,1
04-01-2024 17:00,EST,CAPITL,61757,53.94,2.86,0,1
04-01-2024 18:00,EST,CAPITL,61757,49.53,2.76,0,1
04-01-2024 19:00,EST,CAPITL,61757,46.33,2.37,0,1
04-01-2024 20:00,EST,CAPITL,61757,42.67,2.18,0,1
04-01-2024 21:00,EST,CAPITL,61757,41.65,2.13,0,1
04-01-2024 22:00,EST,CAPITL,61757,38.74,1.77,0,1
04-01-2024 23:00,EST,CAPITL,61757,37.71,1.76,0,1
05-01-2024 00:00,EST,CAPITL,61757,46.09,2.23,-0.08,1
05-01-2024 01:00,EST,CAPITL,61757,45.87,2.14,0,1
05-01-2024 02:00,EST,CAPITL,61757,45.5,2.12,0,1
05-01-2024 03:00,EST,CAPITL,61757,44.73,2.13,0,1
05-01-2024 04:00,EST,CAPITL,61757,44.04,2.02,0,1
05-01-2024 05:00,EST,CAPITL,61757,46.41,2.46,0,1
05-01-2024 06:00,EST,CAPITL,61757,58.66,3.06,0,1
05-01-2024 07:00,EST,CAPITL,61757,73.78,2.94,-15.42,1
05-01-2024 08:00,EST,CAPITL,61757,69.2,2.66,-15.36,1
05-01-2024 09:00,EST,CAPITL,61757,56.81,2.2,-10.56,1
05-01-2024 10:00,EST,CAPITL,61757,48.64,1.93,-2.89,1
05-01-2024 11:00,EST,CAPITL,61757,49.36,1.81,-4.32,1
05-01-2024 12:00,EST,CAPITL,61757,46.03,1.67,-2.69,1
05-01-2024 13:00,EST,CAPITL,61757,48.44,1.6,-6.85,1
05-01-2024 14:00,EST,CAPITL,61757,51.03,1.68,-9.45,1
05-01-2024 15:00,EST,CAPITL,61757,57.87,1.86,-13.76,1
05-01-2024 16:00,EST,CAPITL,61757,65.7,2.07,-19.58,1
05-01-2024 17:00,EST,CAPITL,61757,81.78,2.39,-30.63,1
05-01-2024 18:00,EST,CAPITL,61757,75.45,2.22,-28,1
05-01-2024 19:00,EST,CAPITL,61757,68.98,2.21,-22.55,1
05-01-2024 20:00,EST,CAPITL,61757,62.37,2.11,-16.27,1
05-01-2024 21:00,EST,CAPITL,61757,59.74,2.02,-13.86,1
05-01-2024 22:00,EST,CAPITL,61757,53.45,1.97,-7.66,1
05-01-2024 23:00,EST,CAPITL,61757,54.05,2.1,-8.13,1
06-01-2024 00:00,EST,CAPITL,61757,45.2,2.19,0,1
06-01-2024 01:00,EST,CAPITL,61757,44.89,2.06,0,1
06-01-2024 02:00,EST,CAPITL,61757,42.53,1.87,0,1
06-01-2024 03:00,EST,CAPITL,61757,41.72,1.84,0,1
06-01-2024 04:00,EST,CAPITL,61757,41.81,1.84,0,1
06-01-2024 05:00,EST,CAPITL,61757,42.81,1.88,0,1
06-01-2024 06:00,EST,CAPITL,61757,45.11,2.15,0,1
06-01-2024 07:00,EST,CAPITL,61757,45.56,2.33,0,1
06-01-2024 08:00,EST,CAPITL,61757,44.12,2.26,0,1
06-01-2024 09:00,EST,CAPITL,61757,46.67,2.31,0,1
06-01-2024 10:00,EST,CAPITL,61757,45.34,2.24,0,1
06-01-2024 11:00,EST,CAPITL,61757,47.1,2.45,0,1
06-01-2024 12:00,EST,CAPITL,61757,45.38,2.24,0,1
06-01-2024 13:00,EST,CAPITL,61757,45.11,2.11,0,1
06-01-2024 14:00,EST,CAPITL,61757,45.16,2.11,0,1
06-01-2024 15:00,EST,CAPITL,61757,48.16,2.3,-1.61,1
06-01-2024 16:00,EST,CAPITL,61757,53.02,2.6,-3.21,1
06-01-2024 17:00,EST,CAPITL,61757,60.05,2.65,-8.24,1
06-01-2024 18:00,EST,CAPITL,61757,53.14,2.29,-7.58,1
06-01-2024 19:00,EST,CAPITL,61757,51.5,2.29,-5.99,1
06-01-2024 20:00,EST,CAPITL,61757,45.45,2.24,-0.11,1
06-01-2024 21:00,EST,CAPITL,61757,43.92,1.97,0,1
06-01-2024 22:00,EST,CAPITL,61757,42.49,1.95,0,1
06-01-2024 23:00,EST,CAPITL,61757,42.08,1.85,0,1
07-01-2024 00:00,EST,CAPITL,61757,41.06,1.54,0,1
07-01-2024 01:00,EST,CAPITL,61757,37.86,1.39,0,1
07-01-2024 02:00,EST,CAPITL,61757,35.14,1.22,0,1
07-01-2024 03:00,EST,CAPITL,61757,35.71,1.24,0,1
07-01-2024 04:00,EST,CAPITL,61757,34.74,1.17,0,1
07-01-2024 05:00,EST,CAPITL,61757,35,1.18,0,1
07-01-2024 06:00,EST,CAPITL,61757,35.03,1.22,0,1
07-01-2024 07:00,EST,CAPITL,61757,37.19,1.26,0,1
07-01-2024 08:00,EST,CAPITL,61757,39.36,1.44,0,1
07-01-2024 09:00,EST,CAPITL,61757,44.93,1.89,0,1
07-01-2024 10:00,EST,CAPITL,61757,49.93,2.47,0,1
07-01-2024 11:00,EST,CAPITL,61757,49.91,2.56,0,1
07-01-2024 12:00,EST,CAPITL,61757,48.78,2.41,0,1
07-01-2024 13:00,EST,CAPITL,61757,49.58,2.4,0,1
07-01-2024 14:00,EST,CAPITL,61757,49.96,2.42,0,1
07-01-2024 15:00,EST,CAPITL,61757,49.87,2.42,0,1
07-01-2024 16:00,EST,CAPITL,61757,51.04,2.52,0,1
07-01-2024 17:00,EST,CAPITL,61757,58.74,2.95,0,1
07-01-2024 18:00,EST,CAPITL,61757,55.33,2.68,0,1
07-01-2024 19:00,EST,CAPITL,61757,48.68,2.32,0,1
07-01-2024 20:00,EST,CAPITL,61757,47.79,2.36,0,1
07-01-2024 21:00,EST,CAPITL,61757,44.76,1.88,0,1
07-01-2024 22:00,EST,CAPITL,61757,40.25,1.4,0,1
07-01-2024 23:00,EST,CAPITL,61757,38.26,1.26,0,1
08-01-2024 00:00,EST,CAPITL,61757,33.48,1.29,0,1
08-01-2024 01:00,EST,CAPITL,61757,32.99,1.27,0,1
08-01-2024 02:00,EST,CAPITL,61757,32.75,1.29,0,1
08-01-2024 03:00,EST,CAPITL,61757,31.77,1.28,0,1
08-01-2024 04:00,EST,CAPITL,61757,33.31,1.19,0,1
08-01-2024 05:00,EST,CAPITL,61757,33.92,1.27,0,1
08-01-2024 06:00,EST,CAPITL,61757,46.36,1.91,0,1
08-01-2024 07:00,EST,CAPITL,61757,50.48,2.22,0,1
08-01-2024 08:00,EST,CAPITL,61757,50.41,2.35,0,1
08-01-2024 09:00,EST,CAPITL,61757,48.41,2.22,0,1
08-01-2024 10:00,EST,CAPITL,61757,44.28,1.74,0,1
08-01-2024 11:00,EST,CAPITL,61757,44.55,1.63,0,1
08-01-2024 12:00,EST,CAPITL,61757,42.29,1.39,0,1
08-01-2024 13:00,EST,CAPITL,61757,42.16,1.34,0,1
08-01-2024 14:00,EST,CAPITL,61757,42.26,1.27,0,1
08-01-2024 15:00,EST,CAPITL,61757,44.68,1.64,0,1
08-01-2024 16:00,EST,CAPITL,61757,49.28,2.17,0,1
08-01-2024 17:00,EST,CAPITL,61757,59.56,3.05,0,1
08-01-2024 18:00,EST,CAPITL,61757,58.93,2.81,0,1
08-01-2024 19:00,EST,CAPITL,61757,52.09,2.39,0,1
08-01-2024 20:00,EST,CAPITL,61757,48.41,2.22,0,1
08-01-2024 21:00,EST,CAPITL,61757,45.12,2.03,0,1
08-01-2024 22:00,EST,CAPITL,61757,41.73,1.45,0,1
08-01-2024 23:00,EST,CAPITL,61757,37.91,1.25,0,1
09-01-2024 00:00,EST,CAPITL,61757,34.92,1.28,0,1
09-01-2024 01:00,EST,CAPITL,61757,32.36,1.21,0,1
09-01-2024 02:00,EST,CAPITL,61757,31.66,1.22,0,1
09-01-2024 03:00,EST,CAPITL,61757,31.24,1.17,0,1
09-01-2024 04:00,EST,CAPITL,61757,31.11,1.14,0,1
09-01-2024 05:00,EST,CAPITL,61757,33.5,1.29,0,1
09-01-2024 06:00,EST,CAPITL,61757,41.53,1.83,0,1
09-01-2024 07:00,EST,CAPITL,61757,45.15,2.19,0,1
09-01-2024 08:00,EST,CAPITL,61757,45.9,2.23,-0.66,1
09-01-2024 09:00,EST,CAPITL,61757,45.53,2.17,0,1
09-01-2024 10:00,EST,CAPITL,61757,43.51,1.79,0,1
09-01-2024 11:00,EST,CAPITL,61757,42.77,1.72,0,1
09-01-2024 12:00,EST,CAPITL,61757,41.75,1.68,0,1
09-01-2024 13:00,EST,CAPITL,61757,41.52,1.67,0,1
09-01-2024 14:00,EST,CAPITL,61757,41.13,1.66,0,1
09-01-2024 15:00,EST,CAPITL,61757,42.2,1.7,0,1
09-01-2024 16:00,EST,CAPITL,61757,42.53,1.79,0,1
09-01-2024 17:00,EST,CAPITL,61757,44.94,2.02,0,1
09-01-2024 18:00,EST,CAPITL,61757,43.53,1.75,0,1
09-01-2024 19:00,EST,CAPITL,61757,39.8,1.68,0,1
09-01-2024 20:00,EST,CAPITL,61757,36.27,1.6,0,1
09-01-2024 21:00,EST,CAPITL,61757,35.05,1.61,0,1
09-01-2024 22:00,EST,CAPITL,61757,32.13,1.41,0,1
09-01-2024 23:00,EST,CAPITL,61757,30.84,1.5,0,1
10-01-2024 00:00,EST,CAPITL,61757,29.64,1.19,0,1
10-01-2024 01:00,EST,CAPITL,61757,28.71,1.18,0,1
10-01-2024 02:00,EST,CAPITL,61757,28.32,1.14,0,1
10-01-2024 03:00,EST,CAPITL,61757,27.36,1.1,0,1
10-01-2024 04:00,EST,CAPITL,61757,27.76,1.07,0,1
10-01-2024 05:00,EST,CAPITL,61757,29.13,1.09,0,1
10-01-2024 06:00,EST,CAPITL,61757,32.59,1.1,0,1
10-01-2024 07:00,EST,CAPITL,61757,35.45,1.17,0,1
10-01-2024 08:00,EST,CAPITL,61757,37.07,1.22,0,1
10-01-2024 09:00,EST,CAPITL,61757,36.63,1.14,0,1
10-01-2024 10:00,EST,CAPITL,61757,35.47,1.1,0,1
10-01-2024 11:00,EST,CAPITL,61757,35.24,1.09,0,1
10-01-2024 12:00,EST,CAPITL,61757,34.02,1.05,0,1
10-01-2024 13:00,EST,CAPITL,61757,33.95,1.08,0,1
10-01-2024 14:00,EST,CAPITL,61757,34.56,1.1,0,1
10-01-2024 15:00,EST,CAPITL,61757,36.2,1.19,0,1
10-01-2024 16:00,EST,CAPITL,61757,39.32,1.44,0,1
10-01-2024 17:00,EST,CAPITL,61757,45.07,2.02,0,1
10-01-2024 18:00,EST,CAPITL,61757,44.9,1.98,0,1
10-01-2024 19:00,EST,CAPITL,61757,40.87,1.61,0,1
10-01-2024 20:00,EST,CAPITL,61757,37.84,1.52,0,1
10-01-2024 21:00,EST,CAPITL,61757,35.37,1.23,0,1
10-01-2024 22:00,EST,CAPITL,61757,32.34,1.27,0,1
10-01-2024 23:00,EST,CAPITL,61757,30.38,1.11,0,1
11-01-2024 00:00,EST,CAPITL,61757,33.97,1.43,0,1
11-01-2024 01:00,EST,CAPITL,61757,31.73,1.34,0,1
11-01-2024 02:00,EST,CAPITL,61757,31.18,1.28,0,1
11-01-2024 03:00,EST,CAPITL,61757,30.38,1.25,0,1
11-01-2024 04:00,EST,CAPITL,61757,31.55,1.27,0,1
11-01-2024 05:00,EST,CAPITL,61757,34.98,1.28,0,1
11-01-2024 06:00,EST,CAPITL,61757,44.77,1.8,0,1
11-01-2024 07:00,EST,CAPITL,61757,49.19,2.34,0,1
11-01-2024 08:00,EST,CAPITL,61757,47.89,2.19,0,1
11-01-2024 09:00,EST,CAPITL,61757,45.08,1.94,0,1
11-01-2024 10:00,EST,CAPITL,61757,42.26,1.35,0,1
11-01-2024 11:00,EST,CAPITL,61757,41.42,1.36,0,1
11-01-2024 12:00,EST,CAPITL,61757,41.33,1.36,0,1
11-01-2024 13:00,EST,CAPITL,61757,42.7,1.44,0,1
11-01-2024 14:00,EST,CAPITL,61757,43.76,1.56,0,1
11-01-2024 15:00,EST,CAPITL,61757,45.21,2.03,0,1
11-01-2024 16:00,EST,CAPITL,61757,50.45,2.36,0,1
11-01-2024 17:00,EST,CAPITL,61757,59.06,3.13,0,1
11-01-2024 18:00,EST,CAPITL,61757,56.6,2.9,0,1
11-01-2024 19:00,EST,CAPITL,61757,50.29,2.53,0,1
11-01-2024 20:00,EST,CAPITL,61757,46.28,2.37,0,1
11-01-2024 21:00,EST,CAPITL,61757,44.08,1.86,0,1
11-01-2024 22:00,EST,CAPITL,61757,41.12,1.69,0,1
11-01-2024 23:00,EST,CAPITL,61757,38.28,1.47,0,1
12-01-2024 00:00,EST,CAPITL,61757,36.75,1.24,0,1
12-01-2024 01:00,EST,CAPITL,61757,35.12,1.16,0,1
12-01-2024 02:00,EST,CAPITL,61757,35.2,1.19,0,1
12-01-2024 03:00,EST,CAPITL,61757,35.36,1.2,0,1
12-01-2024 04:00,EST,CAPITL,61757,35.96,1.25,0,1
12-01-2024 05:00,EST,CAPITL,61757,38.72,1.38,0,1
12-01-2024 06:00,EST,CAPITL,61757,46.79,1.93,0,1
12-01-2024 07:00,EST,CAPITL,61757,53.9,2.22,0,1
12-01-2024 08:00,EST,CAPITL,61757,51.85,2.04,0,1
12-01-2024 09:00,EST,CAPITL,61757,44.78,1.64,0,1
12-01-2024 10:00,EST,CAPITL,61757,42.34,1.15,0,1
12-01-2024 11:00,EST,CAPITL,61757,39.96,1.05,0,1
12-01-2024 12:00,EST,CAPITL,61757,38.48,1.01,0,1
12-01-2024 13:00,EST,CAPITL,61757,37.54,1.02,0,1
12-01-2024 14:00,EST,CAPITL,61757,38.2,1.11,0,1
12-01-2024 15:00,EST,CAPITL,61757,40.07,1.32,0,1
12-01-2024 16:00,EST,CAPITL,61757,44.42,1.54,0,1
12-01-2024 17:00,EST,CAPITL,61757,51.01,2.2,0,1
12-01-2024 18:00,EST,CAPITL,61757,47.66,2.1,0,1
12-01-2024 19:00,EST,CAPITL,61757,44.35,1.79,0,1
12-01-2024 20:00,EST,CAPITL,61757,39.97,1.76,0,1
12-01-2024 21:00,EST,CAPITL,61757,37.89,1.7,0,1
12-01-2024 22:00,EST,CAPITL,61757,35.53,1.53,0,1
12-01-2024 23:00,EST,CAPITL,61757,34.54,1.42,0,1
13-01-2024 00:00,EST,CAPITL,61757,36.71,1.45,0,1
13-01-2024 01:00,EST,CAPITL,61757,34.37,1.32,0,1
13-01-2024 02:00,EST,CAPITL,61757,32.37,1.28,0,1
13-01-2024 03:00,EST,CAPITL,61757,31.42,1.24,0,1
13-01-2024 04:00,EST,CAPITL,61757,32.18,1.21,0,1
13-01-2024 05:00,EST,CAPITL,61757,32.1,1.17,0,1
13-01-2024 06:00,EST,CAPITL,61757,33.46,1.29,0,1
13-01-2024 07:00,EST,CAPITL,61757,37.47,1.41,0,1
13-01-2024 08:00,EST,CAPITL,61757,38.99,1.43,0,1
13-01-2024 09:00,EST,CAPITL,61757,37.77,1.42,0,1
13-01-2024 10:00,EST,CAPITL,61757,50.72,2.51,0,1
13-01-2024 11:00,EST,CAPITL,61757,49.75,2.45,-0.24,1
13-01-2024 12:00,EST,CAPITL,61757,49.68,2.16,-4.34,1
13-01-2024 13:00,EST,CAPITL,61757,48.68,2.12,-3.38,1
13-01-2024 14:00,EST,CAPITL,61757,50.47,2.11,-5.26,1
13-01-2024 15:00,EST,CAPITL,61757,57.88,2.25,-12.41,1
13-01-2024 16:00,EST,CAPITL,61757,68.48,2.36,-22.36,1
13-01-2024 17:00,EST,CAPITL,61757,89.06,2.84,-34.63,1
13-01-2024 18:00,EST,CAPITL,61757,79.86,2.87,-23.85,1
13-01-2024 19:00,EST,CAPITL,61757,74.48,2.59,-24.76,1
13-01-2024 20:00,EST,CAPITL,61757,63.94,2.85,-9.21,1
13-01-2024 21:00,EST,CAPITL,61757,59.58,2.54,-10.75,1
13-01-2024 22:00,EST,CAPITL,61757,51.4,2.66,-0.36,1
13-01-2024 23:00,EST,CAPITL,61757,48.31,2.56,0,1
14-01-2024 00:00,EST,CAPITL,61757,68.69,3.21,-9.1,1
14-01-2024 01:00,EST,CAPITL,61757,65.32,3.14,-6.02,1
14-01-2024 02:00,EST,CAPITL,61757,61.9,3.14,-2.73,1
14-01-2024 03:00,EST,CAPITL,61757,60.63,3.08,-1.46,1
14-01-2024 04:00,EST,CAPITL,61757,60.22,3.14,-0.99,1
14-01-2024 05:00,EST,CAPITL,61757,64.1,3.2,-4.74,1
14-01-2024 06:00,EST,CAPITL,61757,66.58,3.15,-7.16,1
14-01-2024 07:00,EST,CAPITL,61757,62.92,3.15,-3.5,1
14-01-2024 08:00,EST,CAPITL,61757,68.58,3.14,-9.41,1
14-01-2024 09:00,EST,CAPITL,61757,66.98,3.24,-6.87,1
14-01-2024 10:00,EST,CAPITL,61757,98.03,2.99,-38.52,1
14-01-2024 11:00,EST,CAPITL,61757,99.72,3.05,-40.08,1
14-01-2024 12:00,EST,CAPITL,61757,99.04,3,-39.4,1
14-01-2024 13:00,EST,CAPITL,61757,105.58,2.94,-46,1
14-01-2024 14:00,EST,CAPITL,61757,107.58,3,-47.94,1
14-01-2024 15:00,EST,CAPITL,61757,111.66,2.95,-52.02,1
14-01-2024 16:00,EST,CAPITL,61757,129,3.4,-62.67,1
14-01-2024 17:00,EST,CAPITL,61757,155.34,4.79,-61.81,1
14-01-2024 18:00,EST,CAPITL,61757,149.01,5.65,-38.64,1
14-01-2024 19:00,EST,CAPITL,61757,149.24,5.31,-47.32,1
14-01-2024 20:00,EST,CAPITL,61757,137.67,4.24,-54.79,1
14-01-2024 21:00,EST,CAPITL,61757,139.57,3.59,-76.11,1
14-01-2024 22:00,EST,CAPITL,61757,128.27,3.54,-64.73,1
14-01-2024 23:00,EST,CAPITL,61757,120.6,3.77,-54.06,1
15-01-2024 00:00,EST,CAPITL,61757,121.19,4.63,-39.36,1
15-01-2024 01:00,EST,CAPITL,61757,123.49,4.5,-45.2,1
15-01-2024 02:00,EST,CAPITL,61757,117.36,4.45,-38.66,1
15-01-2024 03:00,EST,CAPITL,61757,115,4.26,-39.69,1
15-01-2024 04:00,EST,CAPITL,61757,116.44,4.51,-35.47,1
15-01-2024 05:00,EST,CAPITL,61757,126.4,6.27,-17.27,1
15-01-2024 06:00,EST,CAPITL,61757,151.67,8.5,-10.5,1
15-01-2024 07:00,EST,CAPITL,61757,170.36,8.94,-12.45,1
15-01-2024 08:00,EST,CAPITL,61757,163.84,8.92,-8.78,1
15-01-2024 09:00,EST,CAPITL,61757,149.15,7.49,-18.94,1
15-01-2024 10:00,EST,CAPITL,61757,151.06,6.91,-30.95,1
15-01-2024 11:00,EST,CAPITL,61757,146.76,5.62,-47.56,1
15-01-2024 12:00,EST,CAPITL,61757,137.6,5.32,-43.54,1
15-01-2024 13:00,EST,CAPITL,61757,141.86,4.99,-53.78,1
15-01-2024 14:00,EST,CAPITL,61757,151.06,4.88,-64.81,1
15-01-2024 15:00,EST,CAPITL,61757,163,5.77,-48.27,1
15-01-2024 16:00,EST,CAPITL,61757,189.63,7.93,-31.96,1
15-01-2024 17:00,EST,CAPITL,61757,241.59,9.76,-57.51,1
15-01-2024 18:00,EST,CAPITL,61757,236.62,8.76,-71.39,1
15-01-2024 19:00,EST,CAPITL,61757,214.28,8.07,-56.61,1
15-01-2024 20:00,EST,CAPITL,61757,190.76,7.54,-46.01,1
15-01-2024 21:00,EST,CAPITL,61757,182.98,6.01,-67.56,1
15-01-2024 22:00,EST,CAPITL,61757,161.62,4.89,-64.32,1
15-01-2024 23:00,EST,CAPITL,61757,140.88,5.42,-40.28,1
16-01-2024 00:00,EST,CAPITL,61757,150.85,5.41,-46.95,1
16-01-2024 01:00,EST,CAPITL,61757,147.34,5.07,-50.11,1
16-01-2024 02:00,EST,CAPITL,61757,139.87,5,-43.84,1
16-01-2024 03:00,EST,CAPITL,61757,141.02,4.91,-45.15,1
16-01-2024 04:00,EST,CAPITL,61757,139.84,5.18,-38.64,1
16-01-2024 05:00,EST,CAPITL,61757,139.86,7.53,-0.24,1
16-01-2024 06:00,EST,CAPITL,61757,162.75,9.07,0,1
16-01-2024 07:00,EST,CAPITL,61757,168.02,8.6,0,1
16-01-2024 08:00,EST,CAPITL,61757,185.03,9.81,0,1
16-01-2024 09:00,EST,CAPITL,61757,175.65,9.15,0,1
16-01-2024 10:00,EST,CAPITL,61757,185.91,9.35,0,1
16-01-2024 11:00,EST,CAPITL,61757,177.39,9.24,0,1
16-01-2024 12:00,EST,CAPITL,61757,167.81,9.35,0,1
16-01-2024 13:00,EST,CAPITL,61757,170.01,8.31,-18.41,1
16-01-2024 14:00,EST,CAPITL,61757,168.47,9.08,0,1
16-01-2024 15:00,EST,CAPITL,61757,177.31,8.76,0,1
16-01-2024 16:00,EST,CAPITL,61757,188.66,9.15,0,1
16-01-2024 17:00,EST,CAPITL,61757,248.29,12.04,0,1
16-01-2024 18:00,EST,CAPITL,61757,238.65,11.57,0,1
16-01-2024 19:00,EST,CAPITL,61757,199.03,10.19,0,1
16-01-2024 20:00,EST,CAPITL,61757,178.57,9.14,0,1
16-01-2024 21:00,EST,CAPITL,61757,169.93,8.46,-7.5,1
16-01-2024 22:00,EST,CAPITL,61757,167.42,5.76,-64.09,1
16-01-2024 23:00,EST,CAPITL,61757,164.05,5.74,-65.77,1
17-01-2024 00:00,EST,CAPITL,61757,147.93,4.94,-57.78,1
17-01-2024 01:00,EST,CAPITL,61757,135.49,4.6,-50.18,1
17-01-2024 02:00,EST,CAPITL,61757,130.1,4.57,-42.38,1
17-01-2024 03:00,EST,CAPITL,61757,130.39,4.31,-46.18,1
17-01-2024 04:00,EST,CAPITL,61757,132.42,4.12,-51.95,1
17-01-2024 05:00,EST,CAPITL,61757,141.57,4.75,-43.69,1
17-01-2024 06:00,EST,CAPITL,61757,168.57,7.68,-39.1,1
17-01-2024 07:00,EST,CAPITL,61757,199.23,8.13,-57.91,1
17-01-2024 08:00,EST,CAPITL,61757,174.02,7.63,-41.36,1
17-01-2024 09:00,EST,CAPITL,61757,171.7,6.46,-55.75,1
17-01-2024 10:00,EST,CAPITL,61757,157.65,5.57,-52.49,1
17-01-2024 11:00,EST,CAPITL,61757,151.92,4.78,-60.14,1
17-01-2024 12:00,EST,CAPITL,61757,151.54,4.67,-63.42,1
17-01-2024 13:00,EST,CAPITL,61757,150.32,4.58,-63.94,1
17-01-2024 14:00,EST,CAPITL,61757,155.08,4.43,-71.4,1
17-01-2024 15:00,EST,CAPITL,61757,158.67,5.39,-61.82,1
17-01-2024 16:00,EST,CAPITL,61757,164.11,6.35,-55.4,1
17-01-2024 17:00,EST,CAPITL,61757,209.05,8.68,-68.83,1
17-01-2024 18:00,EST,CAPITL,61757,187.92,8.29,-53.96,1
17-01-2024 19:00,EST,CAPITL,61757,180,7.41,-58.45,1
17-01-2024 20:00,EST,CAPITL,61757,173.07,6.27,-64.03,1
17-01-2024 21:00,EST,CAPITL,61757,173.1,5.33,-77.47,1
17-01-2024 22:00,EST,CAPITL,61757,159.07,4.8,-70.01,1
17-01-2024 23:00,EST,CAPITL,61757,148.41,4.92,-57.2,1
18-01-2024 00:00,EST,CAPITL,61757,154.61,3.22,-94.89,1
18-01-2024 01:00,EST,CAPITL,61757,145.23,3.15,-85.75,1
18-01-2024 02:00,EST,CAPITL,61757,140.69,3.21,-81.21,1
18-01-2024 03:00,EST,CAPITL,61757,139.56,3.04,-80.19,1
18-01-2024 04:00,EST,CAPITL,61757,142.71,3.1,-83.16,1
18-01-2024 05:00,EST,CAPITL,61757,163.19,3.11,-103.4,1
18-01-2024 06:00,EST,CAPITL,61757,184.73,4.46,-107.1,1
18-01-2024 07:00,EST,CAPITL,61757,217.86,4.57,-135.85,1
18-01-2024 08:00,EST,CAPITL,61757,171.39,4.85,-88.29,1
18-01-2024 09:00,EST,CAPITL,61757,161.81,4.32,-86.62,1
18-01-2024 10:00,EST,CAPITL,61757,141.41,4.04,-71.12,1
18-01-2024 11:00,EST,CAPITL,61757,140.5,3.66,-77.9,1
18-01-2024 12:00,EST,CAPITL,61757,138.23,3.45,-78.22,1
18-01-2024 13:00,EST,CAPITL,61757,132.71,3.45,-72.69,1
18-01-2024 14:00,EST,CAPITL,61757,137.76,3.63,-75.62,1
18-01-2024 15:00,EST,CAPITL,61757,139.51,3.71,-75.99,1
18-01-2024 16:00,EST,CAPITL,61757,134.6,4.5,-58.66,1
18-01-2024 17:00,EST,CAPITL,61757,185.72,5.17,-98.51,1
18-01-2024 18:00,EST,CAPITL,61757,178.55,5.02,-95.22,1
18-01-2024 19:00,EST,CAPITL,61757,153.33,4.56,-77.57,1
18-01-2024 20:00,EST,CAPITL,61757,151.1,4.04,-84.07,1
18-01-2024 21:00,EST,CAPITL,61757,137.55,3.76,-74.17,1
18-01-2024 22:00,EST,CAPITL,61757,126.8,3.5,-66.79,1
18-01-2024 23:00,EST,CAPITL,61757,122.6,3.29,-62.48,1
19-01-2024 00:00,EST,CAPITL,61757,94.11,3.09,-34.81,1
19-01-2024 01:00,EST,CAPITL,61757,84.18,3.03,-25.07,1
19-01-2024 02:00,EST,CAPITL,61757,79.52,3.09,-20.28,1
19-01-2024 03:00,EST,CAPITL,61757,79.19,3.09,-19.94,1
19-01-2024 04:00,EST,CAPITL,61757,81.61,3.15,-22.25,1
19-01-2024 05:00,EST,CAPITL,61757,96.91,3.21,-37.31,1
19-01-2024 06:00,EST,CAPITL,61757,132.06,3.58,-67.78,1
19-01-2024 07:00,EST,CAPITL,61757,166.16,3.6,-101.55,1
19-01-2024 08:00,EST,CAPITL,61757,137.19,4.12,-66.58,1
19-01-2024 09:00,EST,CAPITL,61757,133.13,4.31,-60.49,1
19-01-2024 10:00,EST,CAPITL,61757,127.25,4.35,-53.84,1
19-01-2024 11:00,EST,CAPITL,61757,127,3.94,-60.54,1
19-01-2024 12:00,EST,CAPITL,61757,122.07,3.7,-58.68,1
19-01-2024 13:00,EST,CAPITL,61757,120.76,3.6,-59.08,1
19-01-2024 14:00,EST,CAPITL,61757,119.54,3.51,-58.5,1
19-01-2024 15:00,EST,CAPITL,61757,120.59,3.51,-60.52,1
19-01-2024 16:00,EST,CAPITL,61757,127.82,4.4,-54.67,1
19-01-2024 17:00,EST,CAPITL,61757,148.17,4.6,-72.68,1
19-01-2024 18:00,EST,CAPITL,61757,143.75,4.32,-72.03,1
19-01-2024 19:00,EST,CAPITL,61757,134.87,4.36,-62.53,1
19-01-2024 20:00,EST,CAPITL,61757,126.85,3.75,-62.59,1
19-01-2024 21:00,EST,CAPITL,61757,120.07,3.51,-59.95,1
19-01-2024 22:00,EST,CAPITL,61757,114.13,3.38,-54.37,1
19-01-2024 23:00,EST,CAPITL,61757,114.42,3.21,-54.94,1
20-01-2024 00:00,EST,CAPITL,61757,110.17,6.04,0,1
20-01-2024 01:00,EST,CAPITL,61757,105.1,5.95,0,1
20-01-2024 02:00,EST,CAPITL,61757,99.09,5.61,0,1
20-01-2024 03:00,EST,CAPITL,61757,98.16,5.47,0,1
20-01-2024 04:00,EST,CAPITL,61757,100.39,5.61,-1.2,1
20-01-2024 05:00,EST,CAPITL,61757,116.36,5.48,-19.5,1
20-01-2024 06:00,EST,CAPITL,61757,125.23,6.1,-13.98,1
20-01-2024 07:00,EST,CAPITL,61757,142.16,4.59,-55.62,1
20-01-2024 08:00,EST,CAPITL,61757,149.21,7.15,-24.81,1
20-01-2024 09:00,EST,CAPITL,61757,145.31,8.36,0,1
20-01-2024 10:00,EST,CAPITL,61757,148.31,8.53,0,1
20-01-2024 11:00,EST,CAPITL,61757,138.18,7.95,0,1
20-01-2024 12:00,EST,CAPITL,61757,129.09,6.57,-16.63,1
20-01-2024 13:00,EST,CAPITL,61757,130.66,6.14,-23.85,1
20-01-2024 14:00,EST,CAPITL,61757,127.54,6.38,-18.33,1
20-01-2024 15:00,EST,CAPITL,61757,136.84,6.33,-24.92,1
20-01-2024 16:00,EST,CAPITL,61757,137.63,6.54,-25.61,1
20-01-2024 17:00,EST,CAPITL,61757,169.74,6.66,-57.39,1
20-01-2024 18:00,EST,CAPITL,61757,161.04,6.7,-48.12,1
20-01-2024 19:00,EST,CAPITL,61757,148.94,6.47,-36.35,1
20-01-2024 20:00,EST,CAPITL,61757,136.75,5.99,-29.13,1
20-01-2024 21:00,EST,CAPITL,61757,145.21,4.56,-63.36,1
20-01-2024 22:00,EST,CAPITL,61757,147.16,5.62,-44.57,1
20-01-2024 23:00,EST,CAPITL,61757,124.25,5.34,-21.7,1
21-01-2024 00:00,EST,CAPITL,61757,111.6,3.54,-49.05,1
21-01-2024 01:00,EST,CAPITL,61757,103.71,3.49,-42.12,1
21-01-2024 02:00,EST,CAPITL,61757,98.12,3.39,-38.29,1
21-01-2024 03:00,EST,CAPITL,61757,94.65,3.38,-34.88,1
21-01-2024 04:00,EST,CAPITL,61757,97.73,3.44,-37.84,1
21-01-2024 05:00,EST,CAPITL,61757,104.17,3.6,-43.45,1
21-01-2024 06:00,EST,CAPITL,61757,109.61,3.81,-46.3,1
21-01-2024 07:00,EST,CAPITL,61757,120.85,3.29,-61.72,1
21-01-2024 08:00,EST,CAPITL,61757,117.52,3.59,-56.05,1
21-01-2024 09:00,EST,CAPITL,61757,105.88,3.65,-43.34,1
21-01-2024 10:00,EST,CAPITL,61757,106.32,3.43,-45.75,1
21-01-2024 11:00,EST,CAPITL,61757,97.06,3.33,-37.23,1
21-01-2024 12:00,EST,CAPITL,61757,94.44,3.33,-34.61,1
21-01-2024 13:00,EST,CAPITL,61757,90.86,3.21,-31.26,1
21-01-2024 14:00,EST,CAPITL,61757,92.05,3.27,-32.4,1
21-01-2024 15:00,EST,CAPITL,61757,96.54,3.38,-36.78,1
21-01-2024 16:00,EST,CAPITL,61757,109.32,3.65,-46.85,1
21-01-2024 17:00,EST,CAPITL,61757,139.5,3.96,-72.72,1
21-01-2024 18:00,EST,CAPITL,61757,141.11,3.96,-75.25,1
21-01-2024 19:00,EST,CAPITL,61757,120.36,3.68,-57.37,1
21-01-2024 20:00,EST,CAPITL,61757,106.57,3.57,-44.48,1
21-01-2024 21:00,EST,CAPITL,61757,106.77,3.39,-46.88,1
21-01-2024 22:00,EST,CAPITL,61757,97.27,3.33,-37.57,1
21-01-2024 23:00,EST,CAPITL,61757,93.77,3.28,-33.93,1
22-01-2024 00:00,EST,CAPITL,61757,93.47,3.03,-34.35,1
22-01-2024 01:00,EST,CAPITL,61757,93.01,2.64,-42.43,1
22-01-2024 02:00,EST,CAPITL,61757,86.48,2.71,-34.43,1
22-01-2024 03:00,EST,CAPITL,61757,87.22,2.55,-38.31,1
22-01-2024 04:00,EST,CAPITL,61757,90.68,2.66,-40.54,1
22-01-2024 05:00,EST,CAPITL,61757,93.39,3.3,-35.09,1
22-01-2024 06:00,EST,CAPITL,61757,125.08,3.71,-62.48,1
22-01-2024 07:00,EST,CAPITL,61757,136.78,3.5,-75.86,1
22-01-2024 08:00,EST,CAPITL,61757,120.13,3.83,-55.49,1
22-01-2024 09:00,EST,CAPITL,61757,95.81,3.27,-38.02,1
22-01-2024 10:00,EST,CAPITL,61757,75,3.27,-15.41,1
22-01-2024 11:00,EST,CAPITL,61757,69.28,3.03,-13.07,1
22-01-2024 12:00,EST,CAPITL,61757,67.79,2.77,-15.52,1
22-01-2024 13:00,EST,CAPITL,61757,65.51,2.79,-12.93,1
22-01-2024 14:00,EST,CAPITL,61757,66.59,2.82,-14.21,1
22-01-2024 15:00,EST,CAPITL,61757,76.42,3.02,-21.27,1
22-01-2024 16:00,EST,CAPITL,61757,93,3.26,-33.46,1
22-01-2024 17:00,EST,CAPITL,61757,118.45,3.38,-57.81,1
22-01-2024 18:00,EST,CAPITL,61757,109.88,3.39,-49.93,1
22-01-2024 19:00,EST,CAPITL,61757,96.47,3.26,-36.94,1
22-01-2024 20:00,EST,CAPITL,61757,92,2.92,-37.88,1
22-01-2024 21:00,EST,CAPITL,61757,85.55,2.59,-36.76,1
22-01-2024 22:00,EST,CAPITL,61757,68.05,2.34,-23.07,1
22-01-2024 23:00,EST,CAPITL,61757,73.9,2.29,-28.34,1
23-01-2024 00:00,EST,CAPITL,61757,58.89,2.32,-13.65,1
23-01-2024 01:00,EST,CAPITL,61757,54.76,2.31,-9.57,1
23-01-2024 02:00,EST,CAPITL,61757,50.57,2.27,-5.47,1
23-01-2024 03:00,EST,CAPITL,61757,50.03,2.32,-4.75,1
23-01-2024 04:00,EST,CAPITL,61757,49.75,2.33,-4.33,1
23-01-2024 05:00,EST,CAPITL,61757,57.64,2.35,-14.1,1
23-01-2024 06:00,EST,CAPITL,61757,87.39,3.37,-25.87,1
23-01-2024 07:00,EST,CAPITL,61757,93.11,3.2,-33.69,1
23-01-2024 08:00,EST,CAPITL,61757,78.21,3.44,-18.37,1
23-01-2024 09:00,EST,CAPITL,61757,61.24,3.37,-1.66,1
23-01-2024 10:00,EST,CAPITL,61757,54.13,2.53,0,1
23-01-2024 11:00,EST,CAPITL,61757,53.13,2.39,0,1
23-01-2024 12:00,EST,CAPITL,61757,48.81,2.28,0,1
23-01-2024 13:00,EST,CAPITL,61757,50.91,2.33,0,1
23-01-2024 14:00,EST,CAPITL,61757,48.87,2.19,0,1
23-01-2024 15:00,EST,CAPITL,61757,51.22,2.3,0,1
23-01-2024 16:00,EST,CAPITL,61757,58.65,2.84,0,1
23-01-2024 17:00,EST,CAPITL,61757,66.89,3.35,-3.61,1
23-01-2024 18:00,EST,CAPITL,61757,60.62,3.15,-1.25,1
23-01-2024 19:00,EST,CAPITL,61757,57.64,2.8,0,1
23-01-2024 20:00,EST,CAPITL,61757,49.62,2.41,0,1
23-01-2024 21:00,EST,CAPITL,61757,47.03,2.2,0,1
23-01-2024 22:00,EST,CAPITL,61757,42.96,1.65,0,1
23-01-2024 23:00,EST,CAPITL,61757,41.56,1.6,0,1
24-01-2024 00:00,EST,CAPITL,61757,39.85,1.12,0,1
24-01-2024 01:00,EST,CAPITL,61757,37.14,1.01,0,1
24-01-2024 02:00,EST,CAPITL,61757,35.83,0.94,0,1
24-01-2024 03:00,EST,CAPITL,61757,34.2,0.87,0,1
24-01-2024 04:00,EST,CAPITL,61757,35.31,0.93,0,1
24-01-2024 05:00,EST,CAPITL,61757,38.58,1.05,0,1
24-01-2024 06:00,EST,CAPITL,61757,45.04,1.65,0,1
24-01-2024 07:00,EST,CAPITL,61757,49.51,2.04,0,1
24-01-2024 08:00,EST,CAPITL,61757,48.68,2.19,0,1
24-01-2024 09:00,EST,CAPITL,61757,49,2.16,0,1
24-01-2024 10:00,EST,CAPITL,61757,49.91,2.2,0,1
24-01-2024 11:00,EST,CAPITL,61757,49.55,2.18,0,1
24-01-2024 12:00,EST,CAPITL,61757,48.35,2.04,0,1
24-01-2024 13:00,EST,CAPITL,61757,46.96,1.93,0,1
24-01-2024 14:00,EST,CAPITL,61757,44.81,1.81,0,1
24-01-2024 15:00,EST,CAPITL,61757,44.81,1.77,0,1
24-01-2024 16:00,EST,CAPITL,61757,44.87,1.73,0,1
24-01-2024 17:00,EST,CAPITL,61757,47.34,1.91,0,1
24-01-2024 18:00,EST,CAPITL,61757,44.25,1.5,0,1
24-01-2024 19:00,EST,CAPITL,61757,39.77,1.2,0,1
24-01-2024 20:00,EST,CAPITL,61757,39.51,1.22,0,1
24-01-2024 21:00,EST,CAPITL,61757,36.41,1.06,0,1
24-01-2024 22:00,EST,CAPITL,61757,33.94,1.12,0,1
24-01-2024 23:00,EST,CAPITL,61757,33.77,0.98,0,1
25-01-2024 00:00,EST,CAPITL,61757,26.18,0.79,0,1
25-01-2024 01:00,EST,CAPITL,61757,24.88,0.77,0,1
25-01-2024 02:00,EST,CAPITL,61757,24.1,0.75,0,1
25-01-2024 03:00,EST,CAPITL,61757,24.15,0.73,0,1
25-01-2024 04:00,EST,CAPITL,61757,24.59,0.69,0,1
25-01-2024 05:00,EST,CAPITL,61757,26.26,0.59,0,1
25-01-2024 06:00,EST,CAPITL,61757,31.02,0.67,0,1
25-01-2024 07:00,EST,CAPITL,61757,33.62,0.82,0,1
25-01-2024 08:00,EST,CAPITL,61757,35.61,0.97,0,1
25-01-2024 09:00,EST,CAPITL,61757,34.36,0.87,0,1
25-01-2024 10:00,EST,CAPITL,61757,34.21,0.83,0,1
25-01-2024 11:00,EST,CAPITL,61757,34.09,0.86,0,1
25-01-2024 12:00,EST,CAPITL,61757,32.91,0.8,0,1
25-01-2024 13:00,EST,CAPITL,61757,31.83,0.81,0,1
25-01-2024 14:00,EST,CAPITL,61757,32.04,0.81,0,1
25-01-2024 15:00,EST,CAPITL,61757,33,0.87,0,1
25-01-2024 16:00,EST,CAPITL,61757,35.33,1.03,0,1
25-01-2024 17:00,EST,CAPITL,61757,40.1,1.28,0,1
25-01-2024 18:00,EST,CAPITL,61757,35.95,1.11,0,1
25-01-2024 19:00,EST,CAPITL,61757,32.2,1.03,0,1
25-01-2024 20:00,EST,CAPITL,61757,30.7,0.92,0,1
25-01-2024 21:00,EST,CAPITL,61757,28.52,0.83,0,1
25-01-2024 22:00,EST,CAPITL,61757,26.79,0.85,0,1
25-01-2024 23:00,EST,CAPITL,61757,25.95,0.8,0,1
26-01-2024 00:00,EST,CAPITL,61757,25.37,0.72,0,1
26-01-2024 01:00,EST,CAPITL,61757,24.3,0.73,0,1
26-01-2024 02:00,EST,CAPITL,61757,22.86,0.71,0,1
26-01-2024 03:00,EST,CAPITL,61757,22.41,0.71,0,1
26-01-2024 04:00,EST,CAPITL,61757,22.27,0.69,0,1
26-01-2024 05:00,EST,CAPITL,61757,24.91,0.79,0,1
26-01-2024 06:00,EST,CAPITL,61757,29.99,0.99,0,1
26-01-2024 07:00,EST,CAPITL,61757,31.43,1.12,0,1
26-01-2024 08:00,EST,CAPITL,61757,32.78,1.23,0,1
26-01-2024 09:00,EST,CAPITL,61757,31.63,1.16,0,1
26-01-2024 10:00,EST,CAPITL,61757,33.16,1.24,0,1
26-01-2024 11:00,EST,CAPITL,61757,32.04,1.14,0,1
26-01-2024 12:00,EST,CAPITL,61757,31.65,1.07,0,1
26-01-2024 13:00,EST,CAPITL,61757,31.76,1.05,0,1
26-01-2024 14:00,EST,CAPITL,61757,31.81,1.08,0,1
26-01-2024 15:00,EST,CAPITL,61757,31.54,1.04,0,1
26-01-2024 16:00,EST,CAPITL,61757,33.32,1.13,0,1
26-01-2024 17:00,EST,CAPITL,61757,39,1.39,0,1
26-01-2024 18:00,EST,CAPITL,61757,37.54,1.34,0,1
26-01-2024 19:00,EST,CAPITL,61757,31.86,1.11,0,1
26-01-2024 20:00,EST,CAPITL,61757,30.53,1.03,0,1
26-01-2024 21:00,EST,CAPITL,61757,29.74,0.95,0,1
26-01-2024 22:00,EST,CAPITL,61757,27.63,0.78,0,1
26-01-2024 23:00,EST,CAPITL,61757,25.57,0.58,0,1
27-01-2024 00:00,EST,CAPITL,61757,27.81,0.86,0,1
27-01-2024 01:00,EST,CAPITL,61757,25.08,0.73,0,1
27-01-2024 02:00,EST,CAPITL,61757,24.74,0.72,0,1
27-01-2024 03:00,EST,CAPITL,61757,24.29,0.73,0,1
27-01-2024 04:00,EST,CAPITL,61757,24.75,0.75,0,1
27-01-2024 05:00,EST,CAPITL,61757,25.26,0.71,0,1
27-01-2024 06:00,EST,CAPITL,61757,28.03,0.84,0,1
27-01-2024 07:00,EST,CAPITL,61757,29.51,0.97,0,1
27-01-2024 08:00,EST,CAPITL,61757,31.55,1.07,0,1
27-01-2024 09:00,EST,CAPITL,61757,34.04,1.18,0,1
27-01-2024 10:00,EST,CAPITL,61757,34.97,1.28,0,1
27-01-2024 11:00,EST,CAPITL,61757,35.63,1.27,0,1
27-01-2024 12:00,EST,CAPITL,61757,33.91,1.18,0,1
27-01-2024 13:00,EST,CAPITL,61757,33.66,1.17,0,1
27-01-2024 14:00,EST,CAPITL,61757,33.91,1.18,0,1
27-01-2024 15:00,EST,CAPITL,61757,34.52,1.23,0,1
27-01-2024 16:00,EST,CAPITL,61757,37.84,1.42,0,1
27-01-2024 17:00,EST,CAPITL,61757,40.19,1.77,0,1
27-01-2024 18:00,EST,CAPITL,61757,39.65,1.71,0,1
27-01-2024 19:00,EST,CAPITL,61757,37.29,1.44,0,1
27-01-2024 20:00,EST,CAPITL,61757,33.8,1.21,0,1
27-01-2024 21:00,EST,CAPITL,61757,31.13,1.08,0,1
27-01-2024 22:00,EST,CAPITL,61757,29.31,0.99,0,1
27-01-2024 23:00,EST,CAPITL,61757,28.86,0.89,0,1
28-01-2024 00:00,EST,CAPITL,61757,30.93,1.27,0,1
28-01-2024 01:00,EST,CAPITL,61757,28.97,1.19,0,1
28-01-2024 02:00,EST,CAPITL,61757,28.19,1.16,0,1
28-01-2024 03:00,EST,CAPITL,61757,28.01,1.15,0,1
28-01-2024 04:00,EST,CAPITL,61757,27.73,1.12,0,1
28-01-2024 05:00,EST,CAPITL,61757,27.67,1.11,0,1
28-01-2024 06:00,EST,CAPITL,61757,28.88,1.19,0,1
28-01-2024 07:00,EST,CAPITL,61757,27.92,1.13,0,1
28-01-2024 08:00,EST,CAPITL,61757,29.49,1.14,0,1
28-01-2024 09:00,EST,CAPITL,61757,32.63,1.29,0,1
28-01-2024 10:00,EST,CAPITL,61757,35.31,1.49,0,1
28-01-2024 11:00,EST,CAPITL,61757,39.47,1.88,0,1
28-01-2024 12:00,EST,CAPITL,61757,39.4,1.73,0,1
28-01-2024 13:00,EST,CAPITL,61757,39.47,1.81,0,1
28-01-2024 14:00,EST,CAPITL,61757,39.32,1.66,0,1
28-01-2024 15:00,EST,CAPITL,61757,38.74,1.67,0,1
28-01-2024 16:00,EST,CAPITL,61757,39.76,1.86,0,1
28-01-2024 17:00,EST,CAPITL,61757,42.13,2.16,0,1
28-01-2024 18:00,EST,CAPITL,61757,40.31,2.03,0,1
28-01-2024 19:00,EST,CAPITL,61757,39.25,1.69,0,1
28-01-2024 20:00,EST,CAPITL,61757,38,1.57,0,1
28-01-2024 21:00,EST,CAPITL,61757,34.93,1.44,0,1
28-01-2024 22:00,EST,CAPITL,61757,31.8,1.25,0,1
28-01-2024 23:00,EST,CAPITL,61757,30.65,1.18,0,1
29-01-2024 00:00,EST,CAPITL,61757,32.33,1.24,0,1
29-01-2024 01:00,EST,CAPITL,61757,30.93,1.19,0,1
29-01-2024 02:00,EST,CAPITL,61757,29.94,1.18,0,1
29-01-2024 03:00,EST,CAPITL,61757,29.75,1.17,0,1
29-01-2024 04:00,EST,CAPITL,61757,30.27,1.17,0,1
29-01-2024 05:00,EST,CAPITL,61757,31.24,1.14,0,1
29-01-2024 06:00,EST,CAPITL,61757,36.99,1.28,0,1
29-01-2024 07:00,EST,CAPITL,61757,39.75,1.49,0,1
29-01-2024 08:00,EST,CAPITL,61757,40.04,1.58,0,1
29-01-2024 09:00,EST,CAPITL,61757,37.65,1.27,0,1
29-01-2024 10:00,EST,CAPITL,61757,41.05,1.62,0,1
29-01-2024 11:00,EST,CAPITL,61757,40.62,1.67,0,1
29-01-2024 12:00,EST,CAPITL,61757,39.54,1.52,0,1
29-01-2024 13:00,EST,CAPITL,61757,39.58,1.52,0,1
29-01-2024 14:00,EST,CAPITL,61757,39.8,1.6,0,1
29-01-2024 15:00,EST,CAPITL,61757,40.48,1.7,0,1
29-01-2024 16:00,EST,CAPITL,61757,47.6,2.05,0,1
29-01-2024 17:00,EST,CAPITL,61757,53.32,2.39,0,1
29-01-2024 18:00,EST,CAPITL,61757,50.96,2.29,0,1
29-01-2024 19:00,EST,CAPITL,61757,48.43,2.13,0,1
29-01-2024 20:00,EST,CAPITL,61757,41.14,1.81,0,1
29-01-2024 21:00,EST,CAPITL,61757,39.34,1.48,0,1
29-01-2024 22:00,EST,CAPITL,61757,37.32,1.16,0,1
29-01-2024 23:00,EST,CAPITL,61757,36.88,1.11,0,1
30-01-2024 00:00,EST,CAPITL,61757,39.03,1.61,0,1
30-01-2024 01:00,EST,CAPITL,61757,36.05,1.45,0,1
30-01-2024 02:00,EST,CAPITL,61757,35.04,1.44,0,1
30-01-2024 03:00,EST,CAPITL,61757,35.01,1.44,0,1
30-01-2024 04:00,EST,CAPITL,61757,34.29,1.41,0,1
30-01-2024 05:00,EST,CAPITL,61757,36.18,1.62,0,1
30-01-2024 06:00,EST,CAPITL,61757,48.13,2.51,0,1
30-01-2024 07:00,EST,CAPITL,61757,51.06,2.67,-0.65,1
30-01-2024 08:00,EST,CAPITL,61757,50.45,2.72,0,1
30-01-2024 09:00,EST,CAPITL,61757,47.41,2.38,0,1
30-01-2024 10:00,EST,CAPITL,61757,48.84,2.41,0,1
30-01-2024 11:00,EST,CAPITL,61757,46.79,2.14,0,1
30-01-2024 12:00,EST,CAPITL,61757,44.2,1.91,0,1
30-01-2024 13:00,EST,CAPITL,61757,44.31,1.91,0,1
30-01-2024 14:00,EST,CAPITL,61757,44,1.94,0,1
30-01-2024 15:00,EST,CAPITL,61757,45.53,2,0,1
30-01-2024 16:00,EST,CAPITL,61757,50.68,2.41,-0.03,1
30-01-2024 17:00,EST,CAPITL,61757,63.43,2.59,-9.96,1
30-01-2024 18:00,EST,CAPITL,61757,61.99,2.64,-8.47,1
30-01-2024 19:00,EST,CAPITL,61757,54.11,2.45,-4.51,1
30-01-2024 20:00,EST,CAPITL,61757,48.31,2.08,-5.52,1
30-01-2024 21:00,EST,CAPITL,61757,42.94,2.01,-1.46,1
30-01-2024 22:00,EST,CAPITL,61757,40.08,1.94,-0.07,1
30-01-2024 23:00,EST,CAPITL,61757,39.59,1.78,0,1
31-01-2024 00:00,EST,CAPITL,61757,38.17,1.54,0,1
31-01-2024 01:00,EST,CAPITL,61757,35.62,1.44,0,1
31-01-2024 02:00,EST,CAPITL,61757,34.7,1.43,0,1
31-01-2024 03:00,EST,CAPITL,61757,34.11,1.44,0,1
31-01-2024 04:00,EST,CAPITL,61757,35.53,1.5,0,1
31-01-2024 05:00,EST,CAPITL,61757,37.21,1.6,0,1
31-01-2024 06:00,EST,CAPITL,61757,44.7,2.25,0,1
31-01-2024 07:00,EST,CAPITL,61757,49.98,2.51,0,1
31-01-2024 08:00,EST,CAPITL,61757,49.8,2.5,0,1
31-01-2024 09:00,EST,CAPITL,61757,46.05,2.07,0,1
31-01-2024 10:00,EST,CAPITL,61757,44.7,1.93,0,1
31-01-2024 11:00,EST,CAPITL,61757,40.85,1.68,0,1
31-01-2024 12:00,EST,CAPITL,61757,39.82,1.6,0,1
31-01-2024 13:00,EST,CAPITL,61757,40.41,1.66,0,1
31-01-2024 14:00,EST,CAPITL,61757,40.56,1.71,0,1
31-01-2024 15:00,EST,CAPITL,61757,41.27,1.74,0,1
31-01-2024 16:00,EST,CAPITL,61757,44.87,1.89,0,1
31-01-2024 17:00,EST,CAPITL,61757,49.29,2.17,0,1
31-01-2024 18:00,EST,CAPITL,61757,47.15,2.2,0,1
31-01-2024 19:00,EST,CAPITL,61757,43.27,2.02,0,1
31-01-2024 20:00,EST,CAPITL,61757,39.88,1.68,0,1
31-01-2024 21:00,EST,CAPITL,61757,37.92,1.46,0,1
31-01-2024 22:00,EST,CAPITL,61757,35.55,1.46,0,1
31-01-2024 23:00,EST,CAPITL,61757,33.54,1.32,0,1
01-02-2024 00:00,EST,CAPITL,61757,32.55,1.22,0,1
01-02-2024 01:00,EST,CAPITL,61757,29.77,1.12,0,1
01-02-2024 02:00,EST,CAPITL,61757,28.59,1.07,0,1
01-02-2024 03:00,EST,CAPITL,61757,27.84,1.02,0,1
01-02-2024 04:00,EST,CAPITL,61757,28.06,1,0,1
01-02-2024 05:00,EST,CAPITL,61757,30.96,1.19,0,1
01-02-2024 06:00,EST,CAPITL,61757,37.46,1.4,0,1
01-02-2024 07:00,EST,CAPITL,61757,40.19,2.06,0,1
01-02-2024 08:00,EST,CAPITL,61757,40.53,2.18,0,1
01-02-2024 09:00,EST,CAPITL,61757,39.18,1.69,0,1
01-02-2024 10:00,EST,CAPITL,61757,38.78,1.63,0,1
01-02-2024 11:00,EST,CAPITL,61757,37.89,1.56,0,1
01-02-2024 12:00,EST,CAPITL,61757,36.18,1.43,0,1
01-02-2024 13:00,EST,CAPITL,61757,36.27,1.36,0,1
01-02-2024 14:00,EST,CAPITL,61757,35.17,1.29,0,1
01-02-2024 15:00,EST,CAPITL,61757,35.78,1.34,0,1
01-02-2024 16:00,EST,CAPITL,61757,38.72,1.56,0,1
01-02-2024 17:00,EST,CAPITL,61757,41.43,1.9,0,1
01-02-2024 18:00,EST,CAPITL,61757,40.58,1.75,0,1
01-02-2024 19:00,EST,CAPITL,61757,38.39,1.48,0,1
01-02-2024 20:00,EST,CAPITL,61757,36.99,1.42,0,1
01-02-2024 21:00,EST,CAPITL,61757,35.02,1.28,0,1
01-02-2024 22:00,EST,CAPITL,61757,31.01,1.11,0,1
01-02-2024 23:00,EST,CAPITL,61757,31.15,1.05,0,1
02-02-2024 00:00,EST,CAPITL,61757,26.78,0.81,0,1
02-02-2024 01:00,EST,CAPITL,61757,27.52,0.85,0,1
02-02-2024 02:00,EST,CAPITL,61757,26.46,0.77,0,1
02-02-2024 03:00,EST,CAPITL,61757,26.42,0.77,0,1
02-02-2024 04:00,EST,CAPITL,61757,27.14,0.79,0,1
02-02-2024 05:00,EST,CAPITL,61757,27.85,0.81,0,1
02-02-2024 06:00,EST,CAPITL,61757,32.88,1.14,0,1
02-02-2024 07:00,EST,CAPITL,61757,39.02,1.46,0,1
02-02-2024 08:00,EST,CAPITL,61757,37.67,1.38,0,1
02-02-2024 09:00,EST,CAPITL,61757,36.64,1.37,0,1
02-02-2024 10:00,EST,CAPITL,61757,37.25,1.36,0,1
02-02-2024 11:00,EST,CAPITL,61757,36.78,1.28,0,1
02-02-2024 12:00,EST,CAPITL,61757,34.13,1.12,0,1
02-02-2024 13:00,EST,CAPITL,61757,33.03,1.05,0,1
02-02-2024 14:00,EST,CAPITL,61757,33.3,1.13,0,1
02-02-2024 15:00,EST,CAPITL,61757,33.93,1.15,0,1
02-02-2024 16:00,EST,CAPITL,61757,37.13,1.33,0,1
02-02-2024 17:00,EST,CAPITL,61757,40.44,1.78,0,1
02-02-2024 18:00,EST,CAPITL,61757,40.14,1.84,0,1
02-02-2024 19:00,EST,CAPITL,61757,37.15,1.36,0,1
02-02-2024 20:00,EST,CAPITL,61757,36.08,1.42,0,1
02-02-2024 21:00,EST,CAPITL,61757,33.17,1.28,0,1
02-02-2024 22:00,EST,CAPITL,61757,31.61,1.13,0,1
02-02-2024 23:00,EST,CAPITL,61757,32,1.02,0,1
03-02-2024 00:00,EST,CAPITL,61757,32.42,1.03,0,1
03-02-2024 01:00,EST,CAPITL,61757,30.43,0.97,0,1
03-02-2024 02:00,EST,CAPITL,61757,29.45,0.94,0,1
03-02-2024 03:00,EST,CAPITL,61757,29.94,0.96,0,1
03-02-2024 04:00,EST,CAPITL,61757,30.28,0.97,0,1
03-02-2024 05:00,EST,CAPITL,61757,31.9,1.08,0,1
03-02-2024 06:00,EST,CAPITL,61757,34.39,1.23,0,1
03-02-2024 07:00,EST,CAPITL,61757,35,1.12,0,1
03-02-2024 08:00,EST,CAPITL,61757,36.18,1.22,0,1
03-02-2024 09:00,EST,CAPITL,61757,35.64,1.17,0,1
03-02-2024 10:00,EST,CAPITL,61757,35.22,1.12,0,1
03-02-2024 11:00,EST,CAPITL,61757,34.48,1.07,0,1
03-02-2024 12:00,EST,CAPITL,61757,31.43,0.85,0,1
03-02-2024 13:00,EST,CAPITL,61757,30.37,0.83,0,1
03-02-2024 14:00,EST,CAPITL,61757,30.67,0.86,0,1
03-02-2024 15:00,EST,CAPITL,61757,32.22,1,0,1
03-02-2024 16:00,EST,CAPITL,61757,35.75,1.21,0,1
03-02-2024 17:00,EST,CAPITL,61757,42.04,1.77,0,1
03-02-2024 18:00,EST,CAPITL,61757,40.33,1.85,0,1
03-02-2024 19:00,EST,CAPITL,61757,39.49,1.59,0,1
03-02-2024 20:00,EST,CAPITL,61757,38.16,1.29,0,1
03-02-2024 21:00,EST,CAPITL,61757,36.19,1.22,0,1
03-02-2024 22:00,EST,CAPITL,61757,35.45,1.23,0,1
03-02-2024 23:00,EST,CAPITL,61757,34.81,1.15,0,1
04-02-2024 00:00,EST,CAPITL,61757,35.26,1.22,0,1
04-02-2024 01:00,EST,CAPITL,61757,33.56,1.16,0,1
04-02-2024 02:00,EST,CAPITL,61757,32.81,1.14,0,1
04-02-2024 03:00,EST,CAPITL,61757,32.79,1.17,0,1
04-02-2024 04:00,EST,CAPITL,61757,31.73,1.13,0,1
04-02-2024 05:00,EST,CAPITL,61757,33,1.21,0,1
04-02-2024 06:00,EST,CAPITL,61757,34.32,1.29,0,1
04-02-2024 07:00,EST,CAPITL,61757,34.22,1.32,0,1
04-02-2024 08:00,EST,CAPITL,61757,34.21,1.35,0,1
04-02-2024 09:00,EST,CAPITL,61757,31.94,1.17,0,1
04-02-2024 10:00,EST,CAPITL,61757,30.52,1.14,0,1
04-02-2024 11:00,EST,CAPITL,61757,29.83,1.06,0,1
04-02-2024 12:00,EST,CAPITL,61757,29.02,1.01,0,1
04-02-2024 13:00,EST,CAPITL,61757,27.68,0.96,0,1
04-02-2024 14:00,EST,CAPITL,61757,27.09,0.94,0,1
04-02-2024 15:00,EST,CAPITL,61757,29.88,1.12,0,1
04-02-2024 16:00,EST,CAPITL,61757,35.93,1.55,0,1
04-02-2024 17:00,EST,CAPITL,61757,40.12,1.98,0,1
04-02-2024 18:00,EST,CAPITL,61757,41.33,2.23,0,1
04-02-2024 19:00,EST,CAPITL,61757,40.54,2.04,0,1
04-02-2024 20:00,EST,CAPITL,61757,38.01,1.6,0,1
04-02-2024 21:00,EST,CAPITL,61757,37.39,1.57,0,1
04-02-2024 22:00,EST,CAPITL,61757,35.01,1.38,0,1
04-02-2024 23:00,EST,CAPITL,61757,34.31,1.26,0,1
05-02-2024 00:00,EST,CAPITL,61757,34,1.15,0,1
05-02-2024 01:00,EST,CAPITL,61757,32.13,1.02,0,1
05-02-2024 02:00,EST,CAPITL,61757,32.07,1.05,0,1
05-02-2024 03:00,EST,CAPITL,61757,32.47,1.1,0,1
05-02-2024 04:00,EST,CAPITL,61757,33.1,1.15,0,1
05-02-2024 05:00,EST,CAPITL,61757,35.78,1.11,0,1
05-02-2024 06:00,EST,CAPITL,61757,42.34,1.63,0,1
05-02-2024 07:00,EST,CAPITL,61757,47.41,2,0,1
05-02-2024 08:00,EST,CAPITL,61757,43.89,1.81,0,1
05-02-2024 09:00,EST,CAPITL,61757,38.55,1.16,0,1
05-02-2024 10:00,EST,CAPITL,61757,37.77,1.07,0,1
05-02-2024 11:00,EST,CAPITL,61757,34.17,0.96,0,1
05-02-2024 12:00,EST,CAPITL,61757,34.62,0.94,0,1
05-02-2024 13:00,EST,CAPITL,61757,33.82,0.95,0,1
05-02-2024 14:00,EST,CAPITL,61757,34.1,0.99,0,1
05-02-2024 15:00,EST,CAPITL,61757,35.94,1.08,0,1
05-02-2024 16:00,EST,CAPITL,61757,39.39,1.41,0,1
05-02-2024 17:00,EST,CAPITL,61757,46.12,1.99,0,1
05-02-2024 18:00,EST,CAPITL,61757,48.28,2.17,0,1
05-02-2024 19:00,EST,CAPITL,61757,43.59,2,0,1
05-02-2024 20:00,EST,CAPITL,61757,40.1,1.69,0,1
05-02-2024 21:00,EST,CAPITL,61757,39.08,1.4,0,1
05-02-2024 22:00,EST,CAPITL,61757,37.61,1.3,0,1
05-02-2024 23:00,EST,CAPITL,61757,36.11,1.22,0,1
06-02-2024 00:00,EST,CAPITL,61757,36.46,1.16,0,1
06-02-2024 01:00,EST,CAPITL,61757,33.61,1.11,0,1
06-02-2024 02:00,EST,CAPITL,61757,33.21,1.09,0,1
06-02-2024 03:00,EST,CAPITL,61757,33.98,1.08,0,1
06-02-2024 04:00,EST,CAPITL,61757,34.15,1.12,0,1
06-02-2024 05:00,EST,CAPITL,61757,37,1.35,0,1
06-02-2024 06:00,EST,CAPITL,61757,46.91,2.11,0,1
06-02-2024 07:00,EST,CAPITL,61757,53.78,2.66,0,1
06-02-2024 08:00,EST,CAPITL,61757,43.67,1.8,0,1
06-02-2024 09:00,EST,CAPITL,61757,38.95,1.21,0,1
06-02-2024 10:00,EST,CAPITL,61757,36.64,1.03,0,1
06-02-2024 11:00,EST,CAPITL,61757,35.03,1.02,0,1
06-02-2024 12:00,EST,CAPITL,61757,34.54,0.94,0,1
06-02-2024 13:00,EST,CAPITL,61757,33.62,0.95,0,1
06-02-2024 14:00,EST,CAPITL,61757,34.41,1,0,1
06-02-2024 15:00,EST,CAPITL,61757,35.59,1.04,0,1
06-02-2024 16:00,EST,CAPITL,61757,37.98,1.21,0,1
06-02-2024 17:00,EST,CAPITL,61757,44.19,1.7,0,1
06-02-2024 18:00,EST,CAPITL,61757,47.18,1.94,0,1
06-02-2024 19:00,EST,CAPITL,61757,43.45,1.75,0,1
06-02-2024 20:00,EST,CAPITL,61757,40.03,1.65,0,1
06-02-2024 21:00,EST,CAPITL,61757,39.28,1.33,0,1
06-02-2024 22:00,EST,CAPITL,61757,37.46,1.16,0,1
06-02-2024 23:00,EST,CAPITL,61757,36.56,1.1,0,1
07-02-2024 00:00,EST,CAPITL,61757,39.39,1.48,0,1
07-02-2024 01:00,EST,CAPITL,61757,38.05,1.36,0,1
07-02-2024 02:00,EST,CAPITL,61757,36.46,1.3,0,1
07-02-2024 03:00,EST,CAPITL,61757,36.49,1.3,0,1
07-02-2024 04:00,EST,CAPITL,61757,37.66,1.38,0,1
07-02-2024 05:00,EST,CAPITL,61757,40,1.76,0,1
07-02-2024 06:00,EST,CAPITL,61757,49.26,2.48,0,1
07-02-2024 07:00,EST,CAPITL,61757,55.94,2.8,-2.11,1
07-02-2024 08:00,EST,CAPITL,61757,46.95,2.28,0,1
07-02-2024 09:00,EST,CAPITL,61757,37.01,1.52,0,1
07-02-2024 10:00,EST,CAPITL,61757,37.09,1.32,0,1
07-02-2024 11:00,EST,CAPITL,61757,33.95,1.18,0,1
07-02-2024 12:00,EST,CAPITL,61757,32.05,1.08,0,1
07-02-2024 13:00,EST,CAPITL,61757,31.25,1.06,0.05,1
07-02-2024 14:00,EST,CAPITL,61757,32.9,1.15,0.22,1
07-02-2024 15:00,EST,CAPITL,61757,35.53,1.35,0.35,1
07-02-2024 16:00,EST,CAPITL,61757,40.94,1.88,0.22,1
07-02-2024 17:00,EST,CAPITL,61757,47.09,2.38,0.14,1
07-02-2024 18:00,EST,CAPITL,61757,51.4,2.63,0,1
07-02-2024 19:00,EST,CAPITL,61757,46.3,2.37,0.08,1
07-02-2024 20:00,EST,CAPITL,61757,41.66,2.1,0.07,1
07-02-2024 21:00,EST,CAPITL,61757,38.04,1.54,0.15,1
07-02-2024 22:00,EST,CAPITL,61757,38.07,1.43,0.16,1
07-02-2024 23:00,EST,CAPITL,61757,35.43,1.36,0,1
08-02-2024 00:00,EST,CAPITL,61757,32.18,1.47,0,1
08-02-2024 01:00,EST,CAPITL,61757,29.56,1.35,0,1
08-02-2024 02:00,EST,CAPITL,61757,29.38,1.29,0,1
08-02-2024 03:00,EST,CAPITL,61757,29.46,1.3,0,1
08-02-2024 04:00,EST,CAPITL,61757,29.66,1.3,0,1
08-02-2024 05:00,EST,CAPITL,61757,30.77,1.3,0,1
08-02-2024 06:00,EST,CAPITL,61757,38.96,1.85,0,1
08-02-2024 07:00,EST,CAPITL,61757,41.13,2.15,-0.64,1
08-02-2024 08:00,EST,CAPITL,61757,36.46,1.81,-1.1,1
08-02-2024 09:00,EST,CAPITL,61757,31.54,1.47,0,1
08-02-2024 10:00,EST,CAPITL,61757,27.27,1.22,0,1
08-02-2024 11:00,EST,CAPITL,61757,26.09,0.95,0,1
08-02-2024 12:00,EST,CAPITL,61757,25.58,0.7,0,1
08-02-2024 13:00,EST,CAPITL,61757,25.87,0.83,0,1
08-02-2024 14:00,EST,CAPITL,61757,26.33,1.11,0,1
08-02-2024 15:00,EST,CAPITL,61757,27.64,1.34,0,1
08-02-2024 16:00,EST,CAPITL,61757,31.15,1.55,-0.27,1
08-02-2024 17:00,EST,CAPITL,61757,35,1.67,-1.12,1
08-02-2024 18:00,EST,CAPITL,61757,35.46,1.72,-0.68,1
08-02-2024 19:00,EST,CAPITL,61757,33.59,1.5,-3.32,1
08-02-2024 20:00,EST,CAPITL,61757,31.09,1.58,-0.29,1
08-02-2024 21:00,EST,CAPITL,61757,29.72,1.3,-3,1
08-02-2024 22:00,EST,CAPITL,61757,27.6,1.45,-0.75,1
08-02-2024 23:00,EST,CAPITL,61757,26.89,1.39,-0.12,1
09-02-2024 00:00,EST,CAPITL,61757,24.99,1.12,0,1
09-02-2024 01:00,EST,CAPITL,61757,24.14,1.08,0,1
09-02-2024 02:00,EST,CAPITL,61757,22.93,1.01,0,1
09-02-2024 03:00,EST,CAPITL,61757,22.81,1,0,1
09-02-2024 04:00,EST,CAPITL,61757,23.44,1.03,0,1
09-02-2024 05:00,EST,CAPITL,61757,25.42,1.28,0,1
09-02-2024 06:00,EST,CAPITL,61757,30.01,1.67,-1.85,1
09-02-2024 07:00,EST,CAPITL,61757,31.74,1.53,-4.68,1
09-02-2024 08:00,EST,CAPITL,61757,30.99,1.5,-3.98,1
09-02-2024 09:00,EST,CAPITL,61757,26.86,1.4,0,1
09-02-2024 10:00,EST,CAPITL,61757,26.52,1.21,0,1
09-02-2024 11:00,EST,CAPITL,61757,25.61,0.96,0,1
09-02-2024 12:00,EST,CAPITL,61757,24.81,0.98,0,1
09-02-2024 13:00,EST,CAPITL,61757,24.76,0.95,0,1
09-02-2024 14:00,EST,CAPITL,61757,24.83,0.98,0,1
09-02-2024 15:00,EST,CAPITL,61757,25.01,1.01,0,1
09-02-2024 16:00,EST,CAPITL,61757,27.16,1.32,0,1
09-02-2024 17:00,EST,CAPITL,61757,27.95,1.51,0,1
09-02-2024 18:00,EST,CAPITL,61757,29.72,1.49,-2.62,1
09-02-2024 19:00,EST,CAPITL,61757,26.91,1.4,-0.12,1
09-02-2024 20:00,EST,CAPITL,61757,26.71,1.42,0,1
09-02-2024 21:00,EST,CAPITL,61757,25.7,1.25,0,1
09-02-2024 22:00,EST,CAPITL,61757,24.33,1.11,0,1
09-02-2024 23:00,EST,CAPITL,61757,24.46,1.01,0,1
10-02-2024 00:00,EST,CAPITL,61757,21.88,1.13,-0.6,1
10-02-2024 01:00,EST,CAPITL,61757,20.3,1.08,-0.26,1
10-02-2024 02:00,EST,CAPITL,61757,18.65,0.97,0,1
10-02-2024 03:00,EST,CAPITL,61757,17.99,0.95,0,1
10-02-2024 04:00,EST,CAPITL,61757,18.34,0.94,0,1
10-02-2024 05:00,EST,CAPITL,61757,19.7,1.04,0,1
10-02-2024 06:00,EST,CAPITL,61757,20.35,1.06,0,1
10-02-2024 07:00,EST,CAPITL,61757,21.32,0.98,0,1
10-02-2024 08:00,EST,CAPITL,61757,22.5,0.93,0,1
10-02-2024 09:00,EST,CAPITL,61757,24.21,1.07,0,1
10-02-2024 10:00,EST,CAPITL,61757,23.67,1.19,0,1
10-02-2024 11:00,EST,CAPITL,61757,23.45,1.18,0,1
10-02-2024 12:00,EST,CAPITL,61757,22.67,1.08,0,1
10-02-2024 13:00,EST,CAPITL,61757,22.14,1.07,0,1
10-02-2024 14:00,EST,CAPITL,61757,22.13,1.09,0,1
10-02-2024 15:00,EST,CAPITL,61757,23.37,1.09,0,1
10-02-2024 16:00,EST,CAPITL,61757,25.52,1.17,0,1
10-02-2024 17:00,EST,CAPITL,61757,27.23,1.39,0,1
10-02-2024 18:00,EST,CAPITL,61757,26.69,1.34,0,1
10-02-2024 19:00,EST,CAPITL,61757,26.35,1.23,0,1
10-02-2024 20:00,EST,CAPITL,61757,25.72,1.13,0,1
10-02-2024 21:00,EST,CAPITL,61757,24.66,1.06,0,1
10-02-2024 22:00,EST,CAPITL,61757,22.67,1,0,1
10-02-2024 23:00,EST,CAPITL,61757,21.3,0.99,0,1
11-02-2024 00:00,EST,CAPITL,61757,20.58,0.91,0,1
11-02-2024 01:00,EST,CAPITL,61757,19.36,0.89,0,1
11-02-2024 02:00,EST,CAPITL,61757,17.49,0.8,0,1
11-02-2024 03:00,EST,CAPITL,61757,17.11,0.78,0,1
11-02-2024 04:00,EST,CAPITL,61757,18.46,0.83,0,1
11-02-2024 05:00,EST,CAPITL,61757,19.14,0.84,0,1
11-02-2024 06:00,EST,CAPITL,61757,18.79,0.88,0,1
11-02-2024 07:00,EST,CAPITL,61757,19.96,0.82,0,1
11-02-2024 08:00,EST,CAPITL,61757,20.2,0.94,0,1
11-02-2024 09:00,EST,CAPITL,61757,20.31,0.99,0,1
11-02-2024 10:00,EST,CAPITL,61757,21.18,1.01,0,1
11-02-2024 11:00,EST,CAPITL,61757,21.23,0.99,0,1
11-02-2024 12:00,EST,CAPITL,61757,21,0.96,0,1
11-02-2024 13:00,EST,CAPITL,61757,20.86,0.92,0,1
11-02-2024 14:00,EST,CAPITL,61757,20.64,0.91,0,1
11-02-2024 15:00,EST,CAPITL,61757,22.13,1.07,0,1
11-02-2024 16:00,EST,CAPITL,61757,24.21,1.39,0,1
11-02-2024 17:00,EST,CAPITL,61757,31,1.78,0,1
11-02-2024 18:00,EST,CAPITL,61757,31.08,1.76,0,1
11-02-2024 19:00,EST,CAPITL,61757,29.09,1.59,0,1
11-02-2024 20:00,EST,CAPITL,61757,26.13,1.46,0,1
11-02-2024 21:00,EST,CAPITL,61757,24.07,1.32,0,1
11-02-2024 22:00,EST,CAPITL,61757,22.63,1.14,0,1
11-02-2024 23:00,EST,CAPITL,61757,21.4,0.86,0,1
12-02-2024 00:00,EST,CAPITL,61757,23.16,0.61,0,1
12-02-2024 01:00,EST,CAPITL,61757,22.38,0.61,0,1
12-02-2024 02:00,EST,CAPITL,61757,21.81,0.59,0,1
12-02-2024 03:00,EST,CAPITL,61757,21.82,0.57,0,1
12-02-2024 04:00,EST,CAPITL,61757,22.17,0.56,0,1
12-02-2024 05:00,EST,CAPITL,61757,23.81,0.8,0,1
12-02-2024 06:00,EST,CAPITL,61757,29.66,1.39,0,1
12-02-2024 07:00,EST,CAPITL,61757,31.34,1.69,0,1
12-02-2024 08:00,EST,CAPITL,61757,30.42,1.45,0,1
12-02-2024 09:00,EST,CAPITL,61757,24.21,0.84,0,1
12-02-2024 10:00,EST,CAPITL,61757,25.74,0.75,0,1
12-02-2024 11:00,EST,CAPITL,61757,23.94,0.63,0,1
12-02-2024 12:00,EST,CAPITL,61757,23.43,0.66,0,1
12-02-2024 13:00,EST,CAPITL,61757,23.71,0.62,0,1
12-02-2024 14:00,EST,CAPITL,61757,24.3,0.66,0,1
12-02-2024 15:00,EST,CAPITL,61757,25.18,0.97,0,1
12-02-2024 16:00,EST,CAPITL,61757,29.7,1.44,0,1
12-02-2024 17:00,EST,CAPITL,61757,34.77,1.84,0,1
12-02-2024 18:00,EST,CAPITL,61757,36.59,1.97,0,1
12-02-2024 19:00,EST,CAPITL,61757,32.95,1.75,0,1
12-02-2024 20:00,EST,CAPITL,61757,31.28,1.66,0,1
12-02-2024 21:00,EST,CAPITL,61757,27.52,1.26,0,1
12-02-2024 22:00,EST,CAPITL,61757,26.83,1.03,0,1
12-02-2024 23:00,EST,CAPITL,61757,24.84,0.7,0,1
13-02-2024 00:00,EST,CAPITL,61757,24.96,0.7,0,1
13-02-2024 01:00,EST,CAPITL,61757,23.92,0.67,0,1
13-02-2024 02:00,EST,CAPITL,61757,23.17,0.61,0,1
13-02-2024 03:00,EST,CAPITL,61757,22.94,0.62,0,1
13-02-2024 04:00,EST,CAPITL,61757,23.67,0.67,0,1
13-02-2024 05:00,EST,CAPITL,61757,24.81,0.86,0,1
13-02-2024 06:00,EST,CAPITL,61757,29.23,1.34,0,1
13-02-2024 07:00,EST,CAPITL,61757,31.55,1.64,0,1
13-02-2024 08:00,EST,CAPITL,61757,33.04,1.81,0,1
13-02-2024 09:00,EST,CAPITL,61757,33.57,1.81,0,1
13-02-2024 10:00,EST,CAPITL,61757,35.94,1.94,0,1
13-02-2024 11:00,EST,CAPITL,61757,36.08,1.89,-0.48,1
13-02-2024 12:00,EST,CAPITL,61757,33.91,1.66,-1.56,1
13-02-2024 13:00,EST,CAPITL,61757,33.35,1.56,-2.29,1
13-02-2024 14:00,EST,CAPITL,61757,32.87,1.53,-1.87,1
13-02-2024 15:00,EST,CAPITL,61757,30.97,1.5,0,1
13-02-2024 16:00,EST,CAPITL,61757,34.33,1.73,0,1
13-02-2024 17:00,EST,CAPITL,61757,40.71,2.12,0,1
13-02-2024 18:00,EST,CAPITL,61757,44.85,2.42,0,1
13-02-2024 19:00,EST,CAPITL,61757,41.51,1.93,-5.67,1
13-02-2024 20:00,EST,CAPITL,61757,37.03,1.73,-3.8,1
13-02-2024 21:00,EST,CAPITL,61757,34.68,1.66,-3.27,1
13-02-2024 22:00,EST,CAPITL,61757,30.43,1.56,0,1
13-02-2024 23:00,EST,CAPITL,61757,29.05,1.41,0,1
14-02-2024 00:00,EST,CAPITL,61757,31.59,1.65,-2.51,1
14-02-2024 01:00,EST,CAPITL,61757,28.64,1.65,0,1
14-02-2024 02:00,EST,CAPITL,61757,27.7,1.54,0,1
14-02-2024 03:00,EST,CAPITL,61757,27.76,1.57,-0.06,1
14-02-2024 04:00,EST,CAPITL,61757,28.58,1.64,0,1
14-02-2024 05:00,EST,CAPITL,61757,33.01,1.57,-3.83,1
14-02-2024 06:00,EST,CAPITL,61757,47.37,1.76,-13.68,1
14-02-2024 07:00,EST,CAPITL,61757,48.35,1.85,-11.48,1
14-02-2024 08:00,EST,CAPITL,61757,45,1.84,-9.07,1
14-02-2024 09:00,EST,CAPITL,61757,34.9,1.66,-2.44,1
14-02-2024 10:00,EST,CAPITL,61757,34.36,1.6,-2,1
14-02-2024 11:00,EST,CAPITL,61757,32.89,1.6,-0.59,1
14-02-2024 12:00,EST,CAPITL,61757,31.85,1.49,0,1
14-02-2024 13:00,EST,CAPITL,61757,30.64,1.46,0,1
14-02-2024 14:00,EST,CAPITL,61757,29.78,1.44,0,1
14-02-2024 15:00,EST,CAPITL,61757,32.73,1.5,-1.73,1
14-02-2024 16:00,EST,CAPITL,61757,37.1,1.72,-4.64,1
14-02-2024 17:00,EST,CAPITL,61757,45.34,2.15,-5.47,1
14-02-2024 18:00,EST,CAPITL,61757,46.4,2.37,-3.21,1
14-02-2024 19:00,EST,CAPITL,61757,43.47,2.2,-1.25,1
14-02-2024 20:00,EST,CAPITL,61757,42.84,1.97,-6.35,1
14-02-2024 21:00,EST,CAPITL,61757,43.01,1.75,-9.43,1
14-02-2024 22:00,EST,CAPITL,61757,36.6,1.69,-4.24,1
14-02-2024 23:00,EST,CAPITL,61757,35.64,1.68,-4.43,1
15-02-2024 00:00,EST,CAPITL,61757,37.05,1.57,-7.99,1
15-02-2024 01:00,EST,CAPITL,61757,33.5,1.56,-4.47,1
15-02-2024 02:00,EST,CAPITL,61757,31.7,1.56,-2.7,1
15-02-2024 03:00,EST,CAPITL,61757,31.94,1.59,-2.94,1
15-02-2024 04:00,EST,CAPITL,61757,31.13,1.57,-2.07,1
15-02-2024 05:00,EST,CAPITL,61757,35.08,1.82,-2.48,1
15-02-2024 06:00,EST,CAPITL,61757,47.26,2.09,-9.17,1
15-02-2024 07:00,EST,CAPITL,61757,47,2.01,-7.03,1
15-02-2024 08:00,EST,CAPITL,61757,38.3,1.95,-0.27,1
15-02-2024 09:00,EST,CAPITL,61757,33.4,1.68,0,1
15-02-2024 10:00,EST,CAPITL,61757,31.21,1.31,0,1
15-02-2024 11:00,EST,CAPITL,61757,30.39,1.28,0,1
15-02-2024 12:00,EST,CAPITL,61757,29.43,1.24,0,1
15-02-2024 13:00,EST,CAPITL,61757,29.79,1.31,0,1
15-02-2024 14:00,EST,CAPITL,61757,30.03,1.26,0,1
15-02-2024 15:00,EST,CAPITL,61757,30.12,1.38,0,1
15-02-2024 16:00,EST,CAPITL,61757,30.77,1.49,0,1
15-02-2024 17:00,EST,CAPITL,61757,36.49,1.78,-1.79,1
15-02-2024 18:00,EST,CAPITL,61757,37.52,1.65,-5.29,1
15-02-2024 19:00,EST,CAPITL,61757,34.58,1.49,-4.32,1
15-02-2024 20:00,EST,CAPITL,61757,33.98,1.45,-5.09,1
15-02-2024 21:00,EST,CAPITL,61757,34.62,1.43,-5.75,1
15-02-2024 22:00,EST,CAPITL,61757,32.89,1.39,-4.21,1
15-02-2024 23:00,EST,CAPITL,61757,31.06,1.34,-4.42,1
16-02-2024 00:00,EST,CAPITL,61757,25.73,1.13,-2.52,1
16-02-2024 01:00,EST,CAPITL,61757,21.97,1.09,-0.27,1
16-02-2024 02:00,EST,CAPITL,61757,21.6,1.05,-0.28,1
16-02-2024 03:00,EST,CAPITL,61757,21.98,1.11,-0.27,1
16-02-2024 04:00,EST,CAPITL,61757,21.87,1.12,0,1
16-02-2024 05:00,EST,CAPITL,61757,24.68,1.23,-0.6,1
16-02-2024 06:00,EST,CAPITL,61757,34.32,1.46,-6.3,1
16-02-2024 07:00,EST,CAPITL,61757,38.95,1.44,-10.85,1
16-02-2024 08:00,EST,CAPITL,61757,34.91,1.46,-6.81,1
16-02-2024 09:00,EST,CAPITL,61757,27.03,1.36,0,1
16-02-2024 10:00,EST,CAPITL,61757,25.15,1.24,0,1
16-02-2024 11:00,EST,CAPITL,61757,24.67,1.2,0,1
16-02-2024 12:00,EST,CAPITL,61757,24.56,1.15,0,1
16-02-2024 13:00,EST,CAPITL,61757,24.44,1.1,0,1
16-02-2024 14:00,EST,CAPITL,61757,24.49,1.12,0,1
16-02-2024 15:00,EST,CAPITL,61757,24.74,1.24,0,1
16-02-2024 16:00,EST,CAPITL,61757,27.81,1.42,0,1
16-02-2024 17:00,EST,CAPITL,61757,34.7,1.87,0,1
16-02-2024 18:00,EST,CAPITL,61757,34.95,1.92,0,1
16-02-2024 19:00,EST,CAPITL,61757,33.39,1.82,-0.22,1
16-02-2024 20:00,EST,CAPITL,61757,30.27,1.66,0,1
16-02-2024 21:00,EST,CAPITL,61757,28.64,1.54,0,1
16-02-2024 22:00,EST,CAPITL,61757,27.18,1.37,0,1
16-02-2024 23:00,EST,CAPITL,61757,25.66,1.36,0,1
17-02-2024 00:00,EST,CAPITL,61757,25.77,1.18,0,1
17-02-2024 01:00,EST,CAPITL,61757,24,0.99,0,1
17-02-2024 02:00,EST,CAPITL,61757,22.87,0.94,0,1
17-02-2024 03:00,EST,CAPITL,61757,22.44,0.88,0,1
17-02-2024 04:00,EST,CAPITL,61757,22.63,0.89,0,1
17-02-2024 05:00,EST,CAPITL,61757,23.58,0.97,0,1
17-02-2024 06:00,EST,CAPITL,61757,25.32,1.09,0,1
17-02-2024 07:00,EST,CAPITL,61757,25.77,1.2,0,1
17-02-2024 08:00,EST,CAPITL,61757,27.94,1.36,0,1
17-02-2024 09:00,EST,CAPITL,61757,27.99,1.41,0,1
17-02-2024 10:00,EST,CAPITL,61757,28.1,1.44,0,1
17-02-2024 11:00,EST,CAPITL,61757,25.38,1.16,0,1
17-02-2024 12:00,EST,CAPITL,61757,24.45,1.08,0,1
17-02-2024 13:00,EST,CAPITL,61757,23.71,1.04,0,1
17-02-2024 14:00,EST,CAPITL,61757,22.93,1.05,0,1
17-02-2024 15:00,EST,CAPITL,61757,24.18,1.15,0,1
17-02-2024 16:00,EST,CAPITL,61757,28.38,1.43,-0.46,1
17-02-2024 17:00,EST,CAPITL,61757,36.22,1.52,-6.99,1
17-02-2024 18:00,EST,CAPITL,61757,38.08,1.83,-2.94,1
17-02-2024 19:00,EST,CAPITL,61757,34.51,1.62,-3.99,1
17-02-2024 20:00,EST,CAPITL,61757,31.79,1.51,-2.83,1
17-02-2024 21:00,EST,CAPITL,61757,28.57,1.44,-0.45,1
17-02-2024 22:00,EST,CAPITL,61757,27.58,1.41,0,1
17-02-2024 23:00,EST,CAPITL,61757,25.56,1.24,0,1
18-02-2024 00:00,EST,CAPITL,61757,26.16,1.32,0,1
18-02-2024 01:00,EST,CAPITL,61757,23.99,1.23,0,1
18-02-2024 02:00,EST,CAPITL,61757,23.86,1.22,0,1
18-02-2024 03:00,EST,CAPITL,61757,23.38,1.24,0,1
18-02-2024 04:00,EST,CAPITL,61757,23.31,1.19,0,1
18-02-2024 05:00,EST,CAPITL,61757,24.23,1.26,0,1
18-02-2024 06:00,EST,CAPITL,61757,25.23,1.29,-0.47,1
18-02-2024 07:00,EST,CAPITL,61757,28.07,1.29,-3.36,1
18-02-2024 08:00,EST,CAPITL,61757,26.39,1.31,-1.58,1
18-02-2024 09:00,EST,CAPITL,61757,25.4,1.31,-0.62,1
18-02-2024 10:00,EST,CAPITL,61757,24.77,1.28,-0.56,1
18-02-2024 11:00,EST,CAPITL,61757,22.51,1.17,-0.41,1
18-02-2024 12:00,EST,CAPITL,61757,21.88,1.12,-0.35,1
18-02-2024 13:00,EST,CAPITL,61757,21.64,1.13,0,1
18-02-2024 14:00,EST,CAPITL,61757,21.46,1.1,0,1
18-02-2024 15:00,EST,CAPITL,61757,24.28,1.1,-2.81,1
18-02-2024 16:00,EST,CAPITL,61757,27.77,1.21,-4.91,1
18-02-2024 17:00,EST,CAPITL,61757,34.25,1.36,-8.49,1
18-02-2024 18:00,EST,CAPITL,61757,44.47,1.47,-18.1,1
18-02-2024 19:00,EST,CAPITL,61757,36.91,1.4,-10.98,1
18-02-2024 20:00,EST,CAPITL,61757,30.8,1.47,-4.45,1
18-02-2024 21:00,EST,CAPITL,61757,27.98,1.35,-2.99,1
18-02-2024 22:00,EST,CAPITL,61757,25.64,1.19,-3.22,1
18-02-2024 23:00,EST,CAPITL,61757,25,1.14,-3.06,1
19-02-2024 00:00,EST,CAPITL,61757,24.96,1.37,0,1
19-02-2024 01:00,EST,CAPITL,61757,23.62,1.21,0,1
19-02-2024 02:00,EST,CAPITL,61757,23.43,1.18,0,1
19-02-2024 03:00,EST,CAPITL,61757,23.53,1.2,0,1
19-02-2024 04:00,EST,CAPITL,61757,24.08,1.19,0,1
19-02-2024 05:00,EST,CAPITL,61757,25.29,1.32,0,1
19-02-2024 06:00,EST,CAPITL,61757,28.16,1.47,0,1
19-02-2024 07:00,EST,CAPITL,61757,30.83,1.61,0,1
19-02-2024 08:00,EST,CAPITL,61757,30.29,1.52,0,1
19-02-2024 09:00,EST,CAPITL,61757,27.28,1.22,0,1
19-02-2024 10:00,EST,CAPITL,61757,24.72,1.11,0,1
19-02-2024 11:00,EST,CAPITL,61757,24.39,1,0,1
19-02-2024 12:00,EST,CAPITL,61757,24.17,0.91,0,1
19-02-2024 13:00,EST,CAPITL,61757,24.01,0.86,0,1
19-02-2024 14:00,EST,CAPITL,61757,23.92,0.88,0,1
19-02-2024 15:00,EST,CAPITL,61757,23.77,1.07,0,1
19-02-2024 16:00,EST,CAPITL,61757,28.6,1.52,0,1
19-02-2024 17:00,EST,CAPITL,61757,38.1,2.05,0,1
19-02-2024 18:00,EST,CAPITL,61757,40.57,2.08,0,1
19-02-2024 19:00,EST,CAPITL,61757,38.43,2.04,0,1
19-02-2024 20:00,EST,CAPITL,61757,34.47,1.86,0,1
19-02-2024 21:00,EST,CAPITL,61757,30.55,1.54,0,1
19-02-2024 22:00,EST,CAPITL,61757,27.88,1.35,0,1
19-02-2024 23:00,EST,CAPITL,61757,26.96,1.16,0,1
20-02-2024 00:00,EST,CAPITL,61757,26.62,1.24,0,1
20-02-2024 01:00,EST,CAPITL,61757,25.12,1.13,0,1
20-02-2024 02:00,EST,CAPITL,61757,24.64,1.08,0,1
20-02-2024 03:00,EST,CAPITL,61757,25.06,1.1,0,1
20-02-2024 04:00,EST,CAPITL,61757,25.8,1.14,0,1
20-02-2024 05:00,EST,CAPITL,61757,28.17,1.32,0,1
20-02-2024 06:00,EST,CAPITL,61757,38.02,1.88,0,1
20-02-2024 07:00,EST,CAPITL,61757,42.14,1.85,0,1
20-02-2024 08:00,EST,CAPITL,61757,35.87,1.58,0,1
20-02-2024 09:00,EST,CAPITL,61757,27.93,1.2,0,1
20-02-2024 10:00,EST,CAPITL,61757,27.39,1.13,0,1
20-02-2024 11:00,EST,CAPITL,61757,25.29,1,0,1
20-02-2024 12:00,EST,CAPITL,61757,24.19,0.86,0,1
20-02-2024 13:00,EST,CAPITL,61757,24.14,0.86,0,1
20-02-2024 14:00,EST,CAPITL,61757,24.19,0.89,0,1
20-02-2024 15:00,EST,CAPITL,61757,24.74,0.97,0,1
20-02-2024 16:00,EST,CAPITL,61757,31.39,1.38,0,1
20-02-2024 17:00,EST,CAPITL,61757,37.43,1.68,0,1
20-02-2024 18:00,EST,CAPITL,61757,42.42,2.02,0,1
20-02-2024 19:00,EST,CAPITL,61757,36.18,1.69,0,1
20-02-2024 20:00,EST,CAPITL,61757,32.25,1.62,0,1
20-02-2024 21:00,EST,CAPITL,61757,29.05,1.49,0,1
20-02-2024 22:00,EST,CAPITL,61757,27.41,1.35,0,1
20-02-2024 23:00,EST,CAPITL,61757,25.06,1.28,0,1
21-02-2024 00:00,EST,CAPITL,61757,24.35,1.12,0,1
21-02-2024 01:00,EST,CAPITL,61757,23.17,1.1,0,1
21-02-2024 02:00,EST,CAPITL,61757,22.62,1.08,0,1
21-02-2024 03:00,EST,CAPITL,61757,22.73,1.1,0,1
21-02-2024 04:00,EST,CAPITL,61757,23.71,1.13,0,1
21-02-2024 05:00,EST,CAPITL,61757,25.39,1.3,0,1
21-02-2024 06:00,EST,CAPITL,61757,32.72,1.54,-1.6,1
21-02-2024 07:00,EST,CAPITL,61757,40.93,1.54,-8.65,1
21-02-2024 08:00,EST,CAPITL,61757,30.87,1.44,0,1
21-02-2024 09:00,EST,CAPITL,61757,24.99,1.14,0,1
21-02-2024 10:00,EST,CAPITL,61757,24.47,1.1,0,1
21-02-2024 11:00,EST,CAPITL,61757,24.05,0.9,0,1
21-02-2024 12:00,EST,CAPITL,61757,22.98,0.6,0,1
21-02-2024 13:00,EST,CAPITL,61757,22.72,0.6,0,1
21-02-2024 14:00,EST,CAPITL,61757,23.06,0.61,0,1
21-02-2024 15:00,EST,CAPITL,61757,23,0.69,0,1
21-02-2024 16:00,EST,CAPITL,61757,24.69,1.04,0,1
21-02-2024 17:00,EST,CAPITL,61757,29.02,1.46,0,1
21-02-2024 18:00,EST,CAPITL,61757,30.68,1.57,-0.02,1
21-02-2024 19:00,EST,CAPITL,61757,27.6,1.46,0,1
21-02-2024 20:00,EST,CAPITL,61757,26.72,1.32,-1.36,1
21-02-2024 21:00,EST,CAPITL,61757,24.66,1.24,0,1
21-02-2024 22:00,EST,CAPITL,61757,23.46,1.14,0,1
21-02-2024 23:00,EST,CAPITL,61757,23.59,1.23,0,1
22-02-2024 00:00,EST,CAPITL,61757,23.35,1.07,0,1
22-02-2024 01:00,EST,CAPITL,61757,21.96,0.9,0,1
22-02-2024 02:00,EST,CAPITL,61757,21.03,0.85,0,1
22-02-2024 03:00,EST,CAPITL,61757,21.01,0.85,0,1
22-02-2024 04:00,EST,CAPITL,61757,21.58,0.85,0,1
22-02-2024 05:00,EST,CAPITL,61757,22.26,1.06,0,1
22-02-2024 06:00,EST,CAPITL,61757,27.19,1.47,0,1
22-02-2024 07:00,EST,CAPITL,61757,28.38,1.46,-0.27,1
22-02-2024 08:00,EST,CAPITL,61757,25.92,1.33,0,1
22-02-2024 09:00,EST,CAPITL,61757,23.81,1.09,0,1
22-02-2024 10:00,EST,CAPITL,61757,23.53,1.01,0,1
22-02-2024 11:00,EST,CAPITL,61757,23.27,0.94,0,1
22-02-2024 12:00,EST,CAPITL,61757,23.18,0.91,0,1
22-02-2024 13:00,EST,CAPITL,61757,23.08,0.87,0,1
22-02-2024 14:00,EST,CAPITL,61757,23.03,0.86,0,1
22-02-2024 15:00,EST,CAPITL,61757,23.98,1.08,0,1
22-02-2024 16:00,EST,CAPITL,61757,25.74,1.25,0,1
22-02-2024 17:00,EST,CAPITL,61757,28.08,1.41,0,1
22-02-2024 18:00,EST,CAPITL,61757,29.96,1.51,0,1
22-02-2024 19:00,EST,CAPITL,61757,27.45,1.31,0,1
22-02-2024 20:00,EST,CAPITL,61757,26.71,1.32,0,1
22-02-2024 21:00,EST,CAPITL,61757,24.59,1.17,0,1
22-02-2024 22:00,EST,CAPITL,61757,23.52,1.14,0,1
22-02-2024 23:00,EST,CAPITL,61757,23.36,1.05,0,1
23-02-2024 00:00,EST,CAPITL,61757,24.04,1.04,0,1
23-02-2024 01:00,EST,CAPITL,61757,23.27,0.92,0,1
23-02-2024 02:00,EST,CAPITL,61757,22.75,0.81,0,1
23-02-2024 03:00,EST,CAPITL,61757,22.78,0.77,0,1
23-02-2024 04:00,EST,CAPITL,61757,22.7,0.83,0,1
23-02-2024 05:00,EST,CAPITL,61757,24.04,1.04,0,1
23-02-2024 06:00,EST,CAPITL,61757,26.84,1.25,0,1
23-02-2024 07:00,EST,CAPITL,61757,28.53,1.41,0,1
23-02-2024 08:00,EST,CAPITL,61757,28.17,1.42,0,1
23-02-2024 09:00,EST,CAPITL,61757,27.03,1.34,0,1
23-02-2024 10:00,EST,CAPITL,61757,28.21,1.39,0,1
23-02-2024 11:00,EST,CAPITL,61757,27.2,1.32,0,1
23-02-2024 12:00,EST,CAPITL,61757,26.01,1.26,0,1
23-02-2024 13:00,EST,CAPITL,61757,25.29,1.27,0,1
23-02-2024 14:00,EST,CAPITL,61757,24.7,1.2,0,1
23-02-2024 15:00,EST,CAPITL,61757,24.44,1.19,0,1
23-02-2024 16:00,EST,CAPITL,61757,24.84,1.25,0,1
23-02-2024 17:00,EST,CAPITL,61757,25.23,1.29,-0.06,1
23-02-2024 18:00,EST,CAPITL,61757,27.57,1.39,-0.42,1
23-02-2024 19:00,EST,CAPITL,61757,26.3,1.27,-1.41,1
23-02-2024 20:00,EST,CAPITL,61757,25.07,1.33,-0.05,1
23-02-2024 21:00,EST,CAPITL,61757,23.85,1.24,0,1
23-02-2024 22:00,EST,CAPITL,61757,23.46,1.22,0,1
23-02-2024 23:00,EST,CAPITL,61757,24.48,1.12,0,1
24-02-2024 00:00,EST,CAPITL,61757,24.05,0.95,0,1
24-02-2024 01:00,EST,CAPITL,61757,22.99,0.78,0,1
24-02-2024 02:00,EST,CAPITL,61757,22.11,0.73,0,1
24-02-2024 03:00,EST,CAPITL,61757,22.07,0.73,0,1
24-02-2024 04:00,EST,CAPITL,61757,22.36,0.71,0,1
24-02-2024 05:00,EST,CAPITL,61757,23.03,0.76,0,1
24-02-2024 06:00,EST,CAPITL,61757,24.46,0.99,0,1
24-02-2024 07:00,EST,CAPITL,61757,25.04,1.17,0,1
24-02-2024 08:00,EST,CAPITL,61757,25.18,1.15,0,1
24-02-2024 09:00,EST,CAPITL,61757,24.53,1.03,0,1
24-02-2024 10:00,EST,CAPITL,61757,25.8,1.16,0,1
24-02-2024 11:00,EST,CAPITL,61757,24.86,1.05,0,1
24-02-2024 12:00,EST,CAPITL,61757,24.08,0.9,0,1
24-02-2024 13:00,EST,CAPITL,61757,23.91,0.81,0,1
24-02-2024 14:00,EST,CAPITL,61757,24.1,0.93,0,1
24-02-2024 15:00,EST,CAPITL,61757,24.18,1.09,0,1
24-02-2024 16:00,EST,CAPITL,61757,26.75,1.39,0,1
24-02-2024 17:00,EST,CAPITL,61757,34.21,2,0,1
24-02-2024 18:00,EST,CAPITL,61757,38.62,2.29,0,1
24-02-2024 19:00,EST,CAPITL,61757,37.78,2.27,0,1
24-02-2024 20:00,EST,CAPITL,61757,37.11,1.94,-3.85,1
24-02-2024 21:00,EST,CAPITL,61757,32.74,1.76,-2.56,1
24-02-2024 22:00,EST,CAPITL,61757,29.79,1.77,0,1
24-02-2024 23:00,EST,CAPITL,61757,27.28,1.52,0,1
25-02-2024 00:00,EST,CAPITL,61757,31.36,1.35,0,1
25-02-2024 01:00,EST,CAPITL,61757,31.11,1.25,0,1
25-02-2024 02:00,EST,CAPITL,61757,30.77,1.18,0,1
25-02-2024 03:00,EST,CAPITL,61757,30.76,1.27,0,1
25-02-2024 04:00,EST,CAPITL,61757,30.85,1.24,0,1
25-02-2024 05:00,EST,CAPITL,61757,31.3,1.38,0,1
25-02-2024 06:00,EST,CAPITL,61757,32.12,1.5,0,1
25-02-2024 07:00,EST,CAPITL,61757,30.84,1.41,0,1
25-02-2024 08:00,EST,CAPITL,61757,30.11,1.24,0,1
25-02-2024 09:00,EST,CAPITL,61757,26.58,1.02,0,1
25-02-2024 10:00,EST,CAPITL,61757,25.15,0.87,0,1
25-02-2024 11:00,EST,CAPITL,61757,24.47,0.9,0,1
25-02-2024 12:00,EST,CAPITL,61757,23.58,0.88,0,1
25-02-2024 13:00,EST,CAPITL,61757,21.89,0.8,0,1
25-02-2024 14:00,EST,CAPITL,61757,22.18,0.79,0,1
25-02-2024 15:00,EST,CAPITL,61757,24.03,0.95,0,1
25-02-2024 16:00,EST,CAPITL,61757,28.38,1.25,0,1
25-02-2024 17:00,EST,CAPITL,61757,33.88,1.76,0,1
25-02-2024 18:00,EST,CAPITL,61757,38.47,1.69,-6.53,1
25-02-2024 19:00,EST,CAPITL,61757,34.33,1.63,-2.48,1
25-02-2024 20:00,EST,CAPITL,61757,34,1.63,-2.15,1
25-02-2024 21:00,EST,CAPITL,61757,28.78,1.4,0,1
25-02-2024 22:00,EST,CAPITL,61757,27.5,1.26,0,1
25-02-2024 23:00,EST,CAPITL,61757,26.3,1.16,0,1
26-02-2024 00:00,EST,CAPITL,61757,25.55,1.15,0,1
26-02-2024 01:00,EST,CAPITL,61757,24.83,1.05,0,1
26-02-2024 02:00,EST,CAPITL,61757,23.96,1.01,0,1
26-02-2024 03:00,EST,CAPITL,61757,24.85,1.07,0,1
26-02-2024 04:00,EST,CAPITL,61757,26.43,1.14,0,1
26-02-2024 05:00,EST,CAPITL,61757,29,1.3,0,1
26-02-2024 06:00,EST,CAPITL,61757,37.14,2,0,1
26-02-2024 07:00,EST,CAPITL,61757,43.14,1.88,-8.84,1
26-02-2024 08:00,EST,CAPITL,61757,33.86,1.6,-3.15,1
26-02-2024 09:00,EST,CAPITL,61757,28.81,1.4,-0.93,1
26-02-2024 10:00,EST,CAPITL,61757,27.02,1.41,0,1
26-02-2024 11:00,EST,CAPITL,61757,23.74,1.19,0,1
26-02-2024 12:00,EST,CAPITL,61757,21.77,1,0,1
26-02-2024 13:00,EST,CAPITL,61757,21.22,0.91,0,1
26-02-2024 14:00,EST,CAPITL,61757,21.13,0.87,0,1
26-02-2024 15:00,EST,CAPITL,61757,21.86,1.04,0,1
26-02-2024 16:00,EST,CAPITL,61757,24.96,1.23,0,1
26-02-2024 17:00,EST,CAPITL,61757,34.25,1.85,0,1
26-02-2024 18:00,EST,CAPITL,61757,38.84,2.12,-0.11,1
26-02-2024 19:00,EST,CAPITL,61757,35.8,1.7,-3.22,1
26-02-2024 20:00,EST,CAPITL,61757,31.56,1.41,-3.95,1
26-02-2024 21:00,EST,CAPITL,61757,25.36,1.23,-0.86,1
26-02-2024 22:00,EST,CAPITL,61757,24.99,1.17,0,1
26-02-2024 23:00,EST,CAPITL,61757,24.43,0.98,0,1
27-02-2024 00:00,EST,CAPITL,61757,23.19,1.04,0,1
27-02-2024 01:00,EST,CAPITL,61757,21.68,0.99,0,1
27-02-2024 02:00,EST,CAPITL,61757,21.04,0.98,0,1
27-02-2024 03:00,EST,CAPITL,61757,21.17,0.99,0,1
27-02-2024 04:00,EST,CAPITL,61757,21.33,1,0,1
27-02-2024 05:00,EST,CAPITL,61757,23.33,1.15,0,1
27-02-2024 06:00,EST,CAPITL,61757,29.57,1.7,0,1
27-02-2024 07:00,EST,CAPITL,61757,35.98,1.33,-11.74,1
27-02-2024 08:00,EST,CAPITL,61757,29.63,1.25,-7.26,1
27-02-2024 09:00,EST,CAPITL,61757,24.41,1.16,-2.06,1
27-02-2024 10:00,EST,CAPITL,61757,21.66,1.11,0,1
27-02-2024 11:00,EST,CAPITL,61757,21.11,0.97,0,1
27-02-2024 12:00,EST,CAPITL,61757,20.93,0.84,0,1
27-02-2024 13:00,EST,CAPITL,61757,21.04,0.91,0,1
27-02-2024 14:00,EST,CAPITL,61757,21.24,1.01,0,1
27-02-2024 15:00,EST,CAPITL,61757,21.24,1.03,0,1
27-02-2024 16:00,EST,CAPITL,61757,25.46,1.14,-3.99,1
27-02-2024 17:00,EST,CAPITL,61757,28.77,1.25,-5.89,1
27-02-2024 18:00,EST,CAPITL,61757,32.81,1.37,-7.85,1
27-02-2024 19:00,EST,CAPITL,61757,26.8,1.28,-2.67,1
27-02-2024 20:00,EST,CAPITL,61757,24.85,1.2,-2.67,1
27-02-2024 21:00,EST,CAPITL,61757,22.02,1.13,0,1
27-02-2024 22:00,EST,CAPITL,61757,21.1,0.97,0,1
27-02-2024 23:00,EST,CAPITL,61757,20.07,0.79,0,1
28-02-2024 00:00,EST,CAPITL,61757,18.55,0.92,-0.67,1
28-02-2024 01:00,EST,CAPITL,61757,17.22,0.83,-0.98,1
28-02-2024 02:00,EST,CAPITL,61757,17.09,0.76,-2.28,1
28-02-2024 03:00,EST,CAPITL,61757,16.56,0.81,-0.73,1
28-02-2024 04:00,EST,CAPITL,61757,17.02,0.85,-0.67,1
28-02-2024 05:00,EST,CAPITL,61757,17.76,0.91,0,1
28-02-2024 06:00,EST,CAPITL,61757,21.25,1.09,0,1
28-02-2024 07:00,EST,CAPITL,61757,23.49,1.15,-0.67,1
28-02-2024 08:00,EST,CAPITL,61757,23.88,1.1,-1.97,1
28-02-2024 09:00,EST,CAPITL,61757,22.26,1.15,-0.12,1
28-02-2024 10:00,EST,CAPITL,61757,23.02,1.2,0,1
28-02-2024 11:00,EST,CAPITL,61757,23.55,1.19,-0.26,1
28-02-2024 12:00,EST,CAPITL,61757,22.68,1.14,0,1
28-02-2024 13:00,EST,CAPITL,61757,21.21,1.12,0,1
28-02-2024 14:00,EST,CAPITL,61757,21.63,1.11,-0.4,1
28-02-2024 15:00,EST,CAPITL,61757,24.28,1.07,-3.38,1
28-02-2024 16:00,EST,CAPITL,61757,24.83,1.1,-3.72,1
28-02-2024 17:00,EST,CAPITL,61757,27.95,1.38,-2.37,1
28-02-2024 18:00,EST,CAPITL,61757,31.39,1.47,-3.71,1
28-02-2024 19:00,EST,CAPITL,61757,27.34,1.27,-1.99,1
28-02-2024 20:00,EST,CAPITL,61757,23.97,1.25,0,1
28-02-2024 21:00,EST,CAPITL,61757,20.66,0.98,0,1
28-02-2024 22:00,EST,CAPITL,61757,19.12,0.86,0,1
28-02-2024 23:00,EST,CAPITL,61757,18.62,0.8,0,1
29-02-2024 00:00,EST,CAPITL,61757,18.08,0.81,0,1
29-02-2024 01:00,EST,CAPITL,61757,17.06,0.77,0,1
29-02-2024 02:00,EST,CAPITL,61757,16.86,0.79,0,1
29-02-2024 03:00,EST,CAPITL,61757,16.93,0.79,0,1
29-02-2024 04:00,EST,CAPITL,61757,17.31,0.78,0,1
29-02-2024 05:00,EST,CAPITL,61757,19.51,0.89,0,1
29-02-2024 06:00,EST,CAPITL,61757,25.17,1.33,0,1
29-02-2024 07:00,EST,CAPITL,61757,27.44,1.5,0,1
29-02-2024 08:00,EST,CAPITL,61757,23.63,1.25,0,1
29-02-2024 09:00,EST,CAPITL,61757,21.45,1.14,0,1
29-02-2024 10:00,EST,CAPITL,61757,22.43,1.21,0,1
29-02-2024 11:00,EST,CAPITL,61757,21.77,1.13,0,1
29-02-2024 12:00,EST,CAPITL,61757,21.29,1.13,0,1
29-02-2024 13:00,EST,CAPITL,61757,21.05,1.1,0,1
29-02-2024 14:00,EST,CAPITL,61757,21.41,1.06,-0.64,1
29-02-2024 15:00,EST,CAPITL,61757,22.72,1.11,-1.71,1
29-02-2024 16:00,EST,CAPITL,61757,25.36,1.36,-1.75,1
29-02-2024 17:00,EST,CAPITL,61757,34.44,1.82,-2.86,1
29-02-2024 18:00,EST,CAPITL,61757,38.25,2.3,0,1
29-02-2024 19:00,EST,CAPITL,61757,34.84,2,0,1
29-02-2024 20:00,EST,CAPITL,61757,33.8,1.94,0,1
29-02-2024 21:00,EST,CAPITL,61757,28.21,1.52,0,1
29-02-2024 22:00,EST,CAPITL,61757,24.64,1.28,0,1
29-02-2024 23:00,EST,CAPITL,61757,23.58,1.16,0,1
01-03-2024 00:00,EST,CAPITL,61757,25.15,0.85,0,1
01-03-2024 01:00,EST,CAPITL,61757,23.5,0.79,0,1
01-03-2024 02:00,EST,CAPITL,61757,23.26,0.77,0,1
01-03-2024 03:00,EST,CAPITL,61757,23.48,0.75,0,1
01-03-2024 04:00,EST,CAPITL,61757,24.9,0.82,0,1
01-03-2024 05:00,EST,CAPITL,61757,27.85,0.97,0,1
01-03-2024 06:00,EST,CAPITL,61757,37.21,1.67,0,1
01-03-2024 07:00,EST,CAPITL,61757,40.16,1.88,0,1
01-03-2024 08:00,EST,CAPITL,61757,29.84,1.07,0,1
01-03-2024 09:00,EST,CAPITL,61757,24.5,0.64,0,1
01-03-2024 10:00,EST,CAPITL,61757,23.07,0.48,0,1
01-03-2024 11:00,EST,CAPITL,61757,20.42,0.44,0,1
01-03-2024 12:00,EST,CAPITL,61757,20.27,0.47,0,1
01-03-2024 13:00,EST,CAPITL,61757,19.91,0.49,0,1
01-03-2024 14:00,EST,CAPITL,61757,19.84,0.52,0,1
01-03-2024 15:00,EST,CAPITL,61757,20.51,0.56,0,1
01-03-2024 16:00,EST,CAPITL,61757,24.27,0.82,0,1
01-03-2024 17:00,EST,CAPITL,61757,33.11,1.49,0,1
01-03-2024 18:00,EST,CAPITL,61757,36.75,1.85,0,1
01-03-2024 19:00,EST,CAPITL,61757,30.14,1.38,0,1
01-03-2024 20:00,EST,CAPITL,61757,30.17,1.3,0,1
01-03-2024 21:00,EST,CAPITL,61757,25.76,1.08,0,1
01-03-2024 22:00,EST,CAPITL,61757,22.27,0.83,0,1
01-03-2024 23:00,EST,CAPITL,61757,21.84,0.68,0,1
02-03-2024 00:00,EST,CAPITL,61757,24.3,0.89,0,1
02-03-2024 01:00,EST,CAPITL,61757,22.73,0.83,0,1
02-03-2024 02:00,EST,CAPITL,61757,21.49,0.75,0,1
02-03-2024 03:00,EST,CAPITL,61757,21.1,0.75,0,1
02-03-2024 04:00,EST,CAPITL,61757,21.8,0.78,0,1
02-03-2024 05:00,EST,CAPITL,61757,23.79,0.87,0,1
02-03-2024 06:00,EST,CAPITL,61757,24.27,0.96,0,1
02-03-2024 07:00,EST,CAPITL,61757,23.86,1,0,1
02-03-2024 08:00,EST,CAPITL,61757,25.01,1.08,0,1
02-03-2024 09:00,EST,CAPITL,61757,26.01,1.17,0,1
02-03-2024 10:00,EST,CAPITL,61757,26.98,1.28,0,1
02-03-2024 11:00,EST,CAPITL,61757,27.14,1.29,0,1
02-03-2024 12:00,EST,CAPITL,61757,26.37,1.21,0,1
02-03-2024 13:00,EST,CAPITL,61757,25.84,1.16,0,1
02-03-2024 14:00,EST,CAPITL,61757,25.55,1.15,0,1
02-03-2024 15:00,EST,CAPITL,61757,25.69,1.13,0,1
02-03-2024 16:00,EST,CAPITL,61757,26.75,1.18,0,1
02-03-2024 17:00,EST,CAPITL,61757,32.15,1.59,0,1
02-03-2024 18:00,EST,CAPITL,61757,31.92,1.66,0,1
02-03-2024 19:00,EST,CAPITL,61757,31.23,1.37,0,1
02-03-2024 20:00,EST,CAPITL,61757,29.16,1.23,0,1
02-03-2024 21:00,EST,CAPITL,61757,25.36,1.02,0,1
02-03-2024 22:00,EST,CAPITL,61757,23.14,0.87,0,1
02-03-2024 23:00,EST,CAPITL,61757,23,0.76,0,1
03-03-2024 00:00,EST,CAPITL,61757,23.87,0.65,0,1
03-03-2024 01:00,EST,CAPITL,61757,22.61,0.62,0,1
03-03-2024 02:00,EST,CAPITL,61757,21.57,0.53,0,1
03-03-2024 03:00,EST,CAPITL,61757,20.95,0.51,0,1
03-03-2024 04:00,EST,CAPITL,61757,21.6,0.55,0,1
03-03-2024 05:00,EST,CAPITL,61757,22.62,0.59,0,1
03-03-2024 06:00,EST,CAPITL,61757,23.2,0.63,0,1
03-03-2024 07:00,EST,CAPITL,61757,23.74,0.74,0,1
03-03-2024 08:00,EST,CAPITL,61757,23.46,0.71,0,1
03-03-2024 09:00,EST,CAPITL,61757,23.73,0.74,0,1
03-03-2024 10:00,EST,CAPITL,61757,23.33,0.7,0,1
03-03-2024 11:00,EST,CAPITL,61757,23.12,0.74,0,1
03-03-2024 12:00,EST,CAPITL,61757,21.66,0.63,0,1
03-03-2024 13:00,EST,CAPITL,61757,20.76,0.56,0,1
03-03-2024 14:00,EST,CAPITL,61757,20.26,0.59,0,1
03-03-2024 15:00,EST,CAPITL,61757,21.15,0.67,0,1
03-03-2024 16:00,EST,CAPITL,61757,24.16,0.88,0,1
03-03-2024 17:00,EST,CAPITL,61757,29.48,1.21,0,1
03-03-2024 18:00,EST,CAPITL,61757,37.44,1.65,0,1
03-03-2024 19:00,EST,CAPITL,61757,32.32,1.3,0,1
03-03-2024 20:00,EST,CAPITL,61757,29.96,0.96,0,1
03-03-2024 21:00,EST,CAPITL,61757,25.57,0.77,0,1
03-03-2024 22:00,EST,CAPITL,61757,23.54,0.64,0,1
03-03-2024 23:00,EST,CAPITL,61757,22.22,0.48,0,1
04-03-2024 00:00,EST,CAPITL,61757,21.69,0.61,0,1
04-03-2024 01:00,EST,CAPITL,61757,20.3,0.65,0,1
04-03-2024 02:00,EST,CAPITL,61757,19.86,0.6,0,1
04-03-2024 03:00,EST,CAPITL,61757,20.26,0.55,0,1
04-03-2024 04:00,EST,CAPITL,61757,21.54,0.5,0,1
04-03-2024 05:00,EST,CAPITL,61757,23,0.56,0,1
04-03-2024 06:00,EST,CAPITL,61757,28.71,0.81,0,1
04-03-2024 07:00,EST,CAPITL,61757,31.4,1.12,0,1
04-03-2024 08:00,EST,CAPITL,61757,31.21,1.11,0,1
04-03-2024 09:00,EST,CAPITL,61757,30.51,0.89,0,1
04-03-2024 10:00,EST,CAPITL,61757,28.59,0.78,0,1
04-03-2024 11:00,EST,CAPITL,61757,27.02,0.71,0,1
04-03-2024 12:00,EST,CAPITL,61757,26.16,0.74,0,1
04-03-2024 13:00,EST,CAPITL,61757,26.15,0.74,0,1
04-03-2024 14:00,EST,CAPITL,61757,26.31,0.72,0,1
04-03-2024 15:00,EST,CAPITL,61757,27.33,0.82,0,1
04-03-2024 16:00,EST,CAPITL,61757,30.93,1.02,0,1
04-03-2024 17:00,EST,CAPITL,61757,36.39,1.63,0,1
04-03-2024 18:00,EST,CAPITL,61757,39.09,1.83,0,1
04-03-2024 19:00,EST,CAPITL,61757,32.96,1.45,0,1
04-03-2024 20:00,EST,CAPITL,61757,31.64,1.3,0,1
04-03-2024 21:00,EST,CAPITL,61757,26.23,0.89,0,1
04-03-2024 22:00,EST,CAPITL,61757,23.76,0.82,0,1
04-03-2024 23:00,EST,CAPITL,61757,21.45,0.79,0,1
05-03-2024 00:00,EST,CAPITL,61757,21.26,0.84,0,1
05-03-2024 01:00,EST,CAPITL,61757,19.99,0.79,0,1
05-03-2024 02:00,EST,CAPITL,61757,19.51,0.77,0,1
05-03-2024 03:00,EST,CAPITL,61757,19.94,0.8,0,1
05-03-2024 04:00,EST,CAPITL,61757,20.81,0.8,0,1
05-03-2024 05:00,EST,CAPITL,61757,22.54,0.91,0,1
05-03-2024 06:00,EST,CAPITL,61757,30.02,1.16,0,1
05-03-2024 07:00,EST,CAPITL,61757,31.8,1.43,0,1
05-03-2024 08:00,EST,CAPITL,61757,32.58,1.46,0,1
05-03-2024 09:00,EST,CAPITL,61757,31.73,1.42,0,1
05-03-2024 10:00,EST,CAPITL,61757,33.39,1.44,0,1
05-03-2024 11:00,EST,CAPITL,61757,33.57,1.54,0,1
05-03-2024 12:00,EST,CAPITL,61757,31.58,1.36,0,1
05-03-2024 13:00,EST,CAPITL,61757,31.37,1.35,0,1
05-03-2024 14:00,EST,CAPITL,61757,31.01,1.31,0,1
05-03-2024 15:00,EST,CAPITL,61757,30.57,1.29,0,1
05-03-2024 16:00,EST,CAPITL,61757,33.92,1.4,0,1
05-03-2024 17:00,EST,CAPITL,61757,39.03,1.61,0,1
05-03-2024 18:00,EST,CAPITL,61757,42.27,1.78,0,1
05-03-2024 19:00,EST,CAPITL,61757,36.77,1.58,0,1
05-03-2024 20:00,EST,CAPITL,61757,33.5,1.38,0,1
05-03-2024 21:00,EST,CAPITL,61757,29.24,0.99,0,1
05-03-2024 22:00,EST,CAPITL,61757,25.65,0.82,0,1
05-03-2024 23:00,EST,CAPITL,61757,22.15,0.75,0,1
06-03-2024 00:00,EST,CAPITL,61757,20.89,0.75,0,1
06-03-2024 01:00,EST,CAPITL,61757,19.95,0.73,0,1
06-03-2024 02:00,EST,CAPITL,61757,19.32,0.69,0,1
06-03-2024 03:00,EST,CAPITL,61757,18.12,0.6,0,1
06-03-2024 04:00,EST,CAPITL,61757,20.1,0.6,0,1
06-03-2024 05:00,EST,CAPITL,61757,22.43,0.48,0,1
06-03-2024 06:00,EST,CAPITL,61757,28.29,0.69,0,1
06-03-2024 07:00,EST,CAPITL,61757,31,0.99,0,1
06-03-2024 08:00,EST,CAPITL,61757,31.34,0.91,0,1
06-03-2024 09:00,EST,CAPITL,61757,30.1,0.82,0,1
06-03-2024 10:00,EST,CAPITL,61757,30.73,0.81,0,1
06-03-2024 11:00,EST,CAPITL,61757,30.37,0.8,0,1
06-03-2024 12:00,EST,CAPITL,61757,29.13,0.77,0,1
06-03-2024 13:00,EST,CAPITL,61757,29.93,0.81,0,1
06-03-2024 14:00,EST,CAPITL,61757,28.93,0.79,0,1
06-03-2024 15:00,EST,CAPITL,61757,29.91,0.9,0,1
06-03-2024 16:00,EST,CAPITL,61757,30.39,0.97,0,1
06-03-2024 17:00,EST,CAPITL,61757,34.26,1.48,0,1
06-03-2024 18:00,EST,CAPITL,61757,36.28,1.53,0,1
06-03-2024 19:00,EST,CAPITL,61757,32.49,1.31,0,1
06-03-2024 20:00,EST,CAPITL,61757,30.37,0.97,0,1
06-03-2024 21:00,EST,CAPITL,61757,27.15,0.77,0,1
06-03-2024 22:00,EST,CAPITL,61757,25.34,0.69,0,1
06-03-2024 23:00,EST,CAPITL,61757,22.34,0.57,0,1
07-03-2024 00:00,EST,CAPITL,61757,21.17,0.52,0,1
07-03-2024 01:00,EST,CAPITL,61757,20.44,0.48,0,1
07-03-2024 02:00,EST,CAPITL,61757,20.02,0.49,0,1
07-03-2024 03:00,EST,CAPITL,61757,19.68,0.48,0,1
07-03-2024 04:00,EST,CAPITL,61757,20.18,0.49,0,1
07-03-2024 05:00,EST,CAPITL,61757,22.8,0.58,0,1
07-03-2024 06:00,EST,CAPITL,61757,28.8,0.87,0,1
07-03-2024 07:00,EST,CAPITL,61757,31.64,1.22,0,1
07-03-2024 08:00,EST,CAPITL,61757,31.21,1.2,0,1
07-03-2024 09:00,EST,CAPITL,61757,31.02,1.05,0,1
07-03-2024 10:00,EST,CAPITL,61757,30.61,1.01,0,1
07-03-2024 11:00,EST,CAPITL,61757,30.33,0.94,0,1
07-03-2024 12:00,EST,CAPITL,61757,29.75,0.9,0,1
07-03-2024 13:00,EST,CAPITL,61757,29.6,0.94,0,1
07-03-2024 14:00,EST,CAPITL,61757,28.05,0.87,0,1
07-03-2024 15:00,EST,CAPITL,61757,28.37,0.91,0,1
07-03-2024 16:00,EST,CAPITL,61757,29.57,1.03,0,1
07-03-2024 17:00,EST,CAPITL,61757,32.86,1.42,0,1
07-03-2024 18:00,EST,CAPITL,61757,36.43,1.53,0,1
07-03-2024 19:00,EST,CAPITL,61757,32.47,1.31,0,1
07-03-2024 20:00,EST,CAPITL,61757,31.69,1.13,0,1
07-03-2024 21:00,EST,CAPITL,61757,27.75,0.81,0,1
07-03-2024 22:00,EST,CAPITL,61757,25.41,0.69,0,1
07-03-2024 23:00,EST,CAPITL,61757,24.38,0.66,0,1
08-03-2024 00:00,EST,CAPITL,61757,24.85,0.7,0,1
08-03-2024 01:00,EST,CAPITL,61757,23.18,0.7,0,1
08-03-2024 02:00,EST,CAPITL,61757,22.15,0.62,0,1
08-03-2024 03:00,EST,CAPITL,61757,21.9,0.58,0,1
08-03-2024 04:00,EST,CAPITL,61757,22.88,0.65,0,1
08-03-2024 05:00,EST,CAPITL,61757,26.04,0.76,0,1
08-03-2024 06:00,EST,CAPITL,61757,32.88,1.3,0,1
08-03-2024 07:00,EST,CAPITL,61757,34.04,1.5,0,1
08-03-2024 08:00,EST,CAPITL,61757,31.13,0.88,0,1
08-03-2024 09:00,EST,CAPITL,61757,24.61,0.53,0,1
08-03-2024 10:00,EST,CAPITL,61757,25.25,0.52,0,1
08-03-2024 11:00,EST,CAPITL,61757,23.56,0.44,0,1
08-03-2024 12:00,EST,CAPITL,61757,21.98,0.39,0,1
08-03-2024 13:00,EST,CAPITL,61757,21.69,0.43,0,1
08-03-2024 14:00,EST,CAPITL,61757,21.67,0.45,0,1
08-03-2024 15:00,EST,CAPITL,61757,22.76,0.53,0,1
08-03-2024 16:00,EST,CAPITL,61757,27.13,0.84,0,1
08-03-2024 17:00,EST,CAPITL,61757,31.77,1.31,0,1
08-03-2024 18:00,EST,CAPITL,61757,35.1,1.64,0,1
08-03-2024 19:00,EST,CAPITL,61757,32.29,1.48,0,1
08-03-2024 20:00,EST,CAPITL,61757,31.64,1.3,0,1
08-03-2024 21:00,EST,CAPITL,61757,26.74,1,0,1
08-03-2024 22:00,EST,CAPITL,61757,24.91,0.89,0,1
08-03-2024 23:00,EST,CAPITL,61757,23.46,0.75,0,1
09-03-2024 00:00,EST,CAPITL,61757,21.88,0.74,0,1
09-03-2024 01:00,EST,CAPITL,61757,21.04,0.71,0,1
09-03-2024 02:00,EST,CAPITL,61757,20.27,0.67,0,1
09-03-2024 03:00,EST,CAPITL,61757,19.85,0.63,0,1
09-03-2024 04:00,EST,CAPITL,61757,20.43,0.67,0,1
09-03-2024 05:00,EST,CAPITL,61757,20.67,0.68,0,1
09-03-2024 06:00,EST,CAPITL,61757,23.41,0.81,0,1
09-03-2024 07:00,EST,CAPITL,61757,23.89,0.87,0,1
09-03-2024 08:00,EST,CAPITL,61757,23.52,0.84,0,1
09-03-2024 09:00,EST,CAPITL,61757,23.36,0.81,0,1
09-03-2024 10:00,EST,CAPITL,61757,23.84,0.85,0,1
09-03-2024 11:00,EST,CAPITL,61757,22.81,0.79,0,1
09-03-2024 12:00,EST,CAPITL,61757,22.29,0.73,0,1
09-03-2024 13:00,EST,CAPITL,61757,21.8,0.78,0,1
09-03-2024 14:00,EST,CAPITL,61757,21.21,0.95,0,1
09-03-2024 15:00,EST,CAPITL,61757,22.46,1.05,0,1
09-03-2024 16:00,EST,CAPITL,61757,25.29,1,0,1
09-03-2024 17:00,EST,CAPITL,61757,28.44,1.15,0,1
09-03-2024 18:00,EST,CAPITL,61757,31.58,1.33,0,1
09-03-2024 19:00,EST,CAPITL,61757,29.54,1.14,0,1
09-03-2024 20:00,EST,CAPITL,61757,27.26,1.07,0,1
09-03-2024 21:00,EST,CAPITL,61757,23.72,0.98,0,1
09-03-2024 22:00,EST,CAPITL,61757,22.05,0.91,0,1
09-03-2024 23:00,EST,CAPITL,61757,20.95,0.92,0,1
10-03-2024 00:00,EST,CAPITL,61757,22.35,0.96,0,1
10-03-2024 01:00,EST,CAPITL,61757,20.2,0.83,0,1
10-03-2024 03:00,EDT,CAPITL,61757,18.74,0.7,0,1
10-03-2024 04:00,EDT,CAPITL,61757,19.35,0.71,0,1
10-03-2024 05:00,EDT,CAPITL,61757,20.55,0.58,0,1
10-03-2024 06:00,EDT,CAPITL,61757,21.46,0.61,0,1
10-03-2024 07:00,EDT,CAPITL,61757,22.81,0.75,0,1
10-03-2024 08:00,EDT,CAPITL,61757,23.32,0.77,0,1
10-03-2024 09:00,EDT,CAPITL,61757,22.5,0.74,0,1
10-03-2024 10:00,EDT,CAPITL,61757,23.04,0.78,0,1
10-03-2024 11:00,EDT,CAPITL,61757,23.03,0.78,0,1
10-03-2024 12:00,EDT,CAPITL,61757,22.55,0.72,0,1
10-03-2024 13:00,EDT,CAPITL,61757,22.1,0.73,0,1
10-03-2024 14:00,EDT,CAPITL,61757,22.02,0.76,0,1
10-03-2024 15:00,EDT,CAPITL,61757,22.05,0.75,0,1
10-03-2024 16:00,EDT,CAPITL,61757,24.09,0.9,0,1
10-03-2024 17:00,EDT,CAPITL,61757,30.43,1.23,0,1
10-03-2024 18:00,EDT,CAPITL,61757,32.29,1.54,0,1
10-03-2024 19:00,EDT,CAPITL,61757,35.86,1.87,0,1
10-03-2024 20:00,EDT,CAPITL,61757,35.07,1.7,0,1
10-03-2024 21:00,EDT,CAPITL,61757,28.17,1.16,0,1
10-03-2024 22:00,EDT,CAPITL,61757,23.86,0.96,0,1
10-03-2024 23:00,EDT,CAPITL,61757,22.75,1.02,0,1
11-03-2024 00:00,EDT,CAPITL,61757,22.86,1.05,0,1
11-03-2024 01:00,EDT,CAPITL,61757,21.51,1.04,0,1
11-03-2024 02:00,EDT,CAPITL,61757,21.79,0.9,0,1
11-03-2024 03:00,EDT,CAPITL,61757,21.89,0.84,0,1
11-03-2024 04:00,EDT,CAPITL,61757,22.84,0.86,0,1
11-03-2024 05:00,EDT,CAPITL,61757,26.55,1.07,0,1
11-03-2024 06:00,EDT,CAPITL,61757,35.03,1.83,0,1
11-03-2024 07:00,EDT,CAPITL,61757,36.98,2.06,0,1
11-03-2024 08:00,EDT,CAPITL,61757,34.66,1.87,0,1
11-03-2024 09:00,EDT,CAPITL,61757,30.33,1.39,0,1
11-03-2024 10:00,EDT,CAPITL,61757,29.7,1.31,0,1
11-03-2024 11:00,EDT,CAPITL,61757,27.94,1.1,0,1
11-03-2024 12:00,EDT,CAPITL,61757,25.94,1,0,1
11-03-2024 13:00,EDT,CAPITL,61757,24.7,1.02,0,1
11-03-2024 14:00,EDT,CAPITL,61757,23.81,0.96,0,1
11-03-2024 15:00,EDT,CAPITL,61757,24.04,0.99,0,1
11-03-2024 16:00,EDT,CAPITL,61757,26.54,1.17,0,1
11-03-2024 17:00,EDT,CAPITL,61757,33.09,1.72,0,1
11-03-2024 18:00,EDT,CAPITL,61757,36.22,1.95,0,1
11-03-2024 19:00,EDT,CAPITL,61757,38.45,2.11,0,1
11-03-2024 20:00,EDT,CAPITL,61757,36.45,2.03,0,1
11-03-2024 21:00,EDT,CAPITL,61757,30.05,1.43,0,1
11-03-2024 22:00,EDT,CAPITL,61757,26.25,1.08,0,1
11-03-2024 23:00,EDT,CAPITL,61757,24.7,1,0,1
12-03-2024 00:00,EDT,CAPITL,61757,22.16,0.81,0,1
12-03-2024 01:00,EDT,CAPITL,61757,20.63,0.74,0,1
12-03-2024 02:00,EDT,CAPITL,61757,20.13,0.7,0,1
12-03-2024 03:00,EDT,CAPITL,61757,20.12,0.7,0,1
12-03-2024 04:00,EDT,CAPITL,61757,21,0.69,0,1
12-03-2024 05:00,EDT,CAPITL,61757,25,0.89,0,1
12-03-2024 06:00,EDT,CAPITL,61757,33.54,1.54,0,1
12-03-2024 07:00,EDT,CAPITL,61757,38.98,1.96,0,1
12-03-2024 08:00,EDT,CAPITL,61757,33.64,1.39,0,1
12-03-2024 09:00,EDT,CAPITL,61757,24.11,0.82,0,1
12-03-2024 10:00,EDT,CAPITL,61757,22.57,0.59,0,1
12-03-2024 11:00,EDT,CAPITL,61757,21.36,0.54,0,1
12-03-2024 12:00,EDT,CAPITL,61757,20.14,0.47,0,1
12-03-2024 13:00,EDT,CAPITL,61757,19.48,0.48,0,1
12-03-2024 14:00,EDT,CAPITL,61757,18.74,0.47,0,1
12-03-2024 15:00,EDT,CAPITL,61757,19.08,0.48,0,1
12-03-2024 16:00,EDT,CAPITL,61757,21.74,0.61,0,1
12-03-2024 17:00,EDT,CAPITL,61757,25.55,0.79,0,1
12-03-2024 18:00,EDT,CAPITL,61757,29.46,1.05,0,1
12-03-2024 19:00,EDT,CAPITL,61757,34.57,1.61,0,1
12-03-2024 20:00,EDT,CAPITL,61757,31.77,1.31,0,1
12-03-2024 21:00,EDT,CAPITL,61757,26.79,0.93,0,1
12-03-2024 22:00,EDT,CAPITL,61757,23.12,0.72,0,1
12-03-2024 23:00,EDT,CAPITL,61757,23.16,0.59,0,1
13-03-2024 00:00,EDT,CAPITL,61757,19.99,0.53,0,1
13-03-2024 01:00,EDT,CAPITL,61757,18.27,0.48,0,1
13-03-2024 02:00,EDT,CAPITL,61757,17.86,0.47,0,1
13-03-2024 03:00,EDT,CAPITL,61757,17.84,0.49,0,1
13-03-2024 04:00,EDT,CAPITL,61757,18.63,0.51,0,1
13-03-2024 05:00,EDT,CAPITL,61757,22.19,0.67,0,1
13-03-2024 06:00,EDT,CAPITL,61757,28.61,1.1,0,1
13-03-2024 07:00,EDT,CAPITL,61757,34.19,1.57,0,1
13-03-2024 08:00,EDT,CAPITL,61757,30.25,1.08,0,1
13-03-2024 09:00,EDT,CAPITL,61757,23.75,0.71,0,1
13-03-2024 10:00,EDT,CAPITL,61757,20.24,0.59,0,1
13-03-2024 11:00,EDT,CAPITL,61757,19.61,0.55,0,1
13-03-2024 12:00,EDT,CAPITL,61757,18.94,0.53,0,1
13-03-2024 13:00,EDT,CAPITL,61757,18.47,0.5,0,1
13-03-2024 14:00,EDT,CAPITL,61757,17.96,0.51,0,1
13-03-2024 15:00,EDT,CAPITL,61757,15.34,0.5,2.99,1
13-03-2024 16:00,EDT,CAPITL,61757,18.92,0.56,1.1,1
13-03-2024 17:00,EDT,CAPITL,61757,23.41,0.68,0,1
13-03-2024 18:00,EDT,CAPITL,61757,29.26,0.99,0,1
13-03-2024 19:00,EDT,CAPITL,61757,33.37,1.25,0,1
13-03-2024 20:00,EDT,CAPITL,61757,31,1.08,0,1
13-03-2024 21:00,EDT,CAPITL,61757,25.35,0.76,0,1
13-03-2024 22:00,EDT,CAPITL,61757,21.19,0.48,0,1
13-03-2024 23:00,EDT,CAPITL,61757,20.02,0.33,0,1
14-03-2024 00:00,EDT,CAPITL,61757,21.07,0.45,0,1
14-03-2024 01:00,EDT,CAPITL,61757,19.45,0.42,0,1
14-03-2024 02:00,EDT,CAPITL,61757,18.86,0.39,0,1
14-03-2024 03:00,EDT,CAPITL,61757,18.41,0.4,0,1
14-03-2024 04:00,EDT,CAPITL,61757,18.68,0.4,0,1
14-03-2024 05:00,EDT,CAPITL,61757,21.18,0.54,0,1
14-03-2024 06:00,EDT,CAPITL,61757,28.17,0.93,0,1
14-03-2024 07:00,EDT,CAPITL,61757,32.85,1.29,0,1
14-03-2024 08:00,EDT,CAPITL,61757,30.52,0.92,0,1
14-03-2024 09:00,EDT,CAPITL,61757,23.23,0.57,0,1
14-03-2024 10:00,EDT,CAPITL,61757,20.52,0.48,0,1
14-03-2024 11:00,EDT,CAPITL,61757,19.61,0.46,0,1
14-03-2024 12:00,EDT,CAPITL,61757,18.53,0.4,0,1
14-03-2024 13:00,EDT,CAPITL,61757,17.88,0.37,0,1
14-03-2024 14:00,EDT,CAPITL,61757,17.42,0.36,0,1
14-03-2024 15:00,EDT,CAPITL,61757,18.09,0.37,0,1
14-03-2024 16:00,EDT,CAPITL,61757,20.18,0.51,0,1
14-03-2024 17:00,EDT,CAPITL,61757,24.72,0.67,0,1
14-03-2024 18:00,EDT,CAPITL,61757,30.07,1.02,0,1
14-03-2024 19:00,EDT,CAPITL,61757,32.91,1.36,0,1
14-03-2024 20:00,EDT,CAPITL,61757,30.74,1.13,0,1
14-03-2024 21:00,EDT,CAPITL,61757,24.74,0.86,0,1
14-03-2024 22:00,EDT,CAPITL,61757,21.18,0.68,0,1
14-03-2024 23:00,EDT,CAPITL,61757,20.06,0.57,0,1
15-03-2024 00:00,EDT,CAPITL,61757,19.69,0.52,0,1
15-03-2024 01:00,EDT,CAPITL,61757,19.23,0.51,0,1
15-03-2024 02:00,EDT,CAPITL,61757,18.23,0.48,0,1
15-03-2024 03:00,EDT,CAPITL,61757,17.53,0.44,0,1
15-03-2024 04:00,EDT,CAPITL,61757,18.28,0.46,0,1
15-03-2024 05:00,EDT,CAPITL,61757,19.69,0.46,0,1
15-03-2024 06:00,EDT,CAPITL,61757,23.66,0.75,0,1
15-03-2024 07:00,EDT,CAPITL,61757,27.53,0.93,0,1
15-03-2024 08:00,EDT,CAPITL,61757,26.44,0.97,0,1
15-03-2024 09:00,EDT,CAPITL,61757,25.07,0.89,0,1
15-03-2024 10:00,EDT,CAPITL,61757,24.49,0.85,0,1
15-03-2024 11:00,EDT,CAPITL,61757,24.58,0.81,0,1
15-03-2024 12:00,EDT,CAPITL,61757,23.63,0.78,0,1
15-03-2024 13:00,EDT,CAPITL,61757,22.57,0.72,0,1
15-03-2024 14:00,EDT,CAPITL,61757,22.07,0.66,0,1
15-03-2024 15:00,EDT,CAPITL,61757,21.43,0.65,0,1
15-03-2024 16:00,EDT,CAPITL,61757,23.87,0.76,0,1
15-03-2024 17:00,EDT,CAPITL,61757,26,0.86,0,1
15-03-2024 18:00,EDT,CAPITL,61757,28.5,0.94,0,1
15-03-2024 19:00,EDT,CAPITL,61757,30.43,0.94,0,1
15-03-2024 20:00,EDT,CAPITL,61757,28.1,0.9,0,1
15-03-2024 21:00,EDT,CAPITL,61757,24.32,0.78,0,1
15-03-2024 22:00,EDT,CAPITL,61757,22.54,0.7,0,1
15-03-2024 23:00,EDT,CAPITL,61757,20.89,0.59,0,1
16-03-2024 00:00,EDT,CAPITL,61757,20.71,0.52,0,1
16-03-2024 01:00,EDT,CAPITL,61757,19.7,0.5,0,1
16-03-2024 02:00,EDT,CAPITL,61757,17.98,0.47,0,1
16-03-2024 03:00,EDT,CAPITL,61757,17.95,0.45,0,1
16-03-2024 04:00,EDT,CAPITL,61757,18.46,0.47,0,1
16-03-2024 05:00,EDT,CAPITL,61757,20.51,0.54,0,1
16-03-2024 06:00,EDT,CAPITL,61757,21.87,0.58,0,1
16-03-2024 07:00,EDT,CAPITL,61757,24.7,0.7,0,1
16-03-2024 08:00,EDT,CAPITL,61757,24.43,0.69,0,1
16-03-2024 09:00,EDT,CAPITL,61757,21.32,0.54,0,1
16-03-2024 10:00,EDT,CAPITL,61757,19.87,0.45,0,1
16-03-2024 11:00,EDT,CAPITL,61757,18.75,0.44,0,1
16-03-2024 12:00,EDT,CAPITL,61757,18.07,0.44,0,1
16-03-2024 13:00,EDT,CAPITL,61757,16.89,0.4,0,1
16-03-2024 14:00,EDT,CAPITL,61757,16.84,0.38,0,1
16-03-2024 15:00,EDT,CAPITL,61757,17.35,0.39,0,1
16-03-2024 16:00,EDT,CAPITL,61757,18.26,0.45,0,1
16-03-2024 17:00,EDT,CAPITL,61757,22.94,0.71,0,1
16-03-2024 18:00,EDT,CAPITL,61757,26.12,0.81,0,1
16-03-2024 19:00,EDT,CAPITL,61757,29.59,1.03,0,1
16-03-2024 20:00,EDT,CAPITL,61757,27.28,1,0,1
16-03-2024 21:00,EDT,CAPITL,61757,23.88,0.83,0,1
16-03-2024 22:00,EDT,CAPITL,61757,21.13,0.67,0,1
16-03-2024 23:00,EDT,CAPITL,61757,19.48,0.62,0,1
17-03-2024 00:00,EDT,CAPITL,61757,19.73,0.59,0,1
17-03-2024 01:00,EDT,CAPITL,61757,18.22,0.55,0,1
17-03-2024 02:00,EDT,CAPITL,61757,17.1,0.53,0,1
17-03-2024 03:00,EDT,CAPITL,61757,16.91,0.52,0,1
17-03-2024 04:00,EDT,CAPITL,61757,17.29,0.55,0,1
17-03-2024 05:00,EDT,CAPITL,61757,18.59,0.59,0,1
17-03-2024 06:00,EDT,CAPITL,61757,20.05,0.58,0,1
17-03-2024 07:00,EDT,CAPITL,61757,20.95,0.63,0,1
17-03-2024 08:00,EDT,CAPITL,61757,20.52,0.58,0,1
17-03-2024 09:00,EDT,CAPITL,61757,19.84,0.61,0,1
17-03-2024 10:00,EDT,CAPITL,61757,19.76,0.69,0,1
17-03-2024 11:00,EDT,CAPITL,61757,18.35,0.53,0,1
17-03-2024 12:00,EDT,CAPITL,61757,17.17,0.5,0,1
17-03-2024 13:00,EDT,CAPITL,61757,16.57,0.47,0,1
17-03-2024 14:00,EDT,CAPITL,61757,16.24,0.46,0,1
17-03-2024 15:00,EDT,CAPITL,61757,16,0.45,0,1
17-03-2024 16:00,EDT,CAPITL,61757,17.83,0.55,0,1
17-03-2024 17:00,EDT,CAPITL,61757,20.18,0.68,0,1
17-03-2024 18:00,EDT,CAPITL,61757,24.57,0.88,0,1
17-03-2024 19:00,EDT,CAPITL,61757,31.31,1.21,0,1
17-03-2024 20:00,EDT,CAPITL,61757,27.77,0.99,0,1
17-03-2024 21:00,EDT,CAPITL,61757,25.11,0.87,0,1
17-03-2024 22:00,EDT,CAPITL,61757,21.68,0.71,0,1
17-03-2024 23:00,EDT,CAPITL,61757,19.59,0.59,0,1
18-03-2024 00:00,EDT,CAPITL,61757,19.43,0.64,0,1
18-03-2024 01:00,EDT,CAPITL,61757,18.47,0.57,0,1
18-03-2024 02:00,EDT,CAPITL,61757,18.22,0.55,0,1
18-03-2024 03:00,EDT,CAPITL,61757,18.3,0.55,0,1
18-03-2024 04:00,EDT,CAPITL,61757,18.82,0.6,0,1
18-03-2024 05:00,EDT,CAPITL,61757,20.71,0.72,0,1
18-03-2024 06:00,EDT,CAPITL,61757,28.48,1.1,0,1
18-03-2024 07:00,EDT,CAPITL,61757,31.81,1.37,0,1
18-03-2024 08:00,EDT,CAPITL,61757,30.14,1.13,0,1
18-03-2024 09:00,EDT,CAPITL,61757,23.29,0.74,0,1
18-03-2024 10:00,EDT,CAPITL,61757,22.08,0.68,0,1
18-03-2024 11:00,EDT,CAPITL,61757,21.26,0.6,0,1
18-03-2024 12:00,EDT,CAPITL,61757,20.28,0.57,0,1
18-03-2024 13:00,EDT,CAPITL,61757,20.07,0.58,0,1
18-03-2024 14:00,EDT,CAPITL,61757,20.1,0.59,0,1
18-03-2024 15:00,EDT,CAPITL,61757,21.19,0.64,0,1
18-03-2024 16:00,EDT,CAPITL,61757,23.85,0.78,0,1
18-03-2024 17:00,EDT,CAPITL,61757,28.17,0.95,0,1
18-03-2024 18:00,EDT,CAPITL,61757,31.9,1.4,0,1
18-03-2024 19:00,EDT,CAPITL,61757,36.08,1.65,0,1
18-03-2024 20:00,EDT,CAPITL,61757,35.63,1.7,0,1
18-03-2024 21:00,EDT,CAPITL,61757,30.05,1.16,0,1
18-03-2024 22:00,EDT,CAPITL,61757,26.71,0.83,0,1
18-03-2024 23:00,EDT,CAPITL,61757,23.75,0.71,0,1
19-03-2024 00:00,EDT,CAPITL,61757,22.01,0.68,0,1
19-03-2024 01:00,EDT,CAPITL,61757,20.9,0.59,0,1
19-03-2024 02:00,EDT,CAPITL,61757,20.8,0.59,0,1
19-03-2024 03:00,EDT,CAPITL,61757,20.89,0.61,0,1
19-03-2024 04:00,EDT,CAPITL,61757,21.63,0.73,0,1
19-03-2024 05:00,EDT,CAPITL,61757,24.47,0.87,0,1
19-03-2024 06:00,EDT,CAPITL,61757,32.3,1.42,0,1
19-03-2024 07:00,EDT,CAPITL,61757,38.49,1.83,0,1
19-03-2024 08:00,EDT,CAPITL,61757,31.99,1.29,0,1
19-03-2024 09:00,EDT,CAPITL,61757,24.79,0.82,0,1
19-03-2024 10:00,EDT,CAPITL,61757,23.82,0.74,0,1
19-03-2024 11:00,EDT,CAPITL,61757,22.2,0.67,0,1
19-03-2024 12:00,EDT,CAPITL,61757,21.13,0.61,0,1
19-03-2024 13:00,EDT,CAPITL,61757,20.56,0.62,0,1
19-03-2024 14:00,EDT,CAPITL,61757,19.37,0.58,0,1
19-03-2024 15:00,EDT,CAPITL,61757,20.34,0.63,0,1
19-03-2024 16:00,EDT,CAPITL,61757,23.34,0.79,0,1
19-03-2024 17:00,EDT,CAPITL,61757,28.39,0.77,0,1
19-03-2024 18:00,EDT,CAPITL,61757,31.83,1.23,0,1
19-03-2024 19:00,EDT,CAPITL,61757,37.85,1.42,0,1
19-03-2024 20:00,EDT,CAPITL,61757,34.63,1.33,0,1
19-03-2024 21:00,EDT,CAPITL,61757,29.57,0.92,0,1
19-03-2024 22:00,EDT,CAPITL,61757,26.59,0.75,0,1
19-03-2024 23:00,EDT,CAPITL,61757,23.78,0.67,0,1
20-03-2024 00:00,EDT,CAPITL,61757,23.37,0.64,0,1
20-03-2024 01:00,EDT,CAPITL,61757,21.97,0.62,0,1
20-03-2024 02:00,EDT,CAPITL,61757,21.04,0.59,0,1
20-03-2024 03:00,EDT,CAPITL,61757,20.87,0.59,0,1
20-03-2024 04:00,EDT,CAPITL,61757,21.4,0.62,0,1
20-03-2024 05:00,EDT,CAPITL,61757,25.37,0.79,0,1
20-03-2024 06:00,EDT,CAPITL,61757,33.3,1.37,0,1
20-03-2024 07:00,EDT,CAPITL,61757,38.41,1.51,0,1
20-03-2024 08:00,EDT,CAPITL,61757,31.97,1.2,0,1
20-03-2024 09:00,EDT,CAPITL,61757,25.13,0.68,0,1
20-03-2024 10:00,EDT,CAPITL,61757,23.67,0.69,0,1
20-03-2024 11:00,EDT,CAPITL,61757,22.58,0.66,0,1
20-03-2024 12:00,EDT,CAPITL,61757,22.2,0.65,0,1
20-03-2024 13:00,EDT,CAPITL,61757,20.9,0.59,0,1
20-03-2024 14:00,EDT,CAPITL,61757,21.26,0.68,0,1
20-03-2024 15:00,EDT,CAPITL,61757,21.26,0.68,0,1
20-03-2024 16:00,EDT,CAPITL,61757,23.77,0.87,0,1
20-03-2024 17:00,EDT,CAPITL,61757,27.94,1.05,0,1
20-03-2024 18:00,EDT,CAPITL,61757,31.48,1.18,0,1
20-03-2024 19:00,EDT,CAPITL,61757,37.86,1.56,0,1
20-03-2024 20:00,EDT,CAPITL,61757,33.91,1.4,0,1
20-03-2024 21:00,EDT,CAPITL,61757,30.25,1.11,0,1
20-03-2024 22:00,EDT,CAPITL,61757,25.83,0.97,0,1
20-03-2024 23:00,EDT,CAPITL,61757,24.17,0.93,0,1
21-03-2024 00:00,EDT,CAPITL,61757,25.65,0.87,0,1
21-03-2024 01:00,EDT,CAPITL,61757,25.14,0.83,0,1
21-03-2024 02:00,EDT,CAPITL,61757,24.54,0.85,0,1
21-03-2024 03:00,EDT,CAPITL,61757,24.14,0.84,0,1
21-03-2024 04:00,EDT,CAPITL,61757,24.64,0.86,0,1
21-03-2024 05:00,EDT,CAPITL,61757,28.88,0.9,0,1
21-03-2024 06:00,EDT,CAPITL,61757,39.47,1.56,0,1
21-03-2024 07:00,EDT,CAPITL,61757,45.94,1.85,0,1
21-03-2024 08:00,EDT,CAPITL,61757,36.79,1.31,0,1
21-03-2024 09:00,EDT,CAPITL,61757,30.46,0.75,0.09,1
21-03-2024 10:00,EDT,CAPITL,61757,28.85,0.68,0,1
21-03-2024 11:00,EDT,CAPITL,61757,27.65,0.65,0,1
21-03-2024 12:00,EDT,CAPITL,61757,25.66,0.58,0,1
21-03-2024 13:00,EDT,CAPITL,61757,24.81,0.56,0,1
21-03-2024 14:00,EDT,CAPITL,61757,23.28,0.52,0,1
21-03-2024 15:00,EDT,CAPITL,61757,23.6,0.6,0,1
21-03-2024 16:00,EDT,CAPITL,61757,27.64,0.78,0,1
21-03-2024 17:00,EDT,CAPITL,61757,31.82,1.1,0,1
21-03-2024 18:00,EDT,CAPITL,61757,37.29,1.44,0,1
21-03-2024 19:00,EDT,CAPITL,61757,45.43,1.67,0.09,1
21-03-2024 20:00,EDT,CAPITL,61757,46.77,1.81,0.12,1
21-03-2024 21:00,EDT,CAPITL,61757,36.75,1.41,0,1
21-03-2024 22:00,EDT,CAPITL,61757,31.41,1,0,1
21-03-2024 23:00,EDT,CAPITL,61757,29.93,0.76,0,1
22-03-2024 00:00,EDT,CAPITL,61757,27.98,0.92,0,1
22-03-2024 01:00,EDT,CAPITL,61757,27.02,0.84,0,1
22-03-2024 02:00,EDT,CAPITL,61757,26.36,0.82,0,1
22-03-2024 03:00,EDT,CAPITL,61757,26.3,0.77,0,1
22-03-2024 04:00,EDT,CAPITL,61757,28.51,0.86,0,1
22-03-2024 05:00,EDT,CAPITL,61757,31.8,1.05,0,1
22-03-2024 06:00,EDT,CAPITL,61757,46.27,1.86,0,1
22-03-2024 07:00,EDT,CAPITL,61757,48.42,2.09,0,1
22-03-2024 08:00,EDT,CAPITL,61757,37.23,1.19,0,1
22-03-2024 09:00,EDT,CAPITL,61757,29.63,0.58,0.07,1
22-03-2024 10:00,EDT,CAPITL,61757,27.44,0.67,0.06,1
22-03-2024 11:00,EDT,CAPITL,61757,24.68,0.56,0,1
22-03-2024 12:00,EDT,CAPITL,61757,23.16,0.52,0,1
22-03-2024 13:00,EDT,CAPITL,61757,22.67,0.55,0,1
22-03-2024 14:00,EDT,CAPITL,61757,22.42,0.57,0,1
22-03-2024 15:00,EDT,CAPITL,61757,23.23,0.63,0,1
22-03-2024 16:00,EDT,CAPITL,61757,24.9,0.68,0,1
22-03-2024 17:00,EDT,CAPITL,61757,29.43,0.66,0.07,1
22-03-2024 18:00,EDT,CAPITL,61757,33.26,0.9,0,1
22-03-2024 19:00,EDT,CAPITL,61757,40.99,1.35,0,1
22-03-2024 20:00,EDT,CAPITL,61757,38.81,1.39,0,1
22-03-2024 21:00,EDT,CAPITL,61757,32.72,1.11,0,1
22-03-2024 22:00,EDT,CAPITL,61757,29.96,0.87,0,1
22-03-2024 23:00,EDT,CAPITL,61757,29.11,0.77,0,1
23-03-2024 00:00,EDT,CAPITL,61757,25.12,0.76,0,1
23-03-2024 01:00,EDT,CAPITL,61757,23.44,0.66,0,1
23-03-2024 02:00,EDT,CAPITL,61757,22.29,0.67,0,1
23-03-2024 03:00,EDT,CAPITL,61757,22.15,0.62,0,1
23-03-2024 04:00,EDT,CAPITL,61757,22.51,0.61,0,1
23-03-2024 05:00,EDT,CAPITL,61757,24.6,0.72,0,1
23-03-2024 06:00,EDT,CAPITL,61757,27.29,0.85,0,1
23-03-2024 07:00,EDT,CAPITL,61757,28.53,0.94,0,1
23-03-2024 08:00,EDT,CAPITL,61757,28.94,0.92,0,1
23-03-2024 09:00,EDT,CAPITL,61757,31.6,1.04,0,1
23-03-2024 10:00,EDT,CAPITL,61757,31.37,1.22,0.29,1
23-03-2024 11:00,EDT,CAPITL,61757,31.25,1.03,0.12,1
23-03-2024 12:00,EDT,CAPITL,61757,31.26,1.13,0.27,1
23-03-2024 13:00,EDT,CAPITL,61757,31.33,1.06,0,1
23-03-2024 14:00,EDT,CAPITL,61757,29.28,0.94,0.15,1
23-03-2024 15:00,EDT,CAPITL,61757,27.41,0.88,0.09,1
23-03-2024 16:00,EDT,CAPITL,61757,29.1,0.91,0.19,1
23-03-2024 17:00,EDT,CAPITL,61757,30.33,1,0.06,1
23-03-2024 18:00,EDT,CAPITL,61757,31.13,1.03,0.08,1
23-03-2024 19:00,EDT,CAPITL,61757,33.02,1.24,0,1
23-03-2024 20:00,EDT,CAPITL,61757,31.5,1.12,0,1
23-03-2024 21:00,EDT,CAPITL,61757,28.89,0.92,0,1
23-03-2024 22:00,EDT,CAPITL,61757,27,0.89,0,1
23-03-2024 23:00,EDT,CAPITL,61757,25.6,0.79,0,1
24-03-2024 00:00,EDT,CAPITL,61757,25.73,0.7,0,1
24-03-2024 01:00,EDT,CAPITL,61757,24.4,0.66,0,1
24-03-2024 02:00,EDT,CAPITL,61757,23.88,0.63,0,1
24-03-2024 03:00,EDT,CAPITL,61757,23.27,0.59,0,1
24-03-2024 04:00,EDT,CAPITL,61757,23.94,0.68,0,1
24-03-2024 05:00,EDT,CAPITL,61757,25.33,0.67,0,1
24-03-2024 06:00,EDT,CAPITL,61757,26.71,0.78,0,1
24-03-2024 07:00,EDT,CAPITL,61757,28.4,0.91,0,1
24-03-2024 08:00,EDT,CAPITL,61757,28.85,0.92,0,1
24-03-2024 09:00,EDT,CAPITL,61757,27.02,0.81,0,1
24-03-2024 10:00,EDT,CAPITL,61757,25.73,0.77,0,1
24-03-2024 11:00,EDT,CAPITL,61757,23,0.67,0,1
24-03-2024 12:00,EDT,CAPITL,61757,21.66,0.63,0,1
24-03-2024 13:00,EDT,CAPITL,61757,21.13,0.57,0,1
24-03-2024 14:00,EDT,CAPITL,61757,20.63,0.56,0,1
24-03-2024 15:00,EDT,CAPITL,61757,20.61,0.58,0,1
24-03-2024 16:00,EDT,CAPITL,61757,22.79,0.69,0,1
24-03-2024 17:00,EDT,CAPITL,61757,27.7,0.83,0,1
24-03-2024 18:00,EDT,CAPITL,61757,31.5,1.18,0,1
24-03-2024 19:00,EDT,CAPITL,61757,35.43,1.46,0,1
24-03-2024 20:00,EDT,CAPITL,61757,35.61,1.53,0,1
24-03-2024 21:00,EDT,CAPITL,61757,31.23,1.23,0,1
24-03-2024 22:00,EDT,CAPITL,61757,27.88,0.97,0,1
24-03-2024 23:00,EDT,CAPITL,61757,25.95,0.76,0,1
25-03-2024 00:00,EDT,CAPITL,61757,26.68,0.78,0,1
25-03-2024 01:00,EDT,CAPITL,61757,25.55,0.77,0,1
25-03-2024 02:00,EDT,CAPITL,61757,24.89,0.82,0,1
25-03-2024 03:00,EDT,CAPITL,61757,24.74,0.86,0,1
25-03-2024 04:00,EDT,CAPITL,61757,25.69,0.92,0,1
25-03-2024 05:00,EDT,CAPITL,61757,30.04,1.16,0,1
25-03-2024 06:00,EDT,CAPITL,61757,38.3,1.82,0,1
25-03-2024 07:00,EDT,CAPITL,61757,42.17,2.05,0,1
25-03-2024 08:00,EDT,CAPITL,61757,36.41,1.6,0,1
25-03-2024 09:00,EDT,CAPITL,61757,30.21,1.08,0,1
25-03-2024 10:00,EDT,CAPITL,61757,27.75,0.94,0,1
25-03-2024 11:00,EDT,CAPITL,61757,24.55,0.78,0,1
25-03-2024 12:00,EDT,CAPITL,61757,22.62,0.74,0,1
25-03-2024 13:00,EDT,CAPITL,61757,21.77,0.67,0,1
25-03-2024 14:00,EDT,CAPITL,61757,20.99,0.63,0,1
25-03-2024 15:00,EDT,CAPITL,61757,21,0.69,0,1
25-03-2024 16:00,EDT,CAPITL,61757,23.17,0.87,0,1
25-03-2024 17:00,EDT,CAPITL,61757,28.35,1.04,0,1
25-03-2024 18:00,EDT,CAPITL,61757,33.07,1.63,0,1
25-03-2024 19:00,EDT,CAPITL,61757,39.74,2.07,0,1
25-03-2024 20:00,EDT,CAPITL,61757,37.37,2.01,0,1
25-03-2024 21:00,EDT,CAPITL,61757,31.46,1.5,0,1
25-03-2024 22:00,EDT,CAPITL,61757,26.43,1.14,0,1
25-03-2024 23:00,EDT,CAPITL,61757,24.7,1.02,0,1
26-03-2024 00:00,EDT,CAPITL,61757,25.06,1.13,0,1
26-03-2024 01:00,EDT,CAPITL,61757,24.29,1.02,0,1
26-03-2024 02:00,EDT,CAPITL,61757,23.36,1.03,0,1
26-03-2024 03:00,EDT,CAPITL,61757,23.71,1.06,0,1
26-03-2024 04:00,EDT,CAPITL,61757,24.15,1.04,0,1
26-03-2024 05:00,EDT,CAPITL,61757,28.18,1.27,0,1
26-03-2024 06:00,EDT,CAPITL,61757,35.75,2.09,0,1
26-03-2024 07:00,EDT,CAPITL,61757,40.49,2.33,0,1
26-03-2024 08:00,EDT,CAPITL,61757,37.18,2,0,1
26-03-2024 09:00,EDT,CAPITL,61757,32.01,1.52,0,1
26-03-2024 10:00,EDT,CAPITL,61757,30.02,1.24,0,1
26-03-2024 11:00,EDT,CAPITL,61757,27.67,1.14,0,1
26-03-2024 12:00,EDT,CAPITL,61757,26.6,1.07,0,1
26-03-2024 13:00,EDT,CAPITL,61757,25.58,1.01,0,1
26-03-2024 14:00,EDT,CAPITL,61757,25.4,0.98,0,1
26-03-2024 15:00,EDT,CAPITL,61757,25.28,1.02,0,1
26-03-2024 16:00,EDT,CAPITL,61757,26.7,1.08,0,1
26-03-2024 17:00,EDT,CAPITL,61757,30.42,1.28,0,1
26-03-2024 18:00,EDT,CAPITL,61757,31.82,1.49,0,1
26-03-2024 19:00,EDT,CAPITL,61757,37.54,1.89,0,1
26-03-2024 20:00,EDT,CAPITL,61757,35.57,1.89,0,1
26-03-2024 21:00,EDT,CAPITL,61757,28.02,1.33,0,1
26-03-2024 22:00,EDT,CAPITL,61757,24.11,1.08,0,1
26-03-2024 23:00,EDT,CAPITL,61757,23.82,0.87,0,1
27-03-2024 00:00,EDT,CAPITL,61757,22.1,0.81,0,1
27-03-2024 01:00,EDT,CAPITL,61757,21.85,0.78,0,1
27-03-2024 02:00,EDT,CAPITL,61757,21.45,0.74,0,1
27-03-2024 03:00,EDT,CAPITL,61757,21.32,0.74,0,1
27-03-2024 04:00,EDT,CAPITL,61757,21.02,0.73,0,1
27-03-2024 05:00,EDT,CAPITL,61757,22.28,0.86,0,1
27-03-2024 06:00,EDT,CAPITL,61757,30.2,1.33,0,1
27-03-2024 07:00,EDT,CAPITL,61757,31.8,1.69,0,1
27-03-2024 08:00,EDT,CAPITL,61757,32.62,1.55,0,1
27-03-2024 09:00,EDT,CAPITL,61757,32.15,1.59,0,1
27-03-2024 10:00,EDT,CAPITL,61757,31.52,1.3,0,1
27-03-2024 11:00,EDT,CAPITL,61757,28.3,1.04,0,1
27-03-2024 12:00,EDT,CAPITL,61757,26.2,0.89,0,1
27-03-2024 13:00,EDT,CAPITL,61757,25.79,0.85,0,1
27-03-2024 14:00,EDT,CAPITL,61757,25.32,0.86,0,1
27-03-2024 15:00,EDT,CAPITL,61757,25.4,0.84,0,1
27-03-2024 16:00,EDT,CAPITL,61757,26.51,0.87,0,1
27-03-2024 17:00,EDT,CAPITL,61757,30.99,1.02,0,1
27-03-2024 18:00,EDT,CAPITL,61757,31.53,1.15,0,1
27-03-2024 19:00,EDT,CAPITL,61757,34.38,1.42,0,1
27-03-2024 20:00,EDT,CAPITL,61757,31.68,1.25,0,1
27-03-2024 21:00,EDT,CAPITL,61757,27.32,0.92,0,1
27-03-2024 22:00,EDT,CAPITL,61757,23.66,0.73,0,1
27-03-2024 23:00,EDT,CAPITL,61757,23.1,0.61,0,1
28-03-2024 00:00,EDT,CAPITL,61757,23.94,0.49,0,1
28-03-2024 01:00,EDT,CAPITL,61757,22.63,0.44,0,1
28-03-2024 02:00,EDT,CAPITL,61757,21.92,0.45,0,1
28-03-2024 03:00,EDT,CAPITL,61757,21.27,0.42,0,1
28-03-2024 04:00,EDT,CAPITL,61757,22.13,0.52,0,1
28-03-2024 05:00,EDT,CAPITL,61757,23.99,0.59,0,1
28-03-2024 06:00,EDT,CAPITL,61757,31.18,1.03,0,1
28-03-2024 07:00,EDT,CAPITL,61757,34.87,1.37,0,1
28-03-2024 08:00,EDT,CAPITL,61757,35.6,1.47,0,1
28-03-2024 09:00,EDT,CAPITL,61757,36.12,1.56,0,1
28-03-2024 10:00,EDT,CAPITL,61757,35.17,1.55,0,1
28-03-2024 11:00,EDT,CAPITL,61757,31.71,1.31,0,1
28-03-2024 12:00,EDT,CAPITL,61757,31.39,1.18,0,1
28-03-2024 13:00,EDT,CAPITL,61757,30.22,1.02,0,1
28-03-2024 14:00,EDT,CAPITL,61757,27.12,0.99,0,1
28-03-2024 15:00,EDT,CAPITL,61757,26.83,1.03,0,1
28-03-2024 16:00,EDT,CAPITL,61757,27.76,1.04,0,1
28-03-2024 17:00,EDT,CAPITL,61757,30.51,1.14,0,1
28-03-2024 18:00,EDT,CAPITL,61757,31.88,1.34,0,1
28-03-2024 19:00,EDT,CAPITL,61757,34.31,1.38,0,1
28-03-2024 20:00,EDT,CAPITL,61757,33.25,1.34,0,1
28-03-2024 21:00,EDT,CAPITL,61757,28.79,0.87,0,1
28-03-2024 22:00,EDT,CAPITL,61757,25.8,0.7,0,1
28-03-2024 23:00,EDT,CAPITL,61757,23.57,0.6,0,1
29-03-2024 00:00,EDT,CAPITL,61757,23.32,0.59,0,1
29-03-2024 01:00,EDT,CAPITL,61757,21.81,0.57,0,1
29-03-2024 02:00,EDT,CAPITL,61757,21.59,0.59,0,1
29-03-2024 03:00,EDT,CAPITL,61757,20.34,0.5,0,1
29-03-2024 04:00,EDT,CAPITL,61757,21.2,0.54,0,1
29-03-2024 05:00,EDT,CAPITL,61757,23.72,0.65,0,1
29-03-2024 06:00,EDT,CAPITL,61757,27.16,1.02,0,1
29-03-2024 07:00,EDT,CAPITL,61757,31.63,1.36,0,1
29-03-2024 08:00,EDT,CAPITL,61757,31.15,1.2,0,1
29-03-2024 09:00,EDT,CAPITL,61757,26.27,0.99,0,1
29-03-2024 10:00,EDT,CAPITL,61757,23.14,0.8,0,1
29-03-2024 11:00,EDT,CAPITL,61757,21.36,0.7,0,1
29-03-2024 12:00,EDT,CAPITL,61757,20.08,0.7,0,1
29-03-2024 13:00,EDT,CAPITL,61757,18.4,0.64,0,1
29-03-2024 14:00,EDT,CAPITL,61757,17.87,0.65,0,1
29-03-2024 15:00,EDT,CAPITL,61757,17.91,0.66,0,1
29-03-2024 16:00,EDT,CAPITL,61757,19.83,0.8,0,1
29-03-2024 17:00,EDT,CAPITL,61757,22.73,0.88,0,1
29-03-2024 18:00,EDT,CAPITL,61757,26.5,1.09,0,1
29-03-2024 19:00,EDT,CAPITL,61757,30.27,1.14,0,1
29-03-2024 20:00,EDT,CAPITL,61757,29.54,1.19,0,1
29-03-2024 21:00,EDT,CAPITL,61757,25.63,0.96,0,1
29-03-2024 22:00,EDT,CAPITL,61757,23.33,0.87,0,1
29-03-2024 23:00,EDT,CAPITL,61757,22.29,0.75,0,1
30-03-2024 00:00,EDT,CAPITL,61757,20.49,0.75,0,1
30-03-2024 01:00,EDT,CAPITL,61757,19.41,0.69,0,1
30-03-2024 02:00,EDT,CAPITL,61757,18.51,0.66,0,1
30-03-2024 03:00,EDT,CAPITL,61757,18.28,0.62,0,1
30-03-2024 04:00,EDT,CAPITL,61757,18.86,0.64,0,1
30-03-2024 05:00,EDT,CAPITL,61757,19.77,0.67,0,1
30-03-2024 06:00,EDT,CAPITL,61757,22.4,0.8,0,1
30-03-2024 07:00,EDT,CAPITL,61757,23.62,0.86,0,1
30-03-2024 08:00,EDT,CAPITL,61757,21.68,0.69,0,1
30-03-2024 09:00,EDT,CAPITL,61757,18.47,0.52,0,1
30-03-2024 10:00,EDT,CAPITL,61757,16.83,0.47,0,1
30-03-2024 11:00,EDT,CAPITL,61757,15.97,0.39,0,1
30-03-2024 12:00,EDT,CAPITL,61757,14.95,0.36,0,1
30-03-2024 13:00,EDT,CAPITL,61757,14.77,0.36,0,1
30-03-2024 14:00,EDT,CAPITL,61757,13.77,0.34,0,1
30-03-2024 15:00,EDT,CAPITL,61757,14.13,0.34,0,1
30-03-2024 16:00,EDT,CAPITL,61757,15.98,0.4,0,1
30-03-2024 17:00,EDT,CAPITL,61757,19.47,0.59,0,1
30-03-2024 18:00,EDT,CAPITL,61757,22.84,0.73,0,1
30-03-2024 19:00,EDT,CAPITL,61757,29.84,0.98,0,1
30-03-2024 20:00,EDT,CAPITL,61757,27.81,0.94,0,1
30-03-2024 21:00,EDT,CAPITL,61757,24.08,0.86,0,1
30-03-2024 22:00,EDT,CAPITL,61757,20.91,0.77,0,1
30-03-2024 23:00,EDT,CAPITL,61757,19.53,0.68,0,1
31-03-2024 00:00,EDT,CAPITL,61757,20.23,0.61,0,1
31-03-2024 01:00,EDT,CAPITL,61757,18.97,0.53,0,1
31-03-2024 02:00,EDT,CAPITL,61757,18.36,0.53,0,1
31-03-2024 03:00,EDT,CAPITL,61757,17.99,0.51,0,1
31-03-2024 04:00,EDT,CAPITL,61757,18.54,0.56,0,1
31-03-2024 05:00,EDT,CAPITL,61757,19.06,0.57,0,1
31-03-2024 06:00,EDT,CAPITL,61757,21.16,0.64,0,1
31-03-2024 07:00,EDT,CAPITL,61757,21.98,0.68,0,1
31-03-2024 08:00,EDT,CAPITL,61757,19.49,0.6,0,1
31-03-2024 09:00,EDT,CAPITL,61757,18.32,0.57,0,1
31-03-2024 10:00,EDT,CAPITL,61757,16.99,0.51,0,1
31-03-2024 11:00,EDT,CAPITL,61757,16.41,0.51,0,1
31-03-2024 12:00,EDT,CAPITL,61757,15.3,0.46,0,1
31-03-2024 13:00,EDT,CAPITL,61757,14.82,0.43,0,1
31-03-2024 14:00,EDT,CAPITL,61757,14.13,0.43,0,1
31-03-2024 15:00,EDT,CAPITL,61757,13.81,0.43,0,1
31-03-2024 16:00,EDT,CAPITL,61757,15.44,0.48,0,1
31-03-2024 17:00,EDT,CAPITL,61757,19.08,0.59,0,1
31-03-2024 18:00,EDT,CAPITL,61757,21.55,0.71,0,1
31-03-2024 19:00,EDT,CAPITL,61757,29.09,0.98,0,1
31-03-2024 20:00,EDT,CAPITL,61757,29.91,1.04,0,1
31-03-2024 21:00,EDT,CAPITL,61757,24.13,0.77,0,1
31-03-2024 22:00,EDT,CAPITL,61757,22.07,0.73,0,1
31-03-2024 23:00,EDT,CAPITL,61757,19.83,0.61,0,1
