Eastern Date Hour,Eastern Date Hour Time Zone,Zone Name,Zone PTID,DAM Zonal LBMP,DAM Zonal Losses,DAM Zonal Congestion,DAM Zonal Price Version
01-03-2024 00:00,EST,CAPITL,61757,25.15,0.85,0,1
01-03-2024 01:00,EST,CAPITL,61757,23.5,0.79,0,1
01-03-2024 02:00,EST,CAPITL,61757,23.26,0.77,0,1
01-03-2024 03:00,EST,CAPITL,61757,23.48,0.75,0,1
01-03-2024 04:00,EST,CAPITL,61757,24.9,0.82,0,1
01-03-2024 05:00,EST,CAPITL,61757,27.85,0.97,0,1
01-03-2024 06:00,EST,CAPITL,61757,37.21,1.67,0,1
01-03-2024 07:00,EST,CAPITL,61757,40.16,1.88,0,1
01-03-2024 08:00,EST,CAPITL,61757,29.84,1.07,0,1
01-03-2024 09:00,EST,CAPITL,61757,24.5,0.64,0,1
01-03-2024 10:00,EST,CAPITL,61757,23.07,0.48,0,1
01-03-2024 11:00,EST,CAPITL,61757,20.42,0.44,0,1
01-03-2024 12:00,EST,CAPITL,61757,20.27,0.47,0,1
01-03-2024 13:00,EST,CAPITL,61757,19.91,0.49,0,1
01-03-2024 14:00,EST,CAPITL,61757,19.84,0.52,0,1
01-03-2024 15:00,EST,CAPITL,61757,20.51,0.56,0,1
01-03-2024 16:00,EST,CAPITL,61757,24.27,0.82,0,1
01-03-2024 17:00,EST,CAPITL,61757,33.11,1.49,0,1
01-03-2024 18:00,EST,CAPITL,61757,36.75,1.85,0,1
01-03-2024 19:00,EST,CAPITL,61757,30.14,1.38,0,1
01-03-2024 20:00,EST,CAPITL,61757,30.17,1.3,0,1
01-03-2024 21:00,EST,CAPITL,61757,25.76,1.08,0,1
01-03-2024 22:00,EST,CAPITL,61757,22.27,0.83,0,1
01-03-2024 23:00,EST,CAPITL,61757,21.84,0.68,0,1
02-03-2024 00:00,EST,CAPITL,61757,24.3,0.89,0,1
02-03-2024 01:00,EST,CAPITL,61757,22.73,0.83,0,1
02-03-2024 02:00,EST,CAPITL,61757,21.49,0.75,0,1
02-03-2024 03:00,EST,CAPITL,61757,21.1,0.75,0,1
02-03-2024 04:00,EST,CAPITL,61757,21.8,0.78,0,1
02-03-2024 05:00,EST,CAPITL,61757,23.79,0.87,0,1
02-03-2024 06:00,EST,CAPITL,61757,24.27,0.96,0,1
02-03-2024 07:00,EST,CAPITL,61757,23.86,1,0,1
02-03-2024 08:00,EST,CAPITL,61757,25.01,1.08,0,1
02-03-2024 09:00,EST,CAPITL,61757,26.01,1.17,0,1
02-03-2024 10:00,EST,CAPITL,61757,26.98,1.28,0,1
02-03-2024 11:00,EST,CAPITL,61757,27.14,1.29,0,1
02-03-2024 12:00,EST,CAPITL,61757,26.37,1.21,0,1
02-03-2024 13:00,EST,CAPITL,61757,25.84,1.16,0,1
02-03-2024 14:00,EST,CAPITL,61757,25.55,1.15,0,1
02-03-2024 15:00,EST,CAPITL,61757,25.69,1.13,0,1
02-03-2024 16:00,EST,CAPITL,61757,26.75,1.18,0,1
02-03-2024 17:00,EST,CAPITL,61757,32.15,1.59,0,1
02-03-2024 18:00,EST,CAPITL,61757,31.92,1.66,0,1
02-03-2024 19:00,EST,CAPITL,61757,31.23,1.37,0,1
02-03-2024 20:00,EST,CAPITL,61757,29.16,1.23,0,1
02-03-2024 21:00,EST,CAPITL,61757,25.36,1.02,0,1
02-03-2024 22:00,EST,CAPITL,61757,23.14,0.87,0,1
02-03-2024 23:00,EST,CAPITL,61757,23,0.76,0,1
03-03-2024 00:00,EST,CAPITL,61757,23.87,0.65,0,1
03-03-2024 01:00,EST,CAPITL,61757,22.61,0.62,0,1
03-03-2024 02:00,EST,CAPITL,61757,21.57,0.53,0,1
03-03-2024 03:00,EST,CAPITL,61757,20.95,0.51,0,1
03-03-2024 04:00,EST,CAPITL,61757,21.6,0.55,0,1
03-03-2024 05:00,EST,CAPITL,61757,22.62,0.59,0,1
03-03-2024 06:00,EST,CAPITL,61757,23.2,0.63,0,1
03-03-2024 07:00,EST,CAPITL,61757,23.74,0.74,0,1
03-03-2024 08:00,EST,CAPITL,61757,23.46,0.71,0,1
03-03-2024 09:00,EST,CAPITL,61757,23.73,0.74,0,1
03-03-2024 10:00,EST,CAPITL,61757,23.33,0.7,0,1
03-03-2024 11:00,EST,CAPITL,61757,23.12,0.74,0,1
03-03-2024 12:00,EST,CAPITL,61757,21.66,0.63,0,1
03-03-2024 13:00,EST,CAPITL,61757,20.76,0.56,0,1
03-03-2024 14:00,EST,CAPITL,61757,20.26,0.59,0,1
03-03-2024 15:00,EST,CAPITL,61757,21.15,0.67,0,1
03-03-2024 16:00,EST,CAPITL,61757,24.16,0.88,0,1
03-03-2024 17:00,EST,CAPITL,61757,29.48,1.21,0,1
03-03-2024 18:00,EST,CAPITL,61757,37.44,1.65,0,1
03-03-2024 19:00,EST,CAPITL,61757,32.32,1.3,0,1
03-03-2024 20:00,EST,CAPITL,61757,29.96,0.96,0,1
03-03-2024 21:00,EST,CAPITL,61757,25.57,0.77,0,1
03-03-2024 22:00,EST,CAPITL,61757,23.54,0.64,0,1
03-03-2024 23:00,EST,CAPITL,61757,22.22,0.48,0,1
04-03-2024 00:00,EST,CAPITL,61757,21.69,0.61,0,1
04-03-2024 01:00,EST,CAPITL,61757,20.3,0.65,0,1
04-03-2024 02:00,EST,CAPITL,61757,19.86,0.6,0,1
04-03-2024 03:00,EST,CAPITL,61757,20.26,0.55,0,1
04-03-2024 04:00,EST,CAPITL,61757,21.54,0.5,0,1
04-03-2024 05:00,EST,CAPITL,61757,23,0.56,0,1
04-03-2024 06:00,EST,CAPITL,61757,28.71,0.81,0,1
04-03-2024 07:00,EST,CAPITL,61757,31.4,1.12,0,1
04-03-2024 08:00,EST,CAPITL,61757,31.21,1.11,0,1
04-03-2024 09:00,EST,CAPITL,61757,30.51,0.89,0,1
04-03-2024 10:00,EST,CAPITL,61757,28.59,0.78,0,1
04-03-2024 11:00,EST,CAPITL,61757,27.02,0.71,0,1
04-03-2024 12:00,EST,CAPITL,61757,26.16,0.74,0,1
04-03-2024 13:00,EST,CAPITL,61757,26.15,0.74,0,1
04-03-2024 14:00,EST,CAPITL,61757,26.31,0.72,0,1
04-03-2024 15:00,EST,CAPITL,61757,27.33,0.82,0,1
04-03-2024 16:00,EST,CAPITL,61757,30.93,1.02,0,1
04-03-2024 17:00,EST,CAPITL,61757,36.39,1.63,0,1
04-03-2024 18:00,EST,CAPITL,61757,39.09,1.83,0,1
04-03-2024 19:00,EST,CAPITL,61757,32.96,1.45,0,1
04-03-2024 20:00,EST,CAPITL,61757,31.64,1.3,0,1
04-03-2024 21:00,EST,CAPITL,61757,26.23,0.89,0,1
04-03-2024 22:00,EST,CAPITL,61757,23.76,0.82,0,1
04-03-2024 23:00,EST,CAPITL,61757,21.45,0.79,0,1
05-03-2024 00:00,EST,CAPITL,61757,21.26,0.84,0,1
05-03-2024 01:00,EST,CAPITL,61757,19.99,0.79,0,1
05-03-2024 02:00,EST,CAPITL,61757,19.51,0.77,0,1
05-03-2024 03:00,EST,CAPITL,61757,19.94,0.8,0,1
05-03-2024 04:00,EST,CAPITL,61757,20.81,0.8,0,1
05-03-2024 05:00,EST,CAPITL,61757,22.54,0.91,0,1
05-03-2024 06:00,EST,CAPITL,61757,30.02,1.16,0,1
05-03-2024 07:00,EST,CAPITL,61757,31.8,1.43,0,1
05-03-2024 08:00,EST,CAPITL,61757,32.58,1.46,0,1
05-03-2024 09:00,EST,CAPITL,61757,31.73,1.42,0,1
05-03-2024 10:00,EST,CAPITL,61757,33.39,1.44,0,1
05-03-2024 11:00,EST,CAPITL,61757,33.57,1.54,0,1
05-03-2024 12:00,EST,CAPITL,61757,31.58,1.36,0,1
05-03-2024 13:00,EST,CAPITL,61757,31.37,1.35,0,1
05-03-2024 14:00,EST,CAPITL,61757,31.01,1.31,0,1
05-03-2024 15:00,EST,CAPITL,61757,30.57,1.29,0,1
05-03-2024 16:00,EST,CAPITL,61757,33.92,1.4,0,1
05-03-2024 17:00,EST,CAPITL,61757,39.03,1.61,0,1
05-03-2024 18:00,EST,CAPITL,61757,42.27,1.78,0,1
05-03-2024 19:00,EST,CAPITL,61757,36.77,1.58,0,1
05-03-2024 20:00,EST,CAPITL,61757,33.5,1.38,0,1
05-03-2024 21:00,EST,CAPITL,61757,29.24,0.99,0,1
05-03-2024 22:00,EST,CAPITL,61757,25.65,0.82,0,1
05-03-2024 23:00,EST,CAPITL,61757,22.15,0.75,0,1
06-03-2024 00:00,EST,CAPITL,61757,20.89,0.75,0,1
06-03-2024 01:00,EST,CAPITL,61757,19.95,0.73,0,1
06-03-2024 02:00,EST,CAPITL,61757,19.32,0.69,0,1
06-03-2024 03:00,EST,CAPITL,61757,18.12,0.6,0,1
06-03-2024 04:00,EST,CAPITL,61757,20.1,0.6,0,1
06-03-2024 05:00,EST,CAPITL,61757,22.43,0.48,0,1
06-03-2024 06:00,EST,CAPITL,61757,28.29,0.69,0,1
06-03-2024 07:00,EST,CAPITL,61757,31,0.99,0,1
06-03-2024 08:00,EST,CAPITL,61757,31.34,0.91,0,1
06-03-2024 09:00,EST,CAPITL,61757,30.1,0.82,0,1
06-03-2024 10:00,EST,CAPITL,61757,30.73,0.81,0,1
06-03-2024 11:00,EST,CAPITL,61757,30.37,0.8,0,1
06-03-2024 12:00,EST,CAPITL,61757,29.13,0.77,0,1
06-03-2024 13:00,EST,CAPITL,61757,29.93,0.81,0,1
06-03-2024 14:00,EST,CAPITL,61757,28.93,0.79,0,1
06-03-2024 15:00,EST,CAPITL,61757,29.91,0.9,0,1
06-03-2024 16:00,EST,CAPITL,61757,30.39,0.97,0,1
06-03-2024 17:00,EST,CAPITL,61757,34.26,1.48,0,1
06-03-2024 18:00,EST,CAPITL,61757,36.28,1.53,0,1
06-03-2024 19:00,EST,CAPITL,61757,32.49,1.31,0,1
06-03-2024 20:00,EST,CAPITL,61757,30.37,0.97,0,1
06-03-2024 21:00,EST,CAPITL,61757,27.15,0.77,0,1
06-03-2024 22:00,EST,CAPITL,61757,25.34,0.69,0,1
06-03-2024 23:00,EST,CAPITL,61757,22.34,0.57,0,1
07-03-2024 00:00,EST,CAPITL,61757,21.17,0.52,0,1
07-03-2024 01:00,EST,CAPITL,61757,20.44,0.48,0,1
07-03-2024 02:00,EST,CAPITL,61757,20.02,0.49,0,1
07-03-2024 03:00,EST,CAPITL,61757,19.68,0.48,0,1
07-03-2024 04:00,EST,CAPITL,61757,20.18,0.49,0,1
07-03-2024 05:00,EST,CAPITL,61757,22.8,0.58,0,1
07-03-2024 06:00,EST,CAPITL,61757,28.8,0.87,0,1
07-03-2024 07:00,EST,CAPITL,61757,31.64,1.22,0,1
07-03-2024 08:00,EST,CAPITL,61757,31.21,1.2,0,1
07-03-2024 09:00,EST,CAPITL,61757,31.02,1.05,0,1
07-03-2024 10:00,EST,CAPITL,61757,30.61,1.01,0,1
07-03-2024 11:00,EST,CAPITL,61757,30.33,0.94,0,1
07-03-2024 12:00,EST,CAPITL,61757,29.75,0.9,0,1
07-03-2024 13:00,EST,CAPITL,61757,29.6,0.94,0,1
07-03-2024 14:00,EST,CAPITL,61757,28.05,0.87,0,1
07-03-2024 15:00,EST,CAPITL,61757,28.37,0.91,0,1
07-03-2024 16:00,EST,CAPITL,61757,29.57,1.03,0,1
07-03-2024 17:00,EST,CAPITL,61757,32.86,1.42,0,1
07-03-2024 18:00,EST,CAPITL,61757,36.43,1.53,0,1
07-03-2024 19:00,EST,CAPITL,61757,32.47,1.31,0,1
07-03-2024 20:00,EST,CAPITL,61757,31.69,1.13,0,1
07-03-2024 21:00,EST,CAPITL,61757,27.75,0.81,0,1
07-03-2024 22:00,EST,CAPITL,61757,25.41,0.69,0,1
07-03-2024 23:00,EST,CAPITL,61757,24.38,0.66,0,1
08-03-2024 00:00,EST,CAPITL,61757,24.85,0.7,0,1
08-03-2024 01:00,EST,CAPITL,61757,23.18,0.7,0,1
08-03-2024 02:00,EST,CAPITL,61757,22.15,0.62,0,1
08-03-2024 03:00,EST,CAPITL,61757,21.9,0.58,0,1
08-03-2024 04:00,EST,CAPITL,61757,22.88,0.65,0,1
08-03-2024 05:00,EST,CAPITL,61757,26.04,0.76,0,1
08-03-2024 06:00,EST,CAPITL,61757,32.88,1.3,0,1
08-03-2024 07:00,EST,CAPITL,61757,34.04,1.5,0,1
08-03-2024 08:00,EST,CAPITL,61757,31.13,0.88,0,1
08-03-2024 09:00,EST,CAPITL,61757,24.61,0.53,0,1
08-03-2024 10:00,EST,CAPITL,61757,25.25,0.52,0,1
08-03-2024 11:00,EST,CAPITL,61757,23.56,0.44,0,1
08-03-2024 12:00,EST,CAPITL,61757,21.98,0.39,0,1
08-03-2024 13:00,EST,CAPITL,61757,21.69,0.43,0,1
08-03-2024 14:00,EST,CAPITL,61757,21.67,0.45,0,1
08-03-2024 15:00,EST,CAPITL,61757,22.76,0.53,0,1
08-03-2024 16:00,EST,CAPITL,61757,27.13,0.84,0,1
08-03-2024 17:00,EST,CAPITL,61757,31.77,1.31,0,1
08-03-2024 18:00,EST,CAPITL,61757,35.1,1.64,0,1
08-03-2024 19:00,EST,CAPITL,61757,32.29,1.48,0,1
08-03-2024 20:00,EST,CAPITL,61757,31.64,1.3,0,1
08-03-2024 21:00,EST,CAPITL,61757,26.74,1,0,1
08-03-2024 22:00,EST,CAPITL,61757,24.91,0.89,0,1
08-03-2024 23:00,EST,CAPITL,61757,23.46,0.75,0,1
09-03-2024 00:00,EST,CAPITL,61757,21.88,0.74,0,1
09-03-2024 01:00,EST,CAPITL,61757,21.04,0.71,0,1
09-03-2024 02:00,EST,CAPITL,61757,20.27,0.67,0,1
09-03-2024 03:00,EST,CAPITL,61757,19.85,0.63,0,1
09-03-2024 04:00,EST,CAPITL,61757,20.43,0.67,0,1
09-03-2024 05:00,EST,CAPITL,61757,20.67,0.68,0,1
09-03-2024 06:00,EST,CAPITL,61757,23.41,0.81,0,1
09-03-2024 07:00,EST,CAPITL,61757,23.89,0.87,0,1
09-03-2024 08:00,EST,CAPITL,61757,23.52,0.84,0,1
09-03-2024 09:00,EST,CAPITL,61757,23.36,0.81,0,1
09-03-2024 10:00,EST,CAPITL,61757,23.84,0.85,0,1
09-03-2024 11:00,EST,CAPITL,61757,22.81,0.79,0,1
09-03-2024 12:00,EST,CAPITL,61757,22.29,0.73,0,1
09-03-2024 13:00,EST,CAPITL,61757,21.8,0.78,0,1
09-03-2024 14:00,EST,CAPITL,61757,21.21,0.95,0,1
09-03-2024 15:00,EST,CAPITL,61757,22.46,1.05,0,1
09-03-2024 16:00,EST,CAPITL,61757,25.29,1,0,1
09-03-2024 17:00,EST,CAPITL,61757,28.44,1.15,0,1
09-03-2024 18:00,EST,CAPITL,61757,31.58,1.33,0,1
09-03-2024 19:00,EST,CAPITL,61757,29.54,1.14,0,1
09-03-2024 20:00,EST,CAPITL,61757,27.26,1.07,0,1
09-03-2024 21:00,EST,CAPITL,61757,23.72,0.98,0,1
09-03-2024 22:00,EST,CAPITL,61757,22.05,0.91,0,1
09-03-2024 23:00,EST,CAPITL,61757,20.95,0.92,0,1
10-03-2024 00:00,EST,CAPITL,61757,22.35,0.96,0,1
10-03-2024 01:00,EST,CAPITL,61757,20.2,0.83,0,1
10-03-2024 03:00,EDT,CAPITL,61757,18.74,0.7,0,1
10-03-2024 04:00,EDT,CAPITL,61757,19.35,0.71,0,1
10-03-2024 05:00,EDT,CAPITL,61757,20.55,0.58,0,1
10-03-2024 06:00,EDT,CAPITL,61757,21.46,0.61,0,1
10-03-2024 07:00,EDT,CAPITL,61757,22.81,0.75,0,1
10-03-2024 08:00,EDT,CAPITL,61757,23.32,0.77,0,1
10-03-2024 09:00,EDT,CAPITL,61757,22.5,0.74,0,1
10-03-2024 10:00,EDT,CAPITL,61757,23.04,0.78,0,1
10-03-2024 11:00,EDT,CAPITL,61757,23.03,0.78,0,1
10-03-2024 12:00,EDT,CAPITL,61757,22.55,0.72,0,1
10-03-2024 13:00,EDT,CAPITL,61757,22.1,0.73,0,1
10-03-2024 14:00,EDT,CAPITL,61757,22.02,0.76,0,1
10-03-2024 15:00,EDT,CAPITL,61757,22.05,0.75,0,1
10-03-2024 16:00,EDT,CAPITL,61757,24.09,0.9,0,1
10-03-2024 17:00,EDT,CAPITL,61757,30.43,1.23,0,1
10-03-2024 18:00,EDT,CAPITL,61757,32.29,1.54,0,1
10-03-2024 19:00,EDT,CAPITL,61757,35.86,1.87,0,1
10-03-2024 20:00,EDT,CAPITL,61757,35.07,1.7,0,1
10-03-2024 21:00,EDT,CAPITL,61757,28.17,1.16,0,1
10-03-2024 22:00,EDT,CAPITL,61757,23.86,0.96,0,1
10-03-2024 23:00,EDT,CAPITL,61757,22.75,1.02,0,1
11-03-2024 00:00,EDT,CAPITL,61757,22.86,1.05,0,1
11-03-2024 01:00,EDT,CAPITL,61757,21.51,1.04,0,1
11-03-2024 02:00,EDT,CAPITL,61757,21.79,0.9,0,1
11-03-2024 03:00,EDT,CAPITL,61757,21.89,0.84,0,1
11-03-2024 04:00,EDT,CAPITL,61757,22.84,0.86,0,1
11-03-2024 05:00,EDT,CAPITL,61757,26.55,1.07,0,1
11-03-2024 06:00,EDT,CAPITL,61757,35.03,1.83,0,1
11-03-2024 07:00,EDT,CAPITL,61757,36.98,2.06,0,1
11-03-2024 08:00,EDT,CAPITL,61757,34.66,1.87,0,1
11-03-2024 09:00,EDT,CAPITL,61757,30.33,1.39,0,1
11-03-2024 10:00,EDT,CAPITL,61757,29.7,1.31,0,1
11-03-2024 11:00,EDT,CAPITL,61757,27.94,1.1,0,1
11-03-2024 12:00,EDT,CAPITL,61757,25.94,1,0,1
11-03-2024 13:00,EDT,CAPITL,61757,24.7,1.02,0,1
11-03-2024 14:00,EDT,CAPITL,61757,23.81,0.96,0,1
11-03-2024 15:00,EDT,CAPITL,61757,24.04,0.99,0,1
11-03-2024 16:00,EDT,CAPITL,61757,26.54,1.17,0,1
11-03-2024 17:00,EDT,CAPITL,61757,33.09,1.72,0,1
11-03-2024 18:00,EDT,CAPITL,61757,36.22,1.95,0,1
11-03-2024 19:00,EDT,CAPITL,61757,38.45,2.11,0,1
11-03-2024 20:00,EDT,CAPITL,61757,36.45,2.03,0,1
11-03-2024 21:00,EDT,CAPITL,61757,30.05,1.43,0,1
11-03-2024 22:00,EDT,CAPITL,61757,26.25,1.08,0,1
11-03-2024 23:00,EDT,CAPITL,61757,24.7,1,0,1
12-03-2024 00:00,EDT,CAPITL,61757,22.16,0.81,0,1
12-03-2024 01:00,EDT,CAPITL,61757,20.63,0.74,0,1
12-03-2024 02:00,EDT,CAPITL,61757,20.13,0.7,0,1
12-03-2024 03:00,EDT,CAPITL,61757,20.12,0.7,0,1
12-03-2024 04:00,EDT,CAPITL,61757,21,0.69,0,1
12-03-2024 05:00,EDT,CAPITL,61757,25,0.89,0,1
12-03-2024 06:00,EDT,CAPITL,61757,33.54,1.54,0,1
12-03-2024 07:00,EDT,CAPITL,61757,38.98,1.96,0,1
12-03-2024 08:00,EDT,CAPITL,61757,33.64,1.39,0,1
12-03-2024 09:00,EDT,CAPITL,61757,24.11,0.82,0,1
12-03-2024 10:00,EDT,CAPITL,61757,22.57,0.59,0,1
12-03-2024 11:00,EDT,CAPITL,61757,21.36,0.54,0,1
12-03-2024 12:00,EDT,CAPITL,61757,20.14,0.47,0,1
12-03-2024 13:00,EDT,CAPITL,61757,19.48,0.48,0,1
12-03-2024 14:00,EDT,CAPITL,61757,18.74,0.47,0,1
12-03-2024 15:00,EDT,CAPITL,61757,19.08,0.48,0,1
12-03-2024 16:00,EDT,CAPITL,61757,21.74,0.61,0,1
12-03-2024 17:00,EDT,CAPITL,61757,25.55,0.79,0,1
12-03-2024 18:00,EDT,CAPITL,61757,29.46,1.05,0,1
12-03-2024 19:00,EDT,CAPITL,61757,34.57,1.61,0,1
12-03-2024 20:00,EDT,CAPITL,61757,31.77,1.31,0,1
12-03-2024 21:00,EDT,CAPITL,61757,26.79,0.93,0,1
12-03-2024 22:00,EDT,CAPITL,61757,23.12,0.72,0,1
12-03-2024 23:00,EDT,CAPITL,61757,23.16,0.59,0,1
13-03-2024 00:00,EDT,CAPITL,61757,19.99,0.53,0,1
13-03-2024 01:00,EDT,CAPITL,61757,18.27,0.48,0,1
13-03-2024 02:00,EDT,CAPITL,61757,17.86,0.47,0,1
13-03-2024 03:00,EDT,CAPITL,61757,17.84,0.49,0,1
13-03-2024 04:00,EDT,CAPITL,61757,18.63,0.51,0,1
13-03-2024 05:00,EDT,CAPITL,61757,22.19,0.67,0,1
13-03-2024 06:00,EDT,CAPITL,61757,28.61,1.1,0,1
13-03-2024 07:00,EDT,CAPITL,61757,34.19,1.57,0,1
13-03-2024 08:00,EDT,CAPITL,61757,30.25,1.08,0,1
13-03-2024 09:00,EDT,CAPITL,61757,23.75,0.71,0,1
13-03-2024 10:00,EDT,CAPITL,61757,20.24,0.59,0,1
13-03-2024 11:00,EDT,CAPITL,61757,19.61,0.55,0,1
13-03-2024 12:00,EDT,CAPITL,61757,18.94,0.53,0,1
13-03-2024 13:00,EDT,CAPITL,61757,18.47,0.5,0,1
13-03-2024 14:00,EDT,CAPITL,61757,17.96,0.51,0,1
13-03-2024 15:00,EDT,CAPITL,61757,15.34,0.5,2.99,1
13-03-2024 16:00,EDT,CAPITL,61757,18.92,0.56,1.1,1
13-03-2024 17:00,EDT,CAPITL,61757,23.41,0.68,0,1
13-03-2024 18:00,EDT,CAPITL,61757,29.26,0.99,0,1
13-03-2024 19:00,EDT,CAPITL,61757,33.37,1.25,0,1
13-03-2024 20:00,EDT,CAPITL,61757,31,1.08,0,1
13-03-2024 21:00,EDT,CAPITL,61757,25.35,0.76,0,1
13-03-2024 22:00,EDT,CAPITL,61757,21.19,0.48,0,1
13-03-2024 23:00,EDT,CAPITL,61757,20.02,0.33,0,1
14-03-2024 00:00,EDT,CAPITL,61757,21.07,0.45,0,1
14-03-2024 01:00,EDT,CAPITL,61757,19.45,0.42,0,1
14-03-2024 02:00,EDT,CAPITL,61757,18.86,0.39,0,1
14-03-2024 03:00,EDT,CAPITL,61757,18.41,0.4,0,1
14-03-2024 04:00,EDT,CAPITL,61757,18.68,0.4,0,1
14-03-2024 05:00,EDT,CAPITL,61757,21.18,0.54,0,1
14-03-2024 06:00,EDT,CAPITL,61757,28.17,0.93,0,1
14-03-2024 07:00,EDT,CAPITL,61757,32.85,1.29,0,1
14-03-2024 08:00,EDT,CAPITL,61757,30.52,0.92,0,1
14-03-2024 09:00,EDT,CAPITL,61757,23.23,0.57,0,1
14-03-2024 10:00,EDT,CAPITL,61757,20.52,0.48,0,1
14-03-2024 11:00,EDT,CAPITL,61757,19.61,0.46,0,1
14-03-2024 12:00,EDT,CAPITL,61757,18.53,0.4,0,1
14-03-2024 13:00,EDT,CAPITL,61757,17.88,0.37,0,1
14-03-2024 14:00,EDT,CAPITL,61757,17.42,0.36,0,1
14-03-2024 15:00,EDT,CAPITL,61757,18.09,0.37,0,1
14-03-2024 16:00,EDT,CAPITL,61757,20.18,0.51,0,1
14-03-2024 17:00,EDT,CAPITL,61757,24.72,0.67,0,1
14-03-2024 18:00,EDT,CAPITL,61757,30.07,1.02,0,1
14-03-2024 19:00,EDT,CAPITL,61757,32.91,1.36,0,1
14-03-2024 20:00,EDT,CAPITL,61757,30.74,1.13,0,1
14-03-2024 21:00,EDT,CAPITL,61757,24.74,0.86,0,1
14-03-2024 22:00,EDT,CAPITL,61757,21.18,0.68,0,1
14-03-2024 23:00,EDT,CAPITL,61757,20.06,0.57,0,1
15-03-2024 00:00,EDT,CAPITL,61757,19.69,0.52,0,1
15-03-2024 01:00,EDT,CAPITL,61757,19.23,0.51,0,1
15-03-2024 02:00,EDT,CAPITL,61757,18.23,0.48,0,1
15-03-2024 03:00,EDT,CAPITL,61757,17.53,0.44,0,1
15-03-2024 04:00,EDT,CAPITL,61757,18.28,0.46,0,1
15-03-2024 05:00,EDT,CAPITL,61757,19.69,0.46,0,1
15-03-2024 06:00,EDT,CAPITL,61757,23.66,0.75,0,1
15-03-2024 07:00,EDT,CAPITL,61757,27.53,0.93,0,1
15-03-2024 08:00,EDT,CAPITL,61757,26.44,0.97,0,1
15-03-2024 09:00,EDT,CAPITL,61757,25.07,0.89,0,1
15-03-2024 10:00,EDT,CAPITL,61757,24.49,0.85,0,1
15-03-2024 11:00,EDT,CAPITL,61757,24.58,0.81,0,1
15-03-2024 12:00,EDT,CAPITL,61757,23.63,0.78,0,1
15-03-2024 13:00,EDT,CAPITL,61757,22.57,0.72,0,1
15-03-2024 14:00,EDT,CAPITL,61757,22.07,0.66,0,1
15-03-2024 15:00,EDT,CAPITL,61757,21.43,0.65,0,1
15-03-2024 16:00,EDT,CAPITL,61757,23.87,0.76,0,1
15-03-2024 17:00,EDT,CAPITL,61757,26,0.86,0,1
15-03-2024 18:00,EDT,CAPITL,61757,28.5,0.94,0,1
15-03-2024 19:00,EDT,CAPITL,61757,30.43,0.94,0,1
15-03-2024 20:00,EDT,CAPITL,61757,28.1,0.9,0,1
15-03-2024 21:00,EDT,CAPITL,61757,24.32,0.78,0,1
15-03-2024 22:00,EDT,CAPITL,61757,22.54,0.7,0,1
15-03-2024 23:00,EDT,CAPITL,61757,20.89,0.59,0,1
16-03-2024 00:00,EDT,CAPITL,61757,20.71,0.52,0,1
16-03-2024 01:00,EDT,CAPITL,61757,19.7,0.5,0,1
16-03-2024 02:00,EDT,CAPITL,61757,17.98,0.47,0,1
16-03-2024 03:00,EDT,CAPITL,61757,17.95,0.45,0,1
16-03-2024 04:00,EDT,CAPITL,61757,18.46,0.47,0,1
16-03-2024 05:00,EDT,CAPITL,61757,20.51,0.54,0,1
16-03-2024 06:00,EDT,CAPITL,61757,21.87,0.58,0,1
16-03-2024 07:00,EDT,CAPITL,61757,24.7,0.7,0,1
16-03-2024 08:00,EDT,CAPITL,61757,24.43,0.69,0,1
16-03-2024 09:00,EDT,CAPITL,61757,21.32,0.54,0,1
16-03-2024 10:00,EDT,CAPITL,61757,19.87,0.45,0,1
16-03-2024 11:00,EDT,CAPITL,61757,18.75,0.44,0,1
16-03-2024 12:00,EDT,CAPITL,61757,18.07,0.44,0,1
16-03-2024 13:00,EDT,CAPITL,61757,16.89,0.4,0,1
16-03-2024 14:00,EDT,CAPITL,61757,16.84,0.38,0,1
16-03-2024 15:00,EDT,CAPITL,61757,17.35,0.39,0,1
16-03-2024 16:00,EDT,CAPITL,61757,18.26,0.45,0,1
16-03-2024 17:00,EDT,CAPITL,61757,22.94,0.71,0,1
16-03-2024 18:00,EDT,CAPITL,61757,26.12,0.81,0,1
16-03-2024 19:00,EDT,CAPITL,61757,29.59,1.03,0,1
16-03-2024 20:00,EDT,CAPITL,61757,27.28,1,0,1
16-03-2024 21:00,EDT,CAPITL,61757,23.88,0.83,0,1
16-03-2024 22:00,EDT,CAPITL,61757,21.13,0.67,0,1
16-03-2024 23:00,EDT,CAPITL,61757,19.48,0.62,0,1
17-03-2024 00:00,EDT,CAPITL,61757,19.73,0.59,0,1
17-03-2024 01:00,EDT,CAPITL,61757,18.22,0.55,0,1
17-03-2024 02:00,EDT,CAPITL,61757,17.1,0.53,0,1
17-03-2024 03:00,EDT,CAPITL,61757,16.91,0.52,0,1
17-03-2024 04:00,EDT,CAPITL,61757,17.29,0.55,0,1
17-03-2024 05:00,EDT,CAPITL,61757,18.59,0.59,0,1
17-03-2024 06:00,EDT,CAPITL,61757,20.05,0.58,0,1
17-03-2024 07:00,EDT,CAPITL,61757,20.95,0.63,0,1
17-03-2024 08:00,EDT,CAPITL,61757,20.52,0.58,0,1
17-03-2024 09:00,EDT,CAPITL,61757,19.84,0.61,0,1
17-03-2024 10:00,EDT,CAPITL,61757,19.76,0.69,0,1
17-03-2024 11:00,EDT,CAPITL,61757,18.35,0.53,0,1
17-03-2024 12:00,EDT,CAPITL,61757,17.17,0.5,0,1
17-03-2024 13:00,EDT,CAPITL,61757,16.57,0.47,0,1
17-03-2024 14:00,EDT,CAPITL,61757,16.24,0.46,0,1
17-03-2024 15:00,EDT,CAPITL,61757,16,0.45,0,1
17-03-2024 16:00,EDT,CAPITL,61757,17.83,0.55,0,1
17-03-2024 17:00,EDT,CAPITL,61757,20.18,0.68,0,1
17-03-2024 18:00,EDT,CAPITL,61757,24.57,0.88,0,1
17-03-2024 19:00,EDT,CAPITL,61757,31.31,1.21,0,1
17-03-2024 20:00,EDT,CAPITL,61757,27.77,0.99,0,1
17-03-2024 21:00,EDT,CAPITL,61757,25.11,0.87,0,1
17-03-2024 22:00,EDT,CAPITL,61757,21.68,0.71,0,1
17-03-2024 23:00,EDT,CAPITL,61757,19.59,0.59,0,1
18-03-2024 00:00,EDT,CAPITL,61757,19.43,0.64,0,1
18-03-2024 01:00,EDT,CAPITL,61757,18.47,0.57,0,1
18-03-2024 02:00,EDT,CAPITL,61757,18.22,0.55,0,1
18-03-2024 03:00,EDT,CAPITL,61757,18.3,0.55,0,1
18-03-2024 04:00,EDT,CAPITL,61757,18.82,0.6,0,1
18-03-2024 05:00,EDT,CAPITL,61757,20.71,0.72,0,1
18-03-2024 06:00,EDT,CAPITL,61757,28.48,1.1,0,1
18-03-2024 07:00,EDT,CAPITL,61757,31.81,1.37,0,1
18-03-2024 08:00,EDT,CAPITL,61757,30.14,1.13,0,1
18-03-2024 09:00,EDT,CAPITL,61757,23.29,0.74,0,1
18-03-2024 10:00,EDT,CAPITL,61757,22.08,0.68,0,1
18-03-2024 11:00,EDT,CAPITL,61757,21.26,0.6,0,1
18-03-2024 12:00,EDT,CAPITL,61757,20.28,0.57,0,1
18-03-2024 13:00,EDT,CAPITL,61757,20.07,0.58,0,1
18-03-2024 14:00,EDT,CAPITL,61757,20.1,0.59,0,1
18-03-2024 15:00,EDT,CAPITL,61757,21.19,0.64,0,1
18-03-2024 16:00,EDT,CAPITL,61757,23.85,0.78,0,1
18-03-2024 17:00,EDT,CAPITL,61757,28.17,0.95,0,1
18-03-2024 18:00,EDT,CAPITL,61757,31.9,1.4,0,1
18-03-2024 19:00,EDT,CAPITL,61757,36.08,1.65,0,1
18-03-2024 20:00,EDT,CAPITL,61757,35.63,1.7,0,1
18-03-2024 21:00,EDT,CAPITL,61757,30.05,1.16,0,1
18-03-2024 22:00,EDT,CAPITL,61757,26.71,0.83,0,1
18-03-2024 23:00,EDT,CAPITL,61757,23.75,0.71,0,1
19-03-2024 00:00,EDT,CAPITL,61757,22.01,0.68,0,1
19-03-2024 01:00,EDT,CAPITL,61757,20.9,0.59,0,1
19-03-2024 02:00,EDT,CAPITL,61757,20.8,0.59,0,1
19-03-2024 03:00,EDT,CAPITL,61757,20.89,0.61,0,1
19-03-2024 04:00,EDT,CAPITL,61757,21.63,0.73,0,1
19-03-2024 05:00,EDT,CAPITL,61757,24.47,0.87,0,1
19-03-2024 06:00,EDT,CAPITL,61757,32.3,1.42,0,1
19-03-2024 07:00,EDT,CAPITL,61757,38.49,1.83,0,1
19-03-2024 08:00,EDT,CAPITL,61757,31.99,1.29,0,1
19-03-2024 09:00,EDT,CAPITL,61757,24.79,0.82,0,1
19-03-2024 10:00,EDT,CAPITL,61757,23.82,0.74,0,1
19-03-2024 11:00,EDT,CAPITL,61757,22.2,0.67,0,1
19-03-2024 12:00,EDT,CAPITL,61757,21.13,0.61,0,1
19-03-2024 13:00,EDT,CAPITL,61757,20.56,0.62,0,1
19-03-2024 14:00,EDT,CAPITL,61757,19.37,0.58,0,1
19-03-2024 15:00,EDT,CAPITL,61757,20.34,0.63,0,1
19-03-2024 16:00,EDT,CAPITL,61757,23.34,0.79,0,1
19-03-2024 17:00,EDT,CAPITL,61757,28.39,0.77,0,1
19-03-2024 18:00,EDT,CAPITL,61757,31.83,1.23,0,1
19-03-2024 19:00,EDT,CAPITL,61757,37.85,1.42,0,1
19-03-2024 20:00,EDT,CAPITL,61757,34.63,1.33,0,1
19-03-2024 21:00,EDT,CAPITL,61757,29.57,0.92,0,1
19-03-2024 22:00,EDT,CAPITL,61757,26.59,0.75,0,1
19-03-2024 23:00,EDT,CAPITL,61757,23.78,0.67,0,1
20-03-2024 00:00,EDT,CAPITL,61757,23.37,0.64,0,1
20-03-2024 01:00,EDT,CAPITL,61757,21.97,0.62,0,1
20-03-2024 02:00,EDT,CAPITL,61757,21.04,0.59,0,1
20-03-2024 03:00,EDT,CAPITL,61757,20.87,0.59,0,1
20-03-2024 04:00,EDT,CAPITL,61757,21.4,0.62,0,1
20-03-2024 05:00,EDT,CAPITL,61757,25.37,0.79,0,1
20-03-2024 06:00,EDT,CAPITL,61757,33.3,1.37,0,1
20-03-2024 07:00,EDT,CAPITL,61757,38.41,1.51,0,1
20-03-2024 08:00,EDT,CAPITL,61757,31.97,1.2,0,1
20-03-2024 09:00,EDT,CAPITL,61757,25.13,0.68,0,1
20-03-2024 10:00,EDT,CAPITL,61757,23.67,0.69,0,1
20-03-2024 11:00,EDT,CAPITL,61757,22.58,0.66,0,1
20-03-2024 12:00,EDT,CAPITL,61757,22.2,0.65,0,1
20-03-2024 13:00,EDT,CAPITL,61757,20.9,0.59,0,1
20-03-2024 14:00,EDT,CAPITL,61757,21.26,0.68,0,1
20-03-2024 15:00,EDT,CAPITL,61757,21.26,0.68,0,1
20-03-2024 16:00,EDT,CAPITL,61757,23.77,0.87,0,1
20-03-2024 17:00,EDT,CAPITL,61757,27.94,1.05,0,1
20-03-2024 18:00,EDT,CAPITL,61757,31.48,1.18,0,1
20-03-2024 19:00,EDT,CAPITL,61757,37.86,1.56,0,1
20-03-2024 20:00,EDT,CAPITL,61757,33.91,1.4,0,1
20-03-2024 21:00,EDT,CAPITL,61757,30.25,1.11,0,1
20-03-2024 22:00,EDT,CAPITL,61757,25.83,0.97,0,1
20-03-2024 23:00,EDT,CAPITL,61757,24.17,0.93,0,1
21-03-2024 00:00,EDT,CAPITL,61757,25.65,0.87,0,1
21-03-2024 01:00,EDT,CAPITL,61757,25.14,0.83,0,1
21-03-2024 02:00,EDT,CAPITL,61757,24.54,0.85,0,1
21-03-2024 03:00,EDT,CAPITL,61757,24.14,0.84,0,1
21-03-2024 04:00,EDT,CAPITL,61757,24.64,0.86,0,1
21-03-2024 05:00,EDT,CAPITL,61757,28.88,0.9,0,1
21-03-2024 06:00,EDT,CAPITL,61757,39.47,1.56,0,1
21-03-2024 07:00,EDT,CAPITL,61757,45.94,1.85,0,1
21-03-2024 08:00,EDT,CAPITL,61757,36.79,1.31,0,1
21-03-2024 09:00,EDT,CAPITL,61757,30.46,0.75,0.09,1
21-03-2024 10:00,EDT,CAPITL,61757,28.85,0.68,0,1
21-03-2024 11:00,EDT,CAPITL,61757,27.65,0.65,0,1
21-03-2024 12:00,EDT,CAPITL,61757,25.66,0.58,0,1
21-03-2024 13:00,EDT,CAPITL,61757,24.81,0.56,0,1
21-03-2024 14:00,EDT,CAPITL,61757,23.28,0.52,0,1
21-03-2024 15:00,EDT,CAPITL,61757,23.6,0.6,0,1
21-03-2024 16:00,EDT,CAPITL,61757,27.64,0.78,0,1
21-03-2024 17:00,EDT,CAPITL,61757,31.82,1.1,0,1
21-03-2024 18:00,EDT,CAPITL,61757,37.29,1.44,0,1
21-03-2024 19:00,EDT,CAPITL,61757,45.43,1.67,0.09,1
21-03-2024 20:00,EDT,CAPITL,61757,46.77,1.81,0.12,1
21-03-2024 21:00,EDT,CAPITL,61757,36.75,1.41,0,1
21-03-2024 22:00,EDT,CAPITL,61757,31.41,1,0,1
21-03-2024 23:00,EDT,CAPITL,61757,29.93,0.76,0,1
22-03-2024 00:00,EDT,CAPITL,61757,27.98,0.92,0,1
22-03-2024 01:00,EDT,CAPITL,61757,27.02,0.84,0,1
22-03-2024 02:00,EDT,CAPITL,61757,26.36,0.82,0,1
22-03-2024 03:00,EDT,CAPITL,61757,26.3,0.77,0,1
22-03-2024 04:00,EDT,CAPITL,61757,28.51,0.86,0,1
22-03-2024 05:00,EDT,CAPITL,61757,31.8,1.05,0,1
22-03-2024 06:00,EDT,CAPITL,61757,46.27,1.86,0,1
22-03-2024 07:00,EDT,CAPITL,61757,48.42,2.09,0,1
22-03-2024 08:00,EDT,CAPITL,61757,37.23,1.19,0,1
22-03-2024 09:00,EDT,CAPITL,61757,29.63,0.58,0.07,1
22-03-2024 10:00,EDT,CAPITL,61757,27.44,0.67,0.06,1
22-03-2024 11:00,EDT,CAPITL,61757,24.68,0.56,0,1
22-03-2024 12:00,EDT,CAPITL,61757,23.16,0.52,0,1
22-03-2024 13:00,EDT,CAPITL,61757,22.67,0.55,0,1
22-03-2024 14:00,EDT,CAPITL,61757,22.42,0.57,0,1
22-03-2024 15:00,EDT,CAPITL,61757,23.23,0.63,0,1
22-03-2024 16:00,EDT,CAPITL,61757,24.9,0.68,0,1
22-03-2024 17:00,EDT,CAPITL,61757,29.43,0.66,0.07,1
22-03-2024 18:00,EDT,CAPITL,61757,33.26,0.9,0,1
22-03-2024 19:00,EDT,CAPITL,61757,40.99,1.35,0,1
22-03-2024 20:00,EDT,CAPITL,61757,38.81,1.39,0,1
22-03-2024 21:00,EDT,CAPITL,61757,32.72,1.11,0,1
22-03-2024 22:00,EDT,CAPITL,61757,29.96,0.87,0,1
22-03-2024 23:00,EDT,CAPITL,61757,29.11,0.77,0,1
23-03-2024 00:00,EDT,CAPITL,61757,25.12,0.76,0,1
23-03-2024 01:00,EDT,CAPITL,61757,23.44,0.66,0,1
23-03-2024 02:00,EDT,CAPITL,61757,22.29,0.67,0,1
23-03-2024 03:00,EDT,CAPITL,61757,22.15,0.62,0,1
23-03-2024 04:00,EDT,CAPITL,61757,22.51,0.61,0,1
23-03-2024 05:00,EDT,CAPITL,61757,24.6,0.72,0,1
23-03-2024 06:00,EDT,CAPITL,61757,27.29,0.85,0,1
23-03-2024 07:00,EDT,CAPITL,61757,28.53,0.94,0,1
23-03-2024 08:00,EDT,CAPITL,61757,28.94,0.92,0,1
23-03-2024 09:00,EDT,CAPITL,61757,31.6,1.04,0,1
23-03-2024 10:00,EDT,CAPITL,61757,31.37,1.22,0.29,1
23-03-2024 11:00,EDT,CAPITL,61757,31.25,1.03,0.12,1
23-03-2024 12:00,EDT,CAPITL,61757,31.26,1.13,0.27,1
23-03-2024 13:00,EDT,CAPITL,61757,31.33,1.06,0,1
23-03-2024 14:00,EDT,CAPITL,61757,29.28,0.94,0.15,1
23-03-2024 15:00,EDT,CAPITL,61757,27.41,0.88,0.09,1
23-03-2024 16:00,EDT,CAPITL,61757,29.1,0.91,0.19,1
23-03-2024 17:00,EDT,CAPITL,61757,30.33,1,0.06,1
23-03-2024 18:00,EDT,CAPITL,61757,31.13,1.03,0.08,1
23-03-2024 19:00,EDT,CAPITL,61757,33.02,1.24,0,1
23-03-2024 20:00,EDT,CAPITL,61757,31.5,1.12,0,1
23-03-2024 21:00,EDT,CAPITL,61757,28.89,0.92,0,1
23-03-2024 22:00,EDT,CAPITL,61757,27,0.89,0,1
23-03-2024 23:00,EDT,CAPITL,61757,25.6,0.79,0,1
24-03-2024 00:00,EDT,CAPITL,61757,25.73,0.7,0,1
24-03-2024 01:00,EDT,CAPITL,61757,24.4,0.66,0,1
24-03-2024 02:00,EDT,CAPITL,61757,23.88,0.63,0,1
24-03-2024 03:00,EDT,CAPITL,61757,23.27,0.59,0,1
24-03-2024 04:00,EDT,CAPITL,61757,23.94,0.68,0,1
24-03-2024 05:00,EDT,CAPITL,61757,25.33,0.67,0,1
24-03-2024 06:00,EDT,CAPITL,61757,26.71,0.78,0,1
24-03-2024 07:00,EDT,CAPITL,61757,28.4,0.91,0,1
24-03-2024 08:00,EDT,CAPITL,61757,28.85,0.92,0,1
24-03-2024 09:00,EDT,CAPITL,61757,27.02,0.81,0,1
24-03-2024 10:00,EDT,CAPITL,61757,25.73,0.77,0,1
24-03-2024 11:00,EDT,CAPITL,61757,23,0.67,0,1
24-03-2024 12:00,EDT,CAPITL,61757,21.66,0.63,0,1
24-03-2024 13:00,EDT,CAPITL,61757,21.13,0.57,0,1
24-03-2024 14:00,EDT,CAPITL,61757,20.63,0.56,0,1
24-03-2024 15:00,EDT,CAPITL,61757,20.61,0.58,0,1
24-03-2024 16:00,EDT,CAPITL,61757,22.79,0.69,0,1
24-03-2024 17:00,EDT,CAPITL,61757,27.7,0.83,0,1
24-03-2024 18:00,EDT,CAPITL,61757,31.5,1.18,0,1
24-03-2024 19:00,EDT,CAPITL,61757,35.43,1.46,0,1
24-03-2024 20:00,EDT,CAPITL,61757,35.61,1.53,0,1
24-03-2024 21:00,EDT,CAPITL,61757,31.23,1.23,0,1
24-03-2024 22:00,EDT,CAPITL,61757,27.88,0.97,0,1
24-03-2024 23:00,EDT,CAPITL,61757,25.95,0.76,0,1
25-03-2024 00:00,EDT,CAPITL,61757,26.68,0.78,0,1
25-03-2024 01:00,EDT,CAPITL,61757,25.55,0.77,0,1
25-03-2024 02:00,EDT,CAPITL,61757,24.89,0.82,0,1
25-03-2024 03:00,EDT,CAPITL,61757,24.74,0.86,0,1
25-03-2024 04:00,EDT,CAPITL,61757,25.69,0.92,0,1
25-03-2024 05:00,EDT,CAPITL,61757,30.04,1.16,0,1
25-03-2024 06:00,EDT,CAPITL,61757,38.3,1.82,0,1
25-03-2024 07:00,EDT,CAPITL,61757,42.17,2.05,0,1
25-03-2024 08:00,EDT,CAPITL,61757,36.41,1.6,0,1
25-03-2024 09:00,EDT,CAPITL,61757,30.21,1.08,0,1
25-03-2024 10:00,EDT,CAPITL,61757,27.75,0.94,0,1
25-03-2024 11:00,EDT,CAPITL,61757,24.55,0.78,0,1
25-03-2024 12:00,EDT,CAPITL,61757,22.62,0.74,0,1
25-03-2024 13:00,EDT,CAPITL,61757,21.77,0.67,0,1
25-03-2024 14:00,EDT,CAPITL,61757,20.99,0.63,0,1
25-03-2024 15:00,EDT,CAPITL,61757,21,0.69,0,1
25-03-2024 16:00,EDT,CAPITL,61757,23.17,0.87,0,1
25-03-2024 17:00,EDT,CAPITL,61757,28.35,1.04,0,1
25-03-2024 18:00,EDT,CAPITL,61757,33.07,1.63,0,1
25-03-2024 19:00,EDT,CAPITL,61757,39.74,2.07,0,1
25-03-2024 20:00,EDT,CAPITL,61757,37.37,2.01,0,1
25-03-2024 21:00,EDT,CAPITL,61757,31.46,1.5,0,1
25-03-2024 22:00,EDT,CAPITL,61757,26.43,1.14,0,1
25-03-2024 23:00,EDT,CAPITL,61757,24.7,1.02,0,1
26-03-2024 00:00,EDT,CAPITL,61757,25.06,1.13,0,1
26-03-2024 01:00,EDT,CAPITL,61757,24.29,1.02,0,1
26-03-2024 02:00,EDT,CAPITL,61757,23.36,1.03,0,1
26-03-2024 03:00,EDT,CAPITL,61757,23.71,1.06,0,1
26-03-2024 04:00,EDT,CAPITL,61757,24.15,1.04,0,1
26-03-2024 05:00,EDT,CAPITL,61757,28.18,1.27,0,1
26-03-2024 06:00,EDT,CAPITL,61757,35.75,2.09,0,1
26-03-2024 07:00,EDT,CAPITL,61757,40.49,2.33,0,1
26-03-2024 08:00,EDT,CAPITL,61757,37.18,2,0,1
26-03-2024 09:00,EDT,CAPITL,61757,32.01,1.52,0,1
26-03-2024 10:00,EDT,CAPITL,61757,30.02,1.24,0,1
26-03-2024 11:00,EDT,CAPITL,61757,27.67,1.14,0,1
26-03-2024 12:00,EDT,CAPITL,61757,26.6,1.07,0,1
26-03-2024 13:00,EDT,CAPITL,61757,25.58,1.01,0,1
26-03-2024 14:00,EDT,CAPITL,61757,25.4,0.98,0,1
26-03-2024 15:00,EDT,CAPITL,61757,25.28,1.02,0,1
26-03-2024 16:00,EDT,CAPITL,61757,26.7,1.08,0,1
26-03-2024 17:00,EDT,CAPITL,61757,30.42,1.28,0,1
26-03-2024 18:00,EDT,CAPITL,61757,31.82,1.49,0,1
26-03-2024 19:00,EDT,CAPITL,61757,37.54,1.89,0,1
26-03-2024 20:00,EDT,CAPITL,61757,35.57,1.89,0,1
26-03-2024 21:00,EDT,CAPITL,61757,28.02,1.33,0,1
26-03-2024 22:00,EDT,CAPITL,61757,24.11,1.08,0,1
26-03-2024 23:00,EDT,CAPITL,61757,23.82,0.87,0,1
27-03-2024 00:00,EDT,CAPITL,61757,22.1,0.81,0,1
27-03-2024 01:00,EDT,CAPITL,61757,21.85,0.78,0,1
27-03-2024 02:00,EDT,CAPITL,61757,21.45,0.74,0,1
27-03-2024 03:00,EDT,CAPITL,61757,21.32,0.74,0,1
27-03-2024 04:00,EDT,CAPITL,61757,21.02,0.73,0,1
27-03-2024 05:00,EDT,CAPITL,61757,22.28,0.86,0,1
27-03-2024 06:00,EDT,CAPITL,61757,30.2,1.33,0,1
27-03-2024 07:00,EDT,CAPITL,61757,31.8,1.69,0,1
27-03-2024 08:00,EDT,CAPITL,61757,32.62,1.55,0,1
27-03-2024 09:00,EDT,CAPITL,61757,32.15,1.59,0,1
27-03-2024 10:00,EDT,CAPITL,61757,31.52,1.3,0,1
27-03-2024 11:00,EDT,CAPITL,61757,28.3,1.04,0,1
27-03-2024 12:00,EDT,CAPITL,61757,26.2,0.89,0,1
27-03-2024 13:00,EDT,CAPITL,61757,25.79,0.85,0,1
27-03-2024 14:00,EDT,CAPITL,61757,25.32,0.86,0,1
27-03-2024 15:00,EDT,CAPITL,61757,25.4,0.84,0,1
27-03-2024 16:00,EDT,CAPITL,61757,26.51,0.87,0,1
27-03-2024 17:00,EDT,CAPITL,61757,30.99,1.02,0,1
27-03-2024 18:00,EDT,CAPITL,61757,31.53,1.15,0,1
27-03-2024 19:00,EDT,CAPITL,61757,34.38,1.42,0,1
27-03-2024 20:00,EDT,CAPITL,61757,31.68,1.25,0,1
27-03-2024 21:00,EDT,CAPITL,61757,27.32,0.92,0,1
27-03-2024 22:00,EDT,CAPITL,61757,23.66,0.73,0,1
27-03-2024 23:00,EDT,CAPITL,61757,23.1,0.61,0,1
28-03-2024 00:00,EDT,CAPITL,61757,23.94,0.49,0,1
28-03-2024 01:00,EDT,CAPITL,61757,22.63,0.44,0,1
28-03-2024 02:00,EDT,CAPITL,61757,21.92,0.45,0,1
28-03-2024 03:00,EDT,CAPITL,61757,21.27,0.42,0,1
28-03-2024 04:00,EDT,CAPITL,61757,22.13,0.52,0,1
28-03-2024 05:00,EDT,CAPITL,61757,23.99,0.59,0,1
28-03-2024 06:00,EDT,CAPITL,61757,31.18,1.03,0,1
28-03-2024 07:00,EDT,CAPITL,61757,34.87,1.37,0,1
28-03-2024 08:00,EDT,CAPITL,61757,35.6,1.47,0,1
28-03-2024 09:00,EDT,CAPITL,61757,36.12,1.56,0,1
28-03-2024 10:00,EDT,CAPITL,61757,35.17,1.55,0,1
28-03-2024 11:00,EDT,CAPITL,61757,31.71,1.31,0,1
28-03-2024 12:00,EDT,CAPITL,61757,31.39,1.18,0,1
28-03-2024 13:00,EDT,CAPITL,61757,30.22,1.02,0,1
28-03-2024 14:00,EDT,CAPITL,61757,27.12,0.99,0,1
28-03-2024 15:00,EDT,CAPITL,61757,26.83,1.03,0,1
28-03-2024 16:00,EDT,CAPITL,61757,27.76,1.04,0,1
28-03-2024 17:00,EDT,CAPITL,61757,30.51,1.14,0,1
28-03-2024 18:00,EDT,CAPITL,61757,31.88,1.34,0,1
28-03-2024 19:00,EDT,CAPITL,61757,34.31,1.38,0,1
28-03-2024 20:00,EDT,CAPITL,61757,33.25,1.34,0,1
28-03-2024 21:00,EDT,CAPITL,61757,28.79,0.87,0,1
28-03-2024 22:00,EDT,CAPITL,61757,25.8,0.7,0,1
28-03-2024 23:00,EDT,CAPITL,61757,23.57,0.6,0,1
29-03-2024 00:00,EDT,CAPITL,61757,23.32,0.59,0,1
29-03-2024 01:00,EDT,CAPITL,61757,21.81,0.57,0,1
29-03-2024 02:00,EDT,CAPITL,61757,21.59,0.59,0,1
29-03-2024 03:00,EDT,CAPITL,61757,20.34,0.5,0,1
29-03-2024 04:00,EDT,CAPITL,61757,21.2,0.54,0,1
29-03-2024 05:00,EDT,CAPITL,61757,23.72,0.65,0,1
29-03-2024 06:00,EDT,CAPITL,61757,27.16,1.02,0,1
29-03-2024 07:00,EDT,CAPITL,61757,31.63,1.36,0,1
29-03-2024 08:00,EDT,CAPITL,61757,31.15,1.2,0,1
29-03-2024 09:00,EDT,CAPITL,61757,26.27,0.99,0,1
29-03-2024 10:00,EDT,CAPITL,61757,23.14,0.8,0,1
29-03-2024 11:00,EDT,CAPITL,61757,21.36,0.7,0,1
29-03-2024 12:00,EDT,CAPITL,61757,20.08,0.7,0,1
29-03-2024 13:00,EDT,CAPITL,61757,18.4,0.64,0,1
29-03-2024 14:00,EDT,CAPITL,61757,17.87,0.65,0,1
29-03-2024 15:00,EDT,CAPITL,61757,17.91,0.66,0,1
29-03-2024 16:00,EDT,CAPITL,61757,19.83,0.8,0,1
29-03-2024 17:00,EDT,CAPITL,61757,22.73,0.88,0,1
29-03-2024 18:00,EDT,CAPITL,61757,26.5,1.09,0,1
29-03-2024 19:00,EDT,CAPITL,61757,30.27,1.14,0,1
29-03-2024 20:00,EDT,CAPITL,61757,29.54,1.19,0,1
29-03-2024 21:00,EDT,CAPITL,61757,25.63,0.96,0,1
29-03-2024 22:00,EDT,CAPITL,61757,23.33,0.87,0,1
29-03-2024 23:00,EDT,CAPITL,61757,22.29,0.75,0,1
30-03-2024 00:00,EDT,CAPITL,61757,20.49,0.75,0,1
30-03-2024 01:00,EDT,CAPITL,61757,19.41,0.69,0,1
30-03-2024 02:00,EDT,CAPITL,61757,18.51,0.66,0,1
30-03-2024 03:00,EDT,CAPITL,61757,18.28,0.62,0,1
30-03-2024 04:00,EDT,CAPITL,61757,18.86,0.64,0,1
30-03-2024 05:00,EDT,CAPITL,61757,19.77,0.67,0,1
30-03-2024 06:00,EDT,CAPITL,61757,22.4,0.8,0,1
30-03-2024 07:00,EDT,CAPITL,61757,23.62,0.86,0,1
30-03-2024 08:00,EDT,CAPITL,61757,21.68,0.69,0,1
30-03-2024 09:00,EDT,CAPITL,61757,18.47,0.52,0,1
30-03-2024 10:00,EDT,CAPITL,61757,16.83,0.47,0,1
30-03-2024 11:00,EDT,CAPITL,61757,15.97,0.39,0,1
30-03-2024 12:00,EDT,CAPITL,61757,14.95,0.36,0,1
30-03-2024 13:00,EDT,CAPITL,61757,14.77,0.36,0,1
30-03-2024 14:00,EDT,CAPITL,61757,13.77,0.34,0,1
30-03-2024 15:00,EDT,CAPITL,61757,14.13,0.34,0,1
30-03-2024 16:00,EDT,CAPITL,61757,15.98,0.4,0,1
30-03-2024 17:00,EDT,CAPITL,61757,19.47,0.59,0,1
30-03-2024 18:00,EDT,CAPITL,61757,22.84,0.73,0,1
30-03-2024 19:00,EDT,CAPITL,61757,29.84,0.98,0,1
30-03-2024 20:00,EDT,CAPITL,61757,27.81,0.94,0,1
30-03-2024 21:00,EDT,CAPITL,61757,24.08,0.86,0,1
30-03-2024 22:00,EDT,CAPITL,61757,20.91,0.77,0,1
30-03-2024 23:00,EDT,CAPITL,61757,19.53,0.68,0,1
31-03-2024 00:00,EDT,CAPITL,61757,20.23,0.61,0,1
31-03-2024 01:00,EDT,CAPITL,61757,18.97,0.53,0,1
31-03-2024 02:00,EDT,CAPITL,61757,18.36,0.53,0,1
31-03-2024 03:00,EDT,CAPITL,61757,17.99,0.51,0,1
31-03-2024 04:00,EDT,CAPITL,61757,18.54,0.56,0,1
31-03-2024 05:00,EDT,CAPITL,61757,19.06,0.57,0,1
31-03-2024 06:00,EDT,CAPITL,61757,21.16,0.64,0,1
31-03-2024 07:00,EDT,CAPITL,61757,21.98,0.68,0,1
31-03-2024 08:00,EDT,CAPITL,61757,19.49,0.6,0,1
31-03-2024 09:00,EDT,CAPITL,61757,18.32,0.57,0,1
31-03-2024 10:00,EDT,CAPITL,61757,16.99,0.51,0,1
31-03-2024 11:00,EDT,CAPITL,61757,16.41,0.51,0,1
31-03-2024 12:00,EDT,CAPITL,61757,15.3,0.46,0,1
31-03-2024 13:00,EDT,CAPITL,61757,14.82,0.43,0,1
31-03-2024 14:00,EDT,CAPITL,61757,14.13,0.43,0,1
31-03-2024 15:00,EDT,CAPITL,61757,13.81,0.43,0,1
31-03-2024 16:00,EDT,CAPITL,61757,15.44,0.48,0,1
31-03-2024 17:00,EDT,CAPITL,61757,19.08,0.59,0,1
31-03-2024 18:00,EDT,CAPITL,61757,21.55,0.71,0,1
31-03-2024 19:00,EDT,CAPITL,61757,29.09,0.98,0,1
31-03-2024 20:00,EDT,CAPITL,61757,29.91,1.04,0,1
31-03-2024 21:00,EDT,CAPITL,61757,24.13,0.77,0,1
31-03-2024 22:00,EDT,CAPITL,61757,22.07,0.73,0,1
31-03-2024 23:00,EDT,CAPITL,61757,19.83,0.61,0,1
01-04-2024 00:00,EDT,CAPITL,61757,19.74,0.61,0,1
01-04-2024 01:00,EDT,CAPITL,61757,18.94,0.57,0,1
01-04-2024 02:00,EDT,CAPITL,61757,18.29,0.55,0,1
01-04-2024 03:00,EDT,CAPITL,61757,18.24,0.57,0,1
01-04-2024 04:00,EDT,CAPITL,61757,18.76,0.58,0,1
01-04-2024 05:00,EDT,CAPITL,61757,21.31,0.66,0,1
01-04-2024 06:00,EDT,CAPITL,61757,26.05,0.86,0,1
01-04-2024 07:00,EDT,CAPITL,61757,30.3,1,0,1
01-04-2024 08:00,EDT,CAPITL,61757,30.72,0.98,0,1
01-04-2024 09:00,EDT,CAPITL,61757,28.23,0.82,0,1
01-04-2024 10:00,EDT,CAPITL,61757,27.32,0.82,0,1
01-04-2024 11:00,EDT,CAPITL,61757,27.12,0.79,0,1
01-04-2024 12:00,EDT,CAPITL,61757,26.04,0.78,0,1
01-04-2024 13:00,EDT,CAPITL,61757,25.45,0.77,0,1
01-04-2024 14:00,EDT,CAPITL,61757,24.37,0.73,0,1
01-04-2024 15:00,EDT,CAPITL,61757,24.13,0.7,0,1
01-04-2024 16:00,EDT,CAPITL,61757,25.7,0.77,0,1
01-04-2024 17:00,EDT,CAPITL,61757,29.31,0.85,0,1
01-04-2024 18:00,EDT,CAPITL,61757,31.14,0.99,0,1
01-04-2024 19:00,EDT,CAPITL,61757,31.68,1.22,0,1
01-04-2024 20:00,EDT,CAPITL,61757,31.47,1.21,0,1
01-04-2024 21:00,EDT,CAPITL,61757,27.5,0.83,0,1
01-04-2024 22:00,EDT,CAPITL,61757,24.21,0.7,0,1
01-04-2024 23:00,EDT,CAPITL,61757,22.36,0.61,0,1
02-04-2024 00:00,EDT,CAPITL,61757,22.62,0.64,0,1
02-04-2024 01:00,EDT,CAPITL,61757,20.35,0.57,0,1
02-04-2024 02:00,EDT,CAPITL,61757,19.54,0.57,0,1
02-04-2024 03:00,EDT,CAPITL,61757,19.39,0.62,0,1
02-04-2024 04:00,EDT,CAPITL,61757,19.79,0.65,0,1
02-04-2024 05:00,EDT,CAPITL,61757,22.56,0.74,0,1
02-04-2024 06:00,EDT,CAPITL,61757,28.06,0.97,0,1
02-04-2024 07:00,EDT,CAPITL,61757,31.74,1.37,0,1
02-04-2024 08:00,EDT,CAPITL,61757,31.7,1.28,0,1
02-04-2024 09:00,EDT,CAPITL,61757,30.9,1.02,0,1
02-04-2024 10:00,EDT,CAPITL,61757,30,1.01,0,1
02-04-2024 11:00,EDT,CAPITL,61757,29.72,0.98,0,1
02-04-2024 12:00,EDT,CAPITL,61757,29.25,0.99,0,1
02-04-2024 13:00,EDT,CAPITL,61757,28.17,0.95,0,1
02-04-2024 14:00,EDT,CAPITL,61757,27.03,0.89,0,1
02-04-2024 15:00,EDT,CAPITL,61757,26.72,0.85,0,1
02-04-2024 16:00,EDT,CAPITL,61757,29.06,1.04,0,1
02-04-2024 17:00,EDT,CAPITL,61757,31.27,1.14,0,1
02-04-2024 18:00,EDT,CAPITL,61757,31.45,1.21,0,1
02-04-2024 19:00,EDT,CAPITL,61757,33.56,1.51,0,1
02-04-2024 20:00,EDT,CAPITL,61757,33.32,1.53,0,1
02-04-2024 21:00,EDT,CAPITL,61757,27.98,1.05,0,1
02-04-2024 22:00,EDT,CAPITL,61757,24.45,0.96,0,1
02-04-2024 23:00,EDT,CAPITL,61757,22.76,0.83,0,1
03-04-2024 00:00,EDT,CAPITL,61757,22.16,0.89,0,1
03-04-2024 01:00,EDT,CAPITL,61757,20.75,0.84,0,1
03-04-2024 02:00,EDT,CAPITL,61757,19.83,0.82,0,1
03-04-2024 03:00,EDT,CAPITL,61757,19.62,0.81,0,1
03-04-2024 04:00,EDT,CAPITL,61757,20.39,0.86,0,1
03-04-2024 05:00,EDT,CAPITL,61757,22.64,0.93,0,1
03-04-2024 06:00,EDT,CAPITL,61757,26.82,1.13,0,1
03-04-2024 07:00,EDT,CAPITL,61757,31.65,1.28,0,1
03-04-2024 08:00,EDT,CAPITL,61757,32.44,1.16,0,1
03-04-2024 09:00,EDT,CAPITL,61757,32.06,1.26,0,1
03-04-2024 10:00,EDT,CAPITL,61757,32.33,1.48,0,1
03-04-2024 11:00,EDT,CAPITL,61757,32.78,1.41,0,1
03-04-2024 12:00,EDT,CAPITL,61757,31.78,1.25,0,1
03-04-2024 13:00,EDT,CAPITL,61757,31.56,1.13,0,1
03-04-2024 14:00,EDT,CAPITL,61757,31.01,0.99,0,1
03-04-2024 15:00,EDT,CAPITL,61757,30.87,0.98,0,1
03-04-2024 16:00,EDT,CAPITL,61757,30.05,0.96,0,1
03-04-2024 17:00,EDT,CAPITL,61757,31.47,1.09,0,1
03-04-2024 18:00,EDT,CAPITL,61757,32.28,1.18,0,1
03-04-2024 19:00,EDT,CAPITL,61757,33.64,1.26,0,1
03-04-2024 20:00,EDT,CAPITL,61757,31.95,1.11,0,1
03-04-2024 21:00,EDT,CAPITL,61757,30.14,0.82,0,1
03-04-2024 22:00,EDT,CAPITL,61757,26.39,0.77,0,1
03-04-2024 23:00,EDT,CAPITL,61757,24.87,0.86,0,1
04-04-2024 00:00,EDT,CAPITL,61757,23.21,0.72,0,1
04-04-2024 01:00,EDT,CAPITL,61757,22.14,0.71,0,1
04-04-2024 02:00,EDT,CAPITL,61757,20.99,0.71,0,1
04-04-2024 03:00,EDT,CAPITL,61757,21.38,0.68,0,1
04-04-2024 04:00,EDT,CAPITL,61757,21.82,0.7,0,1
04-04-2024 05:00,EDT,CAPITL,61757,24.22,0.7,0,1
04-04-2024 06:00,EDT,CAPITL,61757,29.05,0.82,0,1
04-04-2024 07:00,EDT,CAPITL,61757,34.18,1.22,0,1
04-04-2024 08:00,EDT,CAPITL,61757,34.27,1.19,0,1
04-04-2024 09:00,EDT,CAPITL,61757,33.73,1.17,0,1
04-04-2024 10:00,EDT,CAPITL,61757,33.25,1.22,0,1
04-04-2024 11:00,EDT,CAPITL,61757,32.07,1.17,0,1
04-04-2024 12:00,EDT,CAPITL,61757,31.11,0.96,0,1
04-04-2024 13:00,EDT,CAPITL,61757,30.73,0.81,0,1
04-04-2024 14:00,EDT,CAPITL,61757,29.47,0.72,0,1
04-04-2024 15:00,EDT,CAPITL,61757,28.77,0.7,0,1
04-04-2024 16:00,EDT,CAPITL,61757,29.97,0.73,0,1
04-04-2024 17:00,EDT,CAPITL,61757,30.95,0.93,0,1
04-04-2024 18:00,EDT,CAPITL,61757,32.17,1.09,0,1
04-04-2024 19:00,EDT,CAPITL,61757,34.35,1.13,0,1
04-04-2024 20:00,EDT,CAPITL,61757,35.35,1.23,0,1
04-04-2024 21:00,EDT,CAPITL,61757,31.01,0.99,0,1
04-04-2024 22:00,EDT,CAPITL,61757,28.21,0.61,0,1
04-04-2024 23:00,EDT,CAPITL,61757,25.33,0.52,0,1
05-04-2024 00:00,EDT,CAPITL,61757,24.95,0.39,0,1
05-04-2024 01:00,EDT,CAPITL,61757,24.77,0.44,0,1
05-04-2024 02:00,EDT,CAPITL,61757,23.58,0.42,0,1
05-04-2024 03:00,EDT,CAPITL,61757,23.42,0.44,0,1
05-04-2024 04:00,EDT,CAPITL,61757,24.2,0.43,0,1
05-04-2024 05:00,EDT,CAPITL,61757,25.82,0.58,0,1
05-04-2024 06:00,EDT,CAPITL,61757,31.38,1.06,0,1
05-04-2024 07:00,EDT,CAPITL,61757,36.47,1.2,0,1
05-04-2024 08:00,EDT,CAPITL,61757,34.38,0.9,0,1
05-04-2024 09:00,EDT,CAPITL,61757,31.72,0.77,0,1
05-04-2024 10:00,EDT,CAPITL,61757,29.97,0.56,0,1
05-04-2024 11:00,EDT,CAPITL,61757,28.82,0.48,0,1
05-04-2024 12:00,EDT,CAPITL,61757,28.43,0.47,0,1
05-04-2024 13:00,EDT,CAPITL,61757,27.86,0.49,0,1
05-04-2024 14:00,EDT,CAPITL,61757,27.04,0.53,0,1
05-04-2024 15:00,EDT,CAPITL,61757,26.79,0.58,0,1
05-04-2024 16:00,EDT,CAPITL,61757,28.27,0.69,0,1
05-04-2024 17:00,EDT,CAPITL,61757,29.18,0.71,0,1
05-04-2024 18:00,EDT,CAPITL,61757,30.89,1.04,0,1
05-04-2024 19:00,EDT,CAPITL,61757,33.18,1.09,0,1
05-04-2024 20:00,EDT,CAPITL,61757,34.58,1.07,0,1
05-04-2024 21:00,EDT,CAPITL,61757,31.22,1.11,0,1
05-04-2024 22:00,EDT,CAPITL,61757,29.23,0.74,0,1
05-04-2024 23:00,EDT,CAPITL,61757,26.71,0.63,0.05,1
06-04-2024 00:00,EDT,CAPITL,61757,27.07,0.56,0,1
06-04-2024 01:00,EDT,CAPITL,61757,25.06,0.54,0,1
06-04-2024 02:00,EDT,CAPITL,61757,24.84,0.56,0,1
06-04-2024 03:00,EDT,CAPITL,61757,24.45,0.55,0,1
06-04-2024 04:00,EDT,CAPITL,61757,25.63,0.58,0,1
06-04-2024 05:00,EDT,CAPITL,61757,26.9,0.66,0,1
06-04-2024 06:00,EDT,CAPITL,61757,28.04,0.74,0,1
06-04-2024 07:00,EDT,CAPITL,61757,30.26,0.85,0,1
06-04-2024 08:00,EDT,CAPITL,61757,31.19,1.05,0,1
06-04-2024 09:00,EDT,CAPITL,61757,30.51,0.95,0,1
06-04-2024 10:00,EDT,CAPITL,61757,29.51,0.91,0,1
06-04-2024 11:00,EDT,CAPITL,61757,27.99,0.76,0,1
06-04-2024 12:00,EDT,CAPITL,61757,26.74,0.6,0,1
06-04-2024 13:00,EDT,CAPITL,61757,25.51,0.6,0,1
06-04-2024 14:00,EDT,CAPITL,61757,23.21,0.57,0,1
06-04-2024 15:00,EDT,CAPITL,61757,22.56,0.57,0,1
06-04-2024 16:00,EDT,CAPITL,61757,25.19,0.71,0,1
06-04-2024 17:00,EDT,CAPITL,61757,27.84,0.81,0,1
06-04-2024 18:00,EDT,CAPITL,61757,30.02,0.93,0,1
06-04-2024 19:00,EDT,CAPITL,61757,34.27,1.19,0,1
06-04-2024 20:00,EDT,CAPITL,61757,34.62,1.17,0,1
06-04-2024 21:00,EDT,CAPITL,61757,31.39,1.03,0,1
06-04-2024 22:00,EDT,CAPITL,61757,30.02,0.73,0,1
06-04-2024 23:00,EDT,CAPITL,61757,26.41,0.54,0,1
07-04-2024 00:00,EDT,CAPITL,61757,26.52,0.47,0,1
07-04-2024 01:00,EDT,CAPITL,61757,24.59,0.41,0,1
07-04-2024 02:00,EDT,CAPITL,61757,23.57,0.42,0,1
07-04-2024 03:00,EDT,CAPITL,61757,23.48,0.42,0,1
07-04-2024 04:00,EDT,CAPITL,61757,24.21,0.47,0,1
07-04-2024 05:00,EDT,CAPITL,61757,25.41,0.55,0,1
07-04-2024 06:00,EDT,CAPITL,61757,26.81,0.58,0,1
07-04-2024 07:00,EDT,CAPITL,61757,27.3,0.64,0,1
07-04-2024 08:00,EDT,CAPITL,61757,26.13,0.59,0,1
07-04-2024 09:00,EDT,CAPITL,61757,23.55,0.55,0,1
07-04-2024 10:00,EDT,CAPITL,61757,22.33,0.48,0,1
07-04-2024 11:00,EDT,CAPITL,61757,21.54,0.46,0,1
07-04-2024 12:00,EDT,CAPITL,61757,20.05,0.41,0,1
07-04-2024 13:00,EDT,CAPITL,61757,19,0.32,0,1
07-04-2024 14:00,EDT,CAPITL,61757,17.99,0.33,0,1
07-04-2024 15:00,EDT,CAPITL,61757,18.32,0.36,0,1
07-04-2024 16:00,EDT,CAPITL,61757,20.86,0.47,0,1
07-04-2024 17:00,EDT,CAPITL,61757,23.3,0.57,0,1
07-04-2024 18:00,EDT,CAPITL,61757,29.47,0.89,0,1
07-04-2024 19:00,EDT,CAPITL,61757,34.62,1.36,0,1
07-04-2024 20:00,EDT,CAPITL,61757,36.62,1.44,0,1
07-04-2024 21:00,EDT,CAPITL,61757,31.25,1.12,0,1
07-04-2024 22:00,EDT,CAPITL,61757,28.29,0.69,0,1
07-04-2024 23:00,EDT,CAPITL,61757,25.75,0.6,0,1
08-04-2024 00:00,EDT,CAPITL,61757,24.55,0.48,0,1
08-04-2024 01:00,EDT,CAPITL,61757,23.57,0.49,0,1
08-04-2024 02:00,EDT,CAPITL,61757,22.86,0.51,0,1
08-04-2024 03:00,EDT,CAPITL,61757,22.49,0.46,0,1
08-04-2024 04:00,EDT,CAPITL,61757,23.68,0.55,0,1
08-04-2024 05:00,EDT,CAPITL,61757,26.52,0.67,0,1
08-04-2024 06:00,EDT,CAPITL,61757,32.29,1.06,0,1
08-04-2024 07:00,EDT,CAPITL,61757,32.9,1.2,0,1
08-04-2024 08:00,EDT,CAPITL,61757,30.51,0.71,0,1
08-04-2024 09:00,EDT,CAPITL,61757,23,0.23,0,1
08-04-2024 10:00,EDT,CAPITL,61757,21.55,0.17,0,1
08-04-2024 11:00,EDT,CAPITL,61757,19.45,0.17,0,1
08-04-2024 12:00,EDT,CAPITL,61757,19,0.24,0,1
08-04-2024 13:00,EDT,CAPITL,61757,18.96,0.24,0,1
08-04-2024 14:00,EDT,CAPITL,61757,23.33,0.41,0,1
08-04-2024 15:00,EDT,CAPITL,61757,28.81,0.78,0,1
08-04-2024 16:00,EDT,CAPITL,61757,24.21,0.52,0,1
08-04-2024 17:00,EDT,CAPITL,61757,25.39,0.52,0,1
08-04-2024 18:00,EDT,CAPITL,61757,30.6,0.98,0,1
08-04-2024 19:00,EDT,CAPITL,61757,32.11,1.24,0,1
08-04-2024 20:00,EDT,CAPITL,61757,33.14,1.24,0,1
08-04-2024 21:00,EDT,CAPITL,61757,30.49,0.86,0,1
08-04-2024 22:00,EDT,CAPITL,61757,27.74,0.7,0,1
08-04-2024 23:00,EDT,CAPITL,61757,24.34,0.59,0,1
09-04-2024 00:00,EDT,CAPITL,61757,23.25,0.57,0,1
09-04-2024 01:00,EDT,CAPITL,61757,21.42,0.6,0,1
09-04-2024 02:00,EDT,CAPITL,61757,20.98,0.57,0,1
09-04-2024 03:00,EDT,CAPITL,61757,20.97,0.57,0,1
09-04-2024 04:00,EDT,CAPITL,61757,22.19,0.52,0,1
09-04-2024 05:00,EDT,CAPITL,61757,25.47,0.67,0,1
09-04-2024 06:00,EDT,CAPITL,61757,31.13,1.11,0,1
09-04-2024 07:00,EDT,CAPITL,61757,34.83,1.27,0,1
09-04-2024 08:00,EDT,CAPITL,61757,29.47,0.72,0,1
09-04-2024 09:00,EDT,CAPITL,61757,22.14,0.37,0,1
09-04-2024 10:00,EDT,CAPITL,61757,21.55,0.26,0,1
09-04-2024 11:00,EDT,CAPITL,61757,20.56,0.26,0,1
09-04-2024 12:00,EDT,CAPITL,61757,19.5,0.21,0,1
09-04-2024 13:00,EDT,CAPITL,61757,19.67,0.19,0,1
09-04-2024 14:00,EDT,CAPITL,61757,19.81,0.22,0,1
09-04-2024 15:00,EDT,CAPITL,61757,19.97,0.26,0,1
09-04-2024 16:00,EDT,CAPITL,61757,22.29,0.48,0,1
09-04-2024 17:00,EDT,CAPITL,61757,27.43,0.62,0,1
09-04-2024 18:00,EDT,CAPITL,61757,31.07,1.08,0,1
09-04-2024 19:00,EDT,CAPITL,61757,33.33,1.25,0,1
09-04-2024 20:00,EDT,CAPITL,61757,32.21,1.24,0,1
09-04-2024 21:00,EDT,CAPITL,61757,29.61,0.89,0,1
09-04-2024 22:00,EDT,CAPITL,61757,25.23,0.69,0,1
09-04-2024 23:00,EDT,CAPITL,61757,23.21,0.65,0,1
10-04-2024 00:00,EDT,CAPITL,61757,21.09,0.53,0,1
10-04-2024 01:00,EDT,CAPITL,61757,20.24,0.53,0,1
10-04-2024 02:00,EDT,CAPITL,61757,19.48,0.48,0,1
10-04-2024 03:00,EDT,CAPITL,61757,19.36,0.47,0,1
10-04-2024 04:00,EDT,CAPITL,61757,20.31,0.48,0,1
10-04-2024 05:00,EDT,CAPITL,61757,22.49,0.48,0,1
10-04-2024 06:00,EDT,CAPITL,61757,27.52,0.85,0,1
10-04-2024 07:00,EDT,CAPITL,61757,30.88,1.07,0,1
10-04-2024 08:00,EDT,CAPITL,61757,30.98,0.87,0,1
10-04-2024 09:00,EDT,CAPITL,61757,26.15,0.61,0,1
10-04-2024 10:00,EDT,CAPITL,61757,25.25,0.59,0,1
10-04-2024 11:00,EDT,CAPITL,61757,25.25,0.59,0,1
10-04-2024 12:00,EDT,CAPITL,61757,24.8,0.56,0,1
10-04-2024 13:00,EDT,CAPITL,61757,25.29,0.57,0,1
10-04-2024 14:00,EDT,CAPITL,61757,23.54,0.57,0,1
10-04-2024 15:00,EDT,CAPITL,61757,23.62,0.62,0,1
10-04-2024 16:00,EDT,CAPITL,61757,25.18,0.64,0,1
10-04-2024 17:00,EDT,CAPITL,61757,30.07,0.82,0,1
10-04-2024 18:00,EDT,CAPITL,61757,31.33,1,0,1
10-04-2024 19:00,EDT,CAPITL,61757,34.29,1.25,0,1
10-04-2024 20:00,EDT,CAPITL,61757,32.78,1.14,0,1
10-04-2024 21:00,EDT,CAPITL,61757,30.6,0.83,0,1
10-04-2024 22:00,EDT,CAPITL,61757,26.22,0.59,0,1
10-04-2024 23:00,EDT,CAPITL,61757,23.3,0.46,0,1
11-04-2024 00:00,EDT,CAPITL,61757,22.25,0.48,0,1
11-04-2024 01:00,EDT,CAPITL,61757,21.6,0.53,0,1
11-04-2024 02:00,EDT,CAPITL,61757,20.72,0.47,0,1
11-04-2024 03:00,EDT,CAPITL,61757,20.32,0.46,0,1
11-04-2024 04:00,EDT,CAPITL,61757,20.88,0.51,0,1
11-04-2024 05:00,EDT,CAPITL,61757,22.61,0.55,0,1
11-04-2024 06:00,EDT,CAPITL,61757,28.52,0.86,0,1
11-04-2024 07:00,EDT,CAPITL,61757,30.57,0.98,0,1
11-04-2024 08:00,EDT,CAPITL,61757,31.65,1.22,0,1
11-04-2024 09:00,EDT,CAPITL,61757,30.05,0.99,0,1
11-04-2024 10:00,EDT,CAPITL,61757,28.75,0.92,0,1
11-04-2024 11:00,EDT,CAPITL,61757,27.78,0.89,0,1
11-04-2024 12:00,EDT,CAPITL,61757,27.02,0.84,0,1
11-04-2024 13:00,EDT,CAPITL,61757,26.6,0.88,0,1
11-04-2024 14:00,EDT,CAPITL,61757,25.92,0.85,0,1
11-04-2024 15:00,EDT,CAPITL,61757,26.74,0.88,0,1
11-04-2024 16:00,EDT,CAPITL,61757,26.52,0.85,0,1
11-04-2024 17:00,EDT,CAPITL,61757,27.32,0.92,0,1
11-04-2024 18:00,EDT,CAPITL,61757,29.08,1.01,0,1
11-04-2024 19:00,EDT,CAPITL,61757,31.49,1.24,0,1
11-04-2024 20:00,EDT,CAPITL,61757,30.87,0.98,0,1
11-04-2024 21:00,EDT,CAPITL,61757,26.74,0.95,0,1
11-04-2024 22:00,EDT,CAPITL,61757,22.81,0.79,0,1
11-04-2024 23:00,EDT,CAPITL,61757,21.87,0.68,0,1
12-04-2024 00:00,EDT,CAPITL,61757,20.12,0.89,0,1
12-04-2024 01:00,EDT,CAPITL,61757,19.54,0.86,-0.83,1
12-04-2024 02:00,EDT,CAPITL,61757,18.43,0.82,-0.22,1
12-04-2024 03:00,EDT,CAPITL,61757,17.04,0.72,-0.3,1
12-04-2024 04:00,EDT,CAPITL,61757,18.47,0.83,0,1
12-04-2024 05:00,EDT,CAPITL,61757,19.74,0.87,0,1
12-04-2024 06:00,EDT,CAPITL,61757,24.13,1.06,0,1
12-04-2024 07:00,EDT,CAPITL,61757,29.83,0.91,-8.21,1
12-04-2024 08:00,EDT,CAPITL,61757,28.25,1.07,-3.38,1
12-04-2024 09:00,EDT,CAPITL,61757,29.42,1.14,-3.95,1
12-04-2024 10:00,EDT,CAPITL,61757,27.52,1.09,-2.23,1
12-04-2024 11:00,EDT,CAPITL,61757,27.74,1.07,-3.01,1
12-04-2024 12:00,EDT,CAPITL,61757,24.88,1.05,0,1
12-04-2024 13:00,EDT,CAPITL,61757,24.03,0.99,-0.44,1
12-04-2024 14:00,EDT,CAPITL,61757,22.47,0.85,-0.9,1
12-04-2024 15:00,EDT,CAPITL,61757,22.05,0.92,-0.13,1
12-04-2024 16:00,EDT,CAPITL,61757,22.74,0.89,-1.03,1
12-04-2024 17:00,EDT,CAPITL,61757,24.25,0.93,-2.15,1
12-04-2024 18:00,EDT,CAPITL,61757,26.88,0.92,-5,1
12-04-2024 19:00,EDT,CAPITL,61757,30.27,0.99,-7.26,1
12-04-2024 20:00,EDT,CAPITL,61757,29.73,1.03,-6.33,1
12-04-2024 21:00,EDT,CAPITL,61757,27.36,0.98,-5.08,1
12-04-2024 22:00,EDT,CAPITL,61757,22.56,0.95,-0.06,1
12-04-2024 23:00,EDT,CAPITL,61757,21.07,0.79,0,1
13-04-2024 00:00,EDT,CAPITL,61757,20.48,0.77,0,1
13-04-2024 01:00,EDT,CAPITL,61757,19.36,0.71,0,1
13-04-2024 02:00,EDT,CAPITL,61757,18.76,0.7,0,1
13-04-2024 03:00,EDT,CAPITL,61757,17.95,0.66,0,1
13-04-2024 04:00,EDT,CAPITL,61757,18.63,0.72,0,1
13-04-2024 05:00,EDT,CAPITL,61757,19.82,0.71,0,1
13-04-2024 06:00,EDT,CAPITL,61757,21.75,0.78,0,1
13-04-2024 07:00,EDT,CAPITL,61757,24.09,0.97,0,1
13-04-2024 08:00,EDT,CAPITL,61757,25.83,1.04,0,1
13-04-2024 09:00,EDT,CAPITL,61757,25.39,1.02,0,1
13-04-2024 10:00,EDT,CAPITL,61757,25.32,1.07,0,1
13-04-2024 11:00,EDT,CAPITL,61757,24.66,1.06,0,1
13-04-2024 12:00,EDT,CAPITL,61757,23.72,0.98,0,1
13-04-2024 13:00,EDT,CAPITL,61757,21.81,0.9,0,1
13-04-2024 14:00,EDT,CAPITL,61757,21.3,0.92,0,1
13-04-2024 15:00,EDT,CAPITL,61757,21.3,0.96,0,1
13-04-2024 16:00,EDT,CAPITL,61757,22.37,0.99,-0.77,1
13-04-2024 17:00,EDT,CAPITL,61757,24.6,1.04,-2.29,1
13-04-2024 18:00,EDT,CAPITL,61757,27.46,1.15,-2.87,1
13-04-2024 19:00,EDT,CAPITL,61757,30.82,1.25,-3.44,1
13-04-2024 20:00,EDT,CAPITL,61757,27.73,1.29,0,1
13-04-2024 21:00,EDT,CAPITL,61757,26.76,1.18,0,1
13-04-2024 22:00,EDT,CAPITL,61757,24.2,1,0,1
13-04-2024 23:00,EDT,CAPITL,61757,20.84,0.76,0,1
14-04-2024 00:00,EDT,CAPITL,61757,19.12,0.75,0,1
14-04-2024 01:00,EDT,CAPITL,61757,18.19,0.7,0,1
14-04-2024 02:00,EDT,CAPITL,61757,17.54,0.68,0,1
14-04-2024 03:00,EDT,CAPITL,61757,16.84,0.62,0,1
14-04-2024 04:00,EDT,CAPITL,61757,17.7,0.68,0,1
14-04-2024 05:00,EDT,CAPITL,61757,18.44,0.69,0,1
14-04-2024 06:00,EDT,CAPITL,61757,20,0.69,0,1
14-04-2024 07:00,EDT,CAPITL,61757,20.97,0.69,0,1
14-04-2024 08:00,EDT,CAPITL,61757,19.62,0.63,0,1
14-04-2024 09:00,EDT,CAPITL,61757,18.34,0.57,0,1
14-04-2024 10:00,EDT,CAPITL,61757,19.16,0.59,0,1
14-04-2024 11:00,EDT,CAPITL,61757,19.11,0.59,0,1
14-04-2024 12:00,EDT,CAPITL,61757,19,0.66,0,1
14-04-2024 13:00,EDT,CAPITL,61757,18.36,0.6,0,1
14-04-2024 14:00,EDT,CAPITL,61757,17.76,0.6,0,1
14-04-2024 15:00,EDT,CAPITL,61757,18.13,0.65,0,1
14-04-2024 16:00,EDT,CAPITL,61757,20.92,0.77,0,1
14-04-2024 17:00,EDT,CAPITL,61757,23.78,0.85,0,1
14-04-2024 18:00,EDT,CAPITL,61757,29.95,1.07,0,1
14-04-2024 19:00,EDT,CAPITL,61757,32.55,1.4,0,1
14-04-2024 20:00,EDT,CAPITL,61757,33.54,1.35,0,1
14-04-2024 21:00,EDT,CAPITL,61757,29.35,0.88,0,1
14-04-2024 22:00,EDT,CAPITL,61757,23.92,0.65,0,1
14-04-2024 23:00,EDT,CAPITL,61757,20.86,0.53,0,1
15-04-2024 00:00,EDT,CAPITL,61757,21.81,0.49,0,1
15-04-2024 01:00,EDT,CAPITL,61757,20.42,0.44,0,1
15-04-2024 02:00,EDT,CAPITL,61757,19.48,0.4,0,1
15-04-2024 03:00,EDT,CAPITL,61757,19.07,0.37,0,1
15-04-2024 04:00,EDT,CAPITL,61757,19.78,0.43,0,1
15-04-2024 05:00,EDT,CAPITL,61757,20.03,0.43,0,1
15-04-2024 06:00,EDT,CAPITL,61757,29.34,0.8,0,1
15-04-2024 07:00,EDT,CAPITL,61757,31.07,1.05,0,1
15-04-2024 08:00,EDT,CAPITL,61757,27.95,0.71,0,1
15-04-2024 09:00,EDT,CAPITL,61757,25.66,0.53,0,1
15-04-2024 10:00,EDT,CAPITL,61757,22.77,0.58,0,1
15-04-2024 11:00,EDT,CAPITL,61757,21.49,0.48,0,1
15-04-2024 12:00,EDT,CAPITL,61757,20.56,0.5,0,1
15-04-2024 13:00,EDT,CAPITL,61757,17.48,0.57,0,1
15-04-2024 14:00,EDT,CAPITL,61757,17.46,0.59,0,1
15-04-2024 15:00,EDT,CAPITL,61757,18.1,0.65,0,1
15-04-2024 16:00,EDT,CAPITL,61757,20.86,0.8,0,1
15-04-2024 17:00,EDT,CAPITL,61757,24.99,1.05,0,1
15-04-2024 18:00,EDT,CAPITL,61757,29.06,0.96,0,1
15-04-2024 19:00,EDT,CAPITL,61757,34.02,1.34,0,1
15-04-2024 20:00,EDT,CAPITL,61757,36.9,1.49,0,1
15-04-2024 21:00,EDT,CAPITL,61757,30.66,1.06,0,1
15-04-2024 22:00,EDT,CAPITL,61757,25.92,0.8,0,1
15-04-2024 23:00,EDT,CAPITL,61757,21.88,0.58,0,1
16-04-2024 00:00,EDT,CAPITL,61757,21.94,0.45,0,1
16-04-2024 01:00,EDT,CAPITL,61757,19.98,0.41,0,1
16-04-2024 02:00,EDT,CAPITL,61757,19.14,0.39,0,1
16-04-2024 03:00,EDT,CAPITL,61757,19.01,0.39,0,1
16-04-2024 04:00,EDT,CAPITL,61757,20.15,0.42,0,1
16-04-2024 05:00,EDT,CAPITL,61757,23.42,0.55,0,1
16-04-2024 06:00,EDT,CAPITL,61757,31.73,1.04,0,1
16-04-2024 07:00,EDT,CAPITL,61757,33.83,1.14,0,1
16-04-2024 08:00,EDT,CAPITL,61757,29.26,0.63,0,1
16-04-2024 09:00,EDT,CAPITL,61757,23.62,0.37,0,1
16-04-2024 10:00,EDT,CAPITL,61757,21.4,0.36,0,1
16-04-2024 11:00,EDT,CAPITL,61757,19.64,0.37,0,1
16-04-2024 12:00,EDT,CAPITL,61757,17.29,0.4,0,1
16-04-2024 13:00,EDT,CAPITL,61757,15.75,0.43,0,1
16-04-2024 14:00,EDT,CAPITL,61757,15.82,0.45,0,1
16-04-2024 15:00,EDT,CAPITL,61757,16.24,0.46,0,1
16-04-2024 16:00,EDT,CAPITL,61757,19.13,0.58,0,1
16-04-2024 17:00,EDT,CAPITL,61757,26.05,0.64,0,1
16-04-2024 18:00,EDT,CAPITL,61757,30.73,0.84,0,1
16-04-2024 19:00,EDT,CAPITL,61757,37,1.32,0,1
16-04-2024 20:00,EDT,CAPITL,61757,38.29,1.33,0,1
16-04-2024 21:00,EDT,CAPITL,61757,30.38,0.94,0,1
16-04-2024 22:00,EDT,CAPITL,61757,26.29,0.49,0,1
16-04-2024 23:00,EDT,CAPITL,61757,22.29,0.48,0,1
17-04-2024 00:00,EDT,CAPITL,61757,22.31,0.52,0,1
17-04-2024 01:00,EDT,CAPITL,61757,20.46,0.52,0,1
17-04-2024 02:00,EDT,CAPITL,61757,18.97,0.48,0,1
17-04-2024 03:00,EDT,CAPITL,61757,18.63,0.47,0,1
17-04-2024 04:00,EDT,CAPITL,61757,19.86,0.52,0,1
17-04-2024 05:00,EDT,CAPITL,61757,23.54,0.6,0,1
17-04-2024 06:00,EDT,CAPITL,61757,30.65,1.04,0,1
17-04-2024 07:00,EDT,CAPITL,61757,31.57,1.13,0,1
17-04-2024 08:00,EDT,CAPITL,61757,27.86,0.76,0,1
17-04-2024 09:00,EDT,CAPITL,61757,24.2,0.52,0,1
17-04-2024 10:00,EDT,CAPITL,61757,22.14,0.43,0,1
17-04-2024 11:00,EDT,CAPITL,61757,20.22,0.38,0,1
17-04-2024 12:00,EDT,CAPITL,61757,19.87,0.37,0,1
17-04-2024 13:00,EDT,CAPITL,61757,19.52,0.35,0,1
17-04-2024 14:00,EDT,CAPITL,61757,19.78,0.39,0,1
17-04-2024 15:00,EDT,CAPITL,61757,22.63,0.47,0,1
17-04-2024 16:00,EDT,CAPITL,61757,26.01,0.68,0,1
17-04-2024 17:00,EDT,CAPITL,61757,28.85,0.89,0,1
17-04-2024 18:00,EDT,CAPITL,61757,31.68,1.19,0,1
17-04-2024 19:00,EDT,CAPITL,61757,34.09,1.44,0,1
17-04-2024 20:00,EDT,CAPITL,61757,34.18,1.47,0,1
17-04-2024 21:00,EDT,CAPITL,61757,29.66,1.03,0,1
17-04-2024 22:00,EDT,CAPITL,61757,25.6,0.79,0,1
17-04-2024 23:00,EDT,CAPITL,61757,20.98,0.65,0,1
18-04-2024 00:00,EDT,CAPITL,61757,21.7,0.57,0,1
18-04-2024 01:00,EDT,CAPITL,61757,19.83,0.54,0,1
18-04-2024 02:00,EDT,CAPITL,61757,19.47,0.55,0,1
18-04-2024 03:00,EDT,CAPITL,61757,18.56,0.58,0,1
18-04-2024 04:00,EDT,CAPITL,61757,19.17,0.54,0,1
18-04-2024 05:00,EDT,CAPITL,61757,22.09,0.58,0,1
18-04-2024 06:00,EDT,CAPITL,61757,29.64,1.08,0,1
18-04-2024 07:00,EDT,CAPITL,61757,32.38,1.36,0,1
18-04-2024 08:00,EDT,CAPITL,61757,31.07,1.05,0,1
18-04-2024 09:00,EDT,CAPITL,61757,30.72,1.04,0,1
18-04-2024 10:00,EDT,CAPITL,61757,30.47,0.97,0,1
18-04-2024 11:00,EDT,CAPITL,61757,30.54,0.97,0,1
18-04-2024 12:00,EDT,CAPITL,61757,29.94,0.93,0,1
18-04-2024 13:00,EDT,CAPITL,61757,29.69,0.89,0,1
18-04-2024 14:00,EDT,CAPITL,61757,28.76,0.87,0,1
18-04-2024 15:00,EDT,CAPITL,61757,27.87,0.84,0,1
18-04-2024 16:00,EDT,CAPITL,61757,30,0.96,0,1
18-04-2024 17:00,EDT,CAPITL,61757,31.73,1.28,0,1
18-04-2024 18:00,EDT,CAPITL,61757,33.93,1.46,0,1
18-04-2024 19:00,EDT,CAPITL,61757,36.98,1.52,0,1
18-04-2024 20:00,EDT,CAPITL,61757,38.02,1.5,0,1
18-04-2024 21:00,EDT,CAPITL,61757,31.43,1.21,0,1
18-04-2024 22:00,EDT,CAPITL,61757,26.71,0.73,0,1
18-04-2024 23:00,EDT,CAPITL,61757,22.68,0.55,0,1
19-04-2024 00:00,EDT,CAPITL,61757,21.95,0.54,0,1
19-04-2024 01:00,EDT,CAPITL,61757,20.4,0.59,0,1
19-04-2024 02:00,EDT,CAPITL,61757,19.36,0.53,0,1
19-04-2024 03:00,EDT,CAPITL,61757,18.98,0.52,0,1
19-04-2024 04:00,EDT,CAPITL,61757,19.57,0.51,0,1
19-04-2024 05:00,EDT,CAPITL,61757,22.71,0.6,0,1
19-04-2024 06:00,EDT,CAPITL,61757,30.93,1.07,0,1
19-04-2024 07:00,EDT,CAPITL,61757,31.35,1.21,0,1
19-04-2024 08:00,EDT,CAPITL,61757,31.35,1.21,0,1
19-04-2024 09:00,EDT,CAPITL,61757,29.05,0.82,0,1
19-04-2024 10:00,EDT,CAPITL,61757,26.29,0.59,0,1
19-04-2024 11:00,EDT,CAPITL,61757,24.53,0.51,0,1
19-04-2024 12:00,EDT,CAPITL,61757,24.34,0.55,0,1
19-04-2024 13:00,EDT,CAPITL,61757,23.38,0.5,0,1
19-04-2024 14:00,EDT,CAPITL,61757,22.77,0.6,0,1
19-04-2024 15:00,EDT,CAPITL,61757,24.99,0.75,0,1
19-04-2024 16:00,EDT,CAPITL,61757,26.41,0.84,0,1
19-04-2024 17:00,EDT,CAPITL,61757,29.32,1.07,0,1
19-04-2024 18:00,EDT,CAPITL,61757,31.31,1.21,0,1
19-04-2024 19:00,EDT,CAPITL,61757,31.79,1.31,0,1
19-04-2024 20:00,EDT,CAPITL,61757,32.24,1.24,0,1
19-04-2024 21:00,EDT,CAPITL,61757,29.12,0.93,0,1
19-04-2024 22:00,EDT,CAPITL,61757,24.83,0.72,0,1
19-04-2024 23:00,EDT,CAPITL,61757,21.48,0.63,0,1
20-04-2024 00:00,EDT,CAPITL,61757,21.89,0.76,0,1
20-04-2024 01:00,EDT,CAPITL,61757,20.18,0.72,0,1
20-04-2024 02:00,EDT,CAPITL,61757,19.01,0.61,0,1
20-04-2024 03:00,EDT,CAPITL,61757,18.67,0.61,0,1
20-04-2024 04:00,EDT,CAPITL,61757,19.19,0.65,0,1
20-04-2024 05:00,EDT,CAPITL,61757,20.42,0.71,0,1
20-04-2024 06:00,EDT,CAPITL,61757,24.12,0.86,0,1
20-04-2024 07:00,EDT,CAPITL,61757,26.41,0.89,0,1
20-04-2024 08:00,EDT,CAPITL,61757,26.93,1.04,0,1
20-04-2024 09:00,EDT,CAPITL,61757,25.72,0.96,0,1
20-04-2024 10:00,EDT,CAPITL,61757,23.06,0.84,0,1
20-04-2024 11:00,EDT,CAPITL,61757,21.13,0.73,0,1
20-04-2024 12:00,EDT,CAPITL,61757,19.55,0.64,0,1
20-04-2024 13:00,EDT,CAPITL,61757,18.36,0.55,0,1
20-04-2024 14:00,EDT,CAPITL,61757,18.06,0.53,0,1
20-04-2024 15:00,EDT,CAPITL,61757,18,0.57,0,1
20-04-2024 16:00,EDT,CAPITL,61757,19.61,0.65,0,1
20-04-2024 17:00,EDT,CAPITL,61757,23.23,0.87,0,1
20-04-2024 18:00,EDT,CAPITL,61757,27.76,1.04,0,1
20-04-2024 19:00,EDT,CAPITL,61757,31.81,1.28,0,1
20-04-2024 20:00,EDT,CAPITL,61757,32.44,1.25,0,1
20-04-2024 21:00,EDT,CAPITL,61757,29.39,1.13,0,1
20-04-2024 22:00,EDT,CAPITL,61757,24.81,0.93,0,1
20-04-2024 23:00,EDT,CAPITL,61757,22.03,0.81,0,1
21-04-2024 00:00,EDT,CAPITL,61757,26.34,0.67,0,1
21-04-2024 01:00,EDT,CAPITL,61757,23.72,0.55,0,1
21-04-2024 02:00,EDT,CAPITL,61757,22.08,0.5,0,1
21-04-2024 03:00,EDT,CAPITL,61757,21.86,0.49,0,1
21-04-2024 04:00,EDT,CAPITL,61757,22.71,0.53,0,1
21-04-2024 05:00,EDT,CAPITL,61757,24.14,0.54,0,1
21-04-2024 06:00,EDT,CAPITL,61757,28.46,0.61,0,1
21-04-2024 07:00,EDT,CAPITL,61757,23.9,0.44,0,1
21-04-2024 08:00,EDT,CAPITL,61757,22.29,0.39,0,1
21-04-2024 09:00,EDT,CAPITL,61757,18.87,0.37,0,1
21-04-2024 10:00,EDT,CAPITL,61757,17.33,0.37,0,1
21-04-2024 11:00,EDT,CAPITL,61757,17.27,0.42,0,1
21-04-2024 12:00,EDT,CAPITL,61757,17.38,0.42,0,1
21-04-2024 13:00,EDT,CAPITL,61757,17.07,0.4,0,1
21-04-2024 14:00,EDT,CAPITL,61757,16.31,0.38,0,1
21-04-2024 15:00,EDT,CAPITL,61757,16.15,0.39,0,1
21-04-2024 16:00,EDT,CAPITL,61757,18.36,0.48,0,1
21-04-2024 17:00,EDT,CAPITL,61757,21.85,0.62,0,1
21-04-2024 18:00,EDT,CAPITL,61757,28.27,0.96,0,1
21-04-2024 19:00,EDT,CAPITL,61757,33.05,1.27,0,1
21-04-2024 20:00,EDT,CAPITL,61757,36.11,1.35,0,1
21-04-2024 21:00,EDT,CAPITL,61757,29.86,1.04,0,1
21-04-2024 22:00,EDT,CAPITL,61757,25.33,0.71,0,1
21-04-2024 23:00,EDT,CAPITL,61757,22.94,0.58,0,1
22-04-2024 00:00,EDT,CAPITL,61757,24.42,0.5,0,1
22-04-2024 01:00,EDT,CAPITL,61757,22.01,0.47,0,1
22-04-2024 02:00,EDT,CAPITL,61757,21.71,0.4,0,1
22-04-2024 03:00,EDT,CAPITL,61757,21.7,0.38,0,1
22-04-2024 04:00,EDT,CAPITL,61757,23.3,0.48,0,1
22-04-2024 05:00,EDT,CAPITL,61757,27.53,0.64,0,1
22-04-2024 06:00,EDT,CAPITL,61757,36.27,1.26,0,1
22-04-2024 07:00,EDT,CAPITL,61757,37.92,1.1,0,1
22-04-2024 08:00,EDT,CAPITL,61757,31.22,0.88,0,1
22-04-2024 09:00,EDT,CAPITL,61757,26.81,0.37,0,1
22-04-2024 10:00,EDT,CAPITL,61757,22.15,0.26,0,1
22-04-2024 11:00,EDT,CAPITL,61757,20.14,0.26,0,1
22-04-2024 12:00,EDT,CAPITL,61757,20,0.26,0,1
22-04-2024 13:00,EDT,CAPITL,61757,19.73,0.22,0,1
22-04-2024 14:00,EDT,CAPITL,61757,19.31,0.23,0,1
22-04-2024 15:00,EDT,CAPITL,61757,19.74,0.29,0,1
22-04-2024 16:00,EDT,CAPITL,61757,22.24,0.37,0,1
22-04-2024 17:00,EDT,CAPITL,61757,26.27,0.54,0,1
22-04-2024 18:00,EDT,CAPITL,61757,31.27,1.14,0,1
22-04-2024 19:00,EDT,CAPITL,61757,39.07,1.43,0,1
22-04-2024 20:00,EDT,CAPITL,61757,45.75,1.59,0,1
22-04-2024 21:00,EDT,CAPITL,61757,31.51,1.09,0,1
22-04-2024 22:00,EDT,CAPITL,61757,28.05,0.71,0,1
22-04-2024 23:00,EDT,CAPITL,61757,25.98,0.58,0,1
23-04-2024 00:00,EDT,CAPITL,61757,22.82,0.56,0,1
23-04-2024 01:00,EDT,CAPITL,61757,20.99,0.59,0,1
23-04-2024 02:00,EDT,CAPITL,61757,20.07,0.53,0,1
23-04-2024 03:00,EDT,CAPITL,61757,19.92,0.56,0,1
23-04-2024 04:00,EDT,CAPITL,61757,20.92,0.59,0,1
23-04-2024 05:00,EDT,CAPITL,61757,25.08,0.71,0,1
23-04-2024 06:00,EDT,CAPITL,61757,31.82,1.23,0,1
23-04-2024 07:00,EDT,CAPITL,61757,34.88,1.28,0,1
23-04-2024 08:00,EDT,CAPITL,61757,28.52,0.8,0,1
23-04-2024 09:00,EDT,CAPITL,61757,22.68,0.49,0,1
23-04-2024 10:00,EDT,CAPITL,61757,20.59,0.42,0,1
23-04-2024 11:00,EDT,CAPITL,61757,19.18,0.41,0,1
23-04-2024 12:00,EDT,CAPITL,61757,19.12,0.43,0,1
23-04-2024 13:00,EDT,CAPITL,61757,18.42,0.38,0,1
23-04-2024 14:00,EDT,CAPITL,61757,18.62,0.44,0,1
23-04-2024 15:00,EDT,CAPITL,61757,19.94,0.47,0,1
23-04-2024 16:00,EDT,CAPITL,61757,21.66,0.51,0,1
23-04-2024 17:00,EDT,CAPITL,61757,25.16,0.61,0,1
23-04-2024 18:00,EDT,CAPITL,61757,29.24,0.91,0,1
23-04-2024 19:00,EDT,CAPITL,61757,33.39,1.29,0,1
23-04-2024 20:00,EDT,CAPITL,61757,38.12,1.47,0,1
23-04-2024 21:00,EDT,CAPITL,61757,30.12,1.1,0,1
23-04-2024 22:00,EDT,CAPITL,61757,25.73,0.65,0,1
23-04-2024 23:00,EDT,CAPITL,61757,22.54,0.53,0,1
24-04-2024 00:00,EDT,CAPITL,61757,20.83,0.66,0,1
24-04-2024 01:00,EDT,CAPITL,61757,19.67,0.63,0,1
24-04-2024 02:00,EDT,CAPITL,61757,17.93,0.57,0,1
24-04-2024 03:00,EDT,CAPITL,61757,18.78,0.63,0,1
24-04-2024 04:00,EDT,CAPITL,61757,20.46,0.52,0,1
24-04-2024 05:00,EDT,CAPITL,61757,22.37,0.52,0,1
24-04-2024 06:00,EDT,CAPITL,61757,28.96,0.84,0,1
24-04-2024 07:00,EDT,CAPITL,61757,30.43,0.97,0,1
24-04-2024 08:00,EDT,CAPITL,61757,29.68,0.92,0,1
24-04-2024 09:00,EDT,CAPITL,61757,28.96,0.71,0,1
24-04-2024 10:00,EDT,CAPITL,61757,27.54,0.67,0,1
24-04-2024 11:00,EDT,CAPITL,61757,26.15,0.61,0,1
24-04-2024 12:00,EDT,CAPITL,61757,25.26,0.57,0,1
24-04-2024 13:00,EDT,CAPITL,61757,24.37,0.5,0,1
24-04-2024 14:00,EDT,CAPITL,61757,23.06,0.48,0,1
24-04-2024 15:00,EDT,CAPITL,61757,23.13,0.56,0,1
24-04-2024 16:00,EDT,CAPITL,61757,23.77,0.51,0,1
24-04-2024 17:00,EDT,CAPITL,61757,27.03,0.66,0,1
24-04-2024 18:00,EDT,CAPITL,61757,29.47,0.8,0,1
24-04-2024 19:00,EDT,CAPITL,61757,33.7,1.14,0,1
24-04-2024 20:00,EDT,CAPITL,61757,37.78,1.24,0,1
24-04-2024 21:00,EDT,CAPITL,61757,32.59,1.04,0,1
24-04-2024 22:00,EDT,CAPITL,61757,26.69,0.62,0,1
24-04-2024 23:00,EDT,CAPITL,61757,24.28,0.48,0,1
25-04-2024 00:00,EDT,CAPITL,61757,21.73,0.36,0,1
25-04-2024 01:00,EDT,CAPITL,61757,20.42,0.38,0,1
25-04-2024 02:00,EDT,CAPITL,61757,19.64,0.37,0,1
25-04-2024 03:00,EDT,CAPITL,61757,19.78,0.37,0,1
25-04-2024 04:00,EDT,CAPITL,61757,21.32,0.36,0,1
25-04-2024 05:00,EDT,CAPITL,61757,24.53,0.51,0,1
25-04-2024 06:00,EDT,CAPITL,61757,36.92,1.11,0,1
25-04-2024 07:00,EDT,CAPITL,61757,37.68,0.85,0,1
25-04-2024 08:00,EDT,CAPITL,61757,31.92,0.66,0,1
25-04-2024 09:00,EDT,CAPITL,61757,26.07,0.13,0,1
25-04-2024 10:00,EDT,CAPITL,61757,23.09,0.07,0,1
25-04-2024 11:00,EDT,CAPITL,61757,21.04,0.13,0,1
25-04-2024 12:00,EDT,CAPITL,61757,20.33,0.16,0,1
25-04-2024 13:00,EDT,CAPITL,61757,19.93,0.14,0,1
25-04-2024 14:00,EDT,CAPITL,61757,19.65,0.16,0,1
25-04-2024 15:00,EDT,CAPITL,61757,19.34,0.17,0,1
25-04-2024 16:00,EDT,CAPITL,61757,20.81,0.27,0,1
25-04-2024 17:00,EDT,CAPITL,61757,25.35,0.47,0,1
25-04-2024 18:00,EDT,CAPITL,61757,29.59,0.75,0,1
25-04-2024 19:00,EDT,CAPITL,61757,35.14,1.02,0,1
25-04-2024 20:00,EDT,CAPITL,61757,36.48,0.96,0,1
25-04-2024 21:00,EDT,CAPITL,61757,32.66,0.8,0,1
25-04-2024 22:00,EDT,CAPITL,61757,27.44,0.41,0,1
25-04-2024 23:00,EDT,CAPITL,61757,23.74,0.28,0,1
26-04-2024 00:00,EDT,CAPITL,61757,23.12,0.5,0,1
26-04-2024 01:00,EDT,CAPITL,61757,21.38,0.52,0,1
26-04-2024 02:00,EDT,CAPITL,61757,20.56,0.46,0,1
26-04-2024 03:00,EDT,CAPITL,61757,20.47,0.46,0,1
26-04-2024 04:00,EDT,CAPITL,61757,21.48,0.5,0,1
26-04-2024 05:00,EDT,CAPITL,61757,25.29,0.57,0,1
26-04-2024 06:00,EDT,CAPITL,61757,33.56,1.1,0,1
26-04-2024 07:00,EDT,CAPITL,61757,32.94,0.9,0,1
26-04-2024 08:00,EDT,CAPITL,61757,27.23,0.43,0,1
26-04-2024 09:00,EDT,CAPITL,61757,21.73,0.24,0,1
26-04-2024 10:00,EDT,CAPITL,61757,19.93,0.18,0,1
26-04-2024 11:00,EDT,CAPITL,61757,19.5,0.19,0,1
26-04-2024 12:00,EDT,CAPITL,61757,19.58,0.19,0,1
26-04-2024 13:00,EDT,CAPITL,61757,19.23,0.13,0,1
26-04-2024 14:00,EDT,CAPITL,61757,19.17,0.19,0,1
26-04-2024 15:00,EDT,CAPITL,61757,19.02,0.23,0,1
26-04-2024 16:00,EDT,CAPITL,61757,19.91,0.27,0,1
26-04-2024 17:00,EDT,CAPITL,61757,23.22,0.46,0,1
26-04-2024 18:00,EDT,CAPITL,61757,26.9,0.66,0,1
26-04-2024 19:00,EDT,CAPITL,61757,32.5,1.16,0,1
26-04-2024 20:00,EDT,CAPITL,61757,31.8,1.19,0,1
26-04-2024 21:00,EDT,CAPITL,61757,29.43,0.89,0,1
26-04-2024 22:00,EDT,CAPITL,61757,23.03,0.67,0,1
26-04-2024 23:00,EDT,CAPITL,61757,20.9,0.57,0,1
27-04-2024 00:00,EDT,CAPITL,61757,20.83,0.59,0,1
27-04-2024 01:00,EDT,CAPITL,61757,19.48,0.6,0,1
27-04-2024 02:00,EDT,CAPITL,61757,18.83,0.58,0,1
27-04-2024 03:00,EDT,CAPITL,61757,18.47,0.56,0,1
27-04-2024 04:00,EDT,CAPITL,61757,18.74,0.58,0,1
27-04-2024 05:00,EDT,CAPITL,61757,20.53,0.62,0,1
27-04-2024 06:00,EDT,CAPITL,61757,20.33,0.61,0,1
27-04-2024 07:00,EDT,CAPITL,61757,21.91,0.51,0,1
27-04-2024 08:00,EDT,CAPITL,61757,19.6,0.44,0,1
27-04-2024 09:00,EDT,CAPITL,61757,18,0.33,0,1
27-04-2024 10:00,EDT,CAPITL,61757,18.26,0.36,0,1
27-04-2024 11:00,EDT,CAPITL,61757,17.09,0.32,0,1
27-04-2024 12:00,EDT,CAPITL,61757,16.48,0.31,0,1
27-04-2024 13:00,EDT,CAPITL,61757,15.89,0.25,0,1
27-04-2024 14:00,EDT,CAPITL,61757,16.46,0.32,0,1
27-04-2024 15:00,EDT,CAPITL,61757,17.38,0.36,0,1
27-04-2024 16:00,EDT,CAPITL,61757,18.68,0.38,0,1
27-04-2024 17:00,EDT,CAPITL,61757,21.61,0.55,0,1
27-04-2024 18:00,EDT,CAPITL,61757,24.25,0.68,0,1
27-04-2024 19:00,EDT,CAPITL,61757,26.32,0.82,0,1
27-04-2024 20:00,EDT,CAPITL,61757,28.81,0.89,0,1
27-04-2024 21:00,EDT,CAPITL,61757,25.05,0.75,0,1
27-04-2024 22:00,EDT,CAPITL,61757,21.76,0.63,0,1
27-04-2024 23:00,EDT,CAPITL,61757,19.3,0.56,0,1
28-04-2024 00:00,EDT,CAPITL,61757,18.83,0.67,0,1
28-04-2024 01:00,EDT,CAPITL,61757,17.63,0.66,0,1
28-04-2024 02:00,EDT,CAPITL,61757,17,0.65,0,1
28-04-2024 03:00,EDT,CAPITL,61757,16.6,0.62,0,1
28-04-2024 04:00,EDT,CAPITL,61757,16.85,0.57,0,1
28-04-2024 05:00,EDT,CAPITL,61757,17.85,0.57,0,1
28-04-2024 06:00,EDT,CAPITL,61757,18.74,0.6,0,1
28-04-2024 07:00,EDT,CAPITL,61757,19.08,0.54,0,1
28-04-2024 08:00,EDT,CAPITL,61757,19.29,0.56,0,1
28-04-2024 09:00,EDT,CAPITL,61757,18.07,0.53,0,1
28-04-2024 10:00,EDT,CAPITL,61757,17.79,0.5,0,1
28-04-2024 11:00,EDT,CAPITL,61757,17.74,0.5,0,1
28-04-2024 12:00,EDT,CAPITL,61757,17.26,0.45,0,1
28-04-2024 13:00,EDT,CAPITL,61757,17,0.38,0,1
28-04-2024 14:00,EDT,CAPITL,61757,17.11,0.4,0,1
28-04-2024 15:00,EDT,CAPITL,61757,18.37,0.45,0,1
28-04-2024 16:00,EDT,CAPITL,61757,19.96,0.56,0,1
28-04-2024 17:00,EDT,CAPITL,61757,22.15,0.62,0,1
28-04-2024 18:00,EDT,CAPITL,61757,26.66,0.78,0,1
28-04-2024 19:00,EDT,CAPITL,61757,29.73,0.95,0,1
28-04-2024 20:00,EDT,CAPITL,61757,31.2,0.97,0,1
28-04-2024 21:00,EDT,CAPITL,61757,28.29,0.77,0,1
28-04-2024 22:00,EDT,CAPITL,61757,21.47,0.58,0,1
28-04-2024 23:00,EDT,CAPITL,61757,19.04,0.46,0,1
29-04-2024 00:00,EDT,CAPITL,61757,19.76,0.59,0,1
29-04-2024 01:00,EDT,CAPITL,61757,18.37,0.6,0,1
29-04-2024 02:00,EDT,CAPITL,61757,17.67,0.55,0,1
29-04-2024 03:00,EDT,CAPITL,61757,17.56,0.48,0,1
29-04-2024 04:00,EDT,CAPITL,61757,17.95,0.45,0,1
29-04-2024 05:00,EDT,CAPITL,61757,20.46,0.54,0,1
29-04-2024 06:00,EDT,CAPITL,61757,24.45,0.69,0,1
29-04-2024 07:00,EDT,CAPITL,61757,26.23,0.84,0,1
29-04-2024 08:00,EDT,CAPITL,61757,25.19,0.8,0,1
29-04-2024 09:00,EDT,CAPITL,61757,23.42,0.64,0,1
29-04-2024 10:00,EDT,CAPITL,61757,22.99,0.6,0,1
29-04-2024 11:00,EDT,CAPITL,61757,23.3,0.61,0,1
29-04-2024 12:00,EDT,CAPITL,61757,23.45,0.62,0,1
29-04-2024 13:00,EDT,CAPITL,61757,23.52,0.62,0,1
29-04-2024 14:00,EDT,CAPITL,61757,23.39,0.62,0,1
29-04-2024 15:00,EDT,CAPITL,61757,23.88,0.65,0,1
29-04-2024 16:00,EDT,CAPITL,61757,24.07,0.7,0,1
29-04-2024 17:00,EDT,CAPITL,61757,29.86,1.09,0,1
29-04-2024 18:00,EDT,CAPITL,61757,34.66,1.46,0,1
29-04-2024 19:00,EDT,CAPITL,61757,36.82,1.62,0,1
29-04-2024 20:00,EDT,CAPITL,61757,34.29,1.41,0,1
29-04-2024 21:00,EDT,CAPITL,61757,29.91,1.15,0,1
29-04-2024 22:00,EDT,CAPITL,61757,23.41,0.81,0,1
29-04-2024 23:00,EDT,CAPITL,61757,20.19,0.61,0,1
30-04-2024 00:00,EDT,CAPITL,61757,20.4,0.79,0,1
30-04-2024 01:00,EDT,CAPITL,61757,18.68,0.79,0,1
30-04-2024 02:00,EDT,CAPITL,61757,17.51,0.72,0,1
30-04-2024 03:00,EDT,CAPITL,61757,17.37,0.73,0,1
30-04-2024 04:00,EDT,CAPITL,61757,17.51,0.72,0,1
30-04-2024 05:00,EDT,CAPITL,61757,19.33,0.76,0,1
30-04-2024 06:00,EDT,CAPITL,61757,25.92,1.14,0,1
30-04-2024 07:00,EDT,CAPITL,61757,26.83,1.01,0,1
30-04-2024 08:00,EDT,CAPITL,61757,27.53,1.06,0,1
30-04-2024 09:00,EDT,CAPITL,61757,27.87,0.99,0,1
30-04-2024 10:00,EDT,CAPITL,61757,26.72,0.88,0,1
30-04-2024 11:00,EDT,CAPITL,61757,25.83,0.92,0,1
30-04-2024 12:00,EDT,CAPITL,61757,25.11,0.85,0,1
30-04-2024 13:00,EDT,CAPITL,61757,24.88,0.84,0,1
30-04-2024 14:00,EDT,CAPITL,61757,25.27,0.81,0,1
30-04-2024 15:00,EDT,CAPITL,61757,25.4,0.88,0,1
30-04-2024 16:00,EDT,CAPITL,61757,26.55,0.92,0,1
30-04-2024 17:00,EDT,CAPITL,61757,29.91,1.15,0,1
30-04-2024 18:00,EDT,CAPITL,61757,31.85,1.34,0,1
30-04-2024 19:00,EDT,CAPITL,61757,32.44,1.34,0,1
30-04-2024 20:00,EDT,CAPITL,61757,35.58,1.4,0,1
30-04-2024 21:00,EDT,CAPITL,61757,29.58,1.08,0,1
30-04-2024 22:00,EDT,CAPITL,61757,24.6,0.88,0,1
30-04-2024 23:00,EDT,CAPITL,61757,21.86,0.72,0,1
01-05-2024 00:00,EDT,CAPITL,61757,20.54,0.66,0,1
01-05-2024 01:00,EDT,CAPITL,61757,19.02,0.71,0,1
01-05-2024 02:00,EDT,CAPITL,61757,17.96,0.67,0,1
01-05-2024 03:00,EDT,CAPITL,61757,17.68,0.66,0,1
01-05-2024 04:00,EDT,CAPITL,61757,17.52,0.63,0,1
01-05-2024 05:00,EDT,CAPITL,61757,19.13,0.59,0,1
01-05-2024 06:00,EDT,CAPITL,61757,24.43,0.89,0,1
01-05-2024 07:00,EDT,CAPITL,61757,27.35,0.92,0,1
01-05-2024 08:00,EDT,CAPITL,61757,25.73,0.92,0,1
01-05-2024 09:00,EDT,CAPITL,61757,25.44,0.79,0,1
01-05-2024 10:00,EDT,CAPITL,61757,24.99,0.73,0,1
01-05-2024 11:00,EDT,CAPITL,61757,24,0.7,0,1
01-05-2024 12:00,EDT,CAPITL,61757,23.98,0.7,0,1
01-05-2024 13:00,EDT,CAPITL,61757,23.84,0.67,0,1
01-05-2024 14:00,EDT,CAPITL,61757,22.77,0.69,0,1
01-05-2024 15:00,EDT,CAPITL,61757,23.65,0.75,0,1
01-05-2024 16:00,EDT,CAPITL,61757,25.25,0.81,0,1
01-05-2024 17:00,EDT,CAPITL,61757,28.06,1,0,1
01-05-2024 18:00,EDT,CAPITL,61757,30.53,1.14,0,1
01-05-2024 19:00,EDT,CAPITL,61757,33.27,1.28,0,1
01-05-2024 20:00,EDT,CAPITL,61757,34.83,1.31,0,1
01-05-2024 21:00,EDT,CAPITL,61757,29,1.09,0,1
01-05-2024 22:00,EDT,CAPITL,61757,23.88,0.83,0,1
01-05-2024 23:00,EDT,CAPITL,61757,21.16,0.79,0,1
02-05-2024 00:00,EDT,CAPITL,61757,20.77,0.87,0,1
02-05-2024 01:00,EDT,CAPITL,61757,18.99,0.85,0,1
02-05-2024 02:00,EDT,CAPITL,61757,17.6,0.76,0,1
02-05-2024 03:00,EDT,CAPITL,61757,16.6,0.68,0,1
02-05-2024 04:00,EDT,CAPITL,61757,17.26,0.68,0,1
02-05-2024 05:00,EDT,CAPITL,61757,19.48,0.71,0,1
02-05-2024 06:00,EDT,CAPITL,61757,24.39,0.94,0,1
02-05-2024 07:00,EDT,CAPITL,61757,28.47,1.1,0,1
02-05-2024 08:00,EDT,CAPITL,61757,25.79,1.06,0,1
02-05-2024 09:00,EDT,CAPITL,61757,24.14,0.91,0,1
02-05-2024 10:00,EDT,CAPITL,61757,22.58,0.81,0,1
02-05-2024 11:00,EDT,CAPITL,61757,22.21,0.77,0,1
02-05-2024 12:00,EDT,CAPITL,61757,21.13,0.67,0,1
02-05-2024 13:00,EDT,CAPITL,61757,21.45,0.68,0,1
02-05-2024 14:00,EDT,CAPITL,61757,22.08,0.73,0,1
02-05-2024 15:00,EDT,CAPITL,61757,22.98,0.69,0,1
02-05-2024 16:00,EDT,CAPITL,61757,24.91,0.77,0,1
02-05-2024 17:00,EDT,CAPITL,61757,28.46,0.99,0,1
02-05-2024 18:00,EDT,CAPITL,61757,31.17,1.11,0,1
02-05-2024 19:00,EDT,CAPITL,61757,34.06,1.28,0,1
02-05-2024 20:00,EDT,CAPITL,61757,36,1.35,0,1
02-05-2024 21:00,EDT,CAPITL,61757,29.94,1.1,0,1
02-05-2024 22:00,EDT,CAPITL,61757,24.99,0.8,0,1
02-05-2024 23:00,EDT,CAPITL,61757,21.83,0.8,0,1
03-05-2024 00:00,EDT,CAPITL,61757,20.67,0.68,0,1
03-05-2024 01:00,EDT,CAPITL,61757,19.19,0.81,0,1
03-05-2024 02:00,EDT,CAPITL,61757,17.71,0.68,0,1
03-05-2024 03:00,EDT,CAPITL,61757,16.97,0.64,0,1
03-05-2024 04:00,EDT,CAPITL,61757,17.43,0.62,0,1
03-05-2024 05:00,EDT,CAPITL,61757,19.36,0.62,0,1
03-05-2024 06:00,EDT,CAPITL,61757,24.1,0.84,0,1
03-05-2024 07:00,EDT,CAPITL,61757,26.12,0.88,0,1
03-05-2024 08:00,EDT,CAPITL,61757,24.94,0.82,0,1
03-05-2024 09:00,EDT,CAPITL,61757,20.96,0.61,0,1
03-05-2024 10:00,EDT,CAPITL,61757,20.57,0.56,0,1
03-05-2024 11:00,EDT,CAPITL,61757,20.58,0.56,0,1
03-05-2024 12:00,EDT,CAPITL,61757,20.63,0.54,0,1
03-05-2024 13:00,EDT,CAPITL,61757,20.26,0.47,0,1
03-05-2024 14:00,EDT,CAPITL,61757,20.11,0.45,0,1
03-05-2024 15:00,EDT,CAPITL,61757,20.54,0.56,0,1
03-05-2024 16:00,EDT,CAPITL,61757,23,0.71,0,1
03-05-2024 17:00,EDT,CAPITL,61757,25.63,0.92,0,1
03-05-2024 18:00,EDT,CAPITL,61757,27.53,1.08,0,1
03-05-2024 19:00,EDT,CAPITL,61757,29.57,1.19,0,1
03-05-2024 20:00,EDT,CAPITL,61757,29.83,1.23,0,1
03-05-2024 21:00,EDT,CAPITL,61757,25.75,1.04,0,1
03-05-2024 22:00,EDT,CAPITL,61757,23.06,0.91,0,1
03-05-2024 23:00,EDT,CAPITL,61757,20.45,0.65,0,1
04-05-2024 00:00,EDT,CAPITL,61757,19.62,0.72,0,1
04-05-2024 01:00,EDT,CAPITL,61757,18.16,0.73,0,1
04-05-2024 02:00,EDT,CAPITL,61757,17.19,0.66,0,1
04-05-2024 03:00,EDT,CAPITL,61757,16.78,0.66,0,1
04-05-2024 04:00,EDT,CAPITL,61757,17.01,0.65,0,1
04-05-2024 05:00,EDT,CAPITL,61757,17.96,0.72,0,1
04-05-2024 06:00,EDT,CAPITL,61757,20.31,0.73,0,1
04-05-2024 07:00,EDT,CAPITL,61757,21.62,0.69,0,1
04-05-2024 08:00,EDT,CAPITL,61757,20.91,0.69,0,1
04-05-2024 09:00,EDT,CAPITL,61757,19.89,0.62,0,1
04-05-2024 10:00,EDT,CAPITL,61757,18.81,0.55,0,1
04-05-2024 11:00,EDT,CAPITL,61757,17.76,0.52,0,1
04-05-2024 12:00,EDT,CAPITL,61757,17.5,0.51,0,1
04-05-2024 13:00,EDT,CAPITL,61757,16.79,0.51,0,1
04-05-2024 14:00,EDT,CAPITL,61757,16.66,0.52,0,1
04-05-2024 15:00,EDT,CAPITL,61757,17.87,0.57,0,1
04-05-2024 16:00,EDT,CAPITL,61757,20.24,0.68,0,1
04-05-2024 17:00,EDT,CAPITL,61757,22.12,0.83,0,1
04-05-2024 18:00,EDT,CAPITL,61757,24.49,0.99,0,1
04-05-2024 19:00,EDT,CAPITL,61757,26.03,1.12,0,1
04-05-2024 20:00,EDT,CAPITL,61757,28.32,1.25,0,1
04-05-2024 21:00,EDT,CAPITL,61757,24.87,1.12,0,1
04-05-2024 22:00,EDT,CAPITL,61757,20.37,0.9,0,1
04-05-2024 23:00,EDT,CAPITL,61757,18.51,0.86,0,1
05-05-2024 00:00,EDT,CAPITL,61757,19.47,0.89,0,1
05-05-2024 01:00,EDT,CAPITL,61757,17.29,0.82,0,1
05-05-2024 02:00,EDT,CAPITL,61757,16.35,0.76,0,1
05-05-2024 03:00,EDT,CAPITL,61757,15.89,0.74,0,1
05-05-2024 04:00,EDT,CAPITL,61757,16.11,0.75,0,1
05-05-2024 05:00,EDT,CAPITL,61757,17.19,0.79,0,1
05-05-2024 06:00,EDT,CAPITL,61757,18.08,0.73,0,1
05-05-2024 07:00,EDT,CAPITL,61757,17.9,0.71,0,1
05-05-2024 08:00,EDT,CAPITL,61757,18.73,0.77,0,1
05-05-2024 09:00,EDT,CAPITL,61757,20.03,0.86,0,1
05-05-2024 10:00,EDT,CAPITL,61757,21.91,0.92,0,1
05-05-2024 11:00,EDT,CAPITL,61757,22.22,0.94,0,1
05-05-2024 12:00,EDT,CAPITL,61757,23.01,0.91,0,1
05-05-2024 13:00,EDT,CAPITL,61757,22.62,0.87,0,1
05-05-2024 14:00,EDT,CAPITL,61757,22.2,0.83,0,1
05-05-2024 15:00,EDT,CAPITL,61757,22.52,0.91,0,1
05-05-2024 16:00,EDT,CAPITL,61757,22.08,0.87,0,1
05-05-2024 17:00,EDT,CAPITL,61757,27.15,1.19,0,1
05-05-2024 18:00,EDT,CAPITL,61757,28.8,1.24,0,1
05-05-2024 19:00,EDT,CAPITL,61757,31.28,1.32,0,1
05-05-2024 20:00,EDT,CAPITL,61757,32.19,1.33,0,1
05-05-2024 21:00,EDT,CAPITL,61757,27.82,1.12,0,1
05-05-2024 22:00,EDT,CAPITL,61757,22.51,0.84,0,1
05-05-2024 23:00,EDT,CAPITL,61757,19.99,0.79,0,1
06-05-2024 00:00,EDT,CAPITL,61757,19.42,0.78,0,1
06-05-2024 01:00,EDT,CAPITL,61757,18.76,0.83,0,1
06-05-2024 02:00,EDT,CAPITL,61757,17.28,0.7,0,1
06-05-2024 03:00,EDT,CAPITL,61757,17.09,0.67,0,1
06-05-2024 04:00,EDT,CAPITL,61757,17.97,0.67,0,1
06-05-2024 05:00,EDT,CAPITL,61757,20.52,0.67,0,1
06-05-2024 06:00,EDT,CAPITL,61757,24.47,0.94,0,1
06-05-2024 07:00,EDT,CAPITL,61757,28.98,1.01,0,1
06-05-2024 08:00,EDT,CAPITL,61757,29.05,1.06,0,1
06-05-2024 09:00,EDT,CAPITL,61757,26.43,0.94,0,1
06-05-2024 10:00,EDT,CAPITL,61757,25.61,0.89,0,1
06-05-2024 11:00,EDT,CAPITL,61757,24.65,0.86,0,1
06-05-2024 12:00,EDT,CAPITL,61757,23.97,0.88,0,1
06-05-2024 13:00,EDT,CAPITL,61757,23.88,0.81,0,1
06-05-2024 14:00,EDT,CAPITL,61757,23.86,0.83,0,1
06-05-2024 15:00,EDT,CAPITL,61757,23.43,0.77,0,1
06-05-2024 16:00,EDT,CAPITL,61757,25.16,0.94,0,1
06-05-2024 17:00,EDT,CAPITL,61757,29.4,1.21,0,1
06-05-2024 18:00,EDT,CAPITL,61757,31.78,1.25,0,1
06-05-2024 19:00,EDT,CAPITL,61757,35.06,1.41,0,1
06-05-2024 20:00,EDT,CAPITL,61757,35.83,1.51,0,1
06-05-2024 21:00,EDT,CAPITL,61757,30.08,1.21,0,1
06-05-2024 22:00,EDT,CAPITL,61757,24.4,0.87,0,1
06-05-2024 23:00,EDT,CAPITL,61757,20.89,0.69,0,1
07-05-2024 00:00,EDT,CAPITL,61757,21.9,0.74,0,1
07-05-2024 01:00,EDT,CAPITL,61757,19.41,0.73,0,1
07-05-2024 02:00,EDT,CAPITL,61757,18.59,0.7,0,1
07-05-2024 03:00,EDT,CAPITL,61757,18.11,0.68,0,1
07-05-2024 04:00,EDT,CAPITL,61757,18.55,0.66,0,1
07-05-2024 05:00,EDT,CAPITL,61757,21.15,0.6,0,1
07-05-2024 06:00,EDT,CAPITL,61757,26.11,0.96,0,1
07-05-2024 07:00,EDT,CAPITL,61757,28.23,0.88,0,1
07-05-2024 08:00,EDT,CAPITL,61757,27.21,0.84,0,1
07-05-2024 09:00,EDT,CAPITL,61757,21.6,0.53,0,1
07-05-2024 10:00,EDT,CAPITL,61757,19.97,0.54,0,1
07-05-2024 11:00,EDT,CAPITL,61757,19.73,0.57,0,1
07-05-2024 12:00,EDT,CAPITL,61757,19.79,0.48,0,1
07-05-2024 13:00,EDT,CAPITL,61757,20.31,0.5,0.01,1
07-05-2024 14:00,EDT,CAPITL,61757,21.35,0.54,0.07,1
07-05-2024 15:00,EDT,CAPITL,61757,22.07,0.58,0.13,1
07-05-2024 16:00,EDT,CAPITL,61757,25.17,0.83,0,1
07-05-2024 17:00,EDT,CAPITL,61757,29.6,1,0,1
07-05-2024 18:00,EDT,CAPITL,61757,34.14,1.18,0,1
07-05-2024 19:00,EDT,CAPITL,61757,36.01,1.35,0,1
07-05-2024 20:00,EDT,CAPITL,61757,35.75,1.31,0,1
07-05-2024 21:00,EDT,CAPITL,61757,30.42,1.09,0,1
07-05-2024 22:00,EDT,CAPITL,61757,25.28,0.85,0,1
07-05-2024 23:00,EDT,CAPITL,61757,21.98,0.68,0,1
08-05-2024 00:00,EDT,CAPITL,61757,23.1,0.82,0,1
08-05-2024 01:00,EDT,CAPITL,61757,20.73,0.84,0,1
08-05-2024 02:00,EDT,CAPITL,61757,19.41,0.8,0,1
08-05-2024 03:00,EDT,CAPITL,61757,17.86,0.8,0,1
08-05-2024 04:00,EDT,CAPITL,61757,18.48,0.81,0,1
08-05-2024 05:00,EDT,CAPITL,61757,21.14,0.89,0,1
08-05-2024 06:00,EDT,CAPITL,61757,26.39,1.09,0,1
08-05-2024 07:00,EDT,CAPITL,61757,29.97,1.1,0,1
08-05-2024 08:00,EDT,CAPITL,61757,31.03,1.25,0,1
08-05-2024 09:00,EDT,CAPITL,61757,29.38,1.21,0,1
08-05-2024 10:00,EDT,CAPITL,61757,29.48,1.19,0,1
08-05-2024 11:00,EDT,CAPITL,61757,28.82,1.19,0,1
08-05-2024 12:00,EDT,CAPITL,61757,28.13,1.13,0,1
08-05-2024 13:00,EDT,CAPITL,61757,27.71,1.12,0,1
08-05-2024 14:00,EDT,CAPITL,61757,26.65,1.03,0,1
08-05-2024 15:00,EDT,CAPITL,61757,25.85,1.02,0,1
08-05-2024 16:00,EDT,CAPITL,61757,28.63,1.13,0,1
08-05-2024 17:00,EDT,CAPITL,61757,31.43,1.24,0,1
08-05-2024 18:00,EDT,CAPITL,61757,35.83,1.51,0,1
08-05-2024 19:00,EDT,CAPITL,61757,38.27,1.54,0,1
08-05-2024 20:00,EDT,CAPITL,61757,38.8,1.56,0,1
08-05-2024 21:00,EDT,CAPITL,61757,33.99,1.31,0,1
08-05-2024 22:00,EDT,CAPITL,61757,27.21,0.92,0,1
08-05-2024 23:00,EDT,CAPITL,61757,23.51,0.84,0,1
09-05-2024 00:00,EDT,CAPITL,61757,23.62,0.84,0,1
09-05-2024 01:00,EDT,CAPITL,61757,22.57,0.83,0,1
09-05-2024 02:00,EDT,CAPITL,61757,20.21,0.76,0,1
09-05-2024 03:00,EDT,CAPITL,61757,19.92,0.77,0,1
09-05-2024 04:00,EDT,CAPITL,61757,20.01,0.71,0,1
09-05-2024 05:00,EDT,CAPITL,61757,22.73,0.79,0,1
09-05-2024 06:00,EDT,CAPITL,61757,28.21,1.19,0,1
09-05-2024 07:00,EDT,CAPITL,61757,29.66,1.14,0,1
09-05-2024 08:00,EDT,CAPITL,61757,29.08,1.04,0,1
09-05-2024 09:00,EDT,CAPITL,61757,27.92,0.94,0,1
09-05-2024 10:00,EDT,CAPITL,61757,27.19,0.94,0,1
09-05-2024 11:00,EDT,CAPITL,61757,26.56,0.9,0,1
09-05-2024 12:00,EDT,CAPITL,61757,26.12,0.91,0,1
09-05-2024 13:00,EDT,CAPITL,61757,26.16,0.86,0,1
09-05-2024 14:00,EDT,CAPITL,61757,26.69,0.9,0,1
09-05-2024 15:00,EDT,CAPITL,61757,27.1,0.97,0,1
09-05-2024 16:00,EDT,CAPITL,61757,30.64,1.18,0,1
09-05-2024 17:00,EDT,CAPITL,61757,33.75,1.36,0,1
09-05-2024 18:00,EDT,CAPITL,61757,35.16,1.52,0,1
09-05-2024 19:00,EDT,CAPITL,61757,35.27,1.45,0,1
09-05-2024 20:00,EDT,CAPITL,61757,34.98,1.54,0,1
09-05-2024 21:00,EDT,CAPITL,61757,29.77,1.36,0,1
09-05-2024 22:00,EDT,CAPITL,61757,26.11,1.05,0,1
09-05-2024 23:00,EDT,CAPITL,61757,23.7,0.91,0,1
10-05-2024 00:00,EDT,CAPITL,61757,22.14,0.75,0,1
10-05-2024 01:00,EDT,CAPITL,61757,20.77,0.78,0,1
10-05-2024 02:00,EDT,CAPITL,61757,19.33,0.69,0,1
10-05-2024 03:00,EDT,CAPITL,61757,18.98,0.68,0,1
10-05-2024 04:00,EDT,CAPITL,61757,19.67,0.68,0,1
10-05-2024 05:00,EDT,CAPITL,61757,22.05,0.75,0,1
10-05-2024 06:00,EDT,CAPITL,61757,25.03,0.87,0,1
10-05-2024 07:00,EDT,CAPITL,61757,29.53,1.02,0,1
10-05-2024 08:00,EDT,CAPITL,61757,29.68,1.09,0,1
10-05-2024 09:00,EDT,CAPITL,61757,28.78,1.05,0,1
10-05-2024 10:00,EDT,CAPITL,61757,27.03,0.89,0,1
10-05-2024 11:00,EDT,CAPITL,61757,26.51,0.9,0,1
10-05-2024 12:00,EDT,CAPITL,61757,25.65,0.8,0,1
10-05-2024 13:00,EDT,CAPITL,61757,25.45,0.81,0,1
10-05-2024 14:00,EDT,CAPITL,61757,24.58,0.78,0,1
10-05-2024 15:00,EDT,CAPITL,61757,24.92,0.86,0,1
10-05-2024 16:00,EDT,CAPITL,61757,26.19,0.96,0,1
10-05-2024 17:00,EDT,CAPITL,61757,28.5,1.2,0,1
10-05-2024 18:00,EDT,CAPITL,61757,29.7,1.28,0,1
10-05-2024 19:00,EDT,CAPITL,61757,30.73,1.29,0,1
10-05-2024 20:00,EDT,CAPITL,61757,32.79,1.41,0,1
10-05-2024 21:00,EDT,CAPITL,61757,28.94,1.25,0,1
10-05-2024 22:00,EDT,CAPITL,61757,25.5,0.98,0,1
10-05-2024 23:00,EDT,CAPITL,61757,23.53,0.82,0,1
11-05-2024 00:00,EDT,CAPITL,61757,24.04,0.9,0,1
11-05-2024 01:00,EDT,CAPITL,61757,22.32,0.92,0,1
11-05-2024 02:00,EDT,CAPITL,61757,21.42,0.72,0,1
11-05-2024 03:00,EDT,CAPITL,61757,20.65,0.7,0,1
11-05-2024 04:00,EDT,CAPITL,61757,20.96,0.73,0,1
11-05-2024 05:00,EDT,CAPITL,61757,22.34,0.82,0,1
11-05-2024 06:00,EDT,CAPITL,61757,24.21,1.07,0,1
11-05-2024 07:00,EDT,CAPITL,61757,25.7,0.99,0,1
11-05-2024 08:00,EDT,CAPITL,61757,25.6,1.05,0,1
11-05-2024 09:00,EDT,CAPITL,61757,22.42,0.74,0,1
11-05-2024 10:00,EDT,CAPITL,61757,22.37,0.69,0,1
11-05-2024 11:00,EDT,CAPITL,61757,22.11,0.56,0,1
11-05-2024 12:00,EDT,CAPITL,61757,21.27,0.54,0,1
11-05-2024 13:00,EDT,CAPITL,61757,20.71,0.52,0,1
11-05-2024 14:00,EDT,CAPITL,61757,21.16,0.56,0,1
11-05-2024 15:00,EDT,CAPITL,61757,21.54,0.57,0,1
11-05-2024 16:00,EDT,CAPITL,61757,22.88,0.77,0,1
11-05-2024 17:00,EDT,CAPITL,61757,24.57,0.99,0,1
11-05-2024 18:00,EDT,CAPITL,61757,27.28,1.12,0,1
11-05-2024 19:00,EDT,CAPITL,61757,29.06,1.2,0,1
11-05-2024 20:00,EDT,CAPITL,61757,31.01,1.36,0,1
11-05-2024 21:00,EDT,CAPITL,61757,27.47,1.21,0,1
11-05-2024 22:00,EDT,CAPITL,61757,24.36,1.07,0,1
11-05-2024 23:00,EDT,CAPITL,61757,22.44,0.86,0,1
12-05-2024 00:00,EDT,CAPITL,61757,22.49,0.74,0,1
12-05-2024 01:00,EDT,CAPITL,61757,21.62,0.73,0,1
12-05-2024 02:00,EDT,CAPITL,61757,20.29,0.65,0,1
12-05-2024 03:00,EDT,CAPITL,61757,19.72,0.63,0,1
12-05-2024 04:00,EDT,CAPITL,61757,19.91,0.62,0,1
12-05-2024 05:00,EDT,CAPITL,61757,20.8,0.66,0,1
12-05-2024 06:00,EDT,CAPITL,61757,20.62,0.6,0,1
12-05-2024 07:00,EDT,CAPITL,61757,21.31,0.54,0,1
12-05-2024 08:00,EDT,CAPITL,61757,22,0.6,0,1
12-05-2024 09:00,EDT,CAPITL,61757,22.39,0.71,0,1
12-05-2024 10:00,EDT,CAPITL,61757,22.48,0.76,0,1
12-05-2024 11:00,EDT,CAPITL,61757,22.75,0.79,0,1
12-05-2024 12:00,EDT,CAPITL,61757,22.34,0.73,0,1
12-05-2024 13:00,EDT,CAPITL,61757,22.04,0.52,0,1
12-05-2024 14:00,EDT,CAPITL,61757,22.04,0.52,0,1
12-05-2024 15:00,EDT,CAPITL,61757,22.2,0.6,0,1
12-05-2024 16:00,EDT,CAPITL,61757,22.51,0.8,0,1
12-05-2024 17:00,EDT,CAPITL,61757,25.96,1.07,0,1
12-05-2024 18:00,EDT,CAPITL,61757,28.52,1.25,0,1
12-05-2024 19:00,EDT,CAPITL,61757,30.85,1.41,0,1
12-05-2024 20:00,EDT,CAPITL,61757,33.21,1.49,0,1
12-05-2024 21:00,EDT,CAPITL,61757,29.08,1.28,0,1
12-05-2024 22:00,EDT,CAPITL,61757,25.26,1.06,0,1
12-05-2024 23:00,EDT,CAPITL,61757,22.42,0.8,0,1
13-05-2024 00:00,EDT,CAPITL,61757,22.28,0.77,0,1
13-05-2024 01:00,EDT,CAPITL,61757,20.51,0.81,0,1
13-05-2024 02:00,EDT,CAPITL,61757,19.61,0.77,0,1
13-05-2024 03:00,EDT,CAPITL,61757,19.59,0.75,0,1
13-05-2024 04:00,EDT,CAPITL,61757,20.25,0.78,0,1
13-05-2024 05:00,EDT,CAPITL,61757,22.63,0.98,0,1
13-05-2024 06:00,EDT,CAPITL,61757,27.43,1.31,0,1
13-05-2024 07:00,EDT,CAPITL,61757,29.54,1.27,0,1
13-05-2024 08:00,EDT,CAPITL,61757,25.89,1,0,1
13-05-2024 09:00,EDT,CAPITL,61757,23.72,0.8,0,1
13-05-2024 10:00,EDT,CAPITL,61757,22.67,0.77,0,1
13-05-2024 11:00,EDT,CAPITL,61757,22.82,0.84,0,1
13-05-2024 12:00,EDT,CAPITL,61757,22.51,0.78,0,1
13-05-2024 13:00,EDT,CAPITL,61757,22.74,0.81,0,1
13-05-2024 14:00,EDT,CAPITL,61757,22.66,0.83,0,1
13-05-2024 15:00,EDT,CAPITL,61757,23.9,0.98,0,1
13-05-2024 16:00,EDT,CAPITL,61757,26.26,1.08,0,1
13-05-2024 17:00,EDT,CAPITL,61757,28.99,1.33,0,1
13-05-2024 18:00,EDT,CAPITL,61757,31.89,1.49,0,1
13-05-2024 19:00,EDT,CAPITL,61757,34.89,1.63,0,1
13-05-2024 20:00,EDT,CAPITL,61757,37.48,1.75,0,1
13-05-2024 21:00,EDT,CAPITL,61757,31.12,1.43,0,1
13-05-2024 22:00,EDT,CAPITL,61757,25.06,1.12,0,1
13-05-2024 23:00,EDT,CAPITL,61757,22.73,0.96,0,1
14-05-2024 00:00,EDT,CAPITL,61757,22.41,0.78,0,1
14-05-2024 01:00,EDT,CAPITL,61757,21.49,0.81,0,1
14-05-2024 02:00,EDT,CAPITL,61757,19.95,0.69,0,1
14-05-2024 03:00,EDT,CAPITL,61757,19.72,0.74,0,1
14-05-2024 04:00,EDT,CAPITL,61757,20.71,0.76,0,1
14-05-2024 05:00,EDT,CAPITL,61757,22.53,0.87,0,1
14-05-2024 06:00,EDT,CAPITL,61757,28.03,1.28,0,1
14-05-2024 07:00,EDT,CAPITL,61757,29.54,1.24,0,1
14-05-2024 08:00,EDT,CAPITL,61757,27.51,1.08,0,1
14-05-2024 09:00,EDT,CAPITL,61757,23.98,0.86,0,1
14-05-2024 10:00,EDT,CAPITL,61757,23.8,0.78,0,1
14-05-2024 11:00,EDT,CAPITL,61757,23.74,0.78,0,1
14-05-2024 12:00,EDT,CAPITL,61757,23.78,0.78,0,1
14-05-2024 13:00,EDT,CAPITL,61757,24.65,0.72,0,1
14-05-2024 14:00,EDT,CAPITL,61757,25.18,0.78,0,1
14-05-2024 15:00,EDT,CAPITL,61757,25.99,0.93,0,1
14-05-2024 16:00,EDT,CAPITL,61757,29.88,1.12,0,1
14-05-2024 17:00,EDT,CAPITL,61757,32.53,1.4,0,1
14-05-2024 18:00,EDT,CAPITL,61757,35.29,1.55,0,1
14-05-2024 19:00,EDT,CAPITL,61757,35.73,1.64,0,1
14-05-2024 20:00,EDT,CAPITL,61757,37.92,1.7,0,1
14-05-2024 21:00,EDT,CAPITL,61757,32.55,1.49,0,1
14-05-2024 22:00,EDT,CAPITL,61757,27.52,1.11,0,1
14-05-2024 23:00,EDT,CAPITL,61757,24.52,0.88,0,1
15-05-2024 00:00,EDT,CAPITL,61757,23.92,1.01,0,1
15-05-2024 01:00,EDT,CAPITL,61757,22.54,0.97,0,1
15-05-2024 02:00,EDT,CAPITL,61757,20.69,0.85,0,1
15-05-2024 03:00,EDT,CAPITL,61757,20.1,0.85,0,1
15-05-2024 04:00,EDT,CAPITL,61757,21.15,0.73,0,1
15-05-2024 05:00,EDT,CAPITL,61757,23.36,0.98,0,1
15-05-2024 06:00,EDT,CAPITL,61757,27.68,1.32,0,1
15-05-2024 07:00,EDT,CAPITL,61757,29.98,1.35,0,1
15-05-2024 08:00,EDT,CAPITL,61757,31.5,1.47,0,1
15-05-2024 09:00,EDT,CAPITL,61757,28.55,1.23,0,1
15-05-2024 10:00,EDT,CAPITL,61757,30.07,1.27,0,1
15-05-2024 11:00,EDT,CAPITL,61757,28.95,1.22,0,1
15-05-2024 12:00,EDT,CAPITL,61757,28.54,1.26,0,1
15-05-2024 13:00,EDT,CAPITL,61757,27.99,1.18,0,1
15-05-2024 14:00,EDT,CAPITL,61757,28.44,1.28,0,1
15-05-2024 15:00,EDT,CAPITL,61757,27.58,1.29,0,1
15-05-2024 16:00,EDT,CAPITL,61757,30.3,1.39,0,1
15-05-2024 17:00,EDT,CAPITL,61757,31.08,1.48,0,1
15-05-2024 18:00,EDT,CAPITL,61757,31.93,1.58,0,1
15-05-2024 19:00,EDT,CAPITL,61757,34.54,1.68,0,1
15-05-2024 20:00,EDT,CAPITL,61757,35.31,1.59,0,1
15-05-2024 21:00,EDT,CAPITL,61757,31.45,1.44,0,1
15-05-2024 22:00,EDT,CAPITL,61757,27.16,1.22,0,1
15-05-2024 23:00,EDT,CAPITL,61757,24.31,0.96,0,1
16-05-2024 00:00,EDT,CAPITL,61757,23.29,0.9,0,1
16-05-2024 01:00,EDT,CAPITL,61757,22.34,0.82,0,1
16-05-2024 02:00,EDT,CAPITL,61757,21.21,0.72,0,1
16-05-2024 03:00,EDT,CAPITL,61757,20.6,0.74,0,1
16-05-2024 04:00,EDT,CAPITL,61757,21.46,0.73,0,1
16-05-2024 05:00,EDT,CAPITL,61757,23.29,0.9,0,1
16-05-2024 06:00,EDT,CAPITL,61757,26.95,1.06,0,1
16-05-2024 07:00,EDT,CAPITL,61757,30.12,1.1,0,1
16-05-2024 08:00,EDT,CAPITL,61757,31.67,1.16,0,1
16-05-2024 09:00,EDT,CAPITL,61757,30.54,1.12,0,1
16-05-2024 10:00,EDT,CAPITL,61757,30,1.07,0,1
16-05-2024 11:00,EDT,CAPITL,61757,29.07,1.04,0,1
16-05-2024 12:00,EDT,CAPITL,61757,28.8,1,0,1
16-05-2024 13:00,EDT,CAPITL,61757,27.97,0.89,0,1
16-05-2024 14:00,EDT,CAPITL,61757,27.61,0.99,0,1
16-05-2024 15:00,EDT,CAPITL,61757,26.65,1.05,0,1
16-05-2024 16:00,EDT,CAPITL,61757,27.49,1.11,0,1
16-05-2024 17:00,EDT,CAPITL,61757,29.33,1.32,0,1
16-05-2024 18:00,EDT,CAPITL,61757,32.27,1.54,0,1
16-05-2024 19:00,EDT,CAPITL,61757,34.18,1.63,0,1
16-05-2024 20:00,EDT,CAPITL,61757,36.62,1.74,0,1
16-05-2024 21:00,EDT,CAPITL,61757,30.77,1.41,0,1
16-05-2024 22:00,EDT,CAPITL,61757,26.24,1.18,0,1
16-05-2024 23:00,EDT,CAPITL,61757,23.99,0.9,0,1
17-05-2024 00:00,EDT,CAPITL,61757,23.1,1,0,1
17-05-2024 01:00,EDT,CAPITL,61757,22.52,0.95,0,1
17-05-2024 02:00,EDT,CAPITL,61757,20.95,0.81,0,1
17-05-2024 03:00,EDT,CAPITL,61757,20.35,0.78,0,1
17-05-2024 04:00,EDT,CAPITL,61757,20.83,0.78,0,1
17-05-2024 05:00,EDT,CAPITL,61757,22.59,0.95,0,1
17-05-2024 06:00,EDT,CAPITL,61757,25.86,1.21,0,1
17-05-2024 07:00,EDT,CAPITL,61757,28.32,1.17,0,1
17-05-2024 08:00,EDT,CAPITL,61757,29.16,1.23,0,1
17-05-2024 09:00,EDT,CAPITL,61757,25.66,0.96,0,1
17-05-2024 10:00,EDT,CAPITL,61757,24.55,0.85,0,1
17-05-2024 11:00,EDT,CAPITL,61757,23.84,0.81,0,1
17-05-2024 12:00,EDT,CAPITL,61757,23.96,0.83,0,1
17-05-2024 13:00,EDT,CAPITL,61757,24.19,0.8,0,1
17-05-2024 14:00,EDT,CAPITL,61757,24.37,0.87,0,1
17-05-2024 15:00,EDT,CAPITL,61757,24.89,0.98,0,1
17-05-2024 16:00,EDT,CAPITL,61757,27.59,1.19,0,1
17-05-2024 17:00,EDT,CAPITL,61757,30.02,1.35,0,1
17-05-2024 18:00,EDT,CAPITL,61757,33.79,1.61,0,1
17-05-2024 19:00,EDT,CAPITL,61757,34.98,1.7,0,1
17-05-2024 20:00,EDT,CAPITL,61757,35.4,1.72,0,1
17-05-2024 21:00,EDT,CAPITL,61757,30.97,1.53,0,1
17-05-2024 22:00,EDT,CAPITL,61757,26.1,1.24,0,1
17-05-2024 23:00,EDT,CAPITL,61757,24.28,0.93,0,1
18-05-2024 00:00,EDT,CAPITL,61757,23.28,0.94,0,1
18-05-2024 01:00,EDT,CAPITL,61757,22.68,0.91,0,1
18-05-2024 02:00,EDT,CAPITL,61757,21.15,0.7,0,1
18-05-2024 03:00,EDT,CAPITL,61757,20.12,0.66,0,1
18-05-2024 04:00,EDT,CAPITL,61757,20.19,0.64,0,1
18-05-2024 05:00,EDT,CAPITL,61757,21.93,0.68,0,1
18-05-2024 06:00,EDT,CAPITL,61757,22.44,0.82,0,1
18-05-2024 07:00,EDT,CAPITL,61757,22.5,0.84,0,1
18-05-2024 08:00,EDT,CAPITL,61757,24.05,0.99,0,1
18-05-2024 09:00,EDT,CAPITL,61757,23.67,0.82,0,1
18-05-2024 10:00,EDT,CAPITL,61757,23.6,0.75,0,1
18-05-2024 11:00,EDT,CAPITL,61757,23.34,0.77,0,1
18-05-2024 12:00,EDT,CAPITL,61757,23.06,0.76,0,1
18-05-2024 13:00,EDT,CAPITL,61757,22.94,0.67,0,1
18-05-2024 14:00,EDT,CAPITL,61757,22.89,0.65,0,1
18-05-2024 15:00,EDT,CAPITL,61757,22.42,0.74,0,1
18-05-2024 16:00,EDT,CAPITL,61757,23.67,0.82,0,1
18-05-2024 17:00,EDT,CAPITL,61757,25.4,1,0,1
18-05-2024 18:00,EDT,CAPITL,61757,27.24,1.15,0,1
18-05-2024 19:00,EDT,CAPITL,61757,29.92,1.34,0,1
18-05-2024 20:00,EDT,CAPITL,61757,32.87,1.38,0,1
18-05-2024 21:00,EDT,CAPITL,61757,29.07,1.2,0,1
18-05-2024 22:00,EDT,CAPITL,61757,25.16,1.04,0,1
18-05-2024 23:00,EDT,CAPITL,61757,22.59,0.74,0,1
19-05-2024 00:00,EDT,CAPITL,61757,22.52,0.84,0,1
19-05-2024 01:00,EDT,CAPITL,61757,21.8,0.7,0,1
19-05-2024 02:00,EDT,CAPITL,61757,20.46,0.65,0,1
19-05-2024 03:00,EDT,CAPITL,61757,20.03,0.64,0,1
19-05-2024 04:00,EDT,CAPITL,61757,20.21,0.66,0,1
19-05-2024 05:00,EDT,CAPITL,61757,20.35,0.67,0,1
19-05-2024 06:00,EDT,CAPITL,61757,20.53,0.65,0,1
19-05-2024 07:00,EDT,CAPITL,61757,19.62,0.59,0,1
19-05-2024 08:00,EDT,CAPITL,61757,19.46,0.53,0,1
19-05-2024 09:00,EDT,CAPITL,61757,19.79,0.54,0,1
19-05-2024 10:00,EDT,CAPITL,61757,20.75,0.56,0,1
19-05-2024 11:00,EDT,CAPITL,61757,20.69,0.52,0,1
19-05-2024 12:00,EDT,CAPITL,61757,20.77,0.55,0,1
19-05-2024 13:00,EDT,CAPITL,61757,21.21,0.48,0,1
19-05-2024 14:00,EDT,CAPITL,61757,21.31,0.52,0,1
19-05-2024 15:00,EDT,CAPITL,61757,22.17,0.67,0,1
19-05-2024 16:00,EDT,CAPITL,61757,24.36,0.96,0,1
19-05-2024 17:00,EDT,CAPITL,61757,25.55,1.1,0,1
19-05-2024 18:00,EDT,CAPITL,61757,31.01,1.42,0,1
19-05-2024 19:00,EDT,CAPITL,61757,32.36,1.57,0,1
19-05-2024 20:00,EDT,CAPITL,61757,33.72,1.51,0,1
19-05-2024 21:00,EDT,CAPITL,61757,30.81,1.36,0,1
19-05-2024 22:00,EDT,CAPITL,61757,25.11,1.08,0,1
19-05-2024 23:00,EDT,CAPITL,61757,22.52,0.84,0,1
20-05-2024 00:00,EDT,CAPITL,61757,22.87,0.94,0,1
20-05-2024 01:00,EDT,CAPITL,61757,22.34,0.84,0,1
20-05-2024 02:00,EDT,CAPITL,61757,19.95,0.79,0,1
20-05-2024 03:00,EDT,CAPITL,61757,19.04,0.75,0,1
20-05-2024 04:00,EDT,CAPITL,61757,20.48,0.69,0,1
20-05-2024 05:00,EDT,CAPITL,61757,22.39,0.86,0,1
20-05-2024 06:00,EDT,CAPITL,61757,25.51,1.17,0,1
20-05-2024 07:00,EDT,CAPITL,61757,29.75,1.23,0,1
20-05-2024 08:00,EDT,CAPITL,61757,27.53,1.16,0,1
20-05-2024 09:00,EDT,CAPITL,61757,24.45,0.89,0,1
20-05-2024 10:00,EDT,CAPITL,61757,24.23,0.84,0.01,1
20-05-2024 11:00,EDT,CAPITL,61757,24.16,0.82,0.03,1
20-05-2024 12:00,EDT,CAPITL,61757,24.62,0.79,0.21,1
20-05-2024 13:00,EDT,CAPITL,61757,25.11,0.81,0.29,1
20-05-2024 14:00,EDT,CAPITL,61757,26.84,0.95,0.51,1
20-05-2024 15:00,EDT,CAPITL,61757,28.39,0.95,0.51,1
20-05-2024 16:00,EDT,CAPITL,61757,32.58,1.18,0.38,1
20-05-2024 17:00,EDT,CAPITL,61757,37.77,1.49,0,1
20-05-2024 18:00,EDT,CAPITL,61757,42.21,1.97,0,1
20-05-2024 19:00,EDT,CAPITL,61757,43.74,2.28,0,1
20-05-2024 20:00,EDT,CAPITL,61757,41.68,2.02,0,1
20-05-2024 21:00,EDT,CAPITL,61757,38.42,1.58,0,1
20-05-2024 22:00,EDT,CAPITL,61757,28.26,1.11,0,1
20-05-2024 23:00,EDT,CAPITL,61757,24.5,1.1,0,1
21-05-2024 00:00,EDT,CAPITL,61757,22.77,0.98,0,1
21-05-2024 01:00,EDT,CAPITL,61757,22.19,0.79,0,1
21-05-2024 02:00,EDT,CAPITL,61757,21.25,0.78,0,1
21-05-2024 03:00,EDT,CAPITL,61757,20.19,0.76,0,1
21-05-2024 04:00,EDT,CAPITL,61757,20.2,0.74,0,1
21-05-2024 05:00,EDT,CAPITL,61757,22.3,0.86,0,1
21-05-2024 06:00,EDT,CAPITL,61757,26.03,1.07,0,1
21-05-2024 07:00,EDT,CAPITL,61757,28.18,0.98,0,1
21-05-2024 08:00,EDT,CAPITL,61757,26.21,0.81,0,1
21-05-2024 09:00,EDT,CAPITL,61757,25.66,0.75,0,1
21-05-2024 10:00,EDT,CAPITL,61757,25.53,0.69,0,1
21-05-2024 11:00,EDT,CAPITL,61757,26.71,0.68,0.11,1
21-05-2024 12:00,EDT,CAPITL,61757,28.04,0.79,0.15,1
21-05-2024 13:00,EDT,CAPITL,61757,30.51,0.86,0.1,1
21-05-2024 14:00,EDT,CAPITL,61757,33.08,0.93,0.04,1
21-05-2024 15:00,EDT,CAPITL,61757,35.31,1.16,0,1
21-05-2024 16:00,EDT,CAPITL,61757,39.4,1.37,0,1
21-05-2024 17:00,EDT,CAPITL,61757,46.03,2.19,0,1
21-05-2024 18:00,EDT,CAPITL,61757,48.15,2.42,0,1
21-05-2024 19:00,EDT,CAPITL,61757,45.7,2.22,0,1
21-05-2024 20:00,EDT,CAPITL,61757,42.98,2.16,0,1
21-05-2024 21:00,EDT,CAPITL,61757,38.23,1.54,0,1
21-05-2024 22:00,EDT,CAPITL,61757,30.61,1.18,0,1
21-05-2024 23:00,EDT,CAPITL,61757,26.75,1.08,0,1
22-05-2024 00:00,EDT,CAPITL,61757,26.92,1.16,0,1
22-05-2024 01:00,EDT,CAPITL,61757,23.91,1.14,0,1
22-05-2024 02:00,EDT,CAPITL,61757,22.83,1.13,0,1
22-05-2024 03:00,EDT,CAPITL,61757,22.46,1.01,0,1
22-05-2024 04:00,EDT,CAPITL,61757,22.7,1.12,0,1
22-05-2024 05:00,EDT,CAPITL,61757,23.99,1.16,0,1
22-05-2024 06:00,EDT,CAPITL,61757,27.69,1.27,0,1
22-05-2024 07:00,EDT,CAPITL,61757,29.41,1.19,0,1
22-05-2024 08:00,EDT,CAPITL,61757,29.63,1.08,0,1
22-05-2024 09:00,EDT,CAPITL,61757,29.75,0.99,0.22,1
22-05-2024 10:00,EDT,CAPITL,61757,30.71,0.96,0.35,1
22-05-2024 11:00,EDT,CAPITL,61757,32.02,0.95,0.47,1
22-05-2024 12:00,EDT,CAPITL,61757,35.16,1.14,0.68,1
22-05-2024 13:00,EDT,CAPITL,61757,38.92,1.29,0.31,1
22-05-2024 14:00,EDT,CAPITL,61757,40.26,1.59,0.17,1
22-05-2024 15:00,EDT,CAPITL,61757,41.73,1.88,0.23,1
22-05-2024 16:00,EDT,CAPITL,61757,47.14,2.24,0,1
22-05-2024 17:00,EDT,CAPITL,61757,57.32,3,0.31,1
22-05-2024 18:00,EDT,CAPITL,61757,59.94,3.23,0,1
22-05-2024 19:00,EDT,CAPITL,61757,54.04,3.06,0,1
22-05-2024 20:00,EDT,CAPITL,61757,49.67,2.81,0,1
22-05-2024 21:00,EDT,CAPITL,61757,41.41,2.19,0,1
22-05-2024 22:00,EDT,CAPITL,61757,34.55,1.55,0,1
22-05-2024 23:00,EDT,CAPITL,61757,30.38,1.34,0,1
23-05-2024 00:00,EDT,CAPITL,61757,28.87,1.22,0,1
23-05-2024 01:00,EDT,CAPITL,61757,25.81,1.11,0,1
23-05-2024 02:00,EDT,CAPITL,61757,25.23,1.11,0,1
23-05-2024 03:00,EDT,CAPITL,61757,25.41,1.12,0,1
23-05-2024 04:00,EDT,CAPITL,61757,25.45,1.14,0,1
23-05-2024 05:00,EDT,CAPITL,61757,26.22,1.13,0,1
23-05-2024 06:00,EDT,CAPITL,61757,30.51,1.28,0,1
23-05-2024 07:00,EDT,CAPITL,61757,32.94,1.18,0,1
23-05-2024 08:00,EDT,CAPITL,61757,34.43,1.21,0.44,1
23-05-2024 09:00,EDT,CAPITL,61757,34.59,1.28,0.41,1
23-05-2024 10:00,EDT,CAPITL,61757,35.26,1.25,0.73,1
23-05-2024 11:00,EDT,CAPITL,61757,36.11,1.28,0.69,1
23-05-2024 12:00,EDT,CAPITL,61757,38.11,1.45,0.68,1
23-05-2024 13:00,EDT,CAPITL,61757,39.42,1.61,0.61,1
23-05-2024 14:00,EDT,CAPITL,61757,40.51,1.69,0.54,1
23-05-2024 15:00,EDT,CAPITL,61757,41.53,1.89,0.55,1
23-05-2024 16:00,EDT,CAPITL,61757,50.88,2.43,1.09,1
23-05-2024 17:00,EDT,CAPITL,61757,53.17,2.8,0.65,1
23-05-2024 18:00,EDT,CAPITL,61757,50,2.87,0,1
23-05-2024 19:00,EDT,CAPITL,61757,45.88,2.84,0,1
23-05-2024 20:00,EDT,CAPITL,61757,42.7,2.46,0,1
23-05-2024 21:00,EDT,CAPITL,61757,36.72,1.81,0,1
23-05-2024 22:00,EDT,CAPITL,61757,33.48,1.56,0,1
23-05-2024 23:00,EDT,CAPITL,61757,29.56,1.27,0,1
24-05-2024 00:00,EDT,CAPITL,61757,29.16,1.28,0,1
24-05-2024 01:00,EDT,CAPITL,61757,25.34,1.18,0,1
24-05-2024 02:00,EDT,CAPITL,61757,24.29,1.11,0,1
24-05-2024 03:00,EDT,CAPITL,61757,23.22,1.08,0,1
24-05-2024 04:00,EDT,CAPITL,61757,23.43,1.05,0,1
24-05-2024 05:00,EDT,CAPITL,61757,25.24,1.09,0,1
24-05-2024 06:00,EDT,CAPITL,61757,30.3,1.33,0,1
24-05-2024 07:00,EDT,CAPITL,61757,31.53,1.21,0,1
24-05-2024 08:00,EDT,CAPITL,61757,31.89,1.31,0,1
24-05-2024 09:00,EDT,CAPITL,61757,28.58,1.11,0.24,1
24-05-2024 10:00,EDT,CAPITL,61757,26.55,1.05,0.79,1
24-05-2024 11:00,EDT,CAPITL,61757,26.66,1.08,1.36,1
24-05-2024 12:00,EDT,CAPITL,61757,26.7,1.12,1.69,1
24-05-2024 13:00,EDT,CAPITL,61757,28,1.12,1.77,1
24-05-2024 14:00,EDT,CAPITL,61757,26.88,1.16,2.44,1
24-05-2024 15:00,EDT,CAPITL,61757,29.23,1.36,3.14,1
24-05-2024 16:00,EDT,CAPITL,61757,28.36,1.46,4.19,1
24-05-2024 17:00,EDT,CAPITL,61757,32,1.82,2.87,1
24-05-2024 18:00,EDT,CAPITL,61757,48.34,2.26,0,1
24-05-2024 19:00,EDT,CAPITL,61757,44.9,2.18,0,1
24-05-2024 20:00,EDT,CAPITL,61757,43.07,2.13,0,1
24-05-2024 21:00,EDT,CAPITL,61757,37.89,1.91,0,1
24-05-2024 22:00,EDT,CAPITL,61757,32.72,1.44,0,1
24-05-2024 23:00,EDT,CAPITL,61757,29.76,1.01,0,1
25-05-2024 00:00,EDT,CAPITL,61757,26.76,0.78,0,1
25-05-2024 01:00,EDT,CAPITL,61757,25.09,0.78,0,1
25-05-2024 02:00,EDT,CAPITL,61757,23.96,0.92,0,1
25-05-2024 03:00,EDT,CAPITL,61757,21.98,0.89,0,1
25-05-2024 04:00,EDT,CAPITL,61757,21.5,0.87,0,1
25-05-2024 05:00,EDT,CAPITL,61757,22.25,0.9,0,1
25-05-2024 06:00,EDT,CAPITL,61757,22.97,0.88,0,1
25-05-2024 07:00,EDT,CAPITL,61757,23.61,0.8,0,1
25-05-2024 08:00,EDT,CAPITL,61757,23.34,0.81,0,1
25-05-2024 09:00,EDT,CAPITL,61757,21.98,0.64,0,1
25-05-2024 10:00,EDT,CAPITL,61757,21.62,0.55,0,1
25-05-2024 11:00,EDT,CAPITL,61757,22.41,0.59,0.04,1
25-05-2024 12:00,EDT,CAPITL,61757,23.8,0.59,0.28,1
25-05-2024 13:00,EDT,CAPITL,61757,24.11,0.55,0.2,1
25-05-2024 14:00,EDT,CAPITL,61757,25.62,0.66,0.42,1
25-05-2024 15:00,EDT,CAPITL,61757,25.1,0.78,0.19,1
25-05-2024 16:00,EDT,CAPITL,61757,30.28,1.04,0.42,1
25-05-2024 17:00,EDT,CAPITL,61757,33.92,1.37,0,1
25-05-2024 18:00,EDT,CAPITL,61757,36.8,1.82,0,1
25-05-2024 19:00,EDT,CAPITL,61757,36.87,1.92,0,1
25-05-2024 20:00,EDT,CAPITL,61757,35.49,1.85,0,1
25-05-2024 21:00,EDT,CAPITL,61757,31.91,1.34,0,1
25-05-2024 22:00,EDT,CAPITL,61757,27.97,0.92,0,1
25-05-2024 23:00,EDT,CAPITL,61757,27.05,0.84,0,1
26-05-2024 00:00,EDT,CAPITL,61757,24.74,0.77,0,1
26-05-2024 01:00,EDT,CAPITL,61757,22.73,0.79,0,1
26-05-2024 02:00,EDT,CAPITL,61757,20.59,0.79,0,1
26-05-2024 03:00,EDT,CAPITL,61757,19.87,0.8,0,1
26-05-2024 04:00,EDT,CAPITL,61757,19.49,0.75,0,1
26-05-2024 05:00,EDT,CAPITL,61757,19.48,0.78,0,1
26-05-2024 06:00,EDT,CAPITL,61757,19.8,0.76,0,1
26-05-2024 07:00,EDT,CAPITL,61757,18.28,0.62,0,1
26-05-2024 08:00,EDT,CAPITL,61757,20.08,0.73,0,1
26-05-2024 09:00,EDT,CAPITL,61757,21.77,0.78,0,1
26-05-2024 10:00,EDT,CAPITL,61757,22.28,0.69,0,1
26-05-2024 11:00,EDT,CAPITL,61757,23,0.71,0,1
26-05-2024 12:00,EDT,CAPITL,61757,23.85,0.63,0,1
26-05-2024 13:00,EDT,CAPITL,61757,24.64,0.58,0,1
26-05-2024 14:00,EDT,CAPITL,61757,25.89,0.69,0.25,1
26-05-2024 15:00,EDT,CAPITL,61757,27.49,0.83,0.14,1
26-05-2024 16:00,EDT,CAPITL,61757,32.2,1.24,0,1
26-05-2024 17:00,EDT,CAPITL,61757,34.9,1.82,0,1
26-05-2024 18:00,EDT,CAPITL,61757,38.64,2.15,0,1
26-05-2024 19:00,EDT,CAPITL,61757,37.06,2.06,0,1
26-05-2024 20:00,EDT,CAPITL,61757,35.37,2,0,1
26-05-2024 21:00,EDT,CAPITL,61757,31.77,1.6,0,1
26-05-2024 22:00,EDT,CAPITL,61757,28.54,1.23,0,1
26-05-2024 23:00,EDT,CAPITL,61757,25.2,0.97,0,1
27-05-2024 00:00,EDT,CAPITL,61757,22.29,0.98,0,1
27-05-2024 01:00,EDT,CAPITL,61757,20.96,0.98,0,1
27-05-2024 02:00,EDT,CAPITL,61757,19.21,0.86,0,1
27-05-2024 03:00,EDT,CAPITL,61757,18.13,0.83,0,1
27-05-2024 04:00,EDT,CAPITL,61757,17.26,0.77,0,1
27-05-2024 05:00,EDT,CAPITL,61757,17.51,0.79,0,1
27-05-2024 06:00,EDT,CAPITL,61757,17.68,0.79,0,1
27-05-2024 07:00,EDT,CAPITL,61757,18.18,0.8,0,1
27-05-2024 08:00,EDT,CAPITL,61757,20.04,0.88,0,1
27-05-2024 09:00,EDT,CAPITL,61757,21.57,0.93,0,1
27-05-2024 10:00,EDT,CAPITL,61757,23.52,0.99,0,1
27-05-2024 11:00,EDT,CAPITL,61757,23.88,1.09,0,1
27-05-2024 12:00,EDT,CAPITL,61757,24.73,1,0,1
27-05-2024 13:00,EDT,CAPITL,61757,24.71,0.9,0,1
27-05-2024 14:00,EDT,CAPITL,61757,25.67,1.01,0,1
27-05-2024 15:00,EDT,CAPITL,61757,26.24,1.06,0,1
27-05-2024 16:00,EDT,CAPITL,61757,29.32,1.26,0,1
27-05-2024 17:00,EDT,CAPITL,61757,31.7,1.42,0,1
27-05-2024 18:00,EDT,CAPITL,61757,29.96,1.45,0,1
27-05-2024 19:00,EDT,CAPITL,61757,32.42,1.57,0,1
27-05-2024 20:00,EDT,CAPITL,61757,29.4,1.45,0,1
27-05-2024 21:00,EDT,CAPITL,61757,28.45,1.41,0,1
27-05-2024 22:00,EDT,CAPITL,61757,25.02,1.15,0,1
27-05-2024 23:00,EDT,CAPITL,61757,22.96,0.95,0,1
28-05-2024 00:00,EDT,CAPITL,61757,22.2,0.98,0,1
28-05-2024 01:00,EDT,CAPITL,61757,20.15,0.94,0,1
28-05-2024 02:00,EDT,CAPITL,61757,18.26,0.82,0,1
28-05-2024 03:00,EDT,CAPITL,61757,17.71,0.79,0,1
28-05-2024 04:00,EDT,CAPITL,61757,18.24,0.85,0,1
28-05-2024 05:00,EDT,CAPITL,61757,19.66,0.94,0,1
28-05-2024 06:00,EDT,CAPITL,61757,24.11,1.15,0,1
28-05-2024 07:00,EDT,CAPITL,61757,25.71,1.18,0,1
28-05-2024 08:00,EDT,CAPITL,61757,26.99,1.26,0,1
28-05-2024 09:00,EDT,CAPITL,61757,27.35,1.2,0,1
28-05-2024 10:00,EDT,CAPITL,61757,27.56,1.16,0,1
28-05-2024 11:00,EDT,CAPITL,61757,27.13,1.17,0,1
28-05-2024 12:00,EDT,CAPITL,61757,28.16,1.21,-0.12,1
28-05-2024 13:00,EDT,CAPITL,61757,28.34,1.06,-0.12,1
28-05-2024 14:00,EDT,CAPITL,61757,29.26,1.15,0,1
28-05-2024 15:00,EDT,CAPITL,61757,30.87,1.33,0,1
28-05-2024 16:00,EDT,CAPITL,61757,34.48,1.49,0,1
28-05-2024 17:00,EDT,CAPITL,61757,38.07,1.77,-0.18,1
28-05-2024 18:00,EDT,CAPITL,61757,39.49,1.77,-2.21,1
28-05-2024 19:00,EDT,CAPITL,61757,36.44,1.87,0,1
28-05-2024 20:00,EDT,CAPITL,61757,34.97,1.88,0,1
28-05-2024 21:00,EDT,CAPITL,61757,32.48,1.63,0,1
28-05-2024 22:00,EDT,CAPITL,61757,28.38,1.25,0,1
28-05-2024 23:00,EDT,CAPITL,61757,25.13,1.11,0,1
29-05-2024 00:00,EDT,CAPITL,61757,23.1,0.87,0,1
29-05-2024 01:00,EDT,CAPITL,61757,20.58,0.79,0,1
29-05-2024 02:00,EDT,CAPITL,61757,19.31,0.76,0,1
29-05-2024 03:00,EDT,CAPITL,61757,18.28,0.7,0,1
29-05-2024 04:00,EDT,CAPITL,61757,18.42,0.69,0,1
29-05-2024 05:00,EDT,CAPITL,61757,21.61,0.75,0,1
29-05-2024 06:00,EDT,CAPITL,61757,25.42,0.84,0,1
29-05-2024 07:00,EDT,CAPITL,61757,26.69,0.8,0,1
29-05-2024 08:00,EDT,CAPITL,61757,26.55,0.8,0,1
29-05-2024 09:00,EDT,CAPITL,61757,25.28,0.74,0,1
29-05-2024 10:00,EDT,CAPITL,61757,25.11,0.64,0,1
29-05-2024 11:00,EDT,CAPITL,61757,25.99,0.76,0,1
29-05-2024 12:00,EDT,CAPITL,61757,25.63,0.75,0,1
29-05-2024 13:00,EDT,CAPITL,61757,26.15,0.81,0,1
29-05-2024 14:00,EDT,CAPITL,61757,26.81,0.78,0,1
29-05-2024 15:00,EDT,CAPITL,61757,27.91,0.87,0,1
29-05-2024 16:00,EDT,CAPITL,61757,31.17,1.03,0,1
29-05-2024 17:00,EDT,CAPITL,61757,34.8,1.18,0,1
29-05-2024 18:00,EDT,CAPITL,61757,35.63,1.1,0,1
29-05-2024 19:00,EDT,CAPITL,61757,35.31,1.13,0,1
29-05-2024 20:00,EDT,CAPITL,61757,35.18,1.12,0,1
29-05-2024 21:00,EDT,CAPITL,61757,29.21,0.88,0,1
29-05-2024 22:00,EDT,CAPITL,61757,27.42,0.9,0,1
29-05-2024 23:00,EDT,CAPITL,61757,25.25,0.73,0,1
30-05-2024 00:00,EDT,CAPITL,61757,22.74,0.68,0,1
30-05-2024 01:00,EDT,CAPITL,61757,20.62,0.68,0,1
30-05-2024 02:00,EDT,CAPITL,61757,19.13,0.61,0,1
30-05-2024 03:00,EDT,CAPITL,61757,18.33,0.57,0,1
30-05-2024 04:00,EDT,CAPITL,61757,18.31,0.53,0,1
30-05-2024 05:00,EDT,CAPITL,61757,21.02,0.65,0,1
30-05-2024 06:00,EDT,CAPITL,61757,24.18,0.68,0,1
30-05-2024 07:00,EDT,CAPITL,61757,26.23,0.64,0,1
30-05-2024 08:00,EDT,CAPITL,61757,27.11,0.76,0,1
30-05-2024 09:00,EDT,CAPITL,61757,24.88,0.65,0,1
30-05-2024 10:00,EDT,CAPITL,61757,23.99,0.61,0,1
30-05-2024 11:00,EDT,CAPITL,61757,24.07,0.77,0,1
30-05-2024 12:00,EDT,CAPITL,61757,23.97,0.81,0,1
30-05-2024 13:00,EDT,CAPITL,61757,24.49,0.76,0,1
30-05-2024 14:00,EDT,CAPITL,61757,23.92,0.76,0,1
30-05-2024 15:00,EDT,CAPITL,61757,23.59,0.71,0.08,1
30-05-2024 16:00,EDT,CAPITL,61757,25,0.73,0.15,1
30-05-2024 17:00,EDT,CAPITL,61757,30.07,0.96,0,1
30-05-2024 18:00,EDT,CAPITL,61757,31.35,1.09,0,1
30-05-2024 19:00,EDT,CAPITL,61757,33.16,1.21,0,1
30-05-2024 20:00,EDT,CAPITL,61757,32.95,1.18,0,1
30-05-2024 21:00,EDT,CAPITL,61757,28.6,1.05,0,1
30-05-2024 22:00,EDT,CAPITL,61757,24.96,0.8,0,1
30-05-2024 23:00,EDT,CAPITL,61757,23.34,0.79,0,1
31-05-2024 00:00,EDT,CAPITL,61757,22.08,0.81,0,1
31-05-2024 01:00,EDT,CAPITL,61757,20.25,0.82,0,1
31-05-2024 02:00,EDT,CAPITL,61757,18.8,0.69,0,1
31-05-2024 03:00,EDT,CAPITL,61757,17.74,0.67,0,1
31-05-2024 04:00,EDT,CAPITL,61757,18.51,0.69,0,1
31-05-2024 05:00,EDT,CAPITL,61757,20.87,0.75,0,1
31-05-2024 06:00,EDT,CAPITL,61757,24.09,0.88,0,1
31-05-2024 07:00,EDT,CAPITL,61757,24.83,0.82,0,1
31-05-2024 08:00,EDT,CAPITL,61757,23.53,0.73,0,1
31-05-2024 09:00,EDT,CAPITL,61757,21.54,0.61,0,1
31-05-2024 10:00,EDT,CAPITL,61757,20.73,0.55,0,1
31-05-2024 11:00,EDT,CAPITL,61757,20.84,0.61,0,1
31-05-2024 12:00,EDT,CAPITL,61757,20.73,0.58,0,1
31-05-2024 13:00,EDT,CAPITL,61757,21.22,0.6,0.01,1
31-05-2024 14:00,EDT,CAPITL,61757,22.12,0.71,0.02,1
31-05-2024 15:00,EDT,CAPITL,61757,22.4,0.76,0.07,1
31-05-2024 16:00,EDT,CAPITL,61757,24,0.9,0.08,1
31-05-2024 17:00,EDT,CAPITL,61757,26.1,0.83,0,1
31-05-2024 18:00,EDT,CAPITL,61757,29.55,1.05,0,1
31-05-2024 19:00,EDT,CAPITL,61757,31.93,1.08,0,1
31-05-2024 20:00,EDT,CAPITL,61757,31.1,1.11,0,1
31-05-2024 21:00,EDT,CAPITL,61757,28.65,1.02,0,1
31-05-2024 22:00,EDT,CAPITL,61757,25.61,0.91,0,1
31-05-2024 23:00,EDT,CAPITL,61757,22.85,0.69,0,1
01-06-2024 00:00,EDT,CAPITL,61757,21.85,0.82,0,1
01-06-2024 01:00,EDT,CAPITL,61757,20.46,0.84,0,1
01-06-2024 02:00,EDT,CAPITL,61757,18.14,0.7,0,1
01-06-2024 03:00,EDT,CAPITL,61757,17.56,0.69,0,1
01-06-2024 04:00,EDT,CAPITL,61757,17.97,0.69,0,1
01-06-2024 05:00,EDT,CAPITL,61757,18.88,0.73,0,1
01-06-2024 06:00,EDT,CAPITL,61757,19.41,0.67,0,1
01-06-2024 07:00,EDT,CAPITL,61757,18.82,0.53,0,1
01-06-2024 08:00,EDT,CAPITL,61757,19.07,0.61,0,1
01-06-2024 09:00,EDT,CAPITL,61757,18.2,0.56,0,1
01-06-2024 10:00,EDT,CAPITL,61757,17.79,0.4,0,1
01-06-2024 11:00,EDT,CAPITL,61757,17.96,0.44,0,1
01-06-2024 12:00,EDT,CAPITL,61757,18.38,0.46,0,1
01-06-2024 13:00,EDT,CAPITL,61757,18.75,0.37,0,1
01-06-2024 14:00,EDT,CAPITL,61757,19.96,0.43,0.01,1
01-06-2024 15:00,EDT,CAPITL,61757,20.37,0.59,0.06,1
01-06-2024 16:00,EDT,CAPITL,61757,22.94,0.83,0.18,1
01-06-2024 17:00,EDT,CAPITL,61757,27.76,1.07,0,1
01-06-2024 18:00,EDT,CAPITL,61757,31.4,1.32,0,1
01-06-2024 19:00,EDT,CAPITL,61757,32.18,1.5,0,1
01-06-2024 20:00,EDT,CAPITL,61757,30.35,1.42,0,1
01-06-2024 21:00,EDT,CAPITL,61757,27.86,1.33,0,1
01-06-2024 22:00,EDT,CAPITL,61757,24.97,1.12,0,1
01-06-2024 23:00,EDT,CAPITL,61757,22.47,0.91,0,1
02-06-2024 00:00,EDT,CAPITL,61757,20.51,0.99,0,1
02-06-2024 01:00,EDT,CAPITL,61757,18.95,0.92,0,1
02-06-2024 02:00,EDT,CAPITL,61757,17.52,0.85,0,1
02-06-2024 03:00,EDT,CAPITL,61757,16.96,0.82,0,1
02-06-2024 04:00,EDT,CAPITL,61757,16.42,0.8,0,1
02-06-2024 05:00,EDT,CAPITL,61757,16.56,0.8,0,1
02-06-2024 06:00,EDT,CAPITL,61757,16.24,0.74,0,1
02-06-2024 07:00,EDT,CAPITL,61757,16.13,0.65,0,1
02-06-2024 08:00,EDT,CAPITL,61757,17.4,0.75,0,1
02-06-2024 09:00,EDT,CAPITL,61757,18.5,0.64,0,1
02-06-2024 10:00,EDT,CAPITL,61757,19.04,0.52,0,1
02-06-2024 11:00,EDT,CAPITL,61757,19.1,0.52,0,1
02-06-2024 12:00,EDT,CAPITL,61757,20.05,0.53,0,1
02-06-2024 13:00,EDT,CAPITL,61757,21.47,0.61,0,1
02-06-2024 14:00,EDT,CAPITL,61757,22.19,0.73,0,1
02-06-2024 15:00,EDT,CAPITL,61757,24.43,0.85,0,1
02-06-2024 16:00,EDT,CAPITL,61757,26.52,1.17,0,1
02-06-2024 17:00,EDT,CAPITL,61757,31.61,1.53,0,1
02-06-2024 18:00,EDT,CAPITL,61757,33.75,1.73,0,1
02-06-2024 19:00,EDT,CAPITL,61757,34,1.92,0,1
02-06-2024 20:00,EDT,CAPITL,61757,32.58,1.7,0,1
02-06-2024 21:00,EDT,CAPITL,61757,28.63,1.49,0,1
02-06-2024 22:00,EDT,CAPITL,61757,25.81,1.23,0,1
02-06-2024 23:00,EDT,CAPITL,61757,24.06,0.9,0,1
03-06-2024 00:00,EDT,CAPITL,61757,22.57,0.78,0,1
03-06-2024 01:00,EDT,CAPITL,61757,20.66,0.77,0,1
03-06-2024 02:00,EDT,CAPITL,61757,19.46,0.71,0,1
03-06-2024 03:00,EDT,CAPITL,61757,18.71,0.65,0,1
03-06-2024 04:00,EDT,CAPITL,61757,18.73,0.69,0,1
03-06-2024 05:00,EDT,CAPITL,61757,19.84,0.69,0,1
03-06-2024 06:00,EDT,CAPITL,61757,24.14,0.84,0,1
03-06-2024 07:00,EDT,CAPITL,61757,24.49,0.92,0,1
03-06-2024 08:00,EDT,CAPITL,61757,24.87,1.02,0,1
03-06-2024 09:00,EDT,CAPITL,61757,24.78,0.88,0,1
03-06-2024 10:00,EDT,CAPITL,61757,24.83,0.91,0,1
03-06-2024 11:00,EDT,CAPITL,61757,25.63,0.96,0,1
03-06-2024 12:00,EDT,CAPITL,61757,25.91,0.95,0,1
03-06-2024 13:00,EDT,CAPITL,61757,28.26,0.89,0.47,1
03-06-2024 14:00,EDT,CAPITL,61757,30.75,1.08,0.32,1
03-06-2024 15:00,EDT,CAPITL,61757,33.29,1.38,0.3,1
03-06-2024 16:00,EDT,CAPITL,61757,37.08,1.55,0.51,1
03-06-2024 17:00,EDT,CAPITL,61757,42.49,1.98,-0.02,1
03-06-2024 18:00,EDT,CAPITL,61757,42.58,2.1,0,1
03-06-2024 19:00,EDT,CAPITL,61757,40.87,2.17,0,1
03-06-2024 20:00,EDT,CAPITL,61757,37.09,2.03,0,1
03-06-2024 21:00,EDT,CAPITL,61757,33.66,1.72,0,1
03-06-2024 22:00,EDT,CAPITL,61757,27.35,1.25,0,1
03-06-2024 23:00,EDT,CAPITL,61757,24.62,0.95,0,1
04-06-2024 00:00,EDT,CAPITL,61757,24.63,0.81,0,1
04-06-2024 01:00,EDT,CAPITL,61757,23.48,0.71,0,1
04-06-2024 02:00,EDT,CAPITL,61757,19.68,0.68,0,1
04-06-2024 03:00,EDT,CAPITL,61757,19.39,0.71,0,1
04-06-2024 04:00,EDT,CAPITL,61757,19.12,0.7,0,1
04-06-2024 05:00,EDT,CAPITL,61757,20.27,0.72,0,1
04-06-2024 06:00,EDT,CAPITL,61757,22.17,0.83,0,1
04-06-2024 07:00,EDT,CAPITL,61757,22.23,0.92,0,1
04-06-2024 08:00,EDT,CAPITL,61757,23.05,0.95,0,1
04-06-2024 09:00,EDT,CAPITL,61757,22.13,0.71,0,1
04-06-2024 10:00,EDT,CAPITL,61757,24.24,0.71,0.16,1
04-06-2024 11:00,EDT,CAPITL,61757,24.72,0.89,0.12,1
04-06-2024 12:00,EDT,CAPITL,61757,26.07,0.91,0.29,1
04-06-2024 13:00,EDT,CAPITL,61757,28.15,0.91,0.39,1
04-06-2024 14:00,EDT,CAPITL,61757,31.44,0.96,0.5,1
04-06-2024 15:00,EDT,CAPITL,61757,34.52,1.12,0.58,1
04-06-2024 16:00,EDT,CAPITL,61757,39.3,1.07,0.07,1
04-06-2024 17:00,EDT,CAPITL,61757,43.47,1.63,0,1
04-06-2024 18:00,EDT,CAPITL,61757,40.63,1.71,0,1
04-06-2024 19:00,EDT,CAPITL,61757,38.19,1.85,0,1
04-06-2024 20:00,EDT,CAPITL,61757,35.4,1.75,0,1
04-06-2024 21:00,EDT,CAPITL,61757,31.82,1.43,0,1
04-06-2024 22:00,EDT,CAPITL,61757,27.71,1.19,0,1
04-06-2024 23:00,EDT,CAPITL,61757,25.39,1,0,1
05-06-2024 00:00,EDT,CAPITL,61757,25,0.77,0,1
05-06-2024 01:00,EDT,CAPITL,61757,22.35,0.84,0,1
05-06-2024 02:00,EDT,CAPITL,61757,20.58,0.94,0,1
05-06-2024 03:00,EDT,CAPITL,61757,19.24,0.9,0,1
05-06-2024 04:00,EDT,CAPITL,61757,19.66,0.9,0,1
05-06-2024 05:00,EDT,CAPITL,61757,20.47,0.9,0,1
05-06-2024 06:00,EDT,CAPITL,61757,23.58,1.1,0,1
05-06-2024 07:00,EDT,CAPITL,61757,25.04,0.94,0,1
05-06-2024 08:00,EDT,CAPITL,61757,25.26,0.97,0,1
05-06-2024 09:00,EDT,CAPITL,61757,24.44,0.81,0.04,1
05-06-2024 10:00,EDT,CAPITL,61757,25.09,0.9,0.23,1
05-06-2024 11:00,EDT,CAPITL,61757,25.41,0.96,0.23,1
05-06-2024 12:00,EDT,CAPITL,61757,28.03,1.04,0.99,1
05-06-2024 13:00,EDT,CAPITL,61757,29.88,1.1,0.93,1
05-06-2024 14:00,EDT,CAPITL,61757,32.06,1.08,0.86,1
05-06-2024 15:00,EDT,CAPITL,61757,33.21,1.43,0.67,1
05-06-2024 16:00,EDT,CAPITL,61757,37.3,1.54,0.08,1
05-06-2024 17:00,EDT,CAPITL,61757,42.36,1.98,0,1
05-06-2024 18:00,EDT,CAPITL,61757,41.09,2.14,0,1
05-06-2024 19:00,EDT,CAPITL,61757,39.52,2.24,0,1
05-06-2024 20:00,EDT,CAPITL,61757,35.8,2.03,0,1
05-06-2024 21:00,EDT,CAPITL,61757,31.93,1.75,0,1
05-06-2024 22:00,EDT,CAPITL,61757,27.46,1.41,0,1
05-06-2024 23:00,EDT,CAPITL,61757,26.27,1.16,0,1
06-06-2024 00:00,EDT,CAPITL,61757,26.13,1.29,0,1
06-06-2024 01:00,EDT,CAPITL,61757,23.7,1.15,0,1
06-06-2024 02:00,EDT,CAPITL,61757,22.94,1.13,0,1
06-06-2024 03:00,EDT,CAPITL,61757,22.04,1.09,0,1
06-06-2024 04:00,EDT,CAPITL,61757,22.68,1.14,0,1
06-06-2024 05:00,EDT,CAPITL,61757,22.75,1.14,0,1
06-06-2024 06:00,EDT,CAPITL,61757,25.8,1.3,0,1
06-06-2024 07:00,EDT,CAPITL,61757,28.54,1.46,0,1
06-06-2024 08:00,EDT,CAPITL,61757,30.71,1.6,0,1
06-06-2024 09:00,EDT,CAPITL,61757,31.16,1.68,0,1
06-06-2024 10:00,EDT,CAPITL,61757,32.12,1.56,0,1
06-06-2024 11:00,EDT,CAPITL,61757,33.56,1.63,0,1
06-06-2024 12:00,EDT,CAPITL,61757,33,1.54,0,1
06-06-2024 13:00,EDT,CAPITL,61757,33.22,1.52,0,1
06-06-2024 14:00,EDT,CAPITL,61757,34.18,1.47,0,1
06-06-2024 15:00,EDT,CAPITL,61757,35.14,1.48,0,1
06-06-2024 16:00,EDT,CAPITL,61757,37.77,1.65,0.47,1
06-06-2024 17:00,EDT,CAPITL,61757,41.98,1.98,-0.4,1
06-06-2024 18:00,EDT,CAPITL,61757,40.68,2.19,0,1
06-06-2024 19:00,EDT,CAPITL,61757,39.56,2.2,0,1
06-06-2024 20:00,EDT,CAPITL,61757,36.82,2.08,-0.08,1
06-06-2024 21:00,EDT,CAPITL,61757,33.99,1.8,0,1
06-06-2024 22:00,EDT,CAPITL,61757,29.35,1.53,0,1
06-06-2024 23:00,EDT,CAPITL,61757,25.82,1.35,0,1
07-06-2024 00:00,EDT,CAPITL,61757,23.84,1.24,0,1
07-06-2024 01:00,EDT,CAPITL,61757,21.13,1.16,0,1
07-06-2024 02:00,EDT,CAPITL,61757,20.55,1.13,0,1
07-06-2024 03:00,EDT,CAPITL,61757,19.85,1.11,0,1
07-06-2024 04:00,EDT,CAPITL,61757,19.77,1.08,0,1
07-06-2024 05:00,EDT,CAPITL,61757,21.02,1.1,0,1
07-06-2024 06:00,EDT,CAPITL,61757,23.41,1.26,0,1
07-06-2024 07:00,EDT,CAPITL,61757,23.94,1.16,0,1
07-06-2024 08:00,EDT,CAPITL,61757,25.57,1.24,0,1
07-06-2024 09:00,EDT,CAPITL,61757,26.25,1.2,-0.02,1
07-06-2024 10:00,EDT,CAPITL,61757,26.28,1.16,0.08,1
07-06-2024 11:00,EDT,CAPITL,61757,26.33,1.21,0.18,1
07-06-2024 12:00,EDT,CAPITL,61757,25.78,1.18,-0.1,1
07-06-2024 13:00,EDT,CAPITL,61757,26.44,1.27,-0.22,1
07-06-2024 14:00,EDT,CAPITL,61757,26.57,1.32,-0.39,1
07-06-2024 15:00,EDT,CAPITL,61757,27.05,1.36,-0.51,1
07-06-2024 16:00,EDT,CAPITL,61757,28.28,1.41,-0.79,1
07-06-2024 17:00,EDT,CAPITL,61757,32.45,1.72,-0.62,1
07-06-2024 18:00,EDT,CAPITL,61757,32.38,1.73,-0.37,1
07-06-2024 19:00,EDT,CAPITL,61757,32.72,1.88,0,1
07-06-2024 20:00,EDT,CAPITL,61757,29.46,1.61,0,1
07-06-2024 21:00,EDT,CAPITL,61757,27.6,1.51,0,1
07-06-2024 22:00,EDT,CAPITL,61757,24.85,1.27,0,1
07-06-2024 23:00,EDT,CAPITL,61757,23.1,1.16,0,1
08-06-2024 00:00,EDT,CAPITL,61757,23.84,1.22,0,1
08-06-2024 01:00,EDT,CAPITL,61757,20.46,1.14,0,1
08-06-2024 02:00,EDT,CAPITL,61757,19.68,1.09,-0.07,1
08-06-2024 03:00,EDT,CAPITL,61757,18.12,0.99,0,1
08-06-2024 04:00,EDT,CAPITL,61757,17.69,0.95,0,1
08-06-2024 05:00,EDT,CAPITL,61757,18.55,0.98,0,1
08-06-2024 06:00,EDT,CAPITL,61757,18.32,0.92,0,1
08-06-2024 07:00,EDT,CAPITL,61757,18.7,0.86,0,1
08-06-2024 08:00,EDT,CAPITL,61757,19.41,1.01,0,1
08-06-2024 09:00,EDT,CAPITL,61757,19.85,0.91,0,1
08-06-2024 10:00,EDT,CAPITL,61757,20.31,0.91,0,1
08-06-2024 11:00,EDT,CAPITL,61757,20.55,0.94,0,1
08-06-2024 12:00,EDT,CAPITL,61757,20.77,0.97,0,1
08-06-2024 13:00,EDT,CAPITL,61757,21.14,0.95,0,1
08-06-2024 14:00,EDT,CAPITL,61757,20.76,0.99,-0.03,1
08-06-2024 15:00,EDT,CAPITL,61757,21.02,1.01,-0.17,1
08-06-2024 16:00,EDT,CAPITL,61757,22.9,1.08,-0.25,1
08-06-2024 17:00,EDT,CAPITL,61757,25.69,1.23,-0.27,1
08-06-2024 18:00,EDT,CAPITL,61757,28.76,1.43,-0.41,1
08-06-2024 19:00,EDT,CAPITL,61757,30.95,1.64,0,1
08-06-2024 20:00,EDT,CAPITL,61757,27.6,1.39,0,1
08-06-2024 21:00,EDT,CAPITL,61757,25.02,1.3,0,1
08-06-2024 22:00,EDT,CAPITL,61757,24.17,1.17,0,1
08-06-2024 23:00,EDT,CAPITL,61757,22.25,0.98,0,1
09-06-2024 00:00,EDT,CAPITL,61757,20.25,1.04,0,1
09-06-2024 01:00,EDT,CAPITL,61757,17.75,1,0,1
09-06-2024 02:00,EDT,CAPITL,61757,16.8,0.89,0,1
09-06-2024 03:00,EDT,CAPITL,61757,15.95,0.85,0,1
09-06-2024 04:00,EDT,CAPITL,61757,15.29,0.8,0,1
09-06-2024 05:00,EDT,CAPITL,61757,15.64,0.79,0,1
09-06-2024 06:00,EDT,CAPITL,61757,14.9,0.76,0,1
09-06-2024 07:00,EDT,CAPITL,61757,16.02,0.82,0,1
09-06-2024 08:00,EDT,CAPITL,61757,17.61,0.97,0,1
09-06-2024 09:00,EDT,CAPITL,61757,18.41,0.96,0,1
09-06-2024 10:00,EDT,CAPITL,61757,19.26,0.95,0,1
09-06-2024 11:00,EDT,CAPITL,61757,19.44,0.98,0,1
09-06-2024 12:00,EDT,CAPITL,61757,19.1,0.86,0,1
09-06-2024 13:00,EDT,CAPITL,61757,19.46,0.89,0,1
09-06-2024 14:00,EDT,CAPITL,61757,19.95,0.88,0,1
09-06-2024 15:00,EDT,CAPITL,61757,18.66,0.85,-0.07,1
09-06-2024 16:00,EDT,CAPITL,61757,20.74,0.97,-0.01,1
09-06-2024 17:00,EDT,CAPITL,61757,24.33,1.2,0,1
09-06-2024 18:00,EDT,CAPITL,61757,26.74,1.39,0,1
09-06-2024 19:00,EDT,CAPITL,61757,26.85,1.49,-0.03,1
09-06-2024 20:00,EDT,CAPITL,61757,25.96,1.47,0,1
09-06-2024 21:00,EDT,CAPITL,61757,24.43,1.34,0,1
09-06-2024 22:00,EDT,CAPITL,61757,22.32,1.16,0,1
09-06-2024 23:00,EDT,CAPITL,61757,21.3,0.94,0,1
10-06-2024 00:00,EDT,CAPITL,61757,19.88,0.96,0,1
10-06-2024 01:00,EDT,CAPITL,61757,17.63,0.92,0,1
10-06-2024 02:00,EDT,CAPITL,61757,16.66,0.87,0,1
10-06-2024 03:00,EDT,CAPITL,61757,15.32,0.8,0,1
10-06-2024 04:00,EDT,CAPITL,61757,16.03,0.78,0,1
10-06-2024 05:00,EDT,CAPITL,61757,17.04,0.8,0,1
10-06-2024 06:00,EDT,CAPITL,61757,20.48,1.01,0,1
10-06-2024 07:00,EDT,CAPITL,61757,22.1,0.97,0,1
10-06-2024 08:00,EDT,CAPITL,61757,22.35,0.96,0,1
10-06-2024 09:00,EDT,CAPITL,61757,20.79,0.86,0,1
10-06-2024 10:00,EDT,CAPITL,61757,20.52,0.86,0,1
10-06-2024 11:00,EDT,CAPITL,61757,20.9,0.9,0,1
10-06-2024 12:00,EDT,CAPITL,61757,21.31,0.86,0,1
10-06-2024 13:00,EDT,CAPITL,61757,21.73,0.94,0,1
10-06-2024 14:00,EDT,CAPITL,61757,21.71,0.91,0,1
10-06-2024 15:00,EDT,CAPITL,61757,22.57,1.01,-0.02,1
10-06-2024 16:00,EDT,CAPITL,61757,24.99,1.12,0.04,1
10-06-2024 17:00,EDT,CAPITL,61757,26.87,1.32,-0.21,1
10-06-2024 18:00,EDT,CAPITL,61757,29.72,1.52,0,1
10-06-2024 19:00,EDT,CAPITL,61757,29.98,1.53,0,1
10-06-2024 20:00,EDT,CAPITL,61757,29.13,1.49,0,1
10-06-2024 21:00,EDT,CAPITL,61757,25.52,1.28,0,1
10-06-2024 22:00,EDT,CAPITL,61757,22.83,1.02,0,1
10-06-2024 23:00,EDT,CAPITL,61757,21.42,0.8,0,1
11-06-2024 00:00,EDT,CAPITL,61757,19.84,0.84,0,1
11-06-2024 01:00,EDT,CAPITL,61757,18.64,0.9,0,1
11-06-2024 02:00,EDT,CAPITL,61757,16.9,0.76,0,1
11-06-2024 03:00,EDT,CAPITL,61757,16.34,0.75,0,1
11-06-2024 04:00,EDT,CAPITL,61757,16.27,0.73,0,1
11-06-2024 05:00,EDT,CAPITL,61757,17.89,0.77,0,1
11-06-2024 06:00,EDT,CAPITL,61757,21.09,0.89,0,1
11-06-2024 07:00,EDT,CAPITL,61757,21.82,0.86,0,1
11-06-2024 08:00,EDT,CAPITL,61757,22.5,0.89,0,1
11-06-2024 09:00,EDT,CAPITL,61757,20.62,0.68,0,1
11-06-2024 10:00,EDT,CAPITL,61757,21.45,0.77,0,1
11-06-2024 11:00,EDT,CAPITL,61757,21.31,0.7,0,1
11-06-2024 12:00,EDT,CAPITL,61757,21.95,0.8,0,1
11-06-2024 13:00,EDT,CAPITL,61757,22.39,0.86,0,1
11-06-2024 14:00,EDT,CAPITL,61757,22.52,0.84,0,1
11-06-2024 15:00,EDT,CAPITL,61757,23.07,0.89,0,1
11-06-2024 16:00,EDT,CAPITL,61757,25.91,1.09,0,1
11-06-2024 17:00,EDT,CAPITL,61757,29.54,1.38,0,1
11-06-2024 18:00,EDT,CAPITL,61757,31.08,1.76,0,1
11-06-2024 19:00,EDT,CAPITL,61757,31.24,1.71,0,1
11-06-2024 20:00,EDT,CAPITL,61757,30.65,1.62,0,1
11-06-2024 21:00,EDT,CAPITL,61757,27.11,1.34,0,1
11-06-2024 22:00,EDT,CAPITL,61757,24.2,1.11,0,1
11-06-2024 23:00,EDT,CAPITL,61757,21.86,0.86,0,1
12-06-2024 00:00,EDT,CAPITL,61757,22.32,1.05,-2.11,1
12-06-2024 01:00,EDT,CAPITL,61757,20.99,0.91,-3.46,1
12-06-2024 02:00,EDT,CAPITL,61757,18.38,0.84,-1.69,1
12-06-2024 03:00,EDT,CAPITL,61757,16.78,0.8,-0.96,1
12-06-2024 04:00,EDT,CAPITL,61757,15.97,0.8,-0.05,1
12-06-2024 05:00,EDT,CAPITL,61757,17.91,0.9,0,1
12-06-2024 06:00,EDT,CAPITL,61757,23.07,1.05,-2.11,1
12-06-2024 07:00,EDT,CAPITL,61757,22.81,0.96,0,1
12-06-2024 08:00,EDT,CAPITL,61757,22.63,0.95,0,1
12-06-2024 09:00,EDT,CAPITL,61757,22.25,0.9,0,1
12-06-2024 10:00,EDT,CAPITL,61757,22.33,0.84,0,1
12-06-2024 11:00,EDT,CAPITL,61757,22.33,0.84,0,1
12-06-2024 12:00,EDT,CAPITL,61757,22.58,0.83,0,1
12-06-2024 13:00,EDT,CAPITL,61757,23.14,0.8,0,1
12-06-2024 14:00,EDT,CAPITL,61757,24.4,0.91,0,1
12-06-2024 15:00,EDT,CAPITL,61757,25.42,0.88,0,1
12-06-2024 16:00,EDT,CAPITL,61757,26.82,1.01,0,1
12-06-2024 17:00,EDT,CAPITL,61757,32.4,1.54,0,1
12-06-2024 18:00,EDT,CAPITL,61757,34.57,1.8,0,1
12-06-2024 19:00,EDT,CAPITL,61757,34.93,1.88,0,1
12-06-2024 20:00,EDT,CAPITL,61757,32.45,1.81,0,1
12-06-2024 21:00,EDT,CAPITL,61757,28.93,1.46,0,1
12-06-2024 22:00,EDT,CAPITL,61757,25.72,1.18,0,1
12-06-2024 23:00,EDT,CAPITL,61757,23.29,1.11,0,1
13-06-2024 00:00,EDT,CAPITL,61757,21.98,1.11,0,1
13-06-2024 01:00,EDT,CAPITL,61757,20.08,1.05,-0.58,1
13-06-2024 02:00,EDT,CAPITL,61757,19.79,0.97,-2.06,1
13-06-2024 03:00,EDT,CAPITL,61757,19.46,0.87,-2.72,1
13-06-2024 04:00,EDT,CAPITL,61757,19.34,0.9,-2.16,1
13-06-2024 05:00,EDT,CAPITL,61757,20.83,0.98,-2.34,1
13-06-2024 06:00,EDT,CAPITL,61757,21.52,1.14,0,1
13-06-2024 07:00,EDT,CAPITL,61757,23.08,1.16,0,1
13-06-2024 08:00,EDT,CAPITL,61757,23.8,1.24,0,1
13-06-2024 09:00,EDT,CAPITL,61757,23.69,1.08,0,1
13-06-2024 10:00,EDT,CAPITL,61757,25.37,1.05,0,1
13-06-2024 11:00,EDT,CAPITL,61757,25.62,1.13,0,1
13-06-2024 12:00,EDT,CAPITL,61757,26.23,1.15,0,1
13-06-2024 13:00,EDT,CAPITL,61757,27.85,1.17,0,1
13-06-2024 14:00,EDT,CAPITL,61757,28.94,1.3,0,1
13-06-2024 15:00,EDT,CAPITL,61757,31.31,1.46,0,1
13-06-2024 16:00,EDT,CAPITL,61757,38.37,1.96,0,1
13-06-2024 17:00,EDT,CAPITL,61757,41.45,2.27,0,1
13-06-2024 18:00,EDT,CAPITL,61757,42.52,2.44,0,1
13-06-2024 19:00,EDT,CAPITL,61757,40.66,2.3,0,1
13-06-2024 20:00,EDT,CAPITL,61757,44.32,2.18,-6.92,1
13-06-2024 21:00,EDT,CAPITL,61757,33.82,1.85,0,1
13-06-2024 22:00,EDT,CAPITL,61757,29.39,1.61,0,1
13-06-2024 23:00,EDT,CAPITL,61757,26.16,1.29,0,1
14-06-2024 00:00,EDT,CAPITL,61757,25.68,1.22,0,1
14-06-2024 01:00,EDT,CAPITL,61757,23.63,1.21,0,1
14-06-2024 02:00,EDT,CAPITL,61757,21.75,1.11,0,1
14-06-2024 03:00,EDT,CAPITL,61757,19.66,1.01,0,1
14-06-2024 04:00,EDT,CAPITL,61757,20.4,1.06,0,1
14-06-2024 05:00,EDT,CAPITL,61757,22.23,1.1,0,1
14-06-2024 06:00,EDT,CAPITL,61757,25.19,1.2,0,1
14-06-2024 07:00,EDT,CAPITL,61757,25.71,1.2,0,1
14-06-2024 08:00,EDT,CAPITL,61757,26.79,1.2,0,1
14-06-2024 09:00,EDT,CAPITL,61757,27.58,1.27,0.2,1
14-06-2024 10:00,EDT,CAPITL,61757,29.85,1.41,0.25,1
14-06-2024 11:00,EDT,CAPITL,61757,32.68,1.46,0.45,1
14-06-2024 12:00,EDT,CAPITL,61757,34.52,1.55,0.59,1
14-06-2024 13:00,EDT,CAPITL,61757,35.54,1.68,0.5,1
14-06-2024 14:00,EDT,CAPITL,61757,35.79,1.72,0.25,1
14-06-2024 15:00,EDT,CAPITL,61757,35.53,1.64,0.2,1
14-06-2024 16:00,EDT,CAPITL,61757,36.7,1.81,0,1
14-06-2024 17:00,EDT,CAPITL,61757,40.07,1.94,0,1
14-06-2024 18:00,EDT,CAPITL,61757,40.45,2,0,1
14-06-2024 19:00,EDT,CAPITL,61757,38.64,1.84,0,1
14-06-2024 20:00,EDT,CAPITL,61757,35.7,1.64,0,1
14-06-2024 21:00,EDT,CAPITL,61757,32.74,1.71,0,1
14-06-2024 22:00,EDT,CAPITL,61757,29.81,1.58,0,1
14-06-2024 23:00,EDT,CAPITL,61757,27.75,1.35,0,1
15-06-2024 00:00,EDT,CAPITL,61757,26.23,1.2,0,1
15-06-2024 01:00,EDT,CAPITL,61757,23.49,1.12,0,1
15-06-2024 02:00,EDT,CAPITL,61757,21.85,1.02,0,1
15-06-2024 03:00,EDT,CAPITL,61757,20.38,0.95,0,1
15-06-2024 04:00,EDT,CAPITL,61757,19.82,0.91,0,1
15-06-2024 05:00,EDT,CAPITL,61757,21.22,0.97,0,1
15-06-2024 06:00,EDT,CAPITL,61757,21.87,0.96,0,1
15-06-2024 07:00,EDT,CAPITL,61757,21.5,0.85,0,1
15-06-2024 08:00,EDT,CAPITL,61757,22.82,1.02,0,1
15-06-2024 09:00,EDT,CAPITL,61757,22.37,0.84,0,1
15-06-2024 10:00,EDT,CAPITL,61757,21.79,0.72,0,1
15-06-2024 11:00,EDT,CAPITL,61757,22.08,0.73,0,1
15-06-2024 12:00,EDT,CAPITL,61757,22.08,0.68,0,1
15-06-2024 13:00,EDT,CAPITL,61757,22.01,0.66,0,1
15-06-2024 14:00,EDT,CAPITL,61757,22.41,0.74,0,1
15-06-2024 15:00,EDT,CAPITL,61757,22.74,0.88,0,1
15-06-2024 16:00,EDT,CAPITL,61757,26.45,1.11,0,1
15-06-2024 17:00,EDT,CAPITL,61757,30.58,1.46,0,1
15-06-2024 18:00,EDT,CAPITL,61757,32.75,1.65,0,1
15-06-2024 19:00,EDT,CAPITL,61757,31.84,1.63,0,1
15-06-2024 20:00,EDT,CAPITL,61757,29.67,1.52,0,1
15-06-2024 21:00,EDT,CAPITL,61757,27.32,1.3,0,1
15-06-2024 22:00,EDT,CAPITL,61757,26.24,1.2,0,1
15-06-2024 23:00,EDT,CAPITL,61757,24.49,0.99,0,1
16-06-2024 00:00,EDT,CAPITL,61757,21.83,1.02,0,1
16-06-2024 01:00,EDT,CAPITL,61757,21.64,1.01,0,1
16-06-2024 02:00,EDT,CAPITL,61757,19.19,0.9,0,1
16-06-2024 03:00,EDT,CAPITL,61757,17.74,0.81,0,1
16-06-2024 04:00,EDT,CAPITL,61757,17.04,0.77,0,1
16-06-2024 05:00,EDT,CAPITL,61757,17.67,0.79,0,1
16-06-2024 06:00,EDT,CAPITL,61757,17.1,0.72,0,1
16-06-2024 07:00,EDT,CAPITL,61757,17.12,0.67,0,1
16-06-2024 08:00,EDT,CAPITL,61757,16.33,0.64,0,1
16-06-2024 09:00,EDT,CAPITL,61757,16.57,0.61,0,1
16-06-2024 10:00,EDT,CAPITL,61757,16.68,0.56,0,1
16-06-2024 11:00,EDT,CAPITL,61757,18.04,0.64,0,1
16-06-2024 12:00,EDT,CAPITL,61757,19.22,0.63,0,1
16-06-2024 13:00,EDT,CAPITL,61757,20.56,0.64,0,1
16-06-2024 14:00,EDT,CAPITL,61757,21.79,0.68,0,1
16-06-2024 15:00,EDT,CAPITL,61757,22.1,0.81,0,1
16-06-2024 16:00,EDT,CAPITL,61757,25.2,1.04,0,1
16-06-2024 17:00,EDT,CAPITL,61757,30.01,1.48,0,1
16-06-2024 18:00,EDT,CAPITL,61757,33.38,1.8,0,1
16-06-2024 19:00,EDT,CAPITL,61757,31.97,1.75,0,1
16-06-2024 20:00,EDT,CAPITL,61757,30,1.67,0,1
16-06-2024 21:00,EDT,CAPITL,61757,26.22,1.39,0,1
16-06-2024 22:00,EDT,CAPITL,61757,24.09,1.21,0,1
16-06-2024 23:00,EDT,CAPITL,61757,22.66,1.06,0,1
17-06-2024 00:00,EDT,CAPITL,61757,22.08,1.07,0,1
17-06-2024 01:00,EDT,CAPITL,61757,20.61,1,0,1
17-06-2024 02:00,EDT,CAPITL,61757,18.25,0.89,0,1
17-06-2024 03:00,EDT,CAPITL,61757,17.57,0.84,0,1
17-06-2024 04:00,EDT,CAPITL,61757,17.54,0.83,0,1
17-06-2024 05:00,EDT,CAPITL,61757,19.88,0.91,0,1
17-06-2024 06:00,EDT,CAPITL,61757,22.54,1.07,0,1
17-06-2024 07:00,EDT,CAPITL,61757,25.23,1.16,0,1
17-06-2024 08:00,EDT,CAPITL,61757,26.91,1.31,0,1
17-06-2024 09:00,EDT,CAPITL,61757,28.01,1.21,0,1
17-06-2024 10:00,EDT,CAPITL,61757,30.82,1.07,0,1
17-06-2024 11:00,EDT,CAPITL,61757,32.46,1.01,0,1
17-06-2024 12:00,EDT,CAPITL,61757,36.53,1.13,0,1
17-06-2024 13:00,EDT,CAPITL,61757,39.17,1.18,0,1
17-06-2024 14:00,EDT,CAPITL,61757,41.37,1.28,0,1
17-06-2024 15:00,EDT,CAPITL,61757,44.18,1.45,0.01,1
17-06-2024 16:00,EDT,CAPITL,61757,53.92,1.77,0,1
17-06-2024 17:00,EDT,CAPITL,61757,65.54,2.15,1.7,1
17-06-2024 18:00,EDT,CAPITL,61757,66.29,2.17,1.65,1
17-06-2024 19:00,EDT,CAPITL,61757,59.84,2.03,0.28,1
17-06-2024 20:00,EDT,CAPITL,61757,51.54,2.12,0,1
17-06-2024 21:00,EDT,CAPITL,61757,42.5,1.83,0,1
17-06-2024 22:00,EDT,CAPITL,61757,39.86,1.72,0,1
17-06-2024 23:00,EDT,CAPITL,61757,33.54,1.48,0,1
18-06-2024 00:00,EDT,CAPITL,61757,34.96,1.51,0,1
18-06-2024 01:00,EDT,CAPITL,61757,31,1.36,0,1
18-06-2024 02:00,EDT,CAPITL,61757,28.76,1.21,0,1
18-06-2024 03:00,EDT,CAPITL,61757,27.71,1.17,0,1
18-06-2024 04:00,EDT,CAPITL,61757,27.73,1.17,0,1
18-06-2024 05:00,EDT,CAPITL,61757,28.45,1.2,0,1
18-06-2024 06:00,EDT,CAPITL,61757,31.48,1.33,0,1
18-06-2024 07:00,EDT,CAPITL,61757,34.07,1.4,0,1
18-06-2024 08:00,EDT,CAPITL,61757,37.25,1.64,0,1
18-06-2024 09:00,EDT,CAPITL,61757,41.34,1.67,0,1
18-06-2024 10:00,EDT,CAPITL,61757,48.68,1.87,0,1
18-06-2024 11:00,EDT,CAPITL,61757,56.66,2.33,0,1
18-06-2024 12:00,EDT,CAPITL,61757,64.41,2.71,0,1
18-06-2024 13:00,EDT,CAPITL,61757,71.23,3.33,0,1
18-06-2024 14:00,EDT,CAPITL,61757,80.11,3.52,0,1
18-06-2024 15:00,EDT,CAPITL,61757,85.53,3.92,0,1
18-06-2024 16:00,EDT,CAPITL,61757,109.61,4.72,0,1
18-06-2024 17:00,EDT,CAPITL,61757,128.99,5.91,0,1
18-06-2024 18:00,EDT,CAPITL,61757,128.87,6.71,0,1
18-06-2024 19:00,EDT,CAPITL,61757,110.02,5.83,0,1
18-06-2024 20:00,EDT,CAPITL,61757,94.69,5.19,0,1
18-06-2024 21:00,EDT,CAPITL,61757,69.68,3.63,0,1
18-06-2024 22:00,EDT,CAPITL,61757,53.24,2.77,0,1
18-06-2024 23:00,EDT,CAPITL,61757,45.46,2.37,0,1
19-06-2024 00:00,EDT,CAPITL,61757,39.21,2.25,0,1
19-06-2024 01:00,EDT,CAPITL,61757,36.5,2.13,0,1
19-06-2024 02:00,EDT,CAPITL,61757,35.22,1.83,0,1
19-06-2024 03:00,EDT,CAPITL,61757,32.78,1.77,0,1
19-06-2024 04:00,EDT,CAPITL,61757,34.04,1.71,0,1
19-06-2024 05:00,EDT,CAPITL,61757,35.11,1.77,0,1
19-06-2024 06:00,EDT,CAPITL,61757,36.39,2.06,0,1
19-06-2024 07:00,EDT,CAPITL,61757,39.77,2.07,0,1
19-06-2024 08:00,EDT,CAPITL,61757,43.05,2.32,0,1
19-06-2024 09:00,EDT,CAPITL,61757,48.99,2.46,0,1
19-06-2024 10:00,EDT,CAPITL,61757,58.3,2.72,0,1
19-06-2024 11:00,EDT,CAPITL,61757,67.69,3.34,0,1
19-06-2024 12:00,EDT,CAPITL,61757,72.8,3.38,-1.69,1
19-06-2024 13:00,EDT,CAPITL,61757,79.95,4.15,-2.91,1
19-06-2024 14:00,EDT,CAPITL,61757,90.46,4.6,-7.83,1
19-06-2024 15:00,EDT,CAPITL,61757,102.36,5.51,-12.05,1
19-06-2024 16:00,EDT,CAPITL,61757,164.9,6.46,-50.68,1
19-06-2024 17:00,EDT,CAPITL,61757,223.67,7.72,-87.19,1
19-06-2024 18:00,EDT,CAPITL,61757,279.98,6.98,-162.26,1
19-06-2024 19:00,EDT,CAPITL,61757,294,5.41,-202.82,1
19-06-2024 20:00,EDT,CAPITL,61757,208.87,4.92,-127.16,1
19-06-2024 21:00,EDT,CAPITL,61757,124.98,3.79,-61.08,1
19-06-2024 22:00,EDT,CAPITL,61757,72,3.59,-13.19,1
19-06-2024 23:00,EDT,CAPITL,61757,54.26,3.22,0,1
20-06-2024 00:00,EDT,CAPITL,61757,37.64,2.13,0,1
20-06-2024 01:00,EDT,CAPITL,61757,33.98,1.68,0,1
20-06-2024 02:00,EDT,CAPITL,61757,33.14,1.64,0,1
20-06-2024 03:00,EDT,CAPITL,61757,31.96,1.52,0,1
20-06-2024 04:00,EDT,CAPITL,61757,32,1.52,0,1
20-06-2024 05:00,EDT,CAPITL,61757,32.06,1.44,0,1
20-06-2024 06:00,EDT,CAPITL,61757,30.72,1.35,0,1
20-06-2024 07:00,EDT,CAPITL,61757,40.96,2.17,0,1
20-06-2024 08:00,EDT,CAPITL,61757,42.2,2.27,0,1
20-06-2024 09:00,EDT,CAPITL,61757,49.8,2.64,0,1
20-06-2024 10:00,EDT,CAPITL,61757,59.32,2.77,0,1
20-06-2024 11:00,EDT,CAPITL,61757,69.24,3.17,0,1
20-06-2024 12:00,EDT,CAPITL,61757,74.5,3.61,0,1
20-06-2024 13:00,EDT,CAPITL,61757,84.5,4.03,0.24,1
20-06-2024 14:00,EDT,CAPITL,61757,96.48,5.06,0.55,1
20-06-2024 15:00,EDT,CAPITL,61757,113.92,5.83,-7.53,1
20-06-2024 16:00,EDT,CAPITL,61757,137.47,6.96,-3.9,1
20-06-2024 17:00,EDT,CAPITL,61757,163.83,8.67,-10.67,1
20-06-2024 18:00,EDT,CAPITL,61757,139.89,7.74,-7.39,1
20-06-2024 19:00,EDT,CAPITL,61757,110,5.98,-11.9,1
20-06-2024 20:00,EDT,CAPITL,61757,103.4,4.97,-23.09,1
20-06-2024 21:00,EDT,CAPITL,61757,95,4.51,-22.19,1
20-06-2024 22:00,EDT,CAPITL,61757,53.29,3.06,0,1
20-06-2024 23:00,EDT,CAPITL,61757,46.39,2.63,0,1
21-06-2024 00:00,EDT,CAPITL,61757,38.8,2.27,0,1
21-06-2024 01:00,EDT,CAPITL,61757,36.41,2.06,0,1
21-06-2024 02:00,EDT,CAPITL,61757,33.76,1.7,0,1
21-06-2024 03:00,EDT,CAPITL,61757,33,1.63,0,1
21-06-2024 04:00,EDT,CAPITL,61757,32.04,1.61,0,1
21-06-2024 05:00,EDT,CAPITL,61757,33.32,1.62,0,1
21-06-2024 06:00,EDT,CAPITL,61757,35.97,1.78,0,1
21-06-2024 07:00,EDT,CAPITL,61757,39.8,2.07,0,1
21-06-2024 08:00,EDT,CAPITL,61757,44.09,2.42,0,1
21-06-2024 09:00,EDT,CAPITL,61757,50.05,2.7,0,1
21-06-2024 10:00,EDT,CAPITL,61757,52.94,2.62,0,1
21-06-2024 11:00,EDT,CAPITL,61757,60.5,3.04,0,1
21-06-2024 12:00,EDT,CAPITL,61757,65.33,3.23,0,1
21-06-2024 13:00,EDT,CAPITL,61757,70.66,3.3,0,1
21-06-2024 14:00,EDT,CAPITL,61757,77.83,3.84,0,1
21-06-2024 15:00,EDT,CAPITL,61757,91.45,4.92,-0.22,1
21-06-2024 16:00,EDT,CAPITL,61757,100.41,5.41,0,1
21-06-2024 17:00,EDT,CAPITL,61757,119.44,6.76,0,1
21-06-2024 18:00,EDT,CAPITL,61757,104.57,6.11,0,1
21-06-2024 19:00,EDT,CAPITL,61757,77.15,4.51,0,1
21-06-2024 20:00,EDT,CAPITL,61757,66.45,3.82,0,1
21-06-2024 21:00,EDT,CAPITL,61757,59.82,3.44,0,1
21-06-2024 22:00,EDT,CAPITL,61757,51.43,2.68,0,1
21-06-2024 23:00,EDT,CAPITL,61757,41.51,2.13,0,1
22-06-2024 00:00,EDT,CAPITL,61757,35.27,1.55,0,1
22-06-2024 01:00,EDT,CAPITL,61757,30.91,1.42,0,1
22-06-2024 02:00,EDT,CAPITL,61757,28.97,1.3,0,1
22-06-2024 03:00,EDT,CAPITL,61757,28.73,1.32,0,1
22-06-2024 04:00,EDT,CAPITL,61757,28.5,1.2,0,1
22-06-2024 05:00,EDT,CAPITL,61757,28.53,1.2,0,1
22-06-2024 06:00,EDT,CAPITL,61757,28.42,1.2,0,1
22-06-2024 07:00,EDT,CAPITL,61757,28.6,1.18,0,1
22-06-2024 08:00,EDT,CAPITL,61757,32.28,1.42,0,1
22-06-2024 09:00,EDT,CAPITL,61757,34.83,1.54,0.08,1
22-06-2024 10:00,EDT,CAPITL,61757,36.41,1.76,0.51,1
22-06-2024 11:00,EDT,CAPITL,61757,38.5,1.9,0.63,1
22-06-2024 12:00,EDT,CAPITL,61757,41.95,2.08,0.87,1
22-06-2024 13:00,EDT,CAPITL,61757,42.01,1.89,0.88,1
22-06-2024 14:00,EDT,CAPITL,61757,43.24,1.82,0.99,1
22-06-2024 15:00,EDT,CAPITL,61757,49.3,2.23,1.48,1
22-06-2024 16:00,EDT,CAPITL,61757,54.51,2.63,1.82,1
22-06-2024 17:00,EDT,CAPITL,61757,62.19,3.07,2.29,1
22-06-2024 18:00,EDT,CAPITL,61757,61.54,3.32,2.19,1
22-06-2024 19:00,EDT,CAPITL,61757,51.2,2.77,0.99,1
22-06-2024 20:00,EDT,CAPITL,61757,44.28,2.37,0.51,1
22-06-2024 21:00,EDT,CAPITL,61757,39.63,2.13,0.56,1
22-06-2024 22:00,EDT,CAPITL,61757,37.07,1.87,0.07,1
22-06-2024 23:00,EDT,CAPITL,61757,32.88,1.45,0.08,1
23-06-2024 00:00,EDT,CAPITL,61757,32.74,1.59,0,1
23-06-2024 01:00,EDT,CAPITL,61757,28.75,1.34,0,1
23-06-2024 02:00,EDT,CAPITL,61757,27.95,1.15,0,1
23-06-2024 03:00,EDT,CAPITL,61757,27.21,1.17,0,1
23-06-2024 04:00,EDT,CAPITL,61757,27.08,1.17,0,1
23-06-2024 05:00,EDT,CAPITL,61757,26.47,1.14,0,1
23-06-2024 06:00,EDT,CAPITL,61757,26.8,1.1,0,1
23-06-2024 07:00,EDT,CAPITL,61757,27.75,1.07,0,1
23-06-2024 08:00,EDT,CAPITL,61757,28.64,1.29,0,1
23-06-2024 09:00,EDT,CAPITL,61757,29.72,1.55,0,1
23-06-2024 10:00,EDT,CAPITL,61757,34.94,1.79,0,1
23-06-2024 11:00,EDT,CAPITL,61757,35.96,1.85,0.16,1
23-06-2024 12:00,EDT,CAPITL,61757,37.04,2.11,0.23,1
23-06-2024 13:00,EDT,CAPITL,61757,40,2.21,0.38,1
23-06-2024 14:00,EDT,CAPITL,61757,43.1,2.26,-1.79,1
23-06-2024 15:00,EDT,CAPITL,61757,51.98,2.24,-11.74,1
23-06-2024 16:00,EDT,CAPITL,61757,53.73,2.66,-5.18,1
23-06-2024 17:00,EDT,CAPITL,61757,57.19,3.29,0.05,1
23-06-2024 18:00,EDT,CAPITL,61757,57.86,3.43,0.03,1
23-06-2024 19:00,EDT,CAPITL,61757,51.15,3.03,0,1
23-06-2024 20:00,EDT,CAPITL,61757,45.29,2.6,0,1
23-06-2024 21:00,EDT,CAPITL,61757,43.08,2.52,0.05,1
23-06-2024 22:00,EDT,CAPITL,61757,37.62,2.1,0,1
23-06-2024 23:00,EDT,CAPITL,61757,35.68,1.67,0,1
24-06-2024 00:00,EDT,CAPITL,61757,30.58,1.65,0,1
24-06-2024 01:00,EDT,CAPITL,61757,28.7,1.42,0,1
24-06-2024 02:00,EDT,CAPITL,61757,26.95,1.28,0,1
24-06-2024 03:00,EDT,CAPITL,61757,25.99,1.26,0,1
24-06-2024 04:00,EDT,CAPITL,61757,25.69,1.2,0,1
24-06-2024 05:00,EDT,CAPITL,61757,27.39,1.28,0,1
24-06-2024 06:00,EDT,CAPITL,61757,30.2,1.52,0,1
24-06-2024 07:00,EDT,CAPITL,61757,33.44,1.56,0,1
24-06-2024 08:00,EDT,CAPITL,61757,35.55,1.69,0,1
24-06-2024 09:00,EDT,CAPITL,61757,35.39,1.65,0,1
24-06-2024 10:00,EDT,CAPITL,61757,36.15,1.69,0,1
24-06-2024 11:00,EDT,CAPITL,61757,35.92,1.55,0,1
24-06-2024 12:00,EDT,CAPITL,61757,36.74,1.68,0,1
24-06-2024 13:00,EDT,CAPITL,61757,38.25,1.75,0,1
24-06-2024 14:00,EDT,CAPITL,61757,38.35,1.76,0,1
24-06-2024 15:00,EDT,CAPITL,61757,40.84,1.91,0,1
24-06-2024 16:00,EDT,CAPITL,61757,48.6,2.27,0,1
24-06-2024 17:00,EDT,CAPITL,61757,51.4,2.59,0,1
24-06-2024 18:00,EDT,CAPITL,61757,48.4,2.61,0,1
24-06-2024 19:00,EDT,CAPITL,61757,43.62,2.35,0,1
24-06-2024 20:00,EDT,CAPITL,61757,43.56,2.39,0,1
24-06-2024 21:00,EDT,CAPITL,61757,37.67,2.03,0,1
24-06-2024 22:00,EDT,CAPITL,61757,35.21,1.55,0,1
24-06-2024 23:00,EDT,CAPITL,61757,31.39,1.35,0,1
25-06-2024 00:00,EDT,CAPITL,61757,26.79,0.98,0,1
25-06-2024 01:00,EDT,CAPITL,61757,24.96,0.96,0,1
25-06-2024 02:00,EDT,CAPITL,61757,22.65,0.83,0,1
25-06-2024 03:00,EDT,CAPITL,61757,21.88,0.76,0,1
25-06-2024 04:00,EDT,CAPITL,61757,21.62,0.73,0,1
25-06-2024 05:00,EDT,CAPITL,61757,22.62,0.83,0,1
25-06-2024 06:00,EDT,CAPITL,61757,25.44,0.86,0,1
25-06-2024 07:00,EDT,CAPITL,61757,26.96,0.84,0,1
25-06-2024 08:00,EDT,CAPITL,61757,27.88,0.86,0,1
25-06-2024 09:00,EDT,CAPITL,61757,28.34,0.77,0,1
25-06-2024 10:00,EDT,CAPITL,61757,29.44,0.83,0,1
25-06-2024 11:00,EDT,CAPITL,61757,31.51,0.89,0.17,1
25-06-2024 12:00,EDT,CAPITL,61757,34.87,1.05,0,1
25-06-2024 13:00,EDT,CAPITL,61757,34.9,1.19,0.35,1
25-06-2024 14:00,EDT,CAPITL,61757,35.35,1.41,0.39,1
25-06-2024 15:00,EDT,CAPITL,61757,38.48,1.7,0.22,1
25-06-2024 16:00,EDT,CAPITL,61757,43.84,1.94,0.2,1
25-06-2024 17:00,EDT,CAPITL,61757,50.79,2.51,0,1
25-06-2024 18:00,EDT,CAPITL,61757,48.51,2.7,0,1
25-06-2024 19:00,EDT,CAPITL,61757,44.09,2.42,0,1
25-06-2024 20:00,EDT,CAPITL,61757,41.55,2.39,0,1
25-06-2024 21:00,EDT,CAPITL,61757,37.52,1.92,0,1
25-06-2024 22:00,EDT,CAPITL,61757,35.7,1.57,0,1
25-06-2024 23:00,EDT,CAPITL,61757,31.11,1.34,0,1
26-06-2024 00:00,EDT,CAPITL,61757,29.74,1.34,0,1
26-06-2024 01:00,EDT,CAPITL,61757,27.22,1.2,0,1
26-06-2024 02:00,EDT,CAPITL,61757,25.15,1.06,0,1
26-06-2024 03:00,EDT,CAPITL,61757,24.83,1.07,0,1
26-06-2024 04:00,EDT,CAPITL,61757,24.88,1.09,0,1
26-06-2024 05:00,EDT,CAPITL,61757,25.24,1.09,0,1
26-06-2024 06:00,EDT,CAPITL,61757,27.75,1.09,0,1
26-06-2024 07:00,EDT,CAPITL,61757,30.84,1.16,0,1
26-06-2024 08:00,EDT,CAPITL,61757,33.17,1.28,0,1
26-06-2024 09:00,EDT,CAPITL,61757,35.46,1.37,0,1
26-06-2024 10:00,EDT,CAPITL,61757,37.69,1.56,0.12,1
26-06-2024 11:00,EDT,CAPITL,61757,39.15,1.86,0,1
26-06-2024 12:00,EDT,CAPITL,61757,42.05,1.93,0,1
26-06-2024 13:00,EDT,CAPITL,61757,46.7,1.94,0.28,1
26-06-2024 14:00,EDT,CAPITL,61757,47.89,1.98,0.15,1
26-06-2024 15:00,EDT,CAPITL,61757,52.9,2.25,0.53,1
26-06-2024 16:00,EDT,CAPITL,61757,56.67,2.33,0,1
26-06-2024 17:00,EDT,CAPITL,61757,65.38,3.05,0,1
26-06-2024 18:00,EDT,CAPITL,61757,60.27,2.92,0,1
26-06-2024 19:00,EDT,CAPITL,61757,51.38,2.58,0,1
26-06-2024 20:00,EDT,CAPITL,61757,45.07,2.31,0,1
26-06-2024 21:00,EDT,CAPITL,61757,40.03,1.94,0,1
26-06-2024 22:00,EDT,CAPITL,61757,36.43,1.67,0,1
26-06-2024 23:00,EDT,CAPITL,61757,32.36,1.3,0,1
27-06-2024 00:00,EDT,CAPITL,61757,27.55,1.51,0,1
27-06-2024 01:00,EDT,CAPITL,61757,25.93,1.39,-0.1,1
27-06-2024 02:00,EDT,CAPITL,61757,24.35,1.21,-0.35,1
27-06-2024 03:00,EDT,CAPITL,61757,22.62,1.14,0,1
27-06-2024 04:00,EDT,CAPITL,61757,22.54,1.11,0,1
27-06-2024 05:00,EDT,CAPITL,61757,23,1.18,0,1
27-06-2024 06:00,EDT,CAPITL,61757,26.76,1.37,0,1
27-06-2024 07:00,EDT,CAPITL,61757,27.1,1.19,0,1
27-06-2024 08:00,EDT,CAPITL,61757,28.13,1.29,0,1
27-06-2024 09:00,EDT,CAPITL,61757,28.51,1.17,0,1
27-06-2024 10:00,EDT,CAPITL,61757,28.62,1.1,0,1
27-06-2024 11:00,EDT,CAPITL,61757,27.74,1.07,0,1
27-06-2024 12:00,EDT,CAPITL,61757,27.96,1.13,0,1
27-06-2024 13:00,EDT,CAPITL,61757,29.04,1.14,0,1
27-06-2024 14:00,EDT,CAPITL,61757,30.82,1.27,0,1
27-06-2024 15:00,EDT,CAPITL,61757,33.18,1.31,0,1
27-06-2024 16:00,EDT,CAPITL,61757,37.6,1.52,0,1
27-06-2024 17:00,EDT,CAPITL,61757,44.12,2.06,-1.68,1
27-06-2024 18:00,EDT,CAPITL,61757,41.88,2.22,0,1
27-06-2024 19:00,EDT,CAPITL,61757,37.94,1.98,0,1
27-06-2024 20:00,EDT,CAPITL,61757,35.45,1.78,0,1
27-06-2024 21:00,EDT,CAPITL,61757,29.71,1.47,0,1
27-06-2024 22:00,EDT,CAPITL,61757,29.43,1.4,0,1
27-06-2024 23:00,EDT,CAPITL,61757,27.05,1.46,0,1
28-06-2024 00:00,EDT,CAPITL,61757,26.45,1.33,0,1
28-06-2024 01:00,EDT,CAPITL,61757,23.87,1.16,0,1
28-06-2024 02:00,EDT,CAPITL,61757,22.13,1.05,0,1
28-06-2024 03:00,EDT,CAPITL,61757,21.08,0.98,0,1
28-06-2024 04:00,EDT,CAPITL,61757,21.14,1.01,0,1
28-06-2024 05:00,EDT,CAPITL,61757,21.62,1.05,0,1
28-06-2024 06:00,EDT,CAPITL,61757,24.63,1.13,0,1
28-06-2024 07:00,EDT,CAPITL,61757,24.84,1.07,0,1
28-06-2024 08:00,EDT,CAPITL,61757,24.62,0.99,0,1
28-06-2024 09:00,EDT,CAPITL,61757,24.19,0.77,0.03,1
28-06-2024 10:00,EDT,CAPITL,61757,24.01,0.68,0,1
28-06-2024 11:00,EDT,CAPITL,61757,24.34,0.73,0.02,1
28-06-2024 12:00,EDT,CAPITL,61757,25.23,0.78,0.01,1
28-06-2024 13:00,EDT,CAPITL,61757,26.03,0.81,0.1,1
28-06-2024 14:00,EDT,CAPITL,61757,26.13,0.94,0.13,1
28-06-2024 15:00,EDT,CAPITL,61757,27.9,1.05,0.19,1
28-06-2024 16:00,EDT,CAPITL,61757,31.63,1.17,0.44,1
28-06-2024 17:00,EDT,CAPITL,61757,35.28,1.59,0.21,1
28-06-2024 18:00,EDT,CAPITL,61757,35.12,1.8,0,1
28-06-2024 19:00,EDT,CAPITL,61757,34.16,1.84,0,1
28-06-2024 20:00,EDT,CAPITL,61757,31.4,1.66,0,1
28-06-2024 21:00,EDT,CAPITL,61757,27.5,1.46,0,1
28-06-2024 22:00,EDT,CAPITL,61757,26.38,1.42,0,1
28-06-2024 23:00,EDT,CAPITL,61757,24.94,1.25,0,1
29-06-2024 00:00,EDT,CAPITL,61757,26.04,1.01,-5.98,1
29-06-2024 01:00,EDT,CAPITL,61757,23.67,0.81,-7,1
29-06-2024 02:00,EDT,CAPITL,61757,20.36,0.77,-3.78,1
29-06-2024 03:00,EDT,CAPITL,61757,19.3,0.77,-2.73,1
29-06-2024 04:00,EDT,CAPITL,61757,19.43,0.76,-2.88,1
29-06-2024 05:00,EDT,CAPITL,61757,18.44,0.77,-1.86,1
29-06-2024 06:00,EDT,CAPITL,61757,20.43,0.76,-3.89,1
29-06-2024 07:00,EDT,CAPITL,61757,21.07,0.76,-4.47,1
29-06-2024 08:00,EDT,CAPITL,61757,21.3,0.91,-2.26,1
29-06-2024 09:00,EDT,CAPITL,61757,22.44,1.03,-0.01,1
29-06-2024 10:00,EDT,CAPITL,61757,23.12,1.06,0,1
29-06-2024 11:00,EDT,CAPITL,61757,24.12,1.17,0,1
29-06-2024 12:00,EDT,CAPITL,61757,24.83,1.18,0,1
29-06-2024 13:00,EDT,CAPITL,61757,24.83,1.18,0,1
29-06-2024 14:00,EDT,CAPITL,61757,25.23,1.31,0,1
29-06-2024 15:00,EDT,CAPITL,61757,26,1.38,0,1
29-06-2024 16:00,EDT,CAPITL,61757,32.46,1.39,-5.23,1
29-06-2024 17:00,EDT,CAPITL,61757,36.83,1.42,-9.16,1
29-06-2024 18:00,EDT,CAPITL,61757,36.35,1.51,-8.41,1
29-06-2024 19:00,EDT,CAPITL,61757,34.57,1.58,-6.62,1
29-06-2024 20:00,EDT,CAPITL,61757,32.16,1.64,-3.69,1
29-06-2024 21:00,EDT,CAPITL,61757,29.88,1.63,-2.38,1
29-06-2024 22:00,EDT,CAPITL,61757,26.56,1.57,0,1
29-06-2024 23:00,EDT,CAPITL,61757,26.14,1.48,0,1
30-06-2024 00:00,EDT,CAPITL,61757,28.62,1.4,-0.87,1
30-06-2024 01:00,EDT,CAPITL,61757,26.31,1.27,-1.42,1
30-06-2024 02:00,EDT,CAPITL,61757,26.34,1.21,-2.36,1
30-06-2024 03:00,EDT,CAPITL,61757,26.13,1.08,-5.35,1
30-06-2024 04:00,EDT,CAPITL,61757,24.4,1.03,-4.67,1
30-06-2024 05:00,EDT,CAPITL,61757,24.37,1.03,-4.54,1
30-06-2024 06:00,EDT,CAPITL,61757,25.3,1.02,-5.32,1
30-06-2024 07:00,EDT,CAPITL,61757,26,0.97,-6.08,1
30-06-2024 08:00,EDT,CAPITL,61757,26.68,1.25,-2.71,1
30-06-2024 09:00,EDT,CAPITL,61757,27.9,1.29,-3.05,1
30-06-2024 10:00,EDT,CAPITL,61757,28.7,1.28,-3.65,1
30-06-2024 11:00,EDT,CAPITL,61757,30.78,1.25,-5.96,1
30-06-2024 12:00,EDT,CAPITL,61757,33.66,1.2,-8.84,1
30-06-2024 13:00,EDT,CAPITL,61757,35.68,1.13,-10.98,1
30-06-2024 14:00,EDT,CAPITL,61757,36.57,1.02,-11.82,1
30-06-2024 15:00,EDT,CAPITL,61757,39.51,0.99,-16.61,1
30-06-2024 16:00,EDT,CAPITL,61757,44.16,1.06,-19.68,1
30-06-2024 17:00,EDT,CAPITL,61757,51.51,1.16,-25.64,1
30-06-2024 18:00,EDT,CAPITL,61757,53.46,1.25,-26.74,1
30-06-2024 19:00,EDT,CAPITL,61757,48.58,1.3,-21.71,1
30-06-2024 20:00,EDT,CAPITL,61757,47.45,1.32,-20.77,1
30-06-2024 21:00,EDT,CAPITL,61757,37.25,1.36,-9.67,1
30-06-2024 22:00,EDT,CAPITL,61757,33.22,1.32,-7.8,1
30-06-2024 23:00,EDT,CAPITL,61757,29.18,1.34,-1.6,1
01-07-2024 00:00,EDT,CAPITL,61757,27.78,1.35,0,1
01-07-2024 01:00,EDT,CAPITL,61757,25.26,1.32,0,1
01-07-2024 02:00,EDT,CAPITL,61757,23.57,1.16,0,1
01-07-2024 03:00,EDT,CAPITL,61757,22.59,1.14,0,1
01-07-2024 04:00,EDT,CAPITL,61757,21.53,1.08,0,1
01-07-2024 05:00,EDT,CAPITL,61757,22.65,1.16,0,1
01-07-2024 06:00,EDT,CAPITL,61757,25.74,1.41,0,1
01-07-2024 07:00,EDT,CAPITL,61757,26.01,1.31,0,1
01-07-2024 08:00,EDT,CAPITL,61757,27.53,1.43,0,1
01-07-2024 09:00,EDT,CAPITL,61757,26.09,1.19,0,1
01-07-2024 10:00,EDT,CAPITL,61757,26.42,1.11,0,1
01-07-2024 11:00,EDT,CAPITL,61757,26.5,1.14,0,1
01-07-2024 12:00,EDT,CAPITL,61757,26.54,1.12,0,1
01-07-2024 13:00,EDT,CAPITL,61757,26.87,1.06,0,1
01-07-2024 14:00,EDT,CAPITL,61757,28.62,1.23,0,1
01-07-2024 15:00,EDT,CAPITL,61757,28.91,1.3,0,1
01-07-2024 16:00,EDT,CAPITL,61757,31.27,1.52,0,1
01-07-2024 17:00,EDT,CAPITL,61757,35.46,1.86,-0.29,1
01-07-2024 18:00,EDT,CAPITL,61757,38.67,2.16,-1.12,1
01-07-2024 19:00,EDT,CAPITL,61757,37.61,2.28,-0.24,1
01-07-2024 20:00,EDT,CAPITL,61757,34.91,2.22,0,1
01-07-2024 21:00,EDT,CAPITL,61757,30.85,1.86,0,1
01-07-2024 22:00,EDT,CAPITL,61757,29.26,1.66,0,1
01-07-2024 23:00,EDT,CAPITL,61757,27.23,1.2,0,1
02-07-2024 00:00,EDT,CAPITL,61757,25.85,1.18,0,1
02-07-2024 01:00,EDT,CAPITL,61757,24.3,1.18,0,1
02-07-2024 02:00,EDT,CAPITL,61757,22.52,1.05,0,1
02-07-2024 03:00,EDT,CAPITL,61757,22.09,1.01,0,1
02-07-2024 04:00,EDT,CAPITL,61757,21.48,0.96,0,1
02-07-2024 05:00,EDT,CAPITL,61757,22.02,1.01,0,1
02-07-2024 06:00,EDT,CAPITL,61757,24.2,1.04,0,1
02-07-2024 07:00,EDT,CAPITL,61757,25.89,1.07,0,1
02-07-2024 08:00,EDT,CAPITL,61757,25.21,1.09,0,1
02-07-2024 09:00,EDT,CAPITL,61757,25.06,1.01,0,1
02-07-2024 10:00,EDT,CAPITL,61757,26.01,0.98,0.07,1
02-07-2024 11:00,EDT,CAPITL,61757,27.2,1.05,0,1
02-07-2024 12:00,EDT,CAPITL,61757,27.2,1.07,0,1
02-07-2024 13:00,EDT,CAPITL,61757,28.43,1.04,0,1
02-07-2024 14:00,EDT,CAPITL,61757,29.79,1.25,0,1
02-07-2024 15:00,EDT,CAPITL,61757,32.68,1.41,0,1
02-07-2024 16:00,EDT,CAPITL,61757,36.46,1.67,0,1
02-07-2024 17:00,EDT,CAPITL,61757,43.75,2.04,-2.49,1
02-07-2024 18:00,EDT,CAPITL,61757,45.29,2.27,-3.87,1
02-07-2024 19:00,EDT,CAPITL,61757,43.22,2.33,-2.1,1
02-07-2024 20:00,EDT,CAPITL,61757,40.55,2.19,-3.07,1
02-07-2024 21:00,EDT,CAPITL,61757,32.32,1.77,0,1
02-07-2024 22:00,EDT,CAPITL,61757,29.73,1.52,0,1
02-07-2024 23:00,EDT,CAPITL,61757,27.71,1.32,0,1
03-07-2024 00:00,EDT,CAPITL,61757,25.61,1.15,0,1
03-07-2024 01:00,EDT,CAPITL,61757,23.69,1.13,0,1
03-07-2024 02:00,EDT,CAPITL,61757,22,1.03,0,1
03-07-2024 03:00,EDT,CAPITL,61757,20.59,0.96,0,1
03-07-2024 04:00,EDT,CAPITL,61757,21.02,0.98,0,1
03-07-2024 05:00,EDT,CAPITL,61757,21.89,1.04,0,1
03-07-2024 06:00,EDT,CAPITL,61757,24.43,1.14,0,1
03-07-2024 07:00,EDT,CAPITL,61757,24.77,1.07,0,1
03-07-2024 08:00,EDT,CAPITL,61757,24.92,1,0,1
03-07-2024 09:00,EDT,CAPITL,61757,25.39,1,0,1
03-07-2024 10:00,EDT,CAPITL,61757,26.12,0.96,0,1
03-07-2024 11:00,EDT,CAPITL,61757,27.59,1.01,0,1
03-07-2024 12:00,EDT,CAPITL,61757,28.94,1.27,0,1
03-07-2024 13:00,EDT,CAPITL,61757,29.37,1.27,0,1
03-07-2024 14:00,EDT,CAPITL,61757,32.76,1.41,0,1
03-07-2024 15:00,EDT,CAPITL,61757,33.31,1.47,0,1
03-07-2024 16:00,EDT,CAPITL,61757,37.53,1.75,0,1
03-07-2024 17:00,EDT,CAPITL,61757,44.34,2.27,0,1
03-07-2024 18:00,EDT,CAPITL,61757,44.9,2.54,0,1
03-07-2024 19:00,EDT,CAPITL,61757,40.6,2.22,0,1
03-07-2024 20:00,EDT,CAPITL,61757,37.46,2.02,0,1
03-07-2024 21:00,EDT,CAPITL,61757,32.78,1.71,0,1
03-07-2024 22:00,EDT,CAPITL,61757,29.16,1.44,0,1
03-07-2024 23:00,EDT,CAPITL,61757,27.63,1.22,0,1
04-07-2024 00:00,EDT,CAPITL,61757,25.3,1.04,0,1
04-07-2024 01:00,EDT,CAPITL,61757,23.62,1.06,0,1
04-07-2024 02:00,EDT,CAPITL,61757,21.67,0.93,0,1
04-07-2024 03:00,EDT,CAPITL,61757,20.89,0.92,0,1
04-07-2024 04:00,EDT,CAPITL,61757,20.83,0.92,0,1
04-07-2024 05:00,EDT,CAPITL,61757,21.79,0.92,0,1
04-07-2024 06:00,EDT,CAPITL,61757,22.67,0.89,0,1
04-07-2024 07:00,EDT,CAPITL,61757,22.44,0.8,0,1
04-07-2024 08:00,EDT,CAPITL,61757,24.08,0.9,0,1
04-07-2024 09:00,EDT,CAPITL,61757,24.19,0.82,0,1
04-07-2024 10:00,EDT,CAPITL,61757,26.49,0.87,0,1
04-07-2024 11:00,EDT,CAPITL,61757,27.4,1.05,0,1
04-07-2024 12:00,EDT,CAPITL,61757,30.21,1.08,0,1
04-07-2024 13:00,EDT,CAPITL,61757,32.25,1.12,0,1
04-07-2024 14:00,EDT,CAPITL,61757,33.71,1.36,0,1
04-07-2024 15:00,EDT,CAPITL,61757,34.73,1.5,0,1
04-07-2024 16:00,EDT,CAPITL,61757,38.48,1.56,0.15,1
04-07-2024 17:00,EDT,CAPITL,61757,43.63,1.96,0,1
04-07-2024 18:00,EDT,CAPITL,61757,44.39,2.15,0,1
04-07-2024 19:00,EDT,CAPITL,61757,40.31,2.06,0,1
04-07-2024 20:00,EDT,CAPITL,61757,39.87,2.08,0,1
04-07-2024 21:00,EDT,CAPITL,61757,34.63,1.77,0,1
04-07-2024 22:00,EDT,CAPITL,61757,31.75,1.54,0,1
04-07-2024 23:00,EDT,CAPITL,61757,29.44,1.4,0,1
05-07-2024 00:00,EDT,CAPITL,61757,28.28,1.27,0,1
05-07-2024 01:00,EDT,CAPITL,61757,25.97,1.12,0,1
05-07-2024 02:00,EDT,CAPITL,61757,23.92,0.88,0,1
05-07-2024 03:00,EDT,CAPITL,61757,23.13,0.87,0,1
05-07-2024 04:00,EDT,CAPITL,61757,23.31,0.87,0,1
05-07-2024 05:00,EDT,CAPITL,61757,23.61,0.89,0,1
05-07-2024 06:00,EDT,CAPITL,61757,25.64,1.06,0,1
05-07-2024 07:00,EDT,CAPITL,61757,26.62,1.17,0,1
05-07-2024 08:00,EDT,CAPITL,61757,28.95,1.19,0,1
05-07-2024 09:00,EDT,CAPITL,61757,30.94,1.22,0,1
05-07-2024 10:00,EDT,CAPITL,61757,32.5,1.32,0.17,1
05-07-2024 11:00,EDT,CAPITL,61757,34.37,1.42,0.18,1
05-07-2024 12:00,EDT,CAPITL,61757,36.37,1.47,0.19,1
05-07-2024 13:00,EDT,CAPITL,61757,38.99,1.47,0.34,1
05-07-2024 14:00,EDT,CAPITL,61757,40.68,1.62,0.38,1
05-07-2024 15:00,EDT,CAPITL,61757,41.92,1.73,0,1
05-07-2024 16:00,EDT,CAPITL,61757,47.02,1.95,0.4,1
05-07-2024 17:00,EDT,CAPITL,61757,52.56,2.45,0,1
05-07-2024 18:00,EDT,CAPITL,61757,50.34,2.58,0,1
05-07-2024 19:00,EDT,CAPITL,61757,43.69,2.35,0,1
05-07-2024 20:00,EDT,CAPITL,61757,39.3,2.12,0,1
05-07-2024 21:00,EDT,CAPITL,61757,35.65,1.95,0,1
05-07-2024 22:00,EDT,CAPITL,61757,32.76,1.8,0,1
05-07-2024 23:00,EDT,CAPITL,61757,30.07,1.46,0,1
06-07-2024 00:00,EDT,CAPITL,61757,30.32,1.44,0,1
06-07-2024 01:00,EDT,CAPITL,61757,28.04,1.26,0,1
06-07-2024 02:00,EDT,CAPITL,61757,25.68,1.18,0,1
06-07-2024 03:00,EDT,CAPITL,61757,25.64,1.17,0,1
06-07-2024 04:00,EDT,CAPITL,61757,25.51,1.12,0,1
06-07-2024 05:00,EDT,CAPITL,61757,25.51,1.12,0,1
06-07-2024 06:00,EDT,CAPITL,61757,25.67,1.2,0,1
06-07-2024 07:00,EDT,CAPITL,61757,25.54,1.12,0,1
06-07-2024 08:00,EDT,CAPITL,61757,27.76,1.35,0,1
06-07-2024 09:00,EDT,CAPITL,61757,30.43,1.48,0,1
06-07-2024 10:00,EDT,CAPITL,61757,32.06,1.5,0,1
06-07-2024 11:00,EDT,CAPITL,61757,33.57,1.54,0,1
06-07-2024 12:00,EDT,CAPITL,61757,36.69,1.71,0,1
06-07-2024 13:00,EDT,CAPITL,61757,38.42,1.72,-0.14,1
06-07-2024 14:00,EDT,CAPITL,61757,39.12,1.74,-0.37,1
06-07-2024 15:00,EDT,CAPITL,61757,35.88,1.7,-0.17,1
06-07-2024 16:00,EDT,CAPITL,61757,39.46,1.76,-0.25,1
06-07-2024 17:00,EDT,CAPITL,61757,48.18,2.24,-2.01,1
06-07-2024 18:00,EDT,CAPITL,61757,49.52,2.51,-3.67,1
06-07-2024 19:00,EDT,CAPITL,61757,44.79,2.28,-2.58,1
06-07-2024 20:00,EDT,CAPITL,61757,41.1,1.89,-4.16,1
06-07-2024 21:00,EDT,CAPITL,61757,35.84,1.98,-0.21,1
06-07-2024 22:00,EDT,CAPITL,61757,32.31,1.68,0,1
06-07-2024 23:00,EDT,CAPITL,61757,31.41,1.55,0,1
07-07-2024 00:00,EDT,CAPITL,61757,30.78,1.58,0,1
07-07-2024 01:00,EDT,CAPITL,61757,27.82,1.47,0,1
07-07-2024 02:00,EDT,CAPITL,61757,26.26,1.42,0,1
07-07-2024 03:00,EDT,CAPITL,61757,25.84,1.39,0,1
07-07-2024 04:00,EDT,CAPITL,61757,25.44,1.35,0,1
07-07-2024 05:00,EDT,CAPITL,61757,24.82,1.32,0,1
07-07-2024 06:00,EDT,CAPITL,61757,24.42,1.03,0,1
07-07-2024 07:00,EDT,CAPITL,61757,23.57,0.91,0,1
07-07-2024 08:00,EDT,CAPITL,61757,25.01,1.19,0,1
07-07-2024 09:00,EDT,CAPITL,61757,26.64,1.24,0,1
07-07-2024 10:00,EDT,CAPITL,61757,29.18,1.31,0,1
07-07-2024 11:00,EDT,CAPITL,61757,32.02,1.44,0,1
07-07-2024 12:00,EDT,CAPITL,61757,34.57,1.55,0,1
07-07-2024 13:00,EDT,CAPITL,61757,36.33,1.57,0,1
07-07-2024 14:00,EDT,CAPITL,61757,39.2,1.76,0,1
07-07-2024 15:00,EDT,CAPITL,61757,42.77,2.04,0,1
07-07-2024 16:00,EDT,CAPITL,61757,49.84,2.37,0,1
07-07-2024 17:00,EDT,CAPITL,61757,54.8,2.76,0,1
07-07-2024 18:00,EDT,CAPITL,61757,59.38,3.25,0,1
07-07-2024 19:00,EDT,CAPITL,61757,53.69,2.94,0,1
07-07-2024 20:00,EDT,CAPITL,61757,48.84,2.68,0,1
07-07-2024 21:00,EDT,CAPITL,61757,40.8,2.24,0,1
07-07-2024 22:00,EDT,CAPITL,61757,35.87,1.8,0,1
07-07-2024 23:00,EDT,CAPITL,61757,32.72,1.59,0,1
08-07-2024 00:00,EDT,CAPITL,61757,31.6,1.53,0,1
08-07-2024 01:00,EDT,CAPITL,61757,28.26,1.4,0,1
08-07-2024 02:00,EDT,CAPITL,61757,27.29,1.35,0,1
08-07-2024 03:00,EDT,CAPITL,61757,25.73,1.25,0,1
08-07-2024 04:00,EDT,CAPITL,61757,25.76,1.25,0,1
08-07-2024 05:00,EDT,CAPITL,61757,26.4,1.28,0,1
08-07-2024 06:00,EDT,CAPITL,61757,28.49,1.36,0,1
08-07-2024 07:00,EDT,CAPITL,61757,32.6,1.34,0,1
08-07-2024 08:00,EDT,CAPITL,61757,34.45,1.39,0,1
08-07-2024 09:00,EDT,CAPITL,61757,35.69,1.5,0,1
08-07-2024 10:00,EDT,CAPITL,61757,39.21,1.58,0,1
08-07-2024 11:00,EDT,CAPITL,61757,42.59,1.79,0,1
08-07-2024 12:00,EDT,CAPITL,61757,47.26,1.99,0,1
08-07-2024 13:00,EDT,CAPITL,61757,53.25,2.24,0,1
08-07-2024 14:00,EDT,CAPITL,61757,59.03,2.54,0,1
08-07-2024 15:00,EDT,CAPITL,61757,65.69,3.13,0,1
08-07-2024 16:00,EDT,CAPITL,61757,86,4.18,-2.93,1
08-07-2024 17:00,EDT,CAPITL,61757,105.16,5.39,-1.65,1
08-07-2024 18:00,EDT,CAPITL,61757,100.52,5.67,-1.99,1
08-07-2024 19:00,EDT,CAPITL,61757,79.1,4.48,0,1
08-07-2024 20:00,EDT,CAPITL,61757,76.17,3.99,-9.91,1
08-07-2024 21:00,EDT,CAPITL,61757,52.48,3.07,0,1
08-07-2024 22:00,EDT,CAPITL,61757,42.2,2.31,0,1
08-07-2024 23:00,EDT,CAPITL,61757,36.24,1.82,0,1
09-07-2024 00:00,EDT,CAPITL,61757,33.79,1.7,0,1
09-07-2024 01:00,EDT,CAPITL,61757,31.77,1.63,0,1
09-07-2024 02:00,EDT,CAPITL,61757,31.57,1.56,0,1
09-07-2024 03:00,EDT,CAPITL,61757,30.09,1.46,0,1
09-07-2024 04:00,EDT,CAPITL,61757,29.71,1.44,0,1
09-07-2024 05:00,EDT,CAPITL,61757,30.41,1.47,0,1
09-07-2024 06:00,EDT,CAPITL,61757,31.78,1.51,0,1
09-07-2024 07:00,EDT,CAPITL,61757,35.51,1.66,0,1
09-07-2024 08:00,EDT,CAPITL,61757,37.61,1.69,0,1
09-07-2024 09:00,EDT,CAPITL,61757,42.25,1.86,0,1
09-07-2024 10:00,EDT,CAPITL,61757,47.57,1.96,0,1
09-07-2024 11:00,EDT,CAPITL,61757,50.15,2.07,0,1
09-07-2024 12:00,EDT,CAPITL,61757,55.15,2.32,0,1
09-07-2024 13:00,EDT,CAPITL,61757,58.89,2.43,0,1
09-07-2024 14:00,EDT,CAPITL,61757,66.54,3.17,0,1
09-07-2024 15:00,EDT,CAPITL,61757,74.15,3.6,0.04,1
09-07-2024 16:00,EDT,CAPITL,61757,93.53,4.24,-0.98,1
09-07-2024 17:00,EDT,CAPITL,61757,116.42,5.7,-3.05,1
09-07-2024 18:00,EDT,CAPITL,61757,96.57,5.36,-0.33,1
09-07-2024 19:00,EDT,CAPITL,61757,75.58,4.28,0,1
09-07-2024 20:00,EDT,CAPITL,61757,67.77,4.08,0,1
09-07-2024 21:00,EDT,CAPITL,61757,58.23,3.3,0,1
09-07-2024 22:00,EDT,CAPITL,61757,46.93,2.36,0,1
09-07-2024 23:00,EDT,CAPITL,61757,40.61,2.01,0,1
10-07-2024 00:00,EDT,CAPITL,61757,40.74,2.27,0,1
10-07-2024 01:00,EDT,CAPITL,61757,37.69,2.13,0,1
10-07-2024 02:00,EDT,CAPITL,61757,35.18,1.93,0,1
10-07-2024 03:00,EDT,CAPITL,61757,33.22,1.76,0,1
10-07-2024 04:00,EDT,CAPITL,61757,32.05,1.7,0,1
10-07-2024 05:00,EDT,CAPITL,61757,34.79,1.84,0,1
10-07-2024 06:00,EDT,CAPITL,61757,37.61,1.96,0,1
10-07-2024 07:00,EDT,CAPITL,61757,38.85,1.99,0,1
10-07-2024 08:00,EDT,CAPITL,61757,41.76,2.21,0,1
10-07-2024 09:00,EDT,CAPITL,61757,45.04,2.43,0,1
10-07-2024 10:00,EDT,CAPITL,61757,48.44,2.61,0,1
10-07-2024 11:00,EDT,CAPITL,61757,51.92,2.8,0,1
10-07-2024 12:00,EDT,CAPITL,61757,59.88,3.23,0,1
10-07-2024 13:00,EDT,CAPITL,61757,65.76,3.43,0,1
10-07-2024 14:00,EDT,CAPITL,61757,80.86,3.36,-15.25,1
10-07-2024 15:00,EDT,CAPITL,61757,85.44,3.24,-21,1
10-07-2024 16:00,EDT,CAPITL,61757,78.99,3.3,-15.74,1
10-07-2024 17:00,EDT,CAPITL,61757,104.06,4.12,-30.02,1
10-07-2024 18:00,EDT,CAPITL,61757,136.28,4.33,-63.18,1
10-07-2024 19:00,EDT,CAPITL,61757,101.52,3.73,-39.55,1
10-07-2024 20:00,EDT,CAPITL,61757,77.29,3.51,-19.04,1
10-07-2024 21:00,EDT,CAPITL,61757,52.74,3.18,0,1
10-07-2024 22:00,EDT,CAPITL,61757,44.97,2.67,0,1
10-07-2024 23:00,EDT,CAPITL,61757,39.34,2.16,0,1
11-07-2024 00:00,EDT,CAPITL,61757,38.93,2.34,0,1
11-07-2024 01:00,EDT,CAPITL,61757,34.04,2.02,0,1
11-07-2024 02:00,EDT,CAPITL,61757,33.55,1.85,-0.26,1
11-07-2024 03:00,EDT,CAPITL,61757,32.07,1.78,-0.06,1
11-07-2024 04:00,EDT,CAPITL,61757,32.18,1.75,-0.25,1
11-07-2024 05:00,EDT,CAPITL,61757,34.16,1.93,-0.14,1
11-07-2024 06:00,EDT,CAPITL,61757,35.07,2.02,0,1
11-07-2024 07:00,EDT,CAPITL,61757,38.71,2.13,-0.5,1
11-07-2024 08:00,EDT,CAPITL,61757,40.86,2.31,0,1
11-07-2024 09:00,EDT,CAPITL,61757,43.51,2.38,-0.78,1
11-07-2024 10:00,EDT,CAPITL,61757,45.89,2.51,0,1
11-07-2024 11:00,EDT,CAPITL,61757,53.23,2.92,0,1
11-07-2024 12:00,EDT,CAPITL,61757,58.59,3.02,-1.62,1
11-07-2024 13:00,EDT,CAPITL,61757,63.06,3.12,-3.19,1
11-07-2024 14:00,EDT,CAPITL,61757,70.94,3.49,-3.98,1
11-07-2024 15:00,EDT,CAPITL,61757,87.34,4.31,-7.46,1
11-07-2024 16:00,EDT,CAPITL,61757,90.01,4.54,-5.74,1
11-07-2024 17:00,EDT,CAPITL,61757,110.49,5.8,-6.27,1
11-07-2024 18:00,EDT,CAPITL,61757,93.98,5.56,-0.21,1
11-07-2024 19:00,EDT,CAPITL,61757,67.17,4.04,0,1
11-07-2024 20:00,EDT,CAPITL,61757,60.66,3.6,0,1
11-07-2024 21:00,EDT,CAPITL,61757,51.48,3.05,0,1
11-07-2024 22:00,EDT,CAPITL,61757,44.72,2.61,0,1
11-07-2024 23:00,EDT,CAPITL,61757,39.81,2.22,0,1
12-07-2024 00:00,EDT,CAPITL,61757,33.2,1.7,0,1
12-07-2024 01:00,EDT,CAPITL,61757,30.05,1.54,0,1
12-07-2024 02:00,EDT,CAPITL,61757,29.07,1.41,0,1
12-07-2024 03:00,EDT,CAPITL,61757,27.51,1.36,0,1
12-07-2024 04:00,EDT,CAPITL,61757,26.97,1.28,0,1
12-07-2024 05:00,EDT,CAPITL,61757,28.63,1.36,0,1
12-07-2024 06:00,EDT,CAPITL,61757,28.79,1.37,0,1
12-07-2024 07:00,EDT,CAPITL,61757,31.42,1.52,0,1
12-07-2024 08:00,EDT,CAPITL,61757,33.87,1.67,0,1
12-07-2024 09:00,EDT,CAPITL,61757,37.83,1.87,0,1
12-07-2024 10:00,EDT,CAPITL,61757,37.63,1.62,0,1
12-07-2024 11:00,EDT,CAPITL,61757,40.25,1.77,0,1
12-07-2024 12:00,EDT,CAPITL,61757,40.76,1.79,0,1
12-07-2024 13:00,EDT,CAPITL,61757,42.72,1.84,0,1
12-07-2024 14:00,EDT,CAPITL,61757,46.57,1.96,0,1
12-07-2024 15:00,EDT,CAPITL,61757,52.41,2.31,0,1
12-07-2024 16:00,EDT,CAPITL,61757,55.8,2.51,0,1
12-07-2024 17:00,EDT,CAPITL,61757,60.98,2.9,0,1
12-07-2024 18:00,EDT,CAPITL,61757,55.15,2.87,0,1
12-07-2024 19:00,EDT,CAPITL,61757,49.75,2.77,0,1
12-07-2024 20:00,EDT,CAPITL,61757,45.93,2.52,0,1
12-07-2024 21:00,EDT,CAPITL,61757,41.69,2.17,0,1
12-07-2024 22:00,EDT,CAPITL,61757,37.01,1.8,0,1
12-07-2024 23:00,EDT,CAPITL,61757,33.14,1.64,0,1
13-07-2024 00:00,EDT,CAPITL,61757,32.07,1.58,0,1
13-07-2024 01:00,EDT,CAPITL,61757,29.08,1.46,0,1
13-07-2024 02:00,EDT,CAPITL,61757,27.2,1.34,0,1
13-07-2024 03:00,EDT,CAPITL,61757,26.52,1.24,0,1
13-07-2024 04:00,EDT,CAPITL,61757,25.91,1.21,0,1
13-07-2024 05:00,EDT,CAPITL,61757,25.55,1.15,0,1
13-07-2024 06:00,EDT,CAPITL,61757,26.25,1.16,0,1
13-07-2024 07:00,EDT,CAPITL,61757,26.76,1.1,0,1
13-07-2024 08:00,EDT,CAPITL,61757,29.19,1.26,0,1
13-07-2024 09:00,EDT,CAPITL,61757,35.31,1.65,0,1
13-07-2024 10:00,EDT,CAPITL,61757,36.32,1.46,0,1
13-07-2024 11:00,EDT,CAPITL,61757,37.23,1.47,0,1
13-07-2024 12:00,EDT,CAPITL,61757,38.95,1.57,0,1
13-07-2024 13:00,EDT,CAPITL,61757,39.94,1.46,0,1
13-07-2024 14:00,EDT,CAPITL,61757,42.39,1.59,0,1
13-07-2024 15:00,EDT,CAPITL,61757,47.15,1.99,0,1
13-07-2024 16:00,EDT,CAPITL,61757,52.79,2.37,0,1
13-07-2024 17:00,EDT,CAPITL,61757,57.83,2.7,0,1
13-07-2024 18:00,EDT,CAPITL,61757,56.76,3.06,0,1
13-07-2024 19:00,EDT,CAPITL,61757,54.14,2.82,0,1
13-07-2024 20:00,EDT,CAPITL,61757,44.53,2.36,0,1
13-07-2024 21:00,EDT,CAPITL,61757,41.84,2.18,0,1
13-07-2024 22:00,EDT,CAPITL,61757,37.68,1.73,0,1
13-07-2024 23:00,EDT,CAPITL,61757,35.36,1.68,0,1
14-07-2024 00:00,EDT,CAPITL,61757,31.93,1.46,0,1
14-07-2024 01:00,EDT,CAPITL,61757,30.13,1.49,0,1
14-07-2024 02:00,EDT,CAPITL,61757,27.36,1.4,0,1
14-07-2024 03:00,EDT,CAPITL,61757,26.4,1.38,0,1
14-07-2024 04:00,EDT,CAPITL,61757,25.91,1.3,0,1
14-07-2024 05:00,EDT,CAPITL,61757,25.56,1.31,0,1
14-07-2024 06:00,EDT,CAPITL,61757,25.28,1.23,0,1
14-07-2024 07:00,EDT,CAPITL,61757,25.78,1.11,0,1
14-07-2024 08:00,EDT,CAPITL,61757,27.02,1.19,0,1
14-07-2024 09:00,EDT,CAPITL,61757,29.37,1.13,0,1
14-07-2024 10:00,EDT,CAPITL,61757,32.7,1.17,0,1
14-07-2024 11:00,EDT,CAPITL,61757,36.97,1.32,0,1
14-07-2024 12:00,EDT,CAPITL,61757,41.33,1.48,0,1
14-07-2024 13:00,EDT,CAPITL,61757,43.23,1.42,0,1
14-07-2024 14:00,EDT,CAPITL,61757,46.95,1.72,0,1
14-07-2024 15:00,EDT,CAPITL,61757,56.86,2.5,0,1
14-07-2024 16:00,EDT,CAPITL,61757,62.35,2.86,0,1
14-07-2024 17:00,EDT,CAPITL,61757,72.37,3.51,0,1
14-07-2024 18:00,EDT,CAPITL,61757,78.59,4.24,0,1
14-07-2024 19:00,EDT,CAPITL,61757,71.9,4.07,0,1
14-07-2024 20:00,EDT,CAPITL,61757,60,3.45,-1,1
14-07-2024 21:00,EDT,CAPITL,61757,47.42,2.73,0,1
14-07-2024 22:00,EDT,CAPITL,61757,40.58,2,0,1
14-07-2024 23:00,EDT,CAPITL,61757,36.91,1.76,0,1
15-07-2024 00:00,EDT,CAPITL,61757,37.68,1.86,0,1
15-07-2024 01:00,EDT,CAPITL,61757,32.75,1.59,0,1
15-07-2024 02:00,EDT,CAPITL,61757,29.44,1.4,0,1
15-07-2024 03:00,EDT,CAPITL,61757,28.05,1.34,0,1
15-07-2024 04:00,EDT,CAPITL,61757,28.55,1.33,0,1
15-07-2024 05:00,EDT,CAPITL,61757,30.5,1.51,0,1
15-07-2024 06:00,EDT,CAPITL,61757,34.84,1.6,0,1
15-07-2024 07:00,EDT,CAPITL,61757,38.3,1.89,0,1
15-07-2024 08:00,EDT,CAPITL,61757,40.69,2.05,0,1
15-07-2024 09:00,EDT,CAPITL,61757,47.22,2.42,0,1
15-07-2024 10:00,EDT,CAPITL,61757,57.64,2.95,0,1
15-07-2024 11:00,EDT,CAPITL,61757,65.37,3.64,0,1
15-07-2024 12:00,EDT,CAPITL,61757,72.62,4.05,0,1
15-07-2024 13:00,EDT,CAPITL,61757,75.86,4.16,0,1
15-07-2024 14:00,EDT,CAPITL,61757,85.52,4.77,-3.79,1
15-07-2024 15:00,EDT,CAPITL,61757,175,8.9,-29.14,1
15-07-2024 16:00,EDT,CAPITL,61757,175,9.25,-23.31,1
15-07-2024 17:00,EDT,CAPITL,61757,288.36,8.58,-149.75,1
15-07-2024 18:00,EDT,CAPITL,61757,326.54,7.89,-202.67,1
15-07-2024 19:00,EDT,CAPITL,61757,276.78,6,-181.32,1
15-07-2024 20:00,EDT,CAPITL,61757,202.07,3.61,-143.68,1
15-07-2024 21:00,EDT,CAPITL,61757,125,3.97,-61.8,1
15-07-2024 22:00,EDT,CAPITL,61757,54.52,3.47,0,1
15-07-2024 23:00,EDT,CAPITL,61757,43.13,2.52,0,1
16-07-2024 00:00,EDT,CAPITL,61757,39.08,2.35,0,1
16-07-2024 01:00,EDT,CAPITL,61757,35.96,2,0,1
16-07-2024 02:00,EDT,CAPITL,61757,32.73,1.79,0,1
16-07-2024 03:00,EDT,CAPITL,61757,31.62,1.73,0,1
16-07-2024 04:00,EDT,CAPITL,61757,31.04,1.7,0,1
16-07-2024 05:00,EDT,CAPITL,61757,31.59,1.73,0,1
16-07-2024 06:00,EDT,CAPITL,61757,38.99,2.14,0,1
16-07-2024 07:00,EDT,CAPITL,61757,39.3,2.3,0,1
16-07-2024 08:00,EDT,CAPITL,61757,41.96,2.38,0,1
16-07-2024 09:00,EDT,CAPITL,61757,46.83,2.73,0,1
16-07-2024 10:00,EDT,CAPITL,61757,53.53,2.98,0,1
16-07-2024 11:00,EDT,CAPITL,61757,60.91,3.56,0,1
16-07-2024 12:00,EDT,CAPITL,61757,71,4.15,-1.09,1
16-07-2024 13:00,EDT,CAPITL,61757,84.41,4.7,-2.61,1
16-07-2024 14:00,EDT,CAPITL,61757,160.45,6.65,-51.45,1
16-07-2024 15:00,EDT,CAPITL,61757,197.31,8.28,-57.64,1
16-07-2024 16:00,EDT,CAPITL,61757,226.02,9.59,-66.64,1
16-07-2024 17:00,EDT,CAPITL,61757,371.6,9.55,-217.25,1
16-07-2024 18:00,EDT,CAPITL,61757,504.54,9.1,-363.43,1
16-07-2024 19:00,EDT,CAPITL,61757,350,7.18,-237.28,1
16-07-2024 20:00,EDT,CAPITL,61757,216.7,4.9,-140.75,1
16-07-2024 21:00,EDT,CAPITL,61757,147.95,3.81,-88.19,1
16-07-2024 22:00,EDT,CAPITL,61757,72.59,3.43,-18.68,1
16-07-2024 23:00,EDT,CAPITL,61757,46.06,2.89,0,1
17-07-2024 00:00,EDT,CAPITL,61757,41.91,2.27,-3,1
17-07-2024 01:00,EDT,CAPITL,61757,38.29,2.1,0,1
17-07-2024 02:00,EDT,CAPITL,61757,35.67,1.92,0,1
17-07-2024 03:00,EDT,CAPITL,61757,33.46,1.77,0,1
17-07-2024 04:00,EDT,CAPITL,61757,32.83,1.74,0,1
17-07-2024 05:00,EDT,CAPITL,61757,35.64,1.92,0,1
17-07-2024 06:00,EDT,CAPITL,61757,41.43,2.21,-2.98,1
17-07-2024 07:00,EDT,CAPITL,61757,42,2.22,-3.48,1
17-07-2024 08:00,EDT,CAPITL,61757,49.95,2.53,-7.88,1
17-07-2024 09:00,EDT,CAPITL,61757,47.96,2.89,0,1
17-07-2024 10:00,EDT,CAPITL,61757,51.44,2.96,0,1
17-07-2024 11:00,EDT,CAPITL,61757,56,3.17,0,1
17-07-2024 12:00,EDT,CAPITL,61757,66.02,3.67,-1.21,1
17-07-2024 13:00,EDT,CAPITL,61757,77.67,3.91,-5.22,1
17-07-2024 14:00,EDT,CAPITL,61757,124.42,3.79,-52.95,1
17-07-2024 15:00,EDT,CAPITL,61757,144,5.06,-50.14,1
17-07-2024 16:00,EDT,CAPITL,61757,157,5.16,-62.9,1
17-07-2024 17:00,EDT,CAPITL,61757,183.39,5.88,-84.24,1
17-07-2024 18:00,EDT,CAPITL,61757,173,5.43,-84.03,1
17-07-2024 19:00,EDT,CAPITL,61757,133.87,3.69,-73.44,1
17-07-2024 20:00,EDT,CAPITL,61757,104.68,3.34,-50.77,1
17-07-2024 21:00,EDT,CAPITL,61757,74.69,2.69,-29.29,1
17-07-2024 22:00,EDT,CAPITL,61757,62.49,2.23,-23.04,1
17-07-2024 23:00,EDT,CAPITL,61757,48.46,2.03,-10.12,1
18-07-2024 00:00,EDT,CAPITL,61757,45.17,1.46,-15.68,1
18-07-2024 01:00,EDT,CAPITL,61757,38.66,1.27,-13.51,1
18-07-2024 02:00,EDT,CAPITL,61757,30.87,1.22,-5.33,1
18-07-2024 03:00,EDT,CAPITL,61757,30.25,1.22,-4.7,1
18-07-2024 04:00,EDT,CAPITL,61757,29.28,1.27,-3.61,1
18-07-2024 05:00,EDT,CAPITL,61757,31.22,1.36,-3.72,1
18-07-2024 06:00,EDT,CAPITL,61757,35.4,1.58,-3.96,1
18-07-2024 07:00,EDT,CAPITL,61757,36.09,1.72,0,1
18-07-2024 08:00,EDT,CAPITL,61757,35.69,1.61,-1.92,1
18-07-2024 09:00,EDT,CAPITL,61757,38.54,1.65,-3.23,1
18-07-2024 10:00,EDT,CAPITL,61757,35.09,1.48,0,1
18-07-2024 11:00,EDT,CAPITL,61757,35.07,1.51,0,1
18-07-2024 12:00,EDT,CAPITL,61757,36.57,1.61,0,1
18-07-2024 13:00,EDT,CAPITL,61757,40.07,1.54,-0.09,1
18-07-2024 14:00,EDT,CAPITL,61757,41.88,1.73,0,1
18-07-2024 15:00,EDT,CAPITL,61757,46.9,2.02,0,1
18-07-2024 16:00,EDT,CAPITL,61757,54.93,2.31,0,1
18-07-2024 17:00,EDT,CAPITL,61757,65.26,2.99,0,1
18-07-2024 18:00,EDT,CAPITL,61757,56.93,2.86,0,1
18-07-2024 19:00,EDT,CAPITL,61757,47.42,2.47,0,1
18-07-2024 20:00,EDT,CAPITL,61757,43.03,2.36,0,1
18-07-2024 21:00,EDT,CAPITL,61757,38.85,2.04,-0.99,1
18-07-2024 22:00,EDT,CAPITL,61757,34.59,1.73,-0.78,1
18-07-2024 23:00,EDT,CAPITL,61757,33.89,1.46,-3.74,1
19-07-2024 00:00,EDT,CAPITL,61757,29.77,1.51,-0.2,1
19-07-2024 01:00,EDT,CAPITL,61757,26.2,1.27,0,1
19-07-2024 02:00,EDT,CAPITL,61757,23.89,1.16,0,1
19-07-2024 03:00,EDT,CAPITL,61757,23.18,1.12,0,1
19-07-2024 04:00,EDT,CAPITL,61757,23.23,1.04,0,1
19-07-2024 05:00,EDT,CAPITL,61757,23.63,1.08,0,1
19-07-2024 06:00,EDT,CAPITL,61757,25.38,1.14,0,1
19-07-2024 07:00,EDT,CAPITL,61757,26.86,1.06,0,1
19-07-2024 08:00,EDT,CAPITL,61757,27.47,1.06,0,1
19-07-2024 09:00,EDT,CAPITL,61757,27.02,0.89,0,1
19-07-2024 10:00,EDT,CAPITL,61757,27.62,0.91,0,1
19-07-2024 11:00,EDT,CAPITL,61757,28.75,1,0,1
19-07-2024 12:00,EDT,CAPITL,61757,30.25,1.05,0,1
19-07-2024 13:00,EDT,CAPITL,61757,31.88,1.05,0,1
19-07-2024 14:00,EDT,CAPITL,61757,34.2,1.13,0,1
19-07-2024 15:00,EDT,CAPITL,61757,36.95,1.35,0,1
19-07-2024 16:00,EDT,CAPITL,61757,42.69,1.84,0,1
19-07-2024 17:00,EDT,CAPITL,61757,49.71,2.28,0,1
19-07-2024 18:00,EDT,CAPITL,61757,47.99,2.37,0,1
19-07-2024 19:00,EDT,CAPITL,61757,43.18,2.21,0,1
19-07-2024 20:00,EDT,CAPITL,61757,38.07,1.92,0,1
19-07-2024 21:00,EDT,CAPITL,61757,35.43,1.78,0,1
19-07-2024 22:00,EDT,CAPITL,61757,31.41,1.52,0,1
19-07-2024 23:00,EDT,CAPITL,61757,28.73,1.32,0,1
20-07-2024 00:00,EDT,CAPITL,61757,24.87,1.34,0,1
20-07-2024 01:00,EDT,CAPITL,61757,22.7,1.16,0,1
20-07-2024 02:00,EDT,CAPITL,61757,21.52,1.16,0,1
20-07-2024 03:00,EDT,CAPITL,61757,20.06,1.1,0,1
20-07-2024 04:00,EDT,CAPITL,61757,20.06,1.08,0,1
20-07-2024 05:00,EDT,CAPITL,61757,19.84,1.09,0,1
20-07-2024 06:00,EDT,CAPITL,61757,20.45,1.08,0,1
20-07-2024 07:00,EDT,CAPITL,61757,20.34,0.95,0,1
20-07-2024 08:00,EDT,CAPITL,61757,21.27,0.92,0,1
20-07-2024 09:00,EDT,CAPITL,61757,22.52,0.97,0,1
20-07-2024 10:00,EDT,CAPITL,61757,23.91,1.03,0,1
20-07-2024 11:00,EDT,CAPITL,61757,26.11,1.15,0,1
20-07-2024 12:00,EDT,CAPITL,61757,27.76,1.2,0,1
20-07-2024 13:00,EDT,CAPITL,61757,29.2,1.28,-0.18,1
20-07-2024 14:00,EDT,CAPITL,61757,29.78,1.31,-0.56,1
20-07-2024 15:00,EDT,CAPITL,61757,31.93,1.48,-0.89,1
20-07-2024 16:00,EDT,CAPITL,61757,36.53,1.74,0,1
20-07-2024 17:00,EDT,CAPITL,61757,39.26,2.26,0,1
20-07-2024 18:00,EDT,CAPITL,61757,41.31,2.56,0,1
20-07-2024 19:00,EDT,CAPITL,61757,38.35,2.17,0,1
20-07-2024 20:00,EDT,CAPITL,61757,34.77,2,0,1
20-07-2024 21:00,EDT,CAPITL,61757,32.76,1.88,0,1
20-07-2024 22:00,EDT,CAPITL,61757,29.04,1.59,0,1
20-07-2024 23:00,EDT,CAPITL,61757,26.12,1.36,0,1
21-07-2024 00:00,EDT,CAPITL,61757,26.22,1.37,0,1
21-07-2024 01:00,EDT,CAPITL,61757,23.75,1.26,0,1
21-07-2024 02:00,EDT,CAPITL,61757,21.8,1.21,0,1
21-07-2024 03:00,EDT,CAPITL,61757,20.92,1.09,0,1
21-07-2024 04:00,EDT,CAPITL,61757,20.79,1.08,0,1
21-07-2024 05:00,EDT,CAPITL,61757,20.48,1.01,0,1
21-07-2024 06:00,EDT,CAPITL,61757,21.15,1.08,0,1
21-07-2024 07:00,EDT,CAPITL,61757,21.51,1.04,0,1
21-07-2024 08:00,EDT,CAPITL,61757,22.25,1.04,0,1
21-07-2024 09:00,EDT,CAPITL,61757,23.45,1.01,0,1
21-07-2024 10:00,EDT,CAPITL,61757,23.97,0.97,0,1
21-07-2024 11:00,EDT,CAPITL,61757,26.21,1.13,0,1
21-07-2024 12:00,EDT,CAPITL,61757,29.22,1.29,-0.54,1
21-07-2024 13:00,EDT,CAPITL,61757,30.52,1.3,-0.93,1
21-07-2024 14:00,EDT,CAPITL,61757,32.78,1.41,-0.8,1
21-07-2024 15:00,EDT,CAPITL,61757,35.87,1.66,-1.62,1
21-07-2024 16:00,EDT,CAPITL,61757,42.1,2.04,0,1
21-07-2024 17:00,EDT,CAPITL,61757,48.92,2.5,0,1
21-07-2024 18:00,EDT,CAPITL,61757,49.42,3.06,0,1
21-07-2024 19:00,EDT,CAPITL,61757,44.38,2.75,0,1
21-07-2024 20:00,EDT,CAPITL,61757,40.41,2.57,0,1
21-07-2024 21:00,EDT,CAPITL,61757,38.51,2.28,0,1
21-07-2024 22:00,EDT,CAPITL,61757,34.59,1.9,0,1
21-07-2024 23:00,EDT,CAPITL,61757,30.22,1.55,0,1
22-07-2024 00:00,EDT,CAPITL,61757,31.28,1.6,0,1
22-07-2024 01:00,EDT,CAPITL,61757,27.79,1.35,0,1
22-07-2024 02:00,EDT,CAPITL,61757,25.53,1.22,0,1
22-07-2024 03:00,EDT,CAPITL,61757,23.74,1.15,0,1
22-07-2024 04:00,EDT,CAPITL,61757,23.71,1.13,0,1
22-07-2024 05:00,EDT,CAPITL,61757,24.26,1.15,0,1
22-07-2024 06:00,EDT,CAPITL,61757,26.61,1.29,0,1
22-07-2024 07:00,EDT,CAPITL,61757,29.1,1.36,0,1
22-07-2024 08:00,EDT,CAPITL,61757,30.09,1.43,0,1
22-07-2024 09:00,EDT,CAPITL,61757,31.66,1.42,0,1
22-07-2024 10:00,EDT,CAPITL,61757,33.82,1.36,0,1
22-07-2024 11:00,EDT,CAPITL,61757,35.99,1.48,0,1
22-07-2024 12:00,EDT,CAPITL,61757,37.99,1.71,0,1
22-07-2024 13:00,EDT,CAPITL,61757,40.39,1.74,0,1
22-07-2024 14:00,EDT,CAPITL,61757,42.64,1.88,0,1
22-07-2024 15:00,EDT,CAPITL,61757,47.59,2.35,0,1
22-07-2024 16:00,EDT,CAPITL,61757,53.84,2.85,0,1
22-07-2024 17:00,EDT,CAPITL,61757,61.5,3.65,0,1
22-07-2024 18:00,EDT,CAPITL,61757,57.1,3.73,0,1
22-07-2024 19:00,EDT,CAPITL,61757,48.94,3.2,0,1
22-07-2024 20:00,EDT,CAPITL,61757,44.56,2.87,0,1
22-07-2024 21:00,EDT,CAPITL,61757,41.08,2.46,-0.68,1
22-07-2024 22:00,EDT,CAPITL,61757,36.4,1.99,-0.7,1
22-07-2024 23:00,EDT,CAPITL,61757,32.57,1.66,-1.69,1
23-07-2024 00:00,EDT,CAPITL,61757,29.58,1.35,-1.31,1
23-07-2024 01:00,EDT,CAPITL,61757,26.55,1.18,-1.73,1
23-07-2024 02:00,EDT,CAPITL,61757,24.76,1.08,-1.22,1
23-07-2024 03:00,EDT,CAPITL,61757,22.94,1,-1.13,1
23-07-2024 04:00,EDT,CAPITL,61757,23.09,1.03,-1.02,1
23-07-2024 05:00,EDT,CAPITL,61757,25.45,1.14,0,1
23-07-2024 06:00,EDT,CAPITL,61757,27.35,1.25,0,1
23-07-2024 07:00,EDT,CAPITL,61757,30.15,1.35,0,1
23-07-2024 08:00,EDT,CAPITL,61757,32.31,1.54,0,1
23-07-2024 09:00,EDT,CAPITL,61757,33.55,1.6,0,1
23-07-2024 10:00,EDT,CAPITL,61757,35.66,1.57,0,1
23-07-2024 11:00,EDT,CAPITL,61757,37.61,1.69,0,1
23-07-2024 12:00,EDT,CAPITL,61757,37.96,1.7,0,1
23-07-2024 13:00,EDT,CAPITL,61757,39.98,1.68,0,1
23-07-2024 14:00,EDT,CAPITL,61757,41.42,1.71,0,1
23-07-2024 15:00,EDT,CAPITL,61757,45.12,1.94,0,1
23-07-2024 16:00,EDT,CAPITL,61757,51.82,2.42,0,1
23-07-2024 17:00,EDT,CAPITL,61757,61.56,3.15,0,1
23-07-2024 18:00,EDT,CAPITL,61757,54.55,3.09,0,1
23-07-2024 19:00,EDT,CAPITL,61757,49.87,2.87,0,1
23-07-2024 20:00,EDT,CAPITL,61757,44.73,2.69,0,1
23-07-2024 21:00,EDT,CAPITL,61757,41.26,2.37,0,1
23-07-2024 22:00,EDT,CAPITL,61757,36.67,1.78,0,1
23-07-2024 23:00,EDT,CAPITL,61757,32.97,1.51,0,1
24-07-2024 00:00,EDT,CAPITL,61757,32.43,1.49,0,1
24-07-2024 01:00,EDT,CAPITL,61757,30.21,1.44,0,1
24-07-2024 02:00,EDT,CAPITL,61757,26.2,1.25,0,1
24-07-2024 03:00,EDT,CAPITL,61757,25.24,1.16,0,1
24-07-2024 04:00,EDT,CAPITL,61757,24.96,1.12,0,1
24-07-2024 05:00,EDT,CAPITL,61757,26.45,1.24,0,1
24-07-2024 06:00,EDT,CAPITL,61757,30.06,1.43,0,1
24-07-2024 07:00,EDT,CAPITL,61757,31.75,1.31,0,1
24-07-2024 08:00,EDT,CAPITL,61757,33.84,1.42,0,1
24-07-2024 09:00,EDT,CAPITL,61757,35.89,1.48,0,1
24-07-2024 10:00,EDT,CAPITL,61757,36.91,1.38,0,1
24-07-2024 11:00,EDT,CAPITL,61757,37.97,1.46,0,1
24-07-2024 12:00,EDT,CAPITL,61757,39.14,1.51,0,1
24-07-2024 13:00,EDT,CAPITL,61757,40.34,1.4,0,1
24-07-2024 14:00,EDT,CAPITL,61757,40.97,1.5,0,1
24-07-2024 15:00,EDT,CAPITL,61757,46.88,1.8,0,1
24-07-2024 16:00,EDT,CAPITL,61757,49.95,2.1,0,1
24-07-2024 17:00,EDT,CAPITL,61757,59.26,2.93,0,1
24-07-2024 18:00,EDT,CAPITL,61757,53.31,2.78,0,1
24-07-2024 19:00,EDT,CAPITL,61757,47.08,2.45,0,1
24-07-2024 20:00,EDT,CAPITL,61757,43.5,2.34,0,1
24-07-2024 21:00,EDT,CAPITL,61757,39.57,1.95,0,1
24-07-2024 22:00,EDT,CAPITL,61757,35.93,1.58,0,1
24-07-2024 23:00,EDT,CAPITL,61757,33.7,1.6,0,1
25-07-2024 00:00,EDT,CAPITL,61757,29.92,1.45,0,1
25-07-2024 01:00,EDT,CAPITL,61757,25.99,1.26,0,1
25-07-2024 02:00,EDT,CAPITL,61757,24.3,1.13,0,1
25-07-2024 03:00,EDT,CAPITL,61757,23.96,1.14,0,1
25-07-2024 04:00,EDT,CAPITL,61757,23.57,1.12,0,1
25-07-2024 05:00,EDT,CAPITL,61757,24.63,1.22,0,1
25-07-2024 06:00,EDT,CAPITL,61757,27.49,1.36,0,1
25-07-2024 07:00,EDT,CAPITL,61757,30.14,1.41,0,1
25-07-2024 08:00,EDT,CAPITL,61757,32.3,1.57,0,1
25-07-2024 09:00,EDT,CAPITL,61757,33.11,1.61,0,1
25-07-2024 10:00,EDT,CAPITL,61757,33.44,1.5,0,1
25-07-2024 11:00,EDT,CAPITL,61757,35.29,1.58,0,1
25-07-2024 12:00,EDT,CAPITL,61757,37.11,1.56,0,1
25-07-2024 13:00,EDT,CAPITL,61757,38.04,1.53,0,1
25-07-2024 14:00,EDT,CAPITL,61757,40.43,1.63,0,1
25-07-2024 15:00,EDT,CAPITL,61757,43.46,1.83,0,1
25-07-2024 16:00,EDT,CAPITL,61757,46.73,2.13,-0.29,1
25-07-2024 17:00,EDT,CAPITL,61757,52.91,2.36,-5.23,1
25-07-2024 18:00,EDT,CAPITL,61757,49.14,2.55,-1.06,1
25-07-2024 19:00,EDT,CAPITL,61757,44.52,2.35,-1.63,1
25-07-2024 20:00,EDT,CAPITL,61757,40.19,2.24,0,1
25-07-2024 21:00,EDT,CAPITL,61757,38.01,1.88,0,1
25-07-2024 22:00,EDT,CAPITL,61757,33.28,1.58,0,1
25-07-2024 23:00,EDT,CAPITL,61757,30.94,1.5,0,1
26-07-2024 00:00,EDT,CAPITL,61757,25.14,1.13,0,1
26-07-2024 01:00,EDT,CAPITL,61757,23.06,1.1,0,1
26-07-2024 02:00,EDT,CAPITL,61757,21.33,1.05,0,1
26-07-2024 03:00,EDT,CAPITL,61757,20.08,0.88,0,1
26-07-2024 04:00,EDT,CAPITL,61757,20.26,0.91,0,1
26-07-2024 05:00,EDT,CAPITL,61757,20.98,1.02,0,1
26-07-2024 06:00,EDT,CAPITL,61757,23.44,1.14,0,1
26-07-2024 07:00,EDT,CAPITL,61757,24.43,0.98,0,1
26-07-2024 08:00,EDT,CAPITL,61757,25.01,0.96,0,1
26-07-2024 09:00,EDT,CAPITL,61757,24.9,0.86,0,1
26-07-2024 10:00,EDT,CAPITL,61757,25.66,0.87,0,1
26-07-2024 11:00,EDT,CAPITL,61757,26,0.88,0,1
26-07-2024 12:00,EDT,CAPITL,61757,27.78,0.94,0,1
26-07-2024 13:00,EDT,CAPITL,61757,29.07,0.9,0,1
26-07-2024 14:00,EDT,CAPITL,61757,30.12,0.99,0,1
26-07-2024 15:00,EDT,CAPITL,61757,33.52,1.2,0,1
26-07-2024 16:00,EDT,CAPITL,61757,37.58,1.34,0,1
26-07-2024 17:00,EDT,CAPITL,61757,40.82,1.68,0,1
26-07-2024 18:00,EDT,CAPITL,61757,41.9,2.11,0,1
26-07-2024 19:00,EDT,CAPITL,61757,39.62,1.99,0,1
26-07-2024 20:00,EDT,CAPITL,61757,36.08,1.85,0,1
26-07-2024 21:00,EDT,CAPITL,61757,32.69,1.61,0,1
26-07-2024 22:00,EDT,CAPITL,61757,29.37,1.37,0,1
26-07-2024 23:00,EDT,CAPITL,61757,26.95,1.21,0,1
27-07-2024 00:00,EDT,CAPITL,61757,25.14,1.17,0,1
27-07-2024 01:00,EDT,CAPITL,61757,22.83,1.05,0,1
27-07-2024 02:00,EDT,CAPITL,61757,21.94,1.18,0,1
27-07-2024 03:00,EDT,CAPITL,61757,20.2,1.03,0,1
27-07-2024 04:00,EDT,CAPITL,61757,20.03,1.06,0,1
27-07-2024 05:00,EDT,CAPITL,61757,19.97,1,0,1
27-07-2024 06:00,EDT,CAPITL,61757,20.27,0.97,0,1
27-07-2024 07:00,EDT,CAPITL,61757,21.61,1.01,0,1
27-07-2024 08:00,EDT,CAPITL,61757,22.19,1.06,0,1
27-07-2024 09:00,EDT,CAPITL,61757,22.61,0.97,0,1
27-07-2024 10:00,EDT,CAPITL,61757,23.44,0.88,0,1
27-07-2024 11:00,EDT,CAPITL,61757,23.97,1.01,0,1
27-07-2024 12:00,EDT,CAPITL,61757,25.7,1.06,0,1
27-07-2024 13:00,EDT,CAPITL,61757,26.7,0.88,0,1
27-07-2024 14:00,EDT,CAPITL,61757,28.4,0.99,0,1
27-07-2024 15:00,EDT,CAPITL,61757,32.86,1.27,0,1
27-07-2024 16:00,EDT,CAPITL,61757,35.99,1.35,0,1
27-07-2024 17:00,EDT,CAPITL,61757,40.12,1.98,0,1
27-07-2024 18:00,EDT,CAPITL,61757,45.64,2.62,0,1
27-07-2024 19:00,EDT,CAPITL,61757,42.94,2.55,0,1
27-07-2024 20:00,EDT,CAPITL,61757,36.4,1.96,0,1
27-07-2024 21:00,EDT,CAPITL,61757,33.46,1.8,0,1
27-07-2024 22:00,EDT,CAPITL,61757,28.81,1.53,0,1
27-07-2024 23:00,EDT,CAPITL,61757,26.45,1.33,0,1
28-07-2024 00:00,EDT,CAPITL,61757,26.01,1.26,0,1
28-07-2024 01:00,EDT,CAPITL,61757,22.9,1.09,0,1
28-07-2024 02:00,EDT,CAPITL,61757,21.03,1.06,0,1
28-07-2024 03:00,EDT,CAPITL,61757,20.01,0.93,0,1
28-07-2024 04:00,EDT,CAPITL,61757,19.95,0.93,0,1
28-07-2024 05:00,EDT,CAPITL,61757,19.56,0.9,0,1
28-07-2024 06:00,EDT,CAPITL,61757,19.17,0.86,0,1
28-07-2024 07:00,EDT,CAPITL,61757,19.89,0.82,0,1
28-07-2024 08:00,EDT,CAPITL,61757,21.65,0.97,0,1
28-07-2024 09:00,EDT,CAPITL,61757,22.45,0.88,0,1
28-07-2024 10:00,EDT,CAPITL,61757,23.55,0.86,0,1
28-07-2024 11:00,EDT,CAPITL,61757,26.21,1.01,0,1
28-07-2024 12:00,EDT,CAPITL,61757,30.29,1.28,0,1
28-07-2024 13:00,EDT,CAPITL,61757,32.29,1.33,0,1
28-07-2024 14:00,EDT,CAPITL,61757,33.9,1.43,0,1
28-07-2024 15:00,EDT,CAPITL,61757,37.56,1.69,0,1
28-07-2024 16:00,EDT,CAPITL,61757,42,2.07,0,1
28-07-2024 17:00,EDT,CAPITL,61757,46.32,2.58,0,1
28-07-2024 18:00,EDT,CAPITL,61757,50.22,2.98,0,1
28-07-2024 19:00,EDT,CAPITL,61757,45.74,2.79,0,1
28-07-2024 20:00,EDT,CAPITL,61757,42,2.68,0,1
28-07-2024 21:00,EDT,CAPITL,61757,39.33,2.33,0,1
28-07-2024 22:00,EDT,CAPITL,61757,35,1.79,0,1
28-07-2024 23:00,EDT,CAPITL,61757,29.63,1.44,0,1
29-07-2024 00:00,EDT,CAPITL,61757,29.11,1.28,0,1
29-07-2024 01:00,EDT,CAPITL,61757,25.52,1.07,0,1
29-07-2024 02:00,EDT,CAPITL,61757,24.28,1.02,0,1
29-07-2024 03:00,EDT,CAPITL,61757,23.02,0.99,0,1
29-07-2024 04:00,EDT,CAPITL,61757,22.96,0.99,0,1
29-07-2024 05:00,EDT,CAPITL,61757,23.72,1,0,1
29-07-2024 06:00,EDT,CAPITL,61757,26.28,1.13,0,1
29-07-2024 07:00,EDT,CAPITL,61757,28.32,1.22,0,1
29-07-2024 08:00,EDT,CAPITL,61757,29.82,1.2,0,1
29-07-2024 09:00,EDT,CAPITL,61757,31.21,1.29,0,1
29-07-2024 10:00,EDT,CAPITL,61757,34.08,1.34,0,1
29-07-2024 11:00,EDT,CAPITL,61757,35.97,1.35,0,1
29-07-2024 12:00,EDT,CAPITL,61757,37.63,1.55,0,1
29-07-2024 13:00,EDT,CAPITL,61757,39.39,1.44,0,1
29-07-2024 14:00,EDT,CAPITL,61757,40.5,1.48,0,1
29-07-2024 15:00,EDT,CAPITL,61757,45.05,1.86,0,1
29-07-2024 16:00,EDT,CAPITL,61757,51.55,1.84,0,1
29-07-2024 17:00,EDT,CAPITL,61757,55.57,2.34,0,1
29-07-2024 18:00,EDT,CAPITL,61757,56.06,2.77,0,1
29-07-2024 19:00,EDT,CAPITL,61757,47.91,2.54,0,1
29-07-2024 20:00,EDT,CAPITL,61757,43.91,2.49,0,1
29-07-2024 21:00,EDT,CAPITL,61757,40.59,2.3,0,1
29-07-2024 22:00,EDT,CAPITL,61757,36.31,1.76,0,1
29-07-2024 23:00,EDT,CAPITL,61757,34.09,1.62,0,1
30-07-2024 00:00,EDT,CAPITL,61757,30.97,1.53,0,1
30-07-2024 01:00,EDT,CAPITL,61757,28.43,1.4,0,1
30-07-2024 02:00,EDT,CAPITL,61757,26.36,1.25,0,1
30-07-2024 03:00,EDT,CAPITL,61757,24.85,1.18,0,1
30-07-2024 04:00,EDT,CAPITL,61757,24.85,1.18,0,1
30-07-2024 05:00,EDT,CAPITL,61757,26.33,1.3,0,1
30-07-2024 06:00,EDT,CAPITL,61757,29.32,1.42,0,1
30-07-2024 07:00,EDT,CAPITL,61757,30.92,1.44,0,1
30-07-2024 08:00,EDT,CAPITL,61757,32.44,1.46,0,1
30-07-2024 09:00,EDT,CAPITL,61757,35.02,1.54,0,1
30-07-2024 10:00,EDT,CAPITL,61757,37.02,1.49,0,1
30-07-2024 11:00,EDT,CAPITL,61757,38.21,1.68,0,1
30-07-2024 12:00,EDT,CAPITL,61757,40.96,1.8,0,1
30-07-2024 13:00,EDT,CAPITL,61757,44.07,1.82,0,1
30-07-2024 14:00,EDT,CAPITL,61757,46.02,1.98,0,1
30-07-2024 15:00,EDT,CAPITL,61757,51.2,2.34,0,1
30-07-2024 16:00,EDT,CAPITL,61757,57.42,2.78,0,1
30-07-2024 17:00,EDT,CAPITL,61757,63.06,3.4,0,1
30-07-2024 18:00,EDT,CAPITL,61757,60.52,3.59,0,1
30-07-2024 19:00,EDT,CAPITL,61757,52.37,3.19,-0.8,1
30-07-2024 20:00,EDT,CAPITL,61757,47.15,2.87,-0.81,1
30-07-2024 21:00,EDT,CAPITL,61757,41,2.54,0,1
30-07-2024 22:00,EDT,CAPITL,61757,36.89,1.89,0,1
30-07-2024 23:00,EDT,CAPITL,61757,34.68,1.78,0,1
31-07-2024 00:00,EDT,CAPITL,61757,32.4,1.66,0,1
31-07-2024 01:00,EDT,CAPITL,61757,30.59,1.57,0,1
31-07-2024 02:00,EDT,CAPITL,61757,28.16,1.44,0,1
31-07-2024 03:00,EDT,CAPITL,61757,27.27,1.4,0,1
31-07-2024 04:00,EDT,CAPITL,61757,27.41,1.43,0,1
31-07-2024 05:00,EDT,CAPITL,61757,29.18,1.49,0,1
31-07-2024 06:00,EDT,CAPITL,61757,30.95,1.56,0,1
31-07-2024 07:00,EDT,CAPITL,61757,34,1.65,0,1
31-07-2024 08:00,EDT,CAPITL,61757,36.1,1.78,0,1
31-07-2024 09:00,EDT,CAPITL,61757,37.98,1.74,0,1
31-07-2024 10:00,EDT,CAPITL,61757,39.21,1.76,0,1
31-07-2024 11:00,EDT,CAPITL,61757,42.19,1.89,0,1
31-07-2024 12:00,EDT,CAPITL,61757,41.53,1.75,0,1
31-07-2024 13:00,EDT,CAPITL,61757,46.01,1.9,0,1
31-07-2024 14:00,EDT,CAPITL,61757,48.17,1.94,0,1
31-07-2024 15:00,EDT,CAPITL,61757,54.11,2.33,0,1
31-07-2024 16:00,EDT,CAPITL,61757,61.19,2.75,0,1
31-07-2024 17:00,EDT,CAPITL,61757,67.61,3.28,0,1
31-07-2024 18:00,EDT,CAPITL,61757,65.4,3.64,0,1
31-07-2024 19:00,EDT,CAPITL,61757,58.79,3.33,0,1
31-07-2024 20:00,EDT,CAPITL,61757,54.23,3.12,0,1
31-07-2024 21:00,EDT,CAPITL,61757,43.7,2.47,0,1
31-07-2024 22:00,EDT,CAPITL,61757,40.37,2.1,0,1
31-07-2024 23:00,EDT,CAPITL,61757,37.66,1.79,0,1
01-08-2024 00:00,EDT,CAPITL,61757,35.32,1.65,0,1
01-08-2024 01:00,EDT,CAPITL,61757,31.83,1.49,0,1
01-08-2024 02:00,EDT,CAPITL,61757,30.14,1.38,0,1
01-08-2024 03:00,EDT,CAPITL,61757,29.55,1.38,0,1
01-08-2024 04:00,EDT,CAPITL,61757,29.58,1.38,0,1
01-08-2024 05:00,EDT,CAPITL,61757,30.64,1.38,0,1
01-08-2024 06:00,EDT,CAPITL,61757,32.41,1.46,0,1
01-08-2024 07:00,EDT,CAPITL,61757,35.95,1.58,0,1
01-08-2024 08:00,EDT,CAPITL,61757,37.45,1.58,0,1
01-08-2024 09:00,EDT,CAPITL,61757,38.32,1.72,0,1
01-08-2024 10:00,EDT,CAPITL,61757,41.73,1.8,0,1
01-08-2024 11:00,EDT,CAPITL,61757,45.76,2.05,0,1
01-08-2024 12:00,EDT,CAPITL,61757,50.01,2.11,0,1
01-08-2024 13:00,EDT,CAPITL,61757,58.54,2.52,0,1
01-08-2024 14:00,EDT,CAPITL,61757,63.58,3.26,0,1
01-08-2024 15:00,EDT,CAPITL,61757,77.85,4.34,-0.01,1
01-08-2024 16:00,EDT,CAPITL,61757,104.22,5.96,-0.48,1
01-08-2024 17:00,EDT,CAPITL,61757,122.82,7.62,-4.67,1
01-08-2024 18:00,EDT,CAPITL,61757,171.66,6.41,-73.7,1
01-08-2024 19:00,EDT,CAPITL,61757,146.47,4.72,-72.43,1
01-08-2024 20:00,EDT,CAPITL,61757,113.55,3.78,-52.48,1
01-08-2024 21:00,EDT,CAPITL,61757,82.66,3.37,-29.03,1
01-08-2024 22:00,EDT,CAPITL,61757,46.1,2.69,0,1
01-08-2024 23:00,EDT,CAPITL,61757,40.02,2.12,0,1
02-08-2024 00:00,EDT,CAPITL,61757,40.14,2.27,0,1
02-08-2024 01:00,EDT,CAPITL,61757,37.95,1.98,0,1
02-08-2024 02:00,EDT,CAPITL,61757,35.71,1.76,0,1
02-08-2024 03:00,EDT,CAPITL,61757,33.54,1.63,0,1
02-08-2024 04:00,EDT,CAPITL,61757,33,1.6,0,1
02-08-2024 05:00,EDT,CAPITL,61757,35.05,1.73,0,1
02-08-2024 06:00,EDT,CAPITL,61757,37.78,1.93,0,1
02-08-2024 07:00,EDT,CAPITL,61757,38.77,1.92,0,1
02-08-2024 08:00,EDT,CAPITL,61757,40.82,2.09,0,1
02-08-2024 09:00,EDT,CAPITL,61757,44.15,2.3,0,1
02-08-2024 10:00,EDT,CAPITL,61757,45.92,2.27,0,1
02-08-2024 11:00,EDT,CAPITL,61757,56.38,2.94,0,1
02-08-2024 12:00,EDT,CAPITL,61757,61.33,3.08,0,1
02-08-2024 13:00,EDT,CAPITL,61757,65.23,3.4,0,1
02-08-2024 14:00,EDT,CAPITL,61757,71.38,3.85,0,1
02-08-2024 15:00,EDT,CAPITL,61757,102.42,5.98,0,1
02-08-2024 16:00,EDT,CAPITL,61757,118.3,7.13,0.17,1
02-08-2024 17:00,EDT,CAPITL,61757,136.75,9.13,-0.85,1
02-08-2024 18:00,EDT,CAPITL,61757,160,7.37,-50.36,1
02-08-2024 19:00,EDT,CAPITL,61757,126,5.41,-44.35,1
02-08-2024 20:00,EDT,CAPITL,61757,108.27,4.24,-44.29,1
02-08-2024 21:00,EDT,CAPITL,61757,60.34,3.84,0,1
02-08-2024 22:00,EDT,CAPITL,61757,48.43,2.92,0,1
02-08-2024 23:00,EDT,CAPITL,61757,43.13,2.48,0,1
03-08-2024 00:00,EDT,CAPITL,61757,38.24,2.23,0,1
03-08-2024 01:00,EDT,CAPITL,61757,33.7,1.97,0,1
03-08-2024 02:00,EDT,CAPITL,61757,33.43,1.89,0,1
03-08-2024 03:00,EDT,CAPITL,61757,29.45,1.67,0,1
03-08-2024 04:00,EDT,CAPITL,61757,28.03,1.56,0,1
03-08-2024 05:00,EDT,CAPITL,61757,28.19,1.57,0,1
03-08-2024 06:00,EDT,CAPITL,61757,28.74,1.63,0,1
03-08-2024 07:00,EDT,CAPITL,61757,28.11,1.54,0,1
03-08-2024 08:00,EDT,CAPITL,61757,30.88,1.78,0,1
03-08-2024 09:00,EDT,CAPITL,61757,34.96,2.07,0,1
03-08-2024 10:00,EDT,CAPITL,61757,37.74,2.17,0,1
03-08-2024 11:00,EDT,CAPITL,61757,41.36,2.7,0,1
03-08-2024 12:00,EDT,CAPITL,61757,41.36,2.49,0,1
03-08-2024 13:00,EDT,CAPITL,61757,42.87,2.5,0,1
03-08-2024 14:00,EDT,CAPITL,61757,46.78,2.82,0,1
03-08-2024 15:00,EDT,CAPITL,61757,56.26,3.48,0,1
03-08-2024 16:00,EDT,CAPITL,61757,61.75,3.88,0,1
03-08-2024 17:00,EDT,CAPITL,61757,64.35,4.32,0,1
03-08-2024 18:00,EDT,CAPITL,61757,62.61,4.26,0,1
03-08-2024 19:00,EDT,CAPITL,61757,55.67,3.73,-1.56,1
03-08-2024 20:00,EDT,CAPITL,61757,88,2.98,-44.25,1
03-08-2024 21:00,EDT,CAPITL,61757,47.03,3.01,-3.95,1
03-08-2024 22:00,EDT,CAPITL,61757,38.83,2.47,0,1
03-08-2024 23:00,EDT,CAPITL,61757,36.35,1.99,0,1
04-08-2024 00:00,EDT,CAPITL,61757,35.38,1.94,0,1
04-08-2024 01:00,EDT,CAPITL,61757,32.81,1.83,0,1
04-08-2024 02:00,EDT,CAPITL,61757,29.58,1.59,0,1
04-08-2024 03:00,EDT,CAPITL,61757,27.58,1.49,0,1
04-08-2024 04:00,EDT,CAPITL,61757,26.9,1.55,0,1
04-08-2024 05:00,EDT,CAPITL,61757,27.62,1.56,0,1
04-08-2024 06:00,EDT,CAPITL,61757,26.45,1.52,0,1
04-08-2024 07:00,EDT,CAPITL,61757,25.93,1.37,0,1
04-08-2024 08:00,EDT,CAPITL,61757,27.89,1.55,0,1
04-08-2024 09:00,EDT,CAPITL,61757,30.32,1.63,0,1
04-08-2024 10:00,EDT,CAPITL,61757,32.55,1.58,0,1
04-08-2024 11:00,EDT,CAPITL,61757,35.18,1.77,0,1
04-08-2024 12:00,EDT,CAPITL,61757,37.93,1.84,0,1
04-08-2024 13:00,EDT,CAPITL,61757,40.34,2.25,0,1
04-08-2024 14:00,EDT,CAPITL,61757,41.44,2.31,0,1
04-08-2024 15:00,EDT,CAPITL,61757,43.01,2.51,0,1
04-08-2024 16:00,EDT,CAPITL,61757,49.33,3.05,0,1
04-08-2024 17:00,EDT,CAPITL,61757,55.23,3.61,0,1
04-08-2024 18:00,EDT,CAPITL,61757,56.34,3.93,0,1
04-08-2024 19:00,EDT,CAPITL,61757,49.91,3.44,0,1
04-08-2024 20:00,EDT,CAPITL,61757,49.29,3.3,-2.6,1
04-08-2024 21:00,EDT,CAPITL,61757,41.53,2.82,0,1
04-08-2024 22:00,EDT,CAPITL,61757,37.3,2.04,0,1
04-08-2024 23:00,EDT,CAPITL,61757,33.3,1.85,0,1
05-08-2024 00:00,EDT,CAPITL,61757,32.41,1.75,0,1
05-08-2024 01:00,EDT,CAPITL,61757,29.62,1.62,0,1
05-08-2024 02:00,EDT,CAPITL,61757,26.58,1.41,0,1
05-08-2024 03:00,EDT,CAPITL,61757,25.68,1.31,0,1
05-08-2024 04:00,EDT,CAPITL,61757,25.76,1.34,0,1
05-08-2024 05:00,EDT,CAPITL,61757,27.54,1.43,0,1
05-08-2024 06:00,EDT,CAPITL,61757,29.86,1.42,0,1
05-08-2024 07:00,EDT,CAPITL,61757,32.85,1.5,0,1
05-08-2024 08:00,EDT,CAPITL,61757,34.5,1.52,0,1
05-08-2024 09:00,EDT,CAPITL,61757,36.82,1.48,0,1
05-08-2024 10:00,EDT,CAPITL,61757,39.65,1.85,0,1
05-08-2024 11:00,EDT,CAPITL,61757,42.51,2.02,0,1
05-08-2024 12:00,EDT,CAPITL,61757,45.38,2.2,0,1
05-08-2024 13:00,EDT,CAPITL,61757,49.08,2.42,0,1
05-08-2024 14:00,EDT,CAPITL,61757,54.33,2.88,0,1
05-08-2024 15:00,EDT,CAPITL,61757,72.36,3.76,-3.72,1
05-08-2024 16:00,EDT,CAPITL,61757,98.34,5.2,-9.24,1
05-08-2024 17:00,EDT,CAPITL,61757,140.45,5.21,-57.44,1
05-08-2024 18:00,EDT,CAPITL,61757,186,4.38,-119.09,1
05-08-2024 19:00,EDT,CAPITL,61757,105.89,3.46,-52.91,1
05-08-2024 20:00,EDT,CAPITL,61757,78,3.47,-25.61,1
05-08-2024 21:00,EDT,CAPITL,61757,48.85,3.11,0,1
05-08-2024 22:00,EDT,CAPITL,61757,42.64,2.53,0,1
05-08-2024 23:00,EDT,CAPITL,61757,37.83,1.87,0,1
06-08-2024 00:00,EDT,CAPITL,61757,34.04,1.59,0,1
06-08-2024 01:00,EDT,CAPITL,61757,31.51,1.53,0,1
06-08-2024 02:00,EDT,CAPITL,61757,27.84,1.25,0,1
06-08-2024 03:00,EDT,CAPITL,61757,26.14,1.2,0,1
06-08-2024 04:00,EDT,CAPITL,61757,25.8,1.2,0,1
06-08-2024 05:00,EDT,CAPITL,61757,26.98,1.28,0,1
06-08-2024 06:00,EDT,CAPITL,61757,29.96,1.45,0,1
06-08-2024 07:00,EDT,CAPITL,61757,33.34,1.53,0,1
06-08-2024 08:00,EDT,CAPITL,61757,35.85,1.74,-0.03,1
06-08-2024 09:00,EDT,CAPITL,61757,37.29,1.71,-0.01,1
06-08-2024 10:00,EDT,CAPITL,61757,37.35,1.54,0,1
06-08-2024 11:00,EDT,CAPITL,61757,38.07,1.74,0,1
06-08-2024 12:00,EDT,CAPITL,61757,38.11,1.75,0,1
06-08-2024 13:00,EDT,CAPITL,61757,39.88,1.75,0,1
06-08-2024 14:00,EDT,CAPITL,61757,40.16,1.88,0,1
06-08-2024 15:00,EDT,CAPITL,61757,42.45,2.06,0,1
06-08-2024 16:00,EDT,CAPITL,61757,43.47,2.11,0,1
06-08-2024 17:00,EDT,CAPITL,61757,48.76,2.67,0,1
06-08-2024 18:00,EDT,CAPITL,61757,47.53,2.78,0,1
06-08-2024 19:00,EDT,CAPITL,61757,40.5,2.33,0,1
06-08-2024 20:00,EDT,CAPITL,61757,40.54,2.47,0,1
06-08-2024 21:00,EDT,CAPITL,61757,36.94,1.86,0,1
06-08-2024 22:00,EDT,CAPITL,61757,33.23,1.52,0,1
06-08-2024 23:00,EDT,CAPITL,61757,31.55,1.42,0,1
07-08-2024 00:00,EDT,CAPITL,61757,27.02,1.14,0,1
07-08-2024 01:00,EDT,CAPITL,61757,24.41,1.03,0,1
07-08-2024 02:00,EDT,CAPITL,61757,23.43,0.81,0,1
07-08-2024 03:00,EDT,CAPITL,61757,22.38,0.76,0,1
07-08-2024 04:00,EDT,CAPITL,61757,22.44,0.8,0,1
07-08-2024 05:00,EDT,CAPITL,61757,23.83,0.87,0,1
07-08-2024 06:00,EDT,CAPITL,61757,26.23,1.15,0,1
07-08-2024 07:00,EDT,CAPITL,61757,26.69,1.12,0,1
07-08-2024 08:00,EDT,CAPITL,61757,27.22,1.22,0,1
07-08-2024 09:00,EDT,CAPITL,61757,27.37,1.13,0,1
07-08-2024 10:00,EDT,CAPITL,61757,27.38,1,0,1
07-08-2024 11:00,EDT,CAPITL,61757,28.41,0.96,0,1
07-08-2024 12:00,EDT,CAPITL,61757,27.79,0.84,0,1
07-08-2024 13:00,EDT,CAPITL,61757,28.28,0.66,0,1
07-08-2024 14:00,EDT,CAPITL,61757,29.16,0.74,0,1
07-08-2024 15:00,EDT,CAPITL,61757,31.07,0.88,0,1
07-08-2024 16:00,EDT,CAPITL,61757,32.62,0.86,0,1
07-08-2024 17:00,EDT,CAPITL,61757,35.87,1.18,0,1
07-08-2024 18:00,EDT,CAPITL,61757,34.93,1.28,0,1
07-08-2024 19:00,EDT,CAPITL,61757,32.25,1.27,0,1
07-08-2024 20:00,EDT,CAPITL,61757,32.25,1.45,0,1
07-08-2024 21:00,EDT,CAPITL,61757,29.24,1.23,0,1
07-08-2024 22:00,EDT,CAPITL,61757,25.9,1.21,0,1
07-08-2024 23:00,EDT,CAPITL,61757,24.16,1,0,1
08-08-2024 00:00,EDT,CAPITL,61757,24.23,1.04,0,1
08-08-2024 01:00,EDT,CAPITL,61757,22.99,1.03,0,1
08-08-2024 02:00,EDT,CAPITL,61757,21.08,0.93,0,1
08-08-2024 03:00,EDT,CAPITL,61757,20.49,0.9,0,1
08-08-2024 04:00,EDT,CAPITL,61757,20.72,0.93,0,1
08-08-2024 05:00,EDT,CAPITL,61757,21.92,0.98,0,1
08-08-2024 06:00,EDT,CAPITL,61757,24.35,1.16,0,1
08-08-2024 07:00,EDT,CAPITL,61757,24.97,1.26,0,1
08-08-2024 08:00,EDT,CAPITL,61757,25.65,1.22,0,1
08-08-2024 09:00,EDT,CAPITL,61757,25.39,1.02,0,1
08-08-2024 10:00,EDT,CAPITL,61757,24.8,0.75,0,1
08-08-2024 11:00,EDT,CAPITL,61757,25.43,0.77,0,1
08-08-2024 12:00,EDT,CAPITL,61757,26.45,0.82,0,1
08-08-2024 13:00,EDT,CAPITL,61757,28.61,0.89,0,1
08-08-2024 14:00,EDT,CAPITL,61757,29.16,0.96,0,1
08-08-2024 15:00,EDT,CAPITL,61757,30.75,1.15,0,1
08-08-2024 16:00,EDT,CAPITL,61757,31.82,1.28,0,1
08-08-2024 17:00,EDT,CAPITL,61757,36.26,1.63,0,1
08-08-2024 18:00,EDT,CAPITL,61757,36.07,1.75,0,1
08-08-2024 19:00,EDT,CAPITL,61757,34.58,1.77,0,1
08-08-2024 20:00,EDT,CAPITL,61757,34.58,1.93,0,1
08-08-2024 21:00,EDT,CAPITL,61757,30.55,1.67,0,1
08-08-2024 22:00,EDT,CAPITL,61757,26.84,1.35,0,1
08-08-2024 23:00,EDT,CAPITL,61757,24.81,1.34,0,1
09-08-2024 00:00,EDT,CAPITL,61757,26.73,1.3,0,1
09-08-2024 01:00,EDT,CAPITL,61757,24.71,1.24,0,1
09-08-2024 02:00,EDT,CAPITL,61757,23.33,0.98,0,1
09-08-2024 03:00,EDT,CAPITL,61757,23.02,1.01,0,1
09-08-2024 04:00,EDT,CAPITL,61757,23.16,1,0,1
09-08-2024 05:00,EDT,CAPITL,61757,24.63,1.22,0,1
09-08-2024 06:00,EDT,CAPITL,61757,28.36,1.5,0,1
09-08-2024 07:00,EDT,CAPITL,61757,29.8,1.58,0,1
09-08-2024 08:00,EDT,CAPITL,61757,31.32,1.66,0,1
09-08-2024 09:00,EDT,CAPITL,61757,32.46,1.75,0,1
09-08-2024 10:00,EDT,CAPITL,61757,34.42,1.73,0,1
09-08-2024 11:00,EDT,CAPITL,61757,36.45,1.77,0,1
09-08-2024 12:00,EDT,CAPITL,61757,36.75,1.78,0,1
09-08-2024 13:00,EDT,CAPITL,61757,39.75,1.96,0,1
09-08-2024 14:00,EDT,CAPITL,61757,39.73,2,0,1
09-08-2024 15:00,EDT,CAPITL,61757,41.39,2.23,0,1
09-08-2024 16:00,EDT,CAPITL,61757,41.86,2.33,0,1
09-08-2024 17:00,EDT,CAPITL,61757,43.21,2.6,0,1
09-08-2024 18:00,EDT,CAPITL,61757,39.84,2.4,0,1
09-08-2024 19:00,EDT,CAPITL,61757,38.72,2.33,0,1
09-08-2024 20:00,EDT,CAPITL,61757,38.13,2.3,0,1
09-08-2024 21:00,EDT,CAPITL,61757,35.22,2.18,0,1
09-08-2024 22:00,EDT,CAPITL,61757,32.05,1.9,0,1
09-08-2024 23:00,EDT,CAPITL,61757,29.66,1.73,0,1
10-08-2024 00:00,EDT,CAPITL,61757,29.53,1.62,0,1
10-08-2024 01:00,EDT,CAPITL,61757,25.97,1.45,0,1
10-08-2024 02:00,EDT,CAPITL,61757,23.14,1.27,0,1
10-08-2024 03:00,EDT,CAPITL,61757,22.59,1.28,0,1
10-08-2024 04:00,EDT,CAPITL,61757,22.38,1.23,0,1
10-08-2024 05:00,EDT,CAPITL,61757,22.72,1.27,0,1
10-08-2024 06:00,EDT,CAPITL,61757,24.21,1.3,0,1
10-08-2024 07:00,EDT,CAPITL,61757,25.16,1.31,0,1
10-08-2024 08:00,EDT,CAPITL,61757,25.45,1.35,0,1
10-08-2024 09:00,EDT,CAPITL,61757,25.77,1.25,0,1
10-08-2024 10:00,EDT,CAPITL,61757,25.76,1.25,0,1
10-08-2024 11:00,EDT,CAPITL,61757,26.57,1.29,0,1
10-08-2024 12:00,EDT,CAPITL,61757,28.25,1.37,0,1
10-08-2024 13:00,EDT,CAPITL,61757,28.8,1.37,0,1
10-08-2024 14:00,EDT,CAPITL,61757,30.24,1.47,0,1
10-08-2024 15:00,EDT,CAPITL,61757,32.71,1.52,-1.35,1
10-08-2024 16:00,EDT,CAPITL,61757,36.15,1.75,0,1
10-08-2024 17:00,EDT,CAPITL,61757,38.21,1.96,0,1
10-08-2024 18:00,EDT,CAPITL,61757,38.47,2.11,0,1
10-08-2024 19:00,EDT,CAPITL,61757,38.53,2.28,0,1
10-08-2024 20:00,EDT,CAPITL,61757,36.41,2.13,0,1
10-08-2024 21:00,EDT,CAPITL,61757,31.29,1.83,0,1
10-08-2024 22:00,EDT,CAPITL,61757,28.34,1.48,0,1
10-08-2024 23:00,EDT,CAPITL,61757,25.72,1.34,0,1
11-08-2024 00:00,EDT,CAPITL,61757,25.67,1.36,0,1
11-08-2024 01:00,EDT,CAPITL,61757,22.47,1.19,0,1
11-08-2024 02:00,EDT,CAPITL,61757,21.6,1.09,0,1
11-08-2024 03:00,EDT,CAPITL,61757,20.29,1,0,1
11-08-2024 04:00,EDT,CAPITL,61757,19.46,0.96,0,1
11-08-2024 05:00,EDT,CAPITL,61757,19.26,0.95,0,1
11-08-2024 06:00,EDT,CAPITL,61757,19.6,1.04,0,1
11-08-2024 07:00,EDT,CAPITL,61757,19.83,0.76,0,1
11-08-2024 08:00,EDT,CAPITL,61757,20.56,0.75,0,1
11-08-2024 09:00,EDT,CAPITL,61757,20.43,0.67,0,1
11-08-2024 10:00,EDT,CAPITL,61757,21.3,0.64,0,1
11-08-2024 11:00,EDT,CAPITL,61757,23.29,0.72,0,1
11-08-2024 12:00,EDT,CAPITL,61757,24.4,0.73,0,1
11-08-2024 13:00,EDT,CAPITL,61757,24.72,0.81,0,1
11-08-2024 14:00,EDT,CAPITL,61757,25.27,0.88,0,1
11-08-2024 15:00,EDT,CAPITL,61757,27.55,1.19,0,1
11-08-2024 16:00,EDT,CAPITL,61757,29.99,1.37,0,1
11-08-2024 17:00,EDT,CAPITL,61757,33.79,1.7,0,1
11-08-2024 18:00,EDT,CAPITL,61757,36.67,2.01,0,1
11-08-2024 19:00,EDT,CAPITL,61757,35.3,1.97,0,1
11-08-2024 20:00,EDT,CAPITL,61757,32.63,1.88,0,1
11-08-2024 21:00,EDT,CAPITL,61757,29.5,1.72,0,1
11-08-2024 22:00,EDT,CAPITL,61757,26.44,1.38,0,1
11-08-2024 23:00,EDT,CAPITL,61757,25.02,1.15,0,1
12-08-2024 00:00,EDT,CAPITL,61757,23.98,1.16,0,1
12-08-2024 01:00,EDT,CAPITL,61757,23.05,1.16,0,1
12-08-2024 02:00,EDT,CAPITL,61757,21.12,1.04,0,1
12-08-2024 03:00,EDT,CAPITL,61757,19.78,0.98,0,1
12-08-2024 04:00,EDT,CAPITL,61757,19.59,0.99,0,1
12-08-2024 05:00,EDT,CAPITL,61757,21.85,1.14,0,1
12-08-2024 06:00,EDT,CAPITL,61757,24.53,1.26,0,1
12-08-2024 07:00,EDT,CAPITL,61757,25.99,1.07,0,1
12-08-2024 08:00,EDT,CAPITL,61757,25.23,0.99,0,1
12-08-2024 09:00,EDT,CAPITL,61757,23.67,0.87,0,1
12-08-2024 10:00,EDT,CAPITL,61757,24.39,0.8,0,1
12-08-2024 11:00,EDT,CAPITL,61757,25.67,0.89,0,1
12-08-2024 12:00,EDT,CAPITL,61757,26.42,1.04,0,1
12-08-2024 13:00,EDT,CAPITL,61757,28.08,1.03,0,1
12-08-2024 14:00,EDT,CAPITL,61757,30.32,1.17,0,1
12-08-2024 15:00,EDT,CAPITL,61757,31.81,1.25,0,1
12-08-2024 16:00,EDT,CAPITL,61757,36.67,1.54,0,1
12-08-2024 17:00,EDT,CAPITL,61757,39.81,1.79,0,1
12-08-2024 18:00,EDT,CAPITL,61757,40.68,1.97,0,1
12-08-2024 19:00,EDT,CAPITL,61757,39.51,1.92,0,1
12-08-2024 20:00,EDT,CAPITL,61757,38.9,1.92,0,1
12-08-2024 21:00,EDT,CAPITL,61757,32.01,1.64,0,1
12-08-2024 22:00,EDT,CAPITL,61757,27.78,1.32,0,1
12-08-2024 23:00,EDT,CAPITL,61757,25.87,1.18,0,1
13-08-2024 00:00,EDT,CAPITL,61757,24.14,0.99,0,1
13-08-2024 01:00,EDT,CAPITL,61757,23.49,0.97,0,1
13-08-2024 02:00,EDT,CAPITL,61757,21.2,0.93,0,1
13-08-2024 03:00,EDT,CAPITL,61757,20.6,0.93,0,1
13-08-2024 04:00,EDT,CAPITL,61757,20.76,0.93,0,1
13-08-2024 05:00,EDT,CAPITL,61757,22.6,1.01,0,1
13-08-2024 06:00,EDT,CAPITL,61757,24.94,1.1,0,1
13-08-2024 07:00,EDT,CAPITL,61757,25.6,1.03,0,1
13-08-2024 08:00,EDT,CAPITL,61757,25.44,0.95,0,1
13-08-2024 09:00,EDT,CAPITL,61757,24.78,0.77,0,1
13-08-2024 10:00,EDT,CAPITL,61757,25.25,0.76,0,1
13-08-2024 11:00,EDT,CAPITL,61757,25.76,0.82,0,1
13-08-2024 12:00,EDT,CAPITL,61757,26.82,0.88,0,1
13-08-2024 13:00,EDT,CAPITL,61757,29.51,0.86,0,1
13-08-2024 14:00,EDT,CAPITL,61757,30.41,0.94,0,1
13-08-2024 15:00,EDT,CAPITL,61757,31.99,1.11,0,1
13-08-2024 16:00,EDT,CAPITL,61757,36.97,1.42,0,1
13-08-2024 17:00,EDT,CAPITL,61757,41.74,1.8,0,1
13-08-2024 18:00,EDT,CAPITL,61757,43.55,2.23,0,1
13-08-2024 19:00,EDT,CAPITL,61757,40.33,2.06,0,1
13-08-2024 20:00,EDT,CAPITL,61757,40.95,2.1,0,1
13-08-2024 21:00,EDT,CAPITL,61757,34.9,1.85,0,1
13-08-2024 22:00,EDT,CAPITL,61757,29.58,1.41,0,1
13-08-2024 23:00,EDT,CAPITL,61757,26.21,1.2,0,1
14-08-2024 00:00,EDT,CAPITL,61757,25.83,0.97,0,1
14-08-2024 01:00,EDT,CAPITL,61757,25.27,0.85,0,1
14-08-2024 02:00,EDT,CAPITL,61757,23.85,0.81,0,1
14-08-2024 03:00,EDT,CAPITL,61757,22.76,0.73,0,1
14-08-2024 04:00,EDT,CAPITL,61757,22.7,0.79,0,1
14-08-2024 05:00,EDT,CAPITL,61757,23.54,0.82,0,1
14-08-2024 06:00,EDT,CAPITL,61757,25.93,1.09,0,1
14-08-2024 07:00,EDT,CAPITL,61757,25.98,1.09,0,1
14-08-2024 08:00,EDT,CAPITL,61757,26.3,1.08,0,1
14-08-2024 09:00,EDT,CAPITL,61757,25.75,0.87,0,1
14-08-2024 10:00,EDT,CAPITL,61757,25.96,0.85,0,1
14-08-2024 11:00,EDT,CAPITL,61757,28.33,0.88,0,1
14-08-2024 12:00,EDT,CAPITL,61757,31.25,1.06,0,1
14-08-2024 13:00,EDT,CAPITL,61757,34.8,1.11,0,1
14-08-2024 14:00,EDT,CAPITL,61757,36.25,1.12,0,1
14-08-2024 15:00,EDT,CAPITL,61757,39.29,1.33,0,1
14-08-2024 16:00,EDT,CAPITL,61757,46.18,1.78,0,1
14-08-2024 17:00,EDT,CAPITL,61757,51.3,2.3,0,1
14-08-2024 18:00,EDT,CAPITL,61757,50.55,2.54,0,1
14-08-2024 19:00,EDT,CAPITL,61757,46.72,2.48,0,1
14-08-2024 20:00,EDT,CAPITL,61757,43.36,2.22,0,1
14-08-2024 21:00,EDT,CAPITL,61757,37.68,2,0,1
14-08-2024 22:00,EDT,CAPITL,61757,34.24,1.63,0,1
14-08-2024 23:00,EDT,CAPITL,61757,31.27,1.49,0,1
15-08-2024 00:00,EDT,CAPITL,61757,28.14,1.24,0,1
15-08-2024 01:00,EDT,CAPITL,61757,26.63,1.12,0,1
15-08-2024 02:00,EDT,CAPITL,61757,24.82,0.98,0,1
15-08-2024 03:00,EDT,CAPITL,61757,23.5,0.93,0,1
15-08-2024 04:00,EDT,CAPITL,61757,23.59,0.95,0,1
15-08-2024 05:00,EDT,CAPITL,61757,25.04,1.01,0,1
15-08-2024 06:00,EDT,CAPITL,61757,27.65,1.16,0,1
15-08-2024 07:00,EDT,CAPITL,61757,27.95,1.15,0,1
15-08-2024 08:00,EDT,CAPITL,61757,27.31,1.1,0,1
15-08-2024 09:00,EDT,CAPITL,61757,27,1.16,0,1
15-08-2024 10:00,EDT,CAPITL,61757,29.63,1.14,0,1
15-08-2024 11:00,EDT,CAPITL,61757,31.1,1.2,0,1
15-08-2024 12:00,EDT,CAPITL,61757,34.66,1.37,0,1
15-08-2024 13:00,EDT,CAPITL,61757,37.46,1.44,0,1
15-08-2024 14:00,EDT,CAPITL,61757,39.25,1.58,0,1
15-08-2024 15:00,EDT,CAPITL,61757,41.75,1.65,0,1
15-08-2024 16:00,EDT,CAPITL,61757,46.6,1.96,0,1
15-08-2024 17:00,EDT,CAPITL,61757,55.13,2.62,0,1
15-08-2024 18:00,EDT,CAPITL,61757,50.94,2.75,0,1
15-08-2024 19:00,EDT,CAPITL,61757,45.42,2.33,0,1
15-08-2024 20:00,EDT,CAPITL,61757,43.16,2.4,0,1
15-08-2024 21:00,EDT,CAPITL,61757,38.46,2.14,0,1
15-08-2024 22:00,EDT,CAPITL,61757,34.42,1.76,0,1
15-08-2024 23:00,EDT,CAPITL,61757,30.32,1.55,0,1
16-08-2024 00:00,EDT,CAPITL,61757,29.41,1.51,0,1
16-08-2024 01:00,EDT,CAPITL,61757,28.36,1.4,0,1
16-08-2024 02:00,EDT,CAPITL,61757,26.46,1.14,0,1
16-08-2024 03:00,EDT,CAPITL,61757,24.35,1.05,0,1
16-08-2024 04:00,EDT,CAPITL,61757,23.55,0.99,0,1
16-08-2024 05:00,EDT,CAPITL,61757,25.52,1.12,0,1
16-08-2024 06:00,EDT,CAPITL,61757,28.3,1.42,0,1
16-08-2024 07:00,EDT,CAPITL,61757,28.62,1.47,0,1
16-08-2024 08:00,EDT,CAPITL,61757,29.59,1.46,0,1
16-08-2024 09:00,EDT,CAPITL,61757,29.74,1.25,0,1
16-08-2024 10:00,EDT,CAPITL,61757,30.54,1.32,0,1
16-08-2024 11:00,EDT,CAPITL,61757,34.15,1.5,0,1
16-08-2024 12:00,EDT,CAPITL,61757,36.55,1.51,0,1
16-08-2024 13:00,EDT,CAPITL,61757,38.84,1.64,0,1
16-08-2024 14:00,EDT,CAPITL,61757,41.68,1.91,0,1
16-08-2024 15:00,EDT,CAPITL,61757,43.9,2.09,0,1
16-08-2024 16:00,EDT,CAPITL,61757,50.7,2.64,0,1
16-08-2024 17:00,EDT,CAPITL,61757,58.21,3.35,0,1
16-08-2024 18:00,EDT,CAPITL,61757,51.81,3.21,0,1
16-08-2024 19:00,EDT,CAPITL,61757,44.57,2.68,0,1
16-08-2024 20:00,EDT,CAPITL,61757,42.99,2.7,0,1
16-08-2024 21:00,EDT,CAPITL,61757,38.5,2.38,0,1
16-08-2024 22:00,EDT,CAPITL,61757,33.68,2.05,0,1
16-08-2024 23:00,EDT,CAPITL,61757,30.76,1.9,0,1
17-08-2024 00:00,EDT,CAPITL,61757,32.22,1.68,0,1
17-08-2024 01:00,EDT,CAPITL,61757,28.58,1.54,0,1
17-08-2024 02:00,EDT,CAPITL,61757,26.85,1.23,0,1
17-08-2024 03:00,EDT,CAPITL,61757,26.14,1.2,0,1
17-08-2024 04:00,EDT,CAPITL,61757,25.59,1.15,0,1
17-08-2024 05:00,EDT,CAPITL,61757,26.9,1.23,0,1
17-08-2024 06:00,EDT,CAPITL,61757,26.47,1.26,0,1
17-08-2024 07:00,EDT,CAPITL,61757,27.23,1.3,0,1
17-08-2024 08:00,EDT,CAPITL,61757,28.16,1.39,0,1
17-08-2024 09:00,EDT,CAPITL,61757,28.64,1.57,0,1
17-08-2024 10:00,EDT,CAPITL,61757,30.17,1.57,0,1
17-08-2024 11:00,EDT,CAPITL,61757,32.41,1.69,0,1
17-08-2024 12:00,EDT,CAPITL,61757,33.29,1.64,0,1
17-08-2024 13:00,EDT,CAPITL,61757,33.97,1.56,0,1
17-08-2024 14:00,EDT,CAPITL,61757,34.81,1.69,0,1
17-08-2024 15:00,EDT,CAPITL,61757,36.97,1.83,0,1
17-08-2024 16:00,EDT,CAPITL,61757,39.11,1.86,0,1
17-08-2024 17:00,EDT,CAPITL,61757,39.87,2.04,0,1
17-08-2024 18:00,EDT,CAPITL,61757,41.03,2.25,0,1
17-08-2024 19:00,EDT,CAPITL,61757,38.65,2.08,0,1
17-08-2024 20:00,EDT,CAPITL,61757,36.9,2.12,0,1
17-08-2024 21:00,EDT,CAPITL,61757,34.26,2.06,0,1
17-08-2024 22:00,EDT,CAPITL,61757,31.3,1.8,0,1
17-08-2024 23:00,EDT,CAPITL,61757,28.98,1.72,0,1
18-08-2024 00:00,EDT,CAPITL,61757,28.14,1.29,0,1
18-08-2024 01:00,EDT,CAPITL,61757,27.13,1.27,0,1
18-08-2024 02:00,EDT,CAPITL,61757,25.52,1.12,0,1
18-08-2024 03:00,EDT,CAPITL,61757,24.26,1.13,0,1
18-08-2024 04:00,EDT,CAPITL,61757,23.8,1.07,0,1
18-08-2024 05:00,EDT,CAPITL,61757,24.11,1.13,0,1
18-08-2024 06:00,EDT,CAPITL,61757,24.52,1.17,0,1
18-08-2024 07:00,EDT,CAPITL,61757,23.61,1.17,0,1
18-08-2024 08:00,EDT,CAPITL,61757,25.31,1.3,0,1
18-08-2024 09:00,EDT,CAPITL,61757,27.73,1.47,0,1
18-08-2024 10:00,EDT,CAPITL,61757,27.63,1.32,0,1
18-08-2024 11:00,EDT,CAPITL,61757,28.09,1.31,0,1
18-08-2024 12:00,EDT,CAPITL,61757,30.13,1.52,0,1
18-08-2024 13:00,EDT,CAPITL,61757,30.28,1.41,0,1
18-08-2024 14:00,EDT,CAPITL,61757,30.66,1.43,0,1
18-08-2024 15:00,EDT,CAPITL,61757,32.64,1.55,0,1
18-08-2024 16:00,EDT,CAPITL,61757,35.96,1.58,0,1
18-08-2024 17:00,EDT,CAPITL,61757,39.55,1.95,0,1
18-08-2024 18:00,EDT,CAPITL,61757,40.71,2.12,0,1
18-08-2024 19:00,EDT,CAPITL,61757,39.37,2.09,0,1
18-08-2024 20:00,EDT,CAPITL,61757,37.87,2.28,0,1
18-08-2024 21:00,EDT,CAPITL,61757,34.55,2.05,0,1
18-08-2024 22:00,EDT,CAPITL,61757,33.11,1.81,0,1
18-08-2024 23:00,EDT,CAPITL,61757,29.17,1.55,0,1
19-08-2024 00:00,EDT,CAPITL,61757,26.45,1.26,0,1
19-08-2024 01:00,EDT,CAPITL,61757,25.03,1.24,0,1
19-08-2024 02:00,EDT,CAPITL,61757,23.75,1.15,0,1
19-08-2024 03:00,EDT,CAPITL,61757,22.41,1.05,0,1
19-08-2024 04:00,EDT,CAPITL,61757,22.45,1.07,0,1
19-08-2024 05:00,EDT,CAPITL,61757,25.19,1.22,0,1
19-08-2024 06:00,EDT,CAPITL,61757,28.61,1.59,0,1
19-08-2024 07:00,EDT,CAPITL,61757,32.2,1.91,0,1
19-08-2024 08:00,EDT,CAPITL,61757,32.33,2,0,1
19-08-2024 09:00,EDT,CAPITL,61757,34.35,2.07,0,1
19-08-2024 10:00,EDT,CAPITL,61757,35.25,2.09,0,1
19-08-2024 11:00,EDT,CAPITL,61757,37.04,2.1,0,1
19-08-2024 12:00,EDT,CAPITL,61757,38.8,2.2,0.01,1
19-08-2024 13:00,EDT,CAPITL,61757,39.47,2.31,0.01,1
19-08-2024 14:00,EDT,CAPITL,61757,38.31,2.24,0.01,1
19-08-2024 15:00,EDT,CAPITL,61757,39.95,2.4,-0.16,1
19-08-2024 16:00,EDT,CAPITL,61757,43.69,2.62,-0.15,1
19-08-2024 17:00,EDT,CAPITL,61757,48.08,3.04,-1.65,1
19-08-2024 18:00,EDT,CAPITL,61757,42.89,2.88,0.01,1
19-08-2024 19:00,EDT,CAPITL,61757,39.32,2.61,0.01,1
19-08-2024 20:00,EDT,CAPITL,61757,37.08,2.59,0,1
19-08-2024 21:00,EDT,CAPITL,61757,32.97,2.24,0,1
19-08-2024 22:00,EDT,CAPITL,61757,29.24,1.86,0,1
19-08-2024 23:00,EDT,CAPITL,61757,25.68,1.57,0,1
20-08-2024 00:00,EDT,CAPITL,61757,25.82,1.48,0,1
20-08-2024 01:00,EDT,CAPITL,61757,23.83,1.39,0,1
20-08-2024 02:00,EDT,CAPITL,61757,22.45,1.33,0,1
20-08-2024 03:00,EDT,CAPITL,61757,20.84,1.24,0,1
20-08-2024 04:00,EDT,CAPITL,61757,21.26,1.24,0,1
20-08-2024 05:00,EDT,CAPITL,61757,23.48,1.41,0,1
20-08-2024 06:00,EDT,CAPITL,61757,26.7,1.65,0,1
20-08-2024 07:00,EDT,CAPITL,61757,27.43,1.53,0,1
20-08-2024 08:00,EDT,CAPITL,61757,26.85,1.52,0,1
20-08-2024 09:00,EDT,CAPITL,61757,25.09,1.24,0,1
20-08-2024 10:00,EDT,CAPITL,61757,25.02,1.1,0,1
20-08-2024 11:00,EDT,CAPITL,61757,24.97,1.05,0,1
20-08-2024 12:00,EDT,CAPITL,61757,24.8,1.04,0,1
20-08-2024 13:00,EDT,CAPITL,61757,25.4,1.05,0,1
20-08-2024 14:00,EDT,CAPITL,61757,26.18,1.1,0,1
20-08-2024 15:00,EDT,CAPITL,61757,26.91,1.18,0,1
20-08-2024 16:00,EDT,CAPITL,61757,29.81,1.42,0,1
20-08-2024 17:00,EDT,CAPITL,61757,32.6,1.79,0,1
20-08-2024 18:00,EDT,CAPITL,61757,32.24,1.94,0,1
20-08-2024 19:00,EDT,CAPITL,61757,33.19,2.02,0,1
20-08-2024 20:00,EDT,CAPITL,61757,31.38,2.02,0,1
20-08-2024 21:00,EDT,CAPITL,61757,29.31,1.76,0,1
20-08-2024 22:00,EDT,CAPITL,61757,26.75,1.42,0,1
20-08-2024 23:00,EDT,CAPITL,61757,24.07,1.25,0,1
21-08-2024 00:00,EDT,CAPITL,61757,22.14,1.17,0,1
21-08-2024 01:00,EDT,CAPITL,61757,20.17,1.09,0,1
21-08-2024 02:00,EDT,CAPITL,61757,19.36,1.06,0,1
21-08-2024 03:00,EDT,CAPITL,61757,18.53,1.02,0,1
21-08-2024 04:00,EDT,CAPITL,61757,18.7,0.99,0,1
21-08-2024 05:00,EDT,CAPITL,61757,20.63,1.06,0,1
21-08-2024 06:00,EDT,CAPITL,61757,24.5,1.23,0,1
21-08-2024 07:00,EDT,CAPITL,61757,26.07,1.22,0,1
21-08-2024 08:00,EDT,CAPITL,61757,26.01,1.24,0,1
21-08-2024 09:00,EDT,CAPITL,61757,23.38,0.94,0,1
21-08-2024 10:00,EDT,CAPITL,61757,23.46,0.95,0,1
21-08-2024 11:00,EDT,CAPITL,61757,23.53,0.93,0,1
21-08-2024 12:00,EDT,CAPITL,61757,24.99,0.96,0,1
21-08-2024 13:00,EDT,CAPITL,61757,25.52,0.96,0,1
21-08-2024 14:00,EDT,CAPITL,61757,24.39,0.94,0,1
21-08-2024 15:00,EDT,CAPITL,61757,24.84,1.05,0,1
21-08-2024 16:00,EDT,CAPITL,61757,26.72,1.12,0,1
21-08-2024 17:00,EDT,CAPITL,61757,29.82,1.5,0,1
21-08-2024 18:00,EDT,CAPITL,61757,32.8,1.77,0,1
21-08-2024 19:00,EDT,CAPITL,61757,32.71,1.82,0,1
21-08-2024 20:00,EDT,CAPITL,61757,31.35,1.8,0,1
21-08-2024 21:00,EDT,CAPITL,61757,28.42,1.4,0,1
21-08-2024 22:00,EDT,CAPITL,61757,24.84,1.29,0,1
21-08-2024 23:00,EDT,CAPITL,61757,22.83,1,0,1
22-08-2024 00:00,EDT,CAPITL,61757,22.8,1.13,0,1
22-08-2024 01:00,EDT,CAPITL,61757,21.29,1.09,0,1
22-08-2024 02:00,EDT,CAPITL,61757,19.79,1.01,0,1
22-08-2024 03:00,EDT,CAPITL,61757,19.57,1.02,0,1
22-08-2024 04:00,EDT,CAPITL,61757,19.69,0.97,0,1
22-08-2024 05:00,EDT,CAPITL,61757,21.69,1.09,0,1
22-08-2024 06:00,EDT,CAPITL,61757,25.29,1.25,0,1
22-08-2024 07:00,EDT,CAPITL,61757,28.31,1.32,0,1
22-08-2024 08:00,EDT,CAPITL,61757,24.38,1.07,0,1
22-08-2024 09:00,EDT,CAPITL,61757,21.55,0.95,0,1
22-08-2024 10:00,EDT,CAPITL,61757,21.41,0.92,0,1
22-08-2024 11:00,EDT,CAPITL,61757,21.93,0.95,0,1
22-08-2024 12:00,EDT,CAPITL,61757,22.55,0.97,0,1
22-08-2024 13:00,EDT,CAPITL,61757,23.81,1,0,1
22-08-2024 14:00,EDT,CAPITL,61757,24.82,1.04,0,1
22-08-2024 15:00,EDT,CAPITL,61757,25.35,1.25,0,1
22-08-2024 16:00,EDT,CAPITL,61757,27.26,1.22,0,1
22-08-2024 17:00,EDT,CAPITL,61757,31.74,1.68,0,1
22-08-2024 18:00,EDT,CAPITL,61757,34.76,1.94,0,1
22-08-2024 19:00,EDT,CAPITL,61757,36.8,2.22,0,1
22-08-2024 20:00,EDT,CAPITL,61757,35.78,2.18,0,1
22-08-2024 21:00,EDT,CAPITL,61757,28.79,1.68,0,1
22-08-2024 22:00,EDT,CAPITL,61757,27.46,1.38,0,1
22-08-2024 23:00,EDT,CAPITL,61757,23.67,1.06,0,1
23-08-2024 00:00,EDT,CAPITL,61757,24.02,1.16,0,1
23-08-2024 01:00,EDT,CAPITL,61757,22.68,1.12,0,1
23-08-2024 02:00,EDT,CAPITL,61757,21.49,1.14,0,1
23-08-2024 03:00,EDT,CAPITL,61757,20.33,1.08,0,1
23-08-2024 04:00,EDT,CAPITL,61757,21.2,1.1,0,1
23-08-2024 05:00,EDT,CAPITL,61757,22.08,1.15,0,1
23-08-2024 06:00,EDT,CAPITL,61757,25.35,1.25,0,1
23-08-2024 07:00,EDT,CAPITL,61757,27.43,1.18,0,1
23-08-2024 08:00,EDT,CAPITL,61757,25.98,1.02,0,1
23-08-2024 09:00,EDT,CAPITL,61757,23.77,0.76,0,1
23-08-2024 10:00,EDT,CAPITL,61757,24.91,0.72,0,1
23-08-2024 11:00,EDT,CAPITL,61757,25.51,0.79,0,1
23-08-2024 12:00,EDT,CAPITL,61757,25.92,0.83,0,1
23-08-2024 13:00,EDT,CAPITL,61757,27.17,0.82,0,1
23-08-2024 14:00,EDT,CAPITL,61757,28.12,1.11,0,1
23-08-2024 15:00,EDT,CAPITL,61757,28.89,1.32,0,1
23-08-2024 16:00,EDT,CAPITL,61757,33.85,1.64,0,1
23-08-2024 17:00,EDT,CAPITL,61757,40.59,2.26,0,1
23-08-2024 18:00,EDT,CAPITL,61757,42.36,2.47,0,1
23-08-2024 19:00,EDT,CAPITL,61757,40.86,2.49,0,1
23-08-2024 20:00,EDT,CAPITL,61757,39.3,2.5,0,1
23-08-2024 21:00,EDT,CAPITL,61757,31.3,1.99,0,1
23-08-2024 22:00,EDT,CAPITL,61757,28.55,1.62,0,1
23-08-2024 23:00,EDT,CAPITL,61757,26.25,1.34,0,1
24-08-2024 00:00,EDT,CAPITL,61757,24.36,1.14,0,1
24-08-2024 01:00,EDT,CAPITL,61757,23.12,1.1,0,1
24-08-2024 02:00,EDT,CAPITL,61757,21.3,1.07,0,1
24-08-2024 03:00,EDT,CAPITL,61757,20.36,1.04,0,1
24-08-2024 04:00,EDT,CAPITL,61757,20.03,0.95,0,1
24-08-2024 05:00,EDT,CAPITL,61757,20.15,0.92,0,1
24-08-2024 06:00,EDT,CAPITL,61757,21.51,0.95,0,1
24-08-2024 07:00,EDT,CAPITL,61757,20.78,0.84,0,1
24-08-2024 08:00,EDT,CAPITL,61757,20.76,0.89,0,1
24-08-2024 09:00,EDT,CAPITL,61757,21.25,0.76,0,1
24-08-2024 10:00,EDT,CAPITL,61757,22.5,0.7,0,1
24-08-2024 11:00,EDT,CAPITL,61757,23.71,0.76,0,1
24-08-2024 12:00,EDT,CAPITL,61757,25.36,0.95,0,1
24-08-2024 13:00,EDT,CAPITL,61757,26.52,0.95,0,1
24-08-2024 14:00,EDT,CAPITL,61757,28.36,1.35,0,1
24-08-2024 15:00,EDT,CAPITL,61757,28.51,1.46,0,1
24-08-2024 16:00,EDT,CAPITL,61757,35.1,1.83,0,1
24-08-2024 17:00,EDT,CAPITL,61757,42.25,2.09,0,1
24-08-2024 18:00,EDT,CAPITL,61757,44.5,2.24,0,1
24-08-2024 19:00,EDT,CAPITL,61757,41.13,2.18,0,1
24-08-2024 20:00,EDT,CAPITL,61757,40.79,2.27,0,1
24-08-2024 21:00,EDT,CAPITL,61757,34.31,1.82,0,1
24-08-2024 22:00,EDT,CAPITL,61757,29.95,1.56,0,1
24-08-2024 23:00,EDT,CAPITL,61757,26.82,1.2,0,1
25-08-2024 00:00,EDT,CAPITL,61757,27.04,0.97,0,1
25-08-2024 01:00,EDT,CAPITL,61757,25.11,0.94,0,1
25-08-2024 02:00,EDT,CAPITL,61757,23.2,0.87,0,1
25-08-2024 03:00,EDT,CAPITL,61757,22.78,0.85,0,1
25-08-2024 04:00,EDT,CAPITL,61757,22,0.81,0,1
25-08-2024 05:00,EDT,CAPITL,61757,22.18,0.81,0,1
25-08-2024 06:00,EDT,CAPITL,61757,22.68,0.83,0,1
25-08-2024 07:00,EDT,CAPITL,61757,21.9,0.62,0,1
25-08-2024 08:00,EDT,CAPITL,61757,22.29,0.71,0,1
25-08-2024 09:00,EDT,CAPITL,61757,22.07,0.54,0,1
25-08-2024 10:00,EDT,CAPITL,61757,24.25,0.61,0,1
25-08-2024 11:00,EDT,CAPITL,61757,25.65,0.72,0,1
25-08-2024 12:00,EDT,CAPITL,61757,27.22,0.87,0,1
25-08-2024 13:00,EDT,CAPITL,61757,28.75,1.05,0,1
25-08-2024 14:00,EDT,CAPITL,61757,31.15,1.23,0,1
25-08-2024 15:00,EDT,CAPITL,61757,35.74,1.44,0,1
25-08-2024 16:00,EDT,CAPITL,61757,38.87,1.53,0,1
25-08-2024 17:00,EDT,CAPITL,61757,54.53,2.64,0,1
25-08-2024 18:00,EDT,CAPITL,61757,51.85,2.61,0,1
25-08-2024 19:00,EDT,CAPITL,61757,47.73,2.44,0,1
25-08-2024 20:00,EDT,CAPITL,61757,45.47,2.29,0,1
25-08-2024 21:00,EDT,CAPITL,61757,40.17,1.88,0,1
25-08-2024 22:00,EDT,CAPITL,61757,33.9,1.64,0,1
25-08-2024 23:00,EDT,CAPITL,61757,30.2,1.38,0,1
26-08-2024 00:00,EDT,CAPITL,61757,28.17,1.26,0,1
26-08-2024 01:00,EDT,CAPITL,61757,27.29,1.08,0,1
26-08-2024 02:00,EDT,CAPITL,61757,25.26,0.97,0,1
26-08-2024 03:00,EDT,CAPITL,61757,24.66,0.95,0,1
26-08-2024 04:00,EDT,CAPITL,61757,23.97,0.88,0,1
26-08-2024 05:00,EDT,CAPITL,61757,25.43,0.93,0,1
26-08-2024 06:00,EDT,CAPITL,61757,28.01,1.15,0,1
26-08-2024 07:00,EDT,CAPITL,61757,29.77,1.23,0,1
26-08-2024 08:00,EDT,CAPITL,61757,29.87,1.2,0,1
26-08-2024 09:00,EDT,CAPITL,61757,30.09,1.07,0,1
26-08-2024 10:00,EDT,CAPITL,61757,31.7,1.1,0,1
26-08-2024 11:00,EDT,CAPITL,61757,34.72,1.2,0,1
26-08-2024 12:00,EDT,CAPITL,61757,37.58,1.3,0,1
26-08-2024 13:00,EDT,CAPITL,61757,39.82,1.46,0,1
26-08-2024 14:00,EDT,CAPITL,61757,39.58,1.45,0,1
26-08-2024 15:00,EDT,CAPITL,61757,43.52,1.63,0,1
26-08-2024 16:00,EDT,CAPITL,61757,45.65,1.8,0,1
26-08-2024 17:00,EDT,CAPITL,61757,63.64,2.68,0,1
26-08-2024 18:00,EDT,CAPITL,61757,55.54,2.54,0,1
26-08-2024 19:00,EDT,CAPITL,61757,48.43,2.39,0,1
26-08-2024 20:00,EDT,CAPITL,61757,46.09,2.28,0,1
26-08-2024 21:00,EDT,CAPITL,61757,40.3,1.88,0,1
26-08-2024 22:00,EDT,CAPITL,61757,35.41,1.65,0,1
26-08-2024 23:00,EDT,CAPITL,61757,32.6,1.58,0,1
27-08-2024 00:00,EDT,CAPITL,61757,30.14,1.41,0,1
27-08-2024 01:00,EDT,CAPITL,61757,28.24,1.4,0,1
27-08-2024 02:00,EDT,CAPITL,61757,26.5,1.09,0,1
27-08-2024 03:00,EDT,CAPITL,61757,25.02,1.03,0,1
27-08-2024 04:00,EDT,CAPITL,61757,25,1.01,0,1
27-08-2024 05:00,EDT,CAPITL,61757,26.69,1.12,0,1
27-08-2024 06:00,EDT,CAPITL,61757,30.32,1.42,0,1
27-08-2024 07:00,EDT,CAPITL,61757,30.45,1.28,0,1
27-08-2024 08:00,EDT,CAPITL,61757,31.12,1.28,0,1
27-08-2024 09:00,EDT,CAPITL,61757,33,1.27,0,1
27-08-2024 10:00,EDT,CAPITL,61757,32.25,1.24,0,1
27-08-2024 11:00,EDT,CAPITL,61757,33.67,1.3,0,1
27-08-2024 12:00,EDT,CAPITL,61757,36.21,1.33,0,1
27-08-2024 13:00,EDT,CAPITL,61757,39.37,1.33,0,1
27-08-2024 14:00,EDT,CAPITL,61757,42.61,1.48,0,1
27-08-2024 15:00,EDT,CAPITL,61757,45.87,1.72,0,1
27-08-2024 16:00,EDT,CAPITL,61757,60.32,2.38,0,1
27-08-2024 17:00,EDT,CAPITL,61757,76.37,3.32,0.66,1
27-08-2024 18:00,EDT,CAPITL,61757,64.17,3.06,0.02,1
27-08-2024 19:00,EDT,CAPITL,61757,54,2.72,0,1
27-08-2024 20:00,EDT,CAPITL,61757,48.82,2.54,0,1
27-08-2024 21:00,EDT,CAPITL,61757,42.09,1.97,0,1
27-08-2024 22:00,EDT,CAPITL,61757,36.24,1.79,0,1
27-08-2024 23:00,EDT,CAPITL,61757,32.14,1.65,0,1
28-08-2024 00:00,EDT,CAPITL,61757,30.2,1.44,0,1
28-08-2024 01:00,EDT,CAPITL,61757,28.45,1.38,0,1
28-08-2024 02:00,EDT,CAPITL,61757,28.2,1.24,0,1
28-08-2024 03:00,EDT,CAPITL,61757,27.26,1.12,0,1
28-08-2024 04:00,EDT,CAPITL,61757,27.82,1.15,0,1
28-08-2024 05:00,EDT,CAPITL,61757,28.78,1.42,0,1
28-08-2024 06:00,EDT,CAPITL,61757,32.84,1.56,0,1
28-08-2024 07:00,EDT,CAPITL,61757,33.64,1.54,0,1
28-08-2024 08:00,EDT,CAPITL,61757,35.44,1.62,0,1
28-08-2024 09:00,EDT,CAPITL,61757,36.83,1.55,0,1
28-08-2024 10:00,EDT,CAPITL,61757,39.33,1.55,0,1
28-08-2024 11:00,EDT,CAPITL,61757,42.09,1.74,0.08,1
28-08-2024 12:00,EDT,CAPITL,61757,45.29,2.03,0.01,1
28-08-2024 13:00,EDT,CAPITL,61757,48.79,2.41,0,1
28-08-2024 14:00,EDT,CAPITL,61757,51.37,2.64,0.14,1
28-08-2024 15:00,EDT,CAPITL,61757,62.5,3.37,1.02,1
28-08-2024 16:00,EDT,CAPITL,61757,73.67,3.93,1.73,1
28-08-2024 17:00,EDT,CAPITL,61757,91.66,5.12,1.76,1
28-08-2024 18:00,EDT,CAPITL,61757,72.85,4.23,0.73,1
28-08-2024 19:00,EDT,CAPITL,61757,59.86,3.33,0,1
28-08-2024 20:00,EDT,CAPITL,61757,50.43,2.85,0,1
28-08-2024 21:00,EDT,CAPITL,61757,42.89,2.2,0,1
28-08-2024 22:00,EDT,CAPITL,61757,39.47,1.91,0,1
28-08-2024 23:00,EDT,CAPITL,61757,34.42,1.67,0,1
29-08-2024 00:00,EDT,CAPITL,61757,28.58,1.39,0,1
29-08-2024 01:00,EDT,CAPITL,61757,28.17,1.32,0,1
29-08-2024 02:00,EDT,CAPITL,61757,25.75,1.04,0,1
29-08-2024 03:00,EDT,CAPITL,61757,24.86,1.05,0,1
29-08-2024 04:00,EDT,CAPITL,61757,24.86,1.05,0,1
29-08-2024 05:00,EDT,CAPITL,61757,25.56,1.05,0,1
29-08-2024 06:00,EDT,CAPITL,61757,28.09,1.26,0,1
29-08-2024 07:00,EDT,CAPITL,61757,28.16,1.16,0,1
29-08-2024 08:00,EDT,CAPITL,61757,28.28,1.3,0,1
29-08-2024 09:00,EDT,CAPITL,61757,27.85,0.99,0,1
29-08-2024 10:00,EDT,CAPITL,61757,27.91,0.92,0,1
29-08-2024 11:00,EDT,CAPITL,61757,27.88,0.92,0,1
29-08-2024 12:00,EDT,CAPITL,61757,28.06,0.95,0,1
29-08-2024 13:00,EDT,CAPITL,61757,29.92,0.9,0.08,1
29-08-2024 14:00,EDT,CAPITL,61757,31.23,0.97,0.19,1
29-08-2024 15:00,EDT,CAPITL,61757,33.37,1.14,0.38,1
29-08-2024 16:00,EDT,CAPITL,61757,38.72,1.31,0,1
29-08-2024 17:00,EDT,CAPITL,61757,44.95,1.77,0,1
29-08-2024 18:00,EDT,CAPITL,61757,45.26,2.07,0,1
29-08-2024 19:00,EDT,CAPITL,61757,41.1,1.96,0,1
29-08-2024 20:00,EDT,CAPITL,61757,40.02,2.09,0,1
29-08-2024 21:00,EDT,CAPITL,61757,34.16,1.72,0,1
29-08-2024 22:00,EDT,CAPITL,61757,29.38,1.42,0,1
29-08-2024 23:00,EDT,CAPITL,61757,26.4,1.19,0,1
30-08-2024 00:00,EDT,CAPITL,61757,24.98,0.98,0,1
30-08-2024 01:00,EDT,CAPITL,61757,23.34,0.94,0,1
30-08-2024 02:00,EDT,CAPITL,61757,22.19,0.89,0,1
30-08-2024 03:00,EDT,CAPITL,61757,21.04,0.85,0,1
30-08-2024 04:00,EDT,CAPITL,61757,21.42,0.88,0,1
30-08-2024 05:00,EDT,CAPITL,61757,22.91,0.92,0,1
30-08-2024 06:00,EDT,CAPITL,61757,26,1.07,0,1
30-08-2024 07:00,EDT,CAPITL,61757,27.87,1.15,0,1
30-08-2024 08:00,EDT,CAPITL,61757,26.7,1.03,0,1
30-08-2024 09:00,EDT,CAPITL,61757,25.63,0.77,0,1
30-08-2024 10:00,EDT,CAPITL,61757,25.58,0.6,0,1
30-08-2024 11:00,EDT,CAPITL,61757,25.84,0.53,0,1
30-08-2024 12:00,EDT,CAPITL,61757,26.14,0.49,0,1
30-08-2024 13:00,EDT,CAPITL,61757,26,0.38,0,1
30-08-2024 14:00,EDT,CAPITL,61757,26.14,0.41,0,1
30-08-2024 15:00,EDT,CAPITL,61757,26.52,0.57,0,1
30-08-2024 16:00,EDT,CAPITL,61757,28.71,0.86,0,1
30-08-2024 17:00,EDT,CAPITL,61757,35.39,1.39,0,1
30-08-2024 18:00,EDT,CAPITL,61757,34.29,1.51,0,1
30-08-2024 19:00,EDT,CAPITL,61757,32.01,1.49,0,1
30-08-2024 20:00,EDT,CAPITL,61757,29.89,1.5,0,1
30-08-2024 21:00,EDT,CAPITL,61757,27.01,1.16,0,1
30-08-2024 22:00,EDT,CAPITL,61757,25.45,1.03,0,1
30-08-2024 23:00,EDT,CAPITL,61757,24.27,0.87,0,1
31-08-2024 00:00,EDT,CAPITL,61757,27.18,1.17,0,1
31-08-2024 01:00,EDT,CAPITL,61757,24.26,1.05,0,1
31-08-2024 02:00,EDT,CAPITL,61757,22.84,1.03,0,1
31-08-2024 03:00,EDT,CAPITL,61757,21.99,1.01,0,1
31-08-2024 04:00,EDT,CAPITL,61757,21.79,1,0,1
31-08-2024 05:00,EDT,CAPITL,61757,22.12,1.01,0,1
31-08-2024 06:00,EDT,CAPITL,61757,23.93,1.03,0,1
31-08-2024 07:00,EDT,CAPITL,61757,24.04,0.88,0,1
31-08-2024 08:00,EDT,CAPITL,61757,25.76,1.11,0,1
31-08-2024 09:00,EDT,CAPITL,61757,26.24,1.01,0,1
31-08-2024 10:00,EDT,CAPITL,61757,26.99,0.96,0,1
31-08-2024 11:00,EDT,CAPITL,61757,28.09,1.16,0,1
31-08-2024 12:00,EDT,CAPITL,61757,28.17,1.19,0,1
31-08-2024 13:00,EDT,CAPITL,61757,30.09,1.19,0,1
31-08-2024 14:00,EDT,CAPITL,61757,31.42,1.27,0,1
31-08-2024 15:00,EDT,CAPITL,61757,32.46,1.37,0,1
31-08-2024 16:00,EDT,CAPITL,61757,35.57,1.53,0,1
31-08-2024 17:00,EDT,CAPITL,61757,40.07,1.73,0,1
31-08-2024 18:00,EDT,CAPITL,61757,40.26,1.92,0,1
31-08-2024 19:00,EDT,CAPITL,61757,38.4,1.93,0,1
31-08-2024 20:00,EDT,CAPITL,61757,35.8,1.9,0,1
31-08-2024 21:00,EDT,CAPITL,61757,32.38,1.72,0,1
31-08-2024 22:00,EDT,CAPITL,61757,29.47,1.51,0,1
31-08-2024 23:00,EDT,CAPITL,61757,28.25,1.4,0,1
01-09-2024 00:00,EDT,CAPITL,61757,28.12,1.21,0,1
01-09-2024 01:00,EDT,CAPITL,61757,26.34,1.06,0,1
01-09-2024 02:00,EDT,CAPITL,61757,24.52,0.97,0,1
01-09-2024 03:00,EDT,CAPITL,61757,23.28,0.94,0,1
01-09-2024 04:00,EDT,CAPITL,61757,23.25,0.98,0,1
01-09-2024 05:00,EDT,CAPITL,61757,23.26,1,0,1
01-09-2024 06:00,EDT,CAPITL,61757,24.28,1.09,0,1
01-09-2024 07:00,EDT,CAPITL,61757,24.48,1.01,0,1
01-09-2024 08:00,EDT,CAPITL,61757,25.45,1.21,0,1
01-09-2024 09:00,EDT,CAPITL,61757,26.68,1.25,0,1
01-09-2024 10:00,EDT,CAPITL,61757,26.74,1.2,0,1
01-09-2024 11:00,EDT,CAPITL,61757,28.08,1.29,0,1
01-09-2024 12:00,EDT,CAPITL,61757,28.36,1.38,0,1
01-09-2024 13:00,EDT,CAPITL,61757,28.62,1.49,0,1
01-09-2024 14:00,EDT,CAPITL,61757,28.64,1.52,0,1
01-09-2024 15:00,EDT,CAPITL,61757,31.6,1.7,-0.1,1
01-09-2024 16:00,EDT,CAPITL,61757,34.89,1.94,0,1
01-09-2024 17:00,EDT,CAPITL,61757,43.41,2.54,0,1
01-09-2024 18:00,EDT,CAPITL,61757,46.46,2.52,-5.7,1
01-09-2024 19:00,EDT,CAPITL,61757,43.47,2.41,-4.57,1
01-09-2024 20:00,EDT,CAPITL,61757,39.3,2.37,-0.95,1
01-09-2024 21:00,EDT,CAPITL,61757,33.44,2.04,0,1
01-09-2024 22:00,EDT,CAPITL,61757,30.6,1.76,0,1
01-09-2024 23:00,EDT,CAPITL,61757,28.16,1.39,0,1
02-09-2024 00:00,EDT,CAPITL,61757,26.71,1.15,0,1
02-09-2024 01:00,EDT,CAPITL,61757,24.15,1.02,0,1
02-09-2024 02:00,EDT,CAPITL,61757,22.72,0.98,0,1
02-09-2024 03:00,EDT,CAPITL,61757,21.57,0.97,0,1
02-09-2024 04:00,EDT,CAPITL,61757,21.26,0.97,0,1
02-09-2024 05:00,EDT,CAPITL,61757,20.27,0.93,0,1
02-09-2024 06:00,EDT,CAPITL,61757,22.24,0.98,0,1
02-09-2024 07:00,EDT,CAPITL,61757,22.17,0.79,0,1
02-09-2024 08:00,EDT,CAPITL,61757,21.74,0.73,0,1
02-09-2024 09:00,EDT,CAPITL,61757,21.75,0.65,0,1
02-09-2024 10:00,EDT,CAPITL,61757,21.83,0.57,0,1
02-09-2024 11:00,EDT,CAPITL,61757,21.83,0.57,0,1
02-09-2024 12:00,EDT,CAPITL,61757,22.87,0.56,0,1
02-09-2024 13:00,EDT,CAPITL,61757,23.9,0.63,0,1
02-09-2024 14:00,EDT,CAPITL,61757,24.19,0.68,0,1
02-09-2024 15:00,EDT,CAPITL,61757,25.22,0.85,0,1
02-09-2024 16:00,EDT,CAPITL,61757,27.98,1.1,0,1
02-09-2024 17:00,EDT,CAPITL,61757,33.8,1.61,0,1
02-09-2024 18:00,EDT,CAPITL,61757,35.3,1.81,0,1
02-09-2024 19:00,EDT,CAPITL,61757,33.74,1.79,0,1
02-09-2024 20:00,EDT,CAPITL,61757,32.74,1.71,0,1
02-09-2024 21:00,EDT,CAPITL,61757,28.11,1.34,0,1
02-09-2024 22:00,EDT,CAPITL,61757,26.19,1.06,0,1
02-09-2024 23:00,EDT,CAPITL,61757,23.79,0.85,0,1
03-09-2024 00:00,EDT,CAPITL,61757,22.99,0.84,0,1
03-09-2024 01:00,EDT,CAPITL,61757,21.66,0.81,0,1
03-09-2024 02:00,EDT,CAPITL,61757,20.21,0.76,0,1
03-09-2024 03:00,EDT,CAPITL,61757,19.17,0.72,0,1
03-09-2024 04:00,EDT,CAPITL,61757,19.15,0.74,0,1
03-09-2024 05:00,EDT,CAPITL,61757,21.01,0.85,0,1
03-09-2024 06:00,EDT,CAPITL,61757,24.47,0.94,0,1
03-09-2024 07:00,EDT,CAPITL,61757,26.75,0.98,0,1
03-09-2024 08:00,EDT,CAPITL,61757,24.32,0.82,0,1
03-09-2024 09:00,EDT,CAPITL,61757,22.48,0.63,0,1
03-09-2024 10:00,EDT,CAPITL,61757,21.88,0.53,0,1
03-09-2024 11:00,EDT,CAPITL,61757,21.7,0.49,0,1
03-09-2024 12:00,EDT,CAPITL,61757,22.55,0.48,0,1
03-09-2024 13:00,EDT,CAPITL,61757,23.09,0.5,0,1
03-09-2024 14:00,EDT,CAPITL,61757,23.9,0.51,0,1
03-09-2024 15:00,EDT,CAPITL,61757,25.75,0.75,0,1
03-09-2024 16:00,EDT,CAPITL,61757,28.42,1.15,0,1
03-09-2024 17:00,EDT,CAPITL,61757,35.8,1.67,0,1
03-09-2024 18:00,EDT,CAPITL,61757,38.91,2.13,0,1
03-09-2024 19:00,EDT,CAPITL,61757,38.62,2.12,0,1
03-09-2024 20:00,EDT,CAPITL,61757,35.81,1.96,0,1
03-09-2024 21:00,EDT,CAPITL,61757,28.17,1.34,0,1
03-09-2024 22:00,EDT,CAPITL,61757,26.39,1.11,0,1
03-09-2024 23:00,EDT,CAPITL,61757,24.31,0.89,0,1
04-09-2024 00:00,EDT,CAPITL,61757,23.59,0.91,0,1
04-09-2024 01:00,EDT,CAPITL,61757,22.55,0.95,0,1
04-09-2024 02:00,EDT,CAPITL,61757,21.22,0.91,0,1
04-09-2024 03:00,EDT,CAPITL,61757,19.51,0.82,0,1
04-09-2024 04:00,EDT,CAPITL,61757,20.13,0.83,0,1
04-09-2024 05:00,EDT,CAPITL,61757,22.46,0.93,0,1
04-09-2024 06:00,EDT,CAPITL,61757,27.42,1.1,0,1
04-09-2024 07:00,EDT,CAPITL,61757,27.89,1.17,0,1
04-09-2024 08:00,EDT,CAPITL,61757,25.55,0.86,0,1
04-09-2024 09:00,EDT,CAPITL,61757,23.76,0.72,0,1
04-09-2024 10:00,EDT,CAPITL,61757,23.81,0.63,0,1
04-09-2024 11:00,EDT,CAPITL,61757,24.03,0.59,0,1
04-09-2024 12:00,EDT,CAPITL,61757,25.24,0.59,0,1
04-09-2024 13:00,EDT,CAPITL,61757,25.99,0.66,0,1
04-09-2024 14:00,EDT,CAPITL,61757,26.58,0.67,0,1
04-09-2024 15:00,EDT,CAPITL,61757,27.74,0.88,0,1
04-09-2024 16:00,EDT,CAPITL,61757,32.81,1.29,0,1
04-09-2024 17:00,EDT,CAPITL,61757,39.7,1.85,0,1
04-09-2024 18:00,EDT,CAPITL,61757,42.91,2.12,0,1
04-09-2024 19:00,EDT,CAPITL,61757,39.97,2.08,0,1
04-09-2024 20:00,EDT,CAPITL,61757,36.77,1.95,0,1
04-09-2024 21:00,EDT,CAPITL,61757,30.13,1.57,0,1
04-09-2024 22:00,EDT,CAPITL,61757,26.65,1.15,0,1
04-09-2024 23:00,EDT,CAPITL,61757,24.56,0.92,0,1
05-09-2024 00:00,EDT,CAPITL,61757,26.19,0.98,0,1
05-09-2024 01:00,EDT,CAPITL,61757,22.54,0.93,0,1
05-09-2024 02:00,EDT,CAPITL,61757,21.69,0.89,0,1
05-09-2024 03:00,EDT,CAPITL,61757,18.66,0.8,0,1
05-09-2024 04:00,EDT,CAPITL,61757,22.04,1.01,0,1
05-09-2024 05:00,EDT,CAPITL,61757,20.98,0.92,0,1
05-09-2024 06:00,EDT,CAPITL,61757,25.43,1.07,0,1
05-09-2024 07:00,EDT,CAPITL,61757,26.99,0.99,0,1
05-09-2024 08:00,EDT,CAPITL,61757,26.18,1.03,0,1
05-09-2024 09:00,EDT,CAPITL,61757,24.22,0.82,0,1
05-09-2024 10:00,EDT,CAPITL,61757,24.75,0.72,0,1
05-09-2024 11:00,EDT,CAPITL,61757,25.65,0.8,0,1
05-09-2024 12:00,EDT,CAPITL,61757,26.49,0.75,0,1
05-09-2024 13:00,EDT,CAPITL,61757,27.31,0.87,0,1
05-09-2024 14:00,EDT,CAPITL,61757,27.86,0.94,0,1
05-09-2024 15:00,EDT,CAPITL,61757,29.94,1.12,0,1
05-09-2024 16:00,EDT,CAPITL,61757,35.41,1.43,0,1
05-09-2024 17:00,EDT,CAPITL,61757,42.63,1.99,0,1
05-09-2024 18:00,EDT,CAPITL,61757,42.25,2.2,0,1
05-09-2024 19:00,EDT,CAPITL,61757,40.29,2.28,0,1
05-09-2024 20:00,EDT,CAPITL,61757,36.56,2.1,0,1
05-09-2024 21:00,EDT,CAPITL,61757,28.94,1.66,0,1
05-09-2024 22:00,EDT,CAPITL,61757,27.03,1.29,0,1
05-09-2024 23:00,EDT,CAPITL,61757,24.3,1.05,0,1
06-09-2024 00:00,EDT,CAPITL,61757,24.44,1.19,0,1
06-09-2024 01:00,EDT,CAPITL,61757,22.56,1.16,0,1
06-09-2024 02:00,EDT,CAPITL,61757,20.7,0.96,-1.98,1
06-09-2024 03:00,EDT,CAPITL,61757,19.45,0.94,-0.71,1
06-09-2024 04:00,EDT,CAPITL,61757,19.76,0.99,0,1
06-09-2024 05:00,EDT,CAPITL,61757,22.34,1.1,0,1
06-09-2024 06:00,EDT,CAPITL,61757,27.28,1.27,0,1
06-09-2024 07:00,EDT,CAPITL,61757,27.23,1.22,0,1
06-09-2024 08:00,EDT,CAPITL,61757,26.95,1.28,0,1
06-09-2024 09:00,EDT,CAPITL,61757,27.01,1.21,0,1
06-09-2024 10:00,EDT,CAPITL,61757,26.84,1.11,0,1
06-09-2024 11:00,EDT,CAPITL,61757,27,1.01,0,1
06-09-2024 12:00,EDT,CAPITL,61757,28.95,1.03,0,1
06-09-2024 13:00,EDT,CAPITL,61757,29.28,0.99,0,1
06-09-2024 14:00,EDT,CAPITL,61757,30.73,1.04,0,1
06-09-2024 15:00,EDT,CAPITL,61757,32.59,1.37,0,1
06-09-2024 16:00,EDT,CAPITL,61757,37.03,1.63,0,1
06-09-2024 17:00,EDT,CAPITL,61757,44.74,2.21,0,1
06-09-2024 18:00,EDT,CAPITL,61757,42.56,2.26,0,1
06-09-2024 19:00,EDT,CAPITL,61757,40.09,2.31,0,1
06-09-2024 20:00,EDT,CAPITL,61757,37.52,2.29,0,1
06-09-2024 21:00,EDT,CAPITL,61757,31.88,1.69,0,1
06-09-2024 22:00,EDT,CAPITL,61757,28.54,1.46,0,1
06-09-2024 23:00,EDT,CAPITL,61757,25.59,1.26,0,1
07-09-2024 00:00,EDT,CAPITL,61757,26.97,1.24,0,1
07-09-2024 01:00,EDT,CAPITL,61757,23.48,1.12,0,1
07-09-2024 02:00,EDT,CAPITL,61757,22.99,1.14,0,1
07-09-2024 03:00,EDT,CAPITL,61757,22.28,1.1,0,1
07-09-2024 04:00,EDT,CAPITL,61757,23.79,1.02,-3.53,1
07-09-2024 05:00,EDT,CAPITL,61757,23.6,1.12,-1.66,1
07-09-2024 06:00,EDT,CAPITL,61757,23.53,1.18,0,1
07-09-2024 07:00,EDT,CAPITL,61757,23.39,1.11,0,1
07-09-2024 08:00,EDT,CAPITL,61757,25.72,1.39,0,1
07-09-2024 09:00,EDT,CAPITL,61757,26.55,1.31,0,1
07-09-2024 10:00,EDT,CAPITL,61757,25.59,1.17,0,1
07-09-2024 11:00,EDT,CAPITL,61757,26.24,1.23,0,1
07-09-2024 12:00,EDT,CAPITL,61757,26.21,1.22,0,1
07-09-2024 13:00,EDT,CAPITL,61757,25.83,1.21,0,1
07-09-2024 14:00,EDT,CAPITL,61757,26.06,1.26,0,1
07-09-2024 15:00,EDT,CAPITL,61757,26.83,1.35,0,1
07-09-2024 16:00,EDT,CAPITL,61757,29.12,1.44,0,1
07-09-2024 17:00,EDT,CAPITL,61757,31.88,1.63,0,1
07-09-2024 18:00,EDT,CAPITL,61757,32.1,1.7,0,1
07-09-2024 19:00,EDT,CAPITL,61757,30.49,1.67,0,1
07-09-2024 20:00,EDT,CAPITL,61757,27.75,1.47,0,1
07-09-2024 21:00,EDT,CAPITL,61757,25.51,1.35,0,1
07-09-2024 22:00,EDT,CAPITL,61757,24.9,1.19,0,1
07-09-2024 23:00,EDT,CAPITL,61757,23.75,1.15,-0.04,1
08-09-2024 00:00,EDT,CAPITL,61757,26.1,1.15,0,1
08-09-2024 01:00,EDT,CAPITL,61757,23.24,1.02,0,1
08-09-2024 02:00,EDT,CAPITL,61757,22.18,1,0,1
08-09-2024 03:00,EDT,CAPITL,61757,20.68,0.97,-0.25,1
08-09-2024 04:00,EDT,CAPITL,61757,20.89,0.98,0,1
08-09-2024 05:00,EDT,CAPITL,61757,20.87,0.99,0,1
08-09-2024 06:00,EDT,CAPITL,61757,22.39,1.03,0,1
08-09-2024 07:00,EDT,CAPITL,61757,23.11,0.97,0,1
08-09-2024 08:00,EDT,CAPITL,61757,23.24,1,0,1
08-09-2024 09:00,EDT,CAPITL,61757,21.86,0.86,0,1
08-09-2024 10:00,EDT,CAPITL,61757,20.2,0.72,0,1
08-09-2024 11:00,EDT,CAPITL,61757,20.14,0.74,0,1
08-09-2024 12:00,EDT,CAPITL,61757,20.32,0.74,0,1
08-09-2024 13:00,EDT,CAPITL,61757,20.8,0.72,0,1
08-09-2024 14:00,EDT,CAPITL,61757,21.47,0.75,0,1
08-09-2024 15:00,EDT,CAPITL,61757,22.76,0.85,0,1
08-09-2024 16:00,EDT,CAPITL,61757,24.04,1.04,0,1
08-09-2024 17:00,EDT,CAPITL,61757,28.47,1.36,0,1
08-09-2024 18:00,EDT,CAPITL,61757,30.45,1.59,0,1
08-09-2024 19:00,EDT,CAPITL,61757,34.91,1.85,0,1
08-09-2024 20:00,EDT,CAPITL,61757,29.72,1.5,0,1
08-09-2024 21:00,EDT,CAPITL,61757,26.42,1.31,0,1
08-09-2024 22:00,EDT,CAPITL,61757,24.57,1.21,0,1
08-09-2024 23:00,EDT,CAPITL,61757,22.91,1.05,0,1
09-09-2024 00:00,EDT,CAPITL,61757,22.75,0.96,-2.64,1
09-09-2024 01:00,EDT,CAPITL,61757,21.25,0.95,-1.31,1
09-09-2024 02:00,EDT,CAPITL,61757,18.62,0.89,0,1
09-09-2024 03:00,EDT,CAPITL,61757,18.21,0.85,0,1
09-09-2024 04:00,EDT,CAPITL,61757,18.64,0.87,0,1
09-09-2024 05:00,EDT,CAPITL,61757,21.88,1.02,0,1
09-09-2024 06:00,EDT,CAPITL,61757,26.92,1.21,0,1
09-09-2024 07:00,EDT,CAPITL,61757,28.68,1.39,0,1
09-09-2024 08:00,EDT,CAPITL,61757,27.01,1.38,-0.13,1
09-09-2024 09:00,EDT,CAPITL,61757,25.54,1.17,0,1
09-09-2024 10:00,EDT,CAPITL,61757,24.52,1.1,0,1
09-09-2024 11:00,EDT,CAPITL,61757,24.35,1.05,0,1
09-09-2024 12:00,EDT,CAPITL,61757,26.22,1.18,0,1
09-09-2024 13:00,EDT,CAPITL,61757,27.45,1.18,0,1
09-09-2024 14:00,EDT,CAPITL,61757,26.99,1.14,0,1
09-09-2024 15:00,EDT,CAPITL,61757,28.55,1.15,0,1
09-09-2024 16:00,EDT,CAPITL,61757,32.87,1.54,0,1
09-09-2024 17:00,EDT,CAPITL,61757,37.66,2.03,0,1
09-09-2024 18:00,EDT,CAPITL,61757,40.72,2.16,0,1
09-09-2024 19:00,EDT,CAPITL,61757,39.78,2.11,0,1
09-09-2024 20:00,EDT,CAPITL,61757,38.21,2.13,0,1
09-09-2024 21:00,EDT,CAPITL,61757,32.54,1.46,0,1
09-09-2024 22:00,EDT,CAPITL,61757,29.11,1.25,0,1
09-09-2024 23:00,EDT,CAPITL,61757,24.96,1.21,0,1
10-09-2024 00:00,EDT,CAPITL,61757,26.03,1.1,0,1
10-09-2024 01:00,EDT,CAPITL,61757,23.73,1,0,1
10-09-2024 02:00,EDT,CAPITL,61757,22.32,0.92,0,1
10-09-2024 03:00,EDT,CAPITL,61757,21.8,0.94,0,1
10-09-2024 04:00,EDT,CAPITL,61757,22.24,0.94,0,1
10-09-2024 05:00,EDT,CAPITL,61757,24.41,1.01,0,1
10-09-2024 06:00,EDT,CAPITL,61757,31.07,1.28,0,1
10-09-2024 07:00,EDT,CAPITL,61757,32.6,1.52,0,1
10-09-2024 08:00,EDT,CAPITL,61757,29.6,1.28,0,1
10-09-2024 09:00,EDT,CAPITL,61757,26.94,1.06,0,1
10-09-2024 10:00,EDT,CAPITL,61757,27.1,0.92,0,1
10-09-2024 11:00,EDT,CAPITL,61757,25.98,0.93,0,1
10-09-2024 12:00,EDT,CAPITL,61757,27.15,0.94,0,1
10-09-2024 13:00,EDT,CAPITL,61757,28.55,0.86,0,1
10-09-2024 14:00,EDT,CAPITL,61757,29.17,0.96,0,1
10-09-2024 15:00,EDT,CAPITL,61757,29.8,1.01,0,1
10-09-2024 16:00,EDT,CAPITL,61757,35.42,1.53,0,1
10-09-2024 17:00,EDT,CAPITL,61757,40.75,2.05,0,1
10-09-2024 18:00,EDT,CAPITL,61757,44.09,2.3,0,1
10-09-2024 19:00,EDT,CAPITL,61757,43,2.28,0,1
10-09-2024 20:00,EDT,CAPITL,61757,39.26,2.08,0,1
10-09-2024 21:00,EDT,CAPITL,61757,33.27,1.67,0,1
10-09-2024 22:00,EDT,CAPITL,61757,30.57,1.29,0,1
10-09-2024 23:00,EDT,CAPITL,61757,26.78,1.25,0,1
11-09-2024 00:00,EDT,CAPITL,61757,25.97,0.95,0,1
11-09-2024 01:00,EDT,CAPITL,61757,23.99,0.95,0,1
11-09-2024 02:00,EDT,CAPITL,61757,22.91,0.88,0,1
11-09-2024 03:00,EDT,CAPITL,61757,22.41,0.88,0,1
11-09-2024 04:00,EDT,CAPITL,61757,22.91,0.9,0,1
11-09-2024 05:00,EDT,CAPITL,61757,25.64,1.08,0,1
11-09-2024 06:00,EDT,CAPITL,61757,32.82,1.65,0,1
11-09-2024 07:00,EDT,CAPITL,61757,32.77,1.59,0,1
11-09-2024 08:00,EDT,CAPITL,61757,29.42,1.27,0,1
11-09-2024 09:00,EDT,CAPITL,61757,26.36,0.96,0,1
11-09-2024 10:00,EDT,CAPITL,61757,26.3,0.84,0,1
11-09-2024 11:00,EDT,CAPITL,61757,26.06,0.83,-0.02,1
11-09-2024 12:00,EDT,CAPITL,61757,27.11,0.76,0,1
11-09-2024 13:00,EDT,CAPITL,61757,28.26,0.74,0,1
11-09-2024 14:00,EDT,CAPITL,61757,30.86,0.64,0,1
11-09-2024 15:00,EDT,CAPITL,61757,31.95,0.84,0,1
11-09-2024 16:00,EDT,CAPITL,61757,38.79,1.49,-0.1,1
11-09-2024 17:00,EDT,CAPITL,61757,45.43,1.75,0,1
11-09-2024 18:00,EDT,CAPITL,61757,48.04,2.11,0,1
11-09-2024 19:00,EDT,CAPITL,61757,44.76,1.93,0,1
11-09-2024 20:00,EDT,CAPITL,61757,39.81,1.64,0,1
11-09-2024 21:00,EDT,CAPITL,61757,34.31,1.51,0,1
11-09-2024 22:00,EDT,CAPITL,61757,31.11,1.23,0,1
11-09-2024 23:00,EDT,CAPITL,61757,27.5,1.08,0,1
12-09-2024 00:00,EDT,CAPITL,61757,28.09,1.13,0,1
12-09-2024 01:00,EDT,CAPITL,61757,25.49,1.03,0,1
12-09-2024 02:00,EDT,CAPITL,61757,24.41,0.98,0,1
12-09-2024 03:00,EDT,CAPITL,61757,23.76,0.91,0,1
12-09-2024 04:00,EDT,CAPITL,61757,23.6,0.91,0,1
12-09-2024 05:00,EDT,CAPITL,61757,26.12,1.01,0,1
12-09-2024 06:00,EDT,CAPITL,61757,34.46,1.61,0,1
12-09-2024 07:00,EDT,CAPITL,61757,34.64,1.52,0,1
12-09-2024 08:00,EDT,CAPITL,61757,30.97,1.19,0,1
12-09-2024 09:00,EDT,CAPITL,61757,28.53,0.88,0,1
12-09-2024 10:00,EDT,CAPITL,61757,28.77,0.84,0,1
12-09-2024 11:00,EDT,CAPITL,61757,29.2,0.79,0,1
12-09-2024 12:00,EDT,CAPITL,61757,30.98,0.81,0,1
12-09-2024 13:00,EDT,CAPITL,61757,32.82,1.05,0,1
12-09-2024 14:00,EDT,CAPITL,61757,34.13,1.03,0,1
12-09-2024 15:00,EDT,CAPITL,61757,36.41,1.16,0,1
12-09-2024 16:00,EDT,CAPITL,61757,44.1,1.65,0,1
12-09-2024 17:00,EDT,CAPITL,61757,48.9,2.55,0,1
12-09-2024 18:00,EDT,CAPITL,61757,49.43,2.89,0,1
12-09-2024 19:00,EDT,CAPITL,61757,48.55,2.53,0,1
12-09-2024 20:00,EDT,CAPITL,61757,44.26,2.15,0,1
12-09-2024 21:00,EDT,CAPITL,61757,37.68,1.79,0,1
12-09-2024 22:00,EDT,CAPITL,61757,33.1,1.69,0,1
12-09-2024 23:00,EDT,CAPITL,61757,29.79,1.44,0,1
13-09-2024 00:00,EDT,CAPITL,61757,27.42,1.15,0,1
13-09-2024 01:00,EDT,CAPITL,61757,24.96,1.03,0,1
13-09-2024 02:00,EDT,CAPITL,61757,24.53,0.99,0,1
13-09-2024 03:00,EDT,CAPITL,61757,23.72,0.93,0,1
13-09-2024 04:00,EDT,CAPITL,61757,23.86,0.96,0,1
13-09-2024 05:00,EDT,CAPITL,61757,27.72,1.17,0,1
13-09-2024 06:00,EDT,CAPITL,61757,31.18,1.37,0,1
13-09-2024 07:00,EDT,CAPITL,61757,32.49,1.43,0,1
13-09-2024 08:00,EDT,CAPITL,61757,30.06,1.02,0,1
13-09-2024 09:00,EDT,CAPITL,61757,29.44,0.83,0,1
13-09-2024 10:00,EDT,CAPITL,61757,29.8,0.67,0,1
13-09-2024 11:00,EDT,CAPITL,61757,31.23,0.61,0,1
13-09-2024 12:00,EDT,CAPITL,61757,32.5,0.88,0,1
13-09-2024 13:00,EDT,CAPITL,61757,34.97,0.99,0,1
13-09-2024 14:00,EDT,CAPITL,61757,37.61,1.13,0,1
13-09-2024 15:00,EDT,CAPITL,61757,40.76,1.34,0,1
13-09-2024 16:00,EDT,CAPITL,61757,48.62,1.96,0,1
13-09-2024 17:00,EDT,CAPITL,61757,52.89,2.99,0,1
13-09-2024 18:00,EDT,CAPITL,61757,51.41,2.91,0,1
13-09-2024 19:00,EDT,CAPITL,61757,50.34,2.4,0,1
13-09-2024 20:00,EDT,CAPITL,61757,44.71,2.09,0,1
13-09-2024 21:00,EDT,CAPITL,61757,38.31,1.69,0,1
13-09-2024 22:00,EDT,CAPITL,61757,33.96,1.49,0,1
13-09-2024 23:00,EDT,CAPITL,61757,31.23,1.29,0,1
14-09-2024 00:00,EDT,CAPITL,61757,27.67,1.07,0,1
14-09-2024 01:00,EDT,CAPITL,61757,26.28,0.96,0,1
14-09-2024 02:00,EDT,CAPITL,61757,23.77,0.94,0,1
14-09-2024 03:00,EDT,CAPITL,61757,23.8,0.92,0,1
14-09-2024 04:00,EDT,CAPITL,61757,23.86,0.87,0,1
14-09-2024 05:00,EDT,CAPITL,61757,24.78,0.98,0,1
14-09-2024 06:00,EDT,CAPITL,61757,25.09,0.97,0,1
14-09-2024 07:00,EDT,CAPITL,61757,25.12,0.94,0,1
14-09-2024 08:00,EDT,CAPITL,61757,25.83,0.92,0,1
14-09-2024 09:00,EDT,CAPITL,61757,25.66,0.65,0,1
14-09-2024 10:00,EDT,CAPITL,61757,26.64,0.75,0,1
14-09-2024 11:00,EDT,CAPITL,61757,28.09,0.71,0,1
14-09-2024 12:00,EDT,CAPITL,61757,29.57,0.78,0,1
14-09-2024 13:00,EDT,CAPITL,61757,31.94,0.87,0,1
14-09-2024 14:00,EDT,CAPITL,61757,33.09,1.09,0,1
14-09-2024 15:00,EDT,CAPITL,61757,37.16,1.26,0,1
14-09-2024 16:00,EDT,CAPITL,61757,42,1.69,0,1
14-09-2024 17:00,EDT,CAPITL,61757,48.62,2.31,0,1
14-09-2024 18:00,EDT,CAPITL,61757,46.5,2.3,0,1
14-09-2024 19:00,EDT,CAPITL,61757,44.24,2.23,0,1
14-09-2024 20:00,EDT,CAPITL,61757,39.95,1.9,0,1
14-09-2024 21:00,EDT,CAPITL,61757,36.3,1.79,0,1
14-09-2024 22:00,EDT,CAPITL,61757,32.48,1.43,0,1
14-09-2024 23:00,EDT,CAPITL,61757,28.89,1.27,0,1
15-09-2024 00:00,EDT,CAPITL,61757,29.17,1.15,0,1
15-09-2024 01:00,EDT,CAPITL,61757,26.52,1.04,0,1
15-09-2024 02:00,EDT,CAPITL,61757,23.86,1,0,1
15-09-2024 03:00,EDT,CAPITL,61757,23.91,0.96,0,1
15-09-2024 04:00,EDT,CAPITL,61757,23.53,0.97,0,1
15-09-2024 05:00,EDT,CAPITL,61757,24.19,1.02,0,1
15-09-2024 06:00,EDT,CAPITL,61757,24.52,1.03,0,1
15-09-2024 07:00,EDT,CAPITL,61757,23.27,0.85,0,1
15-09-2024 08:00,EDT,CAPITL,61757,25.22,0.83,0,1
15-09-2024 09:00,EDT,CAPITL,61757,25.18,0.8,0,1
15-09-2024 10:00,EDT,CAPITL,61757,25.37,0.64,0,1
15-09-2024 11:00,EDT,CAPITL,61757,25.91,0.63,0,1
15-09-2024 12:00,EDT,CAPITL,61757,27.57,0.67,0,1
15-09-2024 13:00,EDT,CAPITL,61757,28.9,0.57,0,1
15-09-2024 14:00,EDT,CAPITL,61757,31.43,0.68,0,1
15-09-2024 15:00,EDT,CAPITL,61757,32.18,0.97,0,1
15-09-2024 16:00,EDT,CAPITL,61757,39.42,1.48,0,1
15-09-2024 17:00,EDT,CAPITL,61757,44.61,1.88,0,1
15-09-2024 18:00,EDT,CAPITL,61757,47.98,2.2,0,1
15-09-2024 19:00,EDT,CAPITL,61757,45.04,2.14,0,1
15-09-2024 20:00,EDT,CAPITL,61757,40.74,1.87,0,1
15-09-2024 21:00,EDT,CAPITL,61757,33.32,1.56,0,1
15-09-2024 22:00,EDT,CAPITL,61757,30.84,1.27,0,1
15-09-2024 23:00,EDT,CAPITL,61757,27.27,1.18,0,1
16-09-2024 00:00,EDT,CAPITL,61757,27.61,1.19,0,1
16-09-2024 01:00,EDT,CAPITL,61757,25.42,1.07,0,1
16-09-2024 02:00,EDT,CAPITL,61757,23.98,0.99,0,1
16-09-2024 03:00,EDT,CAPITL,61757,23.16,1,0,1
16-09-2024 04:00,EDT,CAPITL,61757,23.78,1.02,0,1
16-09-2024 05:00,EDT,CAPITL,61757,25.45,1.07,0,1
16-09-2024 06:00,EDT,CAPITL,61757,30.8,1.33,0,1
16-09-2024 07:00,EDT,CAPITL,61757,32.65,1.5,0,1
16-09-2024 08:00,EDT,CAPITL,61757,31.55,1.13,0,1
16-09-2024 09:00,EDT,CAPITL,61757,29.56,0.86,0,1
16-09-2024 10:00,EDT,CAPITL,61757,29.86,0.79,0,1
16-09-2024 11:00,EDT,CAPITL,61757,31.97,0.93,0,1
16-09-2024 12:00,EDT,CAPITL,61757,32.17,0.97,0,1
16-09-2024 13:00,EDT,CAPITL,61757,34.07,0.9,0,1
16-09-2024 14:00,EDT,CAPITL,61757,35.27,0.99,0,1
16-09-2024 15:00,EDT,CAPITL,61757,39.75,1.23,0,1
16-09-2024 16:00,EDT,CAPITL,61757,44.19,1.58,0,1
16-09-2024 17:00,EDT,CAPITL,61757,50.86,2.56,0,1
16-09-2024 18:00,EDT,CAPITL,61757,50.9,2.61,0,1
16-09-2024 19:00,EDT,CAPITL,61757,48.58,2.4,0,1
16-09-2024 20:00,EDT,CAPITL,61757,43.95,2.21,0,1
16-09-2024 21:00,EDT,CAPITL,61757,36.71,1.75,0,1
16-09-2024 22:00,EDT,CAPITL,61757,32.28,1.36,0,1
16-09-2024 23:00,EDT,CAPITL,61757,30.01,1.29,0,1
17-09-2024 00:00,EDT,CAPITL,61757,28.26,1.4,0,1
17-09-2024 01:00,EDT,CAPITL,61757,26.82,1.28,0,1
17-09-2024 02:00,EDT,CAPITL,61757,25.43,1.16,0,1
17-09-2024 03:00,EDT,CAPITL,61757,25.3,1.14,0,1
17-09-2024 04:00,EDT,CAPITL,61757,25.31,1.16,0,1
17-09-2024 05:00,EDT,CAPITL,61757,26.79,1.23,0,1
17-09-2024 06:00,EDT,CAPITL,61757,32.66,1.7,0,1
17-09-2024 07:00,EDT,CAPITL,61757,33.96,1.68,0,1
17-09-2024 08:00,EDT,CAPITL,61757,32.79,1.53,0,1
17-09-2024 09:00,EDT,CAPITL,61757,32.13,1.18,0,1
17-09-2024 10:00,EDT,CAPITL,61757,32.1,1.11,0,1
17-09-2024 11:00,EDT,CAPITL,61757,32.13,1.06,0,1
17-09-2024 12:00,EDT,CAPITL,61757,33.14,1.18,0,1
17-09-2024 13:00,EDT,CAPITL,61757,36.22,1.26,0,1
17-09-2024 14:00,EDT,CAPITL,61757,36.27,1.27,0.26,1
17-09-2024 15:00,EDT,CAPITL,61757,40.1,1.59,0.36,1
17-09-2024 16:00,EDT,CAPITL,61757,44.49,1.85,0.48,1
17-09-2024 17:00,EDT,CAPITL,61757,50.24,2.35,0,1
17-09-2024 18:00,EDT,CAPITL,61757,50.31,2.44,0,1
17-09-2024 19:00,EDT,CAPITL,61757,47.78,2.53,0,1
17-09-2024 20:00,EDT,CAPITL,61757,43.5,2.34,0,1
17-09-2024 21:00,EDT,CAPITL,61757,38.28,1.93,0,1
17-09-2024 22:00,EDT,CAPITL,61757,33.26,1.46,0,1
17-09-2024 23:00,EDT,CAPITL,61757,31.36,1.41,0,1
18-09-2024 00:00,EDT,CAPITL,61757,27.91,1.1,0,1
18-09-2024 01:00,EDT,CAPITL,61757,26.98,1.06,0,1
18-09-2024 02:00,EDT,CAPITL,61757,25.1,0.87,0,1
18-09-2024 03:00,EDT,CAPITL,61757,24.83,0.86,0,1
18-09-2024 04:00,EDT,CAPITL,61757,24.86,0.89,0,1
18-09-2024 05:00,EDT,CAPITL,61757,27.34,1.03,0,1
18-09-2024 06:00,EDT,CAPITL,61757,32.51,1.34,0,1
18-09-2024 07:00,EDT,CAPITL,61757,34.99,1.44,0,1
18-09-2024 08:00,EDT,CAPITL,61757,32.73,1.35,0,1
18-09-2024 09:00,EDT,CAPITL,61757,32.4,1.19,0,1
18-09-2024 10:00,EDT,CAPITL,61757,32.82,1.05,0,1
18-09-2024 11:00,EDT,CAPITL,61757,32.9,0.96,0,1
18-09-2024 12:00,EDT,CAPITL,61757,33.54,0.98,0,1
18-09-2024 13:00,EDT,CAPITL,61757,35.16,0.96,0,1
18-09-2024 14:00,EDT,CAPITL,61757,35.87,1.11,0,1
18-09-2024 15:00,EDT,CAPITL,61757,39.68,1.34,0,1
18-09-2024 16:00,EDT,CAPITL,61757,43.59,1.6,0,1
18-09-2024 17:00,EDT,CAPITL,61757,48.45,2,0,1
18-09-2024 18:00,EDT,CAPITL,61757,48.17,2.16,0,1
18-09-2024 19:00,EDT,CAPITL,61757,45.17,2.11,0,1
18-09-2024 20:00,EDT,CAPITL,61757,41.35,1.89,0,1
18-09-2024 21:00,EDT,CAPITL,61757,36.69,1.58,0,1
18-09-2024 22:00,EDT,CAPITL,61757,33.22,1.34,0,1
18-09-2024 23:00,EDT,CAPITL,61757,31.05,1.2,0,1
19-09-2024 00:00,EDT,CAPITL,61757,29.61,1.22,0,1
19-09-2024 01:00,EDT,CAPITL,61757,29.53,1.19,0,1
19-09-2024 02:00,EDT,CAPITL,61757,27.44,1.06,0,1
19-09-2024 03:00,EDT,CAPITL,61757,26.48,0.99,0,1
19-09-2024 04:00,EDT,CAPITL,61757,26.53,1.02,0,1
19-09-2024 05:00,EDT,CAPITL,61757,29.52,1.19,0,1
19-09-2024 06:00,EDT,CAPITL,61757,33.25,1.4,0,1
19-09-2024 07:00,EDT,CAPITL,61757,34.26,1.32,0,1
19-09-2024 08:00,EDT,CAPITL,61757,34.06,1.43,0,1
19-09-2024 09:00,EDT,CAPITL,61757,33.09,1.33,0,1
19-09-2024 10:00,EDT,CAPITL,61757,33.93,1.27,0,1
19-09-2024 11:00,EDT,CAPITL,61757,34.4,1.13,0,1
19-09-2024 12:00,EDT,CAPITL,61757,34.79,1.11,0,1
19-09-2024 13:00,EDT,CAPITL,61757,37.25,1.19,0,1
19-09-2024 14:00,EDT,CAPITL,61757,37.88,1.17,0,1
19-09-2024 15:00,EDT,CAPITL,61757,40.51,1.48,0,1
19-09-2024 16:00,EDT,CAPITL,61757,45.06,1.69,0,1
19-09-2024 17:00,EDT,CAPITL,61757,50.01,2.02,0,1
19-09-2024 18:00,EDT,CAPITL,61757,47.05,1.98,0,1
19-09-2024 19:00,EDT,CAPITL,61757,44.38,2.03,0,1
19-09-2024 20:00,EDT,CAPITL,61757,42.3,1.94,0,1
19-09-2024 21:00,EDT,CAPITL,61757,37.21,1.64,0,1
19-09-2024 22:00,EDT,CAPITL,61757,33.48,1.44,0,1
19-09-2024 23:00,EDT,CAPITL,61757,31.27,1.17,0,1
20-09-2024 00:00,EDT,CAPITL,61757,28.97,1.3,0,1
20-09-2024 01:00,EDT,CAPITL,61757,27.24,1.3,0,1
20-09-2024 02:00,EDT,CAPITL,61757,26.07,1.17,0,1
20-09-2024 03:00,EDT,CAPITL,61757,25.24,1.13,0,1
20-09-2024 04:00,EDT,CAPITL,61757,25.75,1.18,0,1
20-09-2024 05:00,EDT,CAPITL,61757,27.07,1.26,0,1
20-09-2024 06:00,EDT,CAPITL,61757,32.7,1.56,0,1
20-09-2024 07:00,EDT,CAPITL,61757,34.19,1.63,0,1
20-09-2024 08:00,EDT,CAPITL,61757,33.85,1.52,0,1
20-09-2024 09:00,EDT,CAPITL,61757,34.28,1.48,0,1
20-09-2024 10:00,EDT,CAPITL,61757,33.77,1.3,0,1
20-09-2024 11:00,EDT,CAPITL,61757,33.95,1.27,0,1
20-09-2024 12:00,EDT,CAPITL,61757,34.68,1.43,0,1
20-09-2024 13:00,EDT,CAPITL,61757,35.5,1.43,0,1
20-09-2024 14:00,EDT,CAPITL,61757,37.08,1.6,0,1
20-09-2024 15:00,EDT,CAPITL,61757,38.29,1.65,0,1
20-09-2024 16:00,EDT,CAPITL,61757,41.73,1.95,0,1
20-09-2024 17:00,EDT,CAPITL,61757,44.38,2.23,0,1
20-09-2024 18:00,EDT,CAPITL,61757,44.74,2.33,0,1
20-09-2024 19:00,EDT,CAPITL,61757,42.03,2.19,0,1
20-09-2024 20:00,EDT,CAPITL,61757,38.84,2.09,0,1
20-09-2024 21:00,EDT,CAPITL,61757,34.93,1.82,0,1
20-09-2024 22:00,EDT,CAPITL,61757,32.74,1.68,0,1
20-09-2024 23:00,EDT,CAPITL,61757,29.3,1.42,0,1
21-09-2024 00:00,EDT,CAPITL,61757,29.54,1.33,0,1
21-09-2024 01:00,EDT,CAPITL,61757,28.26,1.27,0,1
21-09-2024 02:00,EDT,CAPITL,61757,25.06,1.08,0,1
21-09-2024 03:00,EDT,CAPITL,61757,24.01,1.08,0,1
21-09-2024 04:00,EDT,CAPITL,61757,23.83,1.09,0,1
21-09-2024 05:00,EDT,CAPITL,61757,24.65,1.11,0,1
21-09-2024 06:00,EDT,CAPITL,61757,24.53,1.15,0,1
21-09-2024 07:00,EDT,CAPITL,61757,24.89,1.12,0,1
21-09-2024 08:00,EDT,CAPITL,61757,26.36,1.11,0,1
21-09-2024 09:00,EDT,CAPITL,61757,26.97,1.01,0,1
21-09-2024 10:00,EDT,CAPITL,61757,26.61,0.85,0,1
21-09-2024 11:00,EDT,CAPITL,61757,28.03,0.9,0.09,1
21-09-2024 12:00,EDT,CAPITL,61757,27.91,0.9,0.24,1
21-09-2024 13:00,EDT,CAPITL,61757,29.4,0.95,0.28,1
21-09-2024 14:00,EDT,CAPITL,61757,30.34,0.97,0.2,1
21-09-2024 15:00,EDT,CAPITL,61757,31.29,1.12,0.18,1
21-09-2024 16:00,EDT,CAPITL,61757,35.86,1.29,0.31,1
21-09-2024 17:00,EDT,CAPITL,61757,38.73,1.64,0.16,1
21-09-2024 18:00,EDT,CAPITL,61757,39.9,1.68,0.03,1
21-09-2024 19:00,EDT,CAPITL,61757,38.21,1.68,0.01,1
21-09-2024 20:00,EDT,CAPITL,61757,36.2,1.76,0,1
21-09-2024 21:00,EDT,CAPITL,61757,31.23,1.49,0,1
21-09-2024 22:00,EDT,CAPITL,61757,29.55,1.35,0,1
21-09-2024 23:00,EDT,CAPITL,61757,27.13,1.27,0,1
22-09-2024 00:00,EDT,CAPITL,61757,28.15,1.18,0,1
22-09-2024 01:00,EDT,CAPITL,61757,25.85,1.11,0,1
22-09-2024 02:00,EDT,CAPITL,61757,23.88,0.96,0,1
22-09-2024 03:00,EDT,CAPITL,61757,22.71,0.94,0,1
22-09-2024 04:00,EDT,CAPITL,61757,22.37,0.92,0,1
22-09-2024 05:00,EDT,CAPITL,61757,23.2,1,0,1
22-09-2024 06:00,EDT,CAPITL,61757,24.63,1.01,0,1
22-09-2024 07:00,EDT,CAPITL,61757,23.61,0.8,0,1
22-09-2024 08:00,EDT,CAPITL,61757,24.63,0.88,0,1
22-09-2024 09:00,EDT,CAPITL,61757,24.77,0.72,0,1
22-09-2024 10:00,EDT,CAPITL,61757,24.37,0.78,0,1
22-09-2024 11:00,EDT,CAPITL,61757,25.1,0.73,0,1
22-09-2024 12:00,EDT,CAPITL,61757,25.16,0.68,0,1
22-09-2024 13:00,EDT,CAPITL,61757,25.06,0.63,0,1
22-09-2024 14:00,EDT,CAPITL,61757,25.93,0.68,0,1
22-09-2024 15:00,EDT,CAPITL,61757,28.22,0.82,0.09,1
22-09-2024 16:00,EDT,CAPITL,61757,33.61,1.23,0,1
22-09-2024 17:00,EDT,CAPITL,61757,39.5,1.66,0,1
22-09-2024 18:00,EDT,CAPITL,61757,42.54,2.22,0,1
22-09-2024 19:00,EDT,CAPITL,61757,41.47,2.27,0,1
22-09-2024 20:00,EDT,CAPITL,61757,37.28,1.94,0,1
22-09-2024 21:00,EDT,CAPITL,61757,32.46,1.55,0,1
22-09-2024 22:00,EDT,CAPITL,61757,29.02,1.38,0,1
22-09-2024 23:00,EDT,CAPITL,61757,26.91,1.33,0,1
23-09-2024 00:00,EDT,CAPITL,61757,25.5,1.28,0,1
23-09-2024 01:00,EDT,CAPITL,61757,23.05,1.14,0,1
23-09-2024 02:00,EDT,CAPITL,61757,22.77,1.12,0,1
23-09-2024 03:00,EDT,CAPITL,61757,22.34,1.08,0,1
23-09-2024 04:00,EDT,CAPITL,61757,23.16,1.12,0,1
23-09-2024 05:00,EDT,CAPITL,61757,23.56,1.16,0,1
23-09-2024 06:00,EDT,CAPITL,61757,30.14,1.6,0,1
23-09-2024 07:00,EDT,CAPITL,61757,31.95,1.64,0,1
23-09-2024 08:00,EDT,CAPITL,61757,31.23,1.46,0,1
23-09-2024 09:00,EDT,CAPITL,61757,28.78,1.16,0,1
23-09-2024 10:00,EDT,CAPITL,61757,29,1.17,0,1
23-09-2024 11:00,EDT,CAPITL,61757,29.56,1.11,0,1
23-09-2024 12:00,EDT,CAPITL,61757,30.89,1.19,0,1
23-09-2024 13:00,EDT,CAPITL,61757,32.19,1.18,0,1
23-09-2024 14:00,EDT,CAPITL,61757,33.03,1.21,0,1
23-09-2024 15:00,EDT,CAPITL,61757,34.21,1.38,0,1
23-09-2024 16:00,EDT,CAPITL,61757,39.99,1.76,0,1
23-09-2024 17:00,EDT,CAPITL,61757,45.62,2.54,0,1
23-09-2024 18:00,EDT,CAPITL,61757,46.51,2.63,0,1
23-09-2024 19:00,EDT,CAPITL,61757,42.71,2.42,0,1
23-09-2024 20:00,EDT,CAPITL,61757,41.03,2.14,0,1
23-09-2024 21:00,EDT,CAPITL,61757,33.86,1.7,0,1
23-09-2024 22:00,EDT,CAPITL,61757,29.74,1.42,0,1
23-09-2024 23:00,EDT,CAPITL,61757,26.43,1.23,0,1
24-09-2024 00:00,EDT,CAPITL,61757,27.6,1.29,0,1
24-09-2024 01:00,EDT,CAPITL,61757,25.24,1.22,0,1
24-09-2024 02:00,EDT,CAPITL,61757,23.78,1.13,0,1
24-09-2024 03:00,EDT,CAPITL,61757,23.18,1.06,0,1
24-09-2024 04:00,EDT,CAPITL,61757,24.49,1.21,0,1
24-09-2024 05:00,EDT,CAPITL,61757,26.71,1.25,0,1
24-09-2024 06:00,EDT,CAPITL,61757,32.05,1.58,0,1
24-09-2024 07:00,EDT,CAPITL,61757,33.54,1.57,0,1
24-09-2024 08:00,EDT,CAPITL,61757,32.91,1.45,0,1
24-09-2024 09:00,EDT,CAPITL,61757,31.18,1.26,0,1
24-09-2024 10:00,EDT,CAPITL,61757,29.31,1.07,0,1
24-09-2024 11:00,EDT,CAPITL,61757,29.12,1.04,0,1
24-09-2024 12:00,EDT,CAPITL,61757,29.19,1.04,0,1
24-09-2024 13:00,EDT,CAPITL,61757,29.96,1.04,0,1
24-09-2024 14:00,EDT,CAPITL,61757,28.67,1.05,0,1
24-09-2024 15:00,EDT,CAPITL,61757,31.11,1.25,0,1
24-09-2024 16:00,EDT,CAPITL,61757,36.5,1.61,0,1
24-09-2024 17:00,EDT,CAPITL,61757,41.44,2.16,0,1
24-09-2024 18:00,EDT,CAPITL,61757,41.38,2.27,0,1
24-09-2024 19:00,EDT,CAPITL,61757,39.21,2.22,0,1
24-09-2024 20:00,EDT,CAPITL,61757,36.75,2.15,0,1
24-09-2024 21:00,EDT,CAPITL,61757,29.41,1.66,0,1
24-09-2024 22:00,EDT,CAPITL,61757,28.79,1.5,0,1
24-09-2024 23:00,EDT,CAPITL,61757,24.87,1.36,-0.14,1
25-09-2024 00:00,EDT,CAPITL,61757,32.11,1.24,0,1
25-09-2024 01:00,EDT,CAPITL,61757,29.48,1.16,0,1
25-09-2024 02:00,EDT,CAPITL,61757,26.73,1.08,0,1
25-09-2024 03:00,EDT,CAPITL,61757,26,1.05,0,1
25-09-2024 04:00,EDT,CAPITL,61757,27.11,1.09,0,1
25-09-2024 05:00,EDT,CAPITL,61757,29.43,1.24,0,1
25-09-2024 06:00,EDT,CAPITL,61757,35.65,1.47,0,1
25-09-2024 07:00,EDT,CAPITL,61757,40.01,1.54,0,1
25-09-2024 08:00,EDT,CAPITL,61757,39.71,1.45,0,1
25-09-2024 09:00,EDT,CAPITL,61757,37.12,1.25,0,1
25-09-2024 10:00,EDT,CAPITL,61757,37.69,1.24,0,1
25-09-2024 11:00,EDT,CAPITL,61757,36.3,1.19,0,1
25-09-2024 12:00,EDT,CAPITL,61757,37,1.12,0.08,1
25-09-2024 13:00,EDT,CAPITL,61757,36.09,0.98,0.1,1
25-09-2024 14:00,EDT,CAPITL,61757,36.79,1.08,0.24,1
25-09-2024 15:00,EDT,CAPITL,61757,37.13,1.22,0,1
25-09-2024 16:00,EDT,CAPITL,61757,41.23,1.51,0,1
25-09-2024 17:00,EDT,CAPITL,61757,45.99,1.94,0,1
25-09-2024 18:00,EDT,CAPITL,61757,47.48,2.17,0,1
25-09-2024 19:00,EDT,CAPITL,61757,46.97,2.11,0,1
25-09-2024 20:00,EDT,CAPITL,61757,42.97,1.77,0,1
25-09-2024 21:00,EDT,CAPITL,61757,36.71,1.45,0,1
25-09-2024 22:00,EDT,CAPITL,61757,33.95,1.15,0,1
25-09-2024 23:00,EDT,CAPITL,61757,32.51,1.16,0,1
26-09-2024 00:00,EDT,CAPITL,61757,32.77,1.53,-0.11,1
26-09-2024 01:00,EDT,CAPITL,61757,30.03,1.42,-0.16,1
26-09-2024 02:00,EDT,CAPITL,61757,27.68,1.27,0,1
26-09-2024 03:00,EDT,CAPITL,61757,27.23,1.25,0,1
26-09-2024 04:00,EDT,CAPITL,61757,27.79,1.27,0,1
26-09-2024 05:00,EDT,CAPITL,61757,31.7,1.39,0,1
26-09-2024 06:00,EDT,CAPITL,61757,38.97,1.89,0,1
26-09-2024 07:00,EDT,CAPITL,61757,40.39,1.7,0,1
26-09-2024 08:00,EDT,CAPITL,61757,42.03,1.69,0,1
26-09-2024 09:00,EDT,CAPITL,61757,42.18,1.74,0,1
26-09-2024 10:00,EDT,CAPITL,61757,41.88,1.73,0,1
26-09-2024 11:00,EDT,CAPITL,61757,41.76,1.61,0,1
26-09-2024 12:00,EDT,CAPITL,61757,39.68,1.42,0,1
26-09-2024 13:00,EDT,CAPITL,61757,41.18,1.47,0,1
26-09-2024 14:00,EDT,CAPITL,61757,40.09,1.39,0,1
26-09-2024 15:00,EDT,CAPITL,61757,42.26,1.55,0,1
26-09-2024 16:00,EDT,CAPITL,61757,43.57,1.88,0,1
26-09-2024 17:00,EDT,CAPITL,61757,49.24,2.3,0,1
26-09-2024 18:00,EDT,CAPITL,61757,49.15,2.34,0,1
26-09-2024 19:00,EDT,CAPITL,61757,48.88,2.37,0,1
26-09-2024 20:00,EDT,CAPITL,61757,45.04,2.18,0,1
26-09-2024 21:00,EDT,CAPITL,61757,40.46,1.89,0,1
26-09-2024 22:00,EDT,CAPITL,61757,38.28,1.54,0,1
26-09-2024 23:00,EDT,CAPITL,61757,35.24,1.39,0,1
27-09-2024 00:00,EDT,CAPITL,61757,33.86,1.3,0,1
27-09-2024 01:00,EDT,CAPITL,61757,31.19,1.23,0,1
27-09-2024 02:00,EDT,CAPITL,61757,30.23,1.13,0,1
27-09-2024 03:00,EDT,CAPITL,61757,28.03,1,0,1
27-09-2024 04:00,EDT,CAPITL,61757,27.67,1.04,0,1
27-09-2024 05:00,EDT,CAPITL,61757,29.8,1.17,0,1
27-09-2024 06:00,EDT,CAPITL,61757,36.76,1.42,0,1
27-09-2024 07:00,EDT,CAPITL,61757,40.37,1.59,0,1
27-09-2024 08:00,EDT,CAPITL,61757,38.87,1.31,0,1
27-09-2024 09:00,EDT,CAPITL,61757,37.78,1.14,0,1
27-09-2024 10:00,EDT,CAPITL,61757,35.67,0.94,0.03,1
27-09-2024 11:00,EDT,CAPITL,61757,34.66,0.91,0.06,1
27-09-2024 12:00,EDT,CAPITL,61757,34.15,0.86,0,1
27-09-2024 13:00,EDT,CAPITL,61757,34.4,0.8,0,1
27-09-2024 14:00,EDT,CAPITL,61757,35.28,0.93,0,1
27-09-2024 15:00,EDT,CAPITL,61757,37.6,1.13,0,1
27-09-2024 16:00,EDT,CAPITL,61757,41.35,1.48,0,1
27-09-2024 17:00,EDT,CAPITL,61757,48.12,2.07,0,1
27-09-2024 18:00,EDT,CAPITL,61757,47.03,2.07,0,1
27-09-2024 19:00,EDT,CAPITL,61757,44.08,1.86,0,1
27-09-2024 20:00,EDT,CAPITL,61757,39.86,1.75,0,1
27-09-2024 21:00,EDT,CAPITL,61757,35.78,1.54,0,1
27-09-2024 22:00,EDT,CAPITL,61757,35.41,1.4,0,1
27-09-2024 23:00,EDT,CAPITL,61757,31.6,1.22,0,1
28-09-2024 00:00,EDT,CAPITL,61757,34.46,1.42,0,1
28-09-2024 01:00,EDT,CAPITL,61757,29.53,1.22,0,1
28-09-2024 02:00,EDT,CAPITL,61757,27.82,1.15,0,1
28-09-2024 03:00,EDT,CAPITL,61757,25.95,1.05,0,1
28-09-2024 04:00,EDT,CAPITL,61757,25.07,1.01,0,1
28-09-2024 05:00,EDT,CAPITL,61757,27.02,1.11,0,1
28-09-2024 06:00,EDT,CAPITL,61757,27.27,1.18,0,1
28-09-2024 07:00,EDT,CAPITL,61757,28.74,1.16,0,1
28-09-2024 08:00,EDT,CAPITL,61757,32.47,1.19,0,1
28-09-2024 09:00,EDT,CAPITL,61757,33.34,1.1,0,1
28-09-2024 10:00,EDT,CAPITL,61757,33.33,1.1,0,1
28-09-2024 11:00,EDT,CAPITL,61757,33.18,1.03,0,1
28-09-2024 12:00,EDT,CAPITL,61757,33.15,0.96,0,1
28-09-2024 13:00,EDT,CAPITL,61757,32.99,0.9,0,1
28-09-2024 14:00,EDT,CAPITL,61757,33.14,0.96,0,1
28-09-2024 15:00,EDT,CAPITL,61757,34.67,1.14,0,1
28-09-2024 16:00,EDT,CAPITL,61757,36.83,1.31,0,1
28-09-2024 17:00,EDT,CAPITL,61757,39.27,1.62,0,1
28-09-2024 18:00,EDT,CAPITL,61757,40.35,1.81,0,1
28-09-2024 19:00,EDT,CAPITL,61757,39.47,1.74,0,1
28-09-2024 20:00,EDT,CAPITL,61757,36.57,1.74,0,1
28-09-2024 21:00,EDT,CAPITL,61757,34.28,1.57,0,1
28-09-2024 22:00,EDT,CAPITL,61757,32.32,1.33,0,1
28-09-2024 23:00,EDT,CAPITL,61757,28.46,1.1,0,1
29-09-2024 00:00,EDT,CAPITL,61757,24.92,1.12,0,1
29-09-2024 01:00,EDT,CAPITL,61757,23.18,1,0,1
29-09-2024 02:00,EDT,CAPITL,61757,21.19,0.91,0,1
29-09-2024 03:00,EDT,CAPITL,61757,21.74,0.96,0,1
29-09-2024 04:00,EDT,CAPITL,61757,21.6,0.97,0,1
29-09-2024 05:00,EDT,CAPITL,61757,20.48,0.92,0,1
29-09-2024 06:00,EDT,CAPITL,61757,21.54,0.93,0,1
29-09-2024 07:00,EDT,CAPITL,61757,22.4,0.92,0,1
29-09-2024 08:00,EDT,CAPITL,61757,24.34,1.02,0,1
29-09-2024 09:00,EDT,CAPITL,61757,24.88,0.98,0,1
29-09-2024 10:00,EDT,CAPITL,61757,24.88,0.86,0,1
29-09-2024 11:00,EDT,CAPITL,61757,25.37,0.83,0,1
29-09-2024 12:00,EDT,CAPITL,61757,25.48,0.84,0,1
29-09-2024 13:00,EDT,CAPITL,61757,24.96,0.73,0,1
29-09-2024 14:00,EDT,CAPITL,61757,25.65,0.82,0,1
29-09-2024 15:00,EDT,CAPITL,61757,27.01,0.96,0,1
29-09-2024 16:00,EDT,CAPITL,61757,30.44,1.23,0,1
29-09-2024 17:00,EDT,CAPITL,61757,36.12,1.69,0,1
29-09-2024 18:00,EDT,CAPITL,61757,37.74,1.93,0,1
29-09-2024 19:00,EDT,CAPITL,61757,38.71,1.95,0,1
29-09-2024 20:00,EDT,CAPITL,61757,34.04,1.74,0,1
29-09-2024 21:00,EDT,CAPITL,61757,29.53,1.43,0,1
29-09-2024 22:00,EDT,CAPITL,61757,27.11,1.24,0,1
29-09-2024 23:00,EDT,CAPITL,61757,24.35,1.02,0,1
30-09-2024 00:00,EDT,CAPITL,61757,26.24,1.13,0,1
30-09-2024 01:00,EDT,CAPITL,61757,24.66,1.09,0,1
30-09-2024 02:00,EDT,CAPITL,61757,23.24,0.96,0,1
30-09-2024 03:00,EDT,CAPITL,61757,21.89,0.94,0,1
30-09-2024 04:00,EDT,CAPITL,61757,22.32,1.02,0,1
30-09-2024 05:00,EDT,CAPITL,61757,24.47,1.12,0,1
30-09-2024 06:00,EDT,CAPITL,61757,31.97,1.52,0,1
30-09-2024 07:00,EDT,CAPITL,61757,35.83,1.61,0,1
30-09-2024 08:00,EDT,CAPITL,61757,35.11,1.48,0,1
30-09-2024 09:00,EDT,CAPITL,61757,31.89,1.08,0,1
30-09-2024 10:00,EDT,CAPITL,61757,30.96,0.96,0,1
30-09-2024 11:00,EDT,CAPITL,61757,30.78,0.93,0,1
30-09-2024 12:00,EDT,CAPITL,61757,31.11,0.91,0,1
30-09-2024 13:00,EDT,CAPITL,61757,32.7,0.95,0,1
30-09-2024 14:00,EDT,CAPITL,61757,32.68,0.98,0,1
30-09-2024 15:00,EDT,CAPITL,61757,34.87,1.24,0,1
30-09-2024 16:00,EDT,CAPITL,61757,38.96,1.64,0,1
30-09-2024 17:00,EDT,CAPITL,61757,44.63,2.12,0,1
30-09-2024 18:00,EDT,CAPITL,61757,48.95,2.55,0,1
30-09-2024 19:00,EDT,CAPITL,61757,46.42,2.38,0,1
30-09-2024 20:00,EDT,CAPITL,61757,41.55,2.13,0,1
30-09-2024 21:00,EDT,CAPITL,61757,35.84,1.61,0,1
30-09-2024 22:00,EDT,CAPITL,61757,33.26,1.49,0,1
30-09-2024 23:00,EDT,CAPITL,61757,28.11,1.18,0,1
01-10-2024 00:00,EDT,CAPITL,61757,25.5,1.05,0,1
01-10-2024 01:00,EDT,CAPITL,61757,24.08,1.06,0,1
01-10-2024 02:00,EDT,CAPITL,61757,23.41,0.99,0,1
01-10-2024 03:00,EDT,CAPITL,61757,22.07,0.93,0,1
01-10-2024 04:00,EDT,CAPITL,61757,22.46,0.99,0,1
01-10-2024 05:00,EDT,CAPITL,61757,24.4,1.12,0,1
01-10-2024 06:00,EDT,CAPITL,61757,32.63,1.46,0,1
01-10-2024 07:00,EDT,CAPITL,61757,36.8,1.69,0,1
01-10-2024 08:00,EDT,CAPITL,61757,35.83,1.31,0,1
01-10-2024 09:00,EDT,CAPITL,61757,32.71,1.04,0,1
01-10-2024 10:00,EDT,CAPITL,61757,29.84,0.81,0,1
01-10-2024 11:00,EDT,CAPITL,61757,30.18,0.88,0,1
01-10-2024 12:00,EDT,CAPITL,61757,29.33,0.77,0,1
01-10-2024 13:00,EDT,CAPITL,61757,30.61,0.77,0,1
01-10-2024 14:00,EDT,CAPITL,61757,31.52,0.86,0,1
01-10-2024 15:00,EDT,CAPITL,61757,33.87,1.08,0,1
01-10-2024 16:00,EDT,CAPITL,61757,37.4,1.37,0,1
01-10-2024 17:00,EDT,CAPITL,61757,41.88,1.84,0,1
01-10-2024 18:00,EDT,CAPITL,61757,43.46,1.99,0,1
01-10-2024 19:00,EDT,CAPITL,61757,42.86,2,0,1
01-10-2024 20:00,EDT,CAPITL,61757,37.09,1.8,0,1
01-10-2024 21:00,EDT,CAPITL,61757,31.22,1.46,0,1
01-10-2024 22:00,EDT,CAPITL,61757,28.16,1.21,0,1
01-10-2024 23:00,EDT,CAPITL,61757,25.08,1.1,0,1
02-10-2024 00:00,EDT,CAPITL,61757,25.88,1.02,0,1
02-10-2024 01:00,EDT,CAPITL,61757,24.77,1.02,0,1
02-10-2024 02:00,EDT,CAPITL,61757,22.58,0.89,0,1
02-10-2024 03:00,EDT,CAPITL,61757,21.87,0.88,0,1
02-10-2024 04:00,EDT,CAPITL,61757,22.87,0.88,0,1
02-10-2024 05:00,EDT,CAPITL,61757,24.71,1.02,0,1
02-10-2024 06:00,EDT,CAPITL,61757,31.97,1.38,0,1
02-10-2024 07:00,EDT,CAPITL,61757,36.86,1.62,0,1
02-10-2024 08:00,EDT,CAPITL,61757,35.93,1.42,0,1
02-10-2024 09:00,EDT,CAPITL,61757,34.05,1.25,0,1
02-10-2024 10:00,EDT,CAPITL,61757,33.1,1.06,0,1
02-10-2024 11:00,EDT,CAPITL,61757,33.09,0.96,0,1
02-10-2024 12:00,EDT,CAPITL,61757,32.23,0.94,0,1
02-10-2024 13:00,EDT,CAPITL,61757,32.02,0.87,0,1
02-10-2024 14:00,EDT,CAPITL,61757,31.97,0.96,0,1
02-10-2024 15:00,EDT,CAPITL,61757,33.77,1.14,0,1
02-10-2024 16:00,EDT,CAPITL,61757,37.53,1.44,0,1
02-10-2024 17:00,EDT,CAPITL,61757,40.19,1.8,0,1
02-10-2024 18:00,EDT,CAPITL,61757,47.24,2.16,0,1
02-10-2024 19:00,EDT,CAPITL,61757,48.19,2.03,0,1
02-10-2024 20:00,EDT,CAPITL,61757,37.96,1.67,0,1
02-10-2024 21:00,EDT,CAPITL,61757,33.44,1.35,0,1
02-10-2024 22:00,EDT,CAPITL,61757,29.14,1.09,0,1
02-10-2024 23:00,EDT,CAPITL,61757,25.8,0.92,0,1
03-10-2024 00:00,EDT,CAPITL,61757,25.41,0.98,0,1
03-10-2024 01:00,EDT,CAPITL,61757,22.84,0.88,0,1
03-10-2024 02:00,EDT,CAPITL,61757,22.19,0.85,0,1
03-10-2024 03:00,EDT,CAPITL,61757,21.7,0.84,0,1
03-10-2024 04:00,EDT,CAPITL,61757,21.88,0.86,0,1
03-10-2024 05:00,EDT,CAPITL,61757,24.16,0.93,0,1
03-10-2024 06:00,EDT,CAPITL,61757,31.3,1.26,0,1
03-10-2024 07:00,EDT,CAPITL,61757,36.55,1.51,0,1
03-10-2024 08:00,EDT,CAPITL,61757,34.65,1.3,0,1
03-10-2024 09:00,EDT,CAPITL,61757,29.91,0.95,0,1
03-10-2024 10:00,EDT,CAPITL,61757,27.85,0.76,0,1
03-10-2024 11:00,EDT,CAPITL,61757,27.7,0.73,0,1
03-10-2024 12:00,EDT,CAPITL,61757,27.6,0.7,0,1
03-10-2024 13:00,EDT,CAPITL,61757,27.62,0.67,0,1
03-10-2024 14:00,EDT,CAPITL,61757,27.62,0.75,0,1
03-10-2024 15:00,EDT,CAPITL,61757,29.45,1,0,1
03-10-2024 16:00,EDT,CAPITL,61757,35.05,1.41,0,1
03-10-2024 17:00,EDT,CAPITL,61757,40.26,1.92,0,1
03-10-2024 18:00,EDT,CAPITL,61757,45.21,2.23,0,1
03-10-2024 19:00,EDT,CAPITL,61757,44.9,2.18,0,1
03-10-2024 20:00,EDT,CAPITL,61757,37.6,1.86,0,1
03-10-2024 21:00,EDT,CAPITL,61757,32.12,1.56,0,1
03-10-2024 22:00,EDT,CAPITL,61757,28.53,1.31,0,1
03-10-2024 23:00,EDT,CAPITL,61757,25.56,1.1,0,1
04-10-2024 00:00,EDT,CAPITL,61757,25.18,1.04,0,1
04-10-2024 01:00,EDT,CAPITL,61757,23.15,1,0,1
04-10-2024 02:00,EDT,CAPITL,61757,22.6,0.93,0,1
04-10-2024 03:00,EDT,CAPITL,61757,22.76,0.9,0,1
04-10-2024 04:00,EDT,CAPITL,61757,22.79,0.92,0,1
04-10-2024 05:00,EDT,CAPITL,61757,25.79,1.09,0,1
04-10-2024 06:00,EDT,CAPITL,61757,33.63,1.57,0,1
04-10-2024 07:00,EDT,CAPITL,61757,37.7,1.69,0,1
04-10-2024 08:00,EDT,CAPITL,61757,36.56,1.41,0,1
04-10-2024 09:00,EDT,CAPITL,61757,31.54,0.92,0,1
04-10-2024 10:00,EDT,CAPITL,61757,28.66,0.73,0,1
04-10-2024 11:00,EDT,CAPITL,61757,28.44,0.72,0,1
04-10-2024 12:00,EDT,CAPITL,61757,27.95,0.63,0,1
04-10-2024 13:00,EDT,CAPITL,61757,28.83,0.73,0,1
04-10-2024 14:00,EDT,CAPITL,61757,29.9,0.87,0,1
04-10-2024 15:00,EDT,CAPITL,61757,32.67,1.1,0,1
04-10-2024 16:00,EDT,CAPITL,61757,37.74,1.49,0,1
04-10-2024 17:00,EDT,CAPITL,61757,42.98,1.97,0,1
04-10-2024 18:00,EDT,CAPITL,61757,46.32,2.21,0,1
04-10-2024 19:00,EDT,CAPITL,61757,45.1,1.98,0,1
04-10-2024 20:00,EDT,CAPITL,61757,38.66,1.81,0,1
04-10-2024 21:00,EDT,CAPITL,61757,34.42,1.67,0,1
04-10-2024 22:00,EDT,CAPITL,61757,31,1.34,0,1
04-10-2024 23:00,EDT,CAPITL,61757,26.98,1.16,0,1
05-10-2024 00:00,EDT,CAPITL,61757,30.85,1.36,0,1
05-10-2024 01:00,EDT,CAPITL,61757,27.9,1.23,0,1
05-10-2024 02:00,EDT,CAPITL,61757,26.14,1.13,0,1
05-10-2024 03:00,EDT,CAPITL,61757,25.13,1.11,0,1
05-10-2024 04:00,EDT,CAPITL,61757,25.22,1.11,0,1
05-10-2024 05:00,EDT,CAPITL,61757,25.88,1.14,0,1
05-10-2024 06:00,EDT,CAPITL,61757,28.01,1.26,0,1
05-10-2024 07:00,EDT,CAPITL,61757,29.5,1.3,0,1
05-10-2024 08:00,EDT,CAPITL,61757,30.55,1.23,0,1
05-10-2024 09:00,EDT,CAPITL,61757,27.38,1,0,1
05-10-2024 10:00,EDT,CAPITL,61757,25.86,0.8,0,1
05-10-2024 11:00,EDT,CAPITL,61757,25.33,0.79,0,1
05-10-2024 12:00,EDT,CAPITL,61757,25.2,0.71,0,1
05-10-2024 13:00,EDT,CAPITL,61757,25.4,0.67,0,1
05-10-2024 14:00,EDT,CAPITL,61757,26.83,0.73,0,1
05-10-2024 15:00,EDT,CAPITL,61757,28.97,0.95,0,1
05-10-2024 16:00,EDT,CAPITL,61757,36.01,1.42,0,1
05-10-2024 17:00,EDT,CAPITL,61757,42.23,1.97,0,1
05-10-2024 18:00,EDT,CAPITL,61757,47.93,2.28,0,1
05-10-2024 19:00,EDT,CAPITL,61757,46.99,2.24,0,1
05-10-2024 20:00,EDT,CAPITL,61757,39.42,2.09,0,1
05-10-2024 21:00,EDT,CAPITL,61757,34.31,1.73,0,1
05-10-2024 22:00,EDT,CAPITL,61757,31.42,1.5,0,1
05-10-2024 23:00,EDT,CAPITL,61757,26.76,1.18,0,1
06-10-2024 00:00,EDT,CAPITL,61757,26.81,1.18,0,1
06-10-2024 01:00,EDT,CAPITL,61757,23.11,1.06,0,1
06-10-2024 02:00,EDT,CAPITL,61757,22,0.97,0,1
06-10-2024 03:00,EDT,CAPITL,61757,22.06,0.99,0,1
06-10-2024 04:00,EDT,CAPITL,61757,21.87,1,0,1
06-10-2024 05:00,EDT,CAPITL,61757,22.28,1.08,0,1
06-10-2024 06:00,EDT,CAPITL,61757,22.57,1.11,0,1
06-10-2024 07:00,EDT,CAPITL,61757,22.97,1.09,0,1
06-10-2024 08:00,EDT,CAPITL,61757,22.99,0.97,0,1
06-10-2024 09:00,EDT,CAPITL,61757,23,0.93,0,1
06-10-2024 10:00,EDT,CAPITL,61757,22.17,0.83,0,1
06-10-2024 11:00,EDT,CAPITL,61757,21.63,0.79,0,1
06-10-2024 12:00,EDT,CAPITL,61757,21.98,0.78,0,1
06-10-2024 13:00,EDT,CAPITL,61757,21.89,0.72,0,1
06-10-2024 14:00,EDT,CAPITL,61757,23.12,0.85,0,1
06-10-2024 15:00,EDT,CAPITL,61757,25.51,1.01,0,1
06-10-2024 16:00,EDT,CAPITL,61757,31.14,1.48,0,1
06-10-2024 17:00,EDT,CAPITL,61757,38.72,2.02,0,1
06-10-2024 18:00,EDT,CAPITL,61757,45.06,2.47,0,1
06-10-2024 19:00,EDT,CAPITL,61757,44.79,2.45,0,1
06-10-2024 20:00,EDT,CAPITL,61757,37.67,2.2,0,1
06-10-2024 21:00,EDT,CAPITL,61757,32.15,1.82,0,1
06-10-2024 22:00,EDT,CAPITL,61757,28.08,1.51,0,1
06-10-2024 23:00,EDT,CAPITL,61757,24.53,1.28,0,1
07-10-2024 00:00,EDT,CAPITL,61757,25.14,1.22,0,1
07-10-2024 01:00,EDT,CAPITL,61757,23.71,1.15,0,1
07-10-2024 02:00,EDT,CAPITL,61757,22.71,1.04,0,1
07-10-2024 03:00,EDT,CAPITL,61757,21.78,0.98,0,1
07-10-2024 04:00,EDT,CAPITL,61757,22.14,0.97,0,1
07-10-2024 05:00,EDT,CAPITL,61757,26.09,1.12,0,1
07-10-2024 06:00,EDT,CAPITL,61757,33.19,1.49,0,1
07-10-2024 07:00,EDT,CAPITL,61757,41.07,1.96,-0.65,1
07-10-2024 08:00,EDT,CAPITL,61757,41.93,1.86,-1.28,1
07-10-2024 09:00,EDT,CAPITL,61757,38.36,1.61,-2.48,1
07-10-2024 10:00,EDT,CAPITL,61757,36.27,1.43,-2.19,1
07-10-2024 11:00,EDT,CAPITL,61757,35.87,1.42,-2.13,1
07-10-2024 12:00,EDT,CAPITL,61757,35.52,1.41,-2.01,1
07-10-2024 13:00,EDT,CAPITL,61757,35.33,1.37,-1.4,1
07-10-2024 14:00,EDT,CAPITL,61757,35.68,1.49,-1.17,1
07-10-2024 15:00,EDT,CAPITL,61757,36.77,1.63,-1.22,1
07-10-2024 16:00,EDT,CAPITL,61757,41.7,1.76,-2.54,1
07-10-2024 17:00,EDT,CAPITL,61757,49.76,2.32,-4.38,1
07-10-2024 18:00,EDT,CAPITL,61757,53.49,2.74,-4.34,1
07-10-2024 19:00,EDT,CAPITL,61757,52.65,2.84,-1.65,1
07-10-2024 20:00,EDT,CAPITL,61757,43.85,2.18,-1.36,1
07-10-2024 21:00,EDT,CAPITL,61757,38.14,1.92,-1.22,1
07-10-2024 22:00,EDT,CAPITL,61757,32.15,1.53,0,1
07-10-2024 23:00,EDT,CAPITL,61757,26.57,1.15,0,1
08-10-2024 00:00,EDT,CAPITL,61757,29.52,1.11,0,1
08-10-2024 01:00,EDT,CAPITL,61757,25.88,0.95,0,1
08-10-2024 02:00,EDT,CAPITL,61757,24.42,0.87,0,1
08-10-2024 03:00,EDT,CAPITL,61757,23.76,0.85,0,1
08-10-2024 04:00,EDT,CAPITL,61757,24.59,0.88,0,1
08-10-2024 05:00,EDT,CAPITL,61757,28.08,1.11,0,1
08-10-2024 06:00,EDT,CAPITL,61757,36.16,1.56,0,1
08-10-2024 07:00,EDT,CAPITL,61757,47.64,2.09,-0.12,1
08-10-2024 08:00,EDT,CAPITL,61757,39.8,1.6,0,1
08-10-2024 09:00,EDT,CAPITL,61757,32.49,1.1,0,1
08-10-2024 10:00,EDT,CAPITL,61757,29.71,0.86,0,1
08-10-2024 11:00,EDT,CAPITL,61757,28.17,0.79,0,1
08-10-2024 12:00,EDT,CAPITL,61757,28.01,0.82,0,1
08-10-2024 13:00,EDT,CAPITL,61757,28.81,0.87,0,1
08-10-2024 14:00,EDT,CAPITL,61757,29.91,0.95,0,1
08-10-2024 15:00,EDT,CAPITL,61757,31.73,1.19,0,1
08-10-2024 16:00,EDT,CAPITL,61757,37.18,1.53,-0.77,1
08-10-2024 17:00,EDT,CAPITL,61757,48.81,2.16,-1.64,1
08-10-2024 18:00,EDT,CAPITL,61757,57.4,2.78,-3.1,1
08-10-2024 19:00,EDT,CAPITL,61757,53.2,2.79,-1.45,1
08-10-2024 20:00,EDT,CAPITL,61757,43.49,2.04,-1.47,1
08-10-2024 21:00,EDT,CAPITL,61757,36.61,1.71,-0.68,1
08-10-2024 22:00,EDT,CAPITL,61757,33.2,1.5,-0.41,1
08-10-2024 23:00,EDT,CAPITL,61757,28.22,1.14,0,1
09-10-2024 00:00,EDT,CAPITL,61757,27.86,0.99,0,1
09-10-2024 01:00,EDT,CAPITL,61757,27.41,1.03,0,1
09-10-2024 02:00,EDT,CAPITL,61757,26.1,0.96,0,1
09-10-2024 03:00,EDT,CAPITL,61757,25.04,0.92,0,1
09-10-2024 04:00,EDT,CAPITL,61757,25.75,0.94,0,1
09-10-2024 05:00,EDT,CAPITL,61757,29.05,1.12,0,1
09-10-2024 06:00,EDT,CAPITL,61757,37.59,1.65,0,1
09-10-2024 07:00,EDT,CAPITL,61757,51.52,2.41,0,1
09-10-2024 08:00,EDT,CAPITL,61757,43.34,1.75,0,1
09-10-2024 09:00,EDT,CAPITL,61757,33.11,1.12,0,1
09-10-2024 10:00,EDT,CAPITL,61757,29.29,0.93,0,1
09-10-2024 11:00,EDT,CAPITL,61757,27.71,0.86,0,1
09-10-2024 12:00,EDT,CAPITL,61757,27.74,0.88,0,1
09-10-2024 13:00,EDT,CAPITL,61757,28.94,0.98,0,1
09-10-2024 14:00,EDT,CAPITL,61757,29.84,1.09,0,1
09-10-2024 15:00,EDT,CAPITL,61757,32.16,1.3,0,1
09-10-2024 16:00,EDT,CAPITL,61757,38.29,1.65,0,1
09-10-2024 17:00,EDT,CAPITL,61757,49.36,2.29,-2.13,1
09-10-2024 18:00,EDT,CAPITL,61757,55.5,2.76,-1.6,1
09-10-2024 19:00,EDT,CAPITL,61757,53.71,2.8,-0.88,1
09-10-2024 20:00,EDT,CAPITL,61757,44.77,2.13,-0.76,1
09-10-2024 21:00,EDT,CAPITL,61757,36.93,1.62,-0.08,1
09-10-2024 22:00,EDT,CAPITL,61757,32.35,1.27,0,1
09-10-2024 23:00,EDT,CAPITL,61757,27.55,1.03,0,1
10-10-2024 00:00,EDT,CAPITL,61757,27.19,1,0,1
10-10-2024 01:00,EDT,CAPITL,61757,25.75,0.94,0,1
10-10-2024 02:00,EDT,CAPITL,61757,25.64,0.94,0,1
10-10-2024 03:00,EDT,CAPITL,61757,24.97,0.94,0,1
10-10-2024 04:00,EDT,CAPITL,61757,25.89,1,0,1
10-10-2024 05:00,EDT,CAPITL,61757,28.87,1.14,0,1
10-10-2024 06:00,EDT,CAPITL,61757,38.76,1.88,0,1
10-10-2024 07:00,EDT,CAPITL,61757,50.27,2.36,-0.66,1
10-10-2024 08:00,EDT,CAPITL,61757,40.32,1.66,0,1
10-10-2024 09:00,EDT,CAPITL,61757,33.01,1.09,0,1
10-10-2024 10:00,EDT,CAPITL,61757,29.87,0.93,0,1
10-10-2024 11:00,EDT,CAPITL,61757,28.58,0.86,0,1
10-10-2024 12:00,EDT,CAPITL,61757,28.52,0.91,0,1
10-10-2024 13:00,EDT,CAPITL,61757,28.9,0.9,0,1
10-10-2024 14:00,EDT,CAPITL,61757,29.34,0.97,0,1
10-10-2024 15:00,EDT,CAPITL,61757,31.55,1.21,0,1
10-10-2024 16:00,EDT,CAPITL,61757,36.79,1.55,0,1
10-10-2024 17:00,EDT,CAPITL,61757,48.8,2.46,-0.68,1
10-10-2024 18:00,EDT,CAPITL,61757,57.45,3.02,-0.41,1
10-10-2024 19:00,EDT,CAPITL,61757,53.43,2.69,0,1
10-10-2024 20:00,EDT,CAPITL,61757,48.41,2.39,0,1
10-10-2024 21:00,EDT,CAPITL,61757,39.23,1.8,0,1
10-10-2024 22:00,EDT,CAPITL,61757,33.96,1.43,0,1
10-10-2024 23:00,EDT,CAPITL,61757,29.28,1.13,0,1
11-10-2024 00:00,EDT,CAPITL,61757,26.5,0.99,0,1
11-10-2024 01:00,EDT,CAPITL,61757,24.43,0.94,0,1
11-10-2024 02:00,EDT,CAPITL,61757,24.96,0.94,0,1
11-10-2024 03:00,EDT,CAPITL,61757,24.19,0.95,0,1
11-10-2024 04:00,EDT,CAPITL,61757,24.78,0.95,0,1
11-10-2024 05:00,EDT,CAPITL,61757,27.17,1.09,0,1
11-10-2024 06:00,EDT,CAPITL,61757,37.8,1.73,0,1
11-10-2024 07:00,EDT,CAPITL,61757,47.53,2.18,0,1
11-10-2024 08:00,EDT,CAPITL,61757,37.5,1.68,0,1
11-10-2024 09:00,EDT,CAPITL,61757,28.68,1,0,1
11-10-2024 10:00,EDT,CAPITL,61757,24.68,0.79,0,1
11-10-2024 11:00,EDT,CAPITL,61757,23.67,0.78,0,1
11-10-2024 12:00,EDT,CAPITL,61757,22.86,0.75,0,1
11-10-2024 13:00,EDT,CAPITL,61757,22.82,0.73,0,1
11-10-2024 14:00,EDT,CAPITL,61757,23.04,0.8,0,1
11-10-2024 15:00,EDT,CAPITL,61757,25.24,0.95,0,1
11-10-2024 16:00,EDT,CAPITL,61757,32.02,1.44,0,1
11-10-2024 17:00,EDT,CAPITL,61757,40.74,1.98,-1.45,1
11-10-2024 18:00,EDT,CAPITL,61757,49.3,2.57,-0.89,1
11-10-2024 19:00,EDT,CAPITL,61757,45.73,2.37,-0.29,1
11-10-2024 20:00,EDT,CAPITL,61757,41.67,2.02,-0.83,1
11-10-2024 21:00,EDT,CAPITL,61757,35.84,1.77,-0.68,1
11-10-2024 22:00,EDT,CAPITL,61757,30.74,1.49,0,1
11-10-2024 23:00,EDT,CAPITL,61757,25.13,1.11,0,1
12-10-2024 00:00,EDT,CAPITL,61757,23.76,1.07,0,1
12-10-2024 01:00,EDT,CAPITL,61757,22.67,1.06,0,1
12-10-2024 02:00,EDT,CAPITL,61757,22.07,1.01,0,1
12-10-2024 03:00,EDT,CAPITL,61757,21.76,0.96,0,1
12-10-2024 04:00,EDT,CAPITL,61757,22.59,1.01,0,1
12-10-2024 05:00,EDT,CAPITL,61757,22.9,1.03,0,1
12-10-2024 06:00,EDT,CAPITL,61757,25.67,1.13,0,1
12-10-2024 07:00,EDT,CAPITL,61757,31.4,1.32,0,1
12-10-2024 08:00,EDT,CAPITL,61757,28.13,1.13,0,1
12-10-2024 09:00,EDT,CAPITL,61757,24.66,0.74,0,1
12-10-2024 10:00,EDT,CAPITL,61757,23.06,0.63,0,1
12-10-2024 11:00,EDT,CAPITL,61757,22.11,0.54,0,1
12-10-2024 12:00,EDT,CAPITL,61757,21.89,0.51,0,1
12-10-2024 13:00,EDT,CAPITL,61757,21.44,0.48,0,1
12-10-2024 14:00,EDT,CAPITL,61757,21.88,0.53,0,1
12-10-2024 15:00,EDT,CAPITL,61757,23.24,0.66,0,1
12-10-2024 16:00,EDT,CAPITL,61757,29.13,0.98,0,1
12-10-2024 17:00,EDT,CAPITL,61757,39.21,1.76,0,1
12-10-2024 18:00,EDT,CAPITL,61757,45,2.06,0,1
12-10-2024 19:00,EDT,CAPITL,61757,41.91,1.88,0,1
12-10-2024 20:00,EDT,CAPITL,61757,37.44,1.68,0,1
12-10-2024 21:00,EDT,CAPITL,61757,32.74,1.32,0,1
12-10-2024 22:00,EDT,CAPITL,61757,29.79,1.09,0,1
12-10-2024 23:00,EDT,CAPITL,61757,27.22,0.94,0,1
13-10-2024 00:00,EDT,CAPITL,61757,26.19,0.98,0,1
13-10-2024 01:00,EDT,CAPITL,61757,26.7,1,0,1
13-10-2024 02:00,EDT,CAPITL,61757,25.41,0.98,0,1
13-10-2024 03:00,EDT,CAPITL,61757,23.98,0.92,0,1
13-10-2024 04:00,EDT,CAPITL,61757,23.77,0.94,0,1
13-10-2024 05:00,EDT,CAPITL,61757,24.17,0.95,0,1
13-10-2024 06:00,EDT,CAPITL,61757,27.4,1.08,0,1
13-10-2024 07:00,EDT,CAPITL,61757,28.31,0.85,0,1
13-10-2024 08:00,EDT,CAPITL,61757,29.98,0.96,0,1
13-10-2024 09:00,EDT,CAPITL,61757,32.91,1.02,0,1
13-10-2024 10:00,EDT,CAPITL,61757,32.93,0.99,0,1
13-10-2024 11:00,EDT,CAPITL,61757,32.37,1,0,1
13-10-2024 12:00,EDT,CAPITL,61757,32.07,0.97,0,1
13-10-2024 13:00,EDT,CAPITL,61757,32.63,1.01,0,1
13-10-2024 14:00,EDT,CAPITL,61757,32.66,1.1,0,1
13-10-2024 15:00,EDT,CAPITL,61757,34.35,1.23,0,1
13-10-2024 16:00,EDT,CAPITL,61757,39.76,1.38,0,1
13-10-2024 17:00,EDT,CAPITL,61757,43.37,1.79,0,1
13-10-2024 18:00,EDT,CAPITL,61757,50.19,2.02,0,1
13-10-2024 19:00,EDT,CAPITL,61757,45.36,1.79,0,1
13-10-2024 20:00,EDT,CAPITL,61757,41.15,1.51,0,1
13-10-2024 21:00,EDT,CAPITL,61757,36.61,1.31,0,1
13-10-2024 22:00,EDT,CAPITL,61757,32.57,1.13,0,1
13-10-2024 23:00,EDT,CAPITL,61757,27.59,1.03,0,1
14-10-2024 00:00,EDT,CAPITL,61757,26.69,0.95,0,1
14-10-2024 01:00,EDT,CAPITL,61757,24.35,0.94,0,1
14-10-2024 02:00,EDT,CAPITL,61757,23.76,0.8,0,1
14-10-2024 03:00,EDT,CAPITL,61757,23.22,0.78,0,1
14-10-2024 04:00,EDT,CAPITL,61757,23.65,0.84,0,1
14-10-2024 05:00,EDT,CAPITL,61757,25.43,0.86,0,1
14-10-2024 06:00,EDT,CAPITL,61757,34.6,1.3,0,1
14-10-2024 07:00,EDT,CAPITL,61757,41.12,1.62,0,1
14-10-2024 08:00,EDT,CAPITL,61757,38.53,1.59,0,1
14-10-2024 09:00,EDT,CAPITL,61757,38.19,1.47,-0.91,1
14-10-2024 10:00,EDT,CAPITL,61757,39.41,1.39,-1.41,1
14-10-2024 11:00,EDT,CAPITL,61757,38.23,1.29,-1.06,1
14-10-2024 12:00,EDT,CAPITL,61757,37.32,1.25,-0.43,1
14-10-2024 13:00,EDT,CAPITL,61757,36.93,1.19,-0.83,1
14-10-2024 14:00,EDT,CAPITL,61757,37,1.2,-0.4,1
14-10-2024 15:00,EDT,CAPITL,61757,36,1.23,-0.62,1
14-10-2024 16:00,EDT,CAPITL,61757,40.8,1.5,-0.79,1
14-10-2024 17:00,EDT,CAPITL,61757,48.02,2.07,-1.03,1
14-10-2024 18:00,EDT,CAPITL,61757,56.84,2.24,0,1
14-10-2024 19:00,EDT,CAPITL,61757,51.95,2.09,0,1
14-10-2024 20:00,EDT,CAPITL,61757,45.01,1.77,0,1
14-10-2024 21:00,EDT,CAPITL,61757,37.14,1.36,0,1
14-10-2024 22:00,EDT,CAPITL,61757,34.17,1.12,0,1
14-10-2024 23:00,EDT,CAPITL,61757,31,0.9,0,1
15-10-2024 00:00,EDT,CAPITL,61757,28.66,0.91,0,1
15-10-2024 01:00,EDT,CAPITL,61757,27.04,0.81,0,1
15-10-2024 02:00,EDT,CAPITL,61757,25.78,0.7,0,1
15-10-2024 03:00,EDT,CAPITL,61757,25.67,0.75,0,1
15-10-2024 04:00,EDT,CAPITL,61757,26.92,0.81,0,1
15-10-2024 05:00,EDT,CAPITL,61757,30.65,1.04,0,1
15-10-2024 06:00,EDT,CAPITL,61757,38.86,1.6,0,1
15-10-2024 07:00,EDT,CAPITL,61757,50.47,2.08,0,1
15-10-2024 08:00,EDT,CAPITL,61757,44.03,1.33,0,1
15-10-2024 09:00,EDT,CAPITL,61757,35.23,0.96,0,1
15-10-2024 10:00,EDT,CAPITL,61757,31.79,0.72,0,1
15-10-2024 11:00,EDT,CAPITL,61757,30.34,0.68,0,1
15-10-2024 12:00,EDT,CAPITL,61757,28.27,0.64,0,1
15-10-2024 13:00,EDT,CAPITL,61757,27.79,0.63,0,1
15-10-2024 14:00,EDT,CAPITL,61757,28.96,0.76,0,1
15-10-2024 15:00,EDT,CAPITL,61757,31.28,0.97,0,1
15-10-2024 16:00,EDT,CAPITL,61757,35,1.18,0,1
15-10-2024 17:00,EDT,CAPITL,61757,45.18,1.86,0,1
15-10-2024 18:00,EDT,CAPITL,61757,57.97,2.55,0,1
15-10-2024 19:00,EDT,CAPITL,61757,51.8,2.13,0,1
15-10-2024 20:00,EDT,CAPITL,61757,43.42,1.71,0,1
15-10-2024 21:00,EDT,CAPITL,61757,37.22,1.43,0,1
15-10-2024 22:00,EDT,CAPITL,61757,33.14,1.12,0,1
15-10-2024 23:00,EDT,CAPITL,61757,30.46,0.92,0,1
16-10-2024 00:00,EDT,CAPITL,61757,31.24,1.06,0,1
16-10-2024 01:00,EDT,CAPITL,61757,29.75,1.01,0,1
16-10-2024 02:00,EDT,CAPITL,61757,28.17,0.9,0,1
16-10-2024 03:00,EDT,CAPITL,61757,27.88,0.89,0,1
16-10-2024 04:00,EDT,CAPITL,61757,29.38,0.97,0,1
16-10-2024 05:00,EDT,CAPITL,61757,34.03,1.18,0,1
16-10-2024 06:00,EDT,CAPITL,61757,47.02,1.72,0,1
16-10-2024 07:00,EDT,CAPITL,61757,57.15,2.04,0,1
16-10-2024 08:00,EDT,CAPITL,61757,50.17,1.65,0,1
16-10-2024 09:00,EDT,CAPITL,61757,40.63,0.99,0,1
16-10-2024 10:00,EDT,CAPITL,61757,36.33,0.68,0,1
16-10-2024 11:00,EDT,CAPITL,61757,34.71,0.61,0,1
16-10-2024 12:00,EDT,CAPITL,61757,34,0.67,0,1
16-10-2024 13:00,EDT,CAPITL,61757,33.93,0.7,0,1
16-10-2024 14:00,EDT,CAPITL,61757,34.58,0.71,0,1
16-10-2024 15:00,EDT,CAPITL,61757,36,0.84,0,1
16-10-2024 16:00,EDT,CAPITL,61757,42.18,1.35,0,1
16-10-2024 17:00,EDT,CAPITL,61757,52.92,1.89,0,1
16-10-2024 18:00,EDT,CAPITL,61757,62.19,2.74,0,1
16-10-2024 19:00,EDT,CAPITL,61757,57.2,2.09,0,1
16-10-2024 20:00,EDT,CAPITL,61757,52.15,1.76,0,1
16-10-2024 21:00,EDT,CAPITL,61757,45.21,1.44,0,1
16-10-2024 22:00,EDT,CAPITL,61757,39.54,1.15,0,1
16-10-2024 23:00,EDT,CAPITL,61757,35.65,1.04,0,1
17-10-2024 00:00,EDT,CAPITL,61757,35.63,1.07,0,1
17-10-2024 01:00,EDT,CAPITL,61757,34.99,1.15,0,1
17-10-2024 02:00,EDT,CAPITL,61757,32.96,0.9,0,1
17-10-2024 03:00,EDT,CAPITL,61757,33,0.96,0,1
17-10-2024 04:00,EDT,CAPITL,61757,34.4,1.13,0,1
17-10-2024 05:00,EDT,CAPITL,61757,38.86,1.31,0,1
17-10-2024 06:00,EDT,CAPITL,61757,55.08,2.02,0,1
17-10-2024 07:00,EDT,CAPITL,61757,66.52,2.62,0,1
17-10-2024 08:00,EDT,CAPITL,61757,57.21,2.04,0,1
17-10-2024 09:00,EDT,CAPITL,61757,40.15,0.83,0,1
17-10-2024 10:00,EDT,CAPITL,61757,34.53,0.54,0,1
17-10-2024 11:00,EDT,CAPITL,61757,30.58,0.51,0,1
17-10-2024 12:00,EDT,CAPITL,61757,29.1,0.52,0,1
17-10-2024 13:00,EDT,CAPITL,61757,29.85,0.53,0,1
17-10-2024 14:00,EDT,CAPITL,61757,30.7,0.6,0,1
17-10-2024 15:00,EDT,CAPITL,61757,31.83,0.72,0,1
17-10-2024 16:00,EDT,CAPITL,61757,38.29,1.11,0,1
17-10-2024 17:00,EDT,CAPITL,61757,48.35,1.86,0,1
17-10-2024 18:00,EDT,CAPITL,61757,59.37,2.67,0,1
17-10-2024 19:00,EDT,CAPITL,61757,55.8,2.09,0,1
17-10-2024 20:00,EDT,CAPITL,61757,48.29,1.81,0,1
17-10-2024 21:00,EDT,CAPITL,61757,42.23,1.58,0,1
17-10-2024 22:00,EDT,CAPITL,61757,37.61,1.27,0,1
17-10-2024 23:00,EDT,CAPITL,61757,33.81,1.11,0,1
18-10-2024 00:00,EDT,CAPITL,61757,30.87,0.98,0,1
18-10-2024 01:00,EDT,CAPITL,61757,28.95,0.98,0,1
18-10-2024 02:00,EDT,CAPITL,61757,28.68,0.91,0,1
18-10-2024 03:00,EDT,CAPITL,61757,28.18,0.9,0,1
18-10-2024 04:00,EDT,CAPITL,61757,29.18,0.96,0,1
18-10-2024 05:00,EDT,CAPITL,61757,32.87,1.14,0,1
18-10-2024 06:00,EDT,CAPITL,61757,49.64,1.82,0,1
18-10-2024 07:00,EDT,CAPITL,61757,57.31,2.1,0,1
18-10-2024 08:00,EDT,CAPITL,61757,45.14,1.31,0,1
18-10-2024 09:00,EDT,CAPITL,61757,34.67,0.81,0,1
18-10-2024 10:00,EDT,CAPITL,61757,28.87,0.57,0,1
18-10-2024 11:00,EDT,CAPITL,61757,26.34,0.52,0,1
18-10-2024 12:00,EDT,CAPITL,61757,25.21,0.52,0,1
18-10-2024 13:00,EDT,CAPITL,61757,24.88,0.49,0,1
18-10-2024 14:00,EDT,CAPITL,61757,24.66,0.51,0,1
18-10-2024 15:00,EDT,CAPITL,61757,26.16,0.61,0,1
18-10-2024 16:00,EDT,CAPITL,61757,32.05,1.02,0,1
18-10-2024 17:00,EDT,CAPITL,61757,41.94,1.65,0,1
18-10-2024 18:00,EDT,CAPITL,61757,52.88,2.13,0,1
18-10-2024 19:00,EDT,CAPITL,61757,45.08,1.65,0,1
18-10-2024 20:00,EDT,CAPITL,61757,41.17,1.54,0,1
18-10-2024 21:00,EDT,CAPITL,61757,35.84,1.24,0,1
18-10-2024 22:00,EDT,CAPITL,61757,31.81,1.05,0,1
18-10-2024 23:00,EDT,CAPITL,61757,30.52,1,0,1
19-10-2024 00:00,EDT,CAPITL,61757,31.2,0.91,0,1
19-10-2024 01:00,EDT,CAPITL,61757,27.23,0.79,0,1
19-10-2024 02:00,EDT,CAPITL,61757,27.15,0.77,0,1
19-10-2024 03:00,EDT,CAPITL,61757,26.15,0.74,0,1
19-10-2024 04:00,EDT,CAPITL,61757,27.06,0.79,0,1
19-10-2024 05:00,EDT,CAPITL,61757,28.66,0.83,0,1
19-10-2024 06:00,EDT,CAPITL,61757,33.4,1.07,0,1
19-10-2024 07:00,EDT,CAPITL,61757,39.83,1.31,0,1
19-10-2024 08:00,EDT,CAPITL,61757,37.13,1.05,0,1
19-10-2024 09:00,EDT,CAPITL,61757,28.64,0.56,0,1
19-10-2024 10:00,EDT,CAPITL,61757,25.5,0.53,0,1
19-10-2024 11:00,EDT,CAPITL,61757,23.49,0.51,0,1
19-10-2024 12:00,EDT,CAPITL,61757,22.43,0.46,0,1
19-10-2024 13:00,EDT,CAPITL,61757,22.32,0.46,0,1
19-10-2024 14:00,EDT,CAPITL,61757,22.64,0.55,0,1
19-10-2024 15:00,EDT,CAPITL,61757,24.29,0.71,0,1
19-10-2024 16:00,EDT,CAPITL,61757,28.89,0.87,0,1
19-10-2024 17:00,EDT,CAPITL,61757,39.83,1.46,0,1
19-10-2024 18:00,EDT,CAPITL,61757,47.65,2.05,0,1
19-10-2024 19:00,EDT,CAPITL,61757,41.84,1.61,0,1
19-10-2024 20:00,EDT,CAPITL,61757,37.95,1.46,0,1
19-10-2024 21:00,EDT,CAPITL,61757,32.75,1.17,0,1
19-10-2024 22:00,EDT,CAPITL,61757,29.6,1,0,1
19-10-2024 23:00,EDT,CAPITL,61757,26.77,0.88,0,1
20-10-2024 00:00,EDT,CAPITL,61757,24.56,0.76,0,1
20-10-2024 01:00,EDT,CAPITL,61757,22.66,0.72,0,1
20-10-2024 02:00,EDT,CAPITL,61757,22.31,0.69,0,1
20-10-2024 03:00,EDT,CAPITL,61757,22.43,0.7,0,1
20-10-2024 04:00,EDT,CAPITL,61757,22.41,0.67,0,1
20-10-2024 05:00,EDT,CAPITL,61757,23.51,0.75,0,1
20-10-2024 06:00,EDT,CAPITL,61757,27.02,0.91,0,1
20-10-2024 07:00,EDT,CAPITL,61757,29.15,0.9,0,1
20-10-2024 08:00,EDT,CAPITL,61757,27.46,0.88,0,1
20-10-2024 09:00,EDT,CAPITL,61757,22.4,0.71,0,1
20-10-2024 10:00,EDT,CAPITL,61757,22.01,0.64,0,1
20-10-2024 11:00,EDT,CAPITL,61757,20.8,0.57,0,1
20-10-2024 12:00,EDT,CAPITL,61757,20.6,0.56,0,1
20-10-2024 13:00,EDT,CAPITL,61757,20.52,0.52,0,1
20-10-2024 14:00,EDT,CAPITL,61757,20.34,0.59,0,1
20-10-2024 15:00,EDT,CAPITL,61757,22.26,0.77,0,1
20-10-2024 16:00,EDT,CAPITL,61757,29.58,1.06,0,1
20-10-2024 17:00,EDT,CAPITL,61757,39.99,1.65,0,1
20-10-2024 18:00,EDT,CAPITL,61757,45.47,2.04,0,1
20-10-2024 19:00,EDT,CAPITL,61757,41.64,1.83,0,1
20-10-2024 20:00,EDT,CAPITL,61757,37,1.56,0,1
20-10-2024 21:00,EDT,CAPITL,61757,31.42,1.38,0,1
20-10-2024 22:00,EDT,CAPITL,61757,26.05,1.05,0,1
20-10-2024 23:00,EDT,CAPITL,61757,23.07,0.84,0,1
21-10-2024 00:00,EDT,CAPITL,61757,23.09,0.8,0,1
21-10-2024 01:00,EDT,CAPITL,61757,22.12,0.79,0,1
21-10-2024 02:00,EDT,CAPITL,61757,20.55,0.69,0,1
21-10-2024 03:00,EDT,CAPITL,61757,19.99,0.68,0,1
21-10-2024 04:00,EDT,CAPITL,61757,20.96,0.77,0,1
21-10-2024 05:00,EDT,CAPITL,61757,24.7,1.22,0,1
21-10-2024 06:00,EDT,CAPITL,61757,35.32,1.74,0,1
21-10-2024 07:00,EDT,CAPITL,61757,44.61,2.28,0,1
21-10-2024 08:00,EDT,CAPITL,61757,39.52,1.99,0,1
21-10-2024 09:00,EDT,CAPITL,61757,29.8,1.2,0,1
21-10-2024 10:00,EDT,CAPITL,61757,27.05,0.99,0,1
21-10-2024 11:00,EDT,CAPITL,61757,26.51,0.95,0,1
21-10-2024 12:00,EDT,CAPITL,61757,26.96,1.04,0,1
21-10-2024 13:00,EDT,CAPITL,61757,27.86,1.02,0,1
21-10-2024 14:00,EDT,CAPITL,61757,29.13,1.12,0,1
21-10-2024 15:00,EDT,CAPITL,61757,33.83,1.49,0,1
21-10-2024 16:00,EDT,CAPITL,61757,40.77,2.09,0,1
21-10-2024 17:00,EDT,CAPITL,61757,54.51,3.04,0,1
21-10-2024 18:00,EDT,CAPITL,61757,60.21,3.84,0,1
21-10-2024 19:00,EDT,CAPITL,61757,51.92,2.85,0,1
21-10-2024 20:00,EDT,CAPITL,61757,41.91,2.18,0,1
21-10-2024 21:00,EDT,CAPITL,61757,35.9,1.77,0,1
21-10-2024 22:00,EDT,CAPITL,61757,31.13,1.45,0,1
21-10-2024 23:00,EDT,CAPITL,61757,28.21,1.22,0,1
22-10-2024 00:00,EDT,CAPITL,61757,25.41,1.07,0,1
22-10-2024 01:00,EDT,CAPITL,61757,23.84,1,0,1
22-10-2024 02:00,EDT,CAPITL,61757,22.74,0.88,0,1
22-10-2024 03:00,EDT,CAPITL,61757,22.23,0.83,0,1
22-10-2024 04:00,EDT,CAPITL,61757,23.2,0.89,0,1
22-10-2024 05:00,EDT,CAPITL,61757,27.38,1.1,0,1
22-10-2024 06:00,EDT,CAPITL,61757,39.44,1.66,0,1
22-10-2024 07:00,EDT,CAPITL,61757,47.85,2.01,0,1
22-10-2024 08:00,EDT,CAPITL,61757,40.6,1.71,0,1
22-10-2024 09:00,EDT,CAPITL,61757,31.62,1.13,0,1
22-10-2024 10:00,EDT,CAPITL,61757,29.75,0.98,0,1
22-10-2024 11:00,EDT,CAPITL,61757,29.18,0.99,0,1
22-10-2024 12:00,EDT,CAPITL,61757,29.43,1.1,0,1
22-10-2024 13:00,EDT,CAPITL,61757,30.59,1.23,0,1
22-10-2024 14:00,EDT,CAPITL,61757,33.49,1.38,0,1
22-10-2024 15:00,EDT,CAPITL,61757,37.42,1.75,0,1
22-10-2024 16:00,EDT,CAPITL,61757,42.2,2.16,0,1
22-10-2024 17:00,EDT,CAPITL,61757,55.08,3.27,0,1
22-10-2024 18:00,EDT,CAPITL,61757,59.95,4.08,0,1
22-10-2024 19:00,EDT,CAPITL,61757,49.94,3.05,0,1
22-10-2024 20:00,EDT,CAPITL,61757,41.1,2.44,0,1
22-10-2024 21:00,EDT,CAPITL,61757,35.17,1.83,0,1
22-10-2024 22:00,EDT,CAPITL,61757,30.38,1.53,0,1
22-10-2024 23:00,EDT,CAPITL,61757,27.03,1.31,0,1
23-10-2024 00:00,EDT,CAPITL,61757,23.5,1.14,0,1
23-10-2024 01:00,EDT,CAPITL,61757,21.41,1.04,0,1
23-10-2024 02:00,EDT,CAPITL,61757,20.48,0.99,0,1
23-10-2024 03:00,EDT,CAPITL,61757,20.44,0.95,0,1
23-10-2024 04:00,EDT,CAPITL,61757,21.17,0.99,0,1
23-10-2024 05:00,EDT,CAPITL,61757,23.43,1.12,0,1
23-10-2024 06:00,EDT,CAPITL,61757,31.05,1.62,0,1
23-10-2024 07:00,EDT,CAPITL,61757,40.12,2.16,0,1
23-10-2024 08:00,EDT,CAPITL,61757,34.54,1.92,0,1
23-10-2024 09:00,EDT,CAPITL,61757,28.38,1.4,0,1
23-10-2024 10:00,EDT,CAPITL,61757,25.93,1.16,0,1
23-10-2024 11:00,EDT,CAPITL,61757,25.86,1.16,0,1
23-10-2024 12:00,EDT,CAPITL,61757,26.38,1.28,0,1
23-10-2024 13:00,EDT,CAPITL,61757,27.63,1.24,0,1
23-10-2024 14:00,EDT,CAPITL,61757,29.41,1.35,0,1
23-10-2024 15:00,EDT,CAPITL,61757,33.7,1.72,-0.05,1
23-10-2024 16:00,EDT,CAPITL,61757,38.84,2.16,0,1
23-10-2024 17:00,EDT,CAPITL,61757,51.45,3.14,0,1
23-10-2024 18:00,EDT,CAPITL,61757,58.9,3.65,0,1
23-10-2024 19:00,EDT,CAPITL,61757,47.22,2.8,0,1
23-10-2024 20:00,EDT,CAPITL,61757,38.02,2.29,0,1
23-10-2024 21:00,EDT,CAPITL,61757,32.29,1.8,0,1
23-10-2024 22:00,EDT,CAPITL,61757,27.69,1.49,0,1
23-10-2024 23:00,EDT,CAPITL,61757,24.75,1.29,0,1
24-10-2024 00:00,EDT,CAPITL,61757,24.84,1.32,0,1
24-10-2024 01:00,EDT,CAPITL,61757,23.07,1.2,0,1
24-10-2024 02:00,EDT,CAPITL,61757,22.43,1.15,0,1
24-10-2024 03:00,EDT,CAPITL,61757,21.37,1.04,0,1
24-10-2024 04:00,EDT,CAPITL,61757,22.7,1.08,0,1
24-10-2024 05:00,EDT,CAPITL,61757,25.66,1.06,0,1
24-10-2024 06:00,EDT,CAPITL,61757,35.33,1.55,0,1
24-10-2024 07:00,EDT,CAPITL,61757,44.39,1.99,0,1
24-10-2024 08:00,EDT,CAPITL,61757,39.13,1.76,0,1
24-10-2024 09:00,EDT,CAPITL,61757,31.76,1.25,0,1
24-10-2024 10:00,EDT,CAPITL,61757,29.13,1.04,0,1
24-10-2024 11:00,EDT,CAPITL,61757,27.92,1.02,0,1
24-10-2024 12:00,EDT,CAPITL,61757,27.49,0.98,0,1
24-10-2024 13:00,EDT,CAPITL,61757,27.73,1.01,0,1
24-10-2024 14:00,EDT,CAPITL,61757,28.08,1.13,0,1
24-10-2024 15:00,EDT,CAPITL,61757,29.77,1.25,0,1
24-10-2024 16:00,EDT,CAPITL,61757,35.55,1.46,0,1
24-10-2024 17:00,EDT,CAPITL,61757,45.01,2.1,0,1
24-10-2024 18:00,EDT,CAPITL,61757,53.81,2.46,0,1
24-10-2024 19:00,EDT,CAPITL,61757,45.92,1.98,0,1
24-10-2024 20:00,EDT,CAPITL,61757,38.39,1.62,0,1
24-10-2024 21:00,EDT,CAPITL,61757,33.34,1.31,0,1
24-10-2024 22:00,EDT,CAPITL,61757,29.79,1.09,0,1
24-10-2024 23:00,EDT,CAPITL,61757,26.64,1,0,1
25-10-2024 00:00,EDT,CAPITL,61757,28.83,1.19,0,1
25-10-2024 01:00,EDT,CAPITL,61757,26.1,1.05,0,1
25-10-2024 02:00,EDT,CAPITL,61757,24.91,0.96,0,1
25-10-2024 03:00,EDT,CAPITL,61757,24.41,0.96,0,1
25-10-2024 04:00,EDT,CAPITL,61757,25.81,1.04,0,1
25-10-2024 05:00,EDT,CAPITL,61757,30.23,1.25,0,1
25-10-2024 06:00,EDT,CAPITL,61757,45.23,1.86,0,1
25-10-2024 07:00,EDT,CAPITL,61757,60,2.42,0,1
25-10-2024 08:00,EDT,CAPITL,61757,48.3,1.95,0,1
25-10-2024 09:00,EDT,CAPITL,61757,34.22,1,0,1
25-10-2024 10:00,EDT,CAPITL,61757,28.09,0.79,0,1
25-10-2024 11:00,EDT,CAPITL,61757,26.54,0.75,0,1
25-10-2024 12:00,EDT,CAPITL,61757,25.94,0.78,0,1
25-10-2024 13:00,EDT,CAPITL,61757,26.08,0.76,0,1
25-10-2024 14:00,EDT,CAPITL,61757,27.11,0.82,0,1
25-10-2024 15:00,EDT,CAPITL,61757,29.74,1.03,0,1
25-10-2024 16:00,EDT,CAPITL,61757,36.9,1.45,0,1
25-10-2024 17:00,EDT,CAPITL,61757,45.29,2.03,0,1
25-10-2024 18:00,EDT,CAPITL,61757,54.35,2.14,0,1
25-10-2024 19:00,EDT,CAPITL,61757,46.55,1.75,0,1
25-10-2024 20:00,EDT,CAPITL,61757,38.8,1.42,0,1
25-10-2024 21:00,EDT,CAPITL,61757,34.14,1.25,0,1
25-10-2024 22:00,EDT,CAPITL,61757,30.68,1.18,0,1
25-10-2024 23:00,EDT,CAPITL,61757,27.15,0.97,0,1
26-10-2024 00:00,EDT,CAPITL,61757,30.55,1.23,0,1
26-10-2024 01:00,EDT,CAPITL,61757,27.23,1.12,0,1
26-10-2024 02:00,EDT,CAPITL,61757,25.08,0.97,0,1
26-10-2024 03:00,EDT,CAPITL,61757,23.91,0.99,0,1
26-10-2024 04:00,EDT,CAPITL,61757,24.42,0.98,0,1
26-10-2024 05:00,EDT,CAPITL,61757,25.73,1.06,0,1
26-10-2024 06:00,EDT,CAPITL,61757,28.94,1.19,0,1
26-10-2024 07:00,EDT,CAPITL,61757,34.71,1.53,0,1
26-10-2024 08:00,EDT,CAPITL,61757,34.8,1.56,0,1
26-10-2024 09:00,EDT,CAPITL,61757,29.4,1.16,0,1
26-10-2024 10:00,EDT,CAPITL,61757,26.32,0.96,0,1
26-10-2024 11:00,EDT,CAPITL,61757,24.08,0.81,0,1
26-10-2024 12:00,EDT,CAPITL,61757,22.9,0.79,0,1
26-10-2024 13:00,EDT,CAPITL,61757,22.88,0.79,0,1
26-10-2024 14:00,EDT,CAPITL,61757,23.41,0.84,0,1
26-10-2024 15:00,EDT,CAPITL,61757,25.62,1.01,0,1
26-10-2024 16:00,EDT,CAPITL,61757,30.58,1.32,0,1
26-10-2024 17:00,EDT,CAPITL,61757,39.26,1.9,0,1
26-10-2024 18:00,EDT,CAPITL,61757,45.61,2.25,0,1
26-10-2024 19:00,EDT,CAPITL,61757,41.44,1.94,0,1
26-10-2024 20:00,EDT,CAPITL,61757,36.57,1.64,0,1
26-10-2024 21:00,EDT,CAPITL,61757,32.11,1.47,0,1
26-10-2024 22:00,EDT,CAPITL,61757,28.85,1.24,0,1
26-10-2024 23:00,EDT,CAPITL,61757,26.94,1.16,0,1
27-10-2024 00:00,EDT,CAPITL,61757,30.61,1.26,0,1
27-10-2024 01:00,EDT,CAPITL,61757,27.35,1.08,0,1
27-10-2024 02:00,EDT,CAPITL,61757,25.78,0.97,0,1
27-10-2024 03:00,EDT,CAPITL,61757,24.77,0.95,0,1
27-10-2024 04:00,EDT,CAPITL,61757,25.97,1.05,0,1
27-10-2024 05:00,EDT,CAPITL,61757,27.53,1.08,0,1
27-10-2024 06:00,EDT,CAPITL,61757,31.39,1.26,0,1
27-10-2024 07:00,EDT,CAPITL,61757,34.36,1.32,0,1
27-10-2024 08:00,EDT,CAPITL,61757,32.56,1.31,0,1
27-10-2024 09:00,EDT,CAPITL,61757,26.89,0.88,0,1
27-10-2024 10:00,EDT,CAPITL,61757,24.24,0.75,0,1
27-10-2024 11:00,EDT,CAPITL,61757,22.9,0.75,0,1
27-10-2024 12:00,EDT,CAPITL,61757,22.33,0.8,0,1
27-10-2024 13:00,EDT,CAPITL,61757,22.19,0.77,0,1
27-10-2024 14:00,EDT,CAPITL,61757,21.93,0.8,0,1
27-10-2024 15:00,EDT,CAPITL,61757,24.56,1.06,0,1
27-10-2024 16:00,EDT,CAPITL,61757,30.19,1.44,0,1
27-10-2024 17:00,EDT,CAPITL,61757,43.41,2.22,0,1
27-10-2024 18:00,EDT,CAPITL,61757,55.16,2.65,-3.48,1
27-10-2024 19:00,EDT,CAPITL,61757,46.22,2.28,0,1
27-10-2024 20:00,EDT,CAPITL,61757,43.63,2.04,0,1
27-10-2024 21:00,EDT,CAPITL,61757,37.65,1.72,0,1
27-10-2024 22:00,EDT,CAPITL,61757,34.13,1.53,0,1
27-10-2024 23:00,EDT,CAPITL,61757,29.9,1.23,0,1
28-10-2024 00:00,EDT,CAPITL,61757,31.77,1.31,0,1
28-10-2024 01:00,EDT,CAPITL,61757,30.53,1.32,0,1
28-10-2024 02:00,EDT,CAPITL,61757,28.49,1.17,0,1
28-10-2024 03:00,EDT,CAPITL,61757,27.98,1.18,0,1
28-10-2024 04:00,EDT,CAPITL,61757,29.06,1.25,0,1
28-10-2024 05:00,EDT,CAPITL,61757,33.44,1.29,0,1
28-10-2024 06:00,EDT,CAPITL,61757,54.01,2.13,0,1
28-10-2024 07:00,EDT,CAPITL,61757,67.94,3.29,0,1
28-10-2024 08:00,EDT,CAPITL,61757,55.75,1.93,0,1
28-10-2024 09:00,EDT,CAPITL,61757,40.81,1.11,0,1
28-10-2024 10:00,EDT,CAPITL,61757,34.66,0.85,0,1
28-10-2024 11:00,EDT,CAPITL,61757,31.95,0.69,0,1
28-10-2024 12:00,EDT,CAPITL,61757,29.92,0.7,0,1
28-10-2024 13:00,EDT,CAPITL,61757,29.4,0.63,0,1
28-10-2024 14:00,EDT,CAPITL,61757,29.96,0.7,0,1
28-10-2024 15:00,EDT,CAPITL,61757,33.58,0.95,0,1
28-10-2024 16:00,EDT,CAPITL,61757,41.02,1.62,0,1
28-10-2024 17:00,EDT,CAPITL,61757,52.58,2.27,0,1
28-10-2024 18:00,EDT,CAPITL,61757,62.82,3.22,0,1
28-10-2024 19:00,EDT,CAPITL,61757,57.64,2.54,0,1
28-10-2024 20:00,EDT,CAPITL,61757,45.35,1.91,0,1
28-10-2024 21:00,EDT,CAPITL,61757,40.46,1.7,0,1
28-10-2024 22:00,EDT,CAPITL,61757,33.77,1.46,0,1
28-10-2024 23:00,EDT,CAPITL,61757,30.26,1.39,0,1
29-10-2024 00:00,EDT,CAPITL,61757,28.81,1.37,0,1
29-10-2024 01:00,EDT,CAPITL,61757,26.84,1.3,0,1
29-10-2024 02:00,EDT,CAPITL,61757,26.65,1.29,0,1
29-10-2024 03:00,EDT,CAPITL,61757,26.33,1.28,0,1
29-10-2024 04:00,EDT,CAPITL,61757,26.86,1.28,0,1
29-10-2024 05:00,EDT,CAPITL,61757,30.05,1.27,0,1
29-10-2024 06:00,EDT,CAPITL,61757,41.56,1.98,0,1
29-10-2024 07:00,EDT,CAPITL,61757,52.78,2.65,0,1
29-10-2024 08:00,EDT,CAPITL,61757,43.53,2.07,0,1
29-10-2024 09:00,EDT,CAPITL,61757,38.51,1.62,0,1
29-10-2024 10:00,EDT,CAPITL,61757,32.49,1.34,0,1
29-10-2024 11:00,EDT,CAPITL,61757,31.76,1.31,0,1
29-10-2024 12:00,EDT,CAPITL,61757,32.81,1.35,0,1
29-10-2024 13:00,EDT,CAPITL,61757,31.99,1.29,0,1
29-10-2024 14:00,EDT,CAPITL,61757,32.68,1.35,0,1
29-10-2024 15:00,EDT,CAPITL,61757,34.77,1.65,0,1
29-10-2024 16:00,EDT,CAPITL,61757,37.59,1.79,0,1
29-10-2024 17:00,EDT,CAPITL,61757,45.38,2.28,0,1
29-10-2024 18:00,EDT,CAPITL,61757,55.06,2.77,0,1
29-10-2024 19:00,EDT,CAPITL,61757,43.88,2.25,0,1
29-10-2024 20:00,EDT,CAPITL,61757,41.02,1.99,0,1
29-10-2024 21:00,EDT,CAPITL,61757,34.38,1.61,0,1
29-10-2024 22:00,EDT,CAPITL,61757,29.43,1.37,0,1
29-10-2024 23:00,EDT,CAPITL,61757,27.15,1.39,0,1
30-10-2024 00:00,EDT,CAPITL,61757,25.31,1.27,0,1
30-10-2024 01:00,EDT,CAPITL,61757,24.16,1.26,0,1
30-10-2024 02:00,EDT,CAPITL,61757,23.98,1.23,0,1
30-10-2024 03:00,EDT,CAPITL,61757,23.48,1.18,0,1
30-10-2024 04:00,EDT,CAPITL,61757,23.55,1.14,0,1
30-10-2024 05:00,EDT,CAPITL,61757,25.36,1.12,0,1
30-10-2024 06:00,EDT,CAPITL,61757,34.72,1.68,0,1
30-10-2024 07:00,EDT,CAPITL,61757,41.28,1.89,0,1
30-10-2024 08:00,EDT,CAPITL,61757,37.64,1.76,0,1
30-10-2024 09:00,EDT,CAPITL,61757,31.89,1.34,0,1
30-10-2024 10:00,EDT,CAPITL,61757,28.73,1.16,0,1
30-10-2024 11:00,EDT,CAPITL,61757,28.23,1.09,0,1
30-10-2024 12:00,EDT,CAPITL,61757,28.28,1.06,0,1
30-10-2024 13:00,EDT,CAPITL,61757,29.36,1.07,0,1
30-10-2024 14:00,EDT,CAPITL,61757,29.89,1.09,0,1
30-10-2024 15:00,EDT,CAPITL,61757,33.12,1.3,0,1
30-10-2024 16:00,EDT,CAPITL,61757,39.48,1.66,0,1
30-10-2024 17:00,EDT,CAPITL,61757,46.39,2.17,0,1
30-10-2024 18:00,EDT,CAPITL,61757,51.75,2.46,0,1
30-10-2024 19:00,EDT,CAPITL,61757,44.44,2.12,0,1
30-10-2024 20:00,EDT,CAPITL,61757,38.08,1.78,0,1
30-10-2024 21:00,EDT,CAPITL,61757,32.24,1.48,0,1
30-10-2024 22:00,EDT,CAPITL,61757,28.8,1.27,0,1
30-10-2024 23:00,EDT,CAPITL,61757,25.14,1.2,0,1
31-10-2024 00:00,EDT,CAPITL,61757,23.27,1.13,0,1
31-10-2024 01:00,EDT,CAPITL,61757,21.8,1.08,0,1
31-10-2024 02:00,EDT,CAPITL,61757,20.72,0.97,0,1
31-10-2024 03:00,EDT,CAPITL,61757,19.6,0.93,0,1
31-10-2024 04:00,EDT,CAPITL,61757,20.66,0.96,0,1
31-10-2024 05:00,EDT,CAPITL,61757,22.21,0.98,0,1
31-10-2024 06:00,EDT,CAPITL,61757,31.51,1.27,0,1
31-10-2024 07:00,EDT,CAPITL,61757,34.37,1.35,0,1
31-10-2024 08:00,EDT,CAPITL,61757,33.42,1.38,0,1
31-10-2024 09:00,EDT,CAPITL,61757,28.92,1.03,0,1
31-10-2024 10:00,EDT,CAPITL,61757,26.64,0.88,0,1
31-10-2024 11:00,EDT,CAPITL,61757,26.83,0.76,0,1
31-10-2024 12:00,EDT,CAPITL,61757,27.6,0.73,0,1
31-10-2024 13:00,EDT,CAPITL,61757,29.09,0.88,0,1
31-10-2024 14:00,EDT,CAPITL,61757,30.76,0.98,0,1
31-10-2024 15:00,EDT,CAPITL,61757,33.75,1.3,0,1
31-10-2024 16:00,EDT,CAPITL,61757,39.11,1.51,0,1
31-10-2024 17:00,EDT,CAPITL,61757,45.33,1.96,-0.69,1
31-10-2024 18:00,EDT,CAPITL,61757,46.97,2.13,-0.36,1
31-10-2024 19:00,EDT,CAPITL,61757,40.88,1.87,-0.01,1
31-10-2024 20:00,EDT,CAPITL,61757,37.38,1.76,-0.35,1
31-10-2024 21:00,EDT,CAPITL,61757,32.72,1.46,-0.74,1
31-10-2024 22:00,EDT,CAPITL,61757,28.15,1.28,-0.22,1
31-10-2024 23:00,EDT,CAPITL,61757,24.42,1.14,-0.05,1
01-11-2024 00:00,EDT,CAPITL,61757,23.64,1.19,0,1
01-11-2024 01:00,EDT,CAPITL,61757,22.28,1.16,0,1
01-11-2024 02:00,EDT,CAPITL,61757,20.79,1.03,0,1
01-11-2024 03:00,EDT,CAPITL,61757,20.33,1,0,1
01-11-2024 04:00,EDT,CAPITL,61757,20.79,1.03,0,1
01-11-2024 05:00,EDT,CAPITL,61757,23.06,1.12,0,1
01-11-2024 06:00,EDT,CAPITL,61757,32.03,1.52,0,1
01-11-2024 07:00,EDT,CAPITL,61757,35.86,1.8,0,1
01-11-2024 08:00,EDT,CAPITL,61757,32.38,1.8,0,1
01-11-2024 09:00,EDT,CAPITL,61757,29.23,1.55,0,1
01-11-2024 10:00,EDT,CAPITL,61757,29.7,1.33,0,1
01-11-2024 11:00,EDT,CAPITL,61757,29.78,1.31,0,1
01-11-2024 12:00,EDT,CAPITL,61757,29.94,1.23,0,1
01-11-2024 13:00,EDT,CAPITL,61757,30.4,1.23,0,1
01-11-2024 14:00,EDT,CAPITL,61757,31.15,1.28,0,1
01-11-2024 15:00,EDT,CAPITL,61757,33.52,1.47,0,1
01-11-2024 16:00,EDT,CAPITL,61757,38.58,1.77,0,1
01-11-2024 17:00,EDT,CAPITL,61757,42.04,2.04,0,1
01-11-2024 18:00,EDT,CAPITL,61757,45.91,2.19,0,1
01-11-2024 19:00,EDT,CAPITL,61757,40.1,1.8,0,1
01-11-2024 20:00,EDT,CAPITL,61757,36.26,1.6,0,1
01-11-2024 21:00,EDT,CAPITL,61757,31.99,1.32,0,1
01-11-2024 22:00,EDT,CAPITL,61757,29.65,1.17,0,1
01-11-2024 23:00,EDT,CAPITL,61757,27.16,0.97,0,1
02-11-2024 00:00,EDT,CAPITL,61757,27.58,1.03,0,1
02-11-2024 01:00,EDT,CAPITL,61757,24.39,0.91,0,1
02-11-2024 02:00,EDT,CAPITL,61757,23.57,0.82,0,1
02-11-2024 03:00,EDT,CAPITL,61757,23.17,0.78,0,1
02-11-2024 04:00,EDT,CAPITL,61757,23.76,0.8,0,1
02-11-2024 05:00,EDT,CAPITL,61757,26.61,0.9,0,1
02-11-2024 06:00,EDT,CAPITL,61757,31.66,1.13,0,1
02-11-2024 07:00,EDT,CAPITL,61757,37.14,1.36,0,1
02-11-2024 08:00,EDT,CAPITL,61757,37.58,1.45,0,1
02-11-2024 09:00,EDT,CAPITL,61757,31.99,1.14,0,1
02-11-2024 10:00,EDT,CAPITL,61757,27.13,0.92,0,1
02-11-2024 11:00,EDT,CAPITL,61757,26.13,0.81,0,1
02-11-2024 12:00,EDT,CAPITL,61757,24.93,0.73,0,1
02-11-2024 13:00,EDT,CAPITL,61757,24.43,0.66,0,1
02-11-2024 14:00,EDT,CAPITL,61757,24.49,0.71,0,1
02-11-2024 15:00,EDT,CAPITL,61757,26.66,0.88,0,1
02-11-2024 16:00,EDT,CAPITL,61757,31.88,1.17,0,1
02-11-2024 17:00,EDT,CAPITL,61757,42.45,1.83,0,1
02-11-2024 18:00,EDT,CAPITL,61757,52.95,2.38,0,1
02-11-2024 19:00,EDT,CAPITL,61757,43.25,1.9,0,1
02-11-2024 20:00,EDT,CAPITL,61757,38.5,1.62,0,1
02-11-2024 21:00,EDT,CAPITL,61757,35.08,1.48,0,1
02-11-2024 22:00,EDT,CAPITL,61757,32.92,1.27,0,1
02-11-2024 23:00,EDT,CAPITL,61757,29.44,1.1,0,1
03-11-2024 00:00,EDT,CAPITL,61757,30.86,1.33,0,1
03-11-2024 01:00,EDT,CAPITL,61757,28.66,1.21,0,1
03-11-2024 01:00,EST,CAPITL,61757,28.56,1.23,0,1
03-11-2024 02:00,EST,CAPITL,61757,26.89,1.11,0,1
03-11-2024 03:00,EST,CAPITL,61757,24.18,1.04,0,1
03-11-2024 04:00,EST,CAPITL,61757,24.82,1.04,0,1
03-11-2024 05:00,EST,CAPITL,61757,27.58,1.16,0,1
03-11-2024 06:00,EST,CAPITL,61757,33.02,1.3,0,1
03-11-2024 07:00,EST,CAPITL,61757,34.51,1.29,0,1
03-11-2024 08:00,EST,CAPITL,61757,31.51,1.21,0,1
03-11-2024 09:00,EST,CAPITL,61757,26.22,0.94,0,1
03-11-2024 10:00,EST,CAPITL,61757,23.36,0.77,0,1
03-11-2024 11:00,EST,CAPITL,61757,22.89,0.71,0,1
03-11-2024 12:00,EST,CAPITL,61757,22.6,0.7,0,1
03-11-2024 13:00,EST,CAPITL,61757,22.58,0.72,0,1
03-11-2024 14:00,EST,CAPITL,61757,24.21,0.89,0,1
03-11-2024 15:00,EST,CAPITL,61757,28.56,1.2,0,1
03-11-2024 16:00,EST,CAPITL,61757,38.29,1.65,0,1
03-11-2024 17:00,EST,CAPITL,61757,46.84,2.19,0,1
03-11-2024 18:00,EST,CAPITL,61757,50.55,2.41,0,1
03-11-2024 19:00,EST,CAPITL,61757,43.77,2.08,0,1
03-11-2024 20:00,EST,CAPITL,61757,38.18,1.82,0,1
03-11-2024 21:00,EST,CAPITL,61757,33.94,1.59,0,1
03-11-2024 22:00,EST,CAPITL,61757,30.7,1.38,0,1
03-11-2024 23:00,EST,CAPITL,61757,29.02,1.28,0,1
04-11-2024 00:00,EST,CAPITL,61757,22.96,0.99,0,1
04-11-2024 01:00,EST,CAPITL,61757,20.97,0.83,0,1
04-11-2024 02:00,EST,CAPITL,61757,20.9,0.82,0,1
04-11-2024 03:00,EST,CAPITL,61757,20.79,0.86,0,1
04-11-2024 04:00,EST,CAPITL,61757,21.07,0.87,0,1
04-11-2024 05:00,EST,CAPITL,61757,24.83,1.02,0,1
04-11-2024 06:00,EST,CAPITL,61757,33.94,1.49,0,1
04-11-2024 07:00,EST,CAPITL,61757,36.91,1.52,0,1
04-11-2024 08:00,EST,CAPITL,61757,30.64,1.29,0,1
04-11-2024 09:00,EST,CAPITL,61757,26.85,1.11,0,1
04-11-2024 10:00,EST,CAPITL,61757,24.7,1,0,1
04-11-2024 11:00,EST,CAPITL,61757,24.24,0.98,0,1
04-11-2024 12:00,EST,CAPITL,61757,24.29,0.96,0,1
04-11-2024 13:00,EST,CAPITL,61757,25.92,1.04,0,1
04-11-2024 14:00,EST,CAPITL,61757,26.61,1.12,0,1
04-11-2024 15:00,EST,CAPITL,61757,28.83,1.35,0,1
04-11-2024 16:00,EST,CAPITL,61757,33.45,1.53,0,1
04-11-2024 17:00,EST,CAPITL,61757,46.74,2.48,0,1
04-11-2024 18:00,EST,CAPITL,61757,41.54,2.16,0,1
04-11-2024 19:00,EST,CAPITL,61757,36.37,1.83,0,1
04-11-2024 20:00,EST,CAPITL,61757,31.01,1.53,0,1
04-11-2024 21:00,EST,CAPITL,61757,27.39,1.33,0,1
04-11-2024 22:00,EST,CAPITL,61757,24.3,1.11,0,1
04-11-2024 23:00,EST,CAPITL,61757,22.06,0.93,0,1
05-11-2024 00:00,EST,CAPITL,61757,21.23,1.09,0,1
05-11-2024 01:00,EST,CAPITL,61757,19.99,1.04,0,1
05-11-2024 02:00,EST,CAPITL,61757,19.71,1.01,0,1
05-11-2024 03:00,EST,CAPITL,61757,18.73,0.96,0,1
05-11-2024 04:00,EST,CAPITL,61757,20.16,1.03,0,1
05-11-2024 05:00,EST,CAPITL,61757,21.01,0.94,0,1
05-11-2024 06:00,EST,CAPITL,61757,31.68,1.51,0,1
05-11-2024 07:00,EST,CAPITL,61757,34.39,1.61,0,1
05-11-2024 08:00,EST,CAPITL,61757,30.1,1.51,0,1
05-11-2024 09:00,EST,CAPITL,61757,26.69,1.25,0,1
05-11-2024 10:00,EST,CAPITL,61757,25.54,1.17,0,1
05-11-2024 11:00,EST,CAPITL,61757,25.01,1.08,0,1
05-11-2024 12:00,EST,CAPITL,61757,25.55,1.12,0,1
05-11-2024 13:00,EST,CAPITL,61757,26.14,1.17,0,1
05-11-2024 14:00,EST,CAPITL,61757,27.34,1.2,0,1
05-11-2024 15:00,EST,CAPITL,61757,31.15,1.51,0,1
05-11-2024 16:00,EST,CAPITL,61757,35.93,1.77,0,1
05-11-2024 17:00,EST,CAPITL,61757,47.97,2.59,0,1
05-11-2024 18:00,EST,CAPITL,61757,43.96,2.37,0,1
05-11-2024 19:00,EST,CAPITL,61757,36.97,1.96,0,1
05-11-2024 20:00,EST,CAPITL,61757,31.99,1.7,0,1
05-11-2024 21:00,EST,CAPITL,61757,27.44,1.38,0,1
05-11-2024 22:00,EST,CAPITL,61757,25.35,1.23,0,1
05-11-2024 23:00,EST,CAPITL,61757,22.3,1.14,0,1
06-11-2024 00:00,EST,CAPITL,61757,20.16,0.91,0,1
06-11-2024 01:00,EST,CAPITL,61757,19.13,0.88,0,1
06-11-2024 02:00,EST,CAPITL,61757,17.98,0.81,0,1
06-11-2024 03:00,EST,CAPITL,61757,17.49,0.8,0,1
06-11-2024 04:00,EST,CAPITL,61757,18.41,0.83,0,1
06-11-2024 05:00,EST,CAPITL,61757,20.36,0.88,0,1
06-11-2024 06:00,EST,CAPITL,61757,29.02,1.28,0,1
06-11-2024 07:00,EST,CAPITL,61757,32.15,1.44,0,1
06-11-2024 08:00,EST,CAPITL,61757,30.45,1.37,0,1
06-11-2024 09:00,EST,CAPITL,61757,28.07,1.26,0,1
06-11-2024 10:00,EST,CAPITL,61757,27.49,1.18,-0.11,1
06-11-2024 11:00,EST,CAPITL,61757,27.42,1.14,-0.31,1
06-11-2024 12:00,EST,CAPITL,61757,28.77,1.25,-0.35,1
06-11-2024 13:00,EST,CAPITL,61757,29.1,1.29,-0.27,1
06-11-2024 14:00,EST,CAPITL,61757,31.44,1.45,-0.38,1
06-11-2024 15:00,EST,CAPITL,61757,35.28,1.66,-0.48,1
06-11-2024 16:00,EST,CAPITL,61757,41.58,1.91,-0.68,1
06-11-2024 17:00,EST,CAPITL,61757,52.74,2.56,-0.88,1
06-11-2024 18:00,EST,CAPITL,61757,45.37,2.18,-0.48,1
06-11-2024 19:00,EST,CAPITL,61757,37.38,1.74,-0.18,1
06-11-2024 20:00,EST,CAPITL,61757,35.16,1.59,-0.45,1
06-11-2024 21:00,EST,CAPITL,61757,29.69,1.27,-0.11,1
06-11-2024 22:00,EST,CAPITL,61757,26.15,1.08,-0.03,1
06-11-2024 23:00,EST,CAPITL,61757,23.69,0.89,-0.08,1
07-11-2024 00:00,EST,CAPITL,61757,26.49,0.89,-0.02,1
07-11-2024 01:00,EST,CAPITL,61757,24.32,0.87,0,1
07-11-2024 02:00,EST,CAPITL,61757,22.15,0.73,-0.01,1
07-11-2024 03:00,EST,CAPITL,61757,21.62,0.69,0,1
07-11-2024 04:00,EST,CAPITL,61757,21.84,0.7,0,1
07-11-2024 05:00,EST,CAPITL,61757,24.85,0.79,0,1
07-11-2024 06:00,EST,CAPITL,61757,34.4,1.26,0,1
07-11-2024 07:00,EST,CAPITL,61757,38.13,1.47,0,1
07-11-2024 08:00,EST,CAPITL,61757,34.97,1.28,-0.01,1
07-11-2024 09:00,EST,CAPITL,61757,30.14,0.88,-0.87,1
07-11-2024 10:00,EST,CAPITL,61757,28.39,0.76,-1.59,1
07-11-2024 11:00,EST,CAPITL,61757,28.8,0.75,-2.17,1
07-11-2024 12:00,EST,CAPITL,61757,28.43,0.81,-1.41,1
07-11-2024 13:00,EST,CAPITL,61757,30.16,0.91,-0.91,1
07-11-2024 14:00,EST,CAPITL,61757,31.97,1.02,-0.88,1
07-11-2024 15:00,EST,CAPITL,61757,35.32,1.37,-0.62,1
07-11-2024 16:00,EST,CAPITL,61757,41.09,1.64,-0.39,1
07-11-2024 17:00,EST,CAPITL,61757,52.95,2.32,-0.23,1
07-11-2024 18:00,EST,CAPITL,61757,44.96,2.06,0,1
07-11-2024 19:00,EST,CAPITL,61757,38.35,1.65,0,1
07-11-2024 20:00,EST,CAPITL,61757,35.35,1.54,-0.4,1
07-11-2024 21:00,EST,CAPITL,61757,30.22,1.26,-0.2,1
07-11-2024 22:00,EST,CAPITL,61757,26.82,1.08,-0.07,1
07-11-2024 23:00,EST,CAPITL,61757,24.71,0.89,-0.32,1
08-11-2024 00:00,EST,CAPITL,61757,23.53,0.97,0,1
08-11-2024 01:00,EST,CAPITL,61757,22.35,0.96,0,1
08-11-2024 02:00,EST,CAPITL,61757,21.42,0.92,0,1
08-11-2024 03:00,EST,CAPITL,61757,20.66,0.85,0,1
08-11-2024 04:00,EST,CAPITL,61757,21.93,0.92,0,1
08-11-2024 05:00,EST,CAPITL,61757,24.18,1,0,1
08-11-2024 06:00,EST,CAPITL,61757,33.24,1.43,0,1
08-11-2024 07:00,EST,CAPITL,61757,36.39,1.6,0,1
08-11-2024 08:00,EST,CAPITL,61757,31.06,1.34,0,1
08-11-2024 09:00,EST,CAPITL,61757,24.74,0.93,0,1
08-11-2024 10:00,EST,CAPITL,61757,23.76,0.91,0,1
08-11-2024 11:00,EST,CAPITL,61757,23.7,0.89,0,1
08-11-2024 12:00,EST,CAPITL,61757,24.41,0.98,0,1
08-11-2024 13:00,EST,CAPITL,61757,25.45,1,0,1
08-11-2024 14:00,EST,CAPITL,61757,28.64,1.23,0,1
08-11-2024 15:00,EST,CAPITL,61757,32.23,1.45,0,1
08-11-2024 16:00,EST,CAPITL,61757,38.07,1.74,0,1
08-11-2024 17:00,EST,CAPITL,61757,49.4,2.48,0,1
08-11-2024 18:00,EST,CAPITL,61757,40.99,2.02,0,1
08-11-2024 19:00,EST,CAPITL,61757,35.83,1.77,0,1
08-11-2024 20:00,EST,CAPITL,61757,33.16,1.58,0,1
08-11-2024 21:00,EST,CAPITL,61757,29.6,1.38,0,1
08-11-2024 22:00,EST,CAPITL,61757,26.06,1.12,0,1
08-11-2024 23:00,EST,CAPITL,61757,23.86,1.05,0,1
09-11-2024 00:00,EST,CAPITL,61757,23.68,0.93,0,1
09-11-2024 01:00,EST,CAPITL,61757,22.2,0.89,0,1
09-11-2024 02:00,EST,CAPITL,61757,21.59,0.83,0,1
09-11-2024 03:00,EST,CAPITL,61757,21.01,0.81,0,1
09-11-2024 04:00,EST,CAPITL,61757,21.97,0.82,0,1
09-11-2024 05:00,EST,CAPITL,61757,22.87,0.84,0,1
09-11-2024 06:00,EST,CAPITL,61757,27.41,1,0,1
09-11-2024 07:00,EST,CAPITL,61757,31.78,1.07,0,1
09-11-2024 08:00,EST,CAPITL,61757,26.58,0.82,0,1
09-11-2024 09:00,EST,CAPITL,61757,21.76,0.55,0,1
09-11-2024 10:00,EST,CAPITL,61757,20.64,0.46,0,1
09-11-2024 11:00,EST,CAPITL,61757,20.34,0.44,0,1
09-11-2024 12:00,EST,CAPITL,61757,20.38,0.44,0,1
09-11-2024 13:00,EST,CAPITL,61757,20.73,0.45,0,1
09-11-2024 14:00,EST,CAPITL,61757,23.15,0.63,0,1
09-11-2024 15:00,EST,CAPITL,61757,27.86,0.89,0,1
09-11-2024 16:00,EST,CAPITL,61757,35.84,1.24,0,1
09-11-2024 17:00,EST,CAPITL,61757,47.04,1.98,0,1
09-11-2024 18:00,EST,CAPITL,61757,42.36,1.78,0,1
09-11-2024 19:00,EST,CAPITL,61757,37.31,1.57,0,1
09-11-2024 20:00,EST,CAPITL,61757,33.54,1.35,0,1
09-11-2024 21:00,EST,CAPITL,61757,29.82,1.17,0,1
09-11-2024 22:00,EST,CAPITL,61757,26.7,1.05,0,1
09-11-2024 23:00,EST,CAPITL,61757,24.21,0.89,0,1
10-11-2024 00:00,EST,CAPITL,61757,23.49,1.12,0,1
10-11-2024 01:00,EST,CAPITL,61757,22.43,1.09,0,1
10-11-2024 02:00,EST,CAPITL,61757,21.4,0.98,0,1
10-11-2024 03:00,EST,CAPITL,61757,21.06,0.98,0,1
10-11-2024 04:00,EST,CAPITL,61757,21.67,1.01,0,1
10-11-2024 05:00,EST,CAPITL,61757,23.56,1.16,0,1
10-11-2024 06:00,EST,CAPITL,61757,27.16,1.37,0,1
10-11-2024 07:00,EST,CAPITL,61757,26.72,1.25,0,1
10-11-2024 08:00,EST,CAPITL,61757,26.45,1.33,0,1
10-11-2024 09:00,EST,CAPITL,61757,23.47,1.03,0,1
10-11-2024 10:00,EST,CAPITL,61757,23.27,1.02,0,1
10-11-2024 11:00,EST,CAPITL,61757,23.29,1,0,1
10-11-2024 12:00,EST,CAPITL,61757,24.44,1.03,0,1
10-11-2024 13:00,EST,CAPITL,61757,27.44,1.18,0,1
10-11-2024 14:00,EST,CAPITL,61757,29.96,1.15,0,1
10-11-2024 15:00,EST,CAPITL,61757,34.94,1.54,0,1
10-11-2024 16:00,EST,CAPITL,61757,37.12,1.7,0,1
10-11-2024 17:00,EST,CAPITL,61757,48.32,2.43,0,1
10-11-2024 18:00,EST,CAPITL,61757,42.26,2.13,0,1
10-11-2024 19:00,EST,CAPITL,61757,37.04,1.83,0,1
10-11-2024 20:00,EST,CAPITL,61757,33.81,1.55,0,1
10-11-2024 21:00,EST,CAPITL,61757,28.23,1.29,0,1
10-11-2024 22:00,EST,CAPITL,61757,26.17,1.25,0,1
10-11-2024 23:00,EST,CAPITL,61757,22.75,1.06,0,1
11-11-2024 00:00,EST,CAPITL,61757,21.44,1.02,0,1
11-11-2024 01:00,EST,CAPITL,61757,19.82,0.96,0,1
11-11-2024 02:00,EST,CAPITL,61757,19.87,0.96,0,1
11-11-2024 03:00,EST,CAPITL,61757,18.98,0.9,0,1
11-11-2024 04:00,EST,CAPITL,61757,20.4,0.88,0,1
11-11-2024 05:00,EST,CAPITL,61757,21.21,0.97,0,1
11-11-2024 06:00,EST,CAPITL,61757,30.85,1.41,0,1
11-11-2024 07:00,EST,CAPITL,61757,34.79,1.56,0,1
11-11-2024 08:00,EST,CAPITL,61757,30.76,1.38,0,1
11-11-2024 09:00,EST,CAPITL,61757,27.84,1.17,0,1
11-11-2024 10:00,EST,CAPITL,61757,27.57,1.11,0,1
11-11-2024 11:00,EST,CAPITL,61757,27.49,1.08,0,1
11-11-2024 12:00,EST,CAPITL,61757,28.48,1.12,0,1
11-11-2024 13:00,EST,CAPITL,61757,30.8,1.24,0,1
11-11-2024 14:00,EST,CAPITL,61757,32.22,1.36,0,1
11-11-2024 15:00,EST,CAPITL,61757,35.6,1.69,0,1
11-11-2024 16:00,EST,CAPITL,61757,40.26,1.95,0,1
11-11-2024 17:00,EST,CAPITL,61757,53.91,2.71,0,1
11-11-2024 18:00,EST,CAPITL,61757,45.54,2.25,0,1
11-11-2024 19:00,EST,CAPITL,61757,38.69,1.91,0,1
11-11-2024 20:00,EST,CAPITL,61757,36.15,1.69,0,1
11-11-2024 21:00,EST,CAPITL,61757,30.32,1.39,0,1
11-11-2024 22:00,EST,CAPITL,61757,26.4,1.14,0,1
11-11-2024 23:00,EST,CAPITL,61757,23.87,1.09,0,1
12-11-2024 00:00,EST,CAPITL,61757,20.94,0.94,0,1
12-11-2024 01:00,EST,CAPITL,61757,20.5,0.88,0,1
12-11-2024 02:00,EST,CAPITL,61757,19.48,0.86,0,1
12-11-2024 03:00,EST,CAPITL,61757,19.03,0.84,0,1
12-11-2024 04:00,EST,CAPITL,61757,20.16,0.76,0,1
12-11-2024 05:00,EST,CAPITL,61757,21.5,0.75,0,1
12-11-2024 06:00,EST,CAPITL,61757,31.84,1.1,0,1
12-11-2024 07:00,EST,CAPITL,61757,36.5,1.2,0,1
12-11-2024 08:00,EST,CAPITL,61757,31.05,0.99,0,1
12-11-2024 09:00,EST,CAPITL,61757,27.1,0.82,0,1
12-11-2024 10:00,EST,CAPITL,61757,25.6,0.77,0,1
12-11-2024 11:00,EST,CAPITL,61757,24.41,0.66,0,1
12-11-2024 12:00,EST,CAPITL,61757,24.36,0.66,0,1
12-11-2024 13:00,EST,CAPITL,61757,24.76,0.65,0,1
12-11-2024 14:00,EST,CAPITL,61757,26.22,0.66,0,1
12-11-2024 15:00,EST,CAPITL,61757,32.47,1.01,0,1
12-11-2024 16:00,EST,CAPITL,61757,44.33,1.5,0,1
12-11-2024 17:00,EST,CAPITL,61757,57.24,2.09,0,1
12-11-2024 18:00,EST,CAPITL,61757,50.14,1.93,0,1
12-11-2024 19:00,EST,CAPITL,61757,42.12,1.5,0,1
12-11-2024 20:00,EST,CAPITL,61757,37.84,1.38,0,1
12-11-2024 21:00,EST,CAPITL,61757,33.46,1.16,0,1
12-11-2024 22:00,EST,CAPITL,61757,30.15,0.96,0,1
12-11-2024 23:00,EST,CAPITL,61757,27.6,0.86,0,1
13-11-2024 00:00,EST,CAPITL,61757,26.25,0.89,0,1
13-11-2024 01:00,EST,CAPITL,61757,25.95,0.78,0,1
13-11-2024 02:00,EST,CAPITL,61757,25.48,0.67,0,1
13-11-2024 03:00,EST,CAPITL,61757,25.83,0.7,0,1
13-11-2024 04:00,EST,CAPITL,61757,27.08,0.84,0,1
13-11-2024 05:00,EST,CAPITL,61757,31.15,0.97,0,1
13-11-2024 06:00,EST,CAPITL,61757,52.26,1.67,0,1
13-11-2024 07:00,EST,CAPITL,61757,55.49,1.77,0,1
13-11-2024 08:00,EST,CAPITL,61757,38.06,1.15,0,1
13-11-2024 09:00,EST,CAPITL,61757,30.97,0.55,0,1
13-11-2024 10:00,EST,CAPITL,61757,26.66,0.45,0,1
13-11-2024 11:00,EST,CAPITL,61757,24.98,0.39,0,1
13-11-2024 12:00,EST,CAPITL,61757,24.81,0.46,0,1
13-11-2024 13:00,EST,CAPITL,61757,26.02,0.48,0,1
13-11-2024 14:00,EST,CAPITL,61757,28.23,0.64,0,1
13-11-2024 15:00,EST,CAPITL,61757,36.64,1.07,0,1
13-11-2024 16:00,EST,CAPITL,61757,44.66,1.47,0,1
13-11-2024 17:00,EST,CAPITL,61757,58.48,2.41,0,1
13-11-2024 18:00,EST,CAPITL,61757,51.77,1.99,0,1
13-11-2024 19:00,EST,CAPITL,61757,45.65,1.71,0,1
13-11-2024 20:00,EST,CAPITL,61757,40.21,1.47,0,1
13-11-2024 21:00,EST,CAPITL,61757,34.68,1.24,0,1
13-11-2024 22:00,EST,CAPITL,61757,30.51,1.03,0,1
13-11-2024 23:00,EST,CAPITL,61757,28.46,0.94,0,1
14-11-2024 00:00,EST,CAPITL,61757,27.99,1.05,0,1
14-11-2024 01:00,EST,CAPITL,61757,28.09,1.11,0,1
14-11-2024 02:00,EST,CAPITL,61757,26.87,1.01,0,1
14-11-2024 03:00,EST,CAPITL,61757,26.8,1.03,0,1
14-11-2024 04:00,EST,CAPITL,61757,28.02,1.08,0,1
14-11-2024 05:00,EST,CAPITL,61757,32.86,1.29,0,1
14-11-2024 06:00,EST,CAPITL,61757,46.07,2.07,0,1
14-11-2024 07:00,EST,CAPITL,61757,52.23,2.15,0,1
14-11-2024 08:00,EST,CAPITL,61757,39.14,1.47,0,1
14-11-2024 09:00,EST,CAPITL,61757,33.79,1.17,0,1
14-11-2024 10:00,EST,CAPITL,61757,32.9,1.11,0,1
14-11-2024 11:00,EST,CAPITL,61757,31.61,1.01,-0.04,1
14-11-2024 12:00,EST,CAPITL,61757,31.54,0.98,-0.01,1
14-11-2024 13:00,EST,CAPITL,61757,32.22,0.94,-0.05,1
14-11-2024 14:00,EST,CAPITL,61757,35.67,1.1,-0.16,1
14-11-2024 15:00,EST,CAPITL,61757,39.51,1.41,-0.09,1
14-11-2024 16:00,EST,CAPITL,61757,44.96,1.65,0,1
14-11-2024 17:00,EST,CAPITL,61757,56.17,2.31,0,1
14-11-2024 18:00,EST,CAPITL,61757,48.11,2.07,0,1
14-11-2024 19:00,EST,CAPITL,61757,43.94,1.85,0,1
14-11-2024 20:00,EST,CAPITL,61757,39.27,1.51,0,1
14-11-2024 21:00,EST,CAPITL,61757,35.9,1.41,-0.06,1
14-11-2024 22:00,EST,CAPITL,61757,32.15,1.24,0,1
14-11-2024 23:00,EST,CAPITL,61757,32.43,1.19,0,1
15-11-2024 00:00,EST,CAPITL,61757,29.71,1.06,0,1
15-11-2024 01:00,EST,CAPITL,61757,28.39,1.01,0,1
15-11-2024 02:00,EST,CAPITL,61757,29,0.93,0,1
15-11-2024 03:00,EST,CAPITL,61757,28.31,0.96,0,1
15-11-2024 04:00,EST,CAPITL,61757,28.42,1.01,0,1
15-11-2024 05:00,EST,CAPITL,61757,31.61,1.1,0,1
15-11-2024 06:00,EST,CAPITL,61757,44.65,1.76,0,1
15-11-2024 07:00,EST,CAPITL,61757,53.89,1.97,0,1
15-11-2024 08:00,EST,CAPITL,61757,40.86,1.34,0,1
15-11-2024 09:00,EST,CAPITL,61757,32,0.87,0,1
15-11-2024 10:00,EST,CAPITL,61757,29.29,0.71,0,1
15-11-2024 11:00,EST,CAPITL,61757,27.64,0.65,0,1
15-11-2024 12:00,EST,CAPITL,61757,27.44,0.64,0,1
15-11-2024 13:00,EST,CAPITL,61757,28.01,0.66,0,1
15-11-2024 14:00,EST,CAPITL,61757,29.45,0.75,0,1
15-11-2024 15:00,EST,CAPITL,61757,33.57,1.01,0,1
15-11-2024 16:00,EST,CAPITL,61757,40.42,1.4,0,1
15-11-2024 17:00,EST,CAPITL,61757,50,1.97,0,1
15-11-2024 18:00,EST,CAPITL,61757,43.08,1.66,0,1
15-11-2024 19:00,EST,CAPITL,61757,38.23,1.43,0,1
15-11-2024 20:00,EST,CAPITL,61757,34.55,1.26,0,1
15-11-2024 21:00,EST,CAPITL,61757,31.19,1.2,0,1
15-11-2024 22:00,EST,CAPITL,61757,29.23,1.15,0,1
15-11-2024 23:00,EST,CAPITL,61757,27.98,1.18,0,1
16-11-2024 00:00,EST,CAPITL,61757,27.11,1.14,0,1
16-11-2024 01:00,EST,CAPITL,61757,25.22,1.04,0,1
16-11-2024 02:00,EST,CAPITL,61757,23.78,1,0,1
16-11-2024 03:00,EST,CAPITL,61757,24.84,1,0,1
16-11-2024 04:00,EST,CAPITL,61757,23.94,0.99,0,1
16-11-2024 05:00,EST,CAPITL,61757,25.61,1.08,0,1
16-11-2024 06:00,EST,CAPITL,61757,29.04,1.22,0,1
16-11-2024 07:00,EST,CAPITL,61757,32.14,1.32,0,1
16-11-2024 08:00,EST,CAPITL,61757,29.17,1.12,0,1
16-11-2024 09:00,EST,CAPITL,61757,25.22,0.85,0,1
16-11-2024 10:00,EST,CAPITL,61757,23.51,0.71,0,1
16-11-2024 11:00,EST,CAPITL,61757,22.51,0.63,0,1
16-11-2024 12:00,EST,CAPITL,61757,21.82,0.62,0,1
16-11-2024 13:00,EST,CAPITL,61757,21.89,0.62,0,1
16-11-2024 14:00,EST,CAPITL,61757,23.23,0.74,0,1
16-11-2024 15:00,EST,CAPITL,61757,27.17,1.12,0,1
16-11-2024 16:00,EST,CAPITL,61757,33.37,1.5,0,1
16-11-2024 17:00,EST,CAPITL,61757,41.93,1.97,-1.34,1
16-11-2024 18:00,EST,CAPITL,61757,37.11,1.73,0,1
16-11-2024 19:00,EST,CAPITL,61757,33.35,1.5,0,1
16-11-2024 20:00,EST,CAPITL,61757,30.31,1.33,0,1
16-11-2024 21:00,EST,CAPITL,61757,27.93,1.25,0,1
16-11-2024 22:00,EST,CAPITL,61757,26.34,1.14,0,1
16-11-2024 23:00,EST,CAPITL,61757,26.55,1.02,0,1
17-11-2024 00:00,EST,CAPITL,61757,25.8,0.97,0,1
17-11-2024 01:00,EST,CAPITL,61757,24.04,0.93,0,1
17-11-2024 02:00,EST,CAPITL,61757,23.29,0.87,0,1
17-11-2024 03:00,EST,CAPITL,61757,23.11,0.89,0,1
17-11-2024 04:00,EST,CAPITL,61757,23.37,0.9,0,1
17-11-2024 05:00,EST,CAPITL,61757,24.83,0.98,0,1
17-11-2024 06:00,EST,CAPITL,61757,28.27,1.14,0,1
17-11-2024 07:00,EST,CAPITL,61757,29.25,1.15,0,1
17-11-2024 08:00,EST,CAPITL,61757,25.87,0.9,0,1
17-11-2024 09:00,EST,CAPITL,61757,22.81,0.6,0,1
17-11-2024 10:00,EST,CAPITL,61757,21.33,0.46,0,1
17-11-2024 11:00,EST,CAPITL,61757,20.55,0.46,0,1
17-11-2024 12:00,EST,CAPITL,61757,20.5,0.5,0,1
17-11-2024 13:00,EST,CAPITL,61757,22.33,0.57,0,1
17-11-2024 14:00,EST,CAPITL,61757,25.35,0.83,0,1
17-11-2024 15:00,EST,CAPITL,61757,29.95,1.21,0,1
17-11-2024 16:00,EST,CAPITL,61757,35.19,1.52,0,1
17-11-2024 17:00,EST,CAPITL,61757,40.08,1.87,0,1
17-11-2024 18:00,EST,CAPITL,61757,35.88,1.68,0,1
17-11-2024 19:00,EST,CAPITL,61757,33.54,1.6,-0.02,1
17-11-2024 20:00,EST,CAPITL,61757,32.07,1.34,-2.84,1
17-11-2024 21:00,EST,CAPITL,61757,27.17,1.22,0,1
17-11-2024 22:00,EST,CAPITL,61757,24.91,1,0,1
17-11-2024 23:00,EST,CAPITL,61757,23.75,0.94,0,1
18-11-2024 00:00,EST,CAPITL,61757,26.33,1.01,0,1
18-11-2024 01:00,EST,CAPITL,61757,24.63,0.99,0,1
18-11-2024 02:00,EST,CAPITL,61757,23.93,0.9,0,1
18-11-2024 03:00,EST,CAPITL,61757,23.88,0.94,0,1
18-11-2024 04:00,EST,CAPITL,61757,24.83,0.98,0,1
18-11-2024 05:00,EST,CAPITL,61757,26.45,1.02,0,1
18-11-2024 06:00,EST,CAPITL,61757,34.6,1.58,0,1
18-11-2024 07:00,EST,CAPITL,61757,40.63,1.97,0,1
18-11-2024 08:00,EST,CAPITL,61757,34.49,1.73,0,1
18-11-2024 09:00,EST,CAPITL,61757,26.92,1.21,0.12,1
18-11-2024 10:00,EST,CAPITL,61757,24.55,1.07,0.2,1
18-11-2024 11:00,EST,CAPITL,61757,23.42,1.02,0.15,1
18-11-2024 12:00,EST,CAPITL,61757,23.38,1.01,0.16,1
18-11-2024 13:00,EST,CAPITL,61757,23.59,1,0.17,1
18-11-2024 14:00,EST,CAPITL,61757,24.74,1.05,0.19,1
18-11-2024 15:00,EST,CAPITL,61757,29.65,1.34,0.1,1
18-11-2024 16:00,EST,CAPITL,61757,41.16,1.86,-1.37,1
18-11-2024 17:00,EST,CAPITL,61757,48.25,2.25,-2.73,1
18-11-2024 18:00,EST,CAPITL,61757,43.66,2.17,0.3,1
18-11-2024 19:00,EST,CAPITL,61757,38.36,1.8,0.13,1
18-11-2024 20:00,EST,CAPITL,61757,35.59,1.69,0,1
18-11-2024 21:00,EST,CAPITL,61757,30.52,1.4,0,1
18-11-2024 22:00,EST,CAPITL,61757,27.95,1.2,0,1
18-11-2024 23:00,EST,CAPITL,61757,26.14,1.01,0,1
19-11-2024 00:00,EST,CAPITL,61757,27.02,1.04,0,1
19-11-2024 01:00,EST,CAPITL,61757,25.54,0.91,0,1
19-11-2024 02:00,EST,CAPITL,61757,25.35,0.95,0,1
19-11-2024 03:00,EST,CAPITL,61757,25.31,0.97,0,1
19-11-2024 04:00,EST,CAPITL,61757,25.77,0.99,0,1
19-11-2024 05:00,EST,CAPITL,61757,29.55,1.19,0,1
19-11-2024 06:00,EST,CAPITL,61757,38.25,1.79,0,1
19-11-2024 07:00,EST,CAPITL,61757,42,1.92,0,1
19-11-2024 08:00,EST,CAPITL,61757,34.56,1.46,0,1
19-11-2024 09:00,EST,CAPITL,61757,28.06,1.03,0,1
19-11-2024 10:00,EST,CAPITL,61757,26.61,1.02,0,1
19-11-2024 11:00,EST,CAPITL,61757,25.96,0.95,0,1
19-11-2024 12:00,EST,CAPITL,61757,25.73,0.94,0,1
19-11-2024 13:00,EST,CAPITL,61757,26.79,0.96,0,1
19-11-2024 14:00,EST,CAPITL,61757,29.33,1.07,0,1
19-11-2024 15:00,EST,CAPITL,61757,34.32,1.54,0,1
19-11-2024 16:00,EST,CAPITL,61757,42.59,1.99,0,1
19-11-2024 17:00,EST,CAPITL,61757,52.01,2.62,-0.9,1
19-11-2024 18:00,EST,CAPITL,61757,46,2.36,0,1
19-11-2024 19:00,EST,CAPITL,61757,40.99,2.06,0,1
19-11-2024 20:00,EST,CAPITL,61757,37.19,1.87,0,1
19-11-2024 21:00,EST,CAPITL,61757,31.53,1.53,0,1
19-11-2024 22:00,EST,CAPITL,61757,28.8,1.29,0,1
19-11-2024 23:00,EST,CAPITL,61757,27.53,1.06,0,1
20-11-2024 00:00,EST,CAPITL,61757,28.84,1.14,0,1
20-11-2024 01:00,EST,CAPITL,61757,29.62,1.19,0,1
20-11-2024 02:00,EST,CAPITL,61757,26.68,1,0,1
20-11-2024 03:00,EST,CAPITL,61757,26.9,1.01,0,1
20-11-2024 04:00,EST,CAPITL,61757,27.68,1.07,0,1
20-11-2024 05:00,EST,CAPITL,61757,29.98,1.29,0,1
20-11-2024 06:00,EST,CAPITL,61757,39.07,1.79,0,1
20-11-2024 07:00,EST,CAPITL,61757,44.66,2.09,0,1
20-11-2024 08:00,EST,CAPITL,61757,37.83,1.73,0,1
20-11-2024 09:00,EST,CAPITL,61757,33.03,1.33,0,1
20-11-2024 10:00,EST,CAPITL,61757,32.44,1.28,0,1
20-11-2024 11:00,EST,CAPITL,61757,30.88,1.13,0,1
20-11-2024 12:00,EST,CAPITL,61757,31.75,1.13,0,1
20-11-2024 13:00,EST,CAPITL,61757,33.31,1.25,0,1
20-11-2024 14:00,EST,CAPITL,61757,34.67,1.4,0,1
20-11-2024 15:00,EST,CAPITL,61757,41,1.85,-0.63,1
20-11-2024 16:00,EST,CAPITL,61757,47.8,1.83,-7.8,1
20-11-2024 17:00,EST,CAPITL,61757,55.51,2.24,-10.26,1
20-11-2024 18:00,EST,CAPITL,61757,51.29,1.77,-15.47,1
20-11-2024 19:00,EST,CAPITL,61757,47.43,1.35,-19.52,1
20-11-2024 20:00,EST,CAPITL,61757,37.96,1.33,-10.55,1
20-11-2024 21:00,EST,CAPITL,61757,34.54,1.14,-9.09,1
20-11-2024 22:00,EST,CAPITL,61757,28.96,1.03,-5.6,1
20-11-2024 23:00,EST,CAPITL,61757,28.46,0.95,-3.25,1
21-11-2024 00:00,EST,CAPITL,61757,29.16,0.95,-7.22,1
21-11-2024 01:00,EST,CAPITL,61757,26.2,0.9,-4.71,1
21-11-2024 02:00,EST,CAPITL,61757,25.8,1.02,-1.05,1
21-11-2024 03:00,EST,CAPITL,61757,25.47,1.04,-0.22,1
21-11-2024 04:00,EST,CAPITL,61757,26.67,1.05,0,1
21-11-2024 05:00,EST,CAPITL,61757,29.49,1.21,0,1
21-11-2024 06:00,EST,CAPITL,61757,34.93,1.57,0,1
21-11-2024 07:00,EST,CAPITL,61757,44.07,2.06,0,1
21-11-2024 08:00,EST,CAPITL,61757,42.18,2.05,0,1
21-11-2024 09:00,EST,CAPITL,61757,38.96,1.85,0,1
21-11-2024 10:00,EST,CAPITL,61757,40.13,2.05,0,1
21-11-2024 11:00,EST,CAPITL,61757,40.32,2.03,0,1
21-11-2024 12:00,EST,CAPITL,61757,39.76,1.89,0,1
21-11-2024 13:00,EST,CAPITL,61757,41.06,1.99,0,1
21-11-2024 14:00,EST,CAPITL,61757,40.81,1.98,0,1
21-11-2024 15:00,EST,CAPITL,61757,45.56,2.11,-1.97,1
21-11-2024 16:00,EST,CAPITL,61757,49.09,2.47,0,1
21-11-2024 17:00,EST,CAPITL,61757,56.33,2.93,-0.07,1
21-11-2024 18:00,EST,CAPITL,61757,50.17,2.43,-1.77,1
21-11-2024 19:00,EST,CAPITL,61757,43.6,2.09,-1.39,1
21-11-2024 20:00,EST,CAPITL,61757,39.14,1.89,-1.47,1
21-11-2024 21:00,EST,CAPITL,61757,32.31,1.54,0,1
21-11-2024 22:00,EST,CAPITL,61757,29.37,1.38,-0.31,1
21-11-2024 23:00,EST,CAPITL,61757,28.18,1.18,-0.22,1
22-11-2024 00:00,EST,CAPITL,61757,31.3,1.2,-2.17,1
22-11-2024 01:00,EST,CAPITL,61757,30.37,1.13,-2.84,1
22-11-2024 02:00,EST,CAPITL,61757,28.49,1.09,-2.05,1
22-11-2024 03:00,EST,CAPITL,61757,28.08,1.07,-2.09,1
22-11-2024 04:00,EST,CAPITL,61757,30.49,0.94,-7.08,1
22-11-2024 05:00,EST,CAPITL,61757,32.94,1.44,-0.22,1
22-11-2024 06:00,EST,CAPITL,61757,40.17,1.65,-0.92,1
22-11-2024 07:00,EST,CAPITL,61757,50.3,1.64,-10.43,1
22-11-2024 08:00,EST,CAPITL,61757,46.97,1.6,-10.55,1
22-11-2024 09:00,EST,CAPITL,61757,39.84,1.64,-0.84,1
22-11-2024 10:00,EST,CAPITL,61757,41.16,1.68,-0.41,1
22-11-2024 11:00,EST,CAPITL,61757,40.94,1.64,-0.15,1
22-11-2024 12:00,EST,CAPITL,61757,40.6,1.55,-0.33,1
22-11-2024 13:00,EST,CAPITL,61757,40.89,1.6,-0.37,1
22-11-2024 14:00,EST,CAPITL,61757,41.44,1.63,-0.13,1
22-11-2024 15:00,EST,CAPITL,61757,48.13,1.66,-5.01,1
22-11-2024 16:00,EST,CAPITL,61757,55.58,1.82,-11.3,1
22-11-2024 17:00,EST,CAPITL,61757,62.64,2.44,-5.98,1
22-11-2024 18:00,EST,CAPITL,61757,52.59,2.27,0,1
22-11-2024 19:00,EST,CAPITL,61757,46.71,1.84,-3.08,1
22-11-2024 20:00,EST,CAPITL,61757,41.28,1.66,0,1
22-11-2024 21:00,EST,CAPITL,61757,37.56,1.58,0,1
22-11-2024 22:00,EST,CAPITL,61757,37.86,1.7,0,1
22-11-2024 23:00,EST,CAPITL,61757,33.59,1.35,0,1
23-11-2024 00:00,EST,CAPITL,61757,34.04,1.25,0,1
23-11-2024 01:00,EST,CAPITL,61757,33.13,1.24,0,1
23-11-2024 02:00,EST,CAPITL,61757,31.9,1.26,0,1
23-11-2024 03:00,EST,CAPITL,61757,31.02,1.28,0,1
23-11-2024 04:00,EST,CAPITL,61757,30.93,1.27,0,1
23-11-2024 05:00,EST,CAPITL,61757,32.54,1.37,0,1
23-11-2024 06:00,EST,CAPITL,61757,34.48,1.29,0,1
23-11-2024 07:00,EST,CAPITL,61757,36.39,1.36,0,1
23-11-2024 08:00,EST,CAPITL,61757,35.36,1.39,0,1
23-11-2024 09:00,EST,CAPITL,61757,35.01,1.35,0,1
23-11-2024 10:00,EST,CAPITL,61757,34.82,1.37,0,1
23-11-2024 11:00,EST,CAPITL,61757,34.2,1.33,-0.44,1
23-11-2024 12:00,EST,CAPITL,61757,35,1.19,-4.11,1
23-11-2024 13:00,EST,CAPITL,61757,36.72,0.99,-7.41,1
23-11-2024 14:00,EST,CAPITL,61757,37.02,1.08,-6.77,1
23-11-2024 15:00,EST,CAPITL,61757,41.77,1.13,-10.21,1
23-11-2024 16:00,EST,CAPITL,61757,46.29,1.31,-10.61,1
23-11-2024 17:00,EST,CAPITL,61757,53.07,1.53,-12.19,1
23-11-2024 18:00,EST,CAPITL,61757,47.45,1.38,-11.47,1
23-11-2024 19:00,EST,CAPITL,61757,41.73,1.21,-9.47,1
23-11-2024 20:00,EST,CAPITL,61757,38.96,1.08,-9.51,1
23-11-2024 21:00,EST,CAPITL,61757,36.7,0.89,-10.93,1
23-11-2024 22:00,EST,CAPITL,61757,35.24,0.9,-10.75,1
23-11-2024 23:00,EST,CAPITL,61757,34.94,0.84,-10.61,1
24-11-2024 00:00,EST,CAPITL,61757,34.39,0.99,-6.56,1
24-11-2024 01:00,EST,CAPITL,61757,31.73,0.94,-4.59,1
24-11-2024 02:00,EST,CAPITL,61757,31.16,0.87,-5.34,1
24-11-2024 03:00,EST,CAPITL,61757,31.03,0.73,-9.55,1
24-11-2024 04:00,EST,CAPITL,61757,31.22,0.75,-9.55,1
24-11-2024 05:00,EST,CAPITL,61757,30.47,0.81,-8.35,1
24-11-2024 06:00,EST,CAPITL,61757,32.03,1.02,-4.08,1
24-11-2024 07:00,EST,CAPITL,61757,32.93,0.99,-4.29,1
24-11-2024 08:00,EST,CAPITL,61757,32.06,1.03,-4.7,1
24-11-2024 09:00,EST,CAPITL,61757,29.77,0.93,-3.07,1
24-11-2024 10:00,EST,CAPITL,61757,28.62,1.02,0,1
24-11-2024 11:00,EST,CAPITL,61757,29.37,0.99,-0.21,1
24-11-2024 12:00,EST,CAPITL,61757,30.31,0.95,-1.52,1
24-11-2024 13:00,EST,CAPITL,61757,30.34,1.04,-0.39,1
24-11-2024 14:00,EST,CAPITL,61757,32.2,1.09,-1.56,1
24-11-2024 15:00,EST,CAPITL,61757,36.3,1.2,-5.17,1
24-11-2024 16:00,EST,CAPITL,61757,41.33,1.54,-4.86,1
24-11-2024 17:00,EST,CAPITL,61757,49.49,1.95,-5.12,1
24-11-2024 18:00,EST,CAPITL,61757,43.3,1.82,-1,1
24-11-2024 19:00,EST,CAPITL,61757,38.15,1.59,-0.44,1
24-11-2024 20:00,EST,CAPITL,61757,36.13,1.49,-0.07,1
24-11-2024 21:00,EST,CAPITL,61757,33.79,1.39,0,1
24-11-2024 22:00,EST,CAPITL,61757,32.2,1.46,-0.21,1
24-11-2024 23:00,EST,CAPITL,61757,30.85,1.16,0,1
25-11-2024 00:00,EST,CAPITL,61757,30.54,1.06,0,1
25-11-2024 01:00,EST,CAPITL,61757,29.77,1.03,0,1
25-11-2024 02:00,EST,CAPITL,61757,28.92,1,0,1
25-11-2024 03:00,EST,CAPITL,61757,28.5,0.94,0,1
25-11-2024 04:00,EST,CAPITL,61757,29.29,0.93,0,1
25-11-2024 05:00,EST,CAPITL,61757,32.81,1.17,0,1
25-11-2024 06:00,EST,CAPITL,61757,43.45,1.75,0,1
25-11-2024 07:00,EST,CAPITL,61757,50.74,2.09,0,1
25-11-2024 08:00,EST,CAPITL,61757,40.31,1.48,0,1
25-11-2024 09:00,EST,CAPITL,61757,33.64,1.01,0,1
25-11-2024 10:00,EST,CAPITL,61757,30.29,0.82,0,1
25-11-2024 11:00,EST,CAPITL,61757,29.78,0.75,0,1
25-11-2024 12:00,EST,CAPITL,61757,29.53,0.72,0,1
25-11-2024 13:00,EST,CAPITL,61757,30.8,0.84,0,1
25-11-2024 14:00,EST,CAPITL,61757,34.27,1.03,0,1
25-11-2024 15:00,EST,CAPITL,61757,41.89,1.5,0,1
25-11-2024 16:00,EST,CAPITL,61757,49.03,1.89,0,1
25-11-2024 17:00,EST,CAPITL,61757,58.37,2.4,-0.04,1
25-11-2024 18:00,EST,CAPITL,61757,51.28,2.11,-0.07,1
25-11-2024 19:00,EST,CAPITL,61757,43.89,1.69,-1.09,1
25-11-2024 20:00,EST,CAPITL,61757,41.22,1.45,-4.53,1
25-11-2024 21:00,EST,CAPITL,61757,37.27,1.33,-2.78,1
25-11-2024 22:00,EST,CAPITL,61757,35.18,1.18,-2.1,1
25-11-2024 23:00,EST,CAPITL,61757,32.47,1.21,-1,1
26-11-2024 00:00,EST,CAPITL,61757,32.4,0.94,-4.62,1
26-11-2024 01:00,EST,CAPITL,61757,32.79,0.77,-9.52,1
26-11-2024 02:00,EST,CAPITL,61757,32.28,0.73,-10.03,1
26-11-2024 03:00,EST,CAPITL,61757,32.07,0.72,-10.04,1
26-11-2024 04:00,EST,CAPITL,61757,32.93,0.77,-10.12,1
26-11-2024 05:00,EST,CAPITL,61757,34.43,0.98,-7.05,1
26-11-2024 06:00,EST,CAPITL,61757,39.33,1.43,-2.25,1
26-11-2024 07:00,EST,CAPITL,61757,47.7,1.59,-7.32,1
26-11-2024 08:00,EST,CAPITL,61757,46.19,1.54,-7.86,1
26-11-2024 09:00,EST,CAPITL,61757,40.32,1.26,-6.73,1
26-11-2024 10:00,EST,CAPITL,61757,40.97,1.15,-9.42,1
26-11-2024 11:00,EST,CAPITL,61757,37.57,1.09,-7.7,1
26-11-2024 12:00,EST,CAPITL,61757,37.06,1.02,-7.6,1
26-11-2024 13:00,EST,CAPITL,61757,36.64,1.03,-6.89,1
26-11-2024 14:00,EST,CAPITL,61757,37.41,1.07,-6.57,1
26-11-2024 15:00,EST,CAPITL,61757,46.38,1.14,-14.54,1
26-11-2024 16:00,EST,CAPITL,61757,48.54,1.46,-9.7,1
26-11-2024 17:00,EST,CAPITL,61757,60.67,1.5,-21.78,1
26-11-2024 18:00,EST,CAPITL,61757,47.71,1.78,-1.53,1
26-11-2024 19:00,EST,CAPITL,61757,42.12,1.34,-4.47,1
26-11-2024 20:00,EST,CAPITL,61757,38.67,1.28,-2.84,1
26-11-2024 21:00,EST,CAPITL,61757,35.44,1.14,-2.72,1
26-11-2024 22:00,EST,CAPITL,61757,34.74,0.98,-4.92,1
26-11-2024 23:00,EST,CAPITL,61757,33.41,0.94,-6.33,1
27-11-2024 00:00,EST,CAPITL,61757,34.71,1.29,-4.11,1
27-11-2024 01:00,EST,CAPITL,61757,34.13,1.16,-5.96,1
27-11-2024 02:00,EST,CAPITL,61757,33.49,1.13,-5.55,1
27-11-2024 03:00,EST,CAPITL,61757,32.19,1.14,-4.02,1
27-11-2024 04:00,EST,CAPITL,61757,32.47,1.2,-2.63,1
27-11-2024 05:00,EST,CAPITL,61757,34.27,1.51,0,1
27-11-2024 06:00,EST,CAPITL,61757,45.35,2.08,0,1
27-11-2024 07:00,EST,CAPITL,61757,53.75,2.46,0,1
27-11-2024 08:00,EST,CAPITL,61757,46.49,2.05,0,1
27-11-2024 09:00,EST,CAPITL,61757,38.27,1.51,0,1
27-11-2024 10:00,EST,CAPITL,61757,36.4,1.55,-0.44,1
27-11-2024 11:00,EST,CAPITL,61757,34.7,1.39,-0.92,1
27-11-2024 12:00,EST,CAPITL,61757,34.61,1.36,-0.78,1
27-11-2024 13:00,EST,CAPITL,61757,36.49,1.5,0,1
27-11-2024 14:00,EST,CAPITL,61757,39.75,1.71,0,1
27-11-2024 15:00,EST,CAPITL,61757,45,1.94,0,1
27-11-2024 16:00,EST,CAPITL,61757,54.49,2.29,0,1
27-11-2024 17:00,EST,CAPITL,61757,65.07,2.8,0,1
27-11-2024 18:00,EST,CAPITL,61757,58.46,2.52,0,1
27-11-2024 19:00,EST,CAPITL,61757,51.1,2.15,0,1
27-11-2024 20:00,EST,CAPITL,61757,46.19,1.94,0,1
27-11-2024 21:00,EST,CAPITL,61757,42.36,1.9,0,1
27-11-2024 22:00,EST,CAPITL,61757,40.44,1.82,0,1
27-11-2024 23:00,EST,CAPITL,61757,37.98,1.64,0,1
28-11-2024 00:00,EST,CAPITL,61757,42.05,1.73,0,1
28-11-2024 01:00,EST,CAPITL,61757,38.08,1.47,0,1
28-11-2024 02:00,EST,CAPITL,61757,36.64,1.44,0,1
28-11-2024 03:00,EST,CAPITL,61757,35.92,1.42,0,1
28-11-2024 04:00,EST,CAPITL,61757,36.49,1.4,0,1
28-11-2024 05:00,EST,CAPITL,61757,37.82,1.46,0,1
28-11-2024 06:00,EST,CAPITL,61757,39.76,1.46,0,1
28-11-2024 07:00,EST,CAPITL,61757,41.04,1.62,0,1
28-11-2024 08:00,EST,CAPITL,61757,44.29,1.82,0,1
28-11-2024 09:00,EST,CAPITL,61757,47.48,2,0,1
28-11-2024 10:00,EST,CAPITL,61757,51.59,2.27,0,1
28-11-2024 11:00,EST,CAPITL,61757,50.73,2.23,0,1
28-11-2024 12:00,EST,CAPITL,61757,51.02,2.15,0,1
28-11-2024 13:00,EST,CAPITL,61757,47.89,1.89,0,1
28-11-2024 14:00,EST,CAPITL,61757,43.79,1.76,0,1
28-11-2024 15:00,EST,CAPITL,61757,44.63,1.8,0,1
28-11-2024 16:00,EST,CAPITL,61757,48.02,1.89,0,1
28-11-2024 17:00,EST,CAPITL,61757,47.97,1.93,0,1
28-11-2024 18:00,EST,CAPITL,61757,45.79,1.89,0,1
28-11-2024 19:00,EST,CAPITL,61757,41.97,1.88,0,1
28-11-2024 20:00,EST,CAPITL,61757,41.78,1.82,-0.32,1
28-11-2024 21:00,EST,CAPITL,61757,41.15,1.58,-5.32,1
28-11-2024 22:00,EST,CAPITL,61757,39.13,1.45,-5.58,1
28-11-2024 23:00,EST,CAPITL,61757,36.96,1.41,-3.54,1
29-11-2024 00:00,EST,CAPITL,61757,40.15,1.65,-0.09,1
29-11-2024 01:00,EST,CAPITL,61757,39.22,1.4,-5.97,1
29-11-2024 02:00,EST,CAPITL,61757,38.52,1.12,-10.66,1
29-11-2024 03:00,EST,CAPITL,61757,37.26,1.29,-6.63,1
29-11-2024 04:00,EST,CAPITL,61757,38.34,1.43,-4.46,1
29-11-2024 05:00,EST,CAPITL,61757,40.59,1.79,0,1
29-11-2024 06:00,EST,CAPITL,61757,44.78,1.89,0,1
29-11-2024 07:00,EST,CAPITL,61757,47.46,1.83,-5.89,1
29-11-2024 08:00,EST,CAPITL,61757,44.24,1.66,-3.88,1
29-11-2024 09:00,EST,CAPITL,61757,39.04,1.54,0,1
29-11-2024 10:00,EST,CAPITL,61757,36.5,1.37,0,1
29-11-2024 11:00,EST,CAPITL,61757,35.74,1.33,-1.15,1
29-11-2024 12:00,EST,CAPITL,61757,35.26,1.35,-0.88,1
29-11-2024 13:00,EST,CAPITL,61757,38.46,1.36,-3.83,1
29-11-2024 14:00,EST,CAPITL,61757,42.32,1.32,-8.03,1
29-11-2024 15:00,EST,CAPITL,61757,49.62,1.46,-12.53,1
29-11-2024 16:00,EST,CAPITL,61757,60.96,1.63,-22.12,1
29-11-2024 17:00,EST,CAPITL,61757,69.7,1.68,-30.74,1
29-11-2024 18:00,EST,CAPITL,61757,63.39,1.71,-24.59,1
29-11-2024 19:00,EST,CAPITL,61757,56.5,1.57,-19.17,1
29-11-2024 20:00,EST,CAPITL,61757,51.69,1.47,-16.01,1
29-11-2024 21:00,EST,CAPITL,61757,48.55,1.33,-14.87,1
29-11-2024 22:00,EST,CAPITL,61757,44.85,1.13,-16.29,1
29-11-2024 23:00,EST,CAPITL,61757,42.68,1.25,-9.36,1
30-11-2024 00:00,EST,CAPITL,61757,42.45,1.58,-0.45,1
30-11-2024 01:00,EST,CAPITL,61757,42.33,1.63,-2.79,1
30-11-2024 02:00,EST,CAPITL,61757,42.1,1.26,-9.48,1
30-11-2024 03:00,EST,CAPITL,61757,41.59,1.41,-6.69,1
30-11-2024 04:00,EST,CAPITL,61757,41.63,1.53,-3.65,1
30-11-2024 05:00,EST,CAPITL,61757,41.64,1.65,-0.75,1
30-11-2024 06:00,EST,CAPITL,61757,45.56,1.67,-3.08,1
30-11-2024 07:00,EST,CAPITL,61757,50.41,1.59,-11.01,1
30-11-2024 08:00,EST,CAPITL,61757,47.54,1.61,-7.65,1
30-11-2024 09:00,EST,CAPITL,61757,40.71,1.51,-3.15,1
30-11-2024 10:00,EST,CAPITL,61757,41.43,1.48,-3.88,1
30-11-2024 11:00,EST,CAPITL,61757,38.06,1.37,-3.27,1
30-11-2024 12:00,EST,CAPITL,61757,40.7,1.36,-6.16,1
30-11-2024 13:00,EST,CAPITL,61757,43.22,1.37,-8.41,1
30-11-2024 14:00,EST,CAPITL,61757,47.37,1.45,-12.3,1
30-11-2024 15:00,EST,CAPITL,61757,60.05,1.52,-24.05,1
30-11-2024 16:00,EST,CAPITL,61757,65.05,1.72,-25.03,1
30-11-2024 17:00,EST,CAPITL,61757,75.19,1.89,-33.84,1
30-11-2024 18:00,EST,CAPITL,61757,68.77,1.72,-30.45,1
30-11-2024 19:00,EST,CAPITL,61757,67.98,1.67,-30.74,1
30-11-2024 20:00,EST,CAPITL,61757,61.34,1.58,-25.46,1
30-11-2024 21:00,EST,CAPITL,61757,54.73,1.43,-20.85,1
30-11-2024 22:00,EST,CAPITL,61757,50.45,1.36,-17.37,1
30-11-2024 23:00,EST,CAPITL,61757,45.33,1.57,-6.29,1
01-12-2024 00:00,EST,CAPITL,61757,54.06,1.52,-17.19,1
01-12-2024 01:00,EST,CAPITL,61757,53.02,1.44,-18.07,1
01-12-2024 02:00,EST,CAPITL,61757,51.26,1.54,-13.15,1
01-12-2024 03:00,EST,CAPITL,61757,48.56,1.52,-9.87,1
01-12-2024 04:00,EST,CAPITL,61757,50.48,1.53,-13.4,1
01-12-2024 05:00,EST,CAPITL,61757,52.33,1.28,-21.81,1
01-12-2024 06:00,EST,CAPITL,61757,58.07,1.44,-23.8,1
01-12-2024 07:00,EST,CAPITL,61757,65.18,1.45,-30.65,1
01-12-2024 08:00,EST,CAPITL,61757,59.06,1.7,-21.1,1
01-12-2024 09:00,EST,CAPITL,61757,56.51,1.6,-18.43,1
01-12-2024 10:00,EST,CAPITL,61757,79.83,1.28,-46.6,1
01-12-2024 11:00,EST,CAPITL,61757,73.1,1.27,-39.36,1
01-12-2024 12:00,EST,CAPITL,61757,71.58,1.42,-34.72,1
01-12-2024 13:00,EST,CAPITL,61757,75,1.43,-37.91,1
01-12-2024 14:00,EST,CAPITL,61757,80.7,1.44,-44.23,1
01-12-2024 15:00,EST,CAPITL,61757,90.33,1.61,-50.29,1
01-12-2024 16:00,EST,CAPITL,61757,105.32,2,-57.79,1
01-12-2024 17:00,EST,CAPITL,61757,111.92,2.65,-51.8,1
01-12-2024 18:00,EST,CAPITL,61757,114.41,2,-68.12,1
01-12-2024 19:00,EST,CAPITL,61757,113.03,2.15,-63.18,1
01-12-2024 20:00,EST,CAPITL,61757,95.81,2.05,-47.19,1
01-12-2024 21:00,EST,CAPITL,61757,92.73,1.71,-51.13,1
01-12-2024 22:00,EST,CAPITL,61757,85.49,1.78,-43.31,1
01-12-2024 23:00,EST,CAPITL,61757,75.5,2.28,-21.46,1
02-12-2024 00:00,EST,CAPITL,61757,73.57,3.37,0,1
02-12-2024 01:00,EST,CAPITL,61757,71.26,3.26,0,1
02-12-2024 02:00,EST,CAPITL,61757,65.7,2.95,0,1
02-12-2024 03:00,EST,CAPITL,61757,66.31,2.98,0,1
02-12-2024 04:00,EST,CAPITL,61757,66.57,3.05,0,1
02-12-2024 05:00,EST,CAPITL,61757,76.63,3.65,0,1
02-12-2024 06:00,EST,CAPITL,61757,102.79,5.08,0,1
02-12-2024 07:00,EST,CAPITL,61757,125.55,5.98,0,1
02-12-2024 08:00,EST,CAPITL,61757,105.8,4.83,-4.28,1
02-12-2024 09:00,EST,CAPITL,61757,78.05,3.32,-4.01,1
02-12-2024 10:00,EST,CAPITL,61757,72.7,3.05,-4.86,1
02-12-2024 11:00,EST,CAPITL,61757,68.6,2.77,-4.27,1
02-12-2024 12:00,EST,CAPITL,61757,63.21,2.46,-6.23,1
02-12-2024 13:00,EST,CAPITL,61757,70.42,2.8,-4.02,1
02-12-2024 14:00,EST,CAPITL,61757,75.89,2.98,-5.11,1
02-12-2024 15:00,EST,CAPITL,61757,89.56,3.44,-7.8,1
02-12-2024 16:00,EST,CAPITL,61757,110.79,4.88,-11.99,1
02-12-2024 17:00,EST,CAPITL,61757,113.5,4.97,-16.4,1
02-12-2024 18:00,EST,CAPITL,61757,117.6,5.44,-13.25,1
02-12-2024 19:00,EST,CAPITL,61757,110.25,4.93,-12.23,1
02-12-2024 20:00,EST,CAPITL,61757,97.84,4.17,-13.39,1
02-12-2024 21:00,EST,CAPITL,61757,85.16,3.87,-5.34,1
02-12-2024 22:00,EST,CAPITL,61757,80.98,3.96,-3.72,1
02-12-2024 23:00,EST,CAPITL,61757,79.32,3.99,0,1
03-12-2024 00:00,EST,CAPITL,61757,80.05,3.95,0,1
03-12-2024 01:00,EST,CAPITL,61757,73.67,3.64,0,1
03-12-2024 02:00,EST,CAPITL,61757,68.41,3.19,0,1
03-12-2024 03:00,EST,CAPITL,61757,69.3,3.24,0,1
03-12-2024 04:00,EST,CAPITL,61757,67.82,3.17,0,1
03-12-2024 05:00,EST,CAPITL,61757,76.4,3.77,0,1
03-12-2024 06:00,EST,CAPITL,61757,106.77,5.47,0,1
03-12-2024 07:00,EST,CAPITL,61757,153.24,7.43,0,1
03-12-2024 08:00,EST,CAPITL,61757,125.35,6.57,-1.43,1
03-12-2024 09:00,EST,CAPITL,61757,86.78,4.19,-2.03,1
03-12-2024 10:00,EST,CAPITL,61757,82.35,4.23,-1.11,1
03-12-2024 11:00,EST,CAPITL,61757,71.27,3.38,-4.12,1
03-12-2024 12:00,EST,CAPITL,61757,67.65,3.06,-3.33,1
03-12-2024 13:00,EST,CAPITL,61757,71.04,3.34,-3.45,1
03-12-2024 14:00,EST,CAPITL,61757,75.22,3.49,-3.24,1
03-12-2024 15:00,EST,CAPITL,61757,94.2,4.57,-9.33,1
03-12-2024 16:00,EST,CAPITL,61757,111.95,6.03,0,1
03-12-2024 17:00,EST,CAPITL,61757,132.9,7.16,-0.06,1
03-12-2024 18:00,EST,CAPITL,61757,168,6.59,-45.71,1
03-12-2024 19:00,EST,CAPITL,61757,110.44,5.95,-0.06,1
03-12-2024 20:00,EST,CAPITL,61757,107.62,5.9,0,1
03-12-2024 21:00,EST,CAPITL,61757,85.5,4.61,0,1
03-12-2024 22:00,EST,CAPITL,61757,80.3,4.04,0,1
03-12-2024 23:00,EST,CAPITL,61757,67.78,3.23,0,1
04-12-2024 00:00,EST,CAPITL,61757,85.3,4.37,0,1
04-12-2024 01:00,EST,CAPITL,61757,78.86,3.75,0,1
04-12-2024 02:00,EST,CAPITL,61757,70.82,3.5,0,1
04-12-2024 03:00,EST,CAPITL,61757,69.6,3.43,-0.07,1
04-12-2024 04:00,EST,CAPITL,61757,74.04,3.03,-10.44,1
04-12-2024 05:00,EST,CAPITL,61757,75.57,3.8,-1.35,1
04-12-2024 06:00,EST,CAPITL,61757,111.09,4.36,-28.75,1
04-12-2024 07:00,EST,CAPITL,61757,166.74,4.49,-83.41,1
04-12-2024 08:00,EST,CAPITL,61757,132.93,4.58,-49.42,1
04-12-2024 09:00,EST,CAPITL,61757,101.91,3.67,-31.4,1
04-12-2024 10:00,EST,CAPITL,61757,83.27,3.44,-14.89,1
04-12-2024 11:00,EST,CAPITL,61757,83.34,3.02,-22.3,1
04-12-2024 12:00,EST,CAPITL,61757,82.58,3.02,-21.49,1
04-12-2024 13:00,EST,CAPITL,61757,84.21,3.28,-17.78,1
04-12-2024 14:00,EST,CAPITL,61757,89.09,3.47,-20.13,1
04-12-2024 15:00,EST,CAPITL,61757,112.94,3.62,-38.32,1
04-12-2024 16:00,EST,CAPITL,61757,112.72,3.27,-48.94,1
04-12-2024 17:00,EST,CAPITL,61757,141.46,4.42,-58.11,1
04-12-2024 18:00,EST,CAPITL,61757,114.74,3.65,-44.74,1
04-12-2024 19:00,EST,CAPITL,61757,110.07,3.38,-43.99,1
04-12-2024 20:00,EST,CAPITL,61757,108.1,2.93,-49.87,1
04-12-2024 21:00,EST,CAPITL,61757,87.97,2.92,-29.91,1
04-12-2024 22:00,EST,CAPITL,61757,84.53,2.81,-26.65,1
04-12-2024 23:00,EST,CAPITL,61757,74.61,2.82,-16.54,1
05-12-2024 00:00,EST,CAPITL,61757,58.42,2.83,0,1
05-12-2024 01:00,EST,CAPITL,61757,57.97,2.76,0,1
05-12-2024 02:00,EST,CAPITL,61757,57.23,2.36,0,1
05-12-2024 03:00,EST,CAPITL,61757,54.71,1.95,0,1
05-12-2024 04:00,EST,CAPITL,61757,56.73,2.08,0,1
05-12-2024 05:00,EST,CAPITL,61757,55.25,2.23,0,1
05-12-2024 06:00,EST,CAPITL,61757,63.69,3.03,0,1
05-12-2024 07:00,EST,CAPITL,61757,71.94,3.55,0,1
05-12-2024 08:00,EST,CAPITL,61757,61.77,3,0,1
05-12-2024 09:00,EST,CAPITL,61757,61.25,3.03,0,1
05-12-2024 10:00,EST,CAPITL,61757,59.76,2.84,0,1
05-12-2024 11:00,EST,CAPITL,61757,57.51,2.53,0,1
05-12-2024 12:00,EST,CAPITL,61757,57.58,2.53,0,1
05-12-2024 13:00,EST,CAPITL,61757,60.98,2.77,-2.77,1
05-12-2024 14:00,EST,CAPITL,61757,64.67,2.83,-6.41,1
05-12-2024 15:00,EST,CAPITL,61757,73.3,3.07,-11.23,1
05-12-2024 16:00,EST,CAPITL,61757,82.61,3.7,-10.43,1
05-12-2024 17:00,EST,CAPITL,61757,113.62,4.12,-34.59,1
05-12-2024 18:00,EST,CAPITL,61757,94.75,4.92,-1.98,1
05-12-2024 19:00,EST,CAPITL,61757,83.36,3.56,-13.82,1
05-12-2024 20:00,EST,CAPITL,61757,77.14,3.03,-17.97,1
05-12-2024 21:00,EST,CAPITL,61757,63.22,3,-4.67,1
05-12-2024 22:00,EST,CAPITL,61757,59.96,3.07,0,1
05-12-2024 23:00,EST,CAPITL,61757,59.48,2.94,0,1
06-12-2024 00:00,EST,CAPITL,61757,63.83,3,-5.22,1
06-12-2024 01:00,EST,CAPITL,61757,59.14,2.94,-0.77,1
06-12-2024 02:00,EST,CAPITL,61757,58.2,2.87,0,1
06-12-2024 03:00,EST,CAPITL,61757,57.85,2.7,0,1
06-12-2024 04:00,EST,CAPITL,61757,58.25,2.88,0,1
06-12-2024 05:00,EST,CAPITL,61757,60.04,3.18,0,1
06-12-2024 06:00,EST,CAPITL,61757,81.62,4.33,0,1
06-12-2024 07:00,EST,CAPITL,61757,88.68,4.43,-5.12,1
06-12-2024 08:00,EST,CAPITL,61757,89.1,4.25,-8.99,1
06-12-2024 09:00,EST,CAPITL,61757,85.68,3.68,-12.52,1
06-12-2024 10:00,EST,CAPITL,61757,91.15,2.78,-32.82,1
06-12-2024 11:00,EST,CAPITL,61757,83.39,2.66,-25.35,1
06-12-2024 12:00,EST,CAPITL,61757,79.59,2.66,-21.61,1
06-12-2024 13:00,EST,CAPITL,61757,83.23,2.71,-25.2,1
06-12-2024 14:00,EST,CAPITL,61757,91.35,2.77,-33.15,1
06-12-2024 15:00,EST,CAPITL,61757,112.75,3.24,-45.89,1
06-12-2024 16:00,EST,CAPITL,61757,115.38,3.52,-45.5,1
06-12-2024 17:00,EST,CAPITL,61757,166.69,4.59,-78.67,1
06-12-2024 18:00,EST,CAPITL,61757,155.28,4.54,-69.6,1
06-12-2024 19:00,EST,CAPITL,61757,130.13,3.82,-56.88,1
06-12-2024 20:00,EST,CAPITL,61757,133.8,3.27,-70.99,1
06-12-2024 21:00,EST,CAPITL,61757,114.55,2.93,-56.35,1
06-12-2024 22:00,EST,CAPITL,61757,104.86,4.23,-22.33,1
06-12-2024 23:00,EST,CAPITL,61757,88.62,4.54,0,1
07-12-2024 00:00,EST,CAPITL,61757,81.16,3.89,-2.38,1
07-12-2024 01:00,EST,CAPITL,61757,78.98,3.36,-10.96,1
07-12-2024 02:00,EST,CAPITL,61757,69.13,3.33,-0.39,1
07-12-2024 03:00,EST,CAPITL,61757,62.19,3.02,0,1
07-12-2024 04:00,EST,CAPITL,61757,63.09,3.12,0,1
07-12-2024 05:00,EST,CAPITL,61757,64.92,3.32,0,1
07-12-2024 06:00,EST,CAPITL,61757,68.44,3.28,-3.2,1
07-12-2024 07:00,EST,CAPITL,61757,87.6,3.02,-27.47,1
07-12-2024 08:00,EST,CAPITL,61757,73.36,3.53,-6.67,1
07-12-2024 09:00,EST,CAPITL,61757,66.34,3.13,-6.19,1
07-12-2024 10:00,EST,CAPITL,61757,58.86,2.86,-1.01,1
07-12-2024 11:00,EST,CAPITL,61757,58.6,2.86,-0.76,1
07-12-2024 12:00,EST,CAPITL,61757,58.71,2.86,-0.87,1
07-12-2024 13:00,EST,CAPITL,61757,58.84,2.74,-1.23,1
07-12-2024 14:00,EST,CAPITL,61757,60.45,3.03,-2.2,1
07-12-2024 15:00,EST,CAPITL,61757,64.28,3.08,-6.09,1
07-12-2024 16:00,EST,CAPITL,61757,76.27,3.23,-16.41,1
07-12-2024 17:00,EST,CAPITL,61757,80.93,3.27,-21.18,1
07-12-2024 18:00,EST,CAPITL,61757,78.63,3.14,-20.38,1
07-12-2024 19:00,EST,CAPITL,61757,75,3.07,-17.06,1
07-12-2024 20:00,EST,CAPITL,61757,68.28,3.12,-10.4,1
07-12-2024 21:00,EST,CAPITL,61757,65.72,2.95,-8.06,1
07-12-2024 22:00,EST,CAPITL,61757,61.13,2.96,-3.41,1
07-12-2024 23:00,EST,CAPITL,61757,60.63,2.9,-3.02,1
08-12-2024 00:00,EST,CAPITL,61757,56.51,2.94,0,1
08-12-2024 01:00,EST,CAPITL,61757,51.83,2.62,-0.66,1
08-12-2024 02:00,EST,CAPITL,61757,46.76,2.31,0,1
08-12-2024 03:00,EST,CAPITL,61757,43.28,1.87,-4.78,1
08-12-2024 04:00,EST,CAPITL,61757,42.54,2.14,0,1
08-12-2024 05:00,EST,CAPITL,61757,44.03,2.18,0,1
08-12-2024 06:00,EST,CAPITL,61757,43.85,2.13,-2.96,1
08-12-2024 07:00,EST,CAPITL,61757,41.85,2.07,0,1
08-12-2024 08:00,EST,CAPITL,61757,42.75,2.3,0,1
08-12-2024 09:00,EST,CAPITL,61757,42.36,2.21,0,1
08-12-2024 10:00,EST,CAPITL,61757,41.52,2.01,0,1
08-12-2024 11:00,EST,CAPITL,61757,40.07,1.91,0,1
08-12-2024 12:00,EST,CAPITL,61757,39.78,1.82,0,1
08-12-2024 13:00,EST,CAPITL,61757,40.26,1.77,0,1
08-12-2024 14:00,EST,CAPITL,61757,42.5,1.87,0,1
08-12-2024 15:00,EST,CAPITL,61757,47.52,1.96,0,1
08-12-2024 16:00,EST,CAPITL,61757,54.22,2.23,0,1
08-12-2024 17:00,EST,CAPITL,61757,57.85,2.81,0,1
08-12-2024 18:00,EST,CAPITL,61757,57.45,2.63,0,1
08-12-2024 19:00,EST,CAPITL,61757,55.17,2.32,0,1
08-12-2024 20:00,EST,CAPITL,61757,53.7,2.16,0,1
08-12-2024 21:00,EST,CAPITL,61757,50,1.92,0,1
08-12-2024 22:00,EST,CAPITL,61757,46.59,1.66,0,1
08-12-2024 23:00,EST,CAPITL,61757,47,1.85,0,1
09-12-2024 00:00,EST,CAPITL,61757,46.27,1.82,0,1
09-12-2024 01:00,EST,CAPITL,61757,42.53,1.59,0,1
09-12-2024 02:00,EST,CAPITL,61757,36.19,1.26,0,1
09-12-2024 03:00,EST,CAPITL,61757,35.55,1.23,0,1
09-12-2024 04:00,EST,CAPITL,61757,36.11,1.22,0,1
09-12-2024 05:00,EST,CAPITL,61757,39.13,1.32,0,1
09-12-2024 06:00,EST,CAPITL,61757,48.02,1.85,0,1
09-12-2024 07:00,EST,CAPITL,61757,51.73,2.13,0,1
09-12-2024 08:00,EST,CAPITL,61757,49.24,2.05,-0.47,1
09-12-2024 09:00,EST,CAPITL,61757,48.71,1.92,-0.98,1
09-12-2024 10:00,EST,CAPITL,61757,48.74,1.83,-1.15,1
09-12-2024 11:00,EST,CAPITL,61757,49.39,1.9,-1.13,1
09-12-2024 12:00,EST,CAPITL,61757,48.14,1.84,-1.31,1
09-12-2024 13:00,EST,CAPITL,61757,49.09,1.93,-1.09,1
09-12-2024 14:00,EST,CAPITL,61757,47.03,1.89,-1.13,1
09-12-2024 15:00,EST,CAPITL,61757,49.22,2.12,-0.99,1
09-12-2024 16:00,EST,CAPITL,61757,50.81,2.13,-0.1,1
09-12-2024 17:00,EST,CAPITL,61757,56.16,2.47,0,1
09-12-2024 18:00,EST,CAPITL,61757,53.91,2.42,0,1
09-12-2024 19:00,EST,CAPITL,61757,49.35,2.26,-0.04,1
09-12-2024 20:00,EST,CAPITL,61757,47.23,2.2,-0.11,1
09-12-2024 21:00,EST,CAPITL,61757,43.89,1.93,-0.09,1
09-12-2024 22:00,EST,CAPITL,61757,41.58,1.81,-0.53,1
09-12-2024 23:00,EST,CAPITL,61757,39.95,1.57,-0.21,1
10-12-2024 00:00,EST,CAPITL,61757,40.51,1.65,-0.55,1
10-12-2024 01:00,EST,CAPITL,61757,38.31,1.61,0,1
10-12-2024 02:00,EST,CAPITL,61757,37.8,1.52,0,1
10-12-2024 03:00,EST,CAPITL,61757,34.93,1.41,0,1
10-12-2024 04:00,EST,CAPITL,61757,36,1.48,0,1
10-12-2024 05:00,EST,CAPITL,61757,38.15,1.61,0,1
10-12-2024 06:00,EST,CAPITL,61757,46.41,1.83,0,1
10-12-2024 07:00,EST,CAPITL,61757,52.64,2.1,-0.5,1
10-12-2024 08:00,EST,CAPITL,61757,53.32,2.15,-1.06,1
10-12-2024 09:00,EST,CAPITL,61757,53.44,2,-1.42,1
10-12-2024 10:00,EST,CAPITL,61757,52.21,1.9,-1.47,1
10-12-2024 11:00,EST,CAPITL,61757,48.87,1.78,-1.28,1
10-12-2024 12:00,EST,CAPITL,61757,48.55,1.69,-1.29,1
10-12-2024 13:00,EST,CAPITL,61757,49.46,1.62,-1.4,1
10-12-2024 14:00,EST,CAPITL,61757,48.58,1.55,-1.39,1
10-12-2024 15:00,EST,CAPITL,61757,52.4,1.77,-1.52,1
10-12-2024 16:00,EST,CAPITL,61757,56.98,2.08,-1.44,1
10-12-2024 17:00,EST,CAPITL,61757,59.9,2.86,-1.01,1
10-12-2024 18:00,EST,CAPITL,61757,58.33,2.52,-1.1,1
10-12-2024 19:00,EST,CAPITL,61757,51.94,2.05,-1.03,1
10-12-2024 20:00,EST,CAPITL,61757,48.42,1.87,-1,1
10-12-2024 21:00,EST,CAPITL,61757,43.93,1.7,-0.88,1
10-12-2024 22:00,EST,CAPITL,61757,40.34,1.68,-0.53,1
10-12-2024 23:00,EST,CAPITL,61757,38.26,1.53,-0.24,1
11-12-2024 00:00,EST,CAPITL,61757,36.07,1.65,0,1
11-12-2024 01:00,EST,CAPITL,61757,34.64,1.56,0,1
11-12-2024 02:00,EST,CAPITL,61757,34.53,1.52,0,1
11-12-2024 03:00,EST,CAPITL,61757,33.41,1.41,0,1
11-12-2024 04:00,EST,CAPITL,61757,34.83,1.5,0,1
11-12-2024 05:00,EST,CAPITL,61757,36.75,1.55,0,1
11-12-2024 06:00,EST,CAPITL,61757,42.9,1.85,0,1
11-12-2024 07:00,EST,CAPITL,61757,49.45,2.18,0,1
11-12-2024 08:00,EST,CAPITL,61757,49.25,2.43,-0.08,1
11-12-2024 09:00,EST,CAPITL,61757,50.73,2.41,-0.16,1
11-12-2024 10:00,EST,CAPITL,61757,52.64,2.4,-0.31,1
11-12-2024 11:00,EST,CAPITL,61757,51.8,2.44,-0.44,1
11-12-2024 12:00,EST,CAPITL,61757,52.09,2.13,-0.47,1
11-12-2024 13:00,EST,CAPITL,61757,51.57,2.21,-0.37,1
11-12-2024 14:00,EST,CAPITL,61757,49.83,2.09,-0.25,1
11-12-2024 15:00,EST,CAPITL,61757,50.98,2.33,-0.12,1
11-12-2024 16:00,EST,CAPITL,61757,53.91,2.61,0,1
11-12-2024 17:00,EST,CAPITL,61757,57.6,2.95,0,1
11-12-2024 18:00,EST,CAPITL,61757,52.91,2.76,0,1
11-12-2024 19:00,EST,CAPITL,61757,50.03,2.65,0,1
11-12-2024 20:00,EST,CAPITL,61757,47.62,2.48,0,1
11-12-2024 21:00,EST,CAPITL,61757,41.89,2.07,0,1
11-12-2024 22:00,EST,CAPITL,61757,38.06,1.74,0,1
11-12-2024 23:00,EST,CAPITL,61757,36.77,1.62,0,1
12-12-2024 00:00,EST,CAPITL,61757,36.09,1.52,0,1
12-12-2024 01:00,EST,CAPITL,61757,34.65,1.59,0,1
12-12-2024 02:00,EST,CAPITL,61757,33.1,1.43,0,1
12-12-2024 03:00,EST,CAPITL,61757,33.03,1.42,0,1
12-12-2024 04:00,EST,CAPITL,61757,34.54,1.55,0,1
12-12-2024 05:00,EST,CAPITL,61757,37.31,1.71,0,1
12-12-2024 06:00,EST,CAPITL,61757,46.91,2.4,0,1
12-12-2024 07:00,EST,CAPITL,61757,50.27,2.53,0,1
12-12-2024 08:00,EST,CAPITL,61757,47.74,2.38,-0.47,1
12-12-2024 09:00,EST,CAPITL,61757,45.54,2.14,-0.5,1
12-12-2024 10:00,EST,CAPITL,61757,58.89,2.99,-1.53,1
12-12-2024 11:00,EST,CAPITL,61757,57.17,2.9,-1.58,1
12-12-2024 12:00,EST,CAPITL,61757,57.71,2.93,-1.44,1
12-12-2024 13:00,EST,CAPITL,61757,58.44,2.97,-1.4,1
12-12-2024 14:00,EST,CAPITL,61757,62.81,3.19,-2.53,1
12-12-2024 15:00,EST,CAPITL,61757,70.45,3.33,-9.74,1
12-12-2024 16:00,EST,CAPITL,61757,78.85,3.38,-20.1,1
12-12-2024 17:00,EST,CAPITL,61757,94.27,5.65,-2.95,1
12-12-2024 18:00,EST,CAPITL,61757,130,5.36,-44.71,1
12-12-2024 19:00,EST,CAPITL,61757,98.87,4.28,-30.66,1
12-12-2024 20:00,EST,CAPITL,61757,95.28,3.94,-32.49,1
12-12-2024 21:00,EST,CAPITL,61757,79.58,3.54,-20.72,1
12-12-2024 22:00,EST,CAPITL,61757,69.02,3.56,-9.97,1
12-12-2024 23:00,EST,CAPITL,61757,61.27,3.38,-2.44,1
13-12-2024 00:00,EST,CAPITL,61757,68.15,3.39,-9.27,1
13-12-2024 01:00,EST,CAPITL,61757,58.58,3.32,0,1
13-12-2024 02:00,EST,CAPITL,61757,58.06,3.08,0,1
13-12-2024 03:00,EST,CAPITL,61757,57.61,2.79,0,1
13-12-2024 04:00,EST,CAPITL,61757,58.01,2.97,0,1
13-12-2024 05:00,EST,CAPITL,61757,64.62,3.77,0,1
13-12-2024 06:00,EST,CAPITL,61757,92.11,5.7,0,1
13-12-2024 07:00,EST,CAPITL,61757,111.03,6.68,0,1
13-12-2024 08:00,EST,CAPITL,61757,87.34,5.02,0,1
13-12-2024 09:00,EST,CAPITL,61757,74.89,4.04,0,1
13-12-2024 10:00,EST,CAPITL,61757,73.83,3.91,0,1
13-12-2024 11:00,EST,CAPITL,61757,67.36,3.5,-1.25,1
13-12-2024 12:00,EST,CAPITL,61757,66.4,3.24,-4.15,1
13-12-2024 13:00,EST,CAPITL,61757,67.77,3.59,-1.16,1
13-12-2024 14:00,EST,CAPITL,61757,72.18,3.83,0,1
13-12-2024 15:00,EST,CAPITL,61757,88.76,5.02,0,1
13-12-2024 16:00,EST,CAPITL,61757,96.19,5.53,0,1
13-12-2024 17:00,EST,CAPITL,61757,129.42,7.67,0,1
13-12-2024 18:00,EST,CAPITL,61757,134.48,7.61,0,1
13-12-2024 19:00,EST,CAPITL,61757,106.64,6.04,0,1
13-12-2024 20:00,EST,CAPITL,61757,96.05,5.7,0,1
13-12-2024 21:00,EST,CAPITL,61757,85.44,4.99,0,1
13-12-2024 22:00,EST,CAPITL,61757,88.12,4.91,0,1
13-12-2024 23:00,EST,CAPITL,61757,78.99,4.26,0,1
14-12-2024 00:00,EST,CAPITL,61757,76.91,4.21,0,1
14-12-2024 01:00,EST,CAPITL,61757,74.59,3.95,0,1
14-12-2024 02:00,EST,CAPITL,61757,70.82,3.75,0,1
14-12-2024 03:00,EST,CAPITL,61757,64.84,3.32,0,1
14-12-2024 04:00,EST,CAPITL,61757,70.38,3.67,0,1
14-12-2024 05:00,EST,CAPITL,61757,72.91,3.93,0,1
14-12-2024 06:00,EST,CAPITL,61757,76.3,4.25,0,1
14-12-2024 07:00,EST,CAPITL,61757,77.43,4.17,0,1
14-12-2024 08:00,EST,CAPITL,61757,82.2,4.43,0,1
14-12-2024 09:00,EST,CAPITL,61757,68.13,3.24,0,1
14-12-2024 10:00,EST,CAPITL,61757,59.96,2.58,0,1
14-12-2024 11:00,EST,CAPITL,61757,56.5,2.07,0,1
14-12-2024 12:00,EST,CAPITL,61757,56.34,2.01,0,1
14-12-2024 13:00,EST,CAPITL,61757,56.17,1.95,0,1
14-12-2024 14:00,EST,CAPITL,61757,56.19,2.16,0,1
14-12-2024 15:00,EST,CAPITL,61757,59.35,2.88,0,1
14-12-2024 16:00,EST,CAPITL,61757,67.68,3.47,0,1
14-12-2024 17:00,EST,CAPITL,61757,86.53,4.98,0,1
14-12-2024 18:00,EST,CAPITL,61757,78.54,4.37,0,1
14-12-2024 19:00,EST,CAPITL,61757,72.27,4.03,0,1
14-12-2024 20:00,EST,CAPITL,61757,66.52,3.71,0,1
14-12-2024 21:00,EST,CAPITL,61757,62.92,3.5,0,1
14-12-2024 22:00,EST,CAPITL,61757,65.04,3.62,0,1
14-12-2024 23:00,EST,CAPITL,61757,61.16,3.24,0,1
15-12-2024 00:00,EST,CAPITL,61757,64.91,3.12,-5.07,1
15-12-2024 01:00,EST,CAPITL,61757,57.55,2.89,0,1
15-12-2024 02:00,EST,CAPITL,61757,56.94,2.56,0,1
15-12-2024 03:00,EST,CAPITL,61757,51.97,2.24,0,1
15-12-2024 04:00,EST,CAPITL,61757,53.56,2.5,0,1
15-12-2024 05:00,EST,CAPITL,61757,57.11,2.62,0,1
15-12-2024 06:00,EST,CAPITL,61757,57.21,2.72,0,1
15-12-2024 07:00,EST,CAPITL,61757,57.22,2.67,0,1
15-12-2024 08:00,EST,CAPITL,61757,57.78,2.96,0,1
15-12-2024 09:00,EST,CAPITL,61757,55.26,2.48,0,1
15-12-2024 10:00,EST,CAPITL,61757,50.61,1.9,0,1
15-12-2024 11:00,EST,CAPITL,61757,50.08,1.88,0,1
15-12-2024 12:00,EST,CAPITL,61757,52.29,2.01,0,1
15-12-2024 13:00,EST,CAPITL,61757,53.35,2.15,0,1
15-12-2024 14:00,EST,CAPITL,61757,53.31,2.05,0,1
15-12-2024 15:00,EST,CAPITL,61757,54.1,2.38,0,1
15-12-2024 16:00,EST,CAPITL,61757,57.17,2.57,0,1
15-12-2024 17:00,EST,CAPITL,61757,64.98,3.68,0,1
15-12-2024 18:00,EST,CAPITL,61757,58.36,3.2,0,1
15-12-2024 19:00,EST,CAPITL,61757,57.2,2.67,0,1
15-12-2024 20:00,EST,CAPITL,61757,55.53,2.54,0,1
15-12-2024 21:00,EST,CAPITL,61757,50.75,2.28,0,1
15-12-2024 22:00,EST,CAPITL,61757,50.84,2.33,0,1
15-12-2024 23:00,EST,CAPITL,61757,48.11,2.12,0,1
16-12-2024 00:00,EST,CAPITL,61757,47.04,1.98,0,1
16-12-2024 01:00,EST,CAPITL,61757,44.53,1.92,0,1
16-12-2024 02:00,EST,CAPITL,61757,42.89,1.81,0,1
16-12-2024 03:00,EST,CAPITL,61757,44.39,1.75,0,1
16-12-2024 04:00,EST,CAPITL,61757,44.41,1.79,0,1
16-12-2024 05:00,EST,CAPITL,61757,46.57,2.09,0,1
16-12-2024 06:00,EST,CAPITL,61757,54.16,2.43,0,1
16-12-2024 07:00,EST,CAPITL,61757,57,2.56,0,1
16-12-2024 08:00,EST,CAPITL,61757,57.49,2.89,0,1
16-12-2024 09:00,EST,CAPITL,61757,59.2,2.96,-1.37,1
16-12-2024 10:00,EST,CAPITL,61757,57.11,2.56,0,1
16-12-2024 11:00,EST,CAPITL,61757,56.82,2.5,0,1
16-12-2024 12:00,EST,CAPITL,61757,56.04,2.42,0,1
16-12-2024 13:00,EST,CAPITL,61757,56.23,2.37,0,1
16-12-2024 14:00,EST,CAPITL,61757,55.56,2.39,0,1
16-12-2024 15:00,EST,CAPITL,61757,57.11,2.62,0,1
16-12-2024 16:00,EST,CAPITL,61757,57.55,2.84,0,1
16-12-2024 17:00,EST,CAPITL,61757,66.9,3.09,-8.61,1
16-12-2024 18:00,EST,CAPITL,61757,61.62,3.08,-3.5,1
16-12-2024 19:00,EST,CAPITL,61757,56.5,2.74,0,1
16-12-2024 20:00,EST,CAPITL,61757,53.86,2.52,0,1
16-12-2024 21:00,EST,CAPITL,61757,47.08,2.24,0,1
16-12-2024 22:00,EST,CAPITL,61757,44.45,2.2,0,1
16-12-2024 23:00,EST,CAPITL,61757,40.87,1.95,0,1
17-12-2024 00:00,EST,CAPITL,61757,43.83,2.09,0,1
17-12-2024 01:00,EST,CAPITL,61757,43.33,2,-1.33,1
17-12-2024 02:00,EST,CAPITL,61757,42.29,1.78,-3.45,1
17-12-2024 03:00,EST,CAPITL,61757,40.78,1.6,-4.34,1
17-12-2024 04:00,EST,CAPITL,61757,39.81,1.75,-0.84,1
17-12-2024 05:00,EST,CAPITL,61757,40.35,1.88,0,1
17-12-2024 06:00,EST,CAPITL,61757,47.77,2.32,0,1
17-12-2024 07:00,EST,CAPITL,61757,54.76,2.46,0,1
17-12-2024 08:00,EST,CAPITL,61757,53.1,2.43,0,1
17-12-2024 09:00,EST,CAPITL,61757,51.08,2.2,0,1
17-12-2024 10:00,EST,CAPITL,61757,47.44,1.87,0,1
17-12-2024 11:00,EST,CAPITL,61757,45.98,1.77,0,1
17-12-2024 12:00,EST,CAPITL,61757,45.47,1.66,0,1
17-12-2024 13:00,EST,CAPITL,61757,45.59,1.71,0,1
17-12-2024 14:00,EST,CAPITL,61757,47.01,1.76,0,1
17-12-2024 15:00,EST,CAPITL,61757,49.76,2.01,0,1
17-12-2024 16:00,EST,CAPITL,61757,56.48,2.54,0,1
17-12-2024 17:00,EST,CAPITL,61757,64.93,3.27,0,1
17-12-2024 18:00,EST,CAPITL,61757,60.8,2.95,0,1
17-12-2024 19:00,EST,CAPITL,61757,58.13,2.39,0,1
17-12-2024 20:00,EST,CAPITL,61757,54.18,2.13,0,1
17-12-2024 21:00,EST,CAPITL,61757,49.15,1.98,0,1
17-12-2024 22:00,EST,CAPITL,61757,44.92,1.68,0,1
17-12-2024 23:00,EST,CAPITL,61757,40.34,1.44,0,1
18-12-2024 00:00,EST,CAPITL,61757,38.46,1.16,0,1
18-12-2024 01:00,EST,CAPITL,61757,36.73,1.17,0,1
18-12-2024 02:00,EST,CAPITL,61757,36.84,1.07,0,1
18-12-2024 03:00,EST,CAPITL,61757,36.93,1,0,1
18-12-2024 04:00,EST,CAPITL,61757,37.12,1.01,0,1
18-12-2024 05:00,EST,CAPITL,61757,42.1,1.23,0,1
18-12-2024 06:00,EST,CAPITL,61757,51.09,1.73,0,1
18-12-2024 07:00,EST,CAPITL,61757,57.57,2.27,0,1
18-12-2024 08:00,EST,CAPITL,61757,56.01,1.63,0,1
18-12-2024 09:00,EST,CAPITL,61757,48.02,1.17,0,1
18-12-2024 10:00,EST,CAPITL,61757,45.19,0.93,0,1
18-12-2024 11:00,EST,CAPITL,61757,43.25,0.97,0,1
18-12-2024 12:00,EST,CAPITL,61757,44.05,0.91,0,1
18-12-2024 13:00,EST,CAPITL,61757,47.71,0.98,0,1
18-12-2024 14:00,EST,CAPITL,61757,51.2,1.2,0,1
18-12-2024 15:00,EST,CAPITL,61757,54.45,1.54,0,1
18-12-2024 16:00,EST,CAPITL,61757,58.73,2.37,0,1
18-12-2024 17:00,EST,CAPITL,61757,68.69,3.02,0,1
18-12-2024 18:00,EST,CAPITL,61757,62.76,2.76,0,1
18-12-2024 19:00,EST,CAPITL,61757,57.12,2.35,0,1
18-12-2024 20:00,EST,CAPITL,61757,53.74,1.97,0,1
18-12-2024 21:00,EST,CAPITL,61757,48.77,1.69,0,1
18-12-2024 22:00,EST,CAPITL,61757,44.9,1.39,0,1
18-12-2024 23:00,EST,CAPITL,61757,41.17,1.39,0,1
19-12-2024 00:00,EST,CAPITL,61757,36.3,1.26,0,1
19-12-2024 01:00,EST,CAPITL,61757,34.36,1.16,0,1
19-12-2024 02:00,EST,CAPITL,61757,33.84,1.17,0,1
19-12-2024 03:00,EST,CAPITL,61757,33.75,1.17,0,1
19-12-2024 04:00,EST,CAPITL,61757,34.35,1.19,0,1
19-12-2024 05:00,EST,CAPITL,61757,39.9,1.46,0,1
19-12-2024 06:00,EST,CAPITL,61757,52.42,2.11,0,1
19-12-2024 07:00,EST,CAPITL,61757,59.21,2.76,0,1
19-12-2024 08:00,EST,CAPITL,61757,56.04,2,0,1
19-12-2024 09:00,EST,CAPITL,61757,46.18,1.34,0,1
19-12-2024 10:00,EST,CAPITL,61757,47.71,1.48,0,1
19-12-2024 11:00,EST,CAPITL,61757,47.86,1.3,0,1
19-12-2024 12:00,EST,CAPITL,61757,45.94,1.25,0,1
19-12-2024 13:00,EST,CAPITL,61757,48.17,1.36,0,1
19-12-2024 14:00,EST,CAPITL,61757,50.65,1.52,0,1
19-12-2024 15:00,EST,CAPITL,61757,56.5,2.07,0,1
19-12-2024 16:00,EST,CAPITL,61757,63.15,2.78,0,1
19-12-2024 17:00,EST,CAPITL,61757,77.7,3.42,0,1
19-12-2024 18:00,EST,CAPITL,61757,70.2,3.09,0,1
19-12-2024 19:00,EST,CAPITL,61757,65.14,2.98,0,1
19-12-2024 20:00,EST,CAPITL,61757,60.62,2.72,0,1
19-12-2024 21:00,EST,CAPITL,61757,56.61,2.23,0,1
19-12-2024 22:00,EST,CAPITL,61757,52.75,1.88,0,1
19-12-2024 23:00,EST,CAPITL,61757,48.11,1.67,0,1
20-12-2024 00:00,EST,CAPITL,61757,47.16,1.82,0,1
20-12-2024 01:00,EST,CAPITL,61757,43.06,1.66,0,1
20-12-2024 02:00,EST,CAPITL,61757,40.74,1.53,0,1
20-12-2024 03:00,EST,CAPITL,61757,39.27,1.44,0,1
20-12-2024 04:00,EST,CAPITL,61757,40.38,1.48,0,1
20-12-2024 05:00,EST,CAPITL,61757,45.84,1.72,0,1
20-12-2024 06:00,EST,CAPITL,61757,55.3,2.28,0,1
20-12-2024 07:00,EST,CAPITL,61757,59.96,2.69,0,1
20-12-2024 08:00,EST,CAPITL,61757,64.06,2.99,0,1
20-12-2024 09:00,EST,CAPITL,61757,63.84,3.04,0,1
20-12-2024 10:00,EST,CAPITL,61757,74.79,3.63,0,1
20-12-2024 11:00,EST,CAPITL,61757,77.43,3.96,0,1
20-12-2024 12:00,EST,CAPITL,61757,74.01,3.59,0,1
20-12-2024 13:00,EST,CAPITL,61757,75,3.64,0,1
20-12-2024 14:00,EST,CAPITL,61757,72.56,3.39,0,1
20-12-2024 15:00,EST,CAPITL,61757,77.38,3.89,0,1
20-12-2024 16:00,EST,CAPITL,61757,73.35,3.23,0,1
20-12-2024 17:00,EST,CAPITL,61757,84.31,3.86,0,1
20-12-2024 18:00,EST,CAPITL,61757,75.57,3.46,0,1
20-12-2024 19:00,EST,CAPITL,61757,70.35,3.29,0,1
20-12-2024 20:00,EST,CAPITL,61757,66.65,2.99,0,1
20-12-2024 21:00,EST,CAPITL,61757,65.01,3.04,0,1
20-12-2024 22:00,EST,CAPITL,61757,63.1,2.95,0,1
20-12-2024 23:00,EST,CAPITL,61757,58.83,2.69,0,1
21-12-2024 00:00,EST,CAPITL,61757,65.3,3.28,0,1
21-12-2024 01:00,EST,CAPITL,61757,58.04,2.92,0,1
21-12-2024 02:00,EST,CAPITL,61757,57.05,2.56,0,1
21-12-2024 03:00,EST,CAPITL,61757,56.66,2.39,0,1
21-12-2024 04:00,EST,CAPITL,61757,56.83,2.45,0,1
21-12-2024 05:00,EST,CAPITL,61757,56.72,2.34,0,1
21-12-2024 06:00,EST,CAPITL,61757,57.62,2.74,0,1
21-12-2024 07:00,EST,CAPITL,61757,61.71,3.05,0,1
21-12-2024 08:00,EST,CAPITL,61757,66.13,3.56,0,1
21-12-2024 09:00,EST,CAPITL,61757,72.99,3.78,-2.91,1
21-12-2024 10:00,EST,CAPITL,61757,118.74,4.07,-40.58,1
21-12-2024 11:00,EST,CAPITL,61757,119.14,3.38,-51.91,1
21-12-2024 12:00,EST,CAPITL,61757,119.81,3.18,-55.39,1
21-12-2024 13:00,EST,CAPITL,61757,123.74,3.1,-62.16,1
21-12-2024 14:00,EST,CAPITL,61757,127.12,2.93,-68.92,1
21-12-2024 15:00,EST,CAPITL,61757,152.96,3.39,-90.13,1
21-12-2024 16:00,EST,CAPITL,61757,168.91,4.18,-92.59,1
21-12-2024 17:00,EST,CAPITL,61757,202.47,5.52,-106.52,1
21-12-2024 18:00,EST,CAPITL,61757,191.59,5.48,-96.34,1
21-12-2024 19:00,EST,CAPITL,61757,170.16,4.6,-88.8,1
21-12-2024 20:00,EST,CAPITL,61757,161.57,4.56,-81.04,1
21-12-2024 21:00,EST,CAPITL,61757,144.91,3.76,-76.29,1
21-12-2024 22:00,EST,CAPITL,61757,135.14,4.5,-54.44,1
21-12-2024 23:00,EST,CAPITL,61757,124.64,4.13,-48.1,1
22-12-2024 00:00,EST,CAPITL,61757,143.13,4.47,-60.12,1
22-12-2024 01:00,EST,CAPITL,61757,130,4.6,-49.95,1
22-12-2024 02:00,EST,CAPITL,61757,123.16,4.86,-38.6,1
22-12-2024 03:00,EST,CAPITL,61757,109.82,4.57,-29.06,1
22-12-2024 04:00,EST,CAPITL,61757,114.84,4.96,-28.6,1
22-12-2024 05:00,EST,CAPITL,61757,124.71,4.8,-39.84,1
22-12-2024 06:00,EST,CAPITL,61757,146.39,4.86,-56.17,1
22-12-2024 07:00,EST,CAPITL,61757,157.15,4.97,-64.86,1
22-12-2024 08:00,EST,CAPITL,61757,195.95,6.41,-86.21,1
22-12-2024 09:00,EST,CAPITL,61757,150.45,5.94,-43.87,1
22-12-2024 10:00,EST,CAPITL,61757,142.04,5.54,-37.56,1
22-12-2024 11:00,EST,CAPITL,61757,137.06,5.43,-32.88,1
22-12-2024 12:00,EST,CAPITL,61757,138.56,5.05,-38.22,1
22-12-2024 13:00,EST,CAPITL,61757,139.42,5.31,-37.48,1
22-12-2024 14:00,EST,CAPITL,61757,149.06,5.41,-46.95,1
22-12-2024 15:00,EST,CAPITL,61757,155.57,7.42,-22.44,1
22-12-2024 16:00,EST,CAPITL,61757,213,9.08,-52.66,1
22-12-2024 17:00,EST,CAPITL,61757,310.45,10.88,-124.2,1
22-12-2024 18:00,EST,CAPITL,61757,302.16,9.62,-134.8,1
22-12-2024 19:00,EST,CAPITL,61757,250.14,9.34,-87.68,1
22-12-2024 20:00,EST,CAPITL,61757,220.25,8.56,-69.03,1
22-12-2024 21:00,EST,CAPITL,61757,173.88,6.23,-62.04,1
22-12-2024 22:00,EST,CAPITL,61757,170.02,6.47,-51.91,1
22-12-2024 23:00,EST,CAPITL,61757,207.92,5.38,-109.74,1
23-12-2024 00:00,EST,CAPITL,61757,144.84,6.63,-21.87,1
23-12-2024 01:00,EST,CAPITL,61757,142.24,6.02,-28.72,1
23-12-2024 02:00,EST,CAPITL,61757,138.28,5.85,-29.73,1
23-12-2024 03:00,EST,CAPITL,61757,138.8,5.48,-35.41,1
23-12-2024 04:00,EST,CAPITL,61757,148.76,5.09,-55.87,1
23-12-2024 05:00,EST,CAPITL,61757,154.74,5.88,-50.84,1
23-12-2024 06:00,EST,CAPITL,61757,254.22,8.86,-100.08,1
23-12-2024 07:00,EST,CAPITL,61757,301.31,8.61,-149.25,1
23-12-2024 08:00,EST,CAPITL,61757,310.85,8.5,-163.03,1
23-12-2024 09:00,EST,CAPITL,61757,219.27,7.95,-76.52,1
23-12-2024 10:00,EST,CAPITL,61757,165.13,4.78,-75.01,1
23-12-2024 11:00,EST,CAPITL,61757,161.34,4.64,-70.8,1
23-12-2024 12:00,EST,CAPITL,61757,160.83,4.42,-74.45,1
23-12-2024 13:00,EST,CAPITL,61757,156.24,4.33,-65.34,1
23-12-2024 14:00,EST,CAPITL,61757,164.87,4.12,-81.56,1
23-12-2024 15:00,EST,CAPITL,61757,157,4.78,-60.28,1
23-12-2024 16:00,EST,CAPITL,61757,187.19,4.78,-96.98,1
23-12-2024 17:00,EST,CAPITL,61757,214.34,5.28,-116.43,1
23-12-2024 18:00,EST,CAPITL,61757,210.63,5.12,-115.57,1
23-12-2024 19:00,EST,CAPITL,61757,192.78,4.54,-107.11,1
23-12-2024 20:00,EST,CAPITL,61757,176.3,4.26,-93.17,1
23-12-2024 21:00,EST,CAPITL,61757,159.8,4,-80.28,1
23-12-2024 22:00,EST,CAPITL,61757,151.18,4.67,-54.91,1
23-12-2024 23:00,EST,CAPITL,61757,151.31,3.85,-71.94,1
24-12-2024 00:00,EST,CAPITL,61757,130.4,2.79,-71.7,1
24-12-2024 01:00,EST,CAPITL,61757,116.53,2.96,-58.63,1
24-12-2024 02:00,EST,CAPITL,61757,112.43,3.51,-45.04,1
24-12-2024 03:00,EST,CAPITL,61757,110.35,3.23,-46.17,1
24-12-2024 04:00,EST,CAPITL,61757,113.56,3.96,-37.46,1
24-12-2024 05:00,EST,CAPITL,61757,113.97,4.13,-34.77,1
24-12-2024 06:00,EST,CAPITL,61757,136.3,4.47,-50.45,1
24-12-2024 07:00,EST,CAPITL,61757,153.88,3.84,-77.55,1
24-12-2024 08:00,EST,CAPITL,61757,152.86,4.31,-74.12,1
24-12-2024 09:00,EST,CAPITL,61757,153.97,5.34,-56.45,1
24-12-2024 10:00,EST,CAPITL,61757,108.87,5.59,-3.33,1
24-12-2024 11:00,EST,CAPITL,61757,102.62,4.98,-5.28,1
24-12-2024 12:00,EST,CAPITL,61757,98.78,4.6,-7.24,1
24-12-2024 13:00,EST,CAPITL,61757,94.91,4.58,-3.83,1
24-12-2024 14:00,EST,CAPITL,61757,89.85,4.3,-5.94,1
24-12-2024 15:00,EST,CAPITL,61757,90.82,4.8,-0.21,1
24-12-2024 16:00,EST,CAPITL,61757,102.75,4.93,-9.78,1
24-12-2024 17:00,EST,CAPITL,61757,114.39,6.04,-5.98,1
24-12-2024 18:00,EST,CAPITL,61757,106.53,5.4,-8.05,1
24-12-2024 19:00,EST,CAPITL,61757,102.03,4.47,-19.05,1
24-12-2024 20:00,EST,CAPITL,61757,98.01,4.23,-20.86,1
24-12-2024 21:00,EST,CAPITL,61757,88.93,4.16,-11.7,1
24-12-2024 22:00,EST,CAPITL,61757,77.41,4.03,0,1
24-12-2024 23:00,EST,CAPITL,61757,77.84,3.92,0,1
25-12-2024 00:00,EST,CAPITL,61757,82.05,4.35,0,1
25-12-2024 01:00,EST,CAPITL,61757,68.84,3.4,0,1
25-12-2024 02:00,EST,CAPITL,61757,62.27,3.13,0,1
25-12-2024 03:00,EST,CAPITL,61757,57.17,2.62,0,1
25-12-2024 04:00,EST,CAPITL,61757,59.04,2.86,0,1
25-12-2024 05:00,EST,CAPITL,61757,62.5,3.09,0,1
25-12-2024 06:00,EST,CAPITL,61757,59.68,3,0,1
25-12-2024 07:00,EST,CAPITL,61757,66.65,3.29,0,1
25-12-2024 08:00,EST,CAPITL,61757,68.44,3.57,0,1
25-12-2024 09:00,EST,CAPITL,61757,62.84,3.1,0,1
25-12-2024 10:00,EST,CAPITL,61757,61.84,2.89,0,1
25-12-2024 11:00,EST,CAPITL,61757,59.36,2.72,0,1
25-12-2024 12:00,EST,CAPITL,61757,58.18,2.56,0,1
25-12-2024 13:00,EST,CAPITL,61757,57.77,2.54,0,1
25-12-2024 14:00,EST,CAPITL,61757,58.29,2.67,0,1
25-12-2024 15:00,EST,CAPITL,61757,66.57,3.23,0,1
25-12-2024 16:00,EST,CAPITL,61757,72.77,3.66,0,1
25-12-2024 17:00,EST,CAPITL,61757,95.46,4.97,0,1
25-12-2024 18:00,EST,CAPITL,61757,92.54,4.99,0,1
25-12-2024 19:00,EST,CAPITL,61757,76.48,3.92,0,1
25-12-2024 20:00,EST,CAPITL,61757,76.48,3.92,0,1
25-12-2024 21:00,EST,CAPITL,61757,70.23,3.47,0,1
25-12-2024 22:00,EST,CAPITL,61757,71.06,3.38,0,1
25-12-2024 23:00,EST,CAPITL,61757,69.46,3.18,0,1
26-12-2024 00:00,EST,CAPITL,61757,100,5.12,0,1
26-12-2024 01:00,EST,CAPITL,61757,89.01,4.56,0,1
26-12-2024 02:00,EST,CAPITL,61757,81.18,4.08,0,1
26-12-2024 03:00,EST,CAPITL,61757,79.94,3.95,0,1
26-12-2024 04:00,EST,CAPITL,61757,79.82,4.09,0,1
26-12-2024 05:00,EST,CAPITL,61757,92.06,4.8,0,1
26-12-2024 06:00,EST,CAPITL,61757,132,7.23,0,1
26-12-2024 07:00,EST,CAPITL,61757,180,7.55,-46.52,1
26-12-2024 08:00,EST,CAPITL,61757,146.09,8.14,0,1
26-12-2024 09:00,EST,CAPITL,61757,137.47,7.53,0,1
26-12-2024 10:00,EST,CAPITL,61757,130,7.12,0,1
26-12-2024 11:00,EST,CAPITL,61757,114.23,5.95,0,1
26-12-2024 12:00,EST,CAPITL,61757,99.52,5.27,0,1
26-12-2024 13:00,EST,CAPITL,61757,93.4,4.95,0,1
26-12-2024 14:00,EST,CAPITL,61757,115.58,6.33,0,1
26-12-2024 15:00,EST,CAPITL,61757,111.47,6.01,0,1
26-12-2024 16:00,EST,CAPITL,61757,125.3,7.09,0,1
26-12-2024 17:00,EST,CAPITL,61757,134.31,7.36,0,1
26-12-2024 18:00,EST,CAPITL,61757,130.51,7.15,0,1
26-12-2024 19:00,EST,CAPITL,61757,120.95,6.74,0,1
26-12-2024 20:00,EST,CAPITL,61757,118.18,6.48,0,1
26-12-2024 21:00,EST,CAPITL,61757,111,6.18,0,1
26-12-2024 22:00,EST,CAPITL,61757,102.67,5.53,0,1
26-12-2024 23:00,EST,CAPITL,61757,101.64,5.48,0,1
27-12-2024 00:00,EST,CAPITL,61757,91.85,5.03,0,1
27-12-2024 01:00,EST,CAPITL,61757,78.82,4.18,0,1
27-12-2024 02:00,EST,CAPITL,61757,73.65,3.84,0,1
27-12-2024 03:00,EST,CAPITL,61757,71.69,3.73,0,1
27-12-2024 04:00,EST,CAPITL,61757,74.49,3.95,0,1
27-12-2024 05:00,EST,CAPITL,61757,83.56,4.65,0,1
27-12-2024 06:00,EST,CAPITL,61757,90.23,5.03,0,1
27-12-2024 07:00,EST,CAPITL,61757,133.51,5.34,-37.64,1
27-12-2024 08:00,EST,CAPITL,61757,155,5.67,-53.15,1
27-12-2024 09:00,EST,CAPITL,61757,109.9,5.68,-7.95,1
27-12-2024 10:00,EST,CAPITL,61757,79.29,4.13,0,1
27-12-2024 11:00,EST,CAPITL,61757,70.26,3.47,0,1
27-12-2024 12:00,EST,CAPITL,61757,69.89,3.45,0,1
27-12-2024 13:00,EST,CAPITL,61757,68.72,3.46,0,1
27-12-2024 14:00,EST,CAPITL,61757,71.84,3.61,0,1
27-12-2024 15:00,EST,CAPITL,61757,77.25,3.89,0,1
27-12-2024 16:00,EST,CAPITL,61757,79.84,4.3,0,1
27-12-2024 17:00,EST,CAPITL,61757,85.29,4.67,0,1
27-12-2024 18:00,EST,CAPITL,61757,89.44,4.98,0,1
27-12-2024 19:00,EST,CAPITL,61757,76.49,4.05,0,1
27-12-2024 20:00,EST,CAPITL,61757,75.94,4.09,0,1
27-12-2024 21:00,EST,CAPITL,61757,69.17,3.73,0,1
27-12-2024 22:00,EST,CAPITL,61757,63.77,3.32,0,1
27-12-2024 23:00,EST,CAPITL,61757,68.49,3.69,0,1
28-12-2024 00:00,EST,CAPITL,61757,56.77,2.5,0,1
28-12-2024 01:00,EST,CAPITL,61757,52.83,2.08,0,1
28-12-2024 02:00,EST,CAPITL,61757,47.66,1.92,0,1
28-12-2024 03:00,EST,CAPITL,61757,46.65,1.84,0,1
28-12-2024 04:00,EST,CAPITL,61757,44.07,1.74,0,1
28-12-2024 05:00,EST,CAPITL,61757,46.19,1.86,0,1
28-12-2024 06:00,EST,CAPITL,61757,46.95,1.98,0,1
28-12-2024 07:00,EST,CAPITL,61757,42.4,1.75,0,1
28-12-2024 08:00,EST,CAPITL,61757,49.11,2.12,0,1
28-12-2024 09:00,EST,CAPITL,61757,52.58,2.27,0,1
28-12-2024 10:00,EST,CAPITL,61757,51.7,2.08,0,1
28-12-2024 11:00,EST,CAPITL,61757,50.01,1.97,0,1
28-12-2024 12:00,EST,CAPITL,61757,49.52,1.91,0,1
28-12-2024 13:00,EST,CAPITL,61757,47.89,1.8,0,1
28-12-2024 14:00,EST,CAPITL,61757,49.42,1.9,0,1
28-12-2024 15:00,EST,CAPITL,61757,50.25,1.88,0,1
28-12-2024 16:00,EST,CAPITL,61757,53.71,2.12,0,1
28-12-2024 17:00,EST,CAPITL,61757,57.28,2.57,0,1
28-12-2024 18:00,EST,CAPITL,61757,53.99,2.27,0,1
28-12-2024 19:00,EST,CAPITL,61757,51.9,2.09,0,1
28-12-2024 20:00,EST,CAPITL,61757,49.85,2.01,0,1
28-12-2024 21:00,EST,CAPITL,61757,47.2,1.82,0,1
28-12-2024 22:00,EST,CAPITL,61757,44.1,1.57,0,1
28-12-2024 23:00,EST,CAPITL,61757,42.86,1.41,0,1
29-12-2024 00:00,EST,CAPITL,61757,33.35,1.22,0,1
29-12-2024 01:00,EST,CAPITL,61757,31.79,1.1,0,1
29-12-2024 02:00,EST,CAPITL,61757,31.9,1.08,0,1
29-12-2024 03:00,EST,CAPITL,61757,31.16,1.03,0,1
29-12-2024 04:00,EST,CAPITL,61757,31.09,1.02,0,1
29-12-2024 05:00,EST,CAPITL,61757,31.95,1.05,0,1
29-12-2024 06:00,EST,CAPITL,61757,32.55,1.16,0,1
29-12-2024 07:00,EST,CAPITL,61757,31.77,1.16,0,1
29-12-2024 08:00,EST,CAPITL,61757,33.76,1.3,0,1
29-12-2024 09:00,EST,CAPITL,61757,36.95,1.42,0,1
29-12-2024 10:00,EST,CAPITL,61757,36.85,1.32,0,1
29-12-2024 11:00,EST,CAPITL,61757,36.88,1.35,0,1
29-12-2024 12:00,EST,CAPITL,61757,37.39,1.37,0,1
29-12-2024 13:00,EST,CAPITL,61757,36.76,1.38,0,1
29-12-2024 14:00,EST,CAPITL,61757,36.71,1.45,0,1
29-12-2024 15:00,EST,CAPITL,61757,36.44,1.5,0,1
29-12-2024 16:00,EST,CAPITL,61757,40.43,1.74,0,1
29-12-2024 17:00,EST,CAPITL,61757,43.71,2,0,1
29-12-2024 18:00,EST,CAPITL,61757,39.74,1.78,0,1
29-12-2024 19:00,EST,CAPITL,61757,38.07,1.67,0,1
29-12-2024 20:00,EST,CAPITL,61757,35.72,1.57,0,1
29-12-2024 21:00,EST,CAPITL,61757,32.83,1.38,0,1
29-12-2024 22:00,EST,CAPITL,61757,30.75,1.18,0,1
29-12-2024 23:00,EST,CAPITL,61757,29.67,1.09,0,1
30-12-2024 00:00,EST,CAPITL,61757,27.22,1.15,0,1
30-12-2024 01:00,EST,CAPITL,61757,24.29,1,0,1
30-12-2024 02:00,EST,CAPITL,61757,22.41,0.9,0,1
30-12-2024 03:00,EST,CAPITL,61757,22.16,0.87,0,1
30-12-2024 04:00,EST,CAPITL,61757,23.93,0.96,0,1
30-12-2024 05:00,EST,CAPITL,61757,27.68,1.04,0,1
30-12-2024 06:00,EST,CAPITL,61757,31.75,1.1,0,1
30-12-2024 07:00,EST,CAPITL,61757,33.76,1.42,0,1
30-12-2024 08:00,EST,CAPITL,61757,35.7,1.57,0,1
30-12-2024 09:00,EST,CAPITL,61757,35.96,1.51,0,1
30-12-2024 10:00,EST,CAPITL,61757,32.94,1.33,0,1
30-12-2024 11:00,EST,CAPITL,61757,32.41,1.25,0,1
30-12-2024 12:00,EST,CAPITL,61757,32.57,1.28,0,1
30-12-2024 13:00,EST,CAPITL,61757,32.95,1.33,0,1
30-12-2024 14:00,EST,CAPITL,61757,34.56,1.36,0,1
30-12-2024 15:00,EST,CAPITL,61757,36.99,1.52,0,1
30-12-2024 16:00,EST,CAPITL,61757,40.99,1.84,0,1
30-12-2024 17:00,EST,CAPITL,61757,49.46,2.31,0,1
30-12-2024 18:00,EST,CAPITL,61757,45.04,2.1,0,1
30-12-2024 19:00,EST,CAPITL,61757,42.67,1.95,0,1
30-12-2024 20:00,EST,CAPITL,61757,38.87,1.68,0,1
30-12-2024 21:00,EST,CAPITL,61757,35.61,1.57,0,1
30-12-2024 22:00,EST,CAPITL,61757,32.44,1.51,0,1
30-12-2024 23:00,EST,CAPITL,61757,31.74,1.48,0,1
31-12-2024 00:00,EST,CAPITL,61757,28.85,1.08,0,1
31-12-2024 01:00,EST,CAPITL,61757,27.87,1,0,1
31-12-2024 02:00,EST,CAPITL,61757,27.67,0.96,0,1
31-12-2024 03:00,EST,CAPITL,61757,28.57,1.02,0,1
31-12-2024 04:00,EST,CAPITL,61757,29.72,1.09,0,1
31-12-2024 05:00,EST,CAPITL,61757,32.84,1.11,0,1
31-12-2024 06:00,EST,CAPITL,61757,38.41,1.48,0,1
31-12-2024 07:00,EST,CAPITL,61757,43.24,1.66,0,1
31-12-2024 08:00,EST,CAPITL,61757,41,1.5,0,1
31-12-2024 09:00,EST,CAPITL,61757,33.35,1.1,0,1
31-12-2024 10:00,EST,CAPITL,61757,33.01,0.99,0,1
31-12-2024 11:00,EST,CAPITL,61757,31.73,0.89,0,1
31-12-2024 12:00,EST,CAPITL,61757,31.73,0.89,0,1
31-12-2024 13:00,EST,CAPITL,61757,32.58,0.95,0,1
31-12-2024 14:00,EST,CAPITL,61757,36.95,1.04,0,1
31-12-2024 15:00,EST,CAPITL,61757,40.46,1.33,0,1
31-12-2024 16:00,EST,CAPITL,61757,45.83,1.81,0,1
31-12-2024 17:00,EST,CAPITL,61757,53.04,2.14,0,1
31-12-2024 18:00,EST,CAPITL,61757,49.43,2.04,0,1
31-12-2024 19:00,EST,CAPITL,61757,45,1.81,0,1
31-12-2024 20:00,EST,CAPITL,61757,43.41,1.59,0,1
31-12-2024 21:00,EST,CAPITL,61757,39.38,1.44,0,1
31-12-2024 22:00,EST,CAPITL,61757,37.16,1.33,0,1
31-12-2024 23:00,EST,CAPITL,61757,34.9,1.18,0,1
01-01-2025 00:00,EST,CAPITL,61757,33.19,1.34,0,1
01-01-2025 01:00,EST,CAPITL,61757,32.07,1.26,0,1
01-01-2025 02:00,EST,CAPITL,61757,30.05,1.18,0,1
01-01-2025 03:00,EST,CAPITL,61757,28.41,1.15,0,1
01-01-2025 04:00,EST,CAPITL,61757,28.3,1.11,0,1
01-01-2025 05:00,EST,CAPITL,61757,30.3,1.22,0,1
01-01-2025 06:00,EST,CAPITL,61757,31.1,1.34,0,1
01-01-2025 07:00,EST,CAPITL,61757,30.97,1.33,0,1
01-01-2025 08:00,EST,CAPITL,61757,33.43,1.53,0,1
01-01-2025 09:00,EST,CAPITL,61757,33.97,1.59,0,1
01-01-2025 10:00,EST,CAPITL,61757,37.03,1.76,0,1
01-01-2025 11:00,EST,CAPITL,61757,37.3,1.84,0,1
01-01-2025 12:00,EST,CAPITL,61757,38.14,1.92,0,1
01-01-2025 13:00,EST,CAPITL,61757,38.65,1.98,0,1
01-01-2025 14:00,EST,CAPITL,61757,38.96,1.92,0,1
01-01-2025 15:00,EST,CAPITL,61757,38.79,1.99,0,1
01-01-2025 16:00,EST,CAPITL,61757,41.82,2.1,0,1
01-01-2025 17:00,EST,CAPITL,61757,53.33,2.83,0,1
01-01-2025 18:00,EST,CAPITL,61757,45.86,2.39,0,1
01-01-2025 19:00,EST,CAPITL,61757,42.89,2.23,0,1
01-01-2025 20:00,EST,CAPITL,61757,40.35,2.1,0,1
01-01-2025 21:00,EST,CAPITL,61757,35.93,1.9,0,1
01-01-2025 22:00,EST,CAPITL,61757,33.1,1.69,0,1
01-01-2025 23:00,EST,CAPITL,61757,33.13,1.64,0,1
02-01-2025 00:00,EST,CAPITL,61757,36.8,1.88,0,1
02-01-2025 01:00,EST,CAPITL,61757,36.14,1.82,0,1
02-01-2025 02:00,EST,CAPITL,61757,33.17,1.64,0,1
02-01-2025 03:00,EST,CAPITL,61757,31.42,1.58,0,1
02-01-2025 04:00,EST,CAPITL,61757,34.17,1.75,0,1
02-01-2025 05:00,EST,CAPITL,61757,37.51,1.89,0,1
02-01-2025 06:00,EST,CAPITL,61757,48.14,2.17,-7.81,1
02-01-2025 07:00,EST,CAPITL,61757,86.76,2.33,-42.82,1
02-01-2025 08:00,EST,CAPITL,61757,82.97,2.37,-39.04,1
02-01-2025 09:00,EST,CAPITL,61757,53.58,2.34,-10.12,1
02-01-2025 10:00,EST,CAPITL,61757,48.98,2.39,-4.73,1
02-01-2025 11:00,EST,CAPITL,61757,47.25,2.33,-3.99,1
02-01-2025 12:00,EST,CAPITL,61757,44.85,2.24,-2.54,1
02-01-2025 13:00,EST,CAPITL,61757,46.55,2.36,-2.82,1
02-01-2025 14:00,EST,CAPITL,61757,49.96,2.34,-6.51,1
02-01-2025 15:00,EST,CAPITL,61757,61.62,2.38,-15.93,1
02-01-2025 16:00,EST,CAPITL,61757,79.44,2.82,-27.07,1
02-01-2025 17:00,EST,CAPITL,61757,113.19,3.25,-54.85,1
02-01-2025 18:00,EST,CAPITL,61757,84.29,3.25,-26,1
02-01-2025 19:00,EST,CAPITL,61757,91.92,2.85,-39.82,1
02-01-2025 20:00,EST,CAPITL,61757,72.16,2.79,-20.32,1
02-01-2025 21:00,EST,CAPITL,61757,60.84,2.61,-12.38,1
02-01-2025 22:00,EST,CAPITL,61757,45.69,2.42,0,1
02-01-2025 23:00,EST,CAPITL,61757,43.34,2.3,0,1
03-01-2025 00:00,EST,CAPITL,61757,43.46,2.07,0,1
03-01-2025 01:00,EST,CAPITL,61757,41.39,1.97,0,1
03-01-2025 02:00,EST,CAPITL,61757,40.68,1.9,0,1
03-01-2025 03:00,EST,CAPITL,61757,41.35,1.93,0,1
03-01-2025 04:00,EST,CAPITL,61757,42.65,2.03,0,1
03-01-2025 05:00,EST,CAPITL,61757,48.92,2.37,0,1
03-01-2025 06:00,EST,CAPITL,61757,56.9,2.96,0,1
03-01-2025 07:00,EST,CAPITL,61757,59.02,3.13,-0.91,1
03-01-2025 08:00,EST,CAPITL,61757,59.04,3.08,-0.92,1
03-01-2025 09:00,EST,CAPITL,61757,58.68,2.87,-1.66,1
03-01-2025 10:00,EST,CAPITL,61757,55.94,2.78,-0.65,1
03-01-2025 11:00,EST,CAPITL,61757,55.73,2.82,-0.65,1
03-01-2025 12:00,EST,CAPITL,61757,54.14,2.59,-0.71,1
03-01-2025 13:00,EST,CAPITL,61757,55.11,2.49,-0.75,1
03-01-2025 14:00,EST,CAPITL,61757,58.61,2.75,-0.88,1
03-01-2025 15:00,EST,CAPITL,61757,59.43,2.98,-1.19,1
03-01-2025 16:00,EST,CAPITL,61757,67.79,3.1,-9.37,1
03-01-2025 17:00,EST,CAPITL,61757,86.51,3.4,-24.5,1
03-01-2025 18:00,EST,CAPITL,61757,79.27,3.42,-17.92,1
03-01-2025 19:00,EST,CAPITL,61757,63.87,3.11,-5.27,1
03-01-2025 20:00,EST,CAPITL,61757,61.66,3.09,-3.3,1
03-01-2025 21:00,EST,CAPITL,61757,57.71,3.06,0,1
03-01-2025 22:00,EST,CAPITL,61757,57.2,2.98,0,1
03-01-2025 23:00,EST,CAPITL,61757,57.43,2.89,0,1
04-01-2025 00:00,EST,CAPITL,61757,54.93,2.96,0,1
04-01-2025 01:00,EST,CAPITL,61757,52.3,2.72,0,1
04-01-2025 02:00,EST,CAPITL,61757,50.28,2.66,0,1
04-01-2025 03:00,EST,CAPITL,61757,51.23,2.72,0,1
04-01-2025 04:00,EST,CAPITL,61757,51.54,2.78,0,1
04-01-2025 05:00,EST,CAPITL,61757,52.95,2.94,-0.09,1
04-01-2025 06:00,EST,CAPITL,61757,53.15,2.88,-0.66,1
04-01-2025 07:00,EST,CAPITL,61757,57.04,3.07,0,1
04-01-2025 08:00,EST,CAPITL,61757,65,3.18,-7,1
04-01-2025 09:00,EST,CAPITL,61757,71.29,3.31,-12.89,1
04-01-2025 10:00,EST,CAPITL,61757,71.08,3.32,-12.44,1
04-01-2025 11:00,EST,CAPITL,61757,69.39,3.32,-10.68,1
04-01-2025 12:00,EST,CAPITL,61757,68.48,3.26,-9.96,1
04-01-2025 13:00,EST,CAPITL,61757,70,3.26,-11.54,1
04-01-2025 14:00,EST,CAPITL,61757,75,3.26,-16.48,1
04-01-2025 15:00,EST,CAPITL,61757,107.53,3.32,-48.83,1
04-01-2025 16:00,EST,CAPITL,61757,140,3.6,-78.38,1
04-01-2025 17:00,EST,CAPITL,61757,180,4.18,-108.47,1
04-01-2025 18:00,EST,CAPITL,61757,170,4.11,-99.7,1
04-01-2025 19:00,EST,CAPITL,61757,158.89,3.56,-97.91,1
04-01-2025 20:00,EST,CAPITL,61757,156.67,3.43,-97.91,1
04-01-2025 21:00,EST,CAPITL,61757,121.36,3.37,-62.78,1
04-01-2025 22:00,EST,CAPITL,61757,106.77,3.25,-48.42,1
04-01-2025 23:00,EST,CAPITL,61757,90.33,3.24,-32.1,1
05-01-2025 00:00,EST,CAPITL,61757,79.23,4.4,-1.43,1
05-01-2025 01:00,EST,CAPITL,61757,78.41,4.36,-0.21,1
05-01-2025 02:00,EST,CAPITL,61757,76.69,3.91,-5.27,1
05-01-2025 03:00,EST,CAPITL,61757,71.58,3.62,-3.22,1
05-01-2025 04:00,EST,CAPITL,61757,70.82,3.88,0,1
05-01-2025 05:00,EST,CAPITL,61757,71.04,3.83,0,1
05-01-2025 06:00,EST,CAPITL,61757,75.01,4.04,0,1
05-01-2025 07:00,EST,CAPITL,61757,83.39,3.09,-26.13,1
05-01-2025 08:00,EST,CAPITL,61757,118.75,3.49,-56.07,1
05-01-2025 09:00,EST,CAPITL,61757,104.29,3.93,-33.81,1
05-01-2025 10:00,EST,CAPITL,61757,98.63,4.37,-20.12,1
05-01-2025 11:00,EST,CAPITL,61757,98.85,4.36,-20.49,1
05-01-2025 12:00,EST,CAPITL,61757,98.47,4.19,-21.95,1
05-01-2025 13:00,EST,CAPITL,61757,98.37,4.27,-20.4,1
05-01-2025 14:00,EST,CAPITL,61757,101.36,4.29,-23.08,1
05-01-2025 15:00,EST,CAPITL,61757,105.92,4.43,-27.57,1
05-01-2025 16:00,EST,CAPITL,61757,157,5.05,-66.36,1
05-01-2025 17:00,EST,CAPITL,61757,190,6.19,-78.88,1
05-01-2025 18:00,EST,CAPITL,61757,184.18,5.94,-77.54,1
05-01-2025 19:00,EST,CAPITL,61757,160,5.3,-64.77,1
05-01-2025 20:00,EST,CAPITL,61757,132.38,5.5,-33.56,1
05-01-2025 21:00,EST,CAPITL,61757,125,5.08,-33.76,1
05-01-2025 22:00,EST,CAPITL,61757,97.95,4.93,-9.42,1
05-01-2025 23:00,EST,CAPITL,61757,92.25,5.06,0,1
06-01-2025 00:00,EST,CAPITL,61757,99.31,5.21,-5.74,1
06-01-2025 01:00,EST,CAPITL,61757,99.45,4.71,-13.46,1
06-01-2025 02:00,EST,CAPITL,61757,97.54,4.78,-11.75,1
06-01-2025 03:00,EST,CAPITL,61757,96.37,4.94,-6.26,1
06-01-2025 04:00,EST,CAPITL,61757,94.85,5.44,-0.27,1
06-01-2025 05:00,EST,CAPITL,61757,117.1,4.32,-31.19,1
06-01-2025 06:00,EST,CAPITL,61757,122.79,4.8,-27.37,1
06-01-2025 07:00,EST,CAPITL,61757,162.06,4.58,-67.65,1
06-01-2025 08:00,EST,CAPITL,61757,151.76,5.15,-43.55,1
06-01-2025 09:00,EST,CAPITL,61757,152.22,4.39,-56.34,1
06-01-2025 10:00,EST,CAPITL,61757,156.88,5.43,-33.37,1
06-01-2025 11:00,EST,CAPITL,61757,134.83,4.93,-17.68,1
06-01-2025 12:00,EST,CAPITL,61757,131.39,4.36,-25.49,1
06-01-2025 13:00,EST,CAPITL,61757,135.77,3.6,-48.46,1
06-01-2025 14:00,EST,CAPITL,61757,137.23,3.69,-47.71,1
06-01-2025 15:00,EST,CAPITL,61757,150.46,3.67,-66.96,1
06-01-2025 16:00,EST,CAPITL,61757,173.3,3.99,-87.88,1
06-01-2025 17:00,EST,CAPITL,61757,200.79,4.98,-98.17,1
06-01-2025 18:00,EST,CAPITL,61757,197.75,4.43,-106.43,1
06-01-2025 19:00,EST,CAPITL,61757,188.92,3.58,-113.67,1
06-01-2025 20:00,EST,CAPITL,61757,151.07,4.31,-72.39,1
06-01-2025 21:00,EST,CAPITL,61757,141.06,4.34,-61.84,1
06-01-2025 22:00,EST,CAPITL,61757,135.26,4.4,-50.72,1
06-01-2025 23:00,EST,CAPITL,61757,124.44,4.45,-40.56,1
07-01-2025 00:00,EST,CAPITL,61757,136.08,4.24,-61.24,1
07-01-2025 01:00,EST,CAPITL,61757,120.16,4.08,-45.7,1
07-01-2025 02:00,EST,CAPITL,61757,128.23,4,-53.99,1
07-01-2025 03:00,EST,CAPITL,61757,126.2,4.01,-51.88,1
07-01-2025 04:00,EST,CAPITL,61757,132.28,4.08,-57.89,1
07-01-2025 05:00,EST,CAPITL,61757,145.53,3.14,-78.2,1
07-01-2025 06:00,EST,CAPITL,61757,171.81,3.51,-99.41,1
07-01-2025 07:00,EST,CAPITL,61757,205.51,2.38,-152.6,1
07-01-2025 08:00,EST,CAPITL,61757,183.32,2.47,-129.33,1
07-01-2025 09:00,EST,CAPITL,61757,177.01,1.9,-129.77,1
07-01-2025 10:00,EST,CAPITL,61757,169.69,2.48,-108.1,1
07-01-2025 11:00,EST,CAPITL,61757,169.64,2.14,-115.27,1
07-01-2025 12:00,EST,CAPITL,61757,166.53,1.89,-117.51,1
07-01-2025 13:00,EST,CAPITL,61757,165.34,1.88,-116.53,1
07-01-2025 14:00,EST,CAPITL,61757,166.02,1.98,-115.65,1
07-01-2025 15:00,EST,CAPITL,61757,180.8,1.99,-132.46,1
07-01-2025 16:00,EST,CAPITL,61757,207.77,2.77,-143.4,1
07-01-2025 17:00,EST,CAPITL,61757,262.01,3.74,-177.11,1
07-01-2025 18:00,EST,CAPITL,61757,243.87,3.78,-159.67,1
07-01-2025 19:00,EST,CAPITL,61757,226.49,3.02,-154.76,1
07-01-2025 20:00,EST,CAPITL,61757,187,3.81,-112.59,1
07-01-2025 21:00,EST,CAPITL,61757,179.13,3.74,-104.87,1
07-01-2025 22:00,EST,CAPITL,61757,163.22,3.94,-88.8,1
07-01-2025 23:00,EST,CAPITL,61757,160.29,4.03,-85.61,1
08-01-2025 00:00,EST,CAPITL,61757,155.14,4.65,-76.79,1
08-01-2025 01:00,EST,CAPITL,61757,149.62,4.45,-73.39,1
08-01-2025 02:00,EST,CAPITL,61757,141.02,4.39,-65.87,1
08-01-2025 03:00,EST,CAPITL,61757,140.53,4.3,-65.69,1
08-01-2025 04:00,EST,CAPITL,61757,153.4,4.46,-78.18,1
08-01-2025 05:00,EST,CAPITL,61757,161.16,4.42,-83.11,1
08-01-2025 06:00,EST,CAPITL,61757,195,4.78,-115.67,1
08-01-2025 07:00,EST,CAPITL,61757,222,4.49,-143.88,1
08-01-2025 08:00,EST,CAPITL,61757,221.61,4.62,-142.42,1
08-01-2025 09:00,EST,CAPITL,61757,189.01,4.53,-110.24,1
08-01-2025 10:00,EST,CAPITL,61757,168.55,4.55,-89.47,1
08-01-2025 11:00,EST,CAPITL,61757,159.04,4.3,-81.87,1
08-01-2025 12:00,EST,CAPITL,61757,158.31,4.17,-83.38,1
08-01-2025 13:00,EST,CAPITL,61757,158.28,4.09,-83.57,1
08-01-2025 14:00,EST,CAPITL,61757,155.7,4.29,-78.69,1
08-01-2025 15:00,EST,CAPITL,61757,180.61,4.2,-104.06,1
08-01-2025 16:00,EST,CAPITL,61757,231.35,4.71,-151.93,1
08-01-2025 17:00,EST,CAPITL,61757,262.99,5.63,-170.76,1
08-01-2025 18:00,EST,CAPITL,61757,251.12,5.35,-163.37,1
08-01-2025 19:00,EST,CAPITL,61757,236.85,4.69,-157.84,1
08-01-2025 20:00,EST,CAPITL,61757,243.92,4.68,-165.08,1
08-01-2025 21:00,EST,CAPITL,61757,185.51,4.36,-109.73,1
08-01-2025 22:00,EST,CAPITL,61757,174.78,4.53,-96.01,1
08-01-2025 23:00,EST,CAPITL,61757,163.04,4.76,-84.04,1
09-01-2025 00:00,EST,CAPITL,61757,165.95,4.38,-90.92,1
09-01-2025 01:00,EST,CAPITL,61757,158.99,4.11,-88.69,1
09-01-2025 02:00,EST,CAPITL,61757,153.52,3.55,-92.75,1
09-01-2025 03:00,EST,CAPITL,61757,146.82,3.63,-85.58,1
09-01-2025 04:00,EST,CAPITL,61757,155.61,3.82,-89.19,1
09-01-2025 05:00,EST,CAPITL,61757,164.98,4.18,-90,1
09-01-2025 06:00,EST,CAPITL,61757,189.23,4.41,-113.72,1
09-01-2025 07:00,EST,CAPITL,61757,235.7,4.33,-160.35,1
09-01-2025 08:00,EST,CAPITL,61757,225,4.33,-149.65,1
09-01-2025 09:00,EST,CAPITL,61757,178.67,4.11,-103.6,1
09-01-2025 10:00,EST,CAPITL,61757,164.83,4.13,-89.46,1
09-01-2025 11:00,EST,CAPITL,61757,152.02,4.05,-76.87,1
09-01-2025 12:00,EST,CAPITL,61757,148.91,3.98,-73.83,1
09-01-2025 13:00,EST,CAPITL,61757,145.66,3.9,-70.81,1
09-01-2025 14:00,EST,CAPITL,61757,144.64,3.82,-69.93,1
09-01-2025 15:00,EST,CAPITL,61757,156.22,4.13,-80.93,1
09-01-2025 16:00,EST,CAPITL,61757,201.17,4.34,-125.66,1
09-01-2025 17:00,EST,CAPITL,61757,210.79,6.1,-107.86,1
09-01-2025 18:00,EST,CAPITL,61757,225.75,6.06,-121.98,1
09-01-2025 19:00,EST,CAPITL,61757,202.92,4.6,-124.09,1
09-01-2025 20:00,EST,CAPITL,61757,207.03,4.64,-128.78,1
09-01-2025 21:00,EST,CAPITL,61757,168.86,4.55,-93.21,1
09-01-2025 22:00,EST,CAPITL,61757,160.52,4.48,-85.02,1
09-01-2025 23:00,EST,CAPITL,61757,159.9,4.26,-84.69,1
10-01-2025 00:00,EST,CAPITL,61757,132.96,4.05,-62.46,1
10-01-2025 01:00,EST,CAPITL,61757,124.13,3.98,-53.77,1
10-01-2025 02:00,EST,CAPITL,61757,113.55,3.99,-43.11,1
10-01-2025 03:00,EST,CAPITL,61757,109.78,4.04,-38.46,1
10-01-2025 04:00,EST,CAPITL,61757,111.67,4.53,-32.91,1
10-01-2025 05:00,EST,CAPITL,61757,154.59,4.86,-72.72,1
10-01-2025 06:00,EST,CAPITL,61757,168.5,5.5,-78.32,1
10-01-2025 07:00,EST,CAPITL,61757,176.03,5.58,-84.61,1
10-01-2025 08:00,EST,CAPITL,61757,180,5.63,-87.64,1
10-01-2025 09:00,EST,CAPITL,61757,125,5.06,-34.12,1
10-01-2025 10:00,EST,CAPITL,61757,101.18,5.2,-9.24,1
10-01-2025 11:00,EST,CAPITL,61757,90.8,4.53,-3.83,1
10-01-2025 12:00,EST,CAPITL,61757,86.89,4.45,0,1
10-01-2025 13:00,EST,CAPITL,61757,87.6,4.64,0,1
10-01-2025 14:00,EST,CAPITL,61757,88.14,4.43,0,1
10-01-2025 15:00,EST,CAPITL,61757,95.46,5.31,-0.14,1
10-01-2025 16:00,EST,CAPITL,61757,104.13,5.59,-6.94,1
10-01-2025 17:00,EST,CAPITL,61757,121.14,7.47,1.33,1
10-01-2025 18:00,EST,CAPITL,61757,104.71,6.27,-0.63,1
10-01-2025 19:00,EST,CAPITL,61757,118.22,6.02,-15.12,1
10-01-2025 20:00,EST,CAPITL,61757,115.37,5.58,-18.25,1
10-01-2025 21:00,EST,CAPITL,61757,104.73,5.17,-13.38,1
10-01-2025 22:00,EST,CAPITL,61757,104.32,5.02,-15.65,1
10-01-2025 23:00,EST,CAPITL,61757,104.7,4.67,-18.09,1
11-01-2025 00:00,EST,CAPITL,61757,86.59,4.82,0,1
11-01-2025 01:00,EST,CAPITL,61757,81.91,4.34,0,1
11-01-2025 02:00,EST,CAPITL,61757,75.15,3.98,0,1
11-01-2025 03:00,EST,CAPITL,61757,72.02,3.75,0,1
11-01-2025 04:00,EST,CAPITL,61757,73.41,3.89,0,1
11-01-2025 05:00,EST,CAPITL,61757,74.9,4.04,0,1
11-01-2025 06:00,EST,CAPITL,61757,73.33,4.08,0,1
11-01-2025 07:00,EST,CAPITL,61757,87.84,4.42,-9.82,1
11-01-2025 08:00,EST,CAPITL,61757,114.91,4.91,-29.58,1
11-01-2025 09:00,EST,CAPITL,61757,118.36,4.99,-31.6,1
11-01-2025 10:00,EST,CAPITL,61757,84.27,4.92,0,1
11-01-2025 11:00,EST,CAPITL,61757,89.11,4.64,0,1
11-01-2025 12:00,EST,CAPITL,61757,79.81,4.3,0,1
11-01-2025 13:00,EST,CAPITL,61757,76.22,4.18,0,1
11-01-2025 14:00,EST,CAPITL,61757,69.91,3.77,0,1
11-01-2025 15:00,EST,CAPITL,61757,81.99,4.57,0,1
11-01-2025 16:00,EST,CAPITL,61757,86.67,4.98,0,1
11-01-2025 17:00,EST,CAPITL,61757,130.65,5.43,-40.37,1
11-01-2025 18:00,EST,CAPITL,61757,100,5.17,-12.81,1
11-01-2025 19:00,EST,CAPITL,61757,78.45,4.5,-0.16,1
11-01-2025 20:00,EST,CAPITL,61757,74.06,4.25,-0.09,1
11-01-2025 21:00,EST,CAPITL,61757,69.9,3.89,0,1
11-01-2025 22:00,EST,CAPITL,61757,69.49,3.68,0,1
11-01-2025 23:00,EST,CAPITL,61757,69.48,3.75,0,1
12-01-2025 00:00,EST,CAPITL,61757,69.83,3.89,0,1
12-01-2025 01:00,EST,CAPITL,61757,69.62,3.82,0,1
12-01-2025 02:00,EST,CAPITL,61757,68.59,3.33,0,1
12-01-2025 03:00,EST,CAPITL,61757,68.06,3.06,0,1
12-01-2025 04:00,EST,CAPITL,61757,68.06,3.06,0,1
12-01-2025 05:00,EST,CAPITL,61757,68.86,3.4,0,1
12-01-2025 06:00,EST,CAPITL,61757,68.73,3.33,0,1
12-01-2025 07:00,EST,CAPITL,61757,68.19,3.18,0,1
12-01-2025 08:00,EST,CAPITL,61757,68.32,3.25,0,1
12-01-2025 09:00,EST,CAPITL,61757,65.78,2.59,0,1
12-01-2025 10:00,EST,CAPITL,61757,65.45,2.45,0,1
12-01-2025 11:00,EST,CAPITL,61757,63.96,2.16,0,1
12-01-2025 12:00,EST,CAPITL,61757,65.46,2.27,0,1
12-01-2025 13:00,EST,CAPITL,61757,65.37,2.33,0,1
12-01-2025 14:00,EST,CAPITL,61757,66.86,2.51,0,1
12-01-2025 15:00,EST,CAPITL,61757,68.14,2.94,0,1
12-01-2025 16:00,EST,CAPITL,61757,72.38,3.9,0,1
12-01-2025 17:00,EST,CAPITL,61757,86.34,4.65,0,1
12-01-2025 18:00,EST,CAPITL,61757,78.27,4.15,0,1
12-01-2025 19:00,EST,CAPITL,61757,72.1,3.82,0,1
12-01-2025 20:00,EST,CAPITL,61757,69.77,3.82,0,1
12-01-2025 21:00,EST,CAPITL,61757,68.73,3.33,0,1
12-01-2025 22:00,EST,CAPITL,61757,68.19,3.12,0,1
12-01-2025 23:00,EST,CAPITL,61757,68.33,3.19,0,1
13-01-2025 00:00,EST,CAPITL,61757,68.92,3.53,0,1
13-01-2025 01:00,EST,CAPITL,61757,68.73,3.4,0,1
13-01-2025 02:00,EST,CAPITL,61757,68.99,3.53,0,1
13-01-2025 03:00,EST,CAPITL,61757,68.59,3.33,0,1
13-01-2025 04:00,EST,CAPITL,61757,69.21,3.61,0,1
13-01-2025 05:00,EST,CAPITL,61757,70.17,3.97,0,1
13-01-2025 06:00,EST,CAPITL,61757,78.85,4.32,0,1
13-01-2025 07:00,EST,CAPITL,61757,113.51,6.06,-6.42,1
13-01-2025 08:00,EST,CAPITL,61757,98.85,5.42,0,1
13-01-2025 09:00,EST,CAPITL,61757,75.83,4.02,0,1
13-01-2025 10:00,EST,CAPITL,61757,70.67,3.62,0,1
13-01-2025 11:00,EST,CAPITL,61757,68.67,3.21,0,1
13-01-2025 12:00,EST,CAPITL,61757,68.53,3.14,0,1
13-01-2025 13:00,EST,CAPITL,61757,68.4,3.13,0,1
13-01-2025 14:00,EST,CAPITL,61757,68.53,3.2,0,1
13-01-2025 15:00,EST,CAPITL,61757,69.34,3.55,0,1
13-01-2025 16:00,EST,CAPITL,61757,76.81,4.28,0,1
13-01-2025 17:00,EST,CAPITL,61757,99.1,4.91,-12.42,1
13-01-2025 18:00,EST,CAPITL,61757,101.32,4.75,-16.09,1
13-01-2025 19:00,EST,CAPITL,61757,76.9,3.97,-5.68,1
13-01-2025 20:00,EST,CAPITL,61757,72.02,3.85,-1.7,1
13-01-2025 21:00,EST,CAPITL,61757,68.44,3.5,0,1
13-01-2025 22:00,EST,CAPITL,61757,69.21,3.48,0,1
13-01-2025 23:00,EST,CAPITL,61757,68.66,3.33,0,1
14-01-2025 00:00,EST,CAPITL,61757,68.27,3.56,0,1
14-01-2025 01:00,EST,CAPITL,61757,66.54,3.41,0,1
14-01-2025 02:00,EST,CAPITL,61757,69.2,3.61,0,1
14-01-2025 03:00,EST,CAPITL,61757,69.2,3.61,0,1
14-01-2025 04:00,EST,CAPITL,61757,69.27,3.61,0,1
14-01-2025 05:00,EST,CAPITL,61757,66,3.5,0,1
14-01-2025 06:00,EST,CAPITL,61757,186.62,4.34,-112.33,1
14-01-2025 07:00,EST,CAPITL,61757,246.51,5.19,-159.05,1
14-01-2025 08:00,EST,CAPITL,61757,171.23,5.19,-83.68,1
14-01-2025 09:00,EST,CAPITL,61757,84.92,4.88,0,1
14-01-2025 10:00,EST,CAPITL,61757,88.75,4.77,-1.8,1
14-01-2025 11:00,EST,CAPITL,61757,82.25,4.2,-2.95,1
14-01-2025 12:00,EST,CAPITL,61757,81.22,4.3,-0.15,1
14-01-2025 13:00,EST,CAPITL,61757,82.65,4.46,0,1
14-01-2025 14:00,EST,CAPITL,61757,88.1,4.68,-1.32,1
14-01-2025 15:00,EST,CAPITL,61757,97.5,5.02,-8.82,1
14-01-2025 16:00,EST,CAPITL,61757,113.74,5.03,-26.35,1
14-01-2025 17:00,EST,CAPITL,61757,132.97,7.7,-3.19,1
14-01-2025 18:00,EST,CAPITL,61757,163.21,5.58,-69.11,1
14-01-2025 19:00,EST,CAPITL,61757,143.46,5.48,-52.43,1
14-01-2025 20:00,EST,CAPITL,61757,122.72,5.32,-31.58,1
14-01-2025 21:00,EST,CAPITL,61757,106.1,4.93,-18.97,1
14-01-2025 22:00,EST,CAPITL,61757,102.05,4.92,-15.18,1
14-01-2025 23:00,EST,CAPITL,61757,101.96,4.83,-15.27,1
15-01-2025 00:00,EST,CAPITL,61757,92.83,4.69,-7.21,1
15-01-2025 01:00,EST,CAPITL,61757,90.21,4.27,-11.08,1
15-01-2025 02:00,EST,CAPITL,61757,87.55,4.27,-8.42,1
15-01-2025 03:00,EST,CAPITL,61757,84.8,4.34,-5.59,1
15-01-2025 04:00,EST,CAPITL,61757,85.37,4.75,0,1
15-01-2025 05:00,EST,CAPITL,61757,97.32,4.93,-10.19,1
15-01-2025 06:00,EST,CAPITL,61757,121.39,5.42,-30.07,1
15-01-2025 07:00,EST,CAPITL,61757,155.23,6.44,-45,1
15-01-2025 08:00,EST,CAPITL,61757,131,6.89,-14.75,1
15-01-2025 09:00,EST,CAPITL,61757,100.99,5.14,-10.12,1
15-01-2025 10:00,EST,CAPITL,61757,93,4.88,-2.39,1
15-01-2025 11:00,EST,CAPITL,61757,96.5,4.73,-5.78,1
15-01-2025 12:00,EST,CAPITL,61757,93,4.71,-2.65,1
15-01-2025 13:00,EST,CAPITL,61757,93,4.66,-3.49,1
15-01-2025 14:00,EST,CAPITL,61757,96,4.69,-5.93,1
15-01-2025 15:00,EST,CAPITL,61757,114.22,4.93,-22.74,1
15-01-2025 16:00,EST,CAPITL,61757,127.1,5.25,-34.36,1
15-01-2025 17:00,EST,CAPITL,61757,156,7.39,-34.92,1
15-01-2025 18:00,EST,CAPITL,61757,156,7.37,-33.62,1
15-01-2025 19:00,EST,CAPITL,61757,137.24,5.18,-47.13,1
15-01-2025 20:00,EST,CAPITL,61757,130.66,5.19,-40.36,1
15-01-2025 21:00,EST,CAPITL,61757,121.75,5.05,-32.56,1
15-01-2025 22:00,EST,CAPITL,61757,123.03,5.05,-33.83,1
15-01-2025 23:00,EST,CAPITL,61757,112.16,4.94,-23.5,1
16-01-2025 00:00,EST,CAPITL,61757,126.57,4.76,-39.78,1
16-01-2025 01:00,EST,CAPITL,61757,113.75,4.66,-27.23,1
16-01-2025 02:00,EST,CAPITL,61757,112.99,4.69,-27.33,1
16-01-2025 03:00,EST,CAPITL,61757,101.16,5.36,-0.06,1
16-01-2025 04:00,EST,CAPITL,61757,105.13,5.67,0,1
16-01-2025 05:00,EST,CAPITL,61757,185.17,5.12,-96.2,1
16-01-2025 06:00,EST,CAPITL,61757,187,7.24,-57.01,1
16-01-2025 07:00,EST,CAPITL,61757,189.03,8.54,-30.57,1
16-01-2025 08:00,EST,CAPITL,61757,160.46,7.58,-19.79,1
16-01-2025 09:00,EST,CAPITL,61757,147.83,6.7,-31.31,1
16-01-2025 10:00,EST,CAPITL,61757,120.61,6.61,0,1
16-01-2025 11:00,EST,CAPITL,61757,95.13,5.27,-3.49,1
16-01-2025 12:00,EST,CAPITL,61757,94.44,5.23,-3.5,1
16-01-2025 13:00,EST,CAPITL,61757,122.36,5.67,-25.23,1
16-01-2025 14:00,EST,CAPITL,61757,99.12,5.55,-4.11,1
16-01-2025 15:00,EST,CAPITL,61757,127.48,6.09,-24.77,1
16-01-2025 16:00,EST,CAPITL,61757,150,5.79,-49.25,1
16-01-2025 17:00,EST,CAPITL,61757,186.46,6.92,-64.24,1
16-01-2025 18:00,EST,CAPITL,61757,180.42,5.78,-78.34,1
16-01-2025 19:00,EST,CAPITL,61757,180,5.56,-86.24,1
16-01-2025 20:00,EST,CAPITL,61757,161.59,5.45,-63.69,1
16-01-2025 21:00,EST,CAPITL,61757,141.78,5.07,-53.57,1
16-01-2025 22:00,EST,CAPITL,61757,148,5,-60.97,1
16-01-2025 23:00,EST,CAPITL,61757,146,5.21,-55.36,1
17-01-2025 00:00,EST,CAPITL,61757,149.28,6.21,-37.84,1
17-01-2025 01:00,EST,CAPITL,61757,137.55,4.96,-46.95,1
17-01-2025 02:00,EST,CAPITL,61757,137.19,4.5,-53.62,1
17-01-2025 03:00,EST,CAPITL,61757,115,4.82,-23.99,1
17-01-2025 04:00,EST,CAPITL,61757,125.53,4.81,-34.71,1
17-01-2025 05:00,EST,CAPITL,61757,156.44,4.93,-66.5,1
17-01-2025 06:00,EST,CAPITL,61757,190,5.33,-97.3,1
17-01-2025 07:00,EST,CAPITL,61757,213.98,7.35,-82.04,1
17-01-2025 08:00,EST,CAPITL,61757,160.1,7.5,-25.51,1
17-01-2025 09:00,EST,CAPITL,61757,120,5.4,-27.51,1
17-01-2025 10:00,EST,CAPITL,61757,91.88,5.2,-1.5,1
17-01-2025 11:00,EST,CAPITL,61757,88.05,5.06,0,1
17-01-2025 12:00,EST,CAPITL,61757,87.11,5.01,0,1
17-01-2025 13:00,EST,CAPITL,61757,86.13,4.95,0,1
17-01-2025 14:00,EST,CAPITL,61757,90.21,5.27,0,1
17-01-2025 15:00,EST,CAPITL,61757,105.18,4.38,-30.24,1
17-01-2025 16:00,EST,CAPITL,61757,126.51,4.16,-51.85,1
17-01-2025 17:00,EST,CAPITL,61757,180,4.24,-105.04,1
17-01-2025 18:00,EST,CAPITL,61757,166.97,4.3,-92.1,1
17-01-2025 19:00,EST,CAPITL,61757,135.58,4.3,-60.72,1
17-01-2025 20:00,EST,CAPITL,61757,130,4.31,-54.99,1
17-01-2025 21:00,EST,CAPITL,61757,118.79,4.14,-44.4,1
17-01-2025 22:00,EST,CAPITL,61757,102.44,4.15,-27.88,1
17-01-2025 23:00,EST,CAPITL,61757,116.9,3.92,-42.87,1
18-01-2025 00:00,EST,CAPITL,61757,73.68,3.64,0,1
18-01-2025 01:00,EST,CAPITL,61757,73.1,3.41,0,1
18-01-2025 02:00,EST,CAPITL,61757,71.72,3.28,0,1
18-01-2025 03:00,EST,CAPITL,61757,73.24,3.55,0,1
18-01-2025 04:00,EST,CAPITL,61757,73.52,3.76,0,1
18-01-2025 05:00,EST,CAPITL,61757,74.19,3.87,0,1
18-01-2025 06:00,EST,CAPITL,61757,70,3.39,0,1
18-01-2025 07:00,EST,CAPITL,61757,119.11,3,-61.45,1
18-01-2025 08:00,EST,CAPITL,61757,117.54,3.29,-55.55,1
18-01-2025 09:00,EST,CAPITL,61757,126.72,3.97,-52.97,1
18-01-2025 10:00,EST,CAPITL,61757,172.86,4.5,-93.29,1
18-01-2025 11:00,EST,CAPITL,61757,162.06,4.26,-86.84,1
18-01-2025 12:00,EST,CAPITL,61757,168.37,4.46,-93.22,1
18-01-2025 13:00,EST,CAPITL,61757,176.38,4.45,-101.31,1
18-01-2025 14:00,EST,CAPITL,61757,173.07,4.53,-97.85,1
18-01-2025 15:00,EST,CAPITL,61757,183.75,4.6,-108.4,1
18-01-2025 16:00,EST,CAPITL,61757,209,4.72,-132.67,1
18-01-2025 17:00,EST,CAPITL,61757,164.7,4.63,-88.76,1
18-01-2025 18:00,EST,CAPITL,61757,158.03,4.94,-78.27,1
18-01-2025 19:00,EST,CAPITL,61757,148.64,4.48,-73.08,1
18-01-2025 20:00,EST,CAPITL,61757,141.3,4.47,-65.97,1
18-01-2025 21:00,EST,CAPITL,61757,124.07,4.31,-49.04,1
18-01-2025 22:00,EST,CAPITL,61757,102.15,4.4,-26.81,1
18-01-2025 23:00,EST,CAPITL,61757,111.55,4.24,-36.59,1
19-01-2025 00:00,EST,CAPITL,61757,155,5.02,-67.73,1
19-01-2025 01:00,EST,CAPITL,61757,155.43,5.17,-65.56,1
19-01-2025 02:00,EST,CAPITL,61757,160.31,5.06,-72.27,1
19-01-2025 03:00,EST,CAPITL,61757,149.17,5.1,-59.06,1
19-01-2025 04:00,EST,CAPITL,61757,142.54,5.19,-52.34,1
19-01-2025 05:00,EST,CAPITL,61757,142.43,5.29,-51.79,1
19-01-2025 06:00,EST,CAPITL,61757,154.69,5.29,-64.14,1
19-01-2025 07:00,EST,CAPITL,61757,270.02,5.21,-179.46,1
19-01-2025 08:00,EST,CAPITL,61757,287.41,5.68,-193.13,1
19-01-2025 09:00,EST,CAPITL,61757,265.02,5.74,-169.64,1
19-01-2025 10:00,EST,CAPITL,61757,263.09,5.68,-168.71,1
19-01-2025 11:00,EST,CAPITL,61757,272.42,5.69,-177.95,1
19-01-2025 12:00,EST,CAPITL,61757,273.92,5.68,-179.63,1
19-01-2025 13:00,EST,CAPITL,61757,255.17,5.6,-162.15,1
19-01-2025 14:00,EST,CAPITL,61757,249.57,5.72,-154.55,1
19-01-2025 15:00,EST,CAPITL,61757,285.68,8.36,-140.21,1
19-01-2025 16:00,EST,CAPITL,61757,345.68,9.8,-180.37,1
19-01-2025 17:00,EST,CAPITL,61757,244.02,13.68,-2.33,1
19-01-2025 18:00,EST,CAPITL,61757,229.6,12.58,-7.38,1
19-01-2025 19:00,EST,CAPITL,61757,227.22,12.31,-9.73,1
19-01-2025 20:00,EST,CAPITL,61757,233.22,9.79,-57.47,1
19-01-2025 21:00,EST,CAPITL,61757,223,8.55,-76.62,1
19-01-2025 22:00,EST,CAPITL,61757,216.08,9.26,-57.47,1
19-01-2025 23:00,EST,CAPITL,61757,171.91,10.04,0,1
20-01-2025 00:00,EST,CAPITL,61757,184.57,10.45,0,1
20-01-2025 01:00,EST,CAPITL,61757,172.53,9.77,0,1
20-01-2025 02:00,EST,CAPITL,61757,166.03,9.55,0,1
20-01-2025 03:00,EST,CAPITL,61757,166.18,8.81,0,1
20-01-2025 04:00,EST,CAPITL,61757,177.07,9.07,0,1
20-01-2025 05:00,EST,CAPITL,61757,200.75,9.74,0,1
20-01-2025 06:00,EST,CAPITL,61757,241.77,12.38,0,1
20-01-2025 07:00,EST,CAPITL,61757,322.42,13.79,-66.51,1
20-01-2025 08:00,EST,CAPITL,61757,316.83,11.95,-91.32,1
20-01-2025 09:00,EST,CAPITL,61757,251,12.85,-8.63,1
20-01-2025 10:00,EST,CAPITL,61757,221.03,10.72,0,1
20-01-2025 11:00,EST,CAPITL,61757,218.64,10.41,0,1
20-01-2025 12:00,EST,CAPITL,61757,218.83,10.81,0,1
20-01-2025 13:00,EST,CAPITL,61757,220.06,11.07,0,1
20-01-2025 14:00,EST,CAPITL,61757,228.92,11.31,0,1
20-01-2025 15:00,EST,CAPITL,61757,235.91,13.14,-0.06,1
20-01-2025 16:00,EST,CAPITL,61757,334.55,13.22,-93.24,1
20-01-2025 17:00,EST,CAPITL,61757,390.58,15.29,-91.93,1
20-01-2025 18:00,EST,CAPITL,61757,354,14.79,-65.13,1
20-01-2025 19:00,EST,CAPITL,61757,343.64,13.74,-79.89,1
20-01-2025 20:00,EST,CAPITL,61757,297.05,13.14,-49.1,1
20-01-2025 21:00,EST,CAPITL,61757,252.54,12.28,-20.89,1
20-01-2025 22:00,EST,CAPITL,61757,234.38,12,0,1
20-01-2025 23:00,EST,CAPITL,61757,222.19,10.98,0,1
21-01-2025 00:00,EST,CAPITL,61757,213.57,9.78,0,1
21-01-2025 01:00,EST,CAPITL,61757,195.63,8.96,0,1
21-01-2025 02:00,EST,CAPITL,61757,207.17,9.68,0,1
21-01-2025 03:00,EST,CAPITL,61757,205.08,9.76,0,1
21-01-2025 04:00,EST,CAPITL,61757,210.44,10.21,0,1
21-01-2025 05:00,EST,CAPITL,61757,220.05,10.67,0,1
21-01-2025 06:00,EST,CAPITL,61757,269.36,13.79,0,1
21-01-2025 07:00,EST,CAPITL,61757,316.39,17.05,0,1
21-01-2025 08:00,EST,CAPITL,61757,276.6,14.41,0,1
21-01-2025 09:00,EST,CAPITL,61757,261.26,12.91,0,1
21-01-2025 10:00,EST,CAPITL,61757,246.41,11.51,0,1
21-01-2025 11:00,EST,CAPITL,61757,233.14,10.26,0,1
21-01-2025 12:00,EST,CAPITL,61757,228.7,10.27,0,1
21-01-2025 13:00,EST,CAPITL,61757,234.54,10.74,0,1
21-01-2025 14:00,EST,CAPITL,61757,243.59,11.16,0,1
21-01-2025 15:00,EST,CAPITL,61757,258.52,12.54,0,1
21-01-2025 16:00,EST,CAPITL,61757,272.7,13.72,0,1
21-01-2025 17:00,EST,CAPITL,61757,368.02,17.18,-32.38,1
21-01-2025 18:00,EST,CAPITL,61757,364.04,16.05,-39.23,1
21-01-2025 19:00,EST,CAPITL,61757,310,15.35,-15.37,1
21-01-2025 20:00,EST,CAPITL,61757,264.93,13.8,0,1
21-01-2025 21:00,EST,CAPITL,61757,252.83,12.94,0,1
21-01-2025 22:00,EST,CAPITL,61757,240.67,12.11,0,1
21-01-2025 23:00,EST,CAPITL,61757,236.77,11.48,0,1
22-01-2025 00:00,EST,CAPITL,61757,213.56,9.78,0,1
22-01-2025 01:00,EST,CAPITL,61757,208.93,9.76,0,1
22-01-2025 02:00,EST,CAPITL,61757,204.63,9.56,0,1
22-01-2025 03:00,EST,CAPITL,61757,203.53,9.5,0,1
22-01-2025 04:00,EST,CAPITL,61757,217.54,10.36,0,1
22-01-2025 05:00,EST,CAPITL,61757,227.55,11.24,0,1
22-01-2025 06:00,EST,CAPITL,61757,297.59,15.24,0,1
22-01-2025 07:00,EST,CAPITL,61757,318.1,16.57,0,1
22-01-2025 08:00,EST,CAPITL,61757,290.03,14.59,0,1
22-01-2025 09:00,EST,CAPITL,61757,259.34,12.81,0,1
22-01-2025 10:00,EST,CAPITL,61757,230.83,10.57,0,1
22-01-2025 11:00,EST,CAPITL,61757,217.86,9.39,0,1
22-01-2025 12:00,EST,CAPITL,61757,214.95,9.26,0,1
22-01-2025 13:00,EST,CAPITL,61757,215.48,9.48,0,1
22-01-2025 14:00,EST,CAPITL,61757,218.43,9.81,0,1
22-01-2025 15:00,EST,CAPITL,61757,242.79,13.09,0,1
22-01-2025 16:00,EST,CAPITL,61757,257.16,13.86,0,1
22-01-2025 17:00,EST,CAPITL,61757,312.07,17.36,-0.36,1
22-01-2025 18:00,EST,CAPITL,61757,308.46,16.52,-7.06,1
22-01-2025 19:00,EST,CAPITL,61757,274.66,15.3,0,1
22-01-2025 20:00,EST,CAPITL,61757,257.54,14.11,0,1
22-01-2025 21:00,EST,CAPITL,61757,239.5,12.48,0,1
22-01-2025 22:00,EST,CAPITL,61757,226.18,11.38,0,1
22-01-2025 23:00,EST,CAPITL,61757,218.84,10.61,0,1
23-01-2025 00:00,EST,CAPITL,61757,171.51,9.24,0,1
23-01-2025 01:00,EST,CAPITL,61757,164.81,8.88,0,1
23-01-2025 02:00,EST,CAPITL,61757,161.75,8.28,0,1
23-01-2025 03:00,EST,CAPITL,61757,160.29,8.35,0,1
23-01-2025 04:00,EST,CAPITL,61757,164.88,8.74,0,1
23-01-2025 05:00,EST,CAPITL,61757,172.01,9.74,0,1
23-01-2025 06:00,EST,CAPITL,61757,240.8,11.41,-51.33,1
23-01-2025 07:00,EST,CAPITL,61757,277.58,11.67,-83.78,1
23-01-2025 08:00,EST,CAPITL,61757,240.16,11.2,-54.07,1
23-01-2025 09:00,EST,CAPITL,61757,193.46,11.12,0,1
23-01-2025 10:00,EST,CAPITL,61757,165.49,8.77,0,1
23-01-2025 11:00,EST,CAPITL,61757,151.5,7.76,0,1
23-01-2025 12:00,EST,CAPITL,61757,151.46,7.35,0,1
23-01-2025 13:00,EST,CAPITL,61757,145.57,7.19,0,1
23-01-2025 14:00,EST,CAPITL,61757,144.17,6.86,0,1
23-01-2025 15:00,EST,CAPITL,61757,155.31,7.81,0,1
23-01-2025 16:00,EST,CAPITL,61757,171.45,9.7,0,1
23-01-2025 17:00,EST,CAPITL,61757,199.57,11.52,-5.37,1
23-01-2025 18:00,EST,CAPITL,61757,201.66,11.18,-13.17,1
23-01-2025 19:00,EST,CAPITL,61757,176.83,10.17,0,1
23-01-2025 20:00,EST,CAPITL,61757,170.97,9.68,0,1
23-01-2025 21:00,EST,CAPITL,61757,163.13,8.94,0,1
23-01-2025 22:00,EST,CAPITL,61757,157.32,8.76,0,1
23-01-2025 23:00,EST,CAPITL,61757,156.3,8.42,0,1
24-01-2025 00:00,EST,CAPITL,61757,160.62,6.73,-53.38,1
24-01-2025 01:00,EST,CAPITL,61757,151.02,6.39,-47.86,1
24-01-2025 02:00,EST,CAPITL,61757,130.69,6.25,-26.89,1
24-01-2025 03:00,EST,CAPITL,61757,133.38,7.09,-13.78,1
24-01-2025 04:00,EST,CAPITL,61757,140.26,7.12,-21.97,1
24-01-2025 05:00,EST,CAPITL,61757,152.46,8.44,-14.08,1
24-01-2025 06:00,EST,CAPITL,61757,178.07,10.72,0,1
24-01-2025 07:00,EST,CAPITL,61757,225,11.15,-39.78,1
24-01-2025 08:00,EST,CAPITL,61757,183.4,11.19,0,1
24-01-2025 09:00,EST,CAPITL,61757,168.2,8.57,-29.73,1
24-01-2025 10:00,EST,CAPITL,61757,155.58,7.31,-39.24,1
24-01-2025 11:00,EST,CAPITL,61757,129.79,6.59,-23.27,1
24-01-2025 12:00,EST,CAPITL,61757,124.58,6.45,-17.41,1
24-01-2025 13:00,EST,CAPITL,61757,122.4,6.24,-18.73,1
24-01-2025 14:00,EST,CAPITL,61757,121.54,6.46,-14.26,1
24-01-2025 15:00,EST,CAPITL,61757,136.59,7.1,-25.05,1
24-01-2025 16:00,EST,CAPITL,61757,180,7.67,-61.1,1
24-01-2025 17:00,EST,CAPITL,61757,223.46,9.42,-81.39,1
24-01-2025 18:00,EST,CAPITL,61757,240.92,9.4,-99.15,1
24-01-2025 19:00,EST,CAPITL,61757,213.12,7.53,-96.4,1
24-01-2025 20:00,EST,CAPITL,61757,181.51,6.99,-71.79,1
24-01-2025 21:00,EST,CAPITL,61757,173.2,7.53,-55.02,1
24-01-2025 22:00,EST,CAPITL,61757,164.27,6.84,-56.92,1
24-01-2025 23:00,EST,CAPITL,61757,141.15,6.62,-34.23,1
25-01-2025 00:00,EST,CAPITL,61757,171.34,6.32,-67.67,1
25-01-2025 01:00,EST,CAPITL,61757,156.84,7.36,-32.77,1
25-01-2025 02:00,EST,CAPITL,61757,151.01,7.81,-21.21,1
25-01-2025 03:00,EST,CAPITL,61757,146.21,8.67,0,1
25-01-2025 04:00,EST,CAPITL,61757,150.29,8.78,0,1
25-01-2025 05:00,EST,CAPITL,61757,159.12,9.44,0,1
25-01-2025 06:00,EST,CAPITL,61757,181.49,8.64,-39.81,1
25-01-2025 07:00,EST,CAPITL,61757,203.78,8.22,-65.23,1
25-01-2025 08:00,EST,CAPITL,61757,222,8.79,-76.07,1
25-01-2025 09:00,EST,CAPITL,61757,166.61,6.91,-50.15,1
25-01-2025 10:00,EST,CAPITL,61757,135.27,6.02,-28.9,1
25-01-2025 11:00,EST,CAPITL,61757,121.22,5.27,-28.15,1
25-01-2025 12:00,EST,CAPITL,61757,116.26,5.16,-23.57,1
25-01-2025 13:00,EST,CAPITL,61757,115.42,5.15,-22.99,1
25-01-2025 14:00,EST,CAPITL,61757,122.53,5.25,-29.85,1
25-01-2025 15:00,EST,CAPITL,61757,161.73,5.43,-68.68,1
25-01-2025 16:00,EST,CAPITL,61757,215.29,5.88,-121.6,1
25-01-2025 17:00,EST,CAPITL,61757,341.21,5.91,-247.14,1
25-01-2025 18:00,EST,CAPITL,61757,310,5.91,-215.83,1
25-01-2025 19:00,EST,CAPITL,61757,285.39,5.4,-198.18,1
25-01-2025 20:00,EST,CAPITL,61757,220.58,4.98,-138.91,1
25-01-2025 21:00,EST,CAPITL,61757,231.86,4.75,-154,1
25-01-2025 22:00,EST,CAPITL,61757,197.79,4.63,-120.86,1
25-01-2025 23:00,EST,CAPITL,61757,139.78,4.48,-63.15,1
26-01-2025 00:00,EST,CAPITL,61757,137.13,5.35,-44.17,1
26-01-2025 01:00,EST,CAPITL,61757,111.25,5.11,-20.89,1
26-01-2025 02:00,EST,CAPITL,61757,112.46,4.83,-25.82,1
26-01-2025 03:00,EST,CAPITL,61757,101.35,4.83,-14.7,1
26-01-2025 04:00,EST,CAPITL,61757,102.63,4.78,-16.89,1
26-01-2025 05:00,EST,CAPITL,61757,115.88,4.47,-38.12,1
26-01-2025 06:00,EST,CAPITL,61757,120.04,5.04,-33.79,1
26-01-2025 07:00,EST,CAPITL,61757,110.06,4.17,-33.97,1
26-01-2025 08:00,EST,CAPITL,61757,112.12,4.76,-29.33,1
26-01-2025 09:00,EST,CAPITL,61757,116.64,4.96,-30.38,1
26-01-2025 10:00,EST,CAPITL,61757,99.24,4.37,-22.01,1
26-01-2025 11:00,EST,CAPITL,61757,107.22,4.2,-27.95,1
26-01-2025 12:00,EST,CAPITL,61757,104.42,3.89,-28.37,1
26-01-2025 13:00,EST,CAPITL,61757,100.54,3.89,-24.5,1
26-01-2025 14:00,EST,CAPITL,61757,104.21,4.05,-27.87,1
26-01-2025 15:00,EST,CAPITL,61757,96.19,4.79,-10.27,1
26-01-2025 16:00,EST,CAPITL,61757,106.66,5.09,-18.14,1
26-01-2025 17:00,EST,CAPITL,61757,175.02,5.55,-81.4,1
26-01-2025 18:00,EST,CAPITL,61757,198.64,5.64,-104.93,1
26-01-2025 19:00,EST,CAPITL,61757,157.38,5.52,-64.24,1
26-01-2025 20:00,EST,CAPITL,61757,121.78,5.53,-28.45,1
26-01-2025 21:00,EST,CAPITL,61757,116.98,5.02,-30.99,1
26-01-2025 22:00,EST,CAPITL,61757,116,4.84,-33.11,1
26-01-2025 23:00,EST,CAPITL,61757,94.73,4.32,-18.41,1
27-01-2025 00:00,EST,CAPITL,61757,108.01,4.95,-21.84,1
27-01-2025 01:00,EST,CAPITL,61757,112.74,4.39,-36.42,1
27-01-2025 02:00,EST,CAPITL,61757,110.67,4.3,-34.67,1
27-01-2025 03:00,EST,CAPITL,61757,110.7,4.38,-34.55,1
27-01-2025 04:00,EST,CAPITL,61757,121.42,4.47,-44.95,1
27-01-2025 05:00,EST,CAPITL,61757,156,4.47,-79.38,1
27-01-2025 06:00,EST,CAPITL,61757,195,5.5,-102.25,1
27-01-2025 07:00,EST,CAPITL,61757,221.13,5.46,-127.7,1
27-01-2025 08:00,EST,CAPITL,61757,218.5,5.73,-124.52,1
27-01-2025 09:00,EST,CAPITL,61757,153,4.42,-74.94,1
27-01-2025 10:00,EST,CAPITL,61757,108.16,4.01,-32.44,1
27-01-2025 11:00,EST,CAPITL,61757,101.79,3.94,-26.15,1
27-01-2025 12:00,EST,CAPITL,61757,95.5,3.95,-19.71,1
27-01-2025 13:00,EST,CAPITL,61757,91.59,3.87,-15.94,1
27-01-2025 14:00,EST,CAPITL,61757,84.96,3.95,-9.24,1
27-01-2025 15:00,EST,CAPITL,61757,103.46,4.17,-27.37,1
27-01-2025 16:00,EST,CAPITL,61757,157.4,4.31,-81.17,1
27-01-2025 17:00,EST,CAPITL,61757,214.05,5.05,-126.31,1
27-01-2025 18:00,EST,CAPITL,61757,209.45,4.92,-123.97,1
27-01-2025 19:00,EST,CAPITL,61757,175,4.48,-98.22,1
27-01-2025 20:00,EST,CAPITL,61757,156.6,4.69,-76.22,1
27-01-2025 21:00,EST,CAPITL,61757,140.61,4.32,-64.22,1
27-01-2025 22:00,EST,CAPITL,61757,147.87,4.24,-71.78,1
27-01-2025 23:00,EST,CAPITL,61757,111.02,4.23,-35.09,1
28-01-2025 00:00,EST,CAPITL,61757,116.62,4,-41.21,1
28-01-2025 01:00,EST,CAPITL,61757,114.89,3.92,-39.62,1
28-01-2025 02:00,EST,CAPITL,61757,110.02,3.92,-34.83,1
28-01-2025 03:00,EST,CAPITL,61757,107.28,3.92,-32.09,1
28-01-2025 04:00,EST,CAPITL,61757,120.26,4.08,-44.63,1
28-01-2025 05:00,EST,CAPITL,61757,124.36,4.32,-48.03,1
28-01-2025 06:00,EST,CAPITL,61757,175,4.72,-91.61,1
28-01-2025 07:00,EST,CAPITL,61757,201,5.25,-108.22,1
28-01-2025 08:00,EST,CAPITL,61757,180.04,5.46,-86.6,1
28-01-2025 09:00,EST,CAPITL,61757,130.65,5.08,-37.95,1
28-01-2025 10:00,EST,CAPITL,61757,125.82,5.18,-32.83,1
28-01-2025 11:00,EST,CAPITL,61757,120.73,5.09,-27.83,1
28-01-2025 12:00,EST,CAPITL,61757,116.33,5.08,-23.54,1
28-01-2025 13:00,EST,CAPITL,61757,114.84,4.91,-23.81,1
28-01-2025 14:00,EST,CAPITL,61757,116.61,4.82,-24.18,1
28-01-2025 15:00,EST,CAPITL,61757,137.9,5.11,-44.63,1
28-01-2025 16:00,EST,CAPITL,61757,169.33,5.47,-75.6,1
28-01-2025 17:00,EST,CAPITL,61757,212.02,10.6,-33.25,1
28-01-2025 18:00,EST,CAPITL,61757,200,10.75,-18.68,1
28-01-2025 19:00,EST,CAPITL,61757,210.54,7.2,-87.22,1
28-01-2025 20:00,EST,CAPITL,61757,200.75,8.45,-51.52,1
28-01-2025 21:00,EST,CAPITL,61757,147.59,6.15,-37.26,1
28-01-2025 22:00,EST,CAPITL,61757,131.65,5.25,-38.86,1
28-01-2025 23:00,EST,CAPITL,61757,129.29,4.97,-37.15,1
29-01-2025 00:00,EST,CAPITL,61757,124.18,5.42,-23.6,1
29-01-2025 01:00,EST,CAPITL,61757,111.57,4.96,-17.96,1
29-01-2025 02:00,EST,CAPITL,61757,115.03,5.01,-22.03,1
29-01-2025 03:00,EST,CAPITL,61757,116.97,4.7,-29.82,1
29-01-2025 04:00,EST,CAPITL,61757,118.93,5.19,-22.55,1
29-01-2025 05:00,EST,CAPITL,61757,135,5.22,-38.15,1
29-01-2025 06:00,EST,CAPITL,61757,213.93,4.72,-129.1,1
29-01-2025 07:00,EST,CAPITL,61757,220.9,4.34,-144.25,1
29-01-2025 08:00,EST,CAPITL,61757,237.74,4.87,-153.11,1
29-01-2025 09:00,EST,CAPITL,61757,155.4,5.44,-57.68,1
29-01-2025 10:00,EST,CAPITL,61757,138.18,7.04,-9.77,1
29-01-2025 11:00,EST,CAPITL,61757,129.74,6.69,-5.63,1
29-01-2025 12:00,EST,CAPITL,61757,125.91,6.67,0,1
29-01-2025 13:00,EST,CAPITL,61757,124.68,6.81,-0.39,1
29-01-2025 14:00,EST,CAPITL,61757,119.95,6.46,-0.01,1
29-01-2025 15:00,EST,CAPITL,61757,129.35,6.97,0,1
29-01-2025 16:00,EST,CAPITL,61757,143.71,7.88,0,1
29-01-2025 17:00,EST,CAPITL,61757,200,5.68,-101.3,1
29-01-2025 18:00,EST,CAPITL,61757,205,6.27,-95.96,1
29-01-2025 19:00,EST,CAPITL,61757,175,5.77,-74.65,1
29-01-2025 20:00,EST,CAPITL,61757,150.51,7.26,-20.26,1
29-01-2025 21:00,EST,CAPITL,61757,139,7.32,-7.51,1
29-01-2025 22:00,EST,CAPITL,61757,137.56,6.78,-13.78,1
29-01-2025 23:00,EST,CAPITL,61757,140,5.93,-30.07,1
30-01-2025 00:00,EST,CAPITL,61757,108.36,6.03,-0.07,1
30-01-2025 01:00,EST,CAPITL,61757,100.05,5.3,0,1
30-01-2025 02:00,EST,CAPITL,61757,97.15,5.15,0,1
30-01-2025 03:00,EST,CAPITL,61757,99.3,5.35,0,1
30-01-2025 04:00,EST,CAPITL,61757,105.74,5.79,-0.07,1
30-01-2025 05:00,EST,CAPITL,61757,131.55,5.99,-28.96,1
30-01-2025 06:00,EST,CAPITL,61757,180.45,4.1,-106.9,1
30-01-2025 07:00,EST,CAPITL,61757,223.36,4.94,-130.17,1
30-01-2025 08:00,EST,CAPITL,61757,170.42,5.92,-62.33,1
30-01-2025 09:00,EST,CAPITL,61757,148.6,4.55,-56.42,1
30-01-2025 10:00,EST,CAPITL,61757,107.59,4.44,-16.06,1
30-01-2025 11:00,EST,CAPITL,61757,93.83,4.27,-2.3,1
30-01-2025 12:00,EST,CAPITL,61757,80.9,3.57,-1.42,1
30-01-2025 13:00,EST,CAPITL,61757,74.8,3.43,0,1
30-01-2025 14:00,EST,CAPITL,61757,92.56,3.26,-22.78,1
30-01-2025 15:00,EST,CAPITL,61757,74.81,3.63,0,1
30-01-2025 16:00,EST,CAPITL,61757,156.01,4.25,-73.07,1
30-01-2025 17:00,EST,CAPITL,61757,164.57,4.97,-72.34,1
30-01-2025 18:00,EST,CAPITL,61757,186.74,5.06,-94.33,1
30-01-2025 19:00,EST,CAPITL,61757,159.13,4.47,-74.76,1
30-01-2025 20:00,EST,CAPITL,61757,140.04,6.04,-24.08,1
30-01-2025 21:00,EST,CAPITL,61757,129.57,6.65,-8.29,1
30-01-2025 22:00,EST,CAPITL,61757,99.67,5.37,0,1
30-01-2025 23:00,EST,CAPITL,61757,132.64,4.27,-53.41,1
31-01-2025 00:00,EST,CAPITL,61757,120.59,3.64,-50.79,1
31-01-2025 01:00,EST,CAPITL,61757,108.23,3.89,-34.82,1
31-01-2025 02:00,EST,CAPITL,61757,109.93,3.88,-36.67,1
31-01-2025 03:00,EST,CAPITL,61757,124.29,3.65,-52.97,1
31-01-2025 04:00,EST,CAPITL,61757,77.53,4.11,0,1
31-01-2025 05:00,EST,CAPITL,61757,82,4.23,-0.84,1
31-01-2025 06:00,EST,CAPITL,61757,93.54,4.96,0,1
31-01-2025 07:00,EST,CAPITL,61757,123.19,5.5,-19.33,1
31-01-2025 08:00,EST,CAPITL,61757,126.27,6.47,0,1
31-01-2025 09:00,EST,CAPITL,61757,148.05,7.31,0,1
31-01-2025 10:00,EST,CAPITL,61757,138.21,6.08,0,1
31-01-2025 11:00,EST,CAPITL,61757,131.88,6.51,0,1
31-01-2025 12:00,EST,CAPITL,61757,115,6.04,-1.03,1
31-01-2025 13:00,EST,CAPITL,61757,97.7,5.15,-5.27,1
31-01-2025 14:00,EST,CAPITL,61757,103.73,5.14,-11.4,1
31-01-2025 15:00,EST,CAPITL,61757,107.39,5.23,-15.06,1
31-01-2025 16:00,EST,CAPITL,61757,97.66,5.03,-5.8,1
31-01-2025 17:00,EST,CAPITL,61757,101.58,5.04,-9.54,1
31-01-2025 18:00,EST,CAPITL,61757,100.4,4.66,-16.72,1
31-01-2025 19:00,EST,CAPITL,61757,108.14,4.14,-32.58,1
31-01-2025 20:00,EST,CAPITL,61757,96.39,4.22,-20.68,1
31-01-2025 21:00,EST,CAPITL,61757,82.76,4.13,-7.43,1
31-01-2025 22:00,EST,CAPITL,61757,75.85,4.13,-0.52,1
31-01-2025 23:00,EST,CAPITL,61757,75.18,4.05,0,1
01-02-2025 00:00,EST,CAPITL,61757,67.18,3.26,0,1
01-02-2025 01:00,EST,CAPITL,61757,55.12,2.62,0,1
01-02-2025 02:00,EST,CAPITL,61757,48.71,2.23,0,1
01-02-2025 03:00,EST,CAPITL,61757,46.91,2.06,0,1
01-02-2025 04:00,EST,CAPITL,61757,47.98,2.15,0,1
01-02-2025 05:00,EST,CAPITL,61757,50.37,2.31,0,1
01-02-2025 06:00,EST,CAPITL,61757,55.96,2.51,0,1
01-02-2025 07:00,EST,CAPITL,61757,58.81,2.64,0,1
01-02-2025 08:00,EST,CAPITL,61757,62.04,2.95,0,1
01-02-2025 09:00,EST,CAPITL,61757,70.25,3.15,0,1
01-02-2025 10:00,EST,CAPITL,61757,73.82,3.31,0,1
01-02-2025 11:00,EST,CAPITL,61757,65.47,2.82,0,1
01-02-2025 12:00,EST,CAPITL,61757,60.65,2.44,0,1
01-02-2025 13:00,EST,CAPITL,61757,63.94,2.63,0,1
01-02-2025 14:00,EST,CAPITL,61757,59.73,2.35,0,1
01-02-2025 15:00,EST,CAPITL,61757,70.5,2.78,0,1
01-02-2025 16:00,EST,CAPITL,61757,76.36,3.91,0,1
01-02-2025 17:00,EST,CAPITL,61757,99.84,5.83,0,1
01-02-2025 18:00,EST,CAPITL,61757,118,6.08,-15.53,1
01-02-2025 19:00,EST,CAPITL,61757,102.28,5.63,-5.87,1
01-02-2025 20:00,EST,CAPITL,61757,92.22,5.39,0,1
01-02-2025 21:00,EST,CAPITL,61757,82.79,4.61,0,1
01-02-2025 22:00,EST,CAPITL,61757,75.64,4.21,0,1
01-02-2025 23:00,EST,CAPITL,61757,84,4.45,0,1
02-02-2025 00:00,EST,CAPITL,61757,107.33,5.44,-2.91,1
02-02-2025 01:00,EST,CAPITL,61757,101.67,4.84,-7.22,1
02-02-2025 02:00,EST,CAPITL,61757,88.64,4.1,-8.57,1
02-02-2025 03:00,EST,CAPITL,61757,88.64,3.75,-15.44,1
02-02-2025 04:00,EST,CAPITL,61757,88.64,3.44,-21.36,1
02-02-2025 05:00,EST,CAPITL,61757,79.88,3.65,-8.61,1
02-02-2025 06:00,EST,CAPITL,61757,113.18,3.99,-36.56,1
02-02-2025 07:00,EST,CAPITL,61757,120.77,4.33,-40.34,1
02-02-2025 08:00,EST,CAPITL,61757,137.93,4.56,-56.02,1
02-02-2025 09:00,EST,CAPITL,61757,140,4.25,-62.49,1
02-02-2025 10:00,EST,CAPITL,61757,94.25,3.73,-24.99,1
02-02-2025 11:00,EST,CAPITL,61757,75.99,4.09,-0.06,1
02-02-2025 12:00,EST,CAPITL,61757,70.69,3.81,-0.06,1
02-02-2025 13:00,EST,CAPITL,61757,70.28,3.79,0,1
02-02-2025 14:00,EST,CAPITL,61757,70,3.77,0,1
02-02-2025 15:00,EST,CAPITL,61757,75.75,4.15,0,1
02-02-2025 16:00,EST,CAPITL,61757,98.14,5.05,-8.98,1
02-02-2025 17:00,EST,CAPITL,61757,128,6,-21.91,1
02-02-2025 18:00,EST,CAPITL,61757,170,5.81,-68.9,1
02-02-2025 19:00,EST,CAPITL,61757,108,5.3,-15.84,1
02-02-2025 20:00,EST,CAPITL,61757,98,4.68,-16.62,1
02-02-2025 21:00,EST,CAPITL,61757,78,3.86,-8.76,1
02-02-2025 22:00,EST,CAPITL,61757,60.96,3.39,-0.06,1
02-02-2025 23:00,EST,CAPITL,61757,62.94,3.01,-7.15,1
03-02-2025 00:00,EST,CAPITL,61757,74.09,3.53,0,1
03-02-2025 01:00,EST,CAPITL,61757,70.33,3.47,0,1
03-02-2025 02:00,EST,CAPITL,61757,69.86,3.51,0,1
03-02-2025 03:00,EST,CAPITL,61757,72.05,3.62,0,1
03-02-2025 04:00,EST,CAPITL,61757,72.81,3.6,0,1
03-02-2025 05:00,EST,CAPITL,61757,74.67,3.76,0,1
03-02-2025 06:00,EST,CAPITL,61757,75.63,4.21,0,1
03-02-2025 07:00,EST,CAPITL,61757,130.56,4.15,-54.83,1
03-02-2025 08:00,EST,CAPITL,61757,108.81,4.24,-32.71,1
03-02-2025 09:00,EST,CAPITL,61757,90.56,4.32,-14.25,1
03-02-2025 10:00,EST,CAPITL,61757,82.36,4.16,-6.5,1
03-02-2025 11:00,EST,CAPITL,61757,75.12,3.85,0,1
03-02-2025 12:00,EST,CAPITL,61757,74.75,3.63,0,1
03-02-2025 13:00,EST,CAPITL,61757,74.53,3.55,0,1
03-02-2025 14:00,EST,CAPITL,61757,71.19,3.39,0,1
03-02-2025 15:00,EST,CAPITL,61757,73.41,3.36,0,1
03-02-2025 16:00,EST,CAPITL,61757,73.29,3.62,0,1
03-02-2025 17:00,EST,CAPITL,61757,75.71,4.08,0,1
03-02-2025 18:00,EST,CAPITL,61757,83.07,4.24,-6.97,1
03-02-2025 19:00,EST,CAPITL,61757,75.12,3.85,0,1
03-02-2025 20:00,EST,CAPITL,61757,74.68,3.62,0,1
03-02-2025 21:00,EST,CAPITL,61757,72.65,3.33,0,1
03-02-2025 22:00,EST,CAPITL,61757,59.72,2.57,0,1
03-02-2025 23:00,EST,CAPITL,61757,56.27,2.58,0,1
04-02-2025 00:00,EST,CAPITL,61757,67.21,3.14,0,1
04-02-2025 01:00,EST,CAPITL,61757,65.12,3.16,0,1
04-02-2025 02:00,EST,CAPITL,61757,64.88,3.15,0,1
04-02-2025 03:00,EST,CAPITL,61757,61.17,2.97,0,1
04-02-2025 04:00,EST,CAPITL,61757,63.79,3.09,0,1
04-02-2025 05:00,EST,CAPITL,61757,66.38,3.16,0,1
04-02-2025 06:00,EST,CAPITL,61757,77.64,3.83,-2.75,1
04-02-2025 07:00,EST,CAPITL,61757,95.75,4.08,-20.12,1
04-02-2025 08:00,EST,CAPITL,61757,91,4.23,-14.98,1
04-02-2025 09:00,EST,CAPITL,61757,75.26,3.92,0,1
04-02-2025 10:00,EST,CAPITL,61757,73.19,3.62,0,1
04-02-2025 11:00,EST,CAPITL,61757,64.68,3.02,0,1
04-02-2025 12:00,EST,CAPITL,61757,61.78,2.77,0,1
04-02-2025 13:00,EST,CAPITL,61757,64.34,2.89,0,1
04-02-2025 14:00,EST,CAPITL,61757,70.13,3.21,0,1
04-02-2025 15:00,EST,CAPITL,61757,73.17,3.68,0,1
04-02-2025 16:00,EST,CAPITL,61757,83.31,4.52,-4.68,1
04-02-2025 17:00,EST,CAPITL,61757,140.12,5.74,-45.96,1
04-02-2025 18:00,EST,CAPITL,61757,156,5.92,-59.02,1
04-02-2025 19:00,EST,CAPITL,61757,156,5.66,-61.92,1
04-02-2025 20:00,EST,CAPITL,61757,130.12,5.26,-41.37,1
04-02-2025 21:00,EST,CAPITL,61757,89.04,4.25,-12.77,1
04-02-2025 22:00,EST,CAPITL,61757,80.07,4.08,-4.43,1
04-02-2025 23:00,EST,CAPITL,61757,83.1,3.99,-7.75,1
05-02-2025 00:00,EST,CAPITL,61757,102,5.32,-6.57,1
05-02-2025 01:00,EST,CAPITL,61757,99.41,5.27,0,1
05-02-2025 02:00,EST,CAPITL,61757,95.53,4.81,0,1
05-02-2025 03:00,EST,CAPITL,61757,95.94,4.83,0,1
05-02-2025 04:00,EST,CAPITL,61757,109.52,5.61,0,1
05-02-2025 05:00,EST,CAPITL,61757,125.44,6.31,0,1
05-02-2025 06:00,EST,CAPITL,61757,147.69,7.16,0,1
05-02-2025 07:00,EST,CAPITL,61757,177,8.5,-1.7,1
05-02-2025 08:00,EST,CAPITL,61757,162.24,7.58,0,1
05-02-2025 09:00,EST,CAPITL,61757,141.74,5.84,0,1
05-02-2025 10:00,EST,CAPITL,61757,133.37,4.76,0,1
05-02-2025 11:00,EST,CAPITL,61757,119.86,4.39,0,1
05-02-2025 12:00,EST,CAPITL,61757,112.77,4.13,0,1
05-02-2025 13:00,EST,CAPITL,61757,114.48,4.19,0,1
05-02-2025 14:00,EST,CAPITL,61757,120.92,4.53,0,1
05-02-2025 15:00,EST,CAPITL,61757,132.26,4.84,0,1
05-02-2025 16:00,EST,CAPITL,61757,148.66,6.12,0,1
05-02-2025 17:00,EST,CAPITL,61757,183.39,8.4,0,1
05-02-2025 18:00,EST,CAPITL,61757,190.65,8.9,0,1
05-02-2025 19:00,EST,CAPITL,61757,168.7,8.03,0,1
05-02-2025 20:00,EST,CAPITL,61757,150.94,7.46,0,1
05-02-2025 21:00,EST,CAPITL,61757,138.6,6.6,0,1
05-02-2025 22:00,EST,CAPITL,61757,124.64,6.49,0,1
05-02-2025 23:00,EST,CAPITL,61757,158,6.08,-41.22,1
06-02-2025 00:00,EST,CAPITL,61757,154.23,4.41,-77.5,1
06-02-2025 01:00,EST,CAPITL,61757,122.64,4.58,-45.45,1
06-02-2025 02:00,EST,CAPITL,61757,122.64,4.4,-46.07,1
06-02-2025 03:00,EST,CAPITL,61757,122.64,4.41,-46,1
06-02-2025 04:00,EST,CAPITL,61757,147.36,4.49,-70.55,1
06-02-2025 05:00,EST,CAPITL,61757,122.64,4.19,-46.2,1
06-02-2025 06:00,EST,CAPITL,61757,165.8,4.9,-77.85,1
06-02-2025 07:00,EST,CAPITL,61757,221.2,7.84,-73.22,1
06-02-2025 08:00,EST,CAPITL,61757,222.02,7.77,-80.24,1
06-02-2025 09:00,EST,CAPITL,61757,228,6.01,-123.4,1
06-02-2025 10:00,EST,CAPITL,61757,180,6.35,-65.93,1
06-02-2025 11:00,EST,CAPITL,61757,168.87,6.3,-57.5,1
06-02-2025 12:00,EST,CAPITL,61757,166.3,5.06,-73.89,1
06-02-2025 13:00,EST,CAPITL,61757,148.74,4.3,-71.45,1
06-02-2025 14:00,EST,CAPITL,61757,130,4.3,-52.79,1
06-02-2025 15:00,EST,CAPITL,61757,123.1,4.31,-44.42,1
06-02-2025 16:00,EST,CAPITL,61757,130,4.2,-53.28,1
06-02-2025 17:00,EST,CAPITL,61757,140.82,4.29,-63.72,1
06-02-2025 18:00,EST,CAPITL,61757,135.49,4.29,-58.46,1
06-02-2025 19:00,EST,CAPITL,61757,130,4.2,-53.28,1
06-02-2025 20:00,EST,CAPITL,61757,110,4.35,-33.22,1
06-02-2025 21:00,EST,CAPITL,61757,100.57,4.2,-25.23,1
06-02-2025 22:00,EST,CAPITL,61757,70.55,3.99,0,1
06-02-2025 23:00,EST,CAPITL,61757,74,3.74,-7.97,1
07-02-2025 00:00,EST,CAPITL,61757,61.89,3.34,0,1
07-02-2025 01:00,EST,CAPITL,61757,57.05,3.23,0,1
07-02-2025 02:00,EST,CAPITL,61757,57,3.18,0,1
07-02-2025 03:00,EST,CAPITL,61757,56.53,3.05,0,1
07-02-2025 04:00,EST,CAPITL,61757,56.43,3.04,0,1
07-02-2025 05:00,EST,CAPITL,61757,58.44,3.3,-0.07,1
07-02-2025 06:00,EST,CAPITL,61757,131.42,3.99,-59.84,1
07-02-2025 07:00,EST,CAPITL,61757,120,4.35,-43.22,1
07-02-2025 08:00,EST,CAPITL,61757,120,4.27,-43.35,1
07-02-2025 09:00,EST,CAPITL,61757,70,3.8,-1.8,1
07-02-2025 10:00,EST,CAPITL,61757,67.52,3.76,0,1
07-02-2025 11:00,EST,CAPITL,61757,65.07,3.45,0,1
07-02-2025 12:00,EST,CAPITL,61757,64.39,3.24,0,1
07-02-2025 13:00,EST,CAPITL,61757,63.63,3.32,0,1
07-02-2025 14:00,EST,CAPITL,61757,60.84,3.11,0,1
07-02-2025 15:00,EST,CAPITL,61757,67.51,3.46,0,1
07-02-2025 16:00,EST,CAPITL,61757,77.09,4.43,0,1
07-02-2025 17:00,EST,CAPITL,61757,113.63,4.7,-35.6,1
07-02-2025 18:00,EST,CAPITL,61757,113.63,4.7,-35.59,1
07-02-2025 19:00,EST,CAPITL,61757,109.5,4.6,-31.95,1
07-02-2025 20:00,EST,CAPITL,61757,93.28,4.67,-15.65,1
07-02-2025 21:00,EST,CAPITL,61757,77.16,4.51,0,1
07-02-2025 22:00,EST,CAPITL,61757,76.63,4.27,0,1
07-02-2025 23:00,EST,CAPITL,61757,101.16,4.51,-24,1
08-02-2025 00:00,EST,CAPITL,61757,72.5,4.19,-4.81,1
08-02-2025 01:00,EST,CAPITL,61757,64.89,3.91,0,1
08-02-2025 02:00,EST,CAPITL,61757,65.14,4.09,0,1
08-02-2025 03:00,EST,CAPITL,61757,69.75,4.32,0,1
08-02-2025 04:00,EST,CAPITL,61757,73.31,4.67,0,1
08-02-2025 05:00,EST,CAPITL,61757,74.73,4.63,0,1
08-02-2025 06:00,EST,CAPITL,61757,73.64,4.51,-0.78,1
08-02-2025 07:00,EST,CAPITL,61757,75.72,4.62,0,1
08-02-2025 08:00,EST,CAPITL,61757,79.75,4.8,0,1
08-02-2025 09:00,EST,CAPITL,61757,80.32,4.9,0,1
08-02-2025 10:00,EST,CAPITL,61757,85,5.26,0,1
08-02-2025 11:00,EST,CAPITL,61757,82.35,4.81,0,1
08-02-2025 12:00,EST,CAPITL,61757,75.22,4.46,0,1
08-02-2025 13:00,EST,CAPITL,61757,64.7,3.84,0,1
08-02-2025 14:00,EST,CAPITL,61757,74.94,4.44,0,1
08-02-2025 15:00,EST,CAPITL,61757,99.17,4.93,-17.21,1
08-02-2025 16:00,EST,CAPITL,61757,119.72,5.43,-29.5,1
08-02-2025 17:00,EST,CAPITL,61757,129.97,5.95,-32.47,1
08-02-2025 18:00,EST,CAPITL,61757,129.62,5.99,-31.49,1
08-02-2025 19:00,EST,CAPITL,61757,139.28,5.08,-55.95,1
08-02-2025 20:00,EST,CAPITL,61757,130,5.27,-42.43,1
08-02-2025 21:00,EST,CAPITL,61757,120,4.61,-43.49,1
08-02-2025 22:00,EST,CAPITL,61757,78.2,4.64,0,1
08-02-2025 23:00,EST,CAPITL,61757,77,4.57,0,1
09-02-2025 00:00,EST,CAPITL,61757,72.36,4.05,-2.92,1
09-02-2025 01:00,EST,CAPITL,61757,68.61,3.76,0,1
09-02-2025 02:00,EST,CAPITL,61757,68.68,3.83,0,1
09-02-2025 03:00,EST,CAPITL,61757,68.34,3.68,0,1
09-02-2025 04:00,EST,CAPITL,61757,68.2,3.61,0,1
09-02-2025 05:00,EST,CAPITL,61757,68.28,3.56,0,1
09-02-2025 06:00,EST,CAPITL,61757,68.81,3.83,0,1
09-02-2025 07:00,EST,CAPITL,61757,70.77,3.83,-2.09,1
09-02-2025 08:00,EST,CAPITL,61757,83.51,3.98,-14.28,1
09-02-2025 09:00,EST,CAPITL,61757,114.69,4.25,-43.06,1
09-02-2025 10:00,EST,CAPITL,61757,118,4.38,-44.16,1
09-02-2025 11:00,EST,CAPITL,61757,91.33,4.06,-21.74,1
09-02-2025 12:00,EST,CAPITL,61757,88,3.91,-18.91,1
09-02-2025 13:00,EST,CAPITL,61757,88,3.91,-18.98,1
09-02-2025 14:00,EST,CAPITL,61757,73.71,3.84,-4.83,1
09-02-2025 15:00,EST,CAPITL,61757,98,4.18,-26.42,1
09-02-2025 16:00,EST,CAPITL,61757,118,4.9,-35.41,1
09-02-2025 17:00,EST,CAPITL,61757,171.95,5.68,-77.58,1
09-02-2025 18:00,EST,CAPITL,61757,199.07,5.55,-106.87,1
09-02-2025 19:00,EST,CAPITL,61757,171,5.23,-84.2,1
09-02-2025 20:00,EST,CAPITL,61757,138.62,5.02,-55.18,1
09-02-2025 21:00,EST,CAPITL,61757,125,4.69,-47.05,1
09-02-2025 22:00,EST,CAPITL,61757,90.89,4.22,-20.81,1
09-02-2025 23:00,EST,CAPITL,61757,88,3.91,-18.85,1
10-02-2025 00:00,EST,CAPITL,61757,83.01,4.47,-7.71,1
10-02-2025 01:00,EST,CAPITL,61757,78,4.37,-3.16,1
10-02-2025 02:00,EST,CAPITL,61757,78,4.29,-3.38,1
10-02-2025 03:00,EST,CAPITL,61757,78,4.38,-3.07,1
10-02-2025 04:00,EST,CAPITL,61757,88,4.54,-12.53,1
10-02-2025 05:00,EST,CAPITL,61757,101.72,5.1,-17.03,1
10-02-2025 06:00,EST,CAPITL,61757,115.72,6.38,-2.96,1
10-02-2025 07:00,EST,CAPITL,61757,179.57,7.37,-38.14,1
10-02-2025 08:00,EST,CAPITL,61757,175.41,8.66,-19.95,1
10-02-2025 09:00,EST,CAPITL,61757,142.11,5.79,-38.13,1
10-02-2025 10:00,EST,CAPITL,61757,123.69,5.52,-21.22,1
10-02-2025 11:00,EST,CAPITL,61757,103.54,5.01,-7.38,1
10-02-2025 12:00,EST,CAPITL,61757,112.84,4.44,-27.7,1
10-02-2025 13:00,EST,CAPITL,61757,111.59,4.12,-32.49,1
10-02-2025 14:00,EST,CAPITL,61757,117.55,3.75,-42.95,1
10-02-2025 15:00,EST,CAPITL,61757,136.82,3.86,-61.43,1
10-02-2025 16:00,EST,CAPITL,61757,171.79,5.4,-69.92,1
10-02-2025 17:00,EST,CAPITL,61757,188.02,5.71,-85.47,1
10-02-2025 18:00,EST,CAPITL,61757,206.96,5.72,-104.2,1
10-02-2025 19:00,EST,CAPITL,61757,188,5.61,-85.65,1
10-02-2025 20:00,EST,CAPITL,61757,178.4,5.52,-76.04,1
10-02-2025 21:00,EST,CAPITL,61757,153.34,4.79,-62.96,1
10-02-2025 22:00,EST,CAPITL,61757,128.93,5.5,-28.65,1
10-02-2025 23:00,EST,CAPITL,61757,125.9,4.89,-40.94,1
11-02-2025 00:00,EST,CAPITL,61757,146.99,4.64,-67.5,1
11-02-2025 01:00,EST,CAPITL,61757,149.62,4.47,-73.12,1
11-02-2025 02:00,EST,CAPITL,61757,140,4.65,-61.64,1
11-02-2025 03:00,EST,CAPITL,61757,145.4,4.75,-65.35,1
11-02-2025 04:00,EST,CAPITL,61757,140,4.86,-58.11,1
11-02-2025 05:00,EST,CAPITL,61757,129.25,5.56,-29.4,1
11-02-2025 06:00,EST,CAPITL,61757,222.02,6.19,-116.07,1
11-02-2025 07:00,EST,CAPITL,61757,224.95,5.87,-121.18,1
11-02-2025 08:00,EST,CAPITL,61757,228,5.93,-124.83,1
11-02-2025 09:00,EST,CAPITL,61757,179.27,4.79,-93.32,1
11-02-2025 10:00,EST,CAPITL,61757,148.51,5.4,-53.05,1
11-02-2025 11:00,EST,CAPITL,61757,138.59,4.55,-54.2,1
11-02-2025 12:00,EST,CAPITL,61757,138.8,4.06,-63.56,1
11-02-2025 13:00,EST,CAPITL,61757,135.7,3.91,-60.73,1
11-02-2025 14:00,EST,CAPITL,61757,143.15,3.91,-68.1,1
11-02-2025 15:00,EST,CAPITL,61757,151.9,4.42,-68.57,1
11-02-2025 16:00,EST,CAPITL,61757,173.72,5.63,-71.05,1
11-02-2025 17:00,EST,CAPITL,61757,222.02,6.04,-118.54,1
11-02-2025 18:00,EST,CAPITL,61757,229.25,6.15,-123.95,1
11-02-2025 19:00,EST,CAPITL,61757,208,5.94,-104.73,1
11-02-2025 20:00,EST,CAPITL,61757,172.81,5.93,-69.64,1
11-02-2025 21:00,EST,CAPITL,61757,145.78,6,-43.04,1
11-02-2025 22:00,EST,CAPITL,61757,131.31,6.01,-28.46,1
11-02-2025 23:00,EST,CAPITL,61757,147.99,5.94,-44.69,1
12-02-2025 00:00,EST,CAPITL,61757,113.9,6.24,-0.08,1
12-02-2025 01:00,EST,CAPITL,61757,158.8,5.8,-53.02,1
12-02-2025 02:00,EST,CAPITL,61757,119.18,6.27,-4.83,1
12-02-2025 03:00,EST,CAPITL,61757,119.38,6.22,0,1
12-02-2025 04:00,EST,CAPITL,61757,121.06,6.31,0,1
12-02-2025 05:00,EST,CAPITL,61757,129.26,6.31,-3.71,1
12-02-2025 06:00,EST,CAPITL,61757,258.64,6.99,-124.51,1
12-02-2025 07:00,EST,CAPITL,61757,245,6.21,-116.91,1
12-02-2025 08:00,EST,CAPITL,61757,332.6,6.23,-204.17,1
12-02-2025 09:00,EST,CAPITL,61757,230.98,6.75,-86.4,1
12-02-2025 10:00,EST,CAPITL,61757,164.3,6.73,-20.09,1
12-02-2025 11:00,EST,CAPITL,61757,145.73,6.81,0,1
12-02-2025 12:00,EST,CAPITL,61757,152.68,5.9,-28.66,1
12-02-2025 13:00,EST,CAPITL,61757,164.3,5.37,-59.38,1
12-02-2025 14:00,EST,CAPITL,61757,160,5.11,-58.4,1
12-02-2025 15:00,EST,CAPITL,61757,127.58,5.73,0,1
12-02-2025 16:00,EST,CAPITL,61757,163.35,7.92,0,1
12-02-2025 17:00,EST,CAPITL,61757,183.09,9.37,0,1
12-02-2025 18:00,EST,CAPITL,61757,196.55,9.38,-16.55,1
12-02-2025 19:00,EST,CAPITL,61757,159.38,8.32,-2.46,1
12-02-2025 20:00,EST,CAPITL,61757,139.02,7.3,-1.32,1
12-02-2025 21:00,EST,CAPITL,61757,165.74,5.59,-60.2,1
12-02-2025 22:00,EST,CAPITL,61757,148.34,4.88,-56.36,1
12-02-2025 23:00,EST,CAPITL,61757,150,4.67,-61.94,1
13-02-2025 00:00,EST,CAPITL,61757,94.96,4.01,-26.37,1
13-02-2025 01:00,EST,CAPITL,61757,87.29,3.23,-32.74,1
13-02-2025 02:00,EST,CAPITL,61757,82.01,3.03,-31.71,1
13-02-2025 03:00,EST,CAPITL,61757,71.65,3.09,-19.57,1
13-02-2025 04:00,EST,CAPITL,61757,55.28,3.42,0,1
13-02-2025 05:00,EST,CAPITL,61757,60.76,3.71,0,1
13-02-2025 06:00,EST,CAPITL,61757,74.94,4.38,0,1
13-02-2025 07:00,EST,CAPITL,61757,88,5.22,0,1
13-02-2025 08:00,EST,CAPITL,61757,90.4,5.36,0,1
13-02-2025 09:00,EST,CAPITL,61757,91.02,5.33,-2.55,1
13-02-2025 10:00,EST,CAPITL,61757,107.11,5.67,-15.46,1
13-02-2025 11:00,EST,CAPITL,61757,112.19,5.27,-28.21,1
13-02-2025 12:00,EST,CAPITL,61757,105.07,4.36,-34.56,1
13-02-2025 13:00,EST,CAPITL,61757,80.07,3.97,-15.87,1
13-02-2025 14:00,EST,CAPITL,61757,77.43,3.7,-17.61,1
13-02-2025 15:00,EST,CAPITL,61757,71.31,3.92,-8.93,1
13-02-2025 16:00,EST,CAPITL,61757,78.41,3.98,-15.07,1
13-02-2025 17:00,EST,CAPITL,61757,93.94,4.77,-19.01,1
13-02-2025 18:00,EST,CAPITL,61757,103.17,4.88,-26.59,1
13-02-2025 19:00,EST,CAPITL,61757,104.81,3.86,-44.18,1
13-02-2025 20:00,EST,CAPITL,61757,80.07,4.24,-13.52,1
13-02-2025 21:00,EST,CAPITL,61757,70.66,3.92,-8.19,1
13-02-2025 22:00,EST,CAPITL,61757,59.69,3.8,0,1
13-02-2025 23:00,EST,CAPITL,61757,61.08,3.38,-5.68,1
14-02-2025 00:00,EST,CAPITL,61757,106.67,3.56,-42.71,1
14-02-2025 01:00,EST,CAPITL,61757,106,3.33,-44.15,1
14-02-2025 02:00,EST,CAPITL,61757,96.02,3.43,-33.38,1
14-02-2025 03:00,EST,CAPITL,61757,92.89,3.38,-30.09,1
14-02-2025 04:00,EST,CAPITL,61757,99,3.49,-35.29,1
14-02-2025 05:00,EST,CAPITL,61757,106.04,3.47,-43.67,1
14-02-2025 06:00,EST,CAPITL,61757,136.55,3.96,-69.85,1
14-02-2025 07:00,EST,CAPITL,61757,158.56,3.79,-93.74,1
14-02-2025 08:00,EST,CAPITL,61757,146,4.33,-76.02,1
14-02-2025 09:00,EST,CAPITL,61757,99,3.92,-33.85,1
14-02-2025 10:00,EST,CAPITL,61757,100,3.86,-34.98,1
14-02-2025 11:00,EST,CAPITL,61757,88,3.79,-23.12,1
14-02-2025 12:00,EST,CAPITL,61757,80.05,3.77,-15.45,1
14-02-2025 13:00,EST,CAPITL,61757,78,3.64,-13.65,1
14-02-2025 14:00,EST,CAPITL,61757,78,3.71,-13.49,1
14-02-2025 15:00,EST,CAPITL,61757,87.43,4.07,-21.72,1
14-02-2025 16:00,EST,CAPITL,61757,112.86,4.05,-47.38,1
14-02-2025 17:00,EST,CAPITL,61757,139.3,5.69,-48.65,1
14-02-2025 18:00,EST,CAPITL,61757,186.41,6.56,-82.02,1
14-02-2025 19:00,EST,CAPITL,61757,148.38,5.71,-56.07,1
14-02-2025 20:00,EST,CAPITL,61757,143.25,5.5,-54.34,1
14-02-2025 21:00,EST,CAPITL,61757,136,4.85,-56.56,1
14-02-2025 22:00,EST,CAPITL,61757,135.13,4.42,-61.7,1
14-02-2025 23:00,EST,CAPITL,61757,135.87,4.45,-60.87,1
15-02-2025 00:00,EST,CAPITL,61757,134.36,5.06,-47.68,1
15-02-2025 01:00,EST,CAPITL,61757,100,5,-14.41,1
15-02-2025 02:00,EST,CAPITL,61757,134.1,4.6,-55.28,1
15-02-2025 03:00,EST,CAPITL,61757,100,4.35,-25.5,1
15-02-2025 04:00,EST,CAPITL,61757,97.72,4.4,-22.35,1
15-02-2025 05:00,EST,CAPITL,61757,110,4.61,-31.07,1
15-02-2025 06:00,EST,CAPITL,61757,138.01,4.43,-63.3,1
15-02-2025 07:00,EST,CAPITL,61757,146.81,4.03,-77.73,1
15-02-2025 08:00,EST,CAPITL,61757,183.04,4.58,-106.92,1
15-02-2025 09:00,EST,CAPITL,61757,210.06,4.95,-127.86,1
15-02-2025 10:00,EST,CAPITL,61757,184.46,5.51,-92.98,1
15-02-2025 11:00,EST,CAPITL,61757,174.14,5.19,-86.63,1
15-02-2025 12:00,EST,CAPITL,61757,178.54,5.26,-91.12,1
15-02-2025 13:00,EST,CAPITL,61757,181.4,5.11,-96.48,1
15-02-2025 14:00,EST,CAPITL,61757,147.67,4.67,-68.87,1
15-02-2025 15:00,EST,CAPITL,61757,179.05,3.94,-112.63,1
15-02-2025 16:00,EST,CAPITL,61757,199.57,4.21,-129.65,1
15-02-2025 17:00,EST,CAPITL,61757,320.97,4.72,-243.62,1
15-02-2025 18:00,EST,CAPITL,61757,232.59,4.42,-159.19,1
15-02-2025 19:00,EST,CAPITL,61757,199.82,3.95,-134.2,1
15-02-2025 20:00,EST,CAPITL,61757,187.48,4.41,-113.08,1
15-02-2025 21:00,EST,CAPITL,61757,176.5,3.41,-117.24,1
15-02-2025 22:00,EST,CAPITL,61757,168.7,3.41,-109.44,1
15-02-2025 23:00,EST,CAPITL,61757,139.32,3.36,-80,1
16-02-2025 00:00,EST,CAPITL,61757,100.81,4.02,-32.97,1
16-02-2025 01:00,EST,CAPITL,61757,90.69,3.72,-25.98,1
16-02-2025 02:00,EST,CAPITL,61757,97.33,3.72,-32.69,1
16-02-2025 03:00,EST,CAPITL,61757,93.58,3.66,-29,1
16-02-2025 04:00,EST,CAPITL,61757,95,3.65,-30.49,1
16-02-2025 05:00,EST,CAPITL,61757,90.82,3.65,-26.3,1
16-02-2025 06:00,EST,CAPITL,61757,100.38,3.58,-36.08,1
16-02-2025 07:00,EST,CAPITL,61757,97.12,3.58,-32.89,1
16-02-2025 08:00,EST,CAPITL,61757,99.02,5.59,-0.17,1
16-02-2025 09:00,EST,CAPITL,61757,153.6,5.84,-52.1,1
16-02-2025 10:00,EST,CAPITL,61757,156.66,5.84,-55.06,1
16-02-2025 11:00,EST,CAPITL,61757,157.42,5.85,-55.62,1
16-02-2025 12:00,EST,CAPITL,61757,170,5.85,-68.3,1
16-02-2025 13:00,EST,CAPITL,61757,155.69,5.75,-54.18,1
16-02-2025 14:00,EST,CAPITL,61757,152.32,5.75,-50.72,1
16-02-2025 15:00,EST,CAPITL,61757,142.83,5.74,-41.44,1
16-02-2025 16:00,EST,CAPITL,61757,151.8,5.86,-49.89,1
16-02-2025 17:00,EST,CAPITL,61757,161.05,5.96,-59.05,1
16-02-2025 18:00,EST,CAPITL,61757,160.23,5.87,-58.23,1
16-02-2025 19:00,EST,CAPITL,61757,141.19,5.75,-39.58,1
16-02-2025 20:00,EST,CAPITL,61757,120,5.74,-18.61,1
16-02-2025 21:00,EST,CAPITL,61757,114.53,3.58,-50.29,1
16-02-2025 22:00,EST,CAPITL,61757,91.75,3.66,-27.17,1
16-02-2025 23:00,EST,CAPITL,61757,98.73,3.52,-34.49,1
17-02-2025 00:00,EST,CAPITL,61757,114.03,3.73,-49.2,1
17-02-2025 01:00,EST,CAPITL,61757,108.14,3.82,-38.46,1
17-02-2025 02:00,EST,CAPITL,61757,98,4.01,-24.89,1
17-02-2025 03:00,EST,CAPITL,61757,98,3.95,-25.93,1
17-02-2025 04:00,EST,CAPITL,61757,96.52,4.16,-24.11,1
17-02-2025 05:00,EST,CAPITL,61757,98.83,4.27,-23.4,1
17-02-2025 06:00,EST,CAPITL,61757,110.84,4.93,-23.7,1
17-02-2025 07:00,EST,CAPITL,61757,128.97,4.49,-49.66,1
17-02-2025 08:00,EST,CAPITL,61757,153.41,5.54,-57,1
17-02-2025 09:00,EST,CAPITL,61757,138.58,5.46,-43.59,1
17-02-2025 10:00,EST,CAPITL,61757,150.75,5.65,-50.93,1
17-02-2025 11:00,EST,CAPITL,61757,148.62,5.63,-47.62,1
17-02-2025 12:00,EST,CAPITL,61757,148.11,5.25,-53.82,1
17-02-2025 13:00,EST,CAPITL,61757,143.45,5.04,-52.96,1
17-02-2025 14:00,EST,CAPITL,61757,147.54,5.28,-51.22,1
17-02-2025 15:00,EST,CAPITL,61757,152.47,5.9,-44.78,1
17-02-2025 16:00,EST,CAPITL,61757,169.96,6.64,-52.66,1
17-02-2025 17:00,EST,CAPITL,61757,194.32,7.09,-74.83,1
17-02-2025 18:00,EST,CAPITL,61757,202.61,7.37,-80.17,1
17-02-2025 19:00,EST,CAPITL,61757,182.94,7.19,-63.56,1
17-02-2025 20:00,EST,CAPITL,61757,169.59,6.95,-50.57,1
17-02-2025 21:00,EST,CAPITL,61757,161.92,5.74,-62.03,1
17-02-2025 22:00,EST,CAPITL,61757,152.47,6.43,-38.86,1
17-02-2025 23:00,EST,CAPITL,61757,153.43,6.11,-43.68,1
18-02-2025 00:00,EST,CAPITL,61757,147.55,6.81,-27.18,1
18-02-2025 01:00,EST,CAPITL,61757,145.5,6.73,-24.75,1
18-02-2025 02:00,EST,CAPITL,61757,141.33,6.84,-20.47,1
18-02-2025 03:00,EST,CAPITL,61757,141.82,6.87,-20.46,1
18-02-2025 04:00,EST,CAPITL,61757,147.65,6.99,-26.06,1
18-02-2025 05:00,EST,CAPITL,61757,152.87,8.63,-5.1,1
18-02-2025 06:00,EST,CAPITL,61757,191.93,9,-40.22,1
18-02-2025 07:00,EST,CAPITL,61757,248.02,8.75,-95.88,1
18-02-2025 08:00,EST,CAPITL,61757,238.79,9.87,-72.4,1
18-02-2025 09:00,EST,CAPITL,61757,188.9,8.33,-48.36,1
18-02-2025 10:00,EST,CAPITL,61757,153.49,7.57,-23.84,1
18-02-2025 11:00,EST,CAPITL,61757,149.81,7.61,-15.36,1
18-02-2025 12:00,EST,CAPITL,61757,149.05,6.75,-27.93,1
18-02-2025 13:00,EST,CAPITL,61757,144.64,6.49,-26.19,1
18-02-2025 14:00,EST,CAPITL,61757,147.64,6.37,-29.42,1
18-02-2025 15:00,EST,CAPITL,61757,152.23,6.74,-29.29,1
18-02-2025 16:00,EST,CAPITL,61757,160.71,9.36,-0.49,1
18-02-2025 17:00,EST,CAPITL,61757,211.34,11.29,-8.72,1
18-02-2025 18:00,EST,CAPITL,61757,216.18,11.46,0,1
18-02-2025 19:00,EST,CAPITL,61757,198.8,10.89,0,1
18-02-2025 20:00,EST,CAPITL,61757,187.64,10.11,0,1
18-02-2025 21:00,EST,CAPITL,61757,188,8.44,-41.19,1
18-02-2025 22:00,EST,CAPITL,61757,164.68,9.06,-7.03,1
18-02-2025 23:00,EST,CAPITL,61757,165.34,8.54,-16.8,1
19-02-2025 00:00,EST,CAPITL,61757,145.62,6.87,-26.23,1
19-02-2025 01:00,EST,CAPITL,61757,147.59,6.86,-28.32,1
19-02-2025 02:00,EST,CAPITL,61757,144.32,7,-24.42,1
19-02-2025 03:00,EST,CAPITL,61757,136.78,7.23,-11.12,1
19-02-2025 04:00,EST,CAPITL,61757,137.48,7.78,-2.11,1
19-02-2025 05:00,EST,CAPITL,61757,148.06,8.78,0,1
19-02-2025 06:00,EST,CAPITL,61757,222.02,9.2,-64.43,1
19-02-2025 07:00,EST,CAPITL,61757,252.61,10.57,-71.58,1
19-02-2025 08:00,EST,CAPITL,61757,195.55,10.27,-14.13,1
19-02-2025 09:00,EST,CAPITL,61757,169.44,9.59,0,1
19-02-2025 10:00,EST,CAPITL,61757,161.93,8.87,0,1
19-02-2025 11:00,EST,CAPITL,61757,156.5,8.44,0,1
19-02-2025 12:00,EST,CAPITL,61757,153.37,8.13,0,1
19-02-2025 13:00,EST,CAPITL,61757,150.92,7.73,0,1
19-02-2025 14:00,EST,CAPITL,61757,151.65,8.04,0,1
19-02-2025 15:00,EST,CAPITL,61757,155.86,8.26,0,1
19-02-2025 16:00,EST,CAPITL,61757,166.31,9.11,0,1
19-02-2025 17:00,EST,CAPITL,61757,198.22,11.75,0,1
19-02-2025 18:00,EST,CAPITL,61757,222.02,12.11,-11.37,1
19-02-2025 19:00,EST,CAPITL,61757,194.29,10.73,-7.73,1
19-02-2025 20:00,EST,CAPITL,61757,181.53,10.44,0,1
19-02-2025 21:00,EST,CAPITL,61757,161.62,9.15,0,1
19-02-2025 22:00,EST,CAPITL,61757,159.79,9.04,0,1
19-02-2025 23:00,EST,CAPITL,61757,159.57,8.74,0,1
20-02-2025 00:00,EST,CAPITL,61757,149.52,9,0,1
20-02-2025 01:00,EST,CAPITL,61757,143.35,8.27,-3.88,1
20-02-2025 02:00,EST,CAPITL,61757,142.18,7.38,-17.81,1
20-02-2025 03:00,EST,CAPITL,61757,141.73,8.77,0,1
20-02-2025 04:00,EST,CAPITL,61757,144.76,8.71,0,1
20-02-2025 05:00,EST,CAPITL,61757,152.62,9.19,0,1
20-02-2025 06:00,EST,CAPITL,61757,179.25,10.15,0,1
20-02-2025 07:00,EST,CAPITL,61757,203.98,12.1,0,1
20-02-2025 08:00,EST,CAPITL,61757,192.95,11.09,0,1
20-02-2025 09:00,EST,CAPITL,61757,171,10.14,0,1
20-02-2025 10:00,EST,CAPITL,61757,161.98,9.61,0,1
20-02-2025 11:00,EST,CAPITL,61757,155.67,9.09,0,1
20-02-2025 12:00,EST,CAPITL,61757,155.72,7.4,-32.77,1
20-02-2025 13:00,EST,CAPITL,61757,152.51,7.3,-29.42,1
20-02-2025 14:00,EST,CAPITL,61757,152.2,7.1,-32.46,1
20-02-2025 15:00,EST,CAPITL,61757,158.2,7.44,-34.67,1
20-02-2025 16:00,EST,CAPITL,61757,168.11,7.22,-48.12,1
20-02-2025 17:00,EST,CAPITL,61757,197.43,7.53,-73.99,1
20-02-2025 18:00,EST,CAPITL,61757,208.94,8.14,-77.48,1
20-02-2025 19:00,EST,CAPITL,61757,192.89,7.38,-70.31,1
20-02-2025 20:00,EST,CAPITL,61757,175.22,7.38,-48.91,1
20-02-2025 21:00,EST,CAPITL,61757,162.77,6.99,-43.15,1
20-02-2025 22:00,EST,CAPITL,61757,152.66,6.68,-34.67,1
20-02-2025 23:00,EST,CAPITL,61757,154.12,6.61,-35.43,1
21-02-2025 00:00,EST,CAPITL,61757,142.7,8.08,0,1
21-02-2025 01:00,EST,CAPITL,61757,134.63,7.62,0,1
21-02-2025 02:00,EST,CAPITL,61757,130.22,7.49,0,1
21-02-2025 03:00,EST,CAPITL,61757,131.04,7.65,0,1
21-02-2025 04:00,EST,CAPITL,61757,134.2,7.84,0,1
21-02-2025 05:00,EST,CAPITL,61757,144.13,8.42,0,1
21-02-2025 06:00,EST,CAPITL,61757,155.81,9.78,-0.07,1
21-02-2025 07:00,EST,CAPITL,61757,185.06,9.68,-26.4,1
21-02-2025 08:00,EST,CAPITL,61757,165.4,8.83,-22.76,1
21-02-2025 09:00,EST,CAPITL,61757,153.44,7.06,-32.62,1
21-02-2025 10:00,EST,CAPITL,61757,140.31,6.77,-24.4,1
21-02-2025 11:00,EST,CAPITL,61757,133.89,6.33,-22.12,1
21-02-2025 12:00,EST,CAPITL,61757,126.91,5.75,-26.98,1
21-02-2025 13:00,EST,CAPITL,61757,127.49,4.82,-42.38,1
21-02-2025 14:00,EST,CAPITL,61757,131.14,4.36,-52.79,1
21-02-2025 15:00,EST,CAPITL,61757,134.7,5.5,-39.01,1
21-02-2025 16:00,EST,CAPITL,61757,146.97,6.08,-44.46,1
21-02-2025 17:00,EST,CAPITL,61757,171.63,6.91,-58.36,1
21-02-2025 18:00,EST,CAPITL,61757,189.11,6.88,-79.53,1
21-02-2025 19:00,EST,CAPITL,61757,169.61,6.4,-63.29,1
21-02-2025 20:00,EST,CAPITL,61757,151.97,7.26,-31.31,1
21-02-2025 21:00,EST,CAPITL,61757,138.42,7.15,-19.57,1
21-02-2025 22:00,EST,CAPITL,61757,130.12,7.77,-2.78,1
21-02-2025 23:00,EST,CAPITL,61757,138.61,8.09,0,1
22-02-2025 00:00,EST,CAPITL,61757,114.74,6.91,0,1
22-02-2025 01:00,EST,CAPITL,61757,114.54,6.9,0,1
22-02-2025 02:00,EST,CAPITL,61757,107.55,6.28,0,1
22-02-2025 03:00,EST,CAPITL,61757,105.02,6.23,0,1
22-02-2025 04:00,EST,CAPITL,61757,103.31,6.03,0,1
22-02-2025 05:00,EST,CAPITL,61757,103.02,6.11,0,1
22-02-2025 06:00,EST,CAPITL,61757,154.61,6.12,-51.49,1
22-02-2025 07:00,EST,CAPITL,61757,144.31,5.89,-41.91,1
22-02-2025 08:00,EST,CAPITL,61757,124.61,5.91,-21.89,1
22-02-2025 09:00,EST,CAPITL,61757,102.51,5.8,0,1
22-02-2025 10:00,EST,CAPITL,61757,90.52,4.72,0,1
22-02-2025 11:00,EST,CAPITL,61757,79.44,3.92,0,1
22-02-2025 12:00,EST,CAPITL,61757,74.13,3.46,0,1
22-02-2025 13:00,EST,CAPITL,61757,72.89,3.4,0,1
22-02-2025 14:00,EST,CAPITL,61757,71.52,3.34,0,1
22-02-2025 15:00,EST,CAPITL,61757,76.95,3.73,0,1
22-02-2025 16:00,EST,CAPITL,61757,92.13,4.88,0,1
22-02-2025 17:00,EST,CAPITL,61757,112.94,6.27,-8.72,1
22-02-2025 18:00,EST,CAPITL,61757,114.07,6.38,-8.12,1
22-02-2025 19:00,EST,CAPITL,61757,103.18,6.11,-0.07,1
22-02-2025 20:00,EST,CAPITL,61757,102.3,5.79,0,1
22-02-2025 21:00,EST,CAPITL,61757,102.09,5.78,0,1
22-02-2025 22:00,EST,CAPITL,61757,93.29,5.03,0,1
22-02-2025 23:00,EST,CAPITL,61757,90.73,4.73,0,1
23-02-2025 00:00,EST,CAPITL,61757,86.87,4.53,0,1
23-02-2025 01:00,EST,CAPITL,61757,80.18,4.18,0,1
23-02-2025 02:00,EST,CAPITL,61757,75.86,3.95,0,1
23-02-2025 03:00,EST,CAPITL,61757,77.14,4.02,0,1
23-02-2025 04:00,EST,CAPITL,61757,82.5,4.08,0,1
23-02-2025 05:00,EST,CAPITL,61757,77.75,3.98,0,1
23-02-2025 06:00,EST,CAPITL,61757,86.87,4.45,0,1
23-02-2025 07:00,EST,CAPITL,61757,82.11,3.98,0,1
23-02-2025 08:00,EST,CAPITL,61757,72.58,3.26,0,1
23-02-2025 09:00,EST,CAPITL,61757,67.78,3.17,0,1
23-02-2025 10:00,EST,CAPITL,61757,65.58,3.06,0,1
23-02-2025 11:00,EST,CAPITL,61757,66.16,3.03,0,1
23-02-2025 12:00,EST,CAPITL,61757,67.83,2.92,0,1
23-02-2025 13:00,EST,CAPITL,61757,66.07,2.91,0,1
23-02-2025 14:00,EST,CAPITL,61757,66.32,2.92,0,1
23-02-2025 15:00,EST,CAPITL,61757,67.61,2.97,0,1
23-02-2025 16:00,EST,CAPITL,61757,83.71,3.91,0,1
23-02-2025 17:00,EST,CAPITL,61757,100.41,4.69,0,1
23-02-2025 18:00,EST,CAPITL,61757,114.7,5.46,0,1
23-02-2025 19:00,EST,CAPITL,61757,103.52,4.83,0,1
23-02-2025 20:00,EST,CAPITL,61757,98.08,4.49,0,1
23-02-2025 21:00,EST,CAPITL,61757,84.65,3.8,0,1
23-02-2025 22:00,EST,CAPITL,61757,79.53,3.64,0,1
23-02-2025 23:00,EST,CAPITL,61757,76.38,3.36,0,1
24-02-2025 00:00,EST,CAPITL,61757,71.12,3.19,0,1
24-02-2025 01:00,EST,CAPITL,61757,70.42,3.23,0,1
24-02-2025 02:00,EST,CAPITL,61757,67.92,3.05,0,1
24-02-2025 03:00,EST,CAPITL,61757,63.51,2.91,0,1
24-02-2025 04:00,EST,CAPITL,61757,68,3.18,0,1
24-02-2025 05:00,EST,CAPITL,61757,70.6,3.49,0,1
24-02-2025 06:00,EST,CAPITL,61757,82.75,4.31,0,1
24-02-2025 07:00,EST,CAPITL,61757,103.05,5.47,-10.83,1
24-02-2025 08:00,EST,CAPITL,61757,73.29,4.15,0,1
24-02-2025 09:00,EST,CAPITL,61757,69.36,4.29,0,1
24-02-2025 10:00,EST,CAPITL,61757,64.6,3.89,0,1
24-02-2025 11:00,EST,CAPITL,61757,61.06,3.72,0,1
24-02-2025 12:00,EST,CAPITL,61757,59.47,3.21,0,1
24-02-2025 13:00,EST,CAPITL,61757,57.89,3.12,0,1
24-02-2025 14:00,EST,CAPITL,61757,59.3,3.3,0,1
24-02-2025 15:00,EST,CAPITL,61757,58.78,3.33,0,1
24-02-2025 16:00,EST,CAPITL,61757,68.03,3.97,0,1
24-02-2025 17:00,EST,CAPITL,61757,81.69,4.97,-2.51,1
24-02-2025 18:00,EST,CAPITL,61757,91.66,5.84,0,1
24-02-2025 19:00,EST,CAPITL,61757,85.02,5.15,-2.95,1
24-02-2025 20:00,EST,CAPITL,61757,75.35,4.66,0,1
24-02-2025 21:00,EST,CAPITL,61757,66.6,4.01,0,1
24-02-2025 22:00,EST,CAPITL,61757,59.66,3.48,0,1
24-02-2025 23:00,EST,CAPITL,61757,58,3.44,0,1
25-02-2025 00:00,EST,CAPITL,61757,51.71,2.88,0,1
25-02-2025 01:00,EST,CAPITL,61757,51.18,2.9,0,1
25-02-2025 02:00,EST,CAPITL,61757,49,2.69,0,1
25-02-2025 03:00,EST,CAPITL,61757,50.58,2.73,0,1
25-02-2025 04:00,EST,CAPITL,61757,52.26,2.77,0,1
25-02-2025 05:00,EST,CAPITL,61757,58.05,3.08,0,1
25-02-2025 06:00,EST,CAPITL,61757,75.94,4.23,0,1
25-02-2025 07:00,EST,CAPITL,61757,77.78,4.19,0,1
25-02-2025 08:00,EST,CAPITL,61757,70.85,3.63,0,1
25-02-2025 09:00,EST,CAPITL,61757,71.1,3.51,0,1
25-02-2025 10:00,EST,CAPITL,61757,66.32,3.1,0,1
25-02-2025 11:00,EST,CAPITL,61757,63.94,2.93,0,1
25-02-2025 12:00,EST,CAPITL,61757,62.72,2.76,0,1
25-02-2025 13:00,EST,CAPITL,61757,59.8,2.63,0,1
25-02-2025 14:00,EST,CAPITL,61757,59.91,2.74,0,1
25-02-2025 15:00,EST,CAPITL,61757,64.82,2.91,0,1
25-02-2025 16:00,EST,CAPITL,61757,70.47,3.29,0,1
25-02-2025 17:00,EST,CAPITL,61757,85.55,3.76,0,1
25-02-2025 18:00,EST,CAPITL,61757,89.24,4.09,0,1
25-02-2025 19:00,EST,CAPITL,61757,81.11,3.72,0,1
25-02-2025 20:00,EST,CAPITL,61757,72.42,3.38,0,1
25-02-2025 21:00,EST,CAPITL,61757,64.33,3.06,0,1
25-02-2025 22:00,EST,CAPITL,61757,60.53,2.83,0,1
25-02-2025 23:00,EST,CAPITL,61757,62,2.84,0,1
26-02-2025 00:00,EST,CAPITL,61757,46.18,2.2,0,1
26-02-2025 01:00,EST,CAPITL,61757,45.01,2.14,0,1
26-02-2025 02:00,EST,CAPITL,61757,42.59,1.99,0,1
26-02-2025 03:00,EST,CAPITL,61757,42.22,2.01,0,1
26-02-2025 04:00,EST,CAPITL,61757,43.98,2.05,0,1
26-02-2025 05:00,EST,CAPITL,61757,48.31,1.99,0,1
26-02-2025 06:00,EST,CAPITL,61757,59.51,2.51,0,1
26-02-2025 07:00,EST,CAPITL,61757,67.28,2.77,0,1
26-02-2025 08:00,EST,CAPITL,61757,55.28,2.07,0,1
26-02-2025 09:00,EST,CAPITL,61757,46.87,1.76,0,1
26-02-2025 10:00,EST,CAPITL,61757,43.82,1.48,0,1
26-02-2025 11:00,EST,CAPITL,61757,41.05,1.39,0,1
26-02-2025 12:00,EST,CAPITL,61757,40.9,1.35,0,1
26-02-2025 13:00,EST,CAPITL,61757,42.06,1.38,0,1
26-02-2025 14:00,EST,CAPITL,61757,42.51,1.44,0,1
26-02-2025 15:00,EST,CAPITL,61757,43.88,1.52,0,1
26-02-2025 16:00,EST,CAPITL,61757,50.74,1.81,0,1
26-02-2025 17:00,EST,CAPITL,61757,64.5,2.48,0,1
26-02-2025 18:00,EST,CAPITL,61757,77.2,3.11,0,1
26-02-2025 19:00,EST,CAPITL,61757,65.32,2.45,0,1
26-02-2025 20:00,EST,CAPITL,61757,57.88,2.23,0,1
26-02-2025 21:00,EST,CAPITL,61757,51.66,2.04,0,1
26-02-2025 22:00,EST,CAPITL,61757,47.85,1.79,0,1
26-02-2025 23:00,EST,CAPITL,61757,45.52,2.04,0,1
27-02-2025 00:00,EST,CAPITL,61757,42.89,1.85,0,1
27-02-2025 01:00,EST,CAPITL,61757,41.22,1.78,0,1
27-02-2025 02:00,EST,CAPITL,61757,39.33,1.7,0,1
27-02-2025 03:00,EST,CAPITL,61757,39.3,1.69,0,1
27-02-2025 04:00,EST,CAPITL,61757,39.28,1.76,0,1
27-02-2025 05:00,EST,CAPITL,61757,42.04,1.66,0,1
27-02-2025 06:00,EST,CAPITL,61757,54.71,2.2,0,1
27-02-2025 07:00,EST,CAPITL,61757,55.86,2.09,0,1
27-02-2025 08:00,EST,CAPITL,61757,51.32,2.16,0,1
27-02-2025 09:00,EST,CAPITL,61757,50.12,1.93,0,1
27-02-2025 10:00,EST,CAPITL,61757,51.19,1.92,0,1
27-02-2025 11:00,EST,CAPITL,61757,49.67,1.86,0,1
27-02-2025 12:00,EST,CAPITL,61757,48.37,1.77,0,1
27-02-2025 13:00,EST,CAPITL,61757,45.83,1.68,0,1
27-02-2025 14:00,EST,CAPITL,61757,45.13,1.69,0,1
27-02-2025 15:00,EST,CAPITL,61757,45.3,1.78,0,1
27-02-2025 16:00,EST,CAPITL,61757,48.74,1.92,0,1
27-02-2025 17:00,EST,CAPITL,61757,57.17,2.14,0,1
27-02-2025 18:00,EST,CAPITL,61757,62.6,2.64,0,1
27-02-2025 19:00,EST,CAPITL,61757,55.65,2.29,0,1
27-02-2025 20:00,EST,CAPITL,61757,49.49,2.04,0,1
27-02-2025 21:00,EST,CAPITL,61757,45.4,2.16,0,1
27-02-2025 22:00,EST,CAPITL,61757,41.2,2,0,1
27-02-2025 23:00,EST,CAPITL,61757,41.9,2.11,0,1
28-02-2025 00:00,EST,CAPITL,61757,40.87,2.02,0,1
28-02-2025 01:00,EST,CAPITL,61757,38.38,1.86,0,1
28-02-2025 02:00,EST,CAPITL,61757,37.75,1.8,0,1
28-02-2025 03:00,EST,CAPITL,61757,38.04,1.84,0,1
28-02-2025 04:00,EST,CAPITL,61757,39.21,1.94,0,1
28-02-2025 05:00,EST,CAPITL,61757,43.6,1.76,0,1
28-02-2025 06:00,EST,CAPITL,61757,55.1,2.32,0,1
28-02-2025 07:00,EST,CAPITL,61757,60.51,2.44,0,1
28-02-2025 08:00,EST,CAPITL,61757,49.12,1.8,0,1
28-02-2025 09:00,EST,CAPITL,61757,42.42,1.43,0,1
28-02-2025 10:00,EST,CAPITL,61757,40.12,1.17,0,1
28-02-2025 11:00,EST,CAPITL,61757,39.13,1.14,0,1
28-02-2025 12:00,EST,CAPITL,61757,37.89,1.03,0,1
28-02-2025 13:00,EST,CAPITL,61757,37.84,1.1,0,1
28-02-2025 14:00,EST,CAPITL,61757,37.91,1.1,0,1
28-02-2025 15:00,EST,CAPITL,61757,40.34,1.33,0,1
28-02-2025 16:00,EST,CAPITL,61757,46.46,1.66,0,1
28-02-2025 17:00,EST,CAPITL,61757,57.65,2.22,0,1
28-02-2025 18:00,EST,CAPITL,61757,61.9,2.49,0,1
28-02-2025 19:00,EST,CAPITL,61757,53.45,2.25,0,1
28-02-2025 20:00,EST,CAPITL,61757,51.8,2.47,0,1
28-02-2025 21:00,EST,CAPITL,61757,47.05,2.11,0,1
28-02-2025 22:00,EST,CAPITL,61757,43.37,2.26,0,1
28-02-2025 23:00,EST,CAPITL,61757,42.2,2.16,0,1
01-03-2025 00:00,EST,CAPITL,61757,42.85,1.92,0,1
01-03-2025 01:00,EST,CAPITL,61757,41.29,1.85,0,1
01-03-2025 02:00,EST,CAPITL,61757,40.42,1.81,0,1
01-03-2025 03:00,EST,CAPITL,61757,39.51,1.77,0,1
01-03-2025 04:00,EST,CAPITL,61757,40.27,1.81,0,1
01-03-2025 05:00,EST,CAPITL,61757,40.48,1.82,0,1
01-03-2025 06:00,EST,CAPITL,61757,44.51,2.12,0,1
01-03-2025 07:00,EST,CAPITL,61757,46.1,2.15,0,1
01-03-2025 08:00,EST,CAPITL,61757,44.26,2.03,0,1
01-03-2025 09:00,EST,CAPITL,61757,41.56,1.83,0,1
01-03-2025 10:00,EST,CAPITL,61757,45.86,2.14,0,1
01-03-2025 11:00,EST,CAPITL,61757,46.86,2.31,0,1
01-03-2025 12:00,EST,CAPITL,61757,45.39,2.12,0,1
01-03-2025 13:00,EST,CAPITL,61757,45.03,2.18,0,1
01-03-2025 14:00,EST,CAPITL,61757,45.91,2.27,0,1
01-03-2025 15:00,EST,CAPITL,61757,49.3,2.48,0,1
01-03-2025 16:00,EST,CAPITL,61757,57.19,3.19,0,1
01-03-2025 17:00,EST,CAPITL,61757,80.5,3.96,-11.59,1
01-03-2025 18:00,EST,CAPITL,61757,92.59,4.67,-10.08,1
01-03-2025 19:00,EST,CAPITL,61757,97.26,4.57,-17.84,1
01-03-2025 20:00,EST,CAPITL,61757,82.72,4.28,-8.25,1
01-03-2025 21:00,EST,CAPITL,61757,79.37,3.91,-10.26,1
01-03-2025 22:00,EST,CAPITL,61757,64.47,3.59,0,1
01-03-2025 23:00,EST,CAPITL,61757,60.67,3.27,0,1
02-03-2025 00:00,EST,CAPITL,61757,61.46,3.09,0,1
02-03-2025 01:00,EST,CAPITL,61757,58.79,2.85,0,1
02-03-2025 02:00,EST,CAPITL,61757,58.64,2.84,0,1
02-03-2025 03:00,EST,CAPITL,61757,61.1,3.02,0,1
02-03-2025 04:00,EST,CAPITL,61757,62.2,3.07,0,1
02-03-2025 05:00,EST,CAPITL,61757,63.81,3.15,0,1
02-03-2025 06:00,EST,CAPITL,61757,69.09,3.48,0,1
02-03-2025 07:00,EST,CAPITL,61757,73,3.61,0,1
02-03-2025 08:00,EST,CAPITL,61757,67.29,3.14,0,1
02-03-2025 09:00,EST,CAPITL,61757,56.65,2.59,0,1
02-03-2025 10:00,EST,CAPITL,61757,72.82,3.34,0,1
02-03-2025 11:00,EST,CAPITL,61757,67.37,3.09,0,1
02-03-2025 12:00,EST,CAPITL,61757,65.67,2.89,0,1
02-03-2025 13:00,EST,CAPITL,61757,65.94,3.08,0,1
02-03-2025 14:00,EST,CAPITL,61757,68,3.3,0,1
02-03-2025 15:00,EST,CAPITL,61757,79.46,4.21,0,1
02-03-2025 16:00,EST,CAPITL,61757,91.62,5.52,0,1
02-03-2025 17:00,EST,CAPITL,61757,109.2,6.26,-3.71,1
02-03-2025 18:00,EST,CAPITL,61757,138.84,7.61,-10.44,1
02-03-2025 19:00,EST,CAPITL,61757,143.56,6.18,-37.71,1
02-03-2025 20:00,EST,CAPITL,61757,127.45,5.95,-23.99,1
02-03-2025 21:00,EST,CAPITL,61757,102.78,5.91,0,1
02-03-2025 22:00,EST,CAPITL,61757,95.96,5.6,0,1
02-03-2025 23:00,EST,CAPITL,61757,90.82,5.06,0,1
03-03-2025 00:00,EST,CAPITL,61757,85.82,4.63,0,1
03-03-2025 01:00,EST,CAPITL,61757,80.49,4.34,0,1
03-03-2025 02:00,EST,CAPITL,61757,81.04,4.1,-3.76,1
03-03-2025 03:00,EST,CAPITL,61757,78.97,3.99,-2.36,1
03-03-2025 04:00,EST,CAPITL,61757,81.96,4.42,0,1
03-03-2025 05:00,EST,CAPITL,61757,95.02,4.97,-5.87,1
03-03-2025 06:00,EST,CAPITL,61757,158.6,7,-34.89,1
03-03-2025 07:00,EST,CAPITL,61757,139.04,7.74,0,1
03-03-2025 08:00,EST,CAPITL,61757,104.69,5.55,0,1
03-03-2025 09:00,EST,CAPITL,61757,82.76,4.39,0,1
03-03-2025 10:00,EST,CAPITL,61757,76.95,3.73,0,1
03-03-2025 11:00,EST,CAPITL,61757,70.59,3.42,0,1
03-03-2025 12:00,EST,CAPITL,61757,67.41,3.09,0,1
03-03-2025 13:00,EST,CAPITL,61757,65.88,2.9,0,1
03-03-2025 14:00,EST,CAPITL,61757,66.35,3.1,0,1
03-03-2025 15:00,EST,CAPITL,61757,71.7,3.54,0,1
03-03-2025 16:00,EST,CAPITL,61757,85.4,4.6,0,1
03-03-2025 17:00,EST,CAPITL,61757,121.04,6.3,-9.65,1
03-03-2025 18:00,EST,CAPITL,61757,173.07,7.47,-47.06,1
03-03-2025 19:00,EST,CAPITL,61757,185,6.23,-79.89,1
03-03-2025 20:00,EST,CAPITL,61757,146.47,5.71,-48.7,1
03-03-2025 21:00,EST,CAPITL,61757,109.09,4.91,-22.36,1
03-03-2025 22:00,EST,CAPITL,61757,84.04,4.6,-2.83,1
03-03-2025 23:00,EST,CAPITL,61757,80.19,4.17,-5.27,1
04-03-2025 00:00,EST,CAPITL,61757,111.4,3.58,-46,1
04-03-2025 01:00,EST,CAPITL,61757,66.6,3.65,0,1
04-03-2025 02:00,EST,CAPITL,61757,64.13,3.57,0,1
04-03-2025 03:00,EST,CAPITL,61757,63.07,3.46,0,1
04-03-2025 04:00,EST,CAPITL,61757,70,3.55,-6.31,1
04-03-2025 05:00,EST,CAPITL,61757,119.42,3.45,-57.43,1
04-03-2025 06:00,EST,CAPITL,61757,150,5.44,-58.2,1
04-03-2025 07:00,EST,CAPITL,61757,160,5.55,-67.83,1
04-03-2025 08:00,EST,CAPITL,61757,100,4.37,-22.81,1
04-03-2025 09:00,EST,CAPITL,61757,72.79,4.19,0,1
04-03-2025 10:00,EST,CAPITL,61757,53.92,2.62,0,1
04-03-2025 11:00,EST,CAPITL,61757,51.49,2.31,0,1
04-03-2025 12:00,EST,CAPITL,61757,49.79,2.15,0,1
04-03-2025 13:00,EST,CAPITL,61757,48.73,2.1,0,1
04-03-2025 14:00,EST,CAPITL,61757,49.21,2.21,0,1
04-03-2025 15:00,EST,CAPITL,61757,52.07,2.48,0,1
04-03-2025 16:00,EST,CAPITL,61757,58.5,3.1,0,1
04-03-2025 17:00,EST,CAPITL,61757,73.3,3.86,-1.73,1
04-03-2025 18:00,EST,CAPITL,61757,81.77,4.33,0,1
04-03-2025 19:00,EST,CAPITL,61757,72.04,3.88,0,1
04-03-2025 20:00,EST,CAPITL,61757,64.29,3.29,0,1
04-03-2025 21:00,EST,CAPITL,61757,58.09,3.08,0,1
04-03-2025 22:00,EST,CAPITL,61757,52.17,2.62,0,1
04-03-2025 23:00,EST,CAPITL,61757,48.99,2.42,0,1
05-03-2025 00:00,EST,CAPITL,61757,40.36,1.96,0,1
05-03-2025 01:00,EST,CAPITL,61757,39.64,1.85,0,1
05-03-2025 02:00,EST,CAPITL,61757,38.04,1.81,0,1
05-03-2025 03:00,EST,CAPITL,61757,37.57,1.79,0,1
05-03-2025 04:00,EST,CAPITL,61757,37.82,1.9,0,1
05-03-2025 05:00,EST,CAPITL,61757,39.57,1.88,0,1
05-03-2025 06:00,EST,CAPITL,61757,47.5,2.69,0,1
05-03-2025 07:00,EST,CAPITL,61757,50.09,2.83,0,1
05-03-2025 08:00,EST,CAPITL,61757,50.75,2.92,0,1
05-03-2025 09:00,EST,CAPITL,61757,50.62,2.82,0,1
05-03-2025 10:00,EST,CAPITL,61757,50.8,2.78,0,1
05-03-2025 11:00,EST,CAPITL,61757,48.86,2.68,0,1
05-03-2025 12:00,EST,CAPITL,61757,46.4,2.54,0,1
05-03-2025 13:00,EST,CAPITL,61757,45.66,2.5,0,1
05-03-2025 14:00,EST,CAPITL,61757,44.48,2.4,0,1
05-03-2025 15:00,EST,CAPITL,61757,45.37,2.53,0,1
05-03-2025 16:00,EST,CAPITL,61757,47.7,2.74,0,1
05-03-2025 17:00,EST,CAPITL,61757,54.72,3.29,0,1
05-03-2025 18:00,EST,CAPITL,61757,58.79,3.49,0,1
05-03-2025 19:00,EST,CAPITL,61757,52.35,3.06,0,1
05-03-2025 20:00,EST,CAPITL,61757,47.31,2.76,0,1
05-03-2025 21:00,EST,CAPITL,61757,41.93,2.34,0,1
05-03-2025 22:00,EST,CAPITL,61757,39.9,2.08,0,1
05-03-2025 23:00,EST,CAPITL,61757,39.19,2.01,0,1
06-03-2025 00:00,EST,CAPITL,61757,42.64,2.11,0,1
06-03-2025 01:00,EST,CAPITL,61757,41.33,2.12,0,1
06-03-2025 02:00,EST,CAPITL,61757,38.44,1.9,0,1
06-03-2025 03:00,EST,CAPITL,61757,36.26,1.79,0,1
06-03-2025 04:00,EST,CAPITL,61757,38.87,1.96,0,1
06-03-2025 05:00,EST,CAPITL,61757,42.32,2.13,0,1
06-03-2025 06:00,EST,CAPITL,61757,46.68,2.52,0,1
06-03-2025 07:00,EST,CAPITL,61757,49.8,2.64,0,1
06-03-2025 08:00,EST,CAPITL,61757,46.45,2.29,0,1
06-03-2025 09:00,EST,CAPITL,61757,43.28,2.02,0,1
06-03-2025 10:00,EST,CAPITL,61757,43.21,1.98,0,1
06-03-2025 11:00,EST,CAPITL,61757,41.46,1.82,0,1
06-03-2025 12:00,EST,CAPITL,61757,40.63,1.82,0,1
06-03-2025 13:00,EST,CAPITL,61757,41.21,1.78,0,1
06-03-2025 14:00,EST,CAPITL,61757,40.54,1.78,0,1
06-03-2025 15:00,EST,CAPITL,61757,43.16,2.17,0,1
06-03-2025 16:00,EST,CAPITL,61757,49.97,2.53,-3.72,1
06-03-2025 17:00,EST,CAPITL,61757,55.6,3.25,0,1
06-03-2025 18:00,EST,CAPITL,61757,63.9,3.79,0,1
06-03-2025 19:00,EST,CAPITL,61757,55.54,3.24,0,1
06-03-2025 20:00,EST,CAPITL,61757,53.13,3.33,-0.08,1
06-03-2025 21:00,EST,CAPITL,61757,48.78,2.98,0,1
06-03-2025 22:00,EST,CAPITL,61757,45.43,2.69,0,1
06-03-2025 23:00,EST,CAPITL,61757,43.94,2.45,0,1
07-03-2025 00:00,EST,CAPITL,61757,46.34,2.66,0,1
07-03-2025 01:00,EST,CAPITL,61757,43.41,2.57,0,1
07-03-2025 02:00,EST,CAPITL,61757,43.63,2.55,0,1
07-03-2025 03:00,EST,CAPITL,61757,43.7,2.59,0,1
07-03-2025 04:00,EST,CAPITL,61757,45.03,2.67,0,1
07-03-2025 05:00,EST,CAPITL,61757,49.74,2.95,0,1
07-03-2025 06:00,EST,CAPITL,61757,66.04,4.03,0,1
07-03-2025 07:00,EST,CAPITL,61757,67.61,4.01,0,1
07-03-2025 08:00,EST,CAPITL,61757,55.42,3.04,0,1
07-03-2025 09:00,EST,CAPITL,61757,45.39,2.45,0,1
07-03-2025 10:00,EST,CAPITL,61757,43.26,2.18,0,1
07-03-2025 11:00,EST,CAPITL,61757,39.71,1.75,0,1
07-03-2025 12:00,EST,CAPITL,61757,39.37,1.7,0,1
07-03-2025 13:00,EST,CAPITL,61757,38.91,1.64,0,1
07-03-2025 14:00,EST,CAPITL,61757,39.01,1.68,0,1
07-03-2025 15:00,EST,CAPITL,61757,42.06,1.93,0,1
07-03-2025 16:00,EST,CAPITL,61757,49.47,2.67,0,1
07-03-2025 17:00,EST,CAPITL,61757,64.34,3.58,0,1
07-03-2025 18:00,EST,CAPITL,61757,73.86,4.05,0,1
07-03-2025 19:00,EST,CAPITL,61757,66.95,3.49,0,1
07-03-2025 20:00,EST,CAPITL,61757,60.44,3.2,0,1
07-03-2025 21:00,EST,CAPITL,61757,55.03,2.92,0,1
07-03-2025 22:00,EST,CAPITL,61757,50.01,2.52,0,1
07-03-2025 23:00,EST,CAPITL,61757,47.97,2.5,0,1
08-03-2025 00:00,EST,CAPITL,61757,55.96,2.65,-7.69,1
08-03-2025 01:00,EST,CAPITL,61757,46.01,2.52,0,1
08-03-2025 02:00,EST,CAPITL,61757,43.14,2.36,0,1
08-03-2025 03:00,EST,CAPITL,61757,42.78,2.31,0,1
08-03-2025 04:00,EST,CAPITL,61757,43.03,2.36,0,1
08-03-2025 05:00,EST,CAPITL,61757,45.95,2.52,0,1
08-03-2025 06:00,EST,CAPITL,61757,72,2.79,-21.1,1
08-03-2025 07:00,EST,CAPITL,61757,51.28,2.81,0,1
08-03-2025 08:00,EST,CAPITL,61757,45.65,2.3,0,1
08-03-2025 09:00,EST,CAPITL,61757,40.25,1.95,0,1
08-03-2025 10:00,EST,CAPITL,61757,38.97,1.78,0,1
08-03-2025 11:00,EST,CAPITL,61757,38.09,1.74,0,1
08-03-2025 12:00,EST,CAPITL,61757,36.03,1.62,0,1
08-03-2025 13:00,EST,CAPITL,61757,34.83,1.6,0,1
08-03-2025 14:00,EST,CAPITL,61757,35.5,1.66,0,1
08-03-2025 15:00,EST,CAPITL,61757,39.33,1.91,0,1
08-03-2025 16:00,EST,CAPITL,61757,45.1,2.5,-0.89,1
08-03-2025 17:00,EST,CAPITL,61757,72.49,3.07,-19.14,1
08-03-2025 18:00,EST,CAPITL,61757,88.02,3.68,-22.01,1
08-03-2025 19:00,EST,CAPITL,61757,75,3.48,-13.48,1
08-03-2025 20:00,EST,CAPITL,61757,75,3.11,-20.07,1
08-03-2025 21:00,EST,CAPITL,61757,67.13,2.94,-14.41,1
08-03-2025 22:00,EST,CAPITL,61757,60,2.74,-11.5,1
08-03-2025 23:00,EST,CAPITL,61757,47.55,2.69,-0.07,1
09-03-2025 00:00,EST,CAPITL,61757,57.25,2.78,0,1
09-03-2025 01:00,EST,CAPITL,61757,52.58,2.46,0,1
09-03-2025 03:00,EDT,CAPITL,61757,50.62,2.41,0,1
09-03-2025 04:00,EDT,CAPITL,61757,49.27,2.61,0,1
09-03-2025 05:00,EDT,CAPITL,61757,50.26,2.57,0,1
09-03-2025 06:00,EDT,CAPITL,61757,57.69,3.06,0,1
09-03-2025 07:00,EDT,CAPITL,61757,54.88,3.06,0,1
09-03-2025 08:00,EDT,CAPITL,61757,50.88,2.51,0,1
09-03-2025 09:00,EDT,CAPITL,61757,46.21,2.16,0,1
09-03-2025 10:00,EDT,CAPITL,61757,42.39,1.9,0,1
09-03-2025 11:00,EDT,CAPITL,61757,41.96,1.88,0,1
09-03-2025 12:00,EDT,CAPITL,61757,41.65,1.95,0,1
09-03-2025 13:00,EDT,CAPITL,61757,39.96,1.79,0,1
09-03-2025 14:00,EDT,CAPITL,61757,39.55,1.88,0,1
09-03-2025 15:00,EDT,CAPITL,61757,38.97,1.89,0,1
09-03-2025 16:00,EDT,CAPITL,61757,42.24,2.12,0,1
09-03-2025 17:00,EDT,CAPITL,61757,51.24,2.72,0,1
09-03-2025 18:00,EDT,CAPITL,61757,78.18,3.46,-12.82,1
09-03-2025 19:00,EDT,CAPITL,61757,88.18,3.81,-15.06,1
09-03-2025 20:00,EDT,CAPITL,61757,83.77,3.4,-18.5,1
09-03-2025 21:00,EDT,CAPITL,61757,62.64,2.98,-5.53,1
09-03-2025 22:00,EDT,CAPITL,61757,52.19,2.58,0,1
09-03-2025 23:00,EDT,CAPITL,61757,50.23,2.53,0,1
10-03-2025 00:00,EDT,CAPITL,61757,45.38,2.08,0,1
10-03-2025 01:00,EDT,CAPITL,61757,42.35,1.94,0,1
10-03-2025 02:00,EDT,CAPITL,61757,40.94,1.84,0,1
10-03-2025 03:00,EDT,CAPITL,61757,40.79,1.83,0,1
10-03-2025 04:00,EDT,CAPITL,61757,43.56,1.96,0,1
10-03-2025 05:00,EDT,CAPITL,61757,49.58,2.27,0,1
10-03-2025 06:00,EDT,CAPITL,61757,65.56,3.18,0,1
10-03-2025 07:00,EDT,CAPITL,61757,78.06,4.07,0,1
10-03-2025 08:00,EDT,CAPITL,61757,62.31,2.91,0,1
10-03-2025 09:00,EDT,CAPITL,61757,47.08,2.07,0,1
10-03-2025 10:00,EDT,CAPITL,61757,43.8,1.8,0,1
10-03-2025 11:00,EDT,CAPITL,61757,40.89,1.72,0,1
10-03-2025 12:00,EDT,CAPITL,61757,38.71,1.56,0,1
10-03-2025 13:00,EDT,CAPITL,61757,37.35,1.47,0,1
10-03-2025 14:00,EDT,CAPITL,61757,36.86,1.42,0,1
10-03-2025 15:00,EDT,CAPITL,61757,37.92,1.42,0,1
10-03-2025 16:00,EDT,CAPITL,61757,41.35,1.67,0,1
10-03-2025 17:00,EDT,CAPITL,61757,52.2,2.06,0,1
10-03-2025 18:00,EDT,CAPITL,61757,70.69,2.79,0,1
10-03-2025 19:00,EDT,CAPITL,61757,78.35,3.38,0,1
10-03-2025 20:00,EDT,CAPITL,61757,66.93,2.76,0,1
10-03-2025 21:00,EDT,CAPITL,61757,56.3,2.43,0,1
10-03-2025 22:00,EDT,CAPITL,61757,48.73,2.05,0,1
10-03-2025 23:00,EDT,CAPITL,61757,43.72,1.88,0,1
11-03-2025 00:00,EDT,CAPITL,61757,39.9,1.94,0,1
11-03-2025 01:00,EDT,CAPITL,61757,38.25,1.68,0,1
11-03-2025 02:00,EDT,CAPITL,61757,35.64,1.6,0,1
11-03-2025 03:00,EDT,CAPITL,61757,33.29,1.52,0,1
11-03-2025 04:00,EDT,CAPITL,61757,34.87,1.63,0,1
11-03-2025 05:00,EDT,CAPITL,61757,39.19,1.87,0,1
11-03-2025 06:00,EDT,CAPITL,61757,96.66,2.85,-40.92,1
11-03-2025 07:00,EDT,CAPITL,61757,87.85,3.76,-14.48,1
11-03-2025 08:00,EDT,CAPITL,61757,54.43,2.62,-0.35,1
11-03-2025 09:00,EDT,CAPITL,61757,40.88,2.01,-0.09,1
11-03-2025 10:00,EDT,CAPITL,61757,38.89,1.5,-3.99,1
11-03-2025 11:00,EDT,CAPITL,61757,35.28,1.06,-10.16,1
11-03-2025 12:00,EDT,CAPITL,61757,33.21,0.9,-10.35,1
11-03-2025 13:00,EDT,CAPITL,61757,31.83,0.89,-9.33,1
11-03-2025 14:00,EDT,CAPITL,61757,32.07,0.86,-9.61,1
11-03-2025 15:00,EDT,CAPITL,61757,34.55,0.91,-11.45,1
11-03-2025 16:00,EDT,CAPITL,61757,39.71,1.09,-13.21,1
11-03-2025 17:00,EDT,CAPITL,61757,41.49,1.97,-0.86,1
11-03-2025 18:00,EDT,CAPITL,61757,55.81,2.71,0,1
11-03-2025 19:00,EDT,CAPITL,61757,68.74,3.33,0,1
11-03-2025 20:00,EDT,CAPITL,61757,63.26,2.95,0,1
11-03-2025 21:00,EDT,CAPITL,61757,50.58,2.32,0,1
11-03-2025 22:00,EDT,CAPITL,61757,44.6,1.92,0,1
11-03-2025 23:00,EDT,CAPITL,61757,41.18,1.7,0,1
12-03-2025 00:00,EDT,CAPITL,61757,39.44,1.41,0,1
12-03-2025 01:00,EDT,CAPITL,61757,38.22,1.33,0,1
12-03-2025 02:00,EDT,CAPITL,61757,36.45,1.2,0,1
12-03-2025 03:00,EDT,CAPITL,61757,36.34,1.2,0,1
12-03-2025 04:00,EDT,CAPITL,61757,37.66,1.24,0,1
12-03-2025 05:00,EDT,CAPITL,61757,45.33,1.62,0,1
12-03-2025 06:00,EDT,CAPITL,61757,65.57,2.46,0,1
12-03-2025 07:00,EDT,CAPITL,61757,81.71,3.44,0,1
12-03-2025 08:00,EDT,CAPITL,61757,65.13,2.38,0,1
12-03-2025 09:00,EDT,CAPITL,61757,42.85,1.49,0,1
12-03-2025 10:00,EDT,CAPITL,61757,42.41,1.28,0,1
12-03-2025 11:00,EDT,CAPITL,61757,39.69,1.23,0,1
12-03-2025 12:00,EDT,CAPITL,61757,37.33,1.19,0,1
12-03-2025 13:00,EDT,CAPITL,61757,36.9,1.14,0,1
12-03-2025 14:00,EDT,CAPITL,61757,36.11,1.12,0,1
12-03-2025 15:00,EDT,CAPITL,61757,39.14,1.34,0.46,1
12-03-2025 16:00,EDT,CAPITL,61757,45.63,1.73,0.61,1
12-03-2025 17:00,EDT,CAPITL,61757,53.48,1.99,0.78,1
12-03-2025 18:00,EDT,CAPITL,61757,67.83,2.58,1.1,1
12-03-2025 19:00,EDT,CAPITL,61757,74.17,3.17,1.13,1
12-03-2025 20:00,EDT,CAPITL,61757,65.01,2.72,0.93,1
12-03-2025 21:00,EDT,CAPITL,61757,53.91,2.2,0.79,1
12-03-2025 22:00,EDT,CAPITL,61757,46.87,1.87,0.64,1
12-03-2025 23:00,EDT,CAPITL,61757,44.16,1.74,0,1
13-03-2025 00:00,EDT,CAPITL,61757,46.06,1.81,0,1
13-03-2025 01:00,EDT,CAPITL,61757,42.88,1.65,0,1
13-03-2025 02:00,EDT,CAPITL,61757,40.29,1.51,0,1
13-03-2025 03:00,EDT,CAPITL,61757,39.98,1.43,0,1
13-03-2025 04:00,EDT,CAPITL,61757,40.33,1.48,0,1
13-03-2025 05:00,EDT,CAPITL,61757,46.97,1.89,0,1
13-03-2025 06:00,EDT,CAPITL,61757,60.62,2.39,0,1
13-03-2025 07:00,EDT,CAPITL,61757,83.98,3.46,0,1
13-03-2025 08:00,EDT,CAPITL,61757,67.24,2.65,0,1
13-03-2025 09:00,EDT,CAPITL,61757,53.15,2.11,-0.71,1
13-03-2025 10:00,EDT,CAPITL,61757,49.8,1.78,-1.14,1
13-03-2025 11:00,EDT,CAPITL,61757,45.39,1.59,-1.94,1
13-03-2025 12:00,EDT,CAPITL,61757,42.77,1.44,-1.32,1
13-03-2025 13:00,EDT,CAPITL,61757,41.02,1.42,-1.22,1
13-03-2025 14:00,EDT,CAPITL,61757,40.39,1.35,-1.4,1
13-03-2025 15:00,EDT,CAPITL,61757,41.78,1.48,-1.46,1
13-03-2025 16:00,EDT,CAPITL,61757,45.73,1.71,0,1
13-03-2025 17:00,EDT,CAPITL,61757,54.64,2.1,0,1
13-03-2025 18:00,EDT,CAPITL,61757,66.66,2.69,0,1
13-03-2025 19:00,EDT,CAPITL,61757,79.74,3.44,0,1
13-03-2025 20:00,EDT,CAPITL,61757,64.59,2.55,0,1
13-03-2025 21:00,EDT,CAPITL,61757,53.49,2.06,0,1
13-03-2025 22:00,EDT,CAPITL,61757,46.59,1.84,0,1
13-03-2025 23:00,EDT,CAPITL,61757,42.65,1.68,0,1
14-03-2025 00:00,EDT,CAPITL,61757,39.13,1.25,0,1
14-03-2025 01:00,EDT,CAPITL,61757,37.56,1.2,0,1
14-03-2025 02:00,EDT,CAPITL,61757,35.63,1.14,0,1
14-03-2025 03:00,EDT,CAPITL,61757,35.62,1.14,0,1
14-03-2025 04:00,EDT,CAPITL,61757,37.25,1.26,0,1
14-03-2025 05:00,EDT,CAPITL,61757,42.07,1.5,0,1
14-03-2025 06:00,EDT,CAPITL,61757,55.02,2.27,0,1
14-03-2025 07:00,EDT,CAPITL,61757,67.71,2.73,0,1
14-03-2025 08:00,EDT,CAPITL,61757,57.32,2.21,0,1
14-03-2025 09:00,EDT,CAPITL,61757,44.85,1.48,0,1
14-03-2025 10:00,EDT,CAPITL,61757,39.81,1.35,0,1
14-03-2025 11:00,EDT,CAPITL,61757,36.43,1.16,0,1
14-03-2025 12:00,EDT,CAPITL,61757,34.53,1,0,1
14-03-2025 13:00,EDT,CAPITL,61757,33.51,1.01,0,1
14-03-2025 14:00,EDT,CAPITL,61757,31.9,0.99,0,1
14-03-2025 15:00,EDT,CAPITL,61757,32.11,1.06,0,1
14-03-2025 16:00,EDT,CAPITL,61757,35.59,1.23,0,1
14-03-2025 17:00,EDT,CAPITL,61757,40.9,1.65,0,1
14-03-2025 18:00,EDT,CAPITL,61757,50.51,2.4,0,1
14-03-2025 19:00,EDT,CAPITL,61757,57.62,2.79,0,1
14-03-2025 20:00,EDT,CAPITL,61757,49.76,2.41,0,1
14-03-2025 21:00,EDT,CAPITL,61757,43.13,2.17,0,1
14-03-2025 22:00,EDT,CAPITL,61757,39.44,1.88,0,1
14-03-2025 23:00,EDT,CAPITL,61757,37.3,1.74,0,1
15-03-2025 00:00,EDT,CAPITL,61757,36.07,1.59,0,1
15-03-2025 01:00,EDT,CAPITL,61757,33.7,1.42,-0.85,1
15-03-2025 02:00,EDT,CAPITL,61757,32.79,1.26,-2.81,1
15-03-2025 03:00,EDT,CAPITL,61757,31.95,1.3,-1.8,1
15-03-2025 04:00,EDT,CAPITL,61757,33.41,1.31,-2.29,1
15-03-2025 05:00,EDT,CAPITL,61757,36.16,1.38,-3.47,1
15-03-2025 06:00,EDT,CAPITL,61757,43.39,1.48,-8.3,1
15-03-2025 07:00,EDT,CAPITL,61757,49.1,1.58,-13.89,1
15-03-2025 08:00,EDT,CAPITL,61757,46.37,1.64,-7.43,1
15-03-2025 09:00,EDT,CAPITL,61757,39.8,1.72,0,1
15-03-2025 10:00,EDT,CAPITL,61757,37.48,1.44,0,1
15-03-2025 11:00,EDT,CAPITL,61757,35.34,1.29,0,1
15-03-2025 12:00,EDT,CAPITL,61757,31.67,1.16,0,1
15-03-2025 13:00,EDT,CAPITL,61757,30.19,1.11,0,1
15-03-2025 14:00,EDT,CAPITL,61757,29.48,1.09,-0.48,1
15-03-2025 15:00,EDT,CAPITL,61757,32.21,1.05,-4.27,1
15-03-2025 16:00,EDT,CAPITL,61757,33.08,1.27,0,1
15-03-2025 17:00,EDT,CAPITL,61757,38.88,1.6,-1.69,1
15-03-2025 18:00,EDT,CAPITL,61757,48.66,1.92,-6.65,1
15-03-2025 19:00,EDT,CAPITL,61757,54.24,2.07,-9.12,1
15-03-2025 20:00,EDT,CAPITL,61757,46.77,1.97,-3.65,1
15-03-2025 21:00,EDT,CAPITL,61757,37.67,1.61,-1.11,1
15-03-2025 22:00,EDT,CAPITL,61757,37.12,1.2,-9.76,1
15-03-2025 23:00,EDT,CAPITL,61757,34.29,1.29,-5.01,1
16-03-2025 00:00,EDT,CAPITL,61757,31.76,1.08,-6.75,1
16-03-2025 01:00,EDT,CAPITL,61757,29.94,0.93,-7.77,1
16-03-2025 02:00,EDT,CAPITL,61757,27.1,0.96,-4.3,1
16-03-2025 03:00,EDT,CAPITL,61757,27.46,0.88,-6.58,1
16-03-2025 04:00,EDT,CAPITL,61757,28.02,0.89,-6.37,1
16-03-2025 05:00,EDT,CAPITL,61757,27.76,0.87,-6.69,1
16-03-2025 06:00,EDT,CAPITL,61757,33.98,0.86,-13.65,1
16-03-2025 07:00,EDT,CAPITL,61757,37.5,0.85,-16.5,1
16-03-2025 08:00,EDT,CAPITL,61757,41.34,0.87,-19.36,1
16-03-2025 09:00,EDT,CAPITL,61757,36.18,1.02,-10.77,1
16-03-2025 10:00,EDT,CAPITL,61757,38.45,1.2,-9.24,1
16-03-2025 11:00,EDT,CAPITL,61757,35.09,1.2,-6.69,1
16-03-2025 12:00,EDT,CAPITL,61757,35.33,1.24,-6.57,1
16-03-2025 13:00,EDT,CAPITL,61757,35.44,1.18,-8.13,1
16-03-2025 14:00,EDT,CAPITL,61757,34.61,1.16,-7.69,1
16-03-2025 15:00,EDT,CAPITL,61757,33.91,1.38,-3.69,1
16-03-2025 16:00,EDT,CAPITL,61757,37.4,1.66,-1.81,1
16-03-2025 17:00,EDT,CAPITL,61757,42.11,1.69,-6.61,1
16-03-2025 18:00,EDT,CAPITL,61757,44.48,2.19,-0.11,1
16-03-2025 19:00,EDT,CAPITL,61757,50.62,2.5,0,1
16-03-2025 20:00,EDT,CAPITL,61757,45.48,2.16,0,1
16-03-2025 21:00,EDT,CAPITL,61757,37.63,1.69,0,1
16-03-2025 22:00,EDT,CAPITL,61757,33.28,1.43,0,1
16-03-2025 23:00,EDT,CAPITL,61757,31.65,1.3,0,1
17-03-2025 00:00,EDT,CAPITL,61757,35.8,0.94,0,1
17-03-2025 01:00,EDT,CAPITL,61757,33.06,0.84,0,1
17-03-2025 02:00,EDT,CAPITL,61757,31.84,0.81,0,1
17-03-2025 03:00,EDT,CAPITL,61757,30.66,0.75,0,1
17-03-2025 04:00,EDT,CAPITL,61757,31,0.76,0,1
17-03-2025 05:00,EDT,CAPITL,61757,35.2,0.89,0,1
17-03-2025 06:00,EDT,CAPITL,61757,43.28,1.09,0,1
17-03-2025 07:00,EDT,CAPITL,61757,56.8,1.65,0,1
17-03-2025 08:00,EDT,CAPITL,61757,53.3,1.55,0,1
17-03-2025 09:00,EDT,CAPITL,61757,49.08,1.33,0,1
17-03-2025 10:00,EDT,CAPITL,61757,47.24,1.24,0,1
17-03-2025 11:00,EDT,CAPITL,61757,45.03,1.27,0,1
17-03-2025 12:00,EDT,CAPITL,61757,42.74,1.08,0,1
17-03-2025 13:00,EDT,CAPITL,61757,41.2,1.08,0.03,1
17-03-2025 14:00,EDT,CAPITL,61757,38.74,1.09,0.01,1
17-03-2025 15:00,EDT,CAPITL,61757,40.01,1.17,0.03,1
17-03-2025 16:00,EDT,CAPITL,61757,40.82,1.19,0,1
17-03-2025 17:00,EDT,CAPITL,61757,50.35,1.69,1,1
17-03-2025 18:00,EDT,CAPITL,61757,57.57,1.73,0,1
17-03-2025 19:00,EDT,CAPITL,61757,66.55,2.25,0,1
17-03-2025 20:00,EDT,CAPITL,61757,57.91,1.8,0,1
17-03-2025 21:00,EDT,CAPITL,61757,47.93,1.44,0,1
17-03-2025 22:00,EDT,CAPITL,61757,42.48,1.2,0,1
17-03-2025 23:00,EDT,CAPITL,61757,38.39,0.79,0,1
18-03-2025 00:00,EDT,CAPITL,61757,39.95,0.93,0,1
18-03-2025 01:00,EDT,CAPITL,61757,37.39,0.84,0,1
18-03-2025 02:00,EDT,CAPITL,61757,35.32,0.79,0,1
18-03-2025 03:00,EDT,CAPITL,61757,34.94,0.88,0,1
18-03-2025 04:00,EDT,CAPITL,61757,35.94,0.98,0,1
18-03-2025 05:00,EDT,CAPITL,61757,40.88,1.42,0,1
18-03-2025 06:00,EDT,CAPITL,61757,57.59,2.22,0,1
18-03-2025 07:00,EDT,CAPITL,61757,71.59,2.76,0,1
18-03-2025 08:00,EDT,CAPITL,61757,52.98,1.64,0,1
18-03-2025 09:00,EDT,CAPITL,61757,37.84,0.85,0,1
18-03-2025 10:00,EDT,CAPITL,61757,33.54,0.69,0,1
18-03-2025 11:00,EDT,CAPITL,61757,29.61,0.55,0,1
18-03-2025 12:00,EDT,CAPITL,61757,27.66,0.46,0,1
18-03-2025 13:00,EDT,CAPITL,61757,26.72,0.42,0,1
18-03-2025 14:00,EDT,CAPITL,61757,26.26,0.41,0,1
18-03-2025 15:00,EDT,CAPITL,61757,29.27,0.57,0,1
18-03-2025 16:00,EDT,CAPITL,61757,32.26,0.75,0,1
18-03-2025 17:00,EDT,CAPITL,61757,39.31,1.25,0,1
18-03-2025 18:00,EDT,CAPITL,61757,48.96,1.47,0,1
18-03-2025 19:00,EDT,CAPITL,61757,60,1.81,0,1
18-03-2025 20:00,EDT,CAPITL,61757,52.7,1.73,0,1
18-03-2025 21:00,EDT,CAPITL,61757,42.54,1.48,0,1
18-03-2025 22:00,EDT,CAPITL,61757,38.95,1.28,0,1
18-03-2025 23:00,EDT,CAPITL,61757,36.43,1.23,0,1
19-03-2025 00:00,EDT,CAPITL,61757,35.44,0.9,0,1
19-03-2025 01:00,EDT,CAPITL,61757,33.63,0.95,0,1
19-03-2025 02:00,EDT,CAPITL,61757,32.59,0.89,0,1
19-03-2025 03:00,EDT,CAPITL,61757,32.94,0.96,0,1
19-03-2025 04:00,EDT,CAPITL,61757,33.7,1.01,0,1
19-03-2025 05:00,EDT,CAPITL,61757,35.5,1.46,0,1
19-03-2025 06:00,EDT,CAPITL,61757,53.44,2.11,0,1
19-03-2025 07:00,EDT,CAPITL,61757,62.98,2.36,0,1
19-03-2025 08:00,EDT,CAPITL,61757,48.81,1.61,0,1
19-03-2025 09:00,EDT,CAPITL,61757,35.38,0.76,0,1
19-03-2025 10:00,EDT,CAPITL,61757,32.62,0.64,0,1
19-03-2025 11:00,EDT,CAPITL,61757,28.97,0.48,0,1
19-03-2025 12:00,EDT,CAPITL,61757,27.89,0.44,0,1
19-03-2025 13:00,EDT,CAPITL,61757,27.66,0.49,0,1
19-03-2025 14:00,EDT,CAPITL,61757,26.56,0.57,0,1
19-03-2025 15:00,EDT,CAPITL,61757,29.07,0.74,0,1
19-03-2025 16:00,EDT,CAPITL,61757,32.79,0.95,0,1
19-03-2025 17:00,EDT,CAPITL,61757,37.9,1.49,0,1
19-03-2025 18:00,EDT,CAPITL,61757,48.98,1.84,0,1
19-03-2025 19:00,EDT,CAPITL,61757,55.3,2.28,0,1
19-03-2025 20:00,EDT,CAPITL,61757,50.45,2.08,0,1
19-03-2025 21:00,EDT,CAPITL,61757,39.19,1.61,0,1
19-03-2025 22:00,EDT,CAPITL,61757,35.27,1.42,0,1
19-03-2025 23:00,EDT,CAPITL,61757,32.69,1.26,0,1
20-03-2025 00:00,EDT,CAPITL,61757,35.14,1.35,0,1
20-03-2025 01:00,EDT,CAPITL,61757,33.12,1.33,0,1
20-03-2025 02:00,EDT,CAPITL,61757,32.1,1.24,0,1
20-03-2025 03:00,EDT,CAPITL,61757,31.22,1.2,0,1
20-03-2025 04:00,EDT,CAPITL,61757,31.45,1.21,0,1
20-03-2025 05:00,EDT,CAPITL,61757,35.08,1.54,0,1
20-03-2025 06:00,EDT,CAPITL,61757,51.67,2.65,0,1
20-03-2025 07:00,EDT,CAPITL,61757,57.67,2.76,1.4,1
20-03-2025 08:00,EDT,CAPITL,61757,53.13,2.52,0.74,1
20-03-2025 09:00,EDT,CAPITL,61757,45.96,1.98,0.09,1
20-03-2025 10:00,EDT,CAPITL,61757,44.7,1.8,0.03,1
20-03-2025 11:00,EDT,CAPITL,61757,40.93,1.58,0,1
20-03-2025 12:00,EDT,CAPITL,61757,39.76,1.5,0.27,1
20-03-2025 13:00,EDT,CAPITL,61757,38.3,1.33,0.03,1
20-03-2025 14:00,EDT,CAPITL,61757,37.97,1.42,0.03,1
20-03-2025 15:00,EDT,CAPITL,61757,41.53,1.67,0,1
20-03-2025 16:00,EDT,CAPITL,61757,43,1.61,0,1
20-03-2025 17:00,EDT,CAPITL,61757,48.03,2.06,0.84,1
20-03-2025 18:00,EDT,CAPITL,61757,53.48,2.07,0.18,1
20-03-2025 19:00,EDT,CAPITL,61757,62.14,2.5,1.43,1
20-03-2025 20:00,EDT,CAPITL,61757,56.94,2.16,0.78,1
20-03-2025 21:00,EDT,CAPITL,61757,47.61,1.74,0.03,1
20-03-2025 22:00,EDT,CAPITL,61757,41.52,1.44,0,1
20-03-2025 23:00,EDT,CAPITL,61757,38.07,1.15,0,1
21-03-2025 00:00,EDT,CAPITL,61757,38.56,1.09,0,1
21-03-2025 01:00,EDT,CAPITL,61757,36.27,0.95,0,1
21-03-2025 02:00,EDT,CAPITL,61757,35.17,0.96,0,1
21-03-2025 03:00,EDT,CAPITL,61757,35.1,0.95,0,1
21-03-2025 04:00,EDT,CAPITL,61757,35.2,1.06,0,1
21-03-2025 05:00,EDT,CAPITL,61757,39.36,1.26,0,1
21-03-2025 06:00,EDT,CAPITL,61757,52.75,1.84,1.61,1
21-03-2025 07:00,EDT,CAPITL,61757,62.68,2.21,2.62,1
21-03-2025 08:00,EDT,CAPITL,61757,55.71,2.06,2.08,1
21-03-2025 09:00,EDT,CAPITL,61757,45.66,1.49,0.9,1
21-03-2025 10:00,EDT,CAPITL,61757,38.89,1.17,0,1
21-03-2025 11:00,EDT,CAPITL,61757,35.72,1.04,0,1
21-03-2025 12:00,EDT,CAPITL,61757,32.85,0.89,0,1
21-03-2025 13:00,EDT,CAPITL,61757,31.42,0.89,0,1
21-03-2025 14:00,EDT,CAPITL,61757,30.43,0.92,0,1
21-03-2025 15:00,EDT,CAPITL,61757,31.07,0.94,0,1
21-03-2025 16:00,EDT,CAPITL,61757,33.23,1.09,0,1
21-03-2025 17:00,EDT,CAPITL,61757,39.46,1.3,0,1
21-03-2025 18:00,EDT,CAPITL,61757,51.25,1.92,0,1
21-03-2025 19:00,EDT,CAPITL,61757,58.28,2.56,0,1
21-03-2025 20:00,EDT,CAPITL,61757,53.15,1.95,0,1
21-03-2025 21:00,EDT,CAPITL,61757,47.09,1.9,0,1
21-03-2025 22:00,EDT,CAPITL,61757,41.14,1.66,0,1
21-03-2025 23:00,EDT,CAPITL,61757,38.07,1.53,0,1
22-03-2025 00:00,EDT,CAPITL,61757,36.05,1.19,0,1
22-03-2025 01:00,EDT,CAPITL,61757,34.49,1.23,0,1
22-03-2025 02:00,EDT,CAPITL,61757,33.12,1.21,0,1
22-03-2025 03:00,EDT,CAPITL,61757,31.97,1.2,0,1
22-03-2025 04:00,EDT,CAPITL,61757,31.81,1.19,0,1
22-03-2025 05:00,EDT,CAPITL,61757,34.89,1.28,0,1
22-03-2025 06:00,EDT,CAPITL,61757,42.09,1.54,0,1
22-03-2025 07:00,EDT,CAPITL,61757,47.61,1.74,0,1
22-03-2025 08:00,EDT,CAPITL,61757,42.18,1.35,0,1
22-03-2025 09:00,EDT,CAPITL,61757,35.22,0.99,0,1
22-03-2025 10:00,EDT,CAPITL,61757,32.52,0.79,0,1
22-03-2025 11:00,EDT,CAPITL,61757,32.4,0.76,0,1
22-03-2025 12:00,EDT,CAPITL,61757,30.43,0.77,0,1
22-03-2025 13:00,EDT,CAPITL,61757,28.97,0.82,0,1
22-03-2025 14:00,EDT,CAPITL,61757,28.15,0.79,0,1
22-03-2025 15:00,EDT,CAPITL,61757,30.37,0.88,0,1
22-03-2025 16:00,EDT,CAPITL,61757,33.25,1.09,0,1
22-03-2025 17:00,EDT,CAPITL,61757,37.69,1.41,0,1
22-03-2025 18:00,EDT,CAPITL,61757,46.08,1.86,0,1
22-03-2025 19:00,EDT,CAPITL,61757,52.38,2.21,0,1
22-03-2025 20:00,EDT,CAPITL,61757,51.43,2.17,0,1
22-03-2025 21:00,EDT,CAPITL,61757,43.77,1.64,0,1
22-03-2025 22:00,EDT,CAPITL,61757,39.1,1.43,0,1
22-03-2025 23:00,EDT,CAPITL,61757,37.59,1.2,0,1
23-03-2025 00:00,EDT,CAPITL,61757,38.99,1.13,0,1
23-03-2025 01:00,EDT,CAPITL,61757,36.09,0.95,0,1
23-03-2025 02:00,EDT,CAPITL,61757,35.6,0.9,0,1
23-03-2025 03:00,EDT,CAPITL,61757,35.97,0.98,0,1
23-03-2025 04:00,EDT,CAPITL,61757,36.85,0.97,0,1
23-03-2025 05:00,EDT,CAPITL,61757,38.41,1.08,0,1
23-03-2025 06:00,EDT,CAPITL,61757,45.81,1.46,0,1
23-03-2025 07:00,EDT,CAPITL,61757,51.27,1.69,0,1
23-03-2025 08:00,EDT,CAPITL,61757,42.37,0.99,0,1
23-03-2025 09:00,EDT,CAPITL,61757,36.12,0.78,0,1
23-03-2025 10:00,EDT,CAPITL,61757,33.24,0.62,0,1
23-03-2025 11:00,EDT,CAPITL,61757,30.91,0.52,0,1
23-03-2025 12:00,EDT,CAPITL,61757,29.89,0.5,0,1
23-03-2025 13:00,EDT,CAPITL,61757,28.46,0.45,0,1
23-03-2025 14:00,EDT,CAPITL,61757,27.25,0.46,0,1
23-03-2025 15:00,EDT,CAPITL,61757,27.39,0.51,0,1
23-03-2025 16:00,EDT,CAPITL,61757,31.86,0.66,0,1
23-03-2025 17:00,EDT,CAPITL,61757,42.3,1.15,0,1
23-03-2025 18:00,EDT,CAPITL,61757,54.69,1.9,0,1
23-03-2025 19:00,EDT,CAPITL,61757,66.04,2.42,0,1
23-03-2025 20:00,EDT,CAPITL,61757,61.53,2.25,0,1
23-03-2025 21:00,EDT,CAPITL,61757,49.98,1.87,0,1
23-03-2025 22:00,EDT,CAPITL,61757,42.26,1.55,0,1
23-03-2025 23:00,EDT,CAPITL,61757,37.98,1.28,0,1
24-03-2025 00:00,EDT,CAPITL,61757,39.92,1.5,0,1
24-03-2025 01:00,EDT,CAPITL,61757,38.41,1.41,0,1
24-03-2025 02:00,EDT,CAPITL,61757,36.75,1.38,0,1
24-03-2025 03:00,EDT,CAPITL,61757,35.93,1.38,0,1
24-03-2025 04:00,EDT,CAPITL,61757,37.57,1.34,0,1
24-03-2025 05:00,EDT,CAPITL,61757,43.1,1.7,0,1
24-03-2025 06:00,EDT,CAPITL,61757,53.99,2.08,0,1
24-03-2025 07:00,EDT,CAPITL,61757,61.63,2.66,0,1
24-03-2025 08:00,EDT,CAPITL,61757,56.79,2.55,0,1
24-03-2025 09:00,EDT,CAPITL,61757,52.34,2.2,0,1
24-03-2025 10:00,EDT,CAPITL,61757,52.09,2.1,0,1
24-03-2025 11:00,EDT,CAPITL,61757,50.95,2.14,0,1
24-03-2025 12:00,EDT,CAPITL,61757,46.14,1.94,0,1
24-03-2025 13:00,EDT,CAPITL,61757,44.45,1.87,0,1
24-03-2025 14:00,EDT,CAPITL,61757,42.92,1.69,0,1
24-03-2025 15:00,EDT,CAPITL,61757,42.63,1.68,0,1
24-03-2025 16:00,EDT,CAPITL,61757,43.16,1.7,0,1
24-03-2025 17:00,EDT,CAPITL,61757,50.46,1.94,0,1
24-03-2025 18:00,EDT,CAPITL,61757,56.78,2.39,0,1
24-03-2025 19:00,EDT,CAPITL,61757,62.7,2.7,0,1
24-03-2025 20:00,EDT,CAPITL,61757,58.12,2.61,0,1
24-03-2025 21:00,EDT,CAPITL,61757,47.66,2.05,0,1
24-03-2025 22:00,EDT,CAPITL,61757,42.45,1.91,0,1
24-03-2025 23:00,EDT,CAPITL,61757,41.97,1.88,0,1
25-03-2025 00:00,EDT,CAPITL,61757,40.99,1.77,0,1
25-03-2025 01:00,EDT,CAPITL,61757,38.91,1.57,0,1
25-03-2025 02:00,EDT,CAPITL,61757,37.42,1.4,0,1
25-03-2025 03:00,EDT,CAPITL,61757,37.24,1.4,0,1
25-03-2025 04:00,EDT,CAPITL,61757,37.91,1.49,0,1
25-03-2025 05:00,EDT,CAPITL,61757,42.38,1.83,0,1
25-03-2025 06:00,EDT,CAPITL,61757,55.97,2.41,0,1
25-03-2025 07:00,EDT,CAPITL,61757,64,2.99,0,1
25-03-2025 08:00,EDT,CAPITL,61757,56.76,2.5,0,1
25-03-2025 09:00,EDT,CAPITL,61757,42.88,1.69,0,1
25-03-2025 10:00,EDT,CAPITL,61757,40.46,1.52,0,1
25-03-2025 11:00,EDT,CAPITL,61757,38.72,1.42,0,1
25-03-2025 12:00,EDT,CAPITL,61757,36.27,1.29,0,1
25-03-2025 13:00,EDT,CAPITL,61757,36.22,1.26,0,1
25-03-2025 14:00,EDT,CAPITL,61757,34.96,1.25,0,1
25-03-2025 15:00,EDT,CAPITL,61757,35.76,1.34,0,1
25-03-2025 16:00,EDT,CAPITL,61757,39.15,1.61,0,1
25-03-2025 17:00,EDT,CAPITL,61757,45.82,2.02,0,1
25-03-2025 18:00,EDT,CAPITL,61757,57.04,2.77,0,1
25-03-2025 19:00,EDT,CAPITL,61757,66.32,3.04,0,1
25-03-2025 20:00,EDT,CAPITL,61757,62.68,2.76,0,1
25-03-2025 21:00,EDT,CAPITL,61757,50.72,2.23,0,1
25-03-2025 22:00,EDT,CAPITL,61757,44.75,1.8,0,1
25-03-2025 23:00,EDT,CAPITL,61757,42.27,1.67,0,1
26-03-2025 00:00,EDT,CAPITL,61757,41.66,1.41,0,1
26-03-2025 01:00,EDT,CAPITL,61757,40.17,1.32,0,1
26-03-2025 02:00,EDT,CAPITL,61757,39.43,1.26,0,1
26-03-2025 03:00,EDT,CAPITL,61757,39.23,1.11,0,1
26-03-2025 04:00,EDT,CAPITL,61757,40.15,1.17,0,1
26-03-2025 05:00,EDT,CAPITL,61757,43.88,1.4,0,1
26-03-2025 06:00,EDT,CAPITL,61757,57.88,2.17,0,1
26-03-2025 07:00,EDT,CAPITL,61757,67.29,2.46,0,1
26-03-2025 08:00,EDT,CAPITL,61757,57.1,1.88,0,1
26-03-2025 09:00,EDT,CAPITL,61757,44.07,1.53,0,1
26-03-2025 10:00,EDT,CAPITL,61757,40.46,1.14,0,1
26-03-2025 11:00,EDT,CAPITL,61757,37.52,1.16,0,1
26-03-2025 12:00,EDT,CAPITL,61757,37.2,1.08,0,1
26-03-2025 13:00,EDT,CAPITL,61757,37.36,1.05,0,1
26-03-2025 14:00,EDT,CAPITL,61757,36.34,1.13,0,1
26-03-2025 15:00,EDT,CAPITL,61757,36.74,1.17,0,1
26-03-2025 16:00,EDT,CAPITL,61757,39.77,1.31,0,1
26-03-2025 17:00,EDT,CAPITL,61757,47.09,1.63,0,1
26-03-2025 18:00,EDT,CAPITL,61757,55.8,2.15,0,1
26-03-2025 19:00,EDT,CAPITL,61757,68.11,2.62,0,1
26-03-2025 20:00,EDT,CAPITL,61757,64.12,2.4,0,1
26-03-2025 21:00,EDT,CAPITL,61757,55.13,2.02,0,1
26-03-2025 22:00,EDT,CAPITL,61757,46.39,1.66,0,1
26-03-2025 23:00,EDT,CAPITL,61757,44.26,1.37,0,1
27-03-2025 00:00,EDT,CAPITL,61757,40.82,1.38,0,1
27-03-2025 01:00,EDT,CAPITL,61757,39.3,1.36,0,1
27-03-2025 02:00,EDT,CAPITL,61757,38.06,1.21,0,1
27-03-2025 03:00,EDT,CAPITL,61757,39.03,1.25,0,1
27-03-2025 04:00,EDT,CAPITL,61757,39.31,1.36,0,1
27-03-2025 05:00,EDT,CAPITL,61757,44.5,1.67,0,1
27-03-2025 06:00,EDT,CAPITL,61757,66.23,2.55,0,1
27-03-2025 07:00,EDT,CAPITL,61757,78,3.07,0,1
27-03-2025 08:00,EDT,CAPITL,61757,53.02,1.64,0,1
27-03-2025 09:00,EDT,CAPITL,61757,38.81,1.13,0,1
27-03-2025 10:00,EDT,CAPITL,61757,33.56,1.01,0,1
27-03-2025 11:00,EDT,CAPITL,61757,32.06,0.93,0,1
27-03-2025 12:00,EDT,CAPITL,61757,31.13,0.73,0,1
27-03-2025 13:00,EDT,CAPITL,61757,30.99,0.78,0,1
27-03-2025 14:00,EDT,CAPITL,61757,28.66,0.78,0,1
27-03-2025 15:00,EDT,CAPITL,61757,28.44,0.8,0,1
27-03-2025 16:00,EDT,CAPITL,61757,32.96,0.97,-2.66,1
27-03-2025 17:00,EDT,CAPITL,61757,39.02,1.57,0,1
27-03-2025 18:00,EDT,CAPITL,61757,50.56,2.41,0,1
27-03-2025 19:00,EDT,CAPITL,61757,63.13,3.4,0,1
27-03-2025 20:00,EDT,CAPITL,61757,59.67,3.27,0,1
27-03-2025 21:00,EDT,CAPITL,61757,47.38,2.51,0,1
27-03-2025 22:00,EDT,CAPITL,61757,43,2.28,0,1
27-03-2025 23:00,EDT,CAPITL,61757,39.23,2.04,0,1
28-03-2025 00:00,EDT,CAPITL,61757,37.1,1.97,0,1
28-03-2025 01:00,EDT,CAPITL,61757,36.29,1.89,0,1
28-03-2025 02:00,EDT,CAPITL,61757,35.36,1.78,0,1
28-03-2025 03:00,EDT,CAPITL,61757,34.98,1.7,0,1
28-03-2025 04:00,EDT,CAPITL,61757,35.26,1.71,0,1
28-03-2025 05:00,EDT,CAPITL,61757,40.96,2.06,0,1
28-03-2025 06:00,EDT,CAPITL,61757,57.21,2.98,0,1
28-03-2025 07:00,EDT,CAPITL,61757,70.43,3.67,0,1
28-03-2025 08:00,EDT,CAPITL,61757,53.63,2.41,0,1
28-03-2025 09:00,EDT,CAPITL,61757,41.13,1.51,0,1
28-03-2025 10:00,EDT,CAPITL,61757,38.15,1.22,0,1
28-03-2025 11:00,EDT,CAPITL,61757,35.5,1.1,0,1
28-03-2025 12:00,EDT,CAPITL,61757,33.88,1.05,0,1
28-03-2025 13:00,EDT,CAPITL,61757,32.69,0.86,0,1
28-03-2025 14:00,EDT,CAPITL,61757,32.77,0.89,0,1
28-03-2025 15:00,EDT,CAPITL,61757,34.14,0.93,0,1
28-03-2025 16:00,EDT,CAPITL,61757,36.58,1.13,0,1
28-03-2025 17:00,EDT,CAPITL,61757,41.15,1.35,0,1
28-03-2025 18:00,EDT,CAPITL,61757,46.18,1.82,0,1
28-03-2025 19:00,EDT,CAPITL,61757,55.76,2.3,0,1
28-03-2025 20:00,EDT,CAPITL,61757,50.18,2.07,0,1
28-03-2025 21:00,EDT,CAPITL,61757,40.74,1.68,0,1
28-03-2025 22:00,EDT,CAPITL,61757,38.95,1.57,0,1
28-03-2025 23:00,EDT,CAPITL,61757,35.46,1.4,0,1
29-03-2025 00:00,EDT,CAPITL,61757,33.07,1.21,0,1
29-03-2025 01:00,EDT,CAPITL,61757,31.88,1.23,0,1
29-03-2025 02:00,EDT,CAPITL,61757,30.58,1.2,0,1
29-03-2025 03:00,EDT,CAPITL,61757,29.42,1.19,0,1
29-03-2025 04:00,EDT,CAPITL,61757,29.36,1.24,0,1
29-03-2025 05:00,EDT,CAPITL,61757,31.26,1.35,0,1
29-03-2025 06:00,EDT,CAPITL,61757,34.48,1.45,0,1
29-03-2025 07:00,EDT,CAPITL,61757,37.35,1.47,0,1
29-03-2025 08:00,EDT,CAPITL,61757,39.33,1.33,0,1
29-03-2025 09:00,EDT,CAPITL,61757,36.59,1.27,0,1
29-03-2025 10:00,EDT,CAPITL,61757,35.93,1.21,0,1
29-03-2025 11:00,EDT,CAPITL,61757,34.42,1.19,0,1
29-03-2025 12:00,EDT,CAPITL,61757,31.99,1.05,0,1
29-03-2025 13:00,EDT,CAPITL,61757,31.82,1.01,0,1
29-03-2025 14:00,EDT,CAPITL,61757,32.13,1.06,0,1
29-03-2025 15:00,EDT,CAPITL,61757,32.87,1.08,0,1
29-03-2025 16:00,EDT,CAPITL,61757,35.07,1.19,0,1
29-03-2025 17:00,EDT,CAPITL,61757,38.6,1.27,0,1
29-03-2025 18:00,EDT,CAPITL,61757,44.84,1.64,0,1
29-03-2025 19:00,EDT,CAPITL,61757,49.64,1.82,0,1
29-03-2025 20:00,EDT,CAPITL,61757,45.2,1.61,0,1
29-03-2025 21:00,EDT,CAPITL,61757,39.39,1.41,0,1
29-03-2025 22:00,EDT,CAPITL,61757,37.29,1.29,0,1
29-03-2025 23:00,EDT,CAPITL,61757,33.85,1.11,0,1
30-03-2025 00:00,EDT,CAPITL,61757,36.95,1.18,0,1
30-03-2025 01:00,EDT,CAPITL,61757,35.07,1.09,0,1
30-03-2025 02:00,EDT,CAPITL,61757,33.93,1.08,0,1
30-03-2025 03:00,EDT,CAPITL,61757,34.04,1.12,0,1
30-03-2025 04:00,EDT,CAPITL,61757,34.38,1.13,0,1
30-03-2025 05:00,EDT,CAPITL,61757,35.03,1.18,0,1
30-03-2025 06:00,EDT,CAPITL,61757,36.33,1.26,0,1
30-03-2025 07:00,EDT,CAPITL,61757,37.85,1.49,0,1
30-03-2025 08:00,EDT,CAPITL,61757,38.2,1.36,0,1
30-03-2025 09:00,EDT,CAPITL,61757,42.19,1.54,0,1
30-03-2025 10:00,EDT,CAPITL,61757,44.81,1.89,0,1
30-03-2025 11:00,EDT,CAPITL,61757,44.24,1.91,0,1
30-03-2025 12:00,EDT,CAPITL,61757,43.26,1.86,0,1
30-03-2025 13:00,EDT,CAPITL,61757,41.5,1.9,0,1
30-03-2025 14:00,EDT,CAPITL,61757,41.3,1.93,0,1
30-03-2025 15:00,EDT,CAPITL,61757,43,1.97,0,1
30-03-2025 16:00,EDT,CAPITL,61757,46.13,2.2,0,1
30-03-2025 17:00,EDT,CAPITL,61757,50.93,2.47,0,1
30-03-2025 18:00,EDT,CAPITL,61757,54.34,2.88,0,1
30-03-2025 19:00,EDT,CAPITL,61757,58.28,3.08,-0.22,1
30-03-2025 20:00,EDT,CAPITL,61757,53.49,2.79,0,1
30-03-2025 21:00,EDT,CAPITL,61757,45.71,2.01,-5.74,1
30-03-2025 22:00,EDT,CAPITL,61757,40.43,2.07,0,1
30-03-2025 23:00,EDT,CAPITL,61757,34.75,1.57,-0.36,1
31-03-2025 00:00,EDT,CAPITL,61757,40.29,1.23,-13.98,1
31-03-2025 01:00,EDT,CAPITL,61757,36.28,1.1,-11.68,1
31-03-2025 02:00,EDT,CAPITL,61757,35.86,1.06,-12.26,1
31-03-2025 03:00,EDT,CAPITL,61757,34.04,1.03,-10.73,1
31-03-2025 04:00,EDT,CAPITL,61757,36.18,1.1,-11.67,1
31-03-2025 05:00,EDT,CAPITL,61757,35.55,1.28,-7.63,1
31-03-2025 06:00,EDT,CAPITL,61757,51.14,1.64,-19.03,1
31-03-2025 07:00,EDT,CAPITL,61757,49.21,2.96,0,1
31-03-2025 08:00,EDT,CAPITL,61757,51.51,3.05,0,1
31-03-2025 09:00,EDT,CAPITL,61757,48.55,2.7,-0.78,1
31-03-2025 10:00,EDT,CAPITL,61757,49.28,2.83,0,1
31-03-2025 11:00,EDT,CAPITL,61757,45.46,2.53,0,1
31-03-2025 12:00,EDT,CAPITL,61757,41.25,2.19,0,1
31-03-2025 13:00,EDT,CAPITL,61757,40.3,1.95,0,1
31-03-2025 14:00,EDT,CAPITL,61757,38.66,1.84,0,1
31-03-2025 15:00,EDT,CAPITL,61757,40.29,2.1,0,1
31-03-2025 16:00,EDT,CAPITL,61757,48.33,2.17,-8.15,1
31-03-2025 17:00,EDT,CAPITL,61757,54.85,2.52,-9.52,1
31-03-2025 18:00,EDT,CAPITL,61757,56.05,2.93,-5.08,1
31-03-2025 19:00,EDT,CAPITL,61757,60.65,3.43,0,1
31-03-2025 20:00,EDT,CAPITL,61757,53.72,2.9,0,1
31-03-2025 21:00,EDT,CAPITL,61757,43.97,2.25,0,1
31-03-2025 22:00,EDT,CAPITL,61757,39.27,1.98,0,1
31-03-2025 23:00,EDT,CAPITL,61757,36.93,1.55,0,1
