Eastern Date Hour,Eastern Date Hour Time Zone,Zone Name,Zone PTID,DAM Zonal LBMP,DAM Zonal Losses,DAM Zonal Congestion,DAM Zonal Price Version
3/24/2025 0:00,EDT,CAPITL,61757,39.92,1.5,0,1
3/24/2025 1:00,EDT,CAPITL,61757,38.41,1.41,0,1
3/24/2025 2:00,EDT,CAPITL,61757,36.75,1.38,0,1
3/24/2025 3:00,EDT,CAPITL,61757,35.93,1.38,0,1
3/24/2025 4:00,EDT,CAPITL,61757,37.57,1.34,0,1
3/24/2025 5:00,EDT,CAPITL,61757,43.1,1.7,0,1
3/24/2025 6:00,EDT,CAPITL,61757,53.99,2.08,0,1
3/24/2025 7:00,EDT,CAPITL,61757,61.63,2.66,0,1
3/24/2025 8:00,EDT,CAPITL,61757,56.79,2.55,0,1
3/24/2025 9:00,EDT,CAPITL,61757,52.34,2.2,0,1
3/24/2025 10:00,EDT,CAPITL,61757,52.09,2.1,0,1
3/24/2025 11:00,EDT,CAPITL,61757,50.95,2.14,0,1
3/24/2025 12:00,EDT,CAPITL,61757,46.14,1.94,0,1
3/24/2025 13:00,EDT,CAPITL,61757,44.45,1.87,0,1
3/24/2025 14:00,EDT,CAPITL,61757,42.92,1.69,0,1
3/24/2025 15:00,EDT,CAPITL,61757,42.63,1.68,0,1
3/24/2025 16:00,EDT,CAPITL,61757,43.16,1.7,0,1
3/24/2025 17:00,EDT,CAPITL,61757,50.46,1.94,0,1
3/24/2025 18:00,EDT,CAPITL,61757,56.78,2.39,0,1
3/24/2025 19:00,EDT,CAPITL,61757,62.7,2.7,0,1
3/24/2025 20:00,EDT,CAPITL,61757,58.12,2.61,0,1
3/24/2025 21:00,EDT,CAPITL,61757,47.66,2.05,0,1
3/24/2025 22:00,EDT,CAPITL,61757,42.45,1.91,0,1
3/24/2025 23:00,EDT,CAPITL,61757,41.97,1.88,0,1
3/25/2025 0:00,EDT,CAPITL,61757,40.99,1.77,0,1
3/25/2025 1:00,EDT,CAPITL,61757,38.91,1.57,0,1
3/25/2025 2:00,EDT,CAPITL,61757,37.42,1.4,0,1
3/25/2025 3:00,EDT,CAPITL,61757,37.24,1.4,0,1
3/25/2025 4:00,EDT,CAPITL,61757,37.91,1.49,0,1
3/25/2025 5:00,EDT,CAPITL,61757,42.38,1.83,0,1
3/25/2025 6:00,EDT,CAPITL,61757,55.97,2.41,0,1
3/25/2025 7:00,EDT,CAPITL,61757,64,2.99,0,1
3/25/2025 8:00,EDT,CAPITL,61757,56.76,2.5,0,1
3/25/2025 9:00,EDT,CAPITL,61757,42.88,1.69,0,1
3/25/2025 10:00,EDT,CAPITL,61757,40.46,1.52,0,1
3/25/2025 11:00,EDT,CAPITL,61757,38.72,1.42,0,1
3/25/2025 12:00,EDT,CAPITL,61757,36.27,1.29,0,1
3/25/2025 13:00,EDT,CAPITL,61757,36.22,1.26,0,1
3/25/2025 14:00,EDT,CAPITL,61757,34.96,1.25,0,1
3/25/2025 15:00,EDT,CAPITL,61757,35.76,1.34,0,1
3/25/2025 16:00,EDT,CAPITL,61757,39.15,1.61,0,1
3/25/2025 17:00,EDT,CAPITL,61757,45.82,2.02,0,1
3/25/2025 18:00,EDT,CAPITL,61757,57.04,2.77,0,1
3/25/2025 19:00,EDT,CAPITL,61757,66.32,3.04,0,1
3/25/2025 20:00,EDT,CAPITL,61757,62.68,2.76,0,1
3/25/2025 21:00,EDT,CAPITL,61757,50.72,2.23,0,1
3/25/2025 22:00,EDT,CAPITL,61757,44.75,1.8,0,1
3/25/2025 23:00,EDT,CAPITL,61757,42.27,1.67,0,1
3/26/2025 0:00,EDT,CAPITL,61757,41.66,1.41,0,1
3/26/2025 1:00,EDT,CAPITL,61757,40.17,1.32,0,1
3/26/2025 2:00,EDT,CAPITL,61757,39.43,1.26,0,1
3/26/2025 3:00,EDT,CAPITL,61757,39.23,1.11,0,1
3/26/2025 4:00,EDT,CAPITL,61757,40.15,1.17,0,1
3/26/2025 5:00,EDT,CAPITL,61757,43.88,1.4,0,1
3/26/2025 6:00,EDT,CAPITL,61757,57.88,2.17,0,1
3/26/2025 7:00,EDT,CAPITL,61757,67.29,2.46,0,1
3/26/2025 8:00,EDT,CAPITL,61757,57.1,1.88,0,1
3/26/2025 9:00,EDT,CAPITL,61757,44.07,1.53,0,1
3/26/2025 10:00,EDT,CAPITL,61757,40.46,1.14,0,1
3/26/2025 11:00,EDT,CAPITL,61757,37.52,1.16,0,1
3/26/2025 12:00,EDT,CAPITL,61757,37.2,1.08,0,1
3/26/2025 13:00,EDT,CAPITL,61757,37.36,1.05,0,1
3/26/2025 14:00,EDT,CAPITL,61757,36.34,1.13,0,1
3/26/2025 15:00,EDT,CAPITL,61757,36.74,1.17,0,1
3/26/2025 16:00,EDT,CAPITL,61757,39.77,1.31,0,1
3/26/2025 17:00,EDT,CAPITL,61757,47.09,1.63,0,1
3/26/2025 18:00,EDT,CAPITL,61757,55.8,2.15,0,1
3/26/2025 19:00,EDT,CAPITL,61757,68.11,2.62,0,1
3/26/2025 20:00,EDT,CAPITL,61757,64.12,2.4,0,1
3/26/2025 21:00,EDT,CAPITL,61757,55.13,2.02,0,1
3/26/2025 22:00,EDT,CAPITL,61757,46.39,1.66,0,1
3/26/2025 23:00,EDT,CAPITL,61757,44.26,1.37,0,1
3/27/2025 0:00,EDT,CAPITL,61757,40.82,1.38,0,1
3/27/2025 1:00,EDT,CAPITL,61757,39.3,1.36,0,1
3/27/2025 2:00,EDT,CAPITL,61757,38.06,1.21,0,1
3/27/2025 3:00,EDT,CAPITL,61757,39.03,1.25,0,1
3/27/2025 4:00,EDT,CAPITL,61757,39.31,1.36,0,1
3/27/2025 5:00,EDT,CAPITL,61757,44.5,1.67,0,1
3/27/2025 6:00,EDT,CAPITL,61757,66.23,2.55,0,1
3/27/2025 7:00,EDT,CAPITL,61757,78,3.07,0,1
3/27/2025 8:00,EDT,CAPITL,61757,53.02,1.64,0,1
3/27/2025 9:00,EDT,CAPITL,61757,38.81,1.13,0,1
3/27/2025 10:00,EDT,CAPITL,61757,33.56,1.01,0,1
3/27/2025 11:00,EDT,CAPITL,61757,32.06,0.93,0,1
3/27/2025 12:00,EDT,CAPITL,61757,31.13,0.73,0,1
3/27/2025 13:00,EDT,CAPITL,61757,30.99,0.78,0,1
3/27/2025 14:00,EDT,CAPITL,61757,28.66,0.78,0,1
3/27/2025 15:00,EDT,CAPITL,61757,28.44,0.8,0,1
3/27/2025 16:00,EDT,CAPITL,61757,32.96,0.97,-2.66,1
3/27/2025 17:00,EDT,CAPITL,61757,39.02,1.57,0,1
3/27/2025 18:00,EDT,CAPITL,61757,50.56,2.41,0,1
3/27/2025 19:00,EDT,CAPITL,61757,63.13,3.4,0,1
3/27/2025 20:00,EDT,CAPITL,61757,59.67,3.27,0,1
3/27/2025 21:00,EDT,CAPITL,61757,47.38,2.51,0,1
3/27/2025 22:00,EDT,CAPITL,61757,43,2.28,0,1
3/27/2025 23:00,EDT,CAPITL,61757,39.23,2.04,0,1
3/28/2025 0:00,EDT,CAPITL,61757,37.1,1.97,0,1
3/28/2025 1:00,EDT,CAPITL,61757,36.29,1.89,0,1
3/28/2025 2:00,EDT,CAPITL,61757,35.36,1.78,0,1
3/28/2025 3:00,EDT,CAPITL,61757,34.98,1.7,0,1
3/28/2025 4:00,EDT,CAPITL,61757,35.26,1.71,0,1
3/28/2025 5:00,EDT,CAPITL,61757,40.96,2.06,0,1
3/28/2025 6:00,EDT,CAPITL,61757,57.21,2.98,0,1
3/28/2025 7:00,EDT,CAPITL,61757,70.43,3.67,0,1
3/28/2025 8:00,EDT,CAPITL,61757,53.63,2.41,0,1
3/28/2025 9:00,EDT,CAPITL,61757,41.13,1.51,0,1
3/28/2025 10:00,EDT,CAPITL,61757,38.15,1.22,0,1
3/28/2025 11:00,EDT,CAPITL,61757,35.5,1.1,0,1
3/28/2025 12:00,EDT,CAPITL,61757,33.88,1.05,0,1
3/28/2025 13:00,EDT,CAPITL,61757,32.69,0.86,0,1
3/28/2025 14:00,EDT,CAPITL,61757,32.77,0.89,0,1
3/28/2025 15:00,EDT,CAPITL,61757,34.14,0.93,0,1
3/28/2025 16:00,EDT,CAPITL,61757,36.58,1.13,0,1
3/28/2025 17:00,EDT,CAPITL,61757,41.15,1.35,0,1
3/28/2025 18:00,EDT,CAPITL,61757,46.18,1.82,0,1
3/28/2025 19:00,EDT,CAPITL,61757,55.76,2.3,0,1
3/28/2025 20:00,EDT,CAPITL,61757,50.18,2.07,0,1
3/28/2025 21:00,EDT,CAPITL,61757,40.74,1.68,0,1
3/28/2025 22:00,EDT,CAPITL,61757,38.95,1.57,0,1
3/28/2025 23:00,EDT,CAPITL,61757,35.46,1.4,0,1
3/29/2025 0:00,EDT,CAPITL,61757,33.07,1.21,0,1
3/29/2025 1:00,EDT,CAPITL,61757,31.88,1.23,0,1
3/29/2025 2:00,EDT,CAPITL,61757,30.58,1.2,0,1
3/29/2025 3:00,EDT,CAPITL,61757,29.42,1.19,0,1
3/29/2025 4:00,EDT,CAPITL,61757,29.36,1.24,0,1
3/29/2025 5:00,EDT,CAPITL,61757,31.26,1.35,0,1
3/29/2025 6:00,EDT,CAPITL,61757,34.48,1.45,0,1
3/29/2025 7:00,EDT,CAPITL,61757,37.35,1.47,0,1
3/29/2025 8:00,EDT,CAPITL,61757,39.33,1.33,0,1
3/29/2025 9:00,EDT,CAPITL,61757,36.59,1.27,0,1
3/29/2025 10:00,EDT,CAPITL,61757,35.93,1.21,0,1
3/29/2025 11:00,EDT,CAPITL,61757,34.42,1.19,0,1
3/29/2025 12:00,EDT,CAPITL,61757,31.99,1.05,0,1
3/29/2025 13:00,EDT,CAPITL,61757,31.82,1.01,0,1
3/29/2025 14:00,EDT,CAPITL,61757,32.13,1.06,0,1
3/29/2025 15:00,EDT,CAPITL,61757,32.87,1.08,0,1
3/29/2025 16:00,EDT,CAPITL,61757,35.07,1.19,0,1
3/29/2025 17:00,EDT,CAPITL,61757,38.6,1.27,0,1
3/29/2025 18:00,EDT,CAPITL,61757,44.84,1.64,0,1
3/29/2025 19:00,EDT,CAPITL,61757,49.64,1.82,0,1
3/29/2025 20:00,EDT,CAPITL,61757,45.2,1.61,0,1
3/29/2025 21:00,EDT,CAPITL,61757,39.39,1.41,0,1
3/29/2025 22:00,EDT,CAPITL,61757,37.29,1.29,0,1
3/29/2025 23:00,EDT,CAPITL,61757,33.85,1.11,0,1
3/30/2025 0:00,EDT,CAPITL,61757,36.95,1.18,0,1
3/30/2025 1:00,EDT,CAPITL,61757,35.07,1.09,0,1
3/30/2025 2:00,EDT,CAPITL,61757,33.93,1.08,0,1
3/30/2025 3:00,EDT,CAPITL,61757,34.04,1.12,0,1
3/30/2025 4:00,EDT,CAPITL,61757,34.38,1.13,0,1
3/30/2025 5:00,EDT,CAPITL,61757,35.03,1.18,0,1
3/30/2025 6:00,EDT,CAPITL,61757,36.33,1.26,0,1
3/30/2025 7:00,EDT,CAPITL,61757,37.85,1.49,0,1
3/30/2025 8:00,EDT,CAPITL,61757,38.2,1.36,0,1
3/30/2025 9:00,EDT,CAPITL,61757,42.19,1.54,0,1
3/30/2025 10:00,EDT,CAPITL,61757,44.81,1.89,0,1
3/30/2025 11:00,EDT,CAPITL,61757,44.24,1.91,0,1
3/30/2025 12:00,EDT,CAPITL,61757,43.26,1.86,0,1
3/30/2025 13:00,EDT,CAPITL,61757,41.5,1.9,0,1
3/30/2025 14:00,EDT,CAPITL,61757,41.3,1.93,0,1
3/30/2025 15:00,EDT,CAPITL,61757,43,1.97,0,1
3/30/2025 16:00,EDT,CAPITL,61757,46.13,2.2,0,1
3/30/2025 17:00,EDT,CAPITL,61757,50.93,2.47,0,1
3/30/2025 18:00,EDT,CAPITL,61757,54.34,2.88,0,1
3/30/2025 19:00,EDT,CAPITL,61757,58.28,3.08,-0.22,1
3/30/2025 20:00,EDT,CAPITL,61757,53.49,2.79,0,1
3/30/2025 21:00,EDT,CAPITL,61757,45.71,2.01,-5.74,1
3/30/2025 22:00,EDT,CAPITL,61757,40.43,2.07,0,1
3/30/2025 23:00,EDT,CAPITL,61757,34.75,1.57,-0.36,1
3/31/2025 0:00,EDT,CAPITL,61757,40.29,1.23,-13.98,1
3/31/2025 1:00,EDT,CAPITL,61757,36.28,1.1,-11.68,1
3/31/2025 2:00,EDT,CAPITL,61757,35.86,1.06,-12.26,1
3/31/2025 3:00,EDT,CAPITL,61757,34.04,1.03,-10.73,1
3/31/2025 4:00,EDT,CAPITL,61757,36.18,1.1,-11.67,1
3/31/2025 5:00,EDT,CAPITL,61757,35.55,1.28,-7.63,1
3/31/2025 6:00,EDT,CAPITL,61757,51.14,1.64,-19.03,1
3/31/2025 7:00,EDT,CAPITL,61757,49.21,2.96,0,1
3/31/2025 8:00,EDT,CAPITL,61757,51.51,3.05,0,1
3/31/2025 9:00,EDT,CAPITL,61757,48.55,2.7,-0.78,1
3/31/2025 10:00,EDT,CAPITL,61757,49.28,2.83,0,1
3/31/2025 11:00,EDT,CAPITL,61757,45.46,2.53,0,1
3/31/2025 12:00,EDT,CAPITL,61757,41.25,2.19,0,1
3/31/2025 13:00,EDT,CAPITL,61757,40.3,1.95,0,1
3/31/2025 14:00,EDT,CAPITL,61757,38.66,1.84,0,1
3/31/2025 15:00,EDT,CAPITL,61757,40.29,2.1,0,1
3/31/2025 16:00,EDT,CAPITL,61757,48.33,2.17,-8.15,1
3/31/2025 17:00,EDT,CAPITL,61757,54.85,2.52,-9.52,1
3/31/2025 18:00,EDT,CAPITL,61757,56.05,2.93,-5.08,1
3/31/2025 19:00,EDT,CAPITL,61757,60.65,3.43,0,1
3/31/2025 20:00,EDT,CAPITL,61757,53.72,2.9,0,1
3/31/2025 21:00,EDT,CAPITL,61757,43.97,2.25,0,1
3/31/2025 22:00,EDT,CAPITL,61757,39.27,1.98,0,1
3/31/2025 23:00,EDT,CAPITL,61757,36.93,1.55,0,1
4/1/2025 0:00,EDT,CAPITL,61757,34.08,1.09,0,1
4/1/2025 1:00,EDT,CAPITL,61757,33.5,1.13,0,1
4/1/2025 2:00,EDT,CAPITL,61757,31.59,1.07,0,1
4/1/2025 3:00,EDT,CAPITL,61757,31,1.02,0,1
4/1/2025 4:00,EDT,CAPITL,61757,32.17,1.09,0,1
4/1/2025 5:00,EDT,CAPITL,61757,35.18,1.26,0,1
4/1/2025 6:00,EDT,CAPITL,61757,49.37,2.08,0,1
4/1/2025 7:00,EDT,CAPITL,61757,57.7,2.22,0,1
4/1/2025 8:00,EDT,CAPITL,61757,48.8,1.74,0,1
4/1/2025 9:00,EDT,CAPITL,61757,37.07,1.12,0,1
4/1/2025 10:00,EDT,CAPITL,61757,33.67,0.98,0,1
4/1/2025 11:00,EDT,CAPITL,61757,31.65,0.86,0,1
4/1/2025 12:00,EDT,CAPITL,61757,29.1,0.79,0,1
4/1/2025 13:00,EDT,CAPITL,61757,28.51,0.83,0,1
4/1/2025 14:00,EDT,CAPITL,61757,29.31,0.83,0,1
4/1/2025 15:00,EDT,CAPITL,61757,28.72,0.84,0,1
4/1/2025 16:00,EDT,CAPITL,61757,30.93,1.07,0,1
4/1/2025 17:00,EDT,CAPITL,61757,38.83,1.35,0,1
4/1/2025 18:00,EDT,CAPITL,61757,45.14,2.07,0,1
4/1/2025 19:00,EDT,CAPITL,61757,59.24,2.55,0,1
4/1/2025 20:00,EDT,CAPITL,61757,56.15,2.47,0,1
4/1/2025 21:00,EDT,CAPITL,61757,43.13,1.82,0,1
4/1/2025 22:00,EDT,CAPITL,61757,39.42,1.59,0,1
4/1/2025 23:00,EDT,CAPITL,61757,36.6,1.37,0,1
4/2/2025 0:00,EDT,CAPITL,61757,39.3,1.36,0,1
4/2/2025 1:00,EDT,CAPITL,61757,37.29,1.4,0,1
4/2/2025 2:00,EDT,CAPITL,61757,36.81,1.45,0,1
4/2/2025 3:00,EDT,CAPITL,61757,36.95,1.46,0,1
4/2/2025 4:00,EDT,CAPITL,61757,37.27,1.54,0,1
4/2/2025 5:00,EDT,CAPITL,61757,42.05,1.77,0,1
4/2/2025 6:00,EDT,CAPITL,61757,58.09,2.92,0,1
4/2/2025 7:00,EDT,CAPITL,61757,66.02,3.5,0,1
4/2/2025 8:00,EDT,CAPITL,61757,53.61,2.5,0,1
4/2/2025 9:00,EDT,CAPITL,61757,44.74,1.84,0,1
4/2/2025 10:00,EDT,CAPITL,61757,38.56,1.38,0,1
4/2/2025 11:00,EDT,CAPITL,61757,37.16,1.26,0,1
4/2/2025 12:00,EDT,CAPITL,61757,37.43,1.27,0,1
4/2/2025 13:00,EDT,CAPITL,61757,37.33,1.3,0,1
4/2/2025 14:00,EDT,CAPITL,61757,37.69,1.41,0,1
4/2/2025 15:00,EDT,CAPITL,61757,38.69,1.7,0,1
4/2/2025 16:00,EDT,CAPITL,61757,41.78,1.99,0,1
4/2/2025 17:00,EDT,CAPITL,61757,47.61,2.52,0,1
4/2/2025 18:00,EDT,CAPITL,61757,56.01,3.22,0,1
4/2/2025 19:00,EDT,CAPITL,61757,65.36,4.05,0,1
4/2/2025 20:00,EDT,CAPITL,61757,60.02,3.19,-7.67,1
4/2/2025 21:00,EDT,CAPITL,61757,48.52,2.59,-4.88,1
4/2/2025 22:00,EDT,CAPITL,61757,41.17,2.19,-1.17,1
4/2/2025 23:00,EDT,CAPITL,61757,39.8,1.86,-2.86,1
4/3/2025 0:00,EDT,CAPITL,61757,42.03,1.48,-12.14,1
4/3/2025 1:00,EDT,CAPITL,61757,40.7,1.25,-15.02,1
4/3/2025 2:00,EDT,CAPITL,61757,38.77,1.28,-12.46,1
4/3/2025 3:00,EDT,CAPITL,61757,38.38,1.27,-12.62,1
4/3/2025 4:00,EDT,CAPITL,61757,39.62,1.24,-15.03,1
4/3/2025 5:00,EDT,CAPITL,61757,38.05,1.89,-1.71,1
4/3/2025 6:00,EDT,CAPITL,61757,49.63,2.56,-2.08,1
4/3/2025 7:00,EDT,CAPITL,61757,59.28,2.81,-11.9,1
4/3/2025 8:00,EDT,CAPITL,61757,56.33,3.44,0,1
4/3/2025 9:00,EDT,CAPITL,61757,54.59,3.29,0,1
4/3/2025 10:00,EDT,CAPITL,61757,51.58,3.06,0,1
4/3/2025 11:00,EDT,CAPITL,61757,49.81,2.91,0,1
4/3/2025 12:00,EDT,CAPITL,61757,49.32,2.62,-3,1
4/3/2025 13:00,EDT,CAPITL,61757,44.92,2.58,-0.08,1
4/3/2025 14:00,EDT,CAPITL,61757,45.18,2.12,-7.03,1
4/3/2025 15:00,EDT,CAPITL,61757,44.3,2.25,-2.58,1
4/3/2025 16:00,EDT,CAPITL,61757,46.76,2.2,-8.56,1
4/3/2025 17:00,EDT,CAPITL,61757,50.02,2.47,-7.68,1
4/3/2025 18:00,EDT,CAPITL,61757,56.39,2.74,-10.86,1
4/3/2025 19:00,EDT,CAPITL,61757,59.1,3.12,-6.54,1
4/3/2025 20:00,EDT,CAPITL,61757,53,3.23,0,1
4/3/2025 21:00,EDT,CAPITL,61757,43.83,2.56,0,1
4/3/2025 22:00,EDT,CAPITL,61757,40.46,2.07,0,1
4/3/2025 23:00,EDT,CAPITL,61757,37.25,1.81,0,1
4/4/2025 0:00,EDT,CAPITL,61757,39.18,1.51,0,1
4/4/2025 1:00,EDT,CAPITL,61757,36.04,1.32,0,1
4/4/2025 2:00,EDT,CAPITL,61757,35.58,1.33,0,1
4/4/2025 3:00,EDT,CAPITL,61757,36.15,1.39,0,1
4/4/2025 4:00,EDT,CAPITL,61757,36.27,1.19,0,1
4/4/2025 5:00,EDT,CAPITL,61757,39.44,1.15,0,1
4/4/2025 6:00,EDT,CAPITL,61757,49.26,1.8,0,1
4/4/2025 7:00,EDT,CAPITL,61757,53.28,2.1,0,1
4/4/2025 8:00,EDT,CAPITL,61757,52.56,1.92,0,1
4/4/2025 9:00,EDT,CAPITL,61757,44.89,1.52,0,1
4/4/2025 10:00,EDT,CAPITL,61757,42.35,1.27,0,1
4/4/2025 11:00,EDT,CAPITL,61757,36.58,0.99,0,1
4/4/2025 12:00,EDT,CAPITL,61757,35.28,0.99,0,1
4/4/2025 13:00,EDT,CAPITL,61757,35.17,0.96,0,1
4/4/2025 14:00,EDT,CAPITL,61757,33.99,0.92,0,1
4/4/2025 15:00,EDT,CAPITL,61757,33.5,0.94,0,1
4/4/2025 16:00,EDT,CAPITL,61757,34.2,1,0,1
4/4/2025 17:00,EDT,CAPITL,61757,38.65,1.27,0,1
4/4/2025 18:00,EDT,CAPITL,61757,46.19,1.86,0,1
4/4/2025 19:00,EDT,CAPITL,61757,57.74,2.49,0,1
4/4/2025 20:00,EDT,CAPITL,61757,53.77,2.26,0,1
4/4/2025 21:00,EDT,CAPITL,61757,46.27,1.82,0,1
4/4/2025 22:00,EDT,CAPITL,61757,40.56,1.48,0,1
4/4/2025 23:00,EDT,CAPITL,61757,38.16,1.22,0,1
4/5/2025 0:00,EDT,CAPITL,61757,41.06,1.24,0,1
4/5/2025 1:00,EDT,CAPITL,61757,38.39,1.19,0,1
4/5/2025 2:00,EDT,CAPITL,61757,36.86,1.25,0,1
4/5/2025 3:00,EDT,CAPITL,61757,36.35,1.3,0,1
4/5/2025 4:00,EDT,CAPITL,61757,38.29,1.54,0,1
4/5/2025 5:00,EDT,CAPITL,61757,35.46,1.43,0,1
4/5/2025 6:00,EDT,CAPITL,61757,38.17,1.5,0,1
4/5/2025 7:00,EDT,CAPITL,61757,42.62,1.6,0,1
4/5/2025 8:00,EDT,CAPITL,61757,44.88,1.77,0,1
4/5/2025 9:00,EDT,CAPITL,61757,47.19,1.86,0,1
4/5/2025 10:00,EDT,CAPITL,61757,49.89,1.87,0,1
4/5/2025 11:00,EDT,CAPITL,61757,51.63,1.99,0,1
4/5/2025 12:00,EDT,CAPITL,61757,50.79,2,0,1
4/5/2025 13:00,EDT,CAPITL,61757,50.32,1.98,0,1
4/5/2025 14:00,EDT,CAPITL,61757,45.73,1.8,0,1
4/5/2025 15:00,EDT,CAPITL,61757,48.55,1.91,0,1
4/5/2025 16:00,EDT,CAPITL,61757,48.25,2.03,0,1
4/5/2025 17:00,EDT,CAPITL,61757,50.84,2.33,0,1
4/5/2025 18:00,EDT,CAPITL,61757,52.87,2.42,0,1
4/5/2025 19:00,EDT,CAPITL,61757,57.32,2.68,0,1
4/5/2025 20:00,EDT,CAPITL,61757,55.05,2.42,0,1
4/5/2025 21:00,EDT,CAPITL,61757,47.2,1.9,0,1
4/5/2025 22:00,EDT,CAPITL,61757,43.42,1.51,0,1
4/5/2025 23:00,EDT,CAPITL,61757,40.68,1.34,0,1
4/6/2025 0:00,EDT,CAPITL,61757,39.18,0.99,0,1
4/6/2025 1:00,EDT,CAPITL,61757,36.79,1,0,1
4/6/2025 2:00,EDT,CAPITL,61757,36.81,0.93,0,1
4/6/2025 3:00,EDT,CAPITL,61757,35.91,0.94,0,1
4/6/2025 4:00,EDT,CAPITL,61757,35.3,0.93,0,1
4/6/2025 5:00,EDT,CAPITL,61757,34.03,1.05,0,1
4/6/2025 6:00,EDT,CAPITL,61757,35.3,1.06,0,1
4/6/2025 7:00,EDT,CAPITL,61757,36.68,1.07,0,1
4/6/2025 8:00,EDT,CAPITL,61757,39.6,1.12,0,1
4/6/2025 9:00,EDT,CAPITL,61757,40.85,1.23,0,1
4/6/2025 10:00,EDT,CAPITL,61757,44.4,1.29,0,1
4/6/2025 11:00,EDT,CAPITL,61757,42.04,1.27,0,1
4/6/2025 12:00,EDT,CAPITL,61757,39.98,1.09,0,1
4/6/2025 13:00,EDT,CAPITL,61757,36.3,1.02,0,1
4/6/2025 14:00,EDT,CAPITL,61757,35.69,1.01,0,1
4/6/2025 15:00,EDT,CAPITL,61757,36.51,0.99,0,1
4/6/2025 16:00,EDT,CAPITL,61757,37.9,1.14,0,1
4/6/2025 17:00,EDT,CAPITL,61757,46.24,1.35,0,1
4/6/2025 18:00,EDT,CAPITL,61757,52.64,1.53,0,1
4/6/2025 19:00,EDT,CAPITL,61757,60.75,2.22,0,1
4/6/2025 20:00,EDT,CAPITL,61757,59.7,1.8,0,1
4/6/2025 21:00,EDT,CAPITL,61757,51.7,1.31,0,1
4/6/2025 22:00,EDT,CAPITL,61757,46.8,0.96,0,1
4/6/2025 23:00,EDT,CAPITL,61757,41.59,0.82,0,1
4/7/2025 0:00,EDT,CAPITL,61757,47.32,1.11,0,1
4/7/2025 1:00,EDT,CAPITL,61757,42.99,1.01,0,1
4/7/2025 2:00,EDT,CAPITL,61757,42.1,0.99,0,1
4/7/2025 3:00,EDT,CAPITL,61757,40.84,0.96,0,1
4/7/2025 4:00,EDT,CAPITL,61757,42.4,1.07,0,1
4/7/2025 5:00,EDT,CAPITL,61757,47.42,1.25,0,1
4/7/2025 6:00,EDT,CAPITL,61757,59.65,1.8,0,1
4/7/2025 7:00,EDT,CAPITL,61757,67.57,2.03,0,1
4/7/2025 8:00,EDT,CAPITL,61757,62.06,1.81,0,1
4/7/2025 9:00,EDT,CAPITL,61757,60.3,1.7,0,1
4/7/2025 10:00,EDT,CAPITL,61757,57.88,1.52,0,1
4/7/2025 11:00,EDT,CAPITL,61757,54.25,1.43,0,1
4/7/2025 12:00,EDT,CAPITL,61757,51.51,1.26,0,1
4/7/2025 13:00,EDT,CAPITL,61757,49.95,1.17,0,1
4/7/2025 14:00,EDT,CAPITL,61757,50.62,1.18,0,1
4/7/2025 15:00,EDT,CAPITL,61757,51.63,1.31,0,1
4/7/2025 16:00,EDT,CAPITL,61757,52.68,1.53,0,1
4/7/2025 17:00,EDT,CAPITL,61757,57.87,1.9,0,1
4/7/2025 18:00,EDT,CAPITL,61757,63.49,2.27,0,1
4/7/2025 19:00,EDT,CAPITL,61757,71.7,2.56,0,1
4/7/2025 20:00,EDT,CAPITL,61757,64.21,2.41,0,1
4/7/2025 21:00,EDT,CAPITL,61757,55.9,1.78,0,1
4/7/2025 22:00,EDT,CAPITL,61757,47.77,1.48,0,1
4/7/2025 23:00,EDT,CAPITL,61757,45.93,1.38,0,1
4/8/2025 0:00,EDT,CAPITL,61757,49.26,1.67,0,1
4/8/2025 1:00,EDT,CAPITL,61757,45.08,1.65,0,1
4/8/2025 2:00,EDT,CAPITL,61757,43.1,1.58,0,1
4/8/2025 3:00,EDT,CAPITL,61757,43.25,1.67,0,1
4/8/2025 4:00,EDT,CAPITL,61757,43.59,1.68,0,1
4/8/2025 5:00,EDT,CAPITL,61757,46.23,1.9,0,1
4/8/2025 6:00,EDT,CAPITL,61757,60.82,2.45,0,1
4/8/2025 7:00,EDT,CAPITL,61757,68.49,2.76,0,1
4/8/2025 8:00,EDT,CAPITL,61757,62.61,2.47,0,1
4/8/2025 9:00,EDT,CAPITL,61757,56.63,1.91,0,1
4/8/2025 10:00,EDT,CAPITL,61757,54.36,1.94,0,1
4/8/2025 11:00,EDT,CAPITL,61757,50.3,1.7,0,1
4/8/2025 12:00,EDT,CAPITL,61757,48.35,1.68,0,1
4/8/2025 13:00,EDT,CAPITL,61757,47.28,1.47,0,1
4/8/2025 14:00,EDT,CAPITL,61757,45.88,1.42,0,1
4/8/2025 15:00,EDT,CAPITL,61757,48.13,1.54,0,1
4/8/2025 16:00,EDT,CAPITL,61757,51.11,1.82,0,1
4/8/2025 17:00,EDT,CAPITL,61757,58.47,2.36,0,1
4/8/2025 18:00,EDT,CAPITL,61757,66.71,2.88,0,1
4/8/2025 19:00,EDT,CAPITL,61757,86.46,3.88,0,1
4/8/2025 20:00,EDT,CAPITL,61757,83.92,3.23,0,1
4/8/2025 21:00,EDT,CAPITL,61757,65.04,2.5,0,1
4/8/2025 22:00,EDT,CAPITL,61757,58.22,2.08,0,1
4/8/2025 23:00,EDT,CAPITL,61757,51.6,1.79,0,1
4/9/2025 0:00,EDT,CAPITL,61757,53.34,2.25,0,1
4/9/2025 1:00,EDT,CAPITL,61757,51.81,2.18,0,1
4/9/2025 2:00,EDT,CAPITL,61757,49.8,1.96,0,1
4/9/2025 3:00,EDT,CAPITL,61757,50.22,2.02,0,1
4/9/2025 4:00,EDT,CAPITL,61757,51.63,2.03,0,1
4/9/2025 5:00,EDT,CAPITL,61757,60.29,2.26,0,1
4/9/2025 6:00,EDT,CAPITL,61757,85.82,3.38,0,1
4/9/2025 7:00,EDT,CAPITL,61757,95.2,3.92,0,1
4/9/2025 8:00,EDT,CAPITL,61757,69.56,2.35,0,1
4/9/2025 9:00,EDT,CAPITL,61757,55.52,1.46,0,1
4/9/2025 10:00,EDT,CAPITL,61757,50.91,1.24,0,1
4/9/2025 11:00,EDT,CAPITL,61757,45.65,0.98,0,1
4/9/2025 12:00,EDT,CAPITL,61757,43.88,1.03,0,1
4/9/2025 13:00,EDT,CAPITL,61757,41.81,1.02,0,1
4/9/2025 14:00,EDT,CAPITL,61757,40.7,1.07,0,1
4/9/2025 15:00,EDT,CAPITL,61757,41.14,1.08,0,1
4/9/2025 16:00,EDT,CAPITL,61757,45.33,1.36,0,1
4/9/2025 17:00,EDT,CAPITL,61757,53.3,1.7,0,1
4/9/2025 18:00,EDT,CAPITL,61757,68.08,2.55,0,1
4/9/2025 19:00,EDT,CAPITL,61757,85.63,3.37,0,1
4/9/2025 20:00,EDT,CAPITL,61757,81.87,3,0,1
4/9/2025 21:00,EDT,CAPITL,61757,69.35,2.54,0,1
4/9/2025 22:00,EDT,CAPITL,61757,58.29,1.92,0,1
4/9/2025 23:00,EDT,CAPITL,61757,52.99,1.74,0,1
4/10/2025 0:00,EDT,CAPITL,61757,43.58,1.35,0,1
4/10/2025 1:00,EDT,CAPITL,61757,43.37,1.38,0,1
4/10/2025 2:00,EDT,CAPITL,61757,41.53,1.29,0,1
4/10/2025 3:00,EDT,CAPITL,61757,40.53,1.33,0,1
4/10/2025 4:00,EDT,CAPITL,61757,41.82,1.38,0,1
4/10/2025 5:00,EDT,CAPITL,61757,44.49,1.63,0,1
4/10/2025 6:00,EDT,CAPITL,61757,62.78,2.76,0,1
4/10/2025 7:00,EDT,CAPITL,61757,68.69,3.27,0,1
4/10/2025 8:00,EDT,CAPITL,61757,55,1.91,0,1
4/10/2025 9:00,EDT,CAPITL,61757,45.91,1.34,0,1
4/10/2025 10:00,EDT,CAPITL,61757,43.84,1.11,0,1
4/10/2025 11:00,EDT,CAPITL,61757,41.87,1.1,0,1
4/10/2025 12:00,EDT,CAPITL,61757,42.05,1.06,0,1
4/10/2025 13:00,EDT,CAPITL,61757,43.09,1.05,0,1
4/10/2025 14:00,EDT,CAPITL,61757,42.85,1.13,0,1
4/10/2025 15:00,EDT,CAPITL,61757,43.67,1.1,0,1
4/10/2025 16:00,EDT,CAPITL,61757,45.2,1.19,0,1
4/10/2025 17:00,EDT,CAPITL,61757,50.83,1.62,0,1
4/10/2025 18:00,EDT,CAPITL,61757,57.13,1.93,0,1
4/10/2025 19:00,EDT,CAPITL,61757,66.37,2.92,0,1
4/10/2025 20:00,EDT,CAPITL,61757,61.86,2.6,0,1
4/10/2025 21:00,EDT,CAPITL,61757,53.3,1.95,0,1
4/10/2025 22:00,EDT,CAPITL,61757,45.19,1.49,0,1
4/10/2025 23:00,EDT,CAPITL,61757,43.21,1.46,0,1
4/11/2025 0:00,EDT,CAPITL,61757,42.66,1.56,0,1
4/11/2025 1:00,EDT,CAPITL,61757,41.5,1.6,0,1
4/11/2025 2:00,EDT,CAPITL,61757,39.7,1.45,0,1
4/11/2025 3:00,EDT,CAPITL,61757,39.34,1.44,0,1
4/11/2025 4:00,EDT,CAPITL,61757,39.51,1.45,0,1
4/11/2025 5:00,EDT,CAPITL,61757,44.09,1.53,0,1
4/11/2025 6:00,EDT,CAPITL,61757,56.87,2.39,0,1
4/11/2025 7:00,EDT,CAPITL,61757,65.64,2.83,0,1
4/11/2025 8:00,EDT,CAPITL,61757,59.69,2.35,0,1
4/11/2025 9:00,EDT,CAPITL,61757,57.66,1.9,0,1
4/11/2025 10:00,EDT,CAPITL,61757,55.43,1.82,0,1
4/11/2025 11:00,EDT,CAPITL,61757,51.7,1.5,0,1
4/11/2025 12:00,EDT,CAPITL,61757,50.51,1.47,0,1
4/11/2025 13:00,EDT,CAPITL,61757,50,1.36,0,1
4/11/2025 14:00,EDT,CAPITL,61757,49.54,1.54,0,1
4/11/2025 15:00,EDT,CAPITL,61757,49.69,1.5,0,1
4/11/2025 16:00,EDT,CAPITL,61757,50.05,1.6,0,1
4/11/2025 17:00,EDT,CAPITL,61757,54.65,1.9,0,1
4/11/2025 18:00,EDT,CAPITL,61757,58.6,2.31,0,1
4/11/2025 19:00,EDT,CAPITL,61757,64.16,2.7,0,1
4/11/2025 20:00,EDT,CAPITL,61757,60.36,2.49,0,1
4/11/2025 21:00,EDT,CAPITL,61757,54.91,2.06,0,1
4/11/2025 22:00,EDT,CAPITL,61757,52.83,1.79,0,1
4/11/2025 23:00,EDT,CAPITL,61757,50.44,1.7,0,1
4/12/2025 0:00,EDT,CAPITL,61757,49.29,1.62,0,1
4/12/2025 1:00,EDT,CAPITL,61757,45.22,1.53,0,1
4/12/2025 2:00,EDT,CAPITL,61757,43.96,1.49,0,1
4/12/2025 3:00,EDT,CAPITL,61757,42.08,1.38,0,1
4/12/2025 4:00,EDT,CAPITL,61757,41.32,1.4,0,1
4/12/2025 5:00,EDT,CAPITL,61757,45.11,1.48,0,1
4/12/2025 6:00,EDT,CAPITL,61757,51.96,1.86,0,1
4/12/2025 7:00,EDT,CAPITL,61757,56.93,2.08,0,1
4/12/2025 8:00,EDT,CAPITL,61757,58.95,2.27,0,1
4/12/2025 9:00,EDT,CAPITL,61757,59.11,2.38,0,1
4/12/2025 10:00,EDT,CAPITL,61757,58.78,2.42,0,1
4/12/2025 11:00,EDT,CAPITL,61757,58.48,2.19,0,1
4/12/2025 12:00,EDT,CAPITL,61757,54.3,1.73,0,1
4/12/2025 13:00,EDT,CAPITL,61757,52.55,1.73,0,1
4/12/2025 14:00,EDT,CAPITL,61757,51.33,1.78,0,1
4/12/2025 15:00,EDT,CAPITL,61757,51.3,1.78,0,1
4/12/2025 16:00,EDT,CAPITL,61757,51.68,1.94,0,1
4/12/2025 17:00,EDT,CAPITL,61757,54.87,2.06,0,1
4/12/2025 18:00,EDT,CAPITL,61757,56.02,2.21,0,1
4/12/2025 19:00,EDT,CAPITL,61757,59.46,2.67,0,1
4/12/2025 20:00,EDT,CAPITL,61757,60.46,2.66,0,1
4/12/2025 21:00,EDT,CAPITL,61757,54.82,1.96,0,1
4/12/2025 22:00,EDT,CAPITL,61757,52.48,1.82,0,1
4/12/2025 23:00,EDT,CAPITL,61757,47.93,1.66,0,1
4/13/2025 0:00,EDT,CAPITL,61757,51.53,1.84,0,1
4/13/2025 1:00,EDT,CAPITL,61757,49.53,1.72,0,1
4/13/2025 2:00,EDT,CAPITL,61757,46.38,1.57,0,1
4/13/2025 3:00,EDT,CAPITL,61757,45.69,1.59,0,1
4/13/2025 4:00,EDT,CAPITL,61757,46.77,1.62,0,1
4/13/2025 5:00,EDT,CAPITL,61757,46.62,1.66,0,1
4/13/2025 6:00,EDT,CAPITL,61757,48.86,1.79,0,1
4/13/2025 7:00,EDT,CAPITL,61757,51.87,1.85,0,1
4/13/2025 8:00,EDT,CAPITL,61757,52.44,1.87,0,1
4/13/2025 9:00,EDT,CAPITL,61757,48.72,1.78,0,1
4/13/2025 10:00,EDT,CAPITL,61757,46.89,1.67,0,1
4/13/2025 11:00,EDT,CAPITL,61757,45.29,1.53,0,1
4/13/2025 12:00,EDT,CAPITL,61757,42.53,1.28,0,1
4/13/2025 13:00,EDT,CAPITL,61757,41.32,1.28,0,1
4/13/2025 14:00,EDT,CAPITL,61757,40.75,1.3,0,1
4/13/2025 15:00,EDT,CAPITL,61757,39.78,1.23,0,1
4/13/2025 16:00,EDT,CAPITL,61757,42.72,1.32,0,1
4/13/2025 17:00,EDT,CAPITL,61757,49.83,1.82,0,1
4/13/2025 18:00,EDT,CAPITL,61757,55.14,2.27,0,1
4/13/2025 19:00,EDT,CAPITL,61757,60,2.86,0,1
4/13/2025 20:00,EDT,CAPITL,61757,64.69,2.96,0,1
4/13/2025 21:00,EDT,CAPITL,61757,57.31,2.21,0,1
4/13/2025 22:00,EDT,CAPITL,61757,49.47,1.9,0,1
4/13/2025 23:00,EDT,CAPITL,61757,46.58,1.75,0,1
4/14/2025 0:00,EDT,CAPITL,61757,42.21,1.54,0,1
4/14/2025 1:00,EDT,CAPITL,61757,39.91,1.5,0,1
4/14/2025 2:00,EDT,CAPITL,61757,39.9,1.46,0,1
4/14/2025 3:00,EDT,CAPITL,61757,39.88,1.46,0,1
4/14/2025 4:00,EDT,CAPITL,61757,41.89,1.57,0,1
4/14/2025 5:00,EDT,CAPITL,61757,45.92,1.68,0,1
4/14/2025 6:00,EDT,CAPITL,61757,59.11,2.71,0,1
4/14/2025 7:00,EDT,CAPITL,61757,62.63,2.87,0,1
4/14/2025 8:00,EDT,CAPITL,61757,51.36,1.88,0,1
4/14/2025 9:00,EDT,CAPITL,61757,38.64,1.27,0,1
4/14/2025 10:00,EDT,CAPITL,61757,36.33,1.2,0,1
4/14/2025 11:00,EDT,CAPITL,61757,32.86,1.08,0,1
4/14/2025 12:00,EDT,CAPITL,61757,32.32,1.09,0,1
4/14/2025 13:00,EDT,CAPITL,61757,32.83,1.08,0,1
4/14/2025 14:00,EDT,CAPITL,61757,33.23,1.03,0,1
4/14/2025 15:00,EDT,CAPITL,61757,35.39,1.16,0,1
4/14/2025 16:00,EDT,CAPITL,61757,38.7,1.38,0,1
4/14/2025 17:00,EDT,CAPITL,61757,46.74,1.75,0,1
4/14/2025 18:00,EDT,CAPITL,61757,57.58,2.53,0,1
4/14/2025 19:00,EDT,CAPITL,61757,66.44,3.04,-6.05,1
4/14/2025 20:00,EDT,CAPITL,61757,64.49,2.95,-4.84,1
4/14/2025 21:00,EDT,CAPITL,61757,55.24,2.66,-0.39,1
4/14/2025 22:00,EDT,CAPITL,61757,42.96,1.93,0,1
4/14/2025 23:00,EDT,CAPITL,61757,38.16,1.64,0,1
4/15/2025 0:00,EDT,CAPITL,61757,34.62,1.55,0,1
4/15/2025 1:00,EDT,CAPITL,61757,33.87,1.52,0,1
4/15/2025 2:00,EDT,CAPITL,61757,34.01,1.53,0,1
4/15/2025 3:00,EDT,CAPITL,61757,33.6,1.54,0,1
4/15/2025 4:00,EDT,CAPITL,61757,35.15,1.61,0,1
4/15/2025 5:00,EDT,CAPITL,61757,37.95,1.74,0,1
4/15/2025 6:00,EDT,CAPITL,61757,49.9,2.38,0,1
4/15/2025 7:00,EDT,CAPITL,61757,55.98,3.02,0,1
4/15/2025 8:00,EDT,CAPITL,61757,52.5,2.23,-4.75,1
4/15/2025 9:00,EDT,CAPITL,61757,41.4,1.74,0,1
4/15/2025 10:00,EDT,CAPITL,61757,38.88,1.57,0,1
4/15/2025 11:00,EDT,CAPITL,61757,35.01,1.41,0,1
4/15/2025 12:00,EDT,CAPITL,61757,34.08,1.37,0,1
4/15/2025 13:00,EDT,CAPITL,61757,32.7,1.35,0,1
4/15/2025 14:00,EDT,CAPITL,61757,32.19,1.3,0,1
4/15/2025 15:00,EDT,CAPITL,61757,34.43,1.36,0,1
4/15/2025 16:00,EDT,CAPITL,61757,38.51,1.59,0,1
4/15/2025 17:00,EDT,CAPITL,61757,42.64,2.14,0,1
4/15/2025 18:00,EDT,CAPITL,61757,54,2.48,-6.31,1
4/15/2025 19:00,EDT,CAPITL,61757,60.79,3.35,-2.5,1
4/15/2025 20:00,EDT,CAPITL,61757,61.33,2.96,-9.8,1
4/15/2025 21:00,EDT,CAPITL,61757,51.69,2.61,-4.86,1
4/15/2025 22:00,EDT,CAPITL,61757,41.18,2.26,0,1
4/15/2025 23:00,EDT,CAPITL,61757,37.33,1.95,0,1
4/16/2025 0:00,EDT,CAPITL,61757,34.56,1.66,-1.6,1
4/16/2025 1:00,EDT,CAPITL,61757,35.79,1.63,-3.39,1
4/16/2025 2:00,EDT,CAPITL,61757,33.07,1.69,0,1
4/16/2025 3:00,EDT,CAPITL,61757,32.51,1.69,-0.09,1
4/16/2025 4:00,EDT,CAPITL,61757,34.43,1.85,-0.19,1
4/16/2025 5:00,EDT,CAPITL,61757,38.34,2.07,0,1
4/16/2025 6:00,EDT,CAPITL,61757,49.17,2.78,0,1
4/16/2025 7:00,EDT,CAPITL,61757,55.53,2.79,0,1
4/16/2025 8:00,EDT,CAPITL,61757,45.58,2.09,0,1
4/16/2025 9:00,EDT,CAPITL,61757,40.83,1.83,0,1
4/16/2025 10:00,EDT,CAPITL,61757,37.24,1.6,0,1
4/16/2025 11:00,EDT,CAPITL,61757,33.94,1.46,0,1
4/16/2025 12:00,EDT,CAPITL,61757,32.44,1.43,0,1
4/16/2025 13:00,EDT,CAPITL,61757,32.25,1.51,0,1
4/16/2025 14:00,EDT,CAPITL,61757,32.22,1.39,0,1
4/16/2025 15:00,EDT,CAPITL,61757,33.53,1.54,0,1
4/16/2025 16:00,EDT,CAPITL,61757,35.98,1.71,0,1
4/16/2025 17:00,EDT,CAPITL,61757,42.46,2.33,0,1
4/16/2025 18:00,EDT,CAPITL,61757,48.88,2.63,0,1
4/16/2025 19:00,EDT,CAPITL,61757,59.46,3.2,0,1
4/16/2025 20:00,EDT,CAPITL,61757,59.11,3.08,0,1
4/16/2025 21:00,EDT,CAPITL,61757,50.7,2.5,0,1
4/16/2025 22:00,EDT,CAPITL,61757,43.75,2.08,0,1
4/16/2025 23:00,EDT,CAPITL,61757,40.48,1.85,0,1
4/17/2025 0:00,EDT,CAPITL,61757,35.14,1.45,0,1
4/17/2025 1:00,EDT,CAPITL,61757,33.57,1.35,0,1
4/17/2025 2:00,EDT,CAPITL,61757,33.78,1.33,0,1
4/17/2025 3:00,EDT,CAPITL,61757,33.56,1.32,0,1
4/17/2025 4:00,EDT,CAPITL,61757,34.4,1.45,0,1
4/17/2025 5:00,EDT,CAPITL,61757,40.29,1.85,0,1
4/17/2025 6:00,EDT,CAPITL,61757,56.4,2.74,0,1
4/17/2025 7:00,EDT,CAPITL,61757,58.28,2.77,0,1
4/17/2025 8:00,EDT,CAPITL,61757,43.72,1.84,0,1
4/17/2025 9:00,EDT,CAPITL,61757,30.05,1.07,0,1
4/17/2025 10:00,EDT,CAPITL,61757,26.86,0.88,0,1
4/17/2025 11:00,EDT,CAPITL,61757,24.56,0.76,0,1
4/17/2025 12:00,EDT,CAPITL,61757,24.08,0.7,0,1
4/17/2025 13:00,EDT,CAPITL,61757,23.46,0.64,0,1
4/17/2025 14:00,EDT,CAPITL,61757,22.71,0.62,0,1
4/17/2025 15:00,EDT,CAPITL,61757,23.57,0.66,0,1
4/17/2025 16:00,EDT,CAPITL,61757,24.92,0.82,0,1
4/17/2025 17:00,EDT,CAPITL,61757,31.84,1.17,0,1
4/17/2025 18:00,EDT,CAPITL,61757,44.02,1.81,0,1
4/17/2025 19:00,EDT,CAPITL,61757,54.84,2.41,0,1
4/17/2025 20:00,EDT,CAPITL,61757,55.66,2.55,0,1
4/17/2025 21:00,EDT,CAPITL,61757,47.39,2.09,0,1
4/17/2025 22:00,EDT,CAPITL,61757,40.44,1.63,0,1
4/17/2025 23:00,EDT,CAPITL,61757,36.88,1.45,0,1
4/18/2025 0:00,EDT,CAPITL,61757,33.31,1.4,0,1
4/18/2025 1:00,EDT,CAPITL,61757,30.6,1.26,0,1
4/18/2025 2:00,EDT,CAPITL,61757,29.1,1.2,0,1
4/18/2025 3:00,EDT,CAPITL,61757,28.96,1.19,0,1
4/18/2025 4:00,EDT,CAPITL,61757,30.51,1.37,0,1
4/18/2025 5:00,EDT,CAPITL,61757,34.97,1.6,0,1
4/18/2025 6:00,EDT,CAPITL,61757,44.66,2.13,0,1
4/18/2025 7:00,EDT,CAPITL,61757,46.58,2.26,0,1
4/18/2025 8:00,EDT,CAPITL,61757,39.97,1.83,0,1
4/18/2025 9:00,EDT,CAPITL,61757,29.86,1.25,-0.87,1
4/18/2025 10:00,EDT,CAPITL,61757,27.19,1.1,0,1
4/18/2025 11:00,EDT,CAPITL,61757,25.42,0.93,0,1
4/18/2025 12:00,EDT,CAPITL,61757,24.44,0.92,0,1
4/18/2025 13:00,EDT,CAPITL,61757,24.74,1.02,0,1
4/18/2025 14:00,EDT,CAPITL,61757,25.93,1.02,-1.09,1
4/18/2025 15:00,EDT,CAPITL,61757,29.87,0.93,-8.24,1
4/18/2025 16:00,EDT,CAPITL,61757,33.2,0.91,-12.07,1
4/18/2025 17:00,EDT,CAPITL,61757,40.03,1.01,-16.14,1
4/18/2025 18:00,EDT,CAPITL,61757,44.75,1.65,-9.44,1
4/18/2025 19:00,EDT,CAPITL,61757,50.4,1.87,-11.17,1
4/18/2025 20:00,EDT,CAPITL,61757,51.12,1.89,-12.23,1
4/18/2025 21:00,EDT,CAPITL,61757,43.54,1.64,-8.4,1
4/18/2025 22:00,EDT,CAPITL,61757,39.54,1.42,-9.15,1
4/18/2025 23:00,EDT,CAPITL,61757,32.63,1.46,-0.68,1
4/19/2025 0:00,EDT,CAPITL,61757,30.36,1.14,-6.49,1
4/19/2025 1:00,EDT,CAPITL,61757,28.5,1.04,-6.68,1
4/19/2025 2:00,EDT,CAPITL,61757,25.96,1.01,-4.37,1
4/19/2025 3:00,EDT,CAPITL,61757,25.43,0.92,-5.42,1
4/19/2025 4:00,EDT,CAPITL,61757,24.45,1.1,-1.68,1
4/19/2025 5:00,EDT,CAPITL,61757,27.01,1.36,-0.06,1
4/19/2025 6:00,EDT,CAPITL,61757,30.06,1.22,-5.35,1
4/19/2025 7:00,EDT,CAPITL,61757,30.56,1.44,-1.33,1
4/19/2025 8:00,EDT,CAPITL,61757,30.2,1.49,0,1
4/19/2025 9:00,EDT,CAPITL,61757,30.86,1.39,-2.64,1
4/19/2025 10:00,EDT,CAPITL,61757,30.49,1.31,-3.46,1
4/19/2025 11:00,EDT,CAPITL,61757,28.03,1.25,-0.73,1
4/19/2025 12:00,EDT,CAPITL,61757,27.42,1.27,-0.17,1
4/19/2025 13:00,EDT,CAPITL,61757,26.75,1.25,0,1
4/19/2025 14:00,EDT,CAPITL,61757,26.88,1.26,0,1
4/19/2025 15:00,EDT,CAPITL,61757,28.76,1.42,0,1
4/19/2025 16:00,EDT,CAPITL,61757,30.76,1.56,-0.22,1
4/19/2025 17:00,EDT,CAPITL,61757,37.96,1.85,-0.56,1
4/19/2025 18:00,EDT,CAPITL,61757,42.78,1.87,-5.03,1
4/19/2025 19:00,EDT,CAPITL,61757,49.44,1.95,-10.63,1
4/19/2025 20:00,EDT,CAPITL,61757,47.8,2.05,-6.27,1
4/19/2025 21:00,EDT,CAPITL,61757,37.64,1.85,-0.28,1
4/19/2025 22:00,EDT,CAPITL,61757,33.5,1.62,0,1
4/19/2025 23:00,EDT,CAPITL,61757,30.87,1.47,0,1
4/20/2025 0:00,EDT,CAPITL,61757,31.52,1.3,-3.23,1
4/20/2025 1:00,EDT,CAPITL,61757,28.46,1.38,0,1
4/20/2025 2:00,EDT,CAPITL,61757,26.45,1.26,0,1
4/20/2025 3:00,EDT,CAPITL,61757,25.38,1.16,0,1
4/20/2025 4:00,EDT,CAPITL,61757,24.11,1.1,0,1
4/20/2025 5:00,EDT,CAPITL,61757,25.9,1.16,0,1
4/20/2025 6:00,EDT,CAPITL,61757,30.36,1.47,0,1
4/20/2025 7:00,EDT,CAPITL,61757,29.17,1.26,0,1
4/20/2025 8:00,EDT,CAPITL,61757,26.07,1.03,0,1
4/20/2025 9:00,EDT,CAPITL,61757,21.65,0.83,0,1
4/20/2025 10:00,EDT,CAPITL,61757,20.38,0.69,0,1
4/20/2025 11:00,EDT,CAPITL,61757,18.47,0.59,0,1
4/20/2025 12:00,EDT,CAPITL,61757,17.56,0.53,0,1
4/20/2025 13:00,EDT,CAPITL,61757,17.73,0.55,0,1
4/20/2025 14:00,EDT,CAPITL,61757,17.02,0.54,0,1
4/20/2025 15:00,EDT,CAPITL,61757,18.25,0.6,0,1
4/20/2025 16:00,EDT,CAPITL,61757,20.27,0.7,0,1
4/20/2025 17:00,EDT,CAPITL,61757,29.08,1.17,0,1
4/20/2025 18:00,EDT,CAPITL,61757,37.03,1.73,0,1
4/20/2025 19:00,EDT,CAPITL,61757,45.04,2.27,0,1
4/20/2025 20:00,EDT,CAPITL,61757,44.39,2.31,0,1
4/20/2025 21:00,EDT,CAPITL,61757,37.93,1.87,0,1
4/20/2025 22:00,EDT,CAPITL,61757,35.53,1.66,0,1
4/20/2025 23:00,EDT,CAPITL,61757,31.43,1.35,0,1
4/21/2025 0:00,EDT,CAPITL,61757,29.33,1.16,0,1
4/21/2025 1:00,EDT,CAPITL,61757,27.85,1.1,0,1
4/21/2025 2:00,EDT,CAPITL,61757,26.34,1.06,0,1
4/21/2025 3:00,EDT,CAPITL,61757,25.14,1.01,0,1
4/21/2025 4:00,EDT,CAPITL,61757,26.1,1.15,0,1
4/21/2025 5:00,EDT,CAPITL,61757,29.09,1.33,0,1
4/21/2025 6:00,EDT,CAPITL,61757,33.97,1.59,0,1
4/21/2025 7:00,EDT,CAPITL,61757,39.85,1.85,-1.61,1
4/21/2025 8:00,EDT,CAPITL,61757,35.84,1.67,0,1
4/21/2025 9:00,EDT,CAPITL,61757,32.8,1.38,0,1
4/21/2025 10:00,EDT,CAPITL,61757,31.73,1.34,0,1
4/21/2025 11:00,EDT,CAPITL,61757,30.98,1.22,0,1
4/21/2025 12:00,EDT,CAPITL,61757,30,1.26,0,1
4/21/2025 13:00,EDT,CAPITL,61757,30.2,1.26,-1.03,1
4/21/2025 14:00,EDT,CAPITL,61757,31.8,1.31,-1.97,1
4/21/2025 15:00,EDT,CAPITL,61757,34.1,1.44,0,1
4/21/2025 16:00,EDT,CAPITL,61757,37.41,1.58,0,1
4/21/2025 17:00,EDT,CAPITL,61757,43.62,1.52,-5.9,1
4/21/2025 18:00,EDT,CAPITL,61757,50.88,1.68,-12.75,1
4/21/2025 19:00,EDT,CAPITL,61757,53.37,1.95,-9.08,1
4/21/2025 20:00,EDT,CAPITL,61757,54.88,1.68,-17.36,1
4/21/2025 21:00,EDT,CAPITL,61757,41.3,1.59,-5.09,1
4/21/2025 22:00,EDT,CAPITL,61757,36.3,1.23,-7.77,1
4/21/2025 23:00,EDT,CAPITL,61757,33.8,1.02,-11.55,1
4/22/2025 0:00,EDT,CAPITL,61757,34.14,0.74,-17.08,1
4/22/2025 1:00,EDT,CAPITL,61757,34.1,0.6,-20.17,1
4/22/2025 2:00,EDT,CAPITL,61757,31.98,0.61,-17.73,1
4/22/2025 3:00,EDT,CAPITL,61757,31.23,0.52,-19.45,1
4/22/2025 4:00,EDT,CAPITL,61757,31,0.74,-14.3,1
4/22/2025 5:00,EDT,CAPITL,61757,34.54,0.95,-13.37,1
4/22/2025 6:00,EDT,CAPITL,61757,47.15,1.14,-22.72,1
4/22/2025 7:00,EDT,CAPITL,61757,42.7,1.84,-3.97,1
4/22/2025 8:00,EDT,CAPITL,61757,35.37,1.62,0,1
4/22/2025 9:00,EDT,CAPITL,61757,30.08,1.32,0,1
4/22/2025 10:00,EDT,CAPITL,61757,30.26,1.3,0,1
4/22/2025 11:00,EDT,CAPITL,61757,28.78,1.24,0,1
4/22/2025 12:00,EDT,CAPITL,61757,27.99,1.13,-0.64,1
4/22/2025 13:00,EDT,CAPITL,61757,28.88,1.12,-0.57,1
4/22/2025 14:00,EDT,CAPITL,61757,29.67,1.06,-2.76,1
4/22/2025 15:00,EDT,CAPITL,61757,30.7,1.06,-3.2,1
4/22/2025 16:00,EDT,CAPITL,61757,37.46,1.21,-6.82,1
4/22/2025 17:00,EDT,CAPITL,61757,40.77,1.59,-3.81,1
4/22/2025 18:00,EDT,CAPITL,61757,44.12,2.14,0,1
4/22/2025 19:00,EDT,CAPITL,61757,49.38,2.48,0,1
4/22/2025 20:00,EDT,CAPITL,61757,51.94,2.61,0,1
4/22/2025 21:00,EDT,CAPITL,61757,41.32,1.97,0,1
4/22/2025 22:00,EDT,CAPITL,61757,35.09,1.48,0,1
4/22/2025 23:00,EDT,CAPITL,61757,32.6,1.37,0,1
4/23/2025 0:00,EDT,CAPITL,61757,27.24,1.02,0,1
4/23/2025 1:00,EDT,CAPITL,61757,26.62,0.92,0,1
4/23/2025 2:00,EDT,CAPITL,61757,25.15,0.97,0,1
4/23/2025 3:00,EDT,CAPITL,61757,25.89,0.97,0,1
4/23/2025 4:00,EDT,CAPITL,61757,27.04,1.01,0,1
4/23/2025 5:00,EDT,CAPITL,61757,31.2,1.2,0,1
4/23/2025 6:00,EDT,CAPITL,61757,41,1.65,0,1
4/23/2025 7:00,EDT,CAPITL,61757,41.26,1.59,0,1
4/23/2025 8:00,EDT,CAPITL,61757,33.45,1.13,0,1
4/23/2025 9:00,EDT,CAPITL,61757,27.96,0.92,0,1
4/23/2025 10:00,EDT,CAPITL,61757,25.8,0.78,0,1
4/23/2025 11:00,EDT,CAPITL,61757,23.7,0.69,0,1
4/23/2025 12:00,EDT,CAPITL,61757,22.94,0.65,0,1
4/23/2025 13:00,EDT,CAPITL,61757,23.26,0.66,0,1
4/23/2025 14:00,EDT,CAPITL,61757,23.19,0.63,0,1
4/23/2025 15:00,EDT,CAPITL,61757,25.44,0.74,0,1
4/23/2025 16:00,EDT,CAPITL,61757,29.04,0.96,0,1
4/23/2025 17:00,EDT,CAPITL,61757,34.94,1.28,0,1
4/23/2025 18:00,EDT,CAPITL,61757,41.27,1.66,0,1
4/23/2025 19:00,EDT,CAPITL,61757,46.59,2.01,0,1
4/23/2025 20:00,EDT,CAPITL,61757,47.21,2.16,0,1
4/23/2025 21:00,EDT,CAPITL,61757,38.29,1.58,0,1
4/23/2025 22:00,EDT,CAPITL,61757,34.02,1.31,0,1
4/23/2025 23:00,EDT,CAPITL,61757,30.55,1.15,0,1
4/24/2025 0:00,EDT,CAPITL,61757,27.1,1.04,0,1
4/24/2025 1:00,EDT,CAPITL,61757,25.48,0.93,0,1
4/24/2025 2:00,EDT,CAPITL,61757,23.2,0.8,0,1
4/24/2025 3:00,EDT,CAPITL,61757,22.83,0.82,0,1
4/24/2025 4:00,EDT,CAPITL,61757,21.66,0.81,0,1
4/24/2025 5:00,EDT,CAPITL,61757,28.01,1.1,0,1
4/24/2025 6:00,EDT,CAPITL,61757,34.32,1.41,0,1
4/24/2025 7:00,EDT,CAPITL,61757,38.8,1.46,0,1
4/24/2025 8:00,EDT,CAPITL,61757,32.89,1.11,0,1
4/24/2025 9:00,EDT,CAPITL,61757,26.72,0.85,0,1
4/24/2025 10:00,EDT,CAPITL,61757,25.8,0.8,0,1
4/24/2025 11:00,EDT,CAPITL,61757,24.45,0.71,0,1
4/24/2025 12:00,EDT,CAPITL,61757,24.83,0.7,0,1
4/24/2025 13:00,EDT,CAPITL,61757,25.44,0.77,0,1
4/24/2025 14:00,EDT,CAPITL,61757,25.88,0.78,0,1
4/24/2025 15:00,EDT,CAPITL,61757,28.72,1.08,0,1
4/24/2025 16:00,EDT,CAPITL,61757,31.9,1.31,0,1
4/24/2025 17:00,EDT,CAPITL,61757,37.39,1.51,0,1
4/24/2025 18:00,EDT,CAPITL,61757,44.2,1.86,0,1
4/24/2025 19:00,EDT,CAPITL,61757,49.96,2.29,0,1
4/24/2025 20:00,EDT,CAPITL,61757,47.18,2.12,0,1
4/24/2025 21:00,EDT,CAPITL,61757,39.46,1.63,0,1
4/24/2025 22:00,EDT,CAPITL,61757,33.56,1.32,0,1
4/24/2025 23:00,EDT,CAPITL,61757,30.52,1.12,0,1
4/25/2025 0:00,EDT,CAPITL,61757,27.43,1.28,0,1
4/25/2025 1:00,EDT,CAPITL,61757,25.66,1.15,0,1
4/25/2025 2:00,EDT,CAPITL,61757,24.3,1.07,0,1
4/25/2025 3:00,EDT,CAPITL,61757,24.48,1.03,0,1
4/25/2025 4:00,EDT,CAPITL,61757,25.9,1.14,0,1
4/25/2025 5:00,EDT,CAPITL,61757,28.69,1.24,0,1
4/25/2025 6:00,EDT,CAPITL,61757,35.56,1.69,0,1
4/25/2025 7:00,EDT,CAPITL,61757,40.05,1.8,0,1
4/25/2025 8:00,EDT,CAPITL,61757,32.37,1.28,0,1
4/25/2025 9:00,EDT,CAPITL,61757,29.28,1.13,0,1
4/25/2025 10:00,EDT,CAPITL,61757,27.49,1.01,0,1
4/25/2025 11:00,EDT,CAPITL,61757,27.37,1,0,1
4/25/2025 12:00,EDT,CAPITL,61757,28.13,1.16,0,1
4/25/2025 13:00,EDT,CAPITL,61757,28.95,1.17,0,1
4/25/2025 14:00,EDT,CAPITL,61757,30.21,1.27,0,1
4/25/2025 15:00,EDT,CAPITL,61757,31.88,1.2,0,1
4/25/2025 16:00,EDT,CAPITL,61757,35.71,1.44,0,1
4/25/2025 17:00,EDT,CAPITL,61757,40.98,1.88,0,1
4/25/2025 18:00,EDT,CAPITL,61757,44.77,2.13,0,1
4/25/2025 19:00,EDT,CAPITL,61757,47.51,2.35,0,1
4/25/2025 20:00,EDT,CAPITL,61757,44.39,2.15,0,1
4/25/2025 21:00,EDT,CAPITL,61757,36.67,1.78,0,1
4/25/2025 22:00,EDT,CAPITL,61757,33.88,1.61,0,1
4/25/2025 23:00,EDT,CAPITL,61757,29.64,1.41,0,1
4/26/2025 0:00,EDT,CAPITL,61757,30.29,1.33,0,1
4/26/2025 1:00,EDT,CAPITL,61757,28.07,1.12,-1.5,1
4/26/2025 2:00,EDT,CAPITL,61757,26.41,1.06,-1.26,1
4/26/2025 3:00,EDT,CAPITL,61757,25.61,0.94,-2.86,1
4/26/2025 4:00,EDT,CAPITL,61757,26.55,0.96,-3.17,1
4/26/2025 5:00,EDT,CAPITL,61757,26.5,1,-2.82,1
4/26/2025 6:00,EDT,CAPITL,61757,29.29,0.95,-7.23,1
4/26/2025 7:00,EDT,CAPITL,61757,28.95,1.25,-1.2,1
4/26/2025 8:00,EDT,CAPITL,61757,32.75,1.53,0,1
4/26/2025 9:00,EDT,CAPITL,61757,38.35,1.46,-7.1,1
4/26/2025 10:00,EDT,CAPITL,61757,36.68,1.45,-5.71,1
4/26/2025 11:00,EDT,CAPITL,61757,38.52,1.28,-10.51,1
4/26/2025 12:00,EDT,CAPITL,61757,37.22,1.27,-9.92,1
4/26/2025 13:00,EDT,CAPITL,61757,37.74,1.13,-13.5,1
4/26/2025 14:00,EDT,CAPITL,61757,36.35,1.03,-12.89,1
4/26/2025 15:00,EDT,CAPITL,61757,39.25,0.91,-18.63,1
4/26/2025 16:00,EDT,CAPITL,61757,41.29,0.81,-22.43,1
4/26/2025 17:00,EDT,CAPITL,61757,47.68,1.07,-22.76,1
4/26/2025 18:00,EDT,CAPITL,61757,46.63,1.11,-21.5,1
4/26/2025 19:00,EDT,CAPITL,61757,46.55,1.5,-14.48,1
4/26/2025 20:00,EDT,CAPITL,61757,48.96,1.56,-17.44,1
4/26/2025 21:00,EDT,CAPITL,61757,36.15,1.55,-2.21,1
4/26/2025 22:00,EDT,CAPITL,61757,33.86,1.4,-4.52,1
4/26/2025 23:00,EDT,CAPITL,61757,31.4,1.06,-8.15,1
4/27/2025 0:00,EDT,CAPITL,61757,33.97,0.51,-22.15,1
4/27/2025 1:00,EDT,CAPITL,61757,30.6,0.58,-16.82,1
4/27/2025 2:00,EDT,CAPITL,61757,28.65,0.59,-14.65,1
4/27/2025 3:00,EDT,CAPITL,61757,29.83,0.57,-15.9,1
4/27/2025 4:00,EDT,CAPITL,61757,28.65,0.64,-13.48,1
4/27/2025 5:00,EDT,CAPITL,61757,27.66,0.83,-7.44,1
4/27/2025 6:00,EDT,CAPITL,61757,30.43,0.78,-11.87,1
4/27/2025 7:00,EDT,CAPITL,61757,27.4,1.01,-4.42,1
4/27/2025 8:00,EDT,CAPITL,61757,28.89,0.88,-8.99,1
4/27/2025 9:00,EDT,CAPITL,61757,32.1,0.81,-14.14,1
4/27/2025 10:00,EDT,CAPITL,61757,32.95,0.84,-15.04,1
4/27/2025 11:00,EDT,CAPITL,61757,32.72,0.65,-18.04,1
4/27/2025 12:00,EDT,CAPITL,61757,31.92,0.63,-17.24,1
4/27/2025 13:00,EDT,CAPITL,61757,30.04,0.77,-11.73,1
4/27/2025 14:00,EDT,CAPITL,61757,31.9,0.63,-17.29,1
4/27/2025 15:00,EDT,CAPITL,61757,31.9,0.63,-17.35,1
4/27/2025 16:00,EDT,CAPITL,61757,29.32,0.86,-8.56,1
4/27/2025 17:00,EDT,CAPITL,61757,32.32,1.05,-8.97,1
4/27/2025 18:00,EDT,CAPITL,61757,34.17,1.56,-3.69,1
4/27/2025 19:00,EDT,CAPITL,61757,41.51,2.23,-0.21,1
4/27/2025 20:00,EDT,CAPITL,61757,45.99,2.44,0,1
4/27/2025 21:00,EDT,CAPITL,61757,33.92,1.83,0,1
4/27/2025 22:00,EDT,CAPITL,61757,30.34,1.55,0,1
4/27/2025 23:00,EDT,CAPITL,61757,28.1,1.41,0,1
4/28/2025 0:00,EDT,CAPITL,61757,30.87,1.3,0,1
4/28/2025 1:00,EDT,CAPITL,61757,27.39,1.13,0,1
4/28/2025 2:00,EDT,CAPITL,61757,26.24,1.1,0,1
4/28/2025 3:00,EDT,CAPITL,61757,26.16,1.1,0,1
4/28/2025 4:00,EDT,CAPITL,61757,26.47,1.09,0,1
4/28/2025 5:00,EDT,CAPITL,61757,29.49,1.27,0,1
4/28/2025 6:00,EDT,CAPITL,61757,38.67,1.7,0,1
4/28/2025 7:00,EDT,CAPITL,61757,40.12,1.69,0,1
4/28/2025 8:00,EDT,CAPITL,61757,34.11,1.31,0,1
4/28/2025 9:00,EDT,CAPITL,61757,28.51,1.04,0,1
4/28/2025 10:00,EDT,CAPITL,61757,25,0.8,0,1
4/28/2025 11:00,EDT,CAPITL,61757,23.73,0.71,0,1
4/28/2025 12:00,EDT,CAPITL,61757,23.56,0.71,0,1
4/28/2025 13:00,EDT,CAPITL,61757,24.37,0.71,0,1
4/28/2025 14:00,EDT,CAPITL,61757,24.27,0.77,0,1
4/28/2025 15:00,EDT,CAPITL,61757,25.31,0.93,0,1
4/28/2025 16:00,EDT,CAPITL,61757,29.38,1.24,0,1
4/28/2025 17:00,EDT,CAPITL,61757,34.56,1.57,-0.22,1
4/28/2025 18:00,EDT,CAPITL,61757,46.04,1.99,-4.23,1
4/28/2025 19:00,EDT,CAPITL,61757,54.47,2.48,-5.26,1
4/28/2025 20:00,EDT,CAPITL,61757,54.47,2.56,-5.26,1
4/28/2025 21:00,EDT,CAPITL,61757,44.86,1.97,-7.01,1
4/28/2025 22:00,EDT,CAPITL,61757,37.93,1.59,-8.38,1
4/28/2025 23:00,EDT,CAPITL,61757,27.31,1.25,-3.32,1
4/29/2025 0:00,EDT,CAPITL,61757,30.74,0.89,-12.46,1
4/29/2025 1:00,EDT,CAPITL,61757,29.39,0.47,-19.5,1
4/29/2025 2:00,EDT,CAPITL,61757,27.57,0.55,-15.95,1
4/29/2025 3:00,EDT,CAPITL,61757,27.55,0.42,-18.96,1
4/29/2025 4:00,EDT,CAPITL,61757,28.61,0.41,-20.35,1
4/29/2025 5:00,EDT,CAPITL,61757,31.35,0.74,-16.43,1
4/29/2025 6:00,EDT,CAPITL,61757,50.36,0.89,-33.35,1
4/29/2025 7:00,EDT,CAPITL,61757,46.16,0.81,-29.09,1
4/29/2025 8:00,EDT,CAPITL,61757,35.22,0.84,-16.89,1
4/29/2025 9:00,EDT,CAPITL,61757,27.84,0.79,-9.47,1
4/29/2025 10:00,EDT,CAPITL,61757,27.05,0.81,-7.93,1
4/29/2025 11:00,EDT,CAPITL,61757,26.03,0.82,-6.58,1
4/29/2025 12:00,EDT,CAPITL,61757,27.59,0.87,-7.88,1
4/29/2025 13:00,EDT,CAPITL,61757,27.74,1,-5.03,1
4/29/2025 14:00,EDT,CAPITL,61757,29.92,1.09,-2.88,1
4/29/2025 15:00,EDT,CAPITL,61757,30.85,1.45,-0.39,1
4/29/2025 16:00,EDT,CAPITL,61757,37.07,1.24,-10.09,1
4/29/2025 17:00,EDT,CAPITL,61757,46.01,1.4,-16.55,1
4/29/2025 18:00,EDT,CAPITL,61757,52.63,1.61,-21.17,1
4/29/2025 19:00,EDT,CAPITL,61757,63.98,1.73,-30.2,1
4/29/2025 20:00,EDT,CAPITL,61757,60.71,1.81,-26,1
4/29/2025 21:00,EDT,CAPITL,61757,46.21,1.56,-15.83,1
4/29/2025 22:00,EDT,CAPITL,61757,37.71,1.35,-10.94,1
4/29/2025 23:00,EDT,CAPITL,61757,35.56,0.86,-16.38,1
4/30/2025 0:00,EDT,CAPITL,61757,32.55,0.96,-12.07,1
4/30/2025 1:00,EDT,CAPITL,61757,29.98,0.89,-10.88,1
4/30/2025 2:00,EDT,CAPITL,61757,28.04,0.92,-8.62,1
4/30/2025 3:00,EDT,CAPITL,61757,26.71,0.95,-6.77,1
4/30/2025 4:00,EDT,CAPITL,61757,26.18,1.22,0,1
4/30/2025 5:00,EDT,CAPITL,61757,30.28,1.52,0,1
4/30/2025 6:00,EDT,CAPITL,61757,40.53,2.08,0,1
4/30/2025 7:00,EDT,CAPITL,61757,44.24,2.07,0,1
4/30/2025 8:00,EDT,CAPITL,61757,36.63,1.54,0,1
4/30/2025 9:00,EDT,CAPITL,61757,31.37,1.18,0,1
4/30/2025 10:00,EDT,CAPITL,61757,29.51,1.02,0,1
4/30/2025 11:00,EDT,CAPITL,61757,28.17,0.95,0,1
4/30/2025 12:00,EDT,CAPITL,61757,27.38,0.82,0,1
4/30/2025 13:00,EDT,CAPITL,61757,26.75,0.83,0,1
4/30/2025 14:00,EDT,CAPITL,61757,27.09,0.89,0,1
4/30/2025 15:00,EDT,CAPITL,61757,28.55,0.97,0,1
4/30/2025 16:00,EDT,CAPITL,61757,31.41,1.21,0,1
4/30/2025 17:00,EDT,CAPITL,61757,41.61,1.49,0,1
4/30/2025 18:00,EDT,CAPITL,61757,49.19,2.12,0,1
4/30/2025 19:00,EDT,CAPITL,61757,54.41,2.39,0,1
4/30/2025 20:00,EDT,CAPITL,61757,55.09,2.47,0,1
4/30/2025 21:00,EDT,CAPITL,61757,44.47,1.92,0,1
4/30/2025 22:00,EDT,CAPITL,61757,37.53,1.51,0,1
4/30/2025 23:00,EDT,CAPITL,61757,32.75,1.32,0,1
5/1/2025 0:00,EDT,CAPITL,61757,35.73,1.28,0,1
5/1/2025 1:00,EDT,CAPITL,61757,29.71,1.11,0,1
5/1/2025 2:00,EDT,CAPITL,61757,28.45,1.07,0,1
5/1/2025 3:00,EDT,CAPITL,61757,28,1.08,0,1
5/1/2025 4:00,EDT,CAPITL,61757,29.66,1.2,0,1
5/1/2025 5:00,EDT,CAPITL,61757,35.11,1.48,0,1
5/1/2025 6:00,EDT,CAPITL,61757,44.92,1.98,0,1
5/1/2025 7:00,EDT,CAPITL,61757,46.58,1.75,0,1
5/1/2025 8:00,EDT,CAPITL,61757,37.09,1.29,0,1
5/1/2025 9:00,EDT,CAPITL,61757,32.03,0.93,0,1
5/1/2025 10:00,EDT,CAPITL,61757,29.75,0.84,0,1
5/1/2025 11:00,EDT,CAPITL,61757,28.12,0.74,0,1
5/1/2025 12:00,EDT,CAPITL,61757,27.81,0.76,0,1
5/1/2025 13:00,EDT,CAPITL,61757,28.49,0.8,0,1
5/1/2025 14:00,EDT,CAPITL,61757,29.47,0.89,0,1
5/1/2025 15:00,EDT,CAPITL,61757,31.37,0.97,0,1
5/1/2025 16:00,EDT,CAPITL,61757,34.57,1.2,0,1
5/1/2025 17:00,EDT,CAPITL,61757,39.63,1.49,0,1
5/1/2025 18:00,EDT,CAPITL,61757,45.93,1.89,-0.01,1
5/1/2025 19:00,EDT,CAPITL,61757,56.49,2.54,-3.11,1
5/1/2025 20:00,EDT,CAPITL,61757,51.84,2.44,-2.38,1
5/1/2025 21:00,EDT,CAPITL,61757,39.82,1.93,0,1
5/1/2025 22:00,EDT,CAPITL,61757,34.19,1.72,0,1
5/1/2025 23:00,EDT,CAPITL,61757,31.98,1.44,0,1
5/2/2025 0:00,EDT,CAPITL,61757,32.5,1.4,0,1
5/2/2025 1:00,EDT,CAPITL,61757,27.76,1.3,0,1
5/2/2025 2:00,EDT,CAPITL,61757,26.55,1.26,0,1
5/2/2025 3:00,EDT,CAPITL,61757,25.78,1.2,0,1
5/2/2025 4:00,EDT,CAPITL,61757,26.5,1.26,0,1
5/2/2025 5:00,EDT,CAPITL,61757,29.81,1.42,0,1
5/2/2025 6:00,EDT,CAPITL,61757,38.95,1.96,0,1
5/2/2025 7:00,EDT,CAPITL,61757,43.43,2.22,0,1
5/2/2025 8:00,EDT,CAPITL,61757,40.97,2.02,0,1
5/2/2025 9:00,EDT,CAPITL,61757,39.82,1.93,0,1
5/2/2025 10:00,EDT,CAPITL,61757,36.5,1.74,0,1
5/2/2025 11:00,EDT,CAPITL,61757,35.35,1.59,0,1
5/2/2025 12:00,EDT,CAPITL,61757,34.93,1.57,0,1
5/2/2025 13:00,EDT,CAPITL,61757,34.51,1.55,0,1
5/2/2025 14:00,EDT,CAPITL,61757,36.65,1.68,0,1
5/2/2025 15:00,EDT,CAPITL,61757,36.5,1.77,0,1
5/2/2025 16:00,EDT,CAPITL,61757,39.14,1.93,0,1
5/2/2025 17:00,EDT,CAPITL,61757,48.62,2.32,-3.32,1
5/2/2025 18:00,EDT,CAPITL,61757,54.92,3.09,-0.4,1
5/2/2025 19:00,EDT,CAPITL,61757,59.13,3.24,0,1
5/2/2025 20:00,EDT,CAPITL,61757,59.91,3.39,0,1
5/2/2025 21:00,EDT,CAPITL,61757,47.96,2.63,0,1
5/2/2025 22:00,EDT,CAPITL,61757,41.05,2.03,0,1
5/2/2025 23:00,EDT,CAPITL,61757,36.33,1.63,0,1
5/3/2025 0:00,EDT,CAPITL,61757,40.82,1.72,0,1
5/3/2025 1:00,EDT,CAPITL,61757,34.14,1.47,0,1
5/3/2025 2:00,EDT,CAPITL,61757,30.34,1.28,0,1
5/3/2025 3:00,EDT,CAPITL,61757,29.6,1.25,0,1
5/3/2025 4:00,EDT,CAPITL,61757,29.64,1.19,0,1
5/3/2025 5:00,EDT,CAPITL,61757,30.66,1.32,0,1
5/3/2025 6:00,EDT,CAPITL,61757,33.29,1.25,0,1
5/3/2025 7:00,EDT,CAPITL,61757,40.85,1.3,0,1
5/3/2025 8:00,EDT,CAPITL,61757,38.57,1.2,0,1
5/3/2025 9:00,EDT,CAPITL,61757,38.12,1.15,0,1
5/3/2025 10:00,EDT,CAPITL,61757,37.38,1.13,0,1
5/3/2025 11:00,EDT,CAPITL,61757,38.42,1.19,0,1
5/3/2025 12:00,EDT,CAPITL,61757,37.65,1.31,0,1
5/3/2025 13:00,EDT,CAPITL,61757,38.15,1.36,0,1
5/3/2025 14:00,EDT,CAPITL,61757,40.22,1.47,0,1
5/3/2025 15:00,EDT,CAPITL,61757,45.35,1.75,0,1
5/3/2025 16:00,EDT,CAPITL,61757,49.18,2.03,0,1
5/3/2025 17:00,EDT,CAPITL,61757,52.97,2.09,0,1
5/3/2025 18:00,EDT,CAPITL,61757,58.52,2.63,0,1
5/3/2025 19:00,EDT,CAPITL,61757,58.45,2.62,0,1
5/3/2025 20:00,EDT,CAPITL,61757,56,2.31,0,1
5/3/2025 21:00,EDT,CAPITL,61757,50.17,1.84,0,1
5/3/2025 22:00,EDT,CAPITL,61757,45.12,1.65,0,1
5/3/2025 23:00,EDT,CAPITL,61757,40.55,1.33,0,1
5/4/2025 0:00,EDT,CAPITL,61757,41.49,1.56,0,1
5/4/2025 1:00,EDT,CAPITL,61757,32.54,1.28,0,1
5/4/2025 2:00,EDT,CAPITL,61757,32.98,1.33,0,1
5/4/2025 3:00,EDT,CAPITL,61757,31.35,1.26,0,1
5/4/2025 4:00,EDT,CAPITL,61757,31.06,1.22,0,1
5/4/2025 5:00,EDT,CAPITL,61757,31.58,1.24,0,1
5/4/2025 6:00,EDT,CAPITL,61757,29.79,1.25,0,1
5/4/2025 7:00,EDT,CAPITL,61757,31.22,1.26,0,1
5/4/2025 8:00,EDT,CAPITL,61757,32.53,1.34,0,1
5/4/2025 9:00,EDT,CAPITL,61757,35.86,1.55,0,1
5/4/2025 10:00,EDT,CAPITL,61757,34.74,1.5,0,1
5/4/2025 11:00,EDT,CAPITL,61757,36.17,1.59,0,1
5/4/2025 12:00,EDT,CAPITL,61757,36.6,1.61,0,1
5/4/2025 13:00,EDT,CAPITL,61757,37.37,1.64,0,1
5/4/2025 14:00,EDT,CAPITL,61757,36.55,1.71,0,1
5/4/2025 15:00,EDT,CAPITL,61757,38.95,1.85,0,1
5/4/2025 16:00,EDT,CAPITL,61757,41.87,1.91,-1.08,1
5/4/2025 17:00,EDT,CAPITL,61757,48.15,1.72,-10.61,1
5/4/2025 18:00,EDT,CAPITL,61757,49.59,2.3,-2.17,1
5/4/2025 19:00,EDT,CAPITL,61757,51.65,2.51,-0.81,1
5/4/2025 20:00,EDT,CAPITL,61757,49.88,2.41,-2.8,1
5/4/2025 21:00,EDT,CAPITL,61757,42.63,2.11,-0.64,1
5/4/2025 22:00,EDT,CAPITL,61757,38.19,1.68,-2.26,1
5/4/2025 23:00,EDT,CAPITL,61757,35.92,1.55,-2.11,1
5/5/2025 0:00,EDT,CAPITL,61757,34.63,1.4,0,1
5/5/2025 1:00,EDT,CAPITL,61757,30.59,1.43,0,1
5/5/2025 2:00,EDT,CAPITL,61757,31,1.33,-2.05,1
5/5/2025 3:00,EDT,CAPITL,61757,30.65,1.38,0,1
5/5/2025 4:00,EDT,CAPITL,61757,32.16,1.44,0,1
5/5/2025 5:00,EDT,CAPITL,61757,35.33,1.59,0,1
5/5/2025 6:00,EDT,CAPITL,61757,42.7,1.96,0,1
5/5/2025 7:00,EDT,CAPITL,61757,45.33,2.08,0,1
5/5/2025 8:00,EDT,CAPITL,61757,46.6,2.12,-3.65,1
5/5/2025 9:00,EDT,CAPITL,61757,48.47,2.05,-5.37,1
5/5/2025 10:00,EDT,CAPITL,61757,49.13,2.02,-8.32,1
5/5/2025 11:00,EDT,CAPITL,61757,44.21,1.95,0,1
5/5/2025 12:00,EDT,CAPITL,61757,42.81,1.92,0,1
5/5/2025 13:00,EDT,CAPITL,61757,41.39,1.9,0,1
5/5/2025 14:00,EDT,CAPITL,61757,40.46,1.82,0,1
5/5/2025 15:00,EDT,CAPITL,61757,44.13,2.02,-0.81,1
5/5/2025 16:00,EDT,CAPITL,61757,45.8,1.99,-2.35,1
5/5/2025 17:00,EDT,CAPITL,61757,46.99,2,-1.55,1
5/5/2025 18:00,EDT,CAPITL,61757,51.51,2.31,-1,1
5/5/2025 19:00,EDT,CAPITL,61757,54.08,2.42,-1.23,1
5/5/2025 20:00,EDT,CAPITL,61757,51.85,2.32,-1.18,1
5/5/2025 21:00,EDT,CAPITL,61757,44.28,2.09,-1.09,1
5/5/2025 22:00,EDT,CAPITL,61757,38.5,1.9,0,1
5/5/2025 23:00,EDT,CAPITL,61757,34.74,1.68,0,1
5/6/2025 0:00,EDT,CAPITL,61757,34.43,1.51,0,1
5/6/2025 1:00,EDT,CAPITL,61757,31.51,1.44,0,1
5/6/2025 2:00,EDT,CAPITL,61757,29.85,1.39,-0.6,1
5/6/2025 3:00,EDT,CAPITL,61757,30,1.43,0,1
5/6/2025 4:00,EDT,CAPITL,61757,30.27,1.39,0,1
5/6/2025 5:00,EDT,CAPITL,61757,33.81,1.58,0,1
5/6/2025 6:00,EDT,CAPITL,61757,43.33,1.91,0,1
5/6/2025 7:00,EDT,CAPITL,61757,46.41,2.08,0,1
5/6/2025 8:00,EDT,CAPITL,61757,46.86,1.97,0,1
5/6/2025 9:00,EDT,CAPITL,61757,43.52,1.79,0,1
5/6/2025 10:00,EDT,CAPITL,61757,45,1.77,0,1
5/6/2025 11:00,EDT,CAPITL,61757,42.78,1.69,0,1
5/6/2025 12:00,EDT,CAPITL,61757,42.07,1.58,0,1
5/6/2025 13:00,EDT,CAPITL,61757,41.54,1.6,0,1
5/6/2025 14:00,EDT,CAPITL,61757,42.82,1.65,0,1
5/6/2025 15:00,EDT,CAPITL,61757,43.53,1.63,0,1
5/6/2025 16:00,EDT,CAPITL,61757,46.28,1.74,0,1
5/6/2025 17:00,EDT,CAPITL,61757,53,1.99,0,1
5/6/2025 18:00,EDT,CAPITL,61757,55.79,1.99,0,1
5/6/2025 19:00,EDT,CAPITL,61757,57.57,2.16,0,1
5/6/2025 20:00,EDT,CAPITL,61757,58.19,2.02,0,1
5/6/2025 21:00,EDT,CAPITL,61757,47.61,1.74,0,1
5/6/2025 22:00,EDT,CAPITL,61757,40.9,1.76,0,1
5/6/2025 23:00,EDT,CAPITL,61757,36.41,1.43,0,1
5/7/2025 0:00,EDT,CAPITL,61757,37.62,1.45,0,1
5/7/2025 1:00,EDT,CAPITL,61757,32.98,1.51,0,1
5/7/2025 2:00,EDT,CAPITL,61757,31.01,1.48,0,1
5/7/2025 3:00,EDT,CAPITL,61757,29.6,1.36,0,1
5/7/2025 4:00,EDT,CAPITL,61757,31.76,1.25,0,1
5/7/2025 5:00,EDT,CAPITL,61757,36.69,1.31,0,1
5/7/2025 6:00,EDT,CAPITL,61757,46.99,1.68,0,1
5/7/2025 7:00,EDT,CAPITL,61757,52.29,2.01,0,1
5/7/2025 8:00,EDT,CAPITL,61757,48.1,1.72,0,1
5/7/2025 9:00,EDT,CAPITL,61757,45.8,1.59,0,1
5/7/2025 10:00,EDT,CAPITL,61757,42.82,1.41,0,1
5/7/2025 11:00,EDT,CAPITL,61757,40.58,1.26,0,1
5/7/2025 12:00,EDT,CAPITL,61757,39.71,1.23,0,1
5/7/2025 13:00,EDT,CAPITL,61757,39.17,1.18,0,1
5/7/2025 14:00,EDT,CAPITL,61757,39.03,1.14,0,1
5/7/2025 15:00,EDT,CAPITL,61757,41.57,1.41,0,1
5/7/2025 16:00,EDT,CAPITL,61757,44.65,1.51,0,1
5/7/2025 17:00,EDT,CAPITL,61757,50.62,1.9,0,1
5/7/2025 18:00,EDT,CAPITL,61757,57.53,2.44,-0.83,1
5/7/2025 19:00,EDT,CAPITL,61757,60.89,2.95,0,1
5/7/2025 20:00,EDT,CAPITL,61757,63.3,3.07,0,1
5/7/2025 21:00,EDT,CAPITL,61757,51.83,2.09,0,1
5/7/2025 22:00,EDT,CAPITL,61757,44.68,1.64,0,1
5/7/2025 23:00,EDT,CAPITL,61757,36.84,1.18,0,1
5/8/2025 0:00,EDT,CAPITL,61757,39.77,1.16,0,1
5/8/2025 1:00,EDT,CAPITL,61757,31.32,1.03,0,1
5/8/2025 2:00,EDT,CAPITL,61757,31.34,1.06,0,1
5/8/2025 3:00,EDT,CAPITL,61757,30.4,1,0,1
5/8/2025 4:00,EDT,CAPITL,61757,31.63,1.07,0,1
5/8/2025 5:00,EDT,CAPITL,61757,35.27,1.19,0,1
5/8/2025 6:00,EDT,CAPITL,61757,45.62,1.63,0,1
5/8/2025 7:00,EDT,CAPITL,61757,48.61,1.69,0,1
5/8/2025 8:00,EDT,CAPITL,61757,45.36,1.32,0,1
5/8/2025 9:00,EDT,CAPITL,61757,39.31,0.92,0,1
5/8/2025 10:00,EDT,CAPITL,61757,38.03,0.96,0,1
5/8/2025 11:00,EDT,CAPITL,61757,37.29,0.98,0,1
5/8/2025 12:00,EDT,CAPITL,61757,36.38,0.92,0,1
5/8/2025 13:00,EDT,CAPITL,61757,36.73,1.04,0,1
5/8/2025 14:00,EDT,CAPITL,61757,35.7,1.04,0.12,1
5/8/2025 15:00,EDT,CAPITL,61757,38.37,1.12,0.01,1
5/8/2025 16:00,EDT,CAPITL,61757,43.47,1.39,0,1
5/8/2025 17:00,EDT,CAPITL,61757,48.55,1.6,0,1
5/8/2025 18:00,EDT,CAPITL,61757,54.66,1.9,0,1
5/8/2025 19:00,EDT,CAPITL,61757,57.19,1.77,0,1
5/8/2025 20:00,EDT,CAPITL,61757,57.2,2.04,0,1
5/8/2025 21:00,EDT,CAPITL,61757,48.86,1.79,0,1
5/8/2025 22:00,EDT,CAPITL,61757,41.82,1.45,0,1
5/8/2025 23:00,EDT,CAPITL,61757,35.26,1.12,0,1
5/9/2025 0:00,EDT,CAPITL,61757,34.57,1.27,0,1
5/9/2025 1:00,EDT,CAPITL,61757,30.53,1.2,0,1
5/9/2025 2:00,EDT,CAPITL,61757,29.13,1.15,0,1
5/9/2025 3:00,EDT,CAPITL,61757,28.29,1.11,0,1
5/9/2025 4:00,EDT,CAPITL,61757,29.22,1.18,0,1
5/9/2025 5:00,EDT,CAPITL,61757,32.23,1.18,0,1
5/9/2025 6:00,EDT,CAPITL,61757,40.58,1.56,0,1
5/9/2025 7:00,EDT,CAPITL,61757,43.68,1.92,0,1
5/9/2025 8:00,EDT,CAPITL,61757,46.04,2.03,0,1
5/9/2025 9:00,EDT,CAPITL,61757,42.62,1.99,0,1
5/9/2025 10:00,EDT,CAPITL,61757,40.78,1.83,0,1
5/9/2025 11:00,EDT,CAPITL,61757,39.59,1.78,0,1
5/9/2025 12:00,EDT,CAPITL,61757,38.94,1.71,0,1
5/9/2025 13:00,EDT,CAPITL,61757,38.32,1.69,0,1
5/9/2025 14:00,EDT,CAPITL,61757,37.97,1.7,0,1
5/9/2025 15:00,EDT,CAPITL,61757,38.3,1.69,0,1
5/9/2025 16:00,EDT,CAPITL,61757,41.78,1.95,0,1
5/9/2025 17:00,EDT,CAPITL,61757,42.16,1.82,0,1
5/9/2025 18:00,EDT,CAPITL,61757,45.58,1.92,0,1
5/9/2025 19:00,EDT,CAPITL,61757,47.85,1.93,0,1
5/9/2025 20:00,EDT,CAPITL,61757,49.24,2.03,0,1
5/9/2025 21:00,EDT,CAPITL,61757,40.84,1.68,0,1
5/9/2025 22:00,EDT,CAPITL,61757,36.8,1.55,0,1
5/9/2025 23:00,EDT,CAPITL,61757,34.96,1.41,0,1
5/10/2025 0:00,EDT,CAPITL,61757,34.62,1.2,0,1
5/10/2025 1:00,EDT,CAPITL,61757,32.9,1.17,0,1
5/10/2025 2:00,EDT,CAPITL,61757,30.37,1.08,0,1
5/10/2025 3:00,EDT,CAPITL,61757,30.09,1.13,0,1
5/10/2025 4:00,EDT,CAPITL,61757,29.43,1.1,0,1
5/10/2025 5:00,EDT,CAPITL,61757,31.16,1.23,0,1
5/10/2025 6:00,EDT,CAPITL,61757,32.1,1.24,0,1
5/10/2025 7:00,EDT,CAPITL,61757,31.81,1.31,0,1
5/10/2025 8:00,EDT,CAPITL,61757,30.75,1.13,-1.52,1
5/10/2025 9:00,EDT,CAPITL,61757,30.21,0.96,-4.5,1
5/10/2025 10:00,EDT,CAPITL,61757,28.82,0.9,-5.5,1
5/10/2025 11:00,EDT,CAPITL,61757,27.56,0.77,-6.57,1
5/10/2025 12:00,EDT,CAPITL,61757,27.72,0.76,-6.35,1
5/10/2025 13:00,EDT,CAPITL,61757,27.21,0.75,-6.26,1
5/10/2025 14:00,EDT,CAPITL,61757,26.91,0.76,-5.07,1
5/10/2025 15:00,EDT,CAPITL,61757,26.95,0.76,-5.04,1
5/10/2025 16:00,EDT,CAPITL,61757,32.17,0.76,-10.84,1
5/10/2025 17:00,EDT,CAPITL,61757,32.09,1.25,-0.4,1
5/10/2025 18:00,EDT,CAPITL,61757,38.49,1.69,0,1
5/10/2025 19:00,EDT,CAPITL,61757,43.3,1.91,0,1
5/10/2025 20:00,EDT,CAPITL,61757,46.65,2.09,0,1
5/10/2025 21:00,EDT,CAPITL,61757,39.91,1.72,0,1
5/10/2025 22:00,EDT,CAPITL,61757,34.5,1.52,0,1
5/10/2025 23:00,EDT,CAPITL,61757,31.84,1.31,0,1
5/11/2025 0:00,EDT,CAPITL,61757,32.72,1.2,-2.82,1
5/11/2025 1:00,EDT,CAPITL,61757,30,1.04,-4.25,1
5/11/2025 2:00,EDT,CAPITL,61757,27.16,1.02,-1.87,1
5/11/2025 3:00,EDT,CAPITL,61757,26.23,1,-1.46,1
5/11/2025 4:00,EDT,CAPITL,61757,27.85,1.07,-1.35,1
5/11/2025 5:00,EDT,CAPITL,61757,29.26,1.18,-0.58,1
5/11/2025 6:00,EDT,CAPITL,61757,29.92,1.18,0,1
5/11/2025 7:00,EDT,CAPITL,61757,29.03,1.03,-0.81,1
5/11/2025 8:00,EDT,CAPITL,61757,25.73,0.85,0,1
5/11/2025 9:00,EDT,CAPITL,61757,22.35,0.63,0,1
5/11/2025 10:00,EDT,CAPITL,61757,20.77,0.56,0,1
5/11/2025 11:00,EDT,CAPITL,61757,19.86,0.51,-1.01,1
5/11/2025 12:00,EDT,CAPITL,61757,19.98,0.42,-3.44,1
5/11/2025 13:00,EDT,CAPITL,61757,19.19,0.44,-0.2,1
5/11/2025 14:00,EDT,CAPITL,61757,21.33,0.31,-8.75,1
5/11/2025 15:00,EDT,CAPITL,61757,20.95,0.43,-5.26,1
5/11/2025 16:00,EDT,CAPITL,61757,26.52,0.51,-8.89,1
5/11/2025 17:00,EDT,CAPITL,61757,29.73,1.07,-0.55,1
5/11/2025 18:00,EDT,CAPITL,61757,38.56,1.52,0,1
5/11/2025 19:00,EDT,CAPITL,61757,47.52,1.87,0,1
5/11/2025 20:00,EDT,CAPITL,61757,50.81,1.76,0,1
5/11/2025 21:00,EDT,CAPITL,61757,43.82,1.52,0,1
5/11/2025 22:00,EDT,CAPITL,61757,36.84,1.28,0,1
5/11/2025 23:00,EDT,CAPITL,61757,32.27,1.12,0,1
5/12/2025 0:00,EDT,CAPITL,61757,28.78,1.03,0,1
5/12/2025 1:00,EDT,CAPITL,61757,22.23,0.92,0,1
5/12/2025 2:00,EDT,CAPITL,61757,21.04,0.86,-0.22,1
5/12/2025 3:00,EDT,CAPITL,61757,20.9,0.84,0,1
5/12/2025 4:00,EDT,CAPITL,61757,23.37,0.83,0,1
5/12/2025 5:00,EDT,CAPITL,61757,30.93,1.05,0,1
5/12/2025 6:00,EDT,CAPITL,61757,36.72,1.21,0,1
5/12/2025 7:00,EDT,CAPITL,61757,38.83,1.28,0,1
5/12/2025 8:00,EDT,CAPITL,61757,35.61,0.97,0,1
5/12/2025 9:00,EDT,CAPITL,61757,30.35,0.65,0,1
5/12/2025 10:00,EDT,CAPITL,61757,29.27,0.68,0,1
5/12/2025 11:00,EDT,CAPITL,61757,27.4,0.59,0,1
5/12/2025 12:00,EDT,CAPITL,61757,26.16,0.69,0.03,1
5/12/2025 13:00,EDT,CAPITL,61757,26.72,0.78,0.02,1
5/12/2025 14:00,EDT,CAPITL,61757,26.71,0.81,0.05,1
5/12/2025 15:00,EDT,CAPITL,61757,29.01,0.95,0,1
5/12/2025 16:00,EDT,CAPITL,61757,34.05,1.06,0,1
5/12/2025 17:00,EDT,CAPITL,61757,44.07,0.82,0,1
5/12/2025 18:00,EDT,CAPITL,61757,52.47,1.23,0,1
5/12/2025 19:00,EDT,CAPITL,61757,57.19,1.66,0,1
5/12/2025 20:00,EDT,CAPITL,61757,57.41,1.83,0,1
5/12/2025 21:00,EDT,CAPITL,61757,48.88,1.24,0,1
5/12/2025 22:00,EDT,CAPITL,61757,40.19,1.17,0,1
5/12/2025 23:00,EDT,CAPITL,61757,33.19,1.06,0,1
5/13/2025 0:00,EDT,CAPITL,61757,30.81,1.21,0,1
5/13/2025 1:00,EDT,CAPITL,61757,28.16,1.21,0,1
5/13/2025 2:00,EDT,CAPITL,61757,26.84,1.13,0,1
5/13/2025 3:00,EDT,CAPITL,61757,26.86,1.08,0,1
5/13/2025 4:00,EDT,CAPITL,61757,28.83,0.92,0,1
5/13/2025 5:00,EDT,CAPITL,61757,31.87,1.05,0,1
5/13/2025 6:00,EDT,CAPITL,61757,39.58,1.37,0,1
5/13/2025 7:00,EDT,CAPITL,61757,40.02,1.43,0,1
5/13/2025 8:00,EDT,CAPITL,61757,38.99,1.06,0,1
5/13/2025 9:00,EDT,CAPITL,61757,36.04,0.84,0,1
5/13/2025 10:00,EDT,CAPITL,61757,36.54,0.96,0,1
5/13/2025 11:00,EDT,CAPITL,61757,35.56,1,0,1
5/13/2025 12:00,EDT,CAPITL,61757,34.66,0.91,0,1
5/13/2025 13:00,EDT,CAPITL,61757,35.63,1.04,0,1
5/13/2025 14:00,EDT,CAPITL,61757,37.32,1.16,0,1
5/13/2025 15:00,EDT,CAPITL,61757,39.24,1.22,0,1
5/13/2025 16:00,EDT,CAPITL,61757,42.4,1.47,0,1
5/13/2025 17:00,EDT,CAPITL,61757,49.46,1.77,0,1
5/13/2025 18:00,EDT,CAPITL,61757,52.09,2.01,0,1
5/13/2025 19:00,EDT,CAPITL,61757,53.88,2.17,0,1
5/13/2025 20:00,EDT,CAPITL,61757,52.91,2.13,0,1
5/13/2025 21:00,EDT,CAPITL,61757,43.76,1.64,0,1
5/13/2025 22:00,EDT,CAPITL,61757,35.35,1.46,0,1
5/13/2025 23:00,EDT,CAPITL,61757,34.36,1.34,-4.6,1
5/14/2025 0:00,EDT,CAPITL,61757,33.96,1.04,-10.86,1
5/14/2025 1:00,EDT,CAPITL,61757,32.07,0.86,-12.6,1
5/14/2025 2:00,EDT,CAPITL,61757,29.75,0.9,-9.7,1
5/14/2025 3:00,EDT,CAPITL,61757,29.56,0.77,-12.16,1
5/14/2025 4:00,EDT,CAPITL,61757,30.11,0.93,-9.03,1
5/14/2025 5:00,EDT,CAPITL,61757,29.81,1.34,0,1
5/14/2025 6:00,EDT,CAPITL,61757,35.55,1.27,0,1
5/14/2025 7:00,EDT,CAPITL,61757,40.77,1.63,0.69,1
5/14/2025 8:00,EDT,CAPITL,61757,41.18,1.55,0.22,1
5/14/2025 9:00,EDT,CAPITL,61757,39.69,1.27,0,1
5/14/2025 10:00,EDT,CAPITL,61757,38.88,1.32,0.04,1
5/14/2025 11:00,EDT,CAPITL,61757,37.95,1.36,0.1,1
5/14/2025 12:00,EDT,CAPITL,61757,37.76,1.24,0.02,1
5/14/2025 13:00,EDT,CAPITL,61757,38.48,1.34,0.06,1
5/14/2025 14:00,EDT,CAPITL,61757,39.33,1.36,0,1
5/14/2025 15:00,EDT,CAPITL,61757,40.85,1.38,0.01,1
5/14/2025 16:00,EDT,CAPITL,61757,42.56,1.53,0.21,1
5/14/2025 17:00,EDT,CAPITL,61757,47.24,1.77,0,1
5/14/2025 18:00,EDT,CAPITL,61757,50.5,1.8,0,1
5/14/2025 19:00,EDT,CAPITL,61757,54.52,2.1,0,1
5/14/2025 20:00,EDT,CAPITL,61757,53.15,1.99,0,1
5/14/2025 21:00,EDT,CAPITL,61757,47.8,1.75,0,1
5/14/2025 22:00,EDT,CAPITL,61757,37.6,1.65,0,1
5/14/2025 23:00,EDT,CAPITL,61757,34.84,1.66,0,1
5/15/2025 0:00,EDT,CAPITL,61757,29.73,1.28,0,1
5/15/2025 1:00,EDT,CAPITL,61757,26.44,1.14,0,1
5/15/2025 2:00,EDT,CAPITL,61757,26.84,1.21,0,1
5/15/2025 3:00,EDT,CAPITL,61757,25.97,1.17,0,1
5/15/2025 4:00,EDT,CAPITL,61757,25.69,1.13,0,1
5/15/2025 5:00,EDT,CAPITL,61757,30.84,1.27,0,1
5/15/2025 6:00,EDT,CAPITL,61757,38.31,1.47,0,1
5/15/2025 7:00,EDT,CAPITL,61757,42.57,1.64,0,1
5/15/2025 8:00,EDT,CAPITL,61757,43.77,1.68,0,1
5/15/2025 9:00,EDT,CAPITL,61757,41.21,1.39,0,1
5/15/2025 10:00,EDT,CAPITL,61757,38.81,1.24,0,1
5/15/2025 11:00,EDT,CAPITL,61757,39.18,1.25,0,1
5/15/2025 12:00,EDT,CAPITL,61757,36.92,1.28,0,1
5/15/2025 13:00,EDT,CAPITL,61757,38.38,1.3,0,1
5/15/2025 14:00,EDT,CAPITL,61757,40.28,1.36,0,1
5/15/2025 15:00,EDT,CAPITL,61757,41.45,1.48,0,1
5/15/2025 16:00,EDT,CAPITL,61757,45.12,1.69,0,1
5/15/2025 17:00,EDT,CAPITL,61757,49.64,1.77,0,1
5/15/2025 18:00,EDT,CAPITL,61757,54.22,1.88,0,1
5/15/2025 19:00,EDT,CAPITL,61757,57.47,2.05,0,1
5/15/2025 20:00,EDT,CAPITL,61757,57.52,2.11,0,1
5/15/2025 21:00,EDT,CAPITL,61757,49.52,1.81,0,1
5/15/2025 22:00,EDT,CAPITL,61757,42.17,1.62,0,1
5/15/2025 23:00,EDT,CAPITL,61757,36.99,1.28,0,1
5/16/2025 0:00,EDT,CAPITL,61757,33.75,1.02,0,1
5/16/2025 1:00,EDT,CAPITL,61757,29.38,1.24,0,1
5/16/2025 2:00,EDT,CAPITL,61757,25.56,1.19,0,1
5/16/2025 3:00,EDT,CAPITL,61757,23.09,1.08,0,1
5/16/2025 4:00,EDT,CAPITL,61757,26.79,1.23,0,1
5/16/2025 5:00,EDT,CAPITL,61757,32.9,1.11,0,1
5/16/2025 6:00,EDT,CAPITL,61757,38.65,1.12,0,1
5/16/2025 7:00,EDT,CAPITL,61757,41.41,1.36,0,1
5/16/2025 8:00,EDT,CAPITL,61757,41.64,1.17,0,1
5/16/2025 9:00,EDT,CAPITL,61757,40.27,0.98,0,1
5/16/2025 10:00,EDT,CAPITL,61757,39.38,0.85,0,1
5/16/2025 11:00,EDT,CAPITL,61757,39.38,0.85,0,1
5/16/2025 12:00,EDT,CAPITL,61757,38.24,0.82,0.11,1
5/16/2025 13:00,EDT,CAPITL,61757,39.27,0.96,0.25,1
5/16/2025 14:00,EDT,CAPITL,61757,40.19,1.03,0.46,1
5/16/2025 15:00,EDT,CAPITL,61757,42.45,1.13,0.52,1
5/16/2025 16:00,EDT,CAPITL,61757,51.39,1.69,0,1
5/16/2025 17:00,EDT,CAPITL,61757,55.75,1.52,0.02,1
5/16/2025 18:00,EDT,CAPITL,61757,57.19,1.72,0,1
5/16/2025 19:00,EDT,CAPITL,61757,57.64,2.06,0,1
5/16/2025 20:00,EDT,CAPITL,61757,55.88,1.89,0,1
5/16/2025 21:00,EDT,CAPITL,61757,48.61,1.6,0,1
5/16/2025 22:00,EDT,CAPITL,61757,40.63,1.41,0,1
5/16/2025 23:00,EDT,CAPITL,61757,35.25,1.45,0,1
5/17/2025 0:00,EDT,CAPITL,61757,32.26,1.39,0,1
5/17/2025 1:00,EDT,CAPITL,61757,29,1.33,0,1
5/17/2025 2:00,EDT,CAPITL,61757,27.45,1.22,-0.21,1
5/17/2025 3:00,EDT,CAPITL,61757,25.55,1.12,0,1
5/17/2025 4:00,EDT,CAPITL,61757,25.6,1.15,0,1
5/17/2025 5:00,EDT,CAPITL,61757,27.32,0.96,-3.01,1
5/17/2025 6:00,EDT,CAPITL,61757,29.78,1.01,-3.67,1
5/17/2025 7:00,EDT,CAPITL,61757,27.75,1.03,-2.09,1
5/17/2025 8:00,EDT,CAPITL,61757,32.63,0.96,-9.26,1
5/17/2025 9:00,EDT,CAPITL,61757,32.76,1.07,-7.35,1
5/17/2025 10:00,EDT,CAPITL,61757,32.59,1.12,-5.51,1
5/17/2025 11:00,EDT,CAPITL,61757,32.15,1.14,-3.87,1
5/17/2025 12:00,EDT,CAPITL,61757,33.37,1.15,-4.79,1
5/17/2025 13:00,EDT,CAPITL,61757,34.38,1.01,-8.11,1
5/17/2025 14:00,EDT,CAPITL,61757,39.04,0.93,-15.37,1
5/17/2025 15:00,EDT,CAPITL,61757,41.13,0.92,-17.66,1
5/17/2025 16:00,EDT,CAPITL,61757,45.61,1.17,-16.59,1
5/17/2025 17:00,EDT,CAPITL,61757,49.47,1.28,-18.3,1
5/17/2025 18:00,EDT,CAPITL,61757,55,1.39,-22.85,1
5/17/2025 19:00,EDT,CAPITL,61757,59.61,1.35,-27.62,1
5/17/2025 20:00,EDT,CAPITL,61757,57.41,1.56,-21.17,1
5/17/2025 21:00,EDT,CAPITL,61757,51.03,1.2,-20.7,1
5/17/2025 22:00,EDT,CAPITL,61757,42.35,1.29,-8.89,1
5/17/2025 23:00,EDT,CAPITL,61757,38.3,0.92,-13.16,1
5/18/2025 0:00,EDT,CAPITL,61757,33.83,0.71,-16.69,1
5/18/2025 1:00,EDT,CAPITL,61757,27.53,0.6,-12.95,1
5/18/2025 2:00,EDT,CAPITL,61757,23.77,0.55,-10.45,1
5/18/2025 3:00,EDT,CAPITL,61757,23.59,0.57,-10.06,1
5/18/2025 4:00,EDT,CAPITL,61757,23.44,0.5,-11.78,1
5/18/2025 5:00,EDT,CAPITL,61757,26.02,0.27,-18.73,1
5/18/2025 6:00,EDT,CAPITL,61757,24.92,0.38,-14.34,1
5/18/2025 7:00,EDT,CAPITL,61757,23.06,0.34,-12.52,1
5/18/2025 8:00,EDT,CAPITL,61757,23.43,0.3,-13.62,1
5/18/2025 9:00,EDT,CAPITL,61757,22.92,0.34,-12.15,1
5/18/2025 10:00,EDT,CAPITL,61757,24.27,0.36,-13.27,1
5/18/2025 11:00,EDT,CAPITL,61757,24.13,0.43,-10.75,1
5/18/2025 12:00,EDT,CAPITL,61757,28.09,0.49,-12.71,1
5/18/2025 13:00,EDT,CAPITL,61757,29.65,0.36,-18.77,1
5/18/2025 14:00,EDT,CAPITL,61757,30.53,0.47,-17.12,1
5/18/2025 15:00,EDT,CAPITL,61757,33.48,0.52,-18.81,1
5/18/2025 16:00,EDT,CAPITL,61757,35.38,0.59,-18.42,1
5/18/2025 17:00,EDT,CAPITL,61757,41.72,0.78,-19.86,1
5/18/2025 18:00,EDT,CAPITL,61757,44.73,0.82,-22.94,1
5/18/2025 19:00,EDT,CAPITL,61757,47.69,1,-23.36,1
5/18/2025 20:00,EDT,CAPITL,61757,47.31,1.04,-22.16,1
5/18/2025 21:00,EDT,CAPITL,61757,36.25,1.04,-9.95,1
5/18/2025 22:00,EDT,CAPITL,61757,29.89,1.15,0,1
5/18/2025 23:00,EDT,CAPITL,61757,31.14,0.71,-12.26,1
5/19/2025 0:00,EDT,CAPITL,61757,24.83,0.82,-1.12,1
5/19/2025 1:00,EDT,CAPITL,61757,21.19,0.66,-2.27,1
5/19/2025 2:00,EDT,CAPITL,61757,20.12,0.6,-2.69,1
5/19/2025 3:00,EDT,CAPITL,61757,18.9,0.64,-1.11,1
5/19/2025 4:00,EDT,CAPITL,61757,20.18,0.62,-3.13,1
5/19/2025 5:00,EDT,CAPITL,61757,21.55,0.89,0,1
5/19/2025 6:00,EDT,CAPITL,61757,30.93,1.25,0,1
5/19/2025 7:00,EDT,CAPITL,61757,32.84,1.51,1.56,1
5/19/2025 8:00,EDT,CAPITL,61757,30.04,1.12,1.32,1
5/19/2025 9:00,EDT,CAPITL,61757,27.18,0.76,1.68,1
5/19/2025 10:00,EDT,CAPITL,61757,28.72,0.69,2.13,1
5/19/2025 11:00,EDT,CAPITL,61757,29.59,0.66,2.61,1
5/19/2025 12:00,EDT,CAPITL,61757,28.95,0.71,2.49,1
5/19/2025 13:00,EDT,CAPITL,61757,27.8,0.85,2.24,1
5/19/2025 14:00,EDT,CAPITL,61757,24.95,0.88,1.91,1
5/19/2025 15:00,EDT,CAPITL,61757,27.17,0.93,2.04,1
5/19/2025 16:00,EDT,CAPITL,61757,34.3,0.87,2.86,1
5/19/2025 17:00,EDT,CAPITL,61757,43.25,1.14,3.59,1
5/19/2025 18:00,EDT,CAPITL,61757,50.22,1.62,3.67,1
5/19/2025 19:00,EDT,CAPITL,61757,47.71,1.73,0.71,1
5/19/2025 20:00,EDT,CAPITL,61757,48.27,1.7,0.73,1
5/19/2025 21:00,EDT,CAPITL,61757,40.23,1.37,0.37,1
5/19/2025 22:00,EDT,CAPITL,61757,33.26,1.04,0.19,1
5/19/2025 23:00,EDT,CAPITL,61757,30.13,0.88,0,1
5/20/2025 0:00,EDT,CAPITL,61757,26.75,0.78,0,1
5/20/2025 1:00,EDT,CAPITL,61757,24.12,0.73,0,1
5/20/2025 2:00,EDT,CAPITL,61757,22.97,0.69,0,1
5/20/2025 3:00,EDT,CAPITL,61757,22.42,0.63,0,1
5/20/2025 4:00,EDT,CAPITL,61757,23.87,0.67,0,1
5/20/2025 5:00,EDT,CAPITL,61757,28.45,0.8,0,1
5/20/2025 6:00,EDT,CAPITL,61757,35.33,1,0,1
5/20/2025 7:00,EDT,CAPITL,61757,36.37,0.99,0,1
5/20/2025 8:00,EDT,CAPITL,61757,30.22,0.71,0,1
5/20/2025 9:00,EDT,CAPITL,61757,26.76,0.55,0,1
5/20/2025 10:00,EDT,CAPITL,61757,27.65,0.57,0,1
5/20/2025 11:00,EDT,CAPITL,61757,27.14,0.53,0,1
5/20/2025 12:00,EDT,CAPITL,61757,27.19,0.53,0,1
5/20/2025 13:00,EDT,CAPITL,61757,28.07,0.58,0,1
5/20/2025 14:00,EDT,CAPITL,61757,28.27,0.58,0,1
5/20/2025 15:00,EDT,CAPITL,61757,28.94,0.65,0,1
5/20/2025 16:00,EDT,CAPITL,61757,31.42,0.8,0.06,1
5/20/2025 17:00,EDT,CAPITL,61757,36.47,0.96,0.03,1
5/20/2025 18:00,EDT,CAPITL,61757,45.52,1.33,0.09,1
5/20/2025 19:00,EDT,CAPITL,61757,48.07,1.31,0.01,1
5/20/2025 20:00,EDT,CAPITL,61757,51.15,1.49,0.01,1
5/20/2025 21:00,EDT,CAPITL,61757,41.28,1.2,0,1
5/20/2025 22:00,EDT,CAPITL,61757,33.5,0.91,0,1
5/20/2025 23:00,EDT,CAPITL,61757,30.12,0.79,0,1
5/21/2025 0:00,EDT,CAPITL,61757,27.39,0.74,0,1
5/21/2025 1:00,EDT,CAPITL,61757,24.78,0.77,0,1
5/21/2025 2:00,EDT,CAPITL,61757,23.53,0.71,0,1
5/21/2025 3:00,EDT,CAPITL,61757,21.71,0.63,0,1
5/21/2025 4:00,EDT,CAPITL,61757,22.63,0.68,0,1
5/21/2025 5:00,EDT,CAPITL,61757,25.55,0.84,0,1
5/21/2025 6:00,EDT,CAPITL,61757,31.73,1.04,0,1
5/21/2025 7:00,EDT,CAPITL,61757,35.14,1.25,0.02,1
5/21/2025 8:00,EDT,CAPITL,61757,34.15,1.03,0.05,1
5/21/2025 9:00,EDT,CAPITL,61757,31.93,0.9,0.12,1
5/21/2025 10:00,EDT,CAPITL,61757,31.08,0.79,0.01,1
5/21/2025 11:00,EDT,CAPITL,61757,30.3,0.74,0.01,1
5/21/2025 12:00,EDT,CAPITL,61757,30.32,0.8,0.14,1
5/21/2025 13:00,EDT,CAPITL,61757,29.9,0.93,0.09,1
5/21/2025 14:00,EDT,CAPITL,61757,28.98,0.92,0.01,1
5/21/2025 15:00,EDT,CAPITL,61757,30.22,1.02,0,1
5/21/2025 16:00,EDT,CAPITL,61757,35.12,0.99,0.1,1
5/21/2025 17:00,EDT,CAPITL,61757,39.25,1.11,0.24,1
5/21/2025 18:00,EDT,CAPITL,61757,42.47,1.37,0.34,1
5/21/2025 19:00,EDT,CAPITL,61757,44.8,1.53,0.34,1
5/21/2025 20:00,EDT,CAPITL,61757,44.72,1.52,0.34,1
5/21/2025 21:00,EDT,CAPITL,61757,36.45,1.31,0.1,1
5/21/2025 22:00,EDT,CAPITL,61757,29.96,1.12,0,1
5/21/2025 23:00,EDT,CAPITL,61757,27.47,1.05,-0.19,1
5/22/2025 0:00,EDT,CAPITL,61757,26.14,0.95,-0.17,1
5/22/2025 1:00,EDT,CAPITL,61757,27.43,0.73,-7.43,1
5/22/2025 2:00,EDT,CAPITL,61757,23.59,0.67,-5.34,1
5/22/2025 3:00,EDT,CAPITL,61757,20.28,0.69,-1.49,1
5/22/2025 4:00,EDT,CAPITL,61757,21.15,0.73,0,1
5/22/2025 5:00,EDT,CAPITL,61757,25.55,0.86,0,1
5/22/2025 6:00,EDT,CAPITL,61757,30.16,1.02,0,1
5/22/2025 7:00,EDT,CAPITL,61757,34.71,1.14,0,1
5/22/2025 8:00,EDT,CAPITL,61757,39.5,1.15,0,1
5/22/2025 9:00,EDT,CAPITL,61757,37.97,1.18,0.04,1
5/22/2025 10:00,EDT,CAPITL,61757,37.84,1.21,0.05,1
5/22/2025 11:00,EDT,CAPITL,61757,37.6,1.24,0.19,1
5/22/2025 12:00,EDT,CAPITL,61757,35.48,1.17,0.13,1
5/22/2025 13:00,EDT,CAPITL,61757,34.93,1.28,0.1,1
5/22/2025 14:00,EDT,CAPITL,61757,34.47,1.39,0.02,1
5/22/2025 15:00,EDT,CAPITL,61757,34.81,1.44,0.24,1
5/22/2025 16:00,EDT,CAPITL,61757,37.47,1.35,0.31,1
5/22/2025 17:00,EDT,CAPITL,61757,44.21,1.38,0.45,1
5/22/2025 18:00,EDT,CAPITL,61757,46.07,1.48,0.35,1
5/22/2025 19:00,EDT,CAPITL,61757,45.88,1.43,0.15,1
5/22/2025 20:00,EDT,CAPITL,61757,47.75,1.39,0.14,1
5/22/2025 21:00,EDT,CAPITL,61757,40.33,0.98,0,1
5/22/2025 22:00,EDT,CAPITL,61757,33.8,0.86,0.01,1
5/22/2025 23:00,EDT,CAPITL,61757,31.14,0.88,0,1
5/23/2025 0:00,EDT,CAPITL,61757,28.38,0.91,0,1
5/23/2025 1:00,EDT,CAPITL,61757,25.69,0.85,0,1
5/23/2025 2:00,EDT,CAPITL,61757,23.5,0.79,0,1
5/23/2025 3:00,EDT,CAPITL,61757,21.91,0.72,0,1
5/23/2025 4:00,EDT,CAPITL,61757,24.94,0.75,0,1
5/23/2025 5:00,EDT,CAPITL,61757,28.93,0.68,0,1
5/23/2025 6:00,EDT,CAPITL,61757,34.69,0.85,0,1
5/23/2025 7:00,EDT,CAPITL,61757,40.04,1.01,0,1
5/23/2025 8:00,EDT,CAPITL,61757,40.56,0.87,0,1
5/23/2025 9:00,EDT,CAPITL,61757,37.83,0.7,0,1
5/23/2025 10:00,EDT,CAPITL,61757,37.03,0.76,0,1
5/23/2025 11:00,EDT,CAPITL,61757,35.3,0.69,0,1
5/23/2025 12:00,EDT,CAPITL,61757,34.52,0.61,0,1
5/23/2025 13:00,EDT,CAPITL,61757,33.56,0.66,0,1
5/23/2025 14:00,EDT,CAPITL,61757,33.03,0.65,0,1
5/23/2025 15:00,EDT,CAPITL,61757,33.15,0.62,0,1
5/23/2025 16:00,EDT,CAPITL,61757,34.91,0.62,0,1
5/23/2025 17:00,EDT,CAPITL,61757,40.15,0.79,0,1
5/23/2025 18:00,EDT,CAPITL,61757,41.93,0.86,0,1
5/23/2025 19:00,EDT,CAPITL,61757,44.67,0.92,0,1
5/23/2025 20:00,EDT,CAPITL,61757,46.1,0.95,0,1
5/23/2025 21:00,EDT,CAPITL,61757,40.68,0.8,0,1
5/23/2025 22:00,EDT,CAPITL,61757,34.88,0.68,0,1
5/23/2025 23:00,EDT,CAPITL,61757,31.82,0.68,0,1
5/24/2025 0:00,EDT,CAPITL,61757,30.94,0.7,0,1
5/24/2025 1:00,EDT,CAPITL,61757,26.02,0.78,0,1
5/24/2025 2:00,EDT,CAPITL,61757,23.97,0.79,0,1
5/24/2025 3:00,EDT,CAPITL,61757,21.76,0.63,0,1
5/24/2025 4:00,EDT,CAPITL,61757,24.32,0.64,0,1
5/24/2025 5:00,EDT,CAPITL,61757,25.56,0.7,0,1
5/24/2025 6:00,EDT,CAPITL,61757,26.75,0.63,0,1
5/24/2025 7:00,EDT,CAPITL,61757,27.68,0.6,0,1
5/24/2025 8:00,EDT,CAPITL,61757,27.44,0.51,0,1
5/24/2025 9:00,EDT,CAPITL,61757,27.81,0.52,0,1
5/24/2025 10:00,EDT,CAPITL,61757,28.2,0.52,0,1
5/24/2025 11:00,EDT,CAPITL,61757,27.46,0.51,0,1
5/24/2025 12:00,EDT,CAPITL,61757,27.13,0.45,0,1
5/24/2025 13:00,EDT,CAPITL,61757,25.92,0.46,0,1
5/24/2025 14:00,EDT,CAPITL,61757,25.69,0.4,0,1
5/24/2025 15:00,EDT,CAPITL,61757,26.33,0.41,0,1
5/24/2025 16:00,EDT,CAPITL,61757,28.41,0.47,0,1
5/24/2025 17:00,EDT,CAPITL,61757,32.56,0.58,0,1
5/24/2025 18:00,EDT,CAPITL,61757,38.21,0.75,0,1
5/24/2025 19:00,EDT,CAPITL,61757,43.57,0.9,0,1
5/24/2025 20:00,EDT,CAPITL,61757,46.49,0.96,0,1
5/24/2025 21:00,EDT,CAPITL,61757,40.59,0.8,0,1
5/24/2025 22:00,EDT,CAPITL,61757,33.16,0.71,0,1
5/24/2025 23:00,EDT,CAPITL,61757,28.46,0.67,0,1
5/25/2025 0:00,EDT,CAPITL,61757,25,0.54,0,1
5/25/2025 1:00,EDT,CAPITL,61757,22.24,0.52,0,1
5/25/2025 2:00,EDT,CAPITL,61757,19.91,0.49,0,1
5/25/2025 3:00,EDT,CAPITL,61757,19.42,0.49,0,1
5/25/2025 4:00,EDT,CAPITL,61757,21.24,0.48,0,1
5/25/2025 5:00,EDT,CAPITL,61757,22,0.54,0,1
5/25/2025 6:00,EDT,CAPITL,61757,23.43,0.5,0,1
5/25/2025 7:00,EDT,CAPITL,61757,22.42,0.37,0,1
5/25/2025 8:00,EDT,CAPITL,61757,21.34,0.27,0,1
5/25/2025 9:00,EDT,CAPITL,61757,19.56,0.25,0,1
5/25/2025 10:00,EDT,CAPITL,61757,20.04,0.28,0,1
5/25/2025 11:00,EDT,CAPITL,61757,19.31,0.27,0,1
5/25/2025 12:00,EDT,CAPITL,61757,19.42,0.27,0,1
5/25/2025 13:00,EDT,CAPITL,61757,18.46,0.27,0,1
5/25/2025 14:00,EDT,CAPITL,61757,19.17,0.28,0,1
5/25/2025 15:00,EDT,CAPITL,61757,20.33,0.34,0,1
5/25/2025 16:00,EDT,CAPITL,61757,22.14,0.39,0,1
5/25/2025 17:00,EDT,CAPITL,61757,26.58,0.49,0,1
5/25/2025 18:00,EDT,CAPITL,61757,33.52,0.69,0,1
5/25/2025 19:00,EDT,CAPITL,61757,39.85,0.78,0,1
5/25/2025 20:00,EDT,CAPITL,61757,42.14,0.83,0,1
5/25/2025 21:00,EDT,CAPITL,61757,36.91,0.69,0,1
5/25/2025 22:00,EDT,CAPITL,61757,30.64,0.6,0,1
5/25/2025 23:00,EDT,CAPITL,61757,25.66,0.45,0,1
5/26/2025 0:00,EDT,CAPITL,61757,23.22,0.63,0,1
5/26/2025 1:00,EDT,CAPITL,61757,21.29,0.7,0,1
5/26/2025 2:00,EDT,CAPITL,61757,18.89,0.64,0,1
5/26/2025 3:00,EDT,CAPITL,61757,18.04,0.58,0,1
5/26/2025 4:00,EDT,CAPITL,61757,20.86,0.61,0,1
5/26/2025 5:00,EDT,CAPITL,61757,22.95,0.58,0,1
5/26/2025 6:00,EDT,CAPITL,61757,25.24,0.57,0,1
5/26/2025 7:00,EDT,CAPITL,61757,23.54,0.51,0,1
5/26/2025 8:00,EDT,CAPITL,61757,20.79,0.31,0,1
5/26/2025 9:00,EDT,CAPITL,61757,18.68,0.24,0,1
5/26/2025 10:00,EDT,CAPITL,61757,19.19,0.23,0,1
5/26/2025 11:00,EDT,CAPITL,61757,19.21,0.23,0,1
5/26/2025 12:00,EDT,CAPITL,61757,19.54,0.21,0,1
5/26/2025 13:00,EDT,CAPITL,61757,19.43,0.25,0,1
5/26/2025 14:00,EDT,CAPITL,61757,19.5,0.29,0,1
5/26/2025 15:00,EDT,CAPITL,61757,20.61,0.28,0,1
5/26/2025 16:00,EDT,CAPITL,61757,23.74,0.37,0,1
5/26/2025 17:00,EDT,CAPITL,61757,30.01,0.47,0,1
5/26/2025 18:00,EDT,CAPITL,61757,37.3,0.69,0,1
5/26/2025 19:00,EDT,CAPITL,61757,41.93,0.86,0,1
5/26/2025 20:00,EDT,CAPITL,61757,46.79,0.87,0,1
5/26/2025 21:00,EDT,CAPITL,61757,39,0.84,0,1
5/26/2025 22:00,EDT,CAPITL,61757,31.99,0.63,0,1
5/26/2025 23:00,EDT,CAPITL,61757,26.3,0.62,0,1
5/27/2025 0:00,EDT,CAPITL,61757,23.03,0.71,0,1
5/27/2025 1:00,EDT,CAPITL,61757,19.69,0.63,0,1
5/27/2025 2:00,EDT,CAPITL,61757,17.78,0.57,0,1
5/27/2025 3:00,EDT,CAPITL,61757,16.68,0.53,0,1
5/27/2025 4:00,EDT,CAPITL,61757,18.18,0.6,0,1
5/27/2025 5:00,EDT,CAPITL,61757,23.86,0.6,0,1
5/27/2025 6:00,EDT,CAPITL,61757,30.96,0.72,0,1
5/27/2025 7:00,EDT,CAPITL,61757,33.89,0.63,0,1
5/27/2025 8:00,EDT,CAPITL,61757,28.94,0.37,0,1
5/27/2025 9:00,EDT,CAPITL,61757,25.42,0.28,0,1
5/27/2025 10:00,EDT,CAPITL,61757,24.31,0.19,0,1
5/27/2025 11:00,EDT,CAPITL,61757,24.59,0.22,0,1
5/27/2025 12:00,EDT,CAPITL,61757,25.01,0.27,0,1
5/27/2025 13:00,EDT,CAPITL,61757,26.28,0.26,0,1
5/27/2025 14:00,EDT,CAPITL,61757,28.03,0.28,0,1
5/27/2025 15:00,EDT,CAPITL,61757,28.88,0.26,0,1
5/27/2025 16:00,EDT,CAPITL,61757,32.54,0.39,0,1
5/27/2025 17:00,EDT,CAPITL,61757,38.98,0.5,0,1
5/27/2025 18:00,EDT,CAPITL,61757,46.51,0.82,0,1
5/27/2025 19:00,EDT,CAPITL,61757,48.26,0.9,0,1
5/27/2025 20:00,EDT,CAPITL,61757,48.55,0.9,0,1
5/27/2025 21:00,EDT,CAPITL,61757,40.15,0.63,0,1
5/27/2025 22:00,EDT,CAPITL,61757,31.58,0.71,0,1
5/27/2025 23:00,EDT,CAPITL,61757,26.02,0.83,0,1
5/28/2025 0:00,EDT,CAPITL,61757,26.09,0.83,0,1
5/28/2025 1:00,EDT,CAPITL,61757,23.17,0.74,0,1
5/28/2025 2:00,EDT,CAPITL,61757,21.19,0.7,0,1
5/28/2025 3:00,EDT,CAPITL,61757,20.04,0.68,0,1
5/28/2025 4:00,EDT,CAPITL,61757,20.23,0.7,0,1
5/28/2025 5:00,EDT,CAPITL,61757,23.68,0.82,0,1
5/28/2025 6:00,EDT,CAPITL,61757,29.37,0.83,0,1
5/28/2025 7:00,EDT,CAPITL,61757,36.74,0.97,0,1
5/28/2025 8:00,EDT,CAPITL,61757,35.31,0.76,0,1
5/28/2025 9:00,EDT,CAPITL,61757,33.99,0.7,0,1
5/28/2025 10:00,EDT,CAPITL,61757,33.7,0.56,0,1
5/28/2025 11:00,EDT,CAPITL,61757,33.31,0.65,0,1
5/28/2025 12:00,EDT,CAPITL,61757,32.14,0.57,0,1
5/28/2025 13:00,EDT,CAPITL,61757,32.67,0.61,0,1
5/28/2025 14:00,EDT,CAPITL,61757,32.1,0.72,0,1
5/28/2025 15:00,EDT,CAPITL,61757,34.01,0.77,0,1
5/28/2025 16:00,EDT,CAPITL,61757,39,0.84,0,1
5/28/2025 17:00,EDT,CAPITL,61757,45.16,1.1,0,1
5/28/2025 18:00,EDT,CAPITL,61757,45.19,1.57,0,1
5/28/2025 19:00,EDT,CAPITL,61757,44.15,1.45,0,1
5/28/2025 20:00,EDT,CAPITL,61757,48.97,1.61,0,1
5/28/2025 21:00,EDT,CAPITL,61757,41.13,1.31,0,1
5/28/2025 22:00,EDT,CAPITL,61757,31.75,1.25,0,1
5/28/2025 23:00,EDT,CAPITL,61757,26.85,1.28,0,1
5/29/2025 0:00,EDT,CAPITL,61757,25.11,1.17,0,1
5/29/2025 1:00,EDT,CAPITL,61757,21.29,0.99,0,1
5/29/2025 2:00,EDT,CAPITL,61757,18.8,0.86,0,1
5/29/2025 3:00,EDT,CAPITL,61757,18.15,0.83,0,1
5/29/2025 4:00,EDT,CAPITL,61757,17.43,0.81,0,1
5/29/2025 5:00,EDT,CAPITL,61757,24.96,1.12,0,1
5/29/2025 6:00,EDT,CAPITL,61757,31.39,1.06,0,1
5/29/2025 7:00,EDT,CAPITL,61757,35.5,1.2,0,1
5/29/2025 8:00,EDT,CAPITL,61757,38.63,1.45,0,1
5/29/2025 9:00,EDT,CAPITL,61757,37.21,1.33,0,1
5/29/2025 10:00,EDT,CAPITL,61757,37.42,1.34,0,1
5/29/2025 11:00,EDT,CAPITL,61757,37.29,1.33,0,1
5/29/2025 12:00,EDT,CAPITL,61757,35.95,1.18,0,1
5/29/2025 13:00,EDT,CAPITL,61757,35.24,1.19,0,1
5/29/2025 14:00,EDT,CAPITL,61757,34.2,1.16,0,1
5/29/2025 15:00,EDT,CAPITL,61757,33.29,1.19,0.01,1
5/29/2025 16:00,EDT,CAPITL,61757,35.74,1.21,0,1
5/29/2025 17:00,EDT,CAPITL,61757,39.36,1.41,0,1
5/29/2025 18:00,EDT,CAPITL,61757,40.7,1.41,0,1
5/29/2025 19:00,EDT,CAPITL,61757,43.47,1.63,0.01,1
5/29/2025 20:00,EDT,CAPITL,61757,46.08,1.69,0,1
5/29/2025 21:00,EDT,CAPITL,61757,40.53,1.6,0,1
5/29/2025 22:00,EDT,CAPITL,61757,34.45,1.39,0,1
5/29/2025 23:00,EDT,CAPITL,61757,30.96,1.39,0,1
5/30/2025 0:00,EDT,CAPITL,61757,27.37,1.38,0,1
5/30/2025 1:00,EDT,CAPITL,61757,24.36,1.28,-0.2,1
5/30/2025 2:00,EDT,CAPITL,61757,21.38,1.13,0,1
5/30/2025 3:00,EDT,CAPITL,61757,20.87,1.06,-0.2,1
5/30/2025 4:00,EDT,CAPITL,61757,21.26,1.13,0,1
5/30/2025 5:00,EDT,CAPITL,61757,23.96,1.27,0,1
5/30/2025 6:00,EDT,CAPITL,61757,30.7,1.26,0,1
5/30/2025 7:00,EDT,CAPITL,61757,34.57,1.1,0,1
5/30/2025 8:00,EDT,CAPITL,61757,33.84,1.02,0,1
5/30/2025 9:00,EDT,CAPITL,61757,31.97,0.99,0,1
5/30/2025 10:00,EDT,CAPITL,61757,30.56,0.92,0,1
5/30/2025 11:00,EDT,CAPITL,61757,31,0.89,-0.28,1
5/30/2025 12:00,EDT,CAPITL,61757,29.95,0.85,-0.9,1
5/30/2025 13:00,EDT,CAPITL,61757,30.99,0.87,-1.1,1
5/30/2025 14:00,EDT,CAPITL,61757,31.93,0.87,-0.98,1
5/30/2025 15:00,EDT,CAPITL,61757,32.09,0.96,-1.17,1
5/30/2025 16:00,EDT,CAPITL,61757,34.76,1.08,-0.8,1
5/30/2025 17:00,EDT,CAPITL,61757,40.46,1.27,0.49,1
5/30/2025 18:00,EDT,CAPITL,61757,44.24,1.46,0.12,1
5/30/2025 19:00,EDT,CAPITL,61757,45.21,1.58,0.2,1
5/30/2025 20:00,EDT,CAPITL,61757,45.4,1.67,0.24,1
5/30/2025 21:00,EDT,CAPITL,61757,40.22,1.52,1.39,1
5/30/2025 22:00,EDT,CAPITL,61757,35.6,1.3,0,1
5/30/2025 23:00,EDT,CAPITL,61757,31.82,1.19,0,1
5/31/2025 0:00,EDT,CAPITL,61757,28.06,1.41,0,1
5/31/2025 1:00,EDT,CAPITL,61757,23.44,1.17,-0.17,1
5/31/2025 2:00,EDT,CAPITL,61757,21.49,1.08,-0.38,1
5/31/2025 3:00,EDT,CAPITL,61757,19.98,1.04,0,1
5/31/2025 4:00,EDT,CAPITL,61757,21.13,1.1,0,1
5/31/2025 5:00,EDT,CAPITL,61757,21.76,1.15,0,1
5/31/2025 6:00,EDT,CAPITL,61757,23.52,1.16,0,1
5/31/2025 7:00,EDT,CAPITL,61757,23.67,1,0,1
5/31/2025 8:00,EDT,CAPITL,61757,27.75,0.96,0,1
5/31/2025 9:00,EDT,CAPITL,61757,27.73,1.04,0,1
5/31/2025 10:00,EDT,CAPITL,61757,28.64,1.05,0,1
5/31/2025 11:00,EDT,CAPITL,61757,28.19,1.11,0,1
5/31/2025 12:00,EDT,CAPITL,61757,26.63,1.05,0,1
5/31/2025 13:00,EDT,CAPITL,61757,25.18,1.01,0,1
5/31/2025 14:00,EDT,CAPITL,61757,25.1,1.05,-0.85,1
5/31/2025 15:00,EDT,CAPITL,61757,26.37,1.02,-4.62,1
5/31/2025 16:00,EDT,CAPITL,61757,26.74,1.13,-2.11,1
5/31/2025 17:00,EDT,CAPITL,61757,30.56,1.27,-3.35,1
5/31/2025 18:00,EDT,CAPITL,61757,28.91,1.51,0,1
5/31/2025 19:00,EDT,CAPITL,61757,30.46,1.61,0,1
5/31/2025 20:00,EDT,CAPITL,61757,31.18,1.62,0,1
5/31/2025 21:00,EDT,CAPITL,61757,32.26,1.48,0,1
5/31/2025 22:00,EDT,CAPITL,61757,28.08,1.36,0,1
5/31/2025 23:00,EDT,CAPITL,61757,25.35,1.14,0,1
6/1/2025 0:00,EDT,CAPITL,61757,22.62,1.29,-0.2,1
6/1/2025 1:00,EDT,CAPITL,61757,20.97,1.09,-1.48,1
6/1/2025 2:00,EDT,CAPITL,61757,19.7,0.9,-3.61,1
6/1/2025 3:00,EDT,CAPITL,61757,18.65,0.88,-2.94,1
6/1/2025 4:00,EDT,CAPITL,61757,18.88,0.96,-1.98,1
6/1/2025 5:00,EDT,CAPITL,61757,20.1,0.85,-4.75,1
6/1/2025 6:00,EDT,CAPITL,61757,20.2,1.02,-1.56,1
6/1/2025 7:00,EDT,CAPITL,61757,20.96,0.79,-6.03,1
6/1/2025 8:00,EDT,CAPITL,61757,19.68,0.64,-7.13,1
6/1/2025 9:00,EDT,CAPITL,61757,21.41,0.45,-12.06,1
6/1/2025 10:00,EDT,CAPITL,61757,19.06,0.66,-4.97,1
6/1/2025 11:00,EDT,CAPITL,61757,18.94,0.65,-4.78,1
6/1/2025 12:00,EDT,CAPITL,61757,19.05,0.59,-5.56,1
6/1/2025 13:00,EDT,CAPITL,61757,19.96,0.41,-10.86,1
6/1/2025 14:00,EDT,CAPITL,61757,19.97,0.39,-11.39,1
6/1/2025 15:00,EDT,CAPITL,61757,20.42,0.44,-10.99,1
6/1/2025 16:00,EDT,CAPITL,61757,21.79,0.77,-5.4,1
6/1/2025 17:00,EDT,CAPITL,61757,24.77,0.79,-7.77,1
6/1/2025 18:00,EDT,CAPITL,61757,25.27,1.13,0,1
6/1/2025 19:00,EDT,CAPITL,61757,29.36,1.37,0,1
6/1/2025 20:00,EDT,CAPITL,61757,34.78,1.62,0,1
6/1/2025 21:00,EDT,CAPITL,61757,31.78,1.37,0,1
6/1/2025 22:00,EDT,CAPITL,61757,27.68,1.27,0,1
6/1/2025 23:00,EDT,CAPITL,61757,22.76,1.21,0,1
6/2/2025 0:00,EDT,CAPITL,61757,21.36,1.11,0,1
6/2/2025 1:00,EDT,CAPITL,61757,18.92,0.95,0,1
6/2/2025 2:00,EDT,CAPITL,61757,16.63,0.79,0,1
6/2/2025 3:00,EDT,CAPITL,61757,16.65,0.82,0,1
6/2/2025 4:00,EDT,CAPITL,61757,17.56,0.92,0,1
6/2/2025 5:00,EDT,CAPITL,61757,21.87,1.06,0,1
6/2/2025 6:00,EDT,CAPITL,61757,27.99,1.13,0,1
6/2/2025 7:00,EDT,CAPITL,61757,30.64,1.01,0,1
6/2/2025 8:00,EDT,CAPITL,61757,26.65,0.78,0,1
6/2/2025 9:00,EDT,CAPITL,61757,21.84,0.59,0,1
6/2/2025 10:00,EDT,CAPITL,61757,21.15,0.6,0,1
6/2/2025 11:00,EDT,CAPITL,61757,20.79,0.59,0,1
6/2/2025 12:00,EDT,CAPITL,61757,21.27,0.62,0,1
6/2/2025 13:00,EDT,CAPITL,61757,21.97,0.6,0,1
6/2/2025 14:00,EDT,CAPITL,61757,22.37,0.69,0,1
6/2/2025 15:00,EDT,CAPITL,61757,23.29,0.77,0,1
6/2/2025 16:00,EDT,CAPITL,61757,27.45,0.83,0,1
6/2/2025 17:00,EDT,CAPITL,61757,32.3,1.09,0,1
6/2/2025 18:00,EDT,CAPITL,61757,38.06,1.39,0,1
6/2/2025 19:00,EDT,CAPITL,61757,43.17,1.58,0,1
6/2/2025 20:00,EDT,CAPITL,61757,45.08,1.74,0,1
6/2/2025 21:00,EDT,CAPITL,61757,38.61,1.52,0,1
6/2/2025 22:00,EDT,CAPITL,61757,30.31,1.17,0,1
6/2/2025 23:00,EDT,CAPITL,61757,25.07,1.1,0,1
6/3/2025 0:00,EDT,CAPITL,61757,20.71,1.02,0,1
6/3/2025 1:00,EDT,CAPITL,61757,17.08,0.87,0,1
6/3/2025 2:00,EDT,CAPITL,61757,16.54,0.83,0,1
6/3/2025 3:00,EDT,CAPITL,61757,15.8,0.78,0,1
6/3/2025 4:00,EDT,CAPITL,61757,17.08,0.84,0,1
6/3/2025 5:00,EDT,CAPITL,61757,21.52,1.02,0,1
6/3/2025 6:00,EDT,CAPITL,61757,26.69,1.03,0,1
6/3/2025 7:00,EDT,CAPITL,61757,28.07,0.87,0,1
6/3/2025 8:00,EDT,CAPITL,61757,26.5,0.67,0,1
6/3/2025 9:00,EDT,CAPITL,61757,22.95,0.52,0,1
6/3/2025 10:00,EDT,CAPITL,61757,23.4,0.48,0,1
6/3/2025 11:00,EDT,CAPITL,61757,23.15,0.5,0,1
6/3/2025 12:00,EDT,CAPITL,61757,24.18,0.5,0,1
6/3/2025 13:00,EDT,CAPITL,61757,25.6,0.55,0,1
6/3/2025 14:00,EDT,CAPITL,61757,27.74,0.68,0,1
6/3/2025 15:00,EDT,CAPITL,61757,28.9,0.62,0.05,1
6/3/2025 16:00,EDT,CAPITL,61757,33.28,0.82,0.33,1
6/3/2025 17:00,EDT,CAPITL,61757,42.28,1.03,1.54,1
6/3/2025 18:00,EDT,CAPITL,61757,49.64,1.3,3.58,1
6/3/2025 19:00,EDT,CAPITL,61757,50.4,1.46,3.43,1
6/3/2025 20:00,EDT,CAPITL,61757,48.26,1.45,0.01,1
6/3/2025 21:00,EDT,CAPITL,61757,39.45,1.19,0.01,1
6/3/2025 22:00,EDT,CAPITL,61757,31.13,1.2,0,1
6/3/2025 23:00,EDT,CAPITL,61757,27.95,1.41,0,1
6/4/2025 0:00,EDT,CAPITL,61757,26.19,0.71,-12.56,1
6/4/2025 1:00,EDT,CAPITL,61757,22.79,0.62,-10.43,1
6/4/2025 2:00,EDT,CAPITL,61757,20.5,0.58,-9.26,1
6/4/2025 3:00,EDT,CAPITL,61757,19.23,0.54,-8.69,1
6/4/2025 4:00,EDT,CAPITL,61757,19.39,0.56,-8.5,1
6/4/2025 5:00,EDT,CAPITL,61757,23.98,0.8,-8.85,1
6/4/2025 6:00,EDT,CAPITL,61757,28.01,1.19,-2.94,1
6/4/2025 7:00,EDT,CAPITL,61757,31.78,1.17,-1.51,1
6/4/2025 8:00,EDT,CAPITL,61757,29.34,1.02,0,1
6/4/2025 9:00,EDT,CAPITL,61757,27.92,0.87,0,1
6/4/2025 10:00,EDT,CAPITL,61757,30.34,0.86,0,1
6/4/2025 11:00,EDT,CAPITL,61757,31.88,0.96,0,1
6/4/2025 12:00,EDT,CAPITL,61757,33.47,0.72,0,1
6/4/2025 13:00,EDT,CAPITL,61757,36.36,0.88,2.53,1
6/4/2025 14:00,EDT,CAPITL,61757,37.67,0.93,2.01,1
6/4/2025 15:00,EDT,CAPITL,61757,41.25,0.97,0,1
6/4/2025 16:00,EDT,CAPITL,61757,45.73,1.16,0,1
6/4/2025 17:00,EDT,CAPITL,61757,55.19,1.76,0,1
6/4/2025 18:00,EDT,CAPITL,61757,61.21,2.58,0,1
6/4/2025 19:00,EDT,CAPITL,61757,59.72,2.65,-0.76,1
6/4/2025 20:00,EDT,CAPITL,61757,58.57,2.26,0,1
6/4/2025 21:00,EDT,CAPITL,61757,50.16,1.75,-1.13,1
6/4/2025 22:00,EDT,CAPITL,61757,41.36,1.4,0.01,1
6/4/2025 23:00,EDT,CAPITL,61757,36.23,1.33,0,1
6/5/2025 0:00,EDT,CAPITL,61757,31.1,1.45,0,1
6/5/2025 1:00,EDT,CAPITL,61757,28.53,1.36,-3.29,1
6/5/2025 2:00,EDT,CAPITL,61757,23.02,1.22,0,1
6/5/2025 3:00,EDT,CAPITL,61757,22.01,1.09,0,1
6/5/2025 4:00,EDT,CAPITL,61757,22.51,1.09,0,1
6/5/2025 5:00,EDT,CAPITL,61757,26.21,1.03,0,1
6/5/2025 6:00,EDT,CAPITL,61757,31.41,1.09,0,1
6/5/2025 7:00,EDT,CAPITL,61757,31.86,1.05,0,1
6/5/2025 8:00,EDT,CAPITL,61757,33.28,1.06,0,1
6/5/2025 9:00,EDT,CAPITL,61757,33.26,0.94,0,1
6/5/2025 10:00,EDT,CAPITL,61757,36.3,0.85,0,1
6/5/2025 11:00,EDT,CAPITL,61757,36.78,1.02,1.93,1
6/5/2025 12:00,EDT,CAPITL,61757,39.46,1.08,1.77,1
6/5/2025 13:00,EDT,CAPITL,61757,42.96,1.37,2.66,1
6/5/2025 14:00,EDT,CAPITL,61757,44.99,1.39,2.75,1
6/5/2025 15:00,EDT,CAPITL,61757,47.43,1.56,0.11,1
6/5/2025 16:00,EDT,CAPITL,61757,50.84,1.5,0.72,1
6/5/2025 17:00,EDT,CAPITL,61757,58.14,2.34,0,1
6/5/2025 18:00,EDT,CAPITL,61757,58.6,2.53,0,1
6/5/2025 19:00,EDT,CAPITL,61757,57.8,2.06,0,1
6/5/2025 20:00,EDT,CAPITL,61757,50.74,1.86,0,1
6/5/2025 21:00,EDT,CAPITL,61757,45.94,1.68,0,1
6/5/2025 22:00,EDT,CAPITL,61757,40.59,1.29,0,1
6/5/2025 23:00,EDT,CAPITL,61757,39.12,1.25,0.01,1
6/6/2025 0:00,EDT,CAPITL,61757,37.12,1.5,0,1
6/6/2025 1:00,EDT,CAPITL,61757,34.1,1.52,-3.42,1
6/6/2025 2:00,EDT,CAPITL,61757,27.33,1.33,0,1
6/6/2025 3:00,EDT,CAPITL,61757,25.32,1.27,0,1
6/6/2025 4:00,EDT,CAPITL,61757,25.39,1.25,0,1
6/6/2025 5:00,EDT,CAPITL,61757,29.75,1.47,0,1
6/6/2025 6:00,EDT,CAPITL,61757,36.47,1.37,0,1
6/6/2025 7:00,EDT,CAPITL,61757,36.86,1.21,0,1
6/6/2025 8:00,EDT,CAPITL,61757,37.7,1.27,0,1
6/6/2025 9:00,EDT,CAPITL,61757,38.69,1.24,2.5,1
6/6/2025 10:00,EDT,CAPITL,61757,39.97,1.22,1.8,1
6/6/2025 11:00,EDT,CAPITL,61757,41.32,1.33,4.35,1
6/6/2025 12:00,EDT,CAPITL,61757,42.15,1.4,2.94,1
6/6/2025 13:00,EDT,CAPITL,61757,45.93,1.59,2.37,1
6/6/2025 14:00,EDT,CAPITL,61757,44.54,1.47,0.18,1
6/6/2025 15:00,EDT,CAPITL,61757,47.28,1.7,0.35,1
6/6/2025 16:00,EDT,CAPITL,61757,48.89,1.56,0.01,1
6/6/2025 17:00,EDT,CAPITL,61757,56.86,1.97,0,1
6/6/2025 18:00,EDT,CAPITL,61757,53.43,1.76,0,1
6/6/2025 19:00,EDT,CAPITL,61757,46.91,1.45,0,1
6/6/2025 20:00,EDT,CAPITL,61757,44.06,1.33,0,1
6/6/2025 21:00,EDT,CAPITL,61757,42.42,1.32,0,1
6/6/2025 22:00,EDT,CAPITL,61757,39.64,1.15,0,1
6/6/2025 23:00,EDT,CAPITL,61757,37.29,1.09,0,1
6/7/2025 0:00,EDT,CAPITL,61757,38.86,1.57,0,1
6/7/2025 1:00,EDT,CAPITL,61757,29.73,1.31,0,1
6/7/2025 2:00,EDT,CAPITL,61757,26.71,1.12,0,1
6/7/2025 3:00,EDT,CAPITL,61757,25.88,1.07,0,1
6/7/2025 4:00,EDT,CAPITL,61757,25.46,1.07,0,1
6/7/2025 5:00,EDT,CAPITL,61757,25.86,1.02,0,1
6/7/2025 6:00,EDT,CAPITL,61757,27.48,1.16,0,1
6/7/2025 7:00,EDT,CAPITL,61757,26.71,1.2,0,1
6/7/2025 8:00,EDT,CAPITL,61757,30.29,1.33,0,1
6/7/2025 9:00,EDT,CAPITL,61757,32.38,1.3,0,1
6/7/2025 10:00,EDT,CAPITL,61757,30.96,1.16,0,1
6/7/2025 11:00,EDT,CAPITL,61757,29.51,1.08,0,1
6/7/2025 12:00,EDT,CAPITL,61757,30.22,1.08,0,1
6/7/2025 13:00,EDT,CAPITL,61757,30.82,1.13,0,1
6/7/2025 14:00,EDT,CAPITL,61757,28.74,1.1,-0.15,1
6/7/2025 15:00,EDT,CAPITL,61757,27.87,1.16,-0.26,1
6/7/2025 16:00,EDT,CAPITL,61757,35.1,1.44,-0.07,1
6/7/2025 17:00,EDT,CAPITL,61757,39.96,1.65,0,1
6/7/2025 18:00,EDT,CAPITL,61757,45.37,1.87,0,1
6/7/2025 19:00,EDT,CAPITL,61757,45,1.98,0,1
6/7/2025 20:00,EDT,CAPITL,61757,41.32,1.93,0,1
6/7/2025 21:00,EDT,CAPITL,61757,37.9,1.56,0,1
6/7/2025 22:00,EDT,CAPITL,61757,35.01,1.41,0,1
6/7/2025 23:00,EDT,CAPITL,61757,32.25,1.18,0,1
6/8/2025 0:00,EDT,CAPITL,61757,31.87,1.26,0,1
6/8/2025 1:00,EDT,CAPITL,61757,27.18,1.05,0,1
6/8/2025 2:00,EDT,CAPITL,61757,24.82,0.93,0,1
6/8/2025 3:00,EDT,CAPITL,61757,24.31,0.94,0,1
6/8/2025 4:00,EDT,CAPITL,61757,25.51,0.93,0,1
6/8/2025 5:00,EDT,CAPITL,61757,25.51,1.03,0,1
6/8/2025 6:00,EDT,CAPITL,61757,26.6,1,0,1
6/8/2025 7:00,EDT,CAPITL,61757,21.24,0.8,0,1
6/8/2025 8:00,EDT,CAPITL,61757,21.62,0.75,0,1
6/8/2025 9:00,EDT,CAPITL,61757,21.71,0.67,0,1
6/8/2025 10:00,EDT,CAPITL,61757,23.6,0.6,0,1
6/8/2025 11:00,EDT,CAPITL,61757,24.84,0.7,0,1
6/8/2025 12:00,EDT,CAPITL,61757,26.39,0.67,0,1
6/8/2025 13:00,EDT,CAPITL,61757,27.8,0.73,0,1
6/8/2025 14:00,EDT,CAPITL,61757,29.25,0.88,0,1
6/8/2025 15:00,EDT,CAPITL,61757,29.57,0.92,0,1
6/8/2025 16:00,EDT,CAPITL,61757,32.4,1.12,0,1
6/8/2025 17:00,EDT,CAPITL,61757,37.92,1.32,0,1
6/8/2025 18:00,EDT,CAPITL,61757,44.08,1.49,0,1
6/8/2025 19:00,EDT,CAPITL,61757,43.31,1.67,0,1
6/8/2025 20:00,EDT,CAPITL,61757,42.05,1.85,0,1
6/8/2025 21:00,EDT,CAPITL,61757,38.31,1.4,0,1
6/8/2025 22:00,EDT,CAPITL,61757,33.17,1.21,0,1
6/8/2025 23:00,EDT,CAPITL,61757,28.37,1.12,0,1
6/9/2025 0:00,EDT,CAPITL,61757,28.18,1.37,0,1
6/9/2025 1:00,EDT,CAPITL,61757,24.78,1.22,0,1
6/9/2025 2:00,EDT,CAPITL,61757,24.57,1.13,0,1
6/9/2025 3:00,EDT,CAPITL,61757,21.94,1.06,0,1
6/9/2025 4:00,EDT,CAPITL,61757,22.59,1.12,0,1
6/9/2025 5:00,EDT,CAPITL,61757,24.03,1.23,0,1
6/9/2025 6:00,EDT,CAPITL,61757,31.16,1.34,0,1
6/9/2025 7:00,EDT,CAPITL,61757,33.4,1.41,0,1
6/9/2025 8:00,EDT,CAPITL,61757,33.46,1.13,0,1
6/9/2025 9:00,EDT,CAPITL,61757,34.16,1.09,0,1
6/9/2025 10:00,EDT,CAPITL,61757,34.37,1.13,0,1
6/9/2025 11:00,EDT,CAPITL,61757,35.61,1.07,0,1
6/9/2025 12:00,EDT,CAPITL,61757,34.24,1,0,1
6/9/2025 13:00,EDT,CAPITL,61757,35.02,1.02,0,1
6/9/2025 14:00,EDT,CAPITL,61757,34.44,1.17,0.12,1
6/9/2025 15:00,EDT,CAPITL,61757,35.61,1.2,0,1
6/9/2025 16:00,EDT,CAPITL,61757,40.43,1.29,0.04,1
6/9/2025 17:00,EDT,CAPITL,61757,45.22,1.61,0,1
6/9/2025 18:00,EDT,CAPITL,61757,51.05,1.77,0,1
6/9/2025 19:00,EDT,CAPITL,61757,47.96,1.89,0,1
6/9/2025 20:00,EDT,CAPITL,61757,43.41,1.87,0,1
6/9/2025 21:00,EDT,CAPITL,61757,41.56,1.6,0,1
6/9/2025 22:00,EDT,CAPITL,61757,34.6,1.17,0,1
6/9/2025 23:00,EDT,CAPITL,61757,29.76,1.17,0,1
6/10/2025 0:00,EDT,CAPITL,61757,24.74,1.22,0,1
6/10/2025 1:00,EDT,CAPITL,61757,20.8,1.07,0,1
6/10/2025 2:00,EDT,CAPITL,61757,20.59,1.02,0,1
6/10/2025 3:00,EDT,CAPITL,61757,19.83,0.94,0,1
6/10/2025 4:00,EDT,CAPITL,61757,20.49,0.98,0,1
6/10/2025 5:00,EDT,CAPITL,61757,22.42,1.09,0,1
6/10/2025 6:00,EDT,CAPITL,61757,28.74,1.11,0,1
6/10/2025 7:00,EDT,CAPITL,61757,32.14,1.32,0,1
6/10/2025 8:00,EDT,CAPITL,61757,31.82,1.31,0.79,1
6/10/2025 9:00,EDT,CAPITL,61757,30.74,1.35,1.21,1
6/10/2025 10:00,EDT,CAPITL,61757,32.71,1.42,0.98,1
6/10/2025 11:00,EDT,CAPITL,61757,32.71,1.35,0,1
6/10/2025 12:00,EDT,CAPITL,61757,33.16,1.31,0,1
6/10/2025 13:00,EDT,CAPITL,61757,32.78,1.38,0,1
6/10/2025 14:00,EDT,CAPITL,61757,31.94,1.43,0,1
6/10/2025 15:00,EDT,CAPITL,61757,32.57,1.46,0,1
6/10/2025 16:00,EDT,CAPITL,61757,36.73,1.45,0,1
6/10/2025 17:00,EDT,CAPITL,61757,43.82,1.6,0,1
6/10/2025 18:00,EDT,CAPITL,61757,46.57,1.62,0,1
6/10/2025 19:00,EDT,CAPITL,61757,45.47,1.96,0,1
6/10/2025 20:00,EDT,CAPITL,61757,43.75,1.93,0,1
6/10/2025 21:00,EDT,CAPITL,61757,39.39,1.66,0,1
6/10/2025 22:00,EDT,CAPITL,61757,32.92,1.54,0,1
6/10/2025 23:00,EDT,CAPITL,61757,29,1.48,0,1
6/11/2025 0:00,EDT,CAPITL,61757,28.22,1.32,0,1
6/11/2025 1:00,EDT,CAPITL,61757,25.48,1.19,0,1
6/11/2025 2:00,EDT,CAPITL,61757,22.86,1.03,0,1
6/11/2025 3:00,EDT,CAPITL,61757,22.32,0.98,0,1
6/11/2025 4:00,EDT,CAPITL,61757,22.04,0.97,0,1
6/11/2025 5:00,EDT,CAPITL,61757,24.34,1.02,0,1
6/11/2025 6:00,EDT,CAPITL,61757,28.47,1.15,0,1
6/11/2025 7:00,EDT,CAPITL,61757,31.33,1.17,0,1
6/11/2025 8:00,EDT,CAPITL,61757,30.67,1.15,0,1
6/11/2025 9:00,EDT,CAPITL,61757,25.3,0.94,0.35,1
6/11/2025 10:00,EDT,CAPITL,61757,26.95,1.02,0.19,1
6/11/2025 11:00,EDT,CAPITL,61757,26.95,1.06,0.48,1
6/11/2025 12:00,EDT,CAPITL,61757,27.19,1.04,0.66,1
6/11/2025 13:00,EDT,CAPITL,61757,27.41,1.14,0.81,1
6/11/2025 14:00,EDT,CAPITL,61757,27.4,1.21,0.74,1
6/11/2025 15:00,EDT,CAPITL,61757,29.9,1.32,0.79,1
6/11/2025 16:00,EDT,CAPITL,61757,35.63,1.37,1.03,1
6/11/2025 17:00,EDT,CAPITL,61757,45.5,1.76,1.36,1
6/11/2025 18:00,EDT,CAPITL,61757,50.1,2.07,1.17,1
6/11/2025 19:00,EDT,CAPITL,61757,51.84,2.24,0.21,1
6/11/2025 20:00,EDT,CAPITL,61757,46.82,2.27,0,1
6/11/2025 21:00,EDT,CAPITL,61757,42.59,1.99,0,1
6/11/2025 22:00,EDT,CAPITL,61757,35.84,1.61,0,1
6/11/2025 23:00,EDT,CAPITL,61757,31.47,1.3,0,1
6/12/2025 0:00,EDT,CAPITL,61757,26.43,1.23,0,1
6/12/2025 1:00,EDT,CAPITL,61757,23.49,1.18,0,1
6/12/2025 2:00,EDT,CAPITL,61757,22.12,1.05,0,1
6/12/2025 3:00,EDT,CAPITL,61757,20.44,0.95,0,1
6/12/2025 4:00,EDT,CAPITL,61757,20.88,0.96,0,1
6/12/2025 5:00,EDT,CAPITL,61757,24.25,1.05,0,1
6/12/2025 6:00,EDT,CAPITL,61757,30.44,1.03,0,1
6/12/2025 7:00,EDT,CAPITL,61757,33.85,1.33,0,1
6/12/2025 8:00,EDT,CAPITL,61757,32.22,1.27,0,1
6/12/2025 9:00,EDT,CAPITL,61757,27.43,0.96,0.21,1
6/12/2025 10:00,EDT,CAPITL,61757,26.69,0.94,0.37,1
6/12/2025 11:00,EDT,CAPITL,61757,28.12,1.01,0.26,1
6/12/2025 12:00,EDT,CAPITL,61757,28.26,1.13,0.45,1
6/12/2025 13:00,EDT,CAPITL,61757,29.3,1.17,0.27,1
6/12/2025 14:00,EDT,CAPITL,61757,28.48,1.18,0.8,1
6/12/2025 15:00,EDT,CAPITL,61757,31.1,1.41,0.99,1
6/12/2025 16:00,EDT,CAPITL,61757,34.34,1.71,1.58,1
6/12/2025 17:00,EDT,CAPITL,61757,43.3,2.05,3.37,1
6/12/2025 18:00,EDT,CAPITL,61757,51.39,2.1,1.9,1
6/12/2025 19:00,EDT,CAPITL,61757,51.7,2.19,0.23,1
6/12/2025 20:00,EDT,CAPITL,61757,47.34,1.95,0,1
6/12/2025 21:00,EDT,CAPITL,61757,43.38,1.47,0,1
6/12/2025 22:00,EDT,CAPITL,61757,37.67,1.06,0,1
6/12/2025 23:00,EDT,CAPITL,61757,32.69,0.86,0.1,1
6/13/2025 0:00,EDT,CAPITL,61757,30.75,1.24,0,1
6/13/2025 1:00,EDT,CAPITL,61757,26.92,1.04,0,1
6/13/2025 2:00,EDT,CAPITL,61757,24.88,0.98,0,1
6/13/2025 3:00,EDT,CAPITL,61757,23.12,0.91,0,1
6/13/2025 4:00,EDT,CAPITL,61757,22.87,0.88,0,1
6/13/2025 5:00,EDT,CAPITL,61757,25.23,0.95,0,1
6/13/2025 6:00,EDT,CAPITL,61757,29.5,0.94,0,1
6/13/2025 7:00,EDT,CAPITL,61757,32.14,1.03,0,1
6/13/2025 8:00,EDT,CAPITL,61757,30.56,0.92,0,1
6/13/2025 9:00,EDT,CAPITL,61757,27.65,0.74,0.48,1
6/13/2025 10:00,EDT,CAPITL,61757,27.03,0.67,0.31,1
6/13/2025 11:00,EDT,CAPITL,61757,26.75,0.63,0.34,1
6/13/2025 12:00,EDT,CAPITL,61757,27.07,0.59,0.5,1
6/13/2025 13:00,EDT,CAPITL,61757,26.52,0.64,0.87,1
6/13/2025 14:00,EDT,CAPITL,61757,27.09,0.88,1.21,1
6/13/2025 15:00,EDT,CAPITL,61757,28.35,0.92,1.48,1
6/13/2025 16:00,EDT,CAPITL,61757,36.73,0.96,1.31,1
6/13/2025 17:00,EDT,CAPITL,61757,41.14,1.14,2.07,1
6/13/2025 18:00,EDT,CAPITL,61757,49.61,1.5,0.1,1
6/13/2025 19:00,EDT,CAPITL,61757,46.98,1.5,0,1
6/13/2025 20:00,EDT,CAPITL,61757,45.02,1.48,0,1
6/13/2025 21:00,EDT,CAPITL,61757,40.65,1.3,0,1
6/13/2025 22:00,EDT,CAPITL,61757,35.58,1.04,0,1
6/13/2025 23:00,EDT,CAPITL,61757,31.32,0.91,0.01,1
6/14/2025 0:00,EDT,CAPITL,61757,32.73,1.04,0,1
6/14/2025 1:00,EDT,CAPITL,61757,28.15,1.06,0,1
6/14/2025 2:00,EDT,CAPITL,61757,25.42,0.98,0,1
6/14/2025 3:00,EDT,CAPITL,61757,23.31,0.87,0,1
6/14/2025 4:00,EDT,CAPITL,61757,22.97,0.84,0,1
6/14/2025 5:00,EDT,CAPITL,61757,24.87,0.84,0,1
6/14/2025 6:00,EDT,CAPITL,61757,25.89,0.83,0,1
6/14/2025 7:00,EDT,CAPITL,61757,26.88,0.96,0,1
6/14/2025 8:00,EDT,CAPITL,61757,27.44,1,0,1
6/14/2025 9:00,EDT,CAPITL,61757,29.55,0.94,0,1
6/14/2025 10:00,EDT,CAPITL,61757,29.58,0.92,0,1
6/14/2025 11:00,EDT,CAPITL,61757,29.84,0.9,0,1
6/14/2025 12:00,EDT,CAPITL,61757,28.88,0.84,0,1
6/14/2025 13:00,EDT,CAPITL,61757,28.61,0.75,0,1
6/14/2025 14:00,EDT,CAPITL,61757,28.8,0.84,0,1
6/14/2025 15:00,EDT,CAPITL,61757,29.61,0.94,0,1
6/14/2025 16:00,EDT,CAPITL,61757,29.71,1,0,1
6/14/2025 17:00,EDT,CAPITL,61757,34.14,1.09,0,1
6/14/2025 18:00,EDT,CAPITL,61757,37.28,1.16,0,1
6/14/2025 19:00,EDT,CAPITL,61757,37.41,1.23,0,1
6/14/2025 20:00,EDT,CAPITL,61757,36.37,1.2,0,1
6/14/2025 21:00,EDT,CAPITL,61757,34.95,1.02,0,1
6/14/2025 22:00,EDT,CAPITL,61757,30.93,0.87,0,1
6/14/2025 23:00,EDT,CAPITL,61757,27.94,0.81,0,1
6/15/2025 0:00,EDT,CAPITL,61757,28.85,0.87,0,1
6/15/2025 1:00,EDT,CAPITL,61757,25.43,0.84,0,1
6/15/2025 2:00,EDT,CAPITL,61757,21.77,0.76,0,1
6/15/2025 3:00,EDT,CAPITL,61757,21.44,0.77,0,1
6/15/2025 4:00,EDT,CAPITL,61757,21.42,0.74,0,1
6/15/2025 5:00,EDT,CAPITL,61757,21.88,0.7,0,1
6/15/2025 6:00,EDT,CAPITL,61757,22.29,0.67,0,1
6/15/2025 7:00,EDT,CAPITL,61757,22.29,0.69,0,1
6/15/2025 8:00,EDT,CAPITL,61757,22.91,0.71,0,1
6/15/2025 9:00,EDT,CAPITL,61757,22.82,0.64,0,1
6/15/2025 10:00,EDT,CAPITL,61757,24.14,0.73,0,1
6/15/2025 11:00,EDT,CAPITL,61757,24.04,0.7,0,1
6/15/2025 12:00,EDT,CAPITL,61757,24.13,0.63,0,1
6/15/2025 13:00,EDT,CAPITL,61757,24.21,0.66,0,1
6/15/2025 14:00,EDT,CAPITL,61757,23.5,0.62,0,1
6/15/2025 15:00,EDT,CAPITL,61757,23.41,0.64,0,1
6/15/2025 16:00,EDT,CAPITL,61757,26.55,0.77,0,1
6/15/2025 17:00,EDT,CAPITL,61757,30.52,1.03,0,1
6/15/2025 18:00,EDT,CAPITL,61757,33.82,1.17,0,1
6/15/2025 19:00,EDT,CAPITL,61757,36.09,1.39,0,1
6/15/2025 20:00,EDT,CAPITL,61757,38.32,1.3,0,1
6/15/2025 21:00,EDT,CAPITL,61757,35.69,1.01,0,1
6/15/2025 22:00,EDT,CAPITL,61757,31.47,0.86,0,1
6/15/2025 23:00,EDT,CAPITL,61757,27.26,0.74,0,1
6/16/2025 0:00,EDT,CAPITL,61757,28.71,1.03,0,1
6/16/2025 1:00,EDT,CAPITL,61757,25.75,0.99,0,1
6/16/2025 2:00,EDT,CAPITL,61757,23.12,0.89,0,1
6/16/2025 3:00,EDT,CAPITL,61757,21.87,0.84,0,1
6/16/2025 4:00,EDT,CAPITL,61757,22.09,0.79,0,1
6/16/2025 5:00,EDT,CAPITL,61757,25.25,0.9,0,1
6/16/2025 6:00,EDT,CAPITL,61757,30.37,0.83,0,1
6/16/2025 7:00,EDT,CAPITL,61757,32.05,1.11,0,1
6/16/2025 8:00,EDT,CAPITL,61757,31.98,0.96,0.04,1
6/16/2025 9:00,EDT,CAPITL,61757,29.13,0.8,0.27,1
6/16/2025 10:00,EDT,CAPITL,61757,28.86,0.73,0.03,1
6/16/2025 11:00,EDT,CAPITL,61757,29.2,0.74,0,1
6/16/2025 12:00,EDT,CAPITL,61757,30.72,0.78,0.08,1
6/16/2025 13:00,EDT,CAPITL,61757,30.55,0.75,0.18,1
6/16/2025 14:00,EDT,CAPITL,61757,31.29,0.83,0.24,1
6/16/2025 15:00,EDT,CAPITL,61757,31.58,0.87,0.29,1
6/16/2025 16:00,EDT,CAPITL,61757,34.67,0.98,0.21,1
6/16/2025 17:00,EDT,CAPITL,61757,40.57,1.29,0,1
6/16/2025 18:00,EDT,CAPITL,61757,46.05,1.47,0,1
6/16/2025 19:00,EDT,CAPITL,61757,48.63,1.69,0,1
6/16/2025 20:00,EDT,CAPITL,61757,45.26,1.7,0,1
6/16/2025 21:00,EDT,CAPITL,61757,41.5,1.67,0,1
6/16/2025 22:00,EDT,CAPITL,61757,34.49,1.26,0,1
6/16/2025 23:00,EDT,CAPITL,61757,29.31,1.15,0,1
6/17/2025 0:00,EDT,CAPITL,61757,28.18,1.27,0,1
6/17/2025 1:00,EDT,CAPITL,61757,25.46,1.17,0,1
6/17/2025 2:00,EDT,CAPITL,61757,23.35,1.13,0,1
6/17/2025 3:00,EDT,CAPITL,61757,21.74,1.05,0,1
6/17/2025 4:00,EDT,CAPITL,61757,22.28,1.08,0,1
6/17/2025 5:00,EDT,CAPITL,61757,25.94,1.05,0,1
6/17/2025 6:00,EDT,CAPITL,61757,31.24,1.08,0,1
6/17/2025 7:00,EDT,CAPITL,61757,34.55,1.26,0,1
6/17/2025 8:00,EDT,CAPITL,61757,36.06,1.25,0,1
6/17/2025 9:00,EDT,CAPITL,61757,34.52,1.07,0,1
6/17/2025 10:00,EDT,CAPITL,61757,36.5,1.2,0,1
6/17/2025 11:00,EDT,CAPITL,61757,37.04,1.22,0,1
6/17/2025 12:00,EDT,CAPITL,61757,37.17,1.01,0,1
6/17/2025 13:00,EDT,CAPITL,61757,37.29,0.98,0,1
6/17/2025 14:00,EDT,CAPITL,61757,37,1.04,0,1
6/17/2025 15:00,EDT,CAPITL,61757,39.41,1.22,0,1
6/17/2025 16:00,EDT,CAPITL,61757,41.7,1.21,0,1
6/17/2025 17:00,EDT,CAPITL,61757,44.57,1.47,0,1
6/17/2025 18:00,EDT,CAPITL,61757,47.95,1.53,0,1
6/17/2025 19:00,EDT,CAPITL,61757,49.77,1.68,0,1
6/17/2025 20:00,EDT,CAPITL,61757,47.15,1.68,0,1
6/17/2025 21:00,EDT,CAPITL,61757,42.67,1.52,0,1
6/17/2025 22:00,EDT,CAPITL,61757,36.57,1.27,0,1
6/17/2025 23:00,EDT,CAPITL,61757,31.98,1.32,0,1
6/18/2025 0:00,EDT,CAPITL,61757,31.1,1.23,0,1
6/18/2025 1:00,EDT,CAPITL,61757,27.62,1.27,0,1
6/18/2025 2:00,EDT,CAPITL,61757,25.33,1.14,0,1
6/18/2025 3:00,EDT,CAPITL,61757,25.26,1.13,0,1
6/18/2025 4:00,EDT,CAPITL,61757,25.41,1.12,0,1
6/18/2025 5:00,EDT,CAPITL,61757,26.36,1.14,0,1
6/18/2025 6:00,EDT,CAPITL,61757,33.92,1.18,0,1
6/18/2025 7:00,EDT,CAPITL,61757,35.16,1.42,0,1
6/18/2025 8:00,EDT,CAPITL,61757,39.95,1.35,0,1
6/18/2025 9:00,EDT,CAPITL,61757,40.71,1.18,0,1
6/18/2025 10:00,EDT,CAPITL,61757,41.82,0.98,0,1
6/18/2025 11:00,EDT,CAPITL,61757,42.55,0.79,0.07,1
6/18/2025 12:00,EDT,CAPITL,61757,43.13,0.81,0.19,1
6/18/2025 13:00,EDT,CAPITL,61757,45.35,0.89,0.2,1
6/18/2025 14:00,EDT,CAPITL,61757,48.49,1.01,0.47,1
6/18/2025 15:00,EDT,CAPITL,61757,52.75,1.36,1.14,1
6/18/2025 16:00,EDT,CAPITL,61757,53.21,1.35,0.34,1
6/18/2025 17:00,EDT,CAPITL,61757,58.53,2.03,0,1
6/18/2025 18:00,EDT,CAPITL,61757,60.26,2.26,0,1
6/18/2025 19:00,EDT,CAPITL,61757,58.03,2.01,0,1
6/18/2025 20:00,EDT,CAPITL,61757,57.3,1.72,0,1
6/18/2025 21:00,EDT,CAPITL,61757,49.81,1.54,0,1
6/18/2025 22:00,EDT,CAPITL,61757,42.66,1.2,0,1
6/18/2025 23:00,EDT,CAPITL,61757,38.15,1.15,0,1
6/19/2025 0:00,EDT,CAPITL,61757,41.25,1.55,0,1
6/19/2025 1:00,EDT,CAPITL,61757,36.94,1.25,0,1
6/19/2025 2:00,EDT,CAPITL,61757,33.71,1.23,0,1
6/19/2025 3:00,EDT,CAPITL,61757,31.39,1.29,0,1
6/19/2025 4:00,EDT,CAPITL,61757,30.86,1.27,0,1
6/19/2025 5:00,EDT,CAPITL,61757,35.83,1.41,0,1
6/19/2025 6:00,EDT,CAPITL,61757,39.59,1.56,0,1
6/19/2025 7:00,EDT,CAPITL,61757,43.57,1.8,0,1
6/19/2025 8:00,EDT,CAPITL,61757,45,1.85,0,1
6/19/2025 9:00,EDT,CAPITL,61757,44.94,1.77,0,1
6/19/2025 10:00,EDT,CAPITL,61757,45.58,1.75,0,1
6/19/2025 11:00,EDT,CAPITL,61757,47.09,1.81,0,1
6/19/2025 12:00,EDT,CAPITL,61757,52.29,2.11,0,1
6/19/2025 13:00,EDT,CAPITL,61757,55.01,2.32,0,1
6/19/2025 14:00,EDT,CAPITL,61757,58.37,2.35,0,1
6/19/2025 15:00,EDT,CAPITL,61757,63.38,2.65,-4.25,1
6/19/2025 16:00,EDT,CAPITL,61757,72.12,2.71,-12.88,1
6/19/2025 17:00,EDT,CAPITL,61757,84.36,2.94,-24.75,1
6/19/2025 18:00,EDT,CAPITL,61757,81.66,3.17,-21.77,1
6/19/2025 19:00,EDT,CAPITL,61757,66.03,3.56,0,1
6/19/2025 20:00,EDT,CAPITL,61757,59.52,3.05,0,1
6/19/2025 21:00,EDT,CAPITL,61757,55.51,2.54,0,1
6/19/2025 22:00,EDT,CAPITL,61757,47.95,2.11,0,1
6/19/2025 23:00,EDT,CAPITL,61757,41.7,1.91,0,1
6/20/2025 0:00,EDT,CAPITL,61757,43.87,2.13,0,1
6/20/2025 1:00,EDT,CAPITL,61757,39.41,1.77,0,1
6/20/2025 2:00,EDT,CAPITL,61757,34.99,1.51,0,1
6/20/2025 3:00,EDT,CAPITL,61757,34.6,1.43,0,1
6/20/2025 4:00,EDT,CAPITL,61757,33.77,1.46,0,1
6/20/2025 5:00,EDT,CAPITL,61757,32.64,1.41,0,1
6/20/2025 6:00,EDT,CAPITL,61757,35.16,1.42,0,1
6/20/2025 7:00,EDT,CAPITL,61757,35.67,1.47,0,1
6/20/2025 8:00,EDT,CAPITL,61757,37.84,1.46,0,1
6/20/2025 9:00,EDT,CAPITL,61757,36.05,1.29,0,1
6/20/2025 10:00,EDT,CAPITL,61757,37.01,1.18,0,1
6/20/2025 11:00,EDT,CAPITL,61757,38.47,1.23,0,1
6/20/2025 12:00,EDT,CAPITL,61757,40.04,1.28,0,1
6/20/2025 13:00,EDT,CAPITL,61757,43.13,1.38,0,1
6/20/2025 14:00,EDT,CAPITL,61757,45.65,1.46,0.24,1
6/20/2025 15:00,EDT,CAPITL,61757,47.78,1.52,0,1
6/20/2025 16:00,EDT,CAPITL,61757,53.01,1.76,0.42,1
6/20/2025 17:00,EDT,CAPITL,61757,58.18,2.31,0.55,1
6/20/2025 18:00,EDT,CAPITL,61757,58.89,2.48,0,1
6/20/2025 19:00,EDT,CAPITL,61757,58.42,2.36,0.25,1
6/20/2025 20:00,EDT,CAPITL,61757,55.33,1.78,0.47,1
6/20/2025 21:00,EDT,CAPITL,61757,53.19,1.85,0,1
6/20/2025 22:00,EDT,CAPITL,61757,46.76,1.63,0.25,1
6/20/2025 23:00,EDT,CAPITL,61757,41.94,1.38,0.13,1
6/21/2025 0:00,EDT,CAPITL,61757,40.79,1.83,0,1
6/21/2025 1:00,EDT,CAPITL,61757,36.52,1.54,0,1
6/21/2025 2:00,EDT,CAPITL,61757,34.07,1.37,0,1
6/21/2025 3:00,EDT,CAPITL,61757,32.3,1.3,0,1
6/21/2025 4:00,EDT,CAPITL,61757,31.65,1.28,0,1
6/21/2025 5:00,EDT,CAPITL,61757,31.02,1.28,0,1
6/21/2025 6:00,EDT,CAPITL,61757,31.56,1.27,0,1
6/21/2025 7:00,EDT,CAPITL,61757,32.73,1.2,0,1
6/21/2025 8:00,EDT,CAPITL,61757,34.59,1.2,0,1
6/21/2025 9:00,EDT,CAPITL,61757,36.05,1.19,0,1
6/21/2025 10:00,EDT,CAPITL,61757,38.72,1.13,0.16,1
6/21/2025 11:00,EDT,CAPITL,61757,41.47,1.22,0.35,1
6/21/2025 12:00,EDT,CAPITL,61757,45.25,1.07,0.64,1
6/21/2025 13:00,EDT,CAPITL,61757,46.7,1.1,0.5,1
6/21/2025 14:00,EDT,CAPITL,61757,48.88,1.3,0.4,1
6/21/2025 15:00,EDT,CAPITL,61757,51.99,1.38,0.43,1
6/21/2025 16:00,EDT,CAPITL,61757,56.04,1.77,0.91,1
6/21/2025 17:00,EDT,CAPITL,61757,61.91,2.67,0,1
6/21/2025 18:00,EDT,CAPITL,61757,64.87,3.03,0,1
6/21/2025 19:00,EDT,CAPITL,61757,60.62,2.89,0,1
6/21/2025 20:00,EDT,CAPITL,61757,58.94,2.75,0,1
6/21/2025 21:00,EDT,CAPITL,61757,54.94,2.37,0,1
6/21/2025 22:00,EDT,CAPITL,61757,50.13,2.16,0,1
6/21/2025 23:00,EDT,CAPITL,61757,45.18,1.86,0,1
6/22/2025 0:00,EDT,CAPITL,61757,45.19,2.09,-7.72,1
6/22/2025 1:00,EDT,CAPITL,61757,40.72,1.99,-5.06,1
6/22/2025 2:00,EDT,CAPITL,61757,34.51,1.89,0,1
6/22/2025 3:00,EDT,CAPITL,61757,32.36,1.74,0,1
6/22/2025 4:00,EDT,CAPITL,61757,32.51,1.75,-1.05,1
6/22/2025 5:00,EDT,CAPITL,61757,32.13,1.71,-1.43,1
6/22/2025 6:00,EDT,CAPITL,61757,29.26,1.6,0,1
6/22/2025 7:00,EDT,CAPITL,61757,31.31,1.63,0,1
6/22/2025 8:00,EDT,CAPITL,61757,35.02,1.92,0,1
6/22/2025 9:00,EDT,CAPITL,61757,41.84,2.25,0,1
6/22/2025 10:00,EDT,CAPITL,61757,48,2.2,0,1
6/22/2025 11:00,EDT,CAPITL,61757,51.79,2.33,0,1
6/22/2025 12:00,EDT,CAPITL,61757,57.14,2.41,0,1
6/22/2025 13:00,EDT,CAPITL,61757,58.74,2.37,0,1
6/22/2025 14:00,EDT,CAPITL,61757,59.49,2.67,0,1
6/22/2025 15:00,EDT,CAPITL,61757,67.44,3.09,0,1
6/22/2025 16:00,EDT,CAPITL,61757,81.44,4.54,0,1
6/22/2025 17:00,EDT,CAPITL,61757,100.08,5.75,0,1
6/22/2025 18:00,EDT,CAPITL,61757,113.65,6.67,-4.37,1
6/22/2025 19:00,EDT,CAPITL,61757,131.02,5.85,-32.39,1
6/22/2025 20:00,EDT,CAPITL,61757,139.44,5.11,-53.27,1
6/22/2025 21:00,EDT,CAPITL,61757,95,4.36,-19.1,1
6/22/2025 22:00,EDT,CAPITL,61757,66.64,3.41,0,1
6/22/2025 23:00,EDT,CAPITL,61757,59.36,2.77,0,1
6/23/2025 0:00,EDT,CAPITL,61757,61.28,2.92,0,1
6/23/2025 1:00,EDT,CAPITL,61757,57.56,2.27,0,1
6/23/2025 2:00,EDT,CAPITL,61757,55.05,2.06,0,1
6/23/2025 3:00,EDT,CAPITL,61757,51.38,2.02,0,1
6/23/2025 4:00,EDT,CAPITL,61757,49.06,1.89,0,1
6/23/2025 5:00,EDT,CAPITL,61757,52.59,2.12,0,1
6/23/2025 6:00,EDT,CAPITL,61757,55.17,2.32,0,1
6/23/2025 7:00,EDT,CAPITL,61757,58.38,2.19,0,1
6/23/2025 8:00,EDT,CAPITL,61757,60.18,2.43,0,1
6/23/2025 9:00,EDT,CAPITL,61757,62.77,2.42,0,1
6/23/2025 10:00,EDT,CAPITL,61757,74.29,3.06,0,1
6/23/2025 11:00,EDT,CAPITL,61757,84.07,3.7,0,1
6/23/2025 12:00,EDT,CAPITL,61757,113.66,5.76,0.79,1
6/23/2025 13:00,EDT,CAPITL,61757,143.31,7.08,-4.99,1
6/23/2025 14:00,EDT,CAPITL,61757,170.23,8.6,-10.58,1
6/23/2025 15:00,EDT,CAPITL,61757,209.45,10.32,-30,1
6/23/2025 16:00,EDT,CAPITL,61757,276.77,12.83,-53.66,1
6/23/2025 17:00,EDT,CAPITL,61757,336.97,15.46,-76.25,1
6/23/2025 18:00,EDT,CAPITL,61757,550.69,13.87,-323.38,1
6/23/2025 19:00,EDT,CAPITL,61757,508.1,12.07,-313.08,1
6/23/2025 20:00,EDT,CAPITL,61757,435.95,11.37,-252.24,1
6/23/2025 21:00,EDT,CAPITL,61757,257.3,7.35,-135.19,1
6/23/2025 22:00,EDT,CAPITL,61757,83.16,4.78,0,1
6/23/2025 23:00,EDT,CAPITL,61757,71.28,3.78,0,1
6/24/2025 0:00,EDT,CAPITL,61757,62.33,3.19,0,1
6/24/2025 1:00,EDT,CAPITL,61757,59.3,2.82,0,1
6/24/2025 2:00,EDT,CAPITL,61757,56.93,2.51,0,1
6/24/2025 3:00,EDT,CAPITL,61757,51.57,2.12,0,1
6/24/2025 4:00,EDT,CAPITL,61757,50.27,2.12,0,1
6/24/2025 5:00,EDT,CAPITL,61757,53.72,2.26,0,1
6/24/2025 6:00,EDT,CAPITL,61757,56.38,2.37,0,1
6/24/2025 7:00,EDT,CAPITL,61757,59.5,2.51,0,1
6/24/2025 8:00,EDT,CAPITL,61757,63.84,2.63,0,1
6/24/2025 9:00,EDT,CAPITL,61757,66.59,2.5,0,1
6/24/2025 10:00,EDT,CAPITL,61757,76.18,3.14,-0.01,1
6/24/2025 11:00,EDT,CAPITL,61757,89.63,3.87,0.18,1
6/24/2025 12:00,EDT,CAPITL,61757,117.7,5.76,1.09,1
6/24/2025 13:00,EDT,CAPITL,61757,149.76,7.49,-3.52,1
6/24/2025 14:00,EDT,CAPITL,61757,183.41,9.43,-11.26,1
6/24/2025 15:00,EDT,CAPITL,61757,253.79,10.4,-72.86,1
6/24/2025 16:00,EDT,CAPITL,61757,359.63,14.06,-115.19,1
6/24/2025 17:00,EDT,CAPITL,61757,422.19,16.02,-143.62,1
6/24/2025 18:00,EDT,CAPITL,61757,485,16.68,-207.87,1
6/24/2025 19:00,EDT,CAPITL,61757,479.31,15.22,-226.52,1
6/24/2025 20:00,EDT,CAPITL,61757,448.73,13.1,-233.92,1
6/24/2025 21:00,EDT,CAPITL,61757,292.44,8.45,-149.97,1
6/24/2025 22:00,EDT,CAPITL,61757,128.37,5.55,-30.32,1
6/24/2025 23:00,EDT,CAPITL,61757,75.53,3.6,0,1
6/25/2025 0:00,EDT,CAPITL,61757,72.3,3.44,0,1
6/25/2025 1:00,EDT,CAPITL,61757,68.25,3.31,0,1
6/25/2025 2:00,EDT,CAPITL,61757,63.76,3.04,0,1
6/25/2025 3:00,EDT,CAPITL,61757,59.09,2.6,0,1
6/25/2025 4:00,EDT,CAPITL,61757,58.61,2.41,0,1
6/25/2025 5:00,EDT,CAPITL,61757,59.9,2.74,0,1
6/25/2025 6:00,EDT,CAPITL,61757,60.22,2.7,0,1
6/25/2025 7:00,EDT,CAPITL,61757,66.31,2.98,0,1
6/25/2025 8:00,EDT,CAPITL,61757,70.6,3.17,0,1
6/25/2025 9:00,EDT,CAPITL,61757,74.69,3.14,0,1
6/25/2025 10:00,EDT,CAPITL,61757,75.53,3.46,0,1
6/25/2025 11:00,EDT,CAPITL,61757,79.91,4.03,0.11,1
6/25/2025 12:00,EDT,CAPITL,61757,99.28,5.03,-2.7,1
6/25/2025 13:00,EDT,CAPITL,61757,121.96,6.26,-5.8,1
6/25/2025 14:00,EDT,CAPITL,61757,153.28,6.95,-24.37,1
6/25/2025 15:00,EDT,CAPITL,61757,177.54,7.09,-38.99,1
6/25/2025 16:00,EDT,CAPITL,61757,218.6,9.28,-46.5,1
6/25/2025 17:00,EDT,CAPITL,61757,265,10.92,-68.95,1
6/25/2025 18:00,EDT,CAPITL,61757,308.59,12.75,-90.24,1
6/25/2025 19:00,EDT,CAPITL,61757,222.75,11.55,-27.95,1
6/25/2025 20:00,EDT,CAPITL,61757,175,7.83,-44.87,1
6/25/2025 21:00,EDT,CAPITL,61757,113.32,5.95,-14.5,1
6/25/2025 22:00,EDT,CAPITL,61757,77.93,4.06,0.04,1
6/25/2025 23:00,EDT,CAPITL,61757,67.18,3.02,0,1
6/26/2025 0:00,EDT,CAPITL,61757,53.27,2.15,0,1
6/26/2025 1:00,EDT,CAPITL,61757,50.97,2.01,0,1
6/26/2025 2:00,EDT,CAPITL,61757,48.99,1.93,0,1
6/26/2025 3:00,EDT,CAPITL,61757,46.66,1.67,0,1
6/26/2025 4:00,EDT,CAPITL,61757,44.86,1.68,0,1
6/26/2025 5:00,EDT,CAPITL,61757,46.18,1.78,0,1
6/26/2025 6:00,EDT,CAPITL,61757,48.22,1.86,0,1
6/26/2025 7:00,EDT,CAPITL,61757,47.91,2.15,0,1
6/26/2025 8:00,EDT,CAPITL,61757,49.5,2.04,0,1
6/26/2025 9:00,EDT,CAPITL,61757,51.32,1.73,0,1
6/26/2025 10:00,EDT,CAPITL,61757,49.3,1.43,0,1
6/26/2025 11:00,EDT,CAPITL,61757,50.38,1.52,0,1
6/26/2025 12:00,EDT,CAPITL,61757,51.61,1.36,0,1
6/26/2025 13:00,EDT,CAPITL,61757,54.66,1.38,0,1
6/26/2025 14:00,EDT,CAPITL,61757,54.19,1.78,0,1
6/26/2025 15:00,EDT,CAPITL,61757,55.28,2.02,0,1
6/26/2025 16:00,EDT,CAPITL,61757,57.98,1.85,0,1
6/26/2025 17:00,EDT,CAPITL,61757,61.17,2.12,0,1
6/26/2025 18:00,EDT,CAPITL,61757,58.38,2.03,0,1
6/26/2025 19:00,EDT,CAPITL,61757,57.75,1.95,0,1
6/26/2025 20:00,EDT,CAPITL,61757,51.81,1.94,0,1
6/26/2025 21:00,EDT,CAPITL,61757,47.87,1.75,0,1
6/26/2025 22:00,EDT,CAPITL,61757,42.48,1.47,0,1
6/26/2025 23:00,EDT,CAPITL,61757,38.22,1.57,0,1
6/27/2025 0:00,EDT,CAPITL,61757,40.12,1.65,0,1
6/27/2025 1:00,EDT,CAPITL,61757,36.01,1.45,0,1
6/27/2025 2:00,EDT,CAPITL,61757,32.6,1.22,0,1
6/27/2025 3:00,EDT,CAPITL,61757,30.09,1.13,0,1
6/27/2025 4:00,EDT,CAPITL,61757,30.77,1.21,0,1
6/27/2025 5:00,EDT,CAPITL,61757,31.89,1.31,0,1
6/27/2025 6:00,EDT,CAPITL,61757,39.92,1.39,0,1
6/27/2025 7:00,EDT,CAPITL,61757,41.3,1.51,0,1
6/27/2025 8:00,EDT,CAPITL,61757,43.94,1.57,0,1
6/27/2025 9:00,EDT,CAPITL,61757,42.55,1.36,0,1
6/27/2025 10:00,EDT,CAPITL,61757,40.14,1.21,0,1
6/27/2025 11:00,EDT,CAPITL,61757,39.72,1.23,0,1
6/27/2025 12:00,EDT,CAPITL,61757,41.04,1.19,0,1
6/27/2025 13:00,EDT,CAPITL,61757,41.41,1.21,0,1
6/27/2025 14:00,EDT,CAPITL,61757,41.68,1.21,0,1
6/27/2025 15:00,EDT,CAPITL,61757,42.95,1.29,0,1
6/27/2025 16:00,EDT,CAPITL,61757,46.51,1.44,0,1
6/27/2025 17:00,EDT,CAPITL,61757,48.54,1.6,0,1
6/27/2025 18:00,EDT,CAPITL,61757,46.9,1.76,0,1
6/27/2025 19:00,EDT,CAPITL,61757,47.33,1.73,0,1
6/27/2025 20:00,EDT,CAPITL,61757,42.76,1.88,0,1
6/27/2025 21:00,EDT,CAPITL,61757,40.59,1.71,0,1
6/27/2025 22:00,EDT,CAPITL,61757,36.8,1.59,0,1
6/27/2025 23:00,EDT,CAPITL,61757,32.05,1.53,0,1
6/28/2025 0:00,EDT,CAPITL,61757,35.25,1.81,0,1
6/28/2025 1:00,EDT,CAPITL,61757,30.01,1.59,0,1
6/28/2025 2:00,EDT,CAPITL,61757,27.46,1.36,0,1
6/28/2025 3:00,EDT,CAPITL,61757,28.59,1.46,0,1
6/28/2025 4:00,EDT,CAPITL,61757,27.38,1.43,0,1
6/28/2025 5:00,EDT,CAPITL,61757,28.56,1.54,0,1
6/28/2025 6:00,EDT,CAPITL,61757,27.26,1.4,0,1
6/28/2025 7:00,EDT,CAPITL,61757,30.13,1.41,0,1
6/28/2025 8:00,EDT,CAPITL,61757,33.49,1.53,0,1
6/28/2025 9:00,EDT,CAPITL,61757,37.01,1.6,0,1
6/28/2025 10:00,EDT,CAPITL,61757,40.59,1.22,0,1
6/28/2025 11:00,EDT,CAPITL,61757,41.9,1.14,0,1
6/28/2025 12:00,EDT,CAPITL,61757,42.07,1.06,0,1
6/28/2025 13:00,EDT,CAPITL,61757,44.97,1.14,0,1
6/28/2025 14:00,EDT,CAPITL,61757,44.66,1.34,0,1
6/28/2025 15:00,EDT,CAPITL,61757,49.62,1.68,0,1
6/28/2025 16:00,EDT,CAPITL,61757,52.08,1.91,0,1
6/28/2025 17:00,EDT,CAPITL,61757,62.53,2.35,0,1
6/28/2025 18:00,EDT,CAPITL,61757,64.25,2.65,0,1
6/28/2025 19:00,EDT,CAPITL,61757,66.44,2.86,0,1
6/28/2025 20:00,EDT,CAPITL,61757,64.36,2.83,0,1
6/28/2025 21:00,EDT,CAPITL,61757,55.41,2.28,0,1
6/28/2025 22:00,EDT,CAPITL,61757,50.38,2.08,0,1
6/28/2025 23:00,EDT,CAPITL,61757,45.66,1.84,0,1
6/29/2025 0:00,EDT,CAPITL,61757,38.87,1.92,0,1
6/29/2025 1:00,EDT,CAPITL,61757,35.37,1.62,0,1
6/29/2025 2:00,EDT,CAPITL,61757,31.35,1.38,0,1
6/29/2025 3:00,EDT,CAPITL,61757,29.86,1.34,0,1
6/29/2025 4:00,EDT,CAPITL,61757,29.86,1.34,0,1
6/29/2025 5:00,EDT,CAPITL,61757,29.36,1.34,0,1
6/29/2025 6:00,EDT,CAPITL,61757,29.16,1.26,0,1
6/29/2025 7:00,EDT,CAPITL,61757,29.45,1.13,0,1
6/29/2025 8:00,EDT,CAPITL,61757,29.27,1.04,0,1
6/29/2025 9:00,EDT,CAPITL,61757,31.37,1.03,0,1
6/29/2025 10:00,EDT,CAPITL,61757,32.25,0.94,0,1
6/29/2025 11:00,EDT,CAPITL,61757,35.99,1.05,0,1
6/29/2025 12:00,EDT,CAPITL,61757,38.33,0.9,0,1
6/29/2025 13:00,EDT,CAPITL,61757,41.08,1.01,0.22,1
6/29/2025 14:00,EDT,CAPITL,61757,44.13,1.16,0.02,1
6/29/2025 15:00,EDT,CAPITL,61757,48.5,1.28,0.01,1
6/29/2025 16:00,EDT,CAPITL,61757,54.84,1.55,0,1
6/29/2025 17:00,EDT,CAPITL,61757,59.2,2,0,1
6/29/2025 18:00,EDT,CAPITL,61757,74.19,3.12,0,1
6/29/2025 19:00,EDT,CAPITL,61757,70.69,3.17,0,1
6/29/2025 20:00,EDT,CAPITL,61757,64.89,2.91,0,1
6/29/2025 21:00,EDT,CAPITL,61757,59.32,2.34,0,1
6/29/2025 22:00,EDT,CAPITL,61757,51.48,2.17,0,1
6/29/2025 23:00,EDT,CAPITL,61757,45.7,1.84,0,1
6/30/2025 0:00,EDT,CAPITL,61757,43.62,1.84,0,1
6/30/2025 1:00,EDT,CAPITL,61757,38.41,1.58,0,1
6/30/2025 2:00,EDT,CAPITL,61757,35.39,1.43,0,1
6/30/2025 3:00,EDT,CAPITL,61757,32.68,1.32,0,1
6/30/2025 4:00,EDT,CAPITL,61757,32.27,1.3,0,1
6/30/2025 5:00,EDT,CAPITL,61757,33.61,1.35,0,1
6/30/2025 6:00,EDT,CAPITL,61757,36.1,1.42,0,1
6/30/2025 7:00,EDT,CAPITL,61757,39.09,1.43,0,1
6/30/2025 8:00,EDT,CAPITL,61757,44.36,1.34,0,1
6/30/2025 9:00,EDT,CAPITL,61757,44.42,1.08,0,1
6/30/2025 10:00,EDT,CAPITL,61757,46.93,0.87,0,1
6/30/2025 11:00,EDT,CAPITL,61757,50.01,0.89,0,1
6/30/2025 12:00,EDT,CAPITL,61757,55.87,0.77,0,1
6/30/2025 13:00,EDT,CAPITL,61757,56.53,0.72,0,1
6/30/2025 14:00,EDT,CAPITL,61757,61.52,0.79,0.37,1
6/30/2025 15:00,EDT,CAPITL,61757,65.9,1.75,0.46,1
6/30/2025 16:00,EDT,CAPITL,61757,79.32,2.53,0.08,1
6/30/2025 17:00,EDT,CAPITL,61757,93.23,4.2,0.39,1
6/30/2025 18:00,EDT,CAPITL,61757,94.26,4.68,0.4,1
6/30/2025 19:00,EDT,CAPITL,61757,88.39,4.22,0.26,1
6/30/2025 20:00,EDT,CAPITL,61757,78.89,3.3,-0.43,1
6/30/2025 21:00,EDT,CAPITL,61757,67.09,2.58,0,1
6/30/2025 22:00,EDT,CAPITL,61757,57.3,1.83,0,1
6/30/2025 23:00,EDT,CAPITL,61757,51.7,1.7,0,1
7/1/2025 0:00,EDT,CAPITL,61757,46.57,1.7,0,1
7/1/2025 1:00,EDT,CAPITL,61757,41.04,1.54,0,1
7/1/2025 2:00,EDT,CAPITL,61757,38.09,1.5,0,1
7/1/2025 3:00,EDT,CAPITL,61757,34.79,1.34,0,1
7/1/2025 4:00,EDT,CAPITL,61757,34.78,1.3,0,1
7/1/2025 5:00,EDT,CAPITL,61757,40.04,1.61,0,1
7/1/2025 6:00,EDT,CAPITL,61757,43.17,1.66,0,1
7/1/2025 7:00,EDT,CAPITL,61757,45.95,1.77,0,1
7/1/2025 8:00,EDT,CAPITL,61757,48.1,1.67,0,1
7/1/2025 9:00,EDT,CAPITL,61757,49.5,1.58,0,1
7/1/2025 10:00,EDT,CAPITL,61757,51.29,1.59,0,1
7/1/2025 11:00,EDT,CAPITL,61757,53.62,1.66,0.07,1
7/1/2025 12:00,EDT,CAPITL,61757,57.18,1.73,0.19,1
7/1/2025 13:00,EDT,CAPITL,61757,61.55,1.97,0.33,1
7/1/2025 14:00,EDT,CAPITL,61757,65.93,2.49,0.35,1
7/1/2025 15:00,EDT,CAPITL,61757,62.99,2.48,1.42,1
7/1/2025 16:00,EDT,CAPITL,61757,72.76,2.81,0.17,1
7/1/2025 17:00,EDT,CAPITL,61757,81.19,3.47,-0.78,1
7/1/2025 18:00,EDT,CAPITL,61757,82.36,4.18,-0.68,1
7/1/2025 19:00,EDT,CAPITL,61757,81.43,4.17,0,1
7/1/2025 20:00,EDT,CAPITL,61757,74.12,3.38,-0.35,1
7/1/2025 21:00,EDT,CAPITL,61757,62.25,2.51,0,1
7/1/2025 22:00,EDT,CAPITL,61757,53.36,2.05,0,1
7/1/2025 23:00,EDT,CAPITL,61757,50.33,1.61,0,1
7/2/2025 0:00,EDT,CAPITL,61757,48.59,2.23,0,1
7/2/2025 1:00,EDT,CAPITL,61757,43.78,2.04,0,1
7/2/2025 2:00,EDT,CAPITL,61757,38.23,1.82,0,1
7/2/2025 3:00,EDT,CAPITL,61757,35.74,1.64,0,1
7/2/2025 4:00,EDT,CAPITL,61757,35.33,1.65,0,1
7/2/2025 5:00,EDT,CAPITL,61757,37.59,1.79,0,1
7/2/2025 6:00,EDT,CAPITL,61757,41,1.95,0,1
7/2/2025 7:00,EDT,CAPITL,61757,47.39,2.38,0,1
7/2/2025 8:00,EDT,CAPITL,61757,50.35,1.99,0.13,1
7/2/2025 9:00,EDT,CAPITL,61757,50.33,1.85,0.13,1
7/2/2025 10:00,EDT,CAPITL,61757,47.78,1.3,0.06,1
7/2/2025 11:00,EDT,CAPITL,61757,50.69,1.29,0.15,1
7/2/2025 12:00,EDT,CAPITL,61757,52.97,1.45,0.22,1
7/2/2025 13:00,EDT,CAPITL,61757,57.05,1.67,0.35,1
7/2/2025 14:00,EDT,CAPITL,61757,60.39,1.89,0.45,1
7/2/2025 15:00,EDT,CAPITL,61757,63.67,2.4,0.4,1
7/2/2025 16:00,EDT,CAPITL,61757,68.91,2.67,0.52,1
7/2/2025 17:00,EDT,CAPITL,61757,80.88,3.7,-1.57,1
7/2/2025 18:00,EDT,CAPITL,61757,83.1,4.41,0.15,1
7/2/2025 19:00,EDT,CAPITL,61757,80.24,3.9,0.08,1
7/2/2025 20:00,EDT,CAPITL,61757,70.05,3.33,0,1
7/2/2025 21:00,EDT,CAPITL,61757,62.8,2.76,0,1
7/2/2025 22:00,EDT,CAPITL,61757,53.37,2.15,0,1
7/2/2025 23:00,EDT,CAPITL,61757,48.44,1.86,0,1
7/3/2025 0:00,EDT,CAPITL,61757,46.9,1.81,0,1
7/3/2025 1:00,EDT,CAPITL,61757,43.53,1.72,0,1
7/3/2025 2:00,EDT,CAPITL,61757,37.19,1.74,0,1
7/3/2025 3:00,EDT,CAPITL,61757,34.97,1.7,0,1
7/3/2025 4:00,EDT,CAPITL,61757,34.39,1.67,0,1
7/3/2025 5:00,EDT,CAPITL,61757,37.92,1.56,0,1
7/3/2025 6:00,EDT,CAPITL,61757,41.52,1.71,0,1
7/3/2025 7:00,EDT,CAPITL,61757,43.26,1.74,0,1
7/3/2025 8:00,EDT,CAPITL,61757,44.8,1.55,0,1
7/3/2025 9:00,EDT,CAPITL,61757,44.67,1.34,0,1
7/3/2025 10:00,EDT,CAPITL,61757,43.81,1.24,0.29,1
7/3/2025 11:00,EDT,CAPITL,61757,48.9,1.43,0.3,1
7/3/2025 12:00,EDT,CAPITL,61757,52.98,1.65,0.13,1
7/3/2025 13:00,EDT,CAPITL,61757,56.03,1.95,0.3,1
7/3/2025 14:00,EDT,CAPITL,61757,60.65,2.29,0.3,1
7/3/2025 15:00,EDT,CAPITL,61757,64.52,3.15,0.42,1
7/3/2025 16:00,EDT,CAPITL,61757,69.1,3.35,0,1
7/3/2025 17:00,EDT,CAPITL,61757,78.99,4.12,0,1
7/3/2025 18:00,EDT,CAPITL,61757,78.93,3.54,0,1
7/3/2025 19:00,EDT,CAPITL,61757,74.13,3.2,0,1
7/3/2025 20:00,EDT,CAPITL,61757,66.26,3.15,0,1
7/3/2025 21:00,EDT,CAPITL,61757,60.36,2.26,0,1
7/3/2025 22:00,EDT,CAPITL,61757,52.57,1.73,0,1
7/3/2025 23:00,EDT,CAPITL,61757,47.59,1.48,0,1
7/4/2025 0:00,EDT,CAPITL,61757,43.93,1.32,0,1
7/4/2025 1:00,EDT,CAPITL,61757,39.17,1.36,0,1
7/4/2025 2:00,EDT,CAPITL,61757,33.65,1.2,0,1
7/4/2025 3:00,EDT,CAPITL,61757,33.04,1.24,0,1
7/4/2025 4:00,EDT,CAPITL,61757,32.58,1.19,0,1
7/4/2025 5:00,EDT,CAPITL,61757,32.71,1.17,0,1
7/4/2025 6:00,EDT,CAPITL,61757,32.6,0.89,0,1
7/4/2025 7:00,EDT,CAPITL,61757,30.84,0.81,0,1
7/4/2025 8:00,EDT,CAPITL,61757,30.84,0.78,0,1
7/4/2025 9:00,EDT,CAPITL,61757,30.3,0.74,0,1
7/4/2025 10:00,EDT,CAPITL,61757,30.82,0.57,0,1
7/4/2025 11:00,EDT,CAPITL,61757,32.91,0.65,0.02,1
7/4/2025 12:00,EDT,CAPITL,61757,35.92,0.57,0.23,1
7/4/2025 13:00,EDT,CAPITL,61757,39.38,0.63,0.46,1
7/4/2025 14:00,EDT,CAPITL,61757,41.37,0.66,0.55,1
7/4/2025 15:00,EDT,CAPITL,61757,45.46,0.64,0.58,1
7/4/2025 16:00,EDT,CAPITL,61757,51.67,0.72,0.36,1
7/4/2025 17:00,EDT,CAPITL,61757,59.47,1.05,0,1
7/4/2025 18:00,EDT,CAPITL,61757,61.5,1.14,0,1
7/4/2025 19:00,EDT,CAPITL,61757,60,1.29,0,1
7/4/2025 20:00,EDT,CAPITL,61757,56.09,1.42,0,1
7/4/2025 21:00,EDT,CAPITL,61757,50.7,1.38,0,1
7/4/2025 22:00,EDT,CAPITL,61757,45.52,1.32,0,1
7/4/2025 23:00,EDT,CAPITL,61757,40.06,1.02,0.08,1
7/5/2025 0:00,EDT,CAPITL,61757,40.4,1.44,0,1
7/5/2025 1:00,EDT,CAPITL,61757,35.3,1.32,0,1
7/5/2025 2:00,EDT,CAPITL,61757,31.94,1.08,0,1
7/5/2025 3:00,EDT,CAPITL,61757,30.48,1.03,0,1
7/5/2025 4:00,EDT,CAPITL,61757,29.35,1.02,0,1
7/5/2025 5:00,EDT,CAPITL,61757,29.6,1,0,1
7/5/2025 6:00,EDT,CAPITL,61757,28.56,0.97,0,1
7/5/2025 7:00,EDT,CAPITL,61757,28.52,0.86,0,1
7/5/2025 8:00,EDT,CAPITL,61757,28.29,0.77,0,1
7/5/2025 9:00,EDT,CAPITL,61757,32.35,0.57,0,1
7/5/2025 10:00,EDT,CAPITL,61757,34.63,0.52,0.22,1
7/5/2025 11:00,EDT,CAPITL,61757,37.27,0.52,0.3,1
7/5/2025 12:00,EDT,CAPITL,61757,41.33,0.5,0.47,1
7/5/2025 13:00,EDT,CAPITL,61757,44.18,0.53,0.46,1
7/5/2025 14:00,EDT,CAPITL,61757,46.24,0.51,0.64,1
7/5/2025 15:00,EDT,CAPITL,61757,50.07,0.7,0.56,1
7/5/2025 16:00,EDT,CAPITL,61757,58.97,0.93,0.33,1
7/5/2025 17:00,EDT,CAPITL,61757,65.38,1.35,0,1
7/5/2025 18:00,EDT,CAPITL,61757,68.66,2.13,0,1
7/5/2025 19:00,EDT,CAPITL,61757,66.98,2.32,0,1
7/5/2025 20:00,EDT,CAPITL,61757,64.96,2.14,0,1
7/5/2025 21:00,EDT,CAPITL,61757,59.29,2.06,0,1
7/5/2025 22:00,EDT,CAPITL,61757,50.83,1.62,0,1
7/5/2025 23:00,EDT,CAPITL,61757,46.37,1.74,0,1
7/6/2025 0:00,EDT,CAPITL,61757,40.95,1.61,0,1
7/6/2025 1:00,EDT,CAPITL,61757,35.53,1.5,0,1
7/6/2025 2:00,EDT,CAPITL,61757,32.52,1.31,0,1
7/6/2025 3:00,EDT,CAPITL,61757,31.32,1.26,0,1
7/6/2025 4:00,EDT,CAPITL,61757,30.29,1.25,0,1
7/6/2025 5:00,EDT,CAPITL,61757,30.07,1.3,0,1
7/6/2025 6:00,EDT,CAPITL,61757,30.1,1.27,0,1
7/6/2025 7:00,EDT,CAPITL,61757,29.79,1.17,0,1
7/6/2025 8:00,EDT,CAPITL,61757,32.35,1.25,0,1
7/6/2025 9:00,EDT,CAPITL,61757,36.68,1.17,0,1
7/6/2025 10:00,EDT,CAPITL,61757,39.68,1.08,0,1
7/6/2025 11:00,EDT,CAPITL,61757,46.8,1.23,0,1
7/6/2025 12:00,EDT,CAPITL,61757,49.75,1.26,0,1
7/6/2025 13:00,EDT,CAPITL,61757,53.82,1.46,0,1
7/6/2025 14:00,EDT,CAPITL,61757,58.89,1.77,0,1
7/6/2025 15:00,EDT,CAPITL,61757,64.23,2.05,0,1
7/6/2025 16:00,EDT,CAPITL,61757,75.42,2.83,0,1
7/6/2025 17:00,EDT,CAPITL,61757,86.83,4.29,0,1
7/6/2025 18:00,EDT,CAPITL,61757,95.74,5.07,0,1
7/6/2025 19:00,EDT,CAPITL,61757,95.2,5.3,0,1
7/6/2025 20:00,EDT,CAPITL,61757,86.48,4.66,0,1
7/6/2025 21:00,EDT,CAPITL,61757,72.95,3.28,0,1
7/6/2025 22:00,EDT,CAPITL,61757,64.01,2.16,0,1
7/6/2025 23:00,EDT,CAPITL,61757,53,1.79,0,1
7/7/2025 0:00,EDT,CAPITL,61757,49.12,2.12,0,1
7/7/2025 1:00,EDT,CAPITL,61757,44.25,1.95,0,1
7/7/2025 2:00,EDT,CAPITL,61757,39.97,1.76,0,1
7/7/2025 3:00,EDT,CAPITL,61757,37.96,1.67,0,1
7/7/2025 4:00,EDT,CAPITL,61757,38.31,1.75,0,1
7/7/2025 5:00,EDT,CAPITL,61757,40.16,1.88,0,1
7/7/2025 6:00,EDT,CAPITL,61757,45.97,1.85,0,1
7/7/2025 7:00,EDT,CAPITL,61757,47.98,1.93,0,1
7/7/2025 8:00,EDT,CAPITL,61757,52.62,2.22,0,1
7/7/2025 9:00,EDT,CAPITL,61757,55.19,2.02,0,1
7/7/2025 10:00,EDT,CAPITL,61757,61.16,2.24,0,1
7/7/2025 11:00,EDT,CAPITL,61757,66.78,2.38,0,1
7/7/2025 12:00,EDT,CAPITL,61757,68.87,2.46,0,1
7/7/2025 13:00,EDT,CAPITL,61757,75.34,2.69,0,1
7/7/2025 14:00,EDT,CAPITL,61757,85.62,3.84,0,1
7/7/2025 15:00,EDT,CAPITL,61757,106.67,4.94,-8.38,1
7/7/2025 16:00,EDT,CAPITL,61757,123.54,5.89,-10.51,1
7/7/2025 17:00,EDT,CAPITL,61757,209.59,6.15,-97.44,1
7/7/2025 18:00,EDT,CAPITL,61757,224.08,6.35,-110.07,1
7/7/2025 19:00,EDT,CAPITL,61757,222,5.29,-126.96,1
7/7/2025 20:00,EDT,CAPITL,61757,281.47,4.23,-198.87,1
7/7/2025 21:00,EDT,CAPITL,61757,194.75,3.8,-119.24,1
7/7/2025 22:00,EDT,CAPITL,61757,69.17,3.42,0,1
7/7/2025 23:00,EDT,CAPITL,61757,60.9,2.45,0,1
7/8/2025 0:00,EDT,CAPITL,61757,57.73,2.54,0,1
7/8/2025 1:00,EDT,CAPITL,61757,52.07,2.34,0,1
7/8/2025 2:00,EDT,CAPITL,61757,49.42,2.22,0,1
7/8/2025 3:00,EDT,CAPITL,61757,48.75,2.19,0,1
7/8/2025 4:00,EDT,CAPITL,61757,48.72,2.05,0,1
7/8/2025 5:00,EDT,CAPITL,61757,50.78,2.14,0,1
7/8/2025 6:00,EDT,CAPITL,61757,52.84,2.28,0,1
7/8/2025 7:00,EDT,CAPITL,61757,54.91,2.31,0,1
7/8/2025 8:00,EDT,CAPITL,61757,60.11,2.53,0,1
7/8/2025 9:00,EDT,CAPITL,61757,63.81,2.57,0,1
7/8/2025 10:00,EDT,CAPITL,61757,63.99,2.46,0,1
7/8/2025 11:00,EDT,CAPITL,61757,67.29,2.77,0,1
7/8/2025 12:00,EDT,CAPITL,61757,70.96,2.86,0,1
7/8/2025 13:00,EDT,CAPITL,61757,83.11,3.42,0,1
7/8/2025 14:00,EDT,CAPITL,61757,91.41,4.4,-2.26,1
7/8/2025 15:00,EDT,CAPITL,61757,127.77,4.84,-29.81,1
7/8/2025 16:00,EDT,CAPITL,61757,139.58,4.99,-40.47,1
7/8/2025 17:00,EDT,CAPITL,61757,179.28,5.34,-76.78,1
7/8/2025 18:00,EDT,CAPITL,61757,199.97,6.6,-81.41,1
7/8/2025 19:00,EDT,CAPITL,61757,169.15,5.46,-71.1,1
7/8/2025 20:00,EDT,CAPITL,61757,130,4.86,-41.34,1
7/8/2025 21:00,EDT,CAPITL,61757,79.75,3.8,0,1
7/8/2025 22:00,EDT,CAPITL,61757,67.4,3.15,0,1
7/8/2025 23:00,EDT,CAPITL,61757,58.74,2.42,0,1
7/9/2025 0:00,EDT,CAPITL,61757,53.67,2.41,0,1
7/9/2025 1:00,EDT,CAPITL,61757,48.51,2.13,0,1
7/9/2025 2:00,EDT,CAPITL,61757,46.26,2.04,0,1
7/9/2025 3:00,EDT,CAPITL,61757,44.59,1.96,0,1
7/9/2025 4:00,EDT,CAPITL,61757,45.19,2.03,0,1
7/9/2025 5:00,EDT,CAPITL,61757,48.27,2.21,0,1
7/9/2025 6:00,EDT,CAPITL,61757,51.06,2.25,0,1
7/9/2025 7:00,EDT,CAPITL,61757,52.41,2.11,0,1
7/9/2025 8:00,EDT,CAPITL,61757,54.44,2.1,0,1
7/9/2025 9:00,EDT,CAPITL,61757,55.1,1.91,0,1
7/9/2025 10:00,EDT,CAPITL,61757,53.37,1.7,0,1
7/9/2025 11:00,EDT,CAPITL,61757,57.83,1.8,0.1,1
7/9/2025 12:00,EDT,CAPITL,61757,58.22,1.64,0,1
7/9/2025 13:00,EDT,CAPITL,61757,61.65,1.52,0.68,1
7/9/2025 14:00,EDT,CAPITL,61757,62.95,1.62,1.14,1
7/9/2025 15:00,EDT,CAPITL,61757,66.34,2.32,0.64,1
7/9/2025 16:00,EDT,CAPITL,61757,73.56,2.66,0.81,1
7/9/2025 17:00,EDT,CAPITL,61757,88.6,3.82,0,1
7/9/2025 18:00,EDT,CAPITL,61757,84.51,4.1,0,1
7/9/2025 19:00,EDT,CAPITL,61757,82.94,3.34,0,1
7/9/2025 20:00,EDT,CAPITL,61757,75.17,3.16,0,1
7/9/2025 21:00,EDT,CAPITL,61757,66.27,2.73,0,1
7/9/2025 22:00,EDT,CAPITL,61757,58.09,2.02,0,1
7/9/2025 23:00,EDT,CAPITL,61757,53.41,1.95,0,1
7/10/2025 0:00,EDT,CAPITL,61757,49.54,2.09,0,1
7/10/2025 1:00,EDT,CAPITL,61757,47.01,2.03,0,1
7/10/2025 2:00,EDT,CAPITL,61757,41.73,1.61,0,1
7/10/2025 3:00,EDT,CAPITL,61757,39.77,1.53,0,1
7/10/2025 4:00,EDT,CAPITL,61757,39.79,1.53,0,1
7/10/2025 5:00,EDT,CAPITL,61757,41.02,1.62,0,1
7/10/2025 6:00,EDT,CAPITL,61757,45.33,1.91,0,1
7/10/2025 7:00,EDT,CAPITL,61757,48.89,1.7,0,1
7/10/2025 8:00,EDT,CAPITL,61757,52.07,1.81,0,1
7/10/2025 9:00,EDT,CAPITL,61757,55.23,1.87,0,1
7/10/2025 10:00,EDT,CAPITL,61757,56.16,1.69,0,1
7/10/2025 11:00,EDT,CAPITL,61757,56.6,1.6,0.14,1
7/10/2025 12:00,EDT,CAPITL,61757,58.72,1.55,0.3,1
7/10/2025 13:00,EDT,CAPITL,61757,60.41,1.5,1.05,1
7/10/2025 14:00,EDT,CAPITL,61757,62.57,1.49,1.31,1
7/10/2025 15:00,EDT,CAPITL,61757,65.63,2.02,1.55,1
7/10/2025 16:00,EDT,CAPITL,61757,70.71,2.04,1.8,1
7/10/2025 17:00,EDT,CAPITL,61757,79.99,2.7,2,1
7/10/2025 18:00,EDT,CAPITL,61757,75.76,2.48,1.99,1
7/10/2025 19:00,EDT,CAPITL,61757,71.63,2.44,0.45,1
7/10/2025 20:00,EDT,CAPITL,61757,66.63,2.31,0,1
7/10/2025 21:00,EDT,CAPITL,61757,63.78,2.28,0,1
7/10/2025 22:00,EDT,CAPITL,61757,54.68,2.15,0,1
7/10/2025 23:00,EDT,CAPITL,61757,48.13,1.67,0,1
7/11/2025 0:00,EDT,CAPITL,61757,46.32,1.52,0,1
7/11/2025 1:00,EDT,CAPITL,61757,43.79,1.32,0,1
7/11/2025 2:00,EDT,CAPITL,61757,40.04,1.28,0,1
7/11/2025 3:00,EDT,CAPITL,61757,40.77,1.26,0,1
7/11/2025 4:00,EDT,CAPITL,61757,40.99,1.27,0,1
7/11/2025 5:00,EDT,CAPITL,61757,42.1,1.34,0,1
7/11/2025 6:00,EDT,CAPITL,61757,43.87,1.28,0.24,1
7/11/2025 7:00,EDT,CAPITL,61757,47.1,1.11,0.34,1
7/11/2025 8:00,EDT,CAPITL,61757,49.98,1.18,0.43,1
7/11/2025 9:00,EDT,CAPITL,61757,50.31,0.94,0.44,1
7/11/2025 10:00,EDT,CAPITL,61757,51.31,0.72,0.65,1
7/11/2025 11:00,EDT,CAPITL,61757,54.78,0.83,1.09,1
7/11/2025 12:00,EDT,CAPITL,61757,59.01,0.84,1.53,1
7/11/2025 13:00,EDT,CAPITL,61757,65.34,1.05,1.65,1
7/11/2025 14:00,EDT,CAPITL,61757,67.66,1.43,1.87,1
7/11/2025 15:00,EDT,CAPITL,61757,76.88,2,1.98,1
7/11/2025 16:00,EDT,CAPITL,61757,81.98,2.19,1.42,1
7/11/2025 17:00,EDT,CAPITL,61757,91.64,3.54,0.3,1
7/11/2025 18:00,EDT,CAPITL,61757,86.94,3.43,0.14,1
7/11/2025 19:00,EDT,CAPITL,61757,84.42,3.09,0.06,1
7/11/2025 20:00,EDT,CAPITL,61757,75.16,2.89,0,1
7/11/2025 21:00,EDT,CAPITL,61757,68.53,2.45,0,1
7/11/2025 22:00,EDT,CAPITL,61757,61.54,1.96,0,1
7/11/2025 23:00,EDT,CAPITL,61757,54.78,1.49,0,1
7/12/2025 0:00,EDT,CAPITL,61757,50,1.79,0,1
7/12/2025 1:00,EDT,CAPITL,61757,44.09,1.82,0,1
7/12/2025 2:00,EDT,CAPITL,61757,40.23,1.69,0,1
7/12/2025 3:00,EDT,CAPITL,61757,39.61,1.67,0,1
7/12/2025 4:00,EDT,CAPITL,61757,37.44,1.58,0,1
7/12/2025 5:00,EDT,CAPITL,61757,38.59,1.66,0,1
7/12/2025 6:00,EDT,CAPITL,61757,39.32,1.66,0,1
7/12/2025 7:00,EDT,CAPITL,61757,38.41,1.37,0,1
7/12/2025 8:00,EDT,CAPITL,61757,43,1.46,0.08,1
7/12/2025 9:00,EDT,CAPITL,61757,46.73,1.54,0.18,1
7/12/2025 10:00,EDT,CAPITL,61757,49.86,1.36,0.27,1
7/12/2025 11:00,EDT,CAPITL,61757,53.54,1.26,0.37,1
7/12/2025 12:00,EDT,CAPITL,61757,56.53,1.28,0.45,1
7/12/2025 13:00,EDT,CAPITL,61757,61.92,1.53,0.6,1
7/12/2025 14:00,EDT,CAPITL,61757,66.78,1.84,0.73,1
7/12/2025 15:00,EDT,CAPITL,61757,73.86,2.32,0.92,1
7/12/2025 16:00,EDT,CAPITL,61757,82.57,2.63,0,1
7/12/2025 17:00,EDT,CAPITL,61757,88.42,3.82,0.13,1
7/12/2025 18:00,EDT,CAPITL,61757,85.46,3.69,0.05,1
7/12/2025 19:00,EDT,CAPITL,61757,84.69,3.49,0.02,1
7/12/2025 20:00,EDT,CAPITL,61757,75.52,3.04,0,1
7/12/2025 21:00,EDT,CAPITL,61757,68.24,2.44,0,1
7/12/2025 22:00,EDT,CAPITL,61757,57.72,2.11,0,1
7/12/2025 23:00,EDT,CAPITL,61757,52.26,1.81,0,1
7/13/2025 0:00,EDT,CAPITL,61757,48.48,2.04,0,1
7/13/2025 1:00,EDT,CAPITL,61757,43.68,1.76,0,1
7/13/2025 2:00,EDT,CAPITL,61757,38.85,1.6,0,1
7/13/2025 3:00,EDT,CAPITL,61757,38.96,1.71,0,1
7/13/2025 4:00,EDT,CAPITL,61757,38.04,1.67,0,1
7/13/2025 5:00,EDT,CAPITL,61757,37.94,1.67,0,1
7/13/2025 6:00,EDT,CAPITL,61757,37.92,1.63,0,1
7/13/2025 7:00,EDT,CAPITL,61757,40.01,1.58,0,1
7/13/2025 8:00,EDT,CAPITL,61757,41.71,1.57,0.05,1
7/13/2025 9:00,EDT,CAPITL,61757,46.11,1.14,0.41,1
7/13/2025 10:00,EDT,CAPITL,61757,48.28,1.01,0.8,1
7/13/2025 11:00,EDT,CAPITL,61757,51.08,0.97,1.28,1
7/13/2025 12:00,EDT,CAPITL,61757,52.84,0.9,1.27,1
7/13/2025 13:00,EDT,CAPITL,61757,55.23,1.1,0.99,1
7/13/2025 14:00,EDT,CAPITL,61757,61.73,1.28,0.6,1
7/13/2025 15:00,EDT,CAPITL,61757,68.87,2.22,0.79,1
7/13/2025 16:00,EDT,CAPITL,61757,78.32,2.75,1.05,1
7/13/2025 17:00,EDT,CAPITL,61757,85.92,3.78,0,1
7/13/2025 18:00,EDT,CAPITL,61757,90.15,4.62,0,1
7/13/2025 19:00,EDT,CAPITL,61757,85.36,4.14,0,1
7/13/2025 20:00,EDT,CAPITL,61757,79.61,3.72,0,1
7/13/2025 21:00,EDT,CAPITL,61757,69.39,2.92,0,1
7/13/2025 22:00,EDT,CAPITL,61757,61.81,2.26,0,1
7/13/2025 23:00,EDT,CAPITL,61757,55.91,2.1,0,1
7/14/2025 0:00,EDT,CAPITL,61757,49.01,1.66,0.2,1
7/14/2025 1:00,EDT,CAPITL,61757,45.27,1.49,0.1,1
7/14/2025 2:00,EDT,CAPITL,61757,40.73,1.41,0,1
7/14/2025 3:00,EDT,CAPITL,61757,39.49,1.33,0,1
7/14/2025 4:00,EDT,CAPITL,61757,39.96,1.39,0,1
7/14/2025 5:00,EDT,CAPITL,61757,41.68,1.49,0,1
7/14/2025 6:00,EDT,CAPITL,61757,43.08,1.5,0.04,1
7/14/2025 7:00,EDT,CAPITL,61757,49.87,1.41,0.23,1
7/14/2025 8:00,EDT,CAPITL,61757,54.62,1.45,0.36,1
7/14/2025 9:00,EDT,CAPITL,61757,55.94,1.43,0.4,1
7/14/2025 10:00,EDT,CAPITL,61757,57.99,1.26,0.41,1
7/14/2025 11:00,EDT,CAPITL,61757,61.57,1.22,0.51,1
7/14/2025 12:00,EDT,CAPITL,61757,66.93,1.26,0.67,1
7/14/2025 13:00,EDT,CAPITL,61757,76,1.65,0.92,1
7/14/2025 14:00,EDT,CAPITL,61757,82.49,2.2,1.11,1
7/14/2025 15:00,EDT,CAPITL,61757,82.02,2.03,1.1,1
7/14/2025 16:00,EDT,CAPITL,61757,94.53,2.43,1.45,1
7/14/2025 17:00,EDT,CAPITL,61757,107.52,3.08,1.81,1
7/14/2025 18:00,EDT,CAPITL,61757,103.5,3.94,1.67,1
7/14/2025 19:00,EDT,CAPITL,61757,95.18,3.75,0.12,1
7/14/2025 20:00,EDT,CAPITL,61757,86.03,3.79,0,1
7/14/2025 21:00,EDT,CAPITL,61757,77.15,2.71,0.93,1
7/14/2025 22:00,EDT,CAPITL,61757,65.29,1.92,0.6,1
7/14/2025 23:00,EDT,CAPITL,61757,58.18,1.76,0.41,1
7/15/2025 0:00,EDT,CAPITL,61757,52.45,2.21,0,1
7/15/2025 1:00,EDT,CAPITL,61757,48.8,1.97,0,1
7/15/2025 2:00,EDT,CAPITL,61757,47.74,1.92,0,1
7/15/2025 3:00,EDT,CAPITL,61757,44.06,1.78,0,1
7/15/2025 4:00,EDT,CAPITL,61757,44.44,1.67,0,1
7/15/2025 5:00,EDT,CAPITL,61757,47.79,1.79,0,1
7/15/2025 6:00,EDT,CAPITL,61757,50.66,1.67,0,1
7/15/2025 7:00,EDT,CAPITL,61757,53.49,1.76,0,1
7/15/2025 8:00,EDT,CAPITL,61757,55.77,1.69,0.43,1
7/15/2025 9:00,EDT,CAPITL,61757,58.35,1.55,0.52,1
7/15/2025 10:00,EDT,CAPITL,61757,59.19,1.39,0.39,1
7/15/2025 11:00,EDT,CAPITL,61757,67.28,1.59,0.64,1
7/15/2025 12:00,EDT,CAPITL,61757,73,2.22,0.81,1
7/15/2025 13:00,EDT,CAPITL,61757,83.7,2.71,1.14,1
7/15/2025 14:00,EDT,CAPITL,61757,93.57,3.48,1.45,1
7/15/2025 15:00,EDT,CAPITL,61757,104.55,4.31,0.16,1
7/15/2025 16:00,EDT,CAPITL,61757,132.88,5.01,0.79,1
7/15/2025 17:00,EDT,CAPITL,61757,165.65,7.04,1.52,1
7/15/2025 18:00,EDT,CAPITL,61757,188.5,8.73,2,1
7/15/2025 19:00,EDT,CAPITL,61757,161.33,7.6,1.39,1
7/15/2025 20:00,EDT,CAPITL,61757,119.25,6.24,0.45,1
7/15/2025 21:00,EDT,CAPITL,61757,94.29,4.91,0,1
7/15/2025 22:00,EDT,CAPITL,61757,74.76,3.22,0,1
7/15/2025 23:00,EDT,CAPITL,61757,64.51,2.24,0,1
7/16/2025 0:00,EDT,CAPITL,61757,81.26,3.51,-3.11,1
7/16/2025 1:00,EDT,CAPITL,61757,69.95,2.94,-1.75,1
7/16/2025 2:00,EDT,CAPITL,61757,64.17,2.73,-0.83,1
7/16/2025 3:00,EDT,CAPITL,61757,58.01,2.8,-0.27,1
7/16/2025 4:00,EDT,CAPITL,61757,56.57,2.64,0,1
7/16/2025 5:00,EDT,CAPITL,61757,61.04,2.35,0,1
7/16/2025 6:00,EDT,CAPITL,61757,64.36,2.18,0,1
7/16/2025 7:00,EDT,CAPITL,61757,67.23,2.27,0,1
7/16/2025 8:00,EDT,CAPITL,61757,69.8,2.55,0,1
7/16/2025 9:00,EDT,CAPITL,61757,79.85,2.85,0,1
7/16/2025 10:00,EDT,CAPITL,61757,79.14,2.52,0,1
7/16/2025 11:00,EDT,CAPITL,61757,93.18,3.56,-0.59,1
7/16/2025 12:00,EDT,CAPITL,61757,100.76,3.24,0.83,1
7/16/2025 13:00,EDT,CAPITL,61757,119.62,3.71,0,1
7/16/2025 14:00,EDT,CAPITL,61757,135.78,4.47,0,1
7/16/2025 15:00,EDT,CAPITL,61757,164.55,5.85,-0.7,1
7/16/2025 16:00,EDT,CAPITL,61757,206.31,7.87,-1.8,1
7/16/2025 17:00,EDT,CAPITL,61757,264.74,11.5,-13.63,1
7/16/2025 18:00,EDT,CAPITL,61757,265.99,12.28,-17.41,1
7/16/2025 19:00,EDT,CAPITL,61757,219.85,9.8,-13.87,1
7/16/2025 20:00,EDT,CAPITL,61757,182.76,8.25,-9.39,1
7/16/2025 21:00,EDT,CAPITL,61757,143.56,6.61,-12.22,1
7/16/2025 22:00,EDT,CAPITL,61757,125.45,4.6,-38.72,1
7/16/2025 23:00,EDT,CAPITL,61757,79.46,3.65,-2.68,1
7/17/2025 0:00,EDT,CAPITL,61757,130.75,3.59,-58.12,1
7/17/2025 1:00,EDT,CAPITL,61757,97.93,3.55,-27.26,1
7/17/2025 2:00,EDT,CAPITL,61757,70.11,3.27,0,1
7/17/2025 3:00,EDT,CAPITL,61757,69.7,3.07,0,1
7/17/2025 4:00,EDT,CAPITL,61757,68.56,3.08,0,1
7/17/2025 5:00,EDT,CAPITL,61757,70.25,3.34,0,1
7/17/2025 6:00,EDT,CAPITL,61757,70.18,3.28,0,1
7/17/2025 7:00,EDT,CAPITL,61757,71.86,3.28,-1.68,1
7/17/2025 8:00,EDT,CAPITL,61757,78.4,3.49,-7.74,1
7/17/2025 9:00,EDT,CAPITL,61757,82.37,3.71,-7.22,1
7/17/2025 10:00,EDT,CAPITL,61757,88.39,4.16,-0.94,1
7/17/2025 11:00,EDT,CAPITL,61757,104.97,4.96,-2.65,1
7/17/2025 12:00,EDT,CAPITL,61757,118.84,5.64,-2.63,1
7/17/2025 13:00,EDT,CAPITL,61757,130.47,6.18,-5.35,1
7/17/2025 14:00,EDT,CAPITL,61757,139.47,6.38,-10.29,1
7/17/2025 15:00,EDT,CAPITL,61757,168.28,7.56,-23.2,1
7/17/2025 16:00,EDT,CAPITL,61757,210.91,9.74,-24.03,1
7/17/2025 17:00,EDT,CAPITL,61757,350,11.98,-131.4,1
7/17/2025 18:00,EDT,CAPITL,61757,366.02,11.18,-165.22,1
7/17/2025 19:00,EDT,CAPITL,61757,359.58,8.29,-208.33,1
7/17/2025 20:00,EDT,CAPITL,61757,317.98,7,-199.89,1
7/17/2025 21:00,EDT,CAPITL,61757,218.91,5.24,-130.59,1
7/17/2025 22:00,EDT,CAPITL,61757,171.44,4.75,-84.81,1
7/17/2025 23:00,EDT,CAPITL,61757,119.96,3.7,-48.87,1
7/18/2025 0:00,EDT,CAPITL,61757,90,3.32,-25.23,1
7/18/2025 1:00,EDT,CAPITL,61757,91.17,2.74,-37.74,1
7/18/2025 2:00,EDT,CAPITL,61757,84.03,2.6,-33.25,1
7/18/2025 3:00,EDT,CAPITL,61757,76.58,2.65,-24.75,1
7/18/2025 4:00,EDT,CAPITL,61757,64.87,2.95,-6.18,1
7/18/2025 5:00,EDT,CAPITL,61757,67.32,2.93,-8.97,1
7/18/2025 6:00,EDT,CAPITL,61757,69.61,2.92,-10.58,1
7/18/2025 7:00,EDT,CAPITL,61757,61.94,2.67,0,1
7/18/2025 8:00,EDT,CAPITL,61757,63.83,2.52,0,1
7/18/2025 9:00,EDT,CAPITL,61757,63.35,2.26,0,1
7/18/2025 10:00,EDT,CAPITL,61757,58.38,1.65,0,1
7/18/2025 11:00,EDT,CAPITL,61757,57.65,1.52,0,1
7/18/2025 12:00,EDT,CAPITL,61757,60.29,1.47,0,1
7/18/2025 13:00,EDT,CAPITL,61757,64.37,1.57,0,1
7/18/2025 14:00,EDT,CAPITL,61757,66.21,1.62,0.37,1
7/18/2025 15:00,EDT,CAPITL,61757,71.06,2.02,0.49,1
7/18/2025 16:00,EDT,CAPITL,61757,78.67,2.16,0.68,1
7/18/2025 17:00,EDT,CAPITL,61757,89.34,2.94,0,1
7/18/2025 18:00,EDT,CAPITL,61757,83.89,2.99,0,1
7/18/2025 19:00,EDT,CAPITL,61757,79.65,2.62,0,1
7/18/2025 20:00,EDT,CAPITL,61757,76.6,2.8,0,1
7/18/2025 21:00,EDT,CAPITL,61757,65.32,2.39,0,1
7/18/2025 22:00,EDT,CAPITL,61757,59.53,2.07,0,1
7/18/2025 23:00,EDT,CAPITL,61757,56.2,1.9,0,1
7/19/2025 0:00,EDT,CAPITL,61757,49.86,1.96,0,1
7/19/2025 1:00,EDT,CAPITL,61757,41.71,1.49,0,1
7/19/2025 2:00,EDT,CAPITL,61757,38.8,1.42,0,1
7/19/2025 3:00,EDT,CAPITL,61757,37,1.42,0,1
7/19/2025 4:00,EDT,CAPITL,61757,37.08,1.46,0,1
7/19/2025 5:00,EDT,CAPITL,61757,35.96,1.42,0,1
7/19/2025 6:00,EDT,CAPITL,61757,36.58,1.41,0,1
7/19/2025 7:00,EDT,CAPITL,61757,36.66,1.31,0,1
7/19/2025 8:00,EDT,CAPITL,61757,37.65,1.02,0,1
7/19/2025 9:00,EDT,CAPITL,61757,38.95,0.99,0,1
7/19/2025 10:00,EDT,CAPITL,61757,38.44,0.83,0.38,1
7/19/2025 11:00,EDT,CAPITL,61757,41.98,0.92,0.66,1
7/19/2025 12:00,EDT,CAPITL,61757,43.63,1,0.78,1
7/19/2025 13:00,EDT,CAPITL,61757,47.83,0.86,0.5,1
7/19/2025 14:00,EDT,CAPITL,61757,51.09,1.06,0.41,1
7/19/2025 15:00,EDT,CAPITL,61757,54.21,1.33,0.45,1
7/19/2025 16:00,EDT,CAPITL,61757,60.89,1.31,0,1
7/19/2025 17:00,EDT,CAPITL,61757,75.07,2.04,0,1
7/19/2025 18:00,EDT,CAPITL,61757,78.58,2.59,0,1
7/19/2025 19:00,EDT,CAPITL,61757,79.24,2.9,0,1
7/19/2025 20:00,EDT,CAPITL,61757,70.69,2.52,0,1
7/19/2025 21:00,EDT,CAPITL,61757,61.51,2.08,0,1
7/19/2025 22:00,EDT,CAPITL,61757,56.63,1.97,0,1
7/19/2025 23:00,EDT,CAPITL,61757,52.57,1.92,0,1
7/20/2025 0:00,EDT,CAPITL,61757,50.33,2.12,0,1
7/20/2025 1:00,EDT,CAPITL,61757,44.12,1.86,0,1
7/20/2025 2:00,EDT,CAPITL,61757,39.49,1.7,0,1
7/20/2025 3:00,EDT,CAPITL,61757,36.97,1.63,0,1
7/20/2025 4:00,EDT,CAPITL,61757,36.9,1.62,0,1
7/20/2025 5:00,EDT,CAPITL,61757,36.83,1.59,0,1
7/20/2025 6:00,EDT,CAPITL,61757,37.56,1.58,0,1
7/20/2025 7:00,EDT,CAPITL,61757,38.1,1.6,0,1
7/20/2025 8:00,EDT,CAPITL,61757,41.82,1.8,0,1
7/20/2025 9:00,EDT,CAPITL,61757,46.15,1.94,0,1
7/20/2025 10:00,EDT,CAPITL,61757,47.87,1.84,0,1
7/20/2025 11:00,EDT,CAPITL,61757,49.66,1.96,0,1
7/20/2025 12:00,EDT,CAPITL,61757,52.83,2.08,0,1
7/20/2025 13:00,EDT,CAPITL,61757,56.08,2.31,0,1
7/20/2025 14:00,EDT,CAPITL,61757,57.21,2.41,0,1
7/20/2025 15:00,EDT,CAPITL,61757,59.97,2.52,0,1
7/20/2025 16:00,EDT,CAPITL,61757,68.34,2.95,0,1
7/20/2025 17:00,EDT,CAPITL,61757,81.47,3.8,0,1
7/20/2025 18:00,EDT,CAPITL,61757,91.04,4.42,0,1
7/20/2025 19:00,EDT,CAPITL,61757,85,3.97,0,1
7/20/2025 20:00,EDT,CAPITL,61757,81.53,3.88,0,1
7/20/2025 21:00,EDT,CAPITL,61757,70.94,2.79,0,1
7/20/2025 22:00,EDT,CAPITL,61757,57.25,2.41,0,1
7/20/2025 23:00,EDT,CAPITL,61757,51.97,2.29,0,1
7/21/2025 0:00,EDT,CAPITL,61757,47.2,2.03,0,1
7/21/2025 1:00,EDT,CAPITL,61757,41.44,1.74,0,1
7/21/2025 2:00,EDT,CAPITL,61757,37.72,1.66,0,1
7/21/2025 3:00,EDT,CAPITL,61757,35.2,1.45,0,1
7/21/2025 4:00,EDT,CAPITL,61757,35.35,1.49,0,1
7/21/2025 5:00,EDT,CAPITL,61757,36.54,1.54,0,1
7/21/2025 6:00,EDT,CAPITL,61757,39.3,1.51,0,1
7/21/2025 7:00,EDT,CAPITL,61757,41.28,1.55,0,1
7/21/2025 8:00,EDT,CAPITL,61757,41.34,1.4,0,1
7/21/2025 9:00,EDT,CAPITL,61757,38.78,1.09,0,1
7/21/2025 10:00,EDT,CAPITL,61757,37.95,1,0.19,1
7/21/2025 11:00,EDT,CAPITL,61757,41.32,1.05,0.07,1
7/21/2025 12:00,EDT,CAPITL,61757,41.38,1.05,0.29,1
7/21/2025 13:00,EDT,CAPITL,61757,43.66,1.07,0.27,1
7/21/2025 14:00,EDT,CAPITL,61757,44.57,1.26,0.29,1
7/21/2025 15:00,EDT,CAPITL,61757,49.11,1.48,0.14,1
7/21/2025 16:00,EDT,CAPITL,61757,55.1,1.55,0,1
7/21/2025 17:00,EDT,CAPITL,61757,64.85,2.07,0,1
7/21/2025 18:00,EDT,CAPITL,61757,74.17,2.16,0,1
7/21/2025 19:00,EDT,CAPITL,61757,69.9,2.56,0,1
7/21/2025 20:00,EDT,CAPITL,61757,59.55,2.29,0,1
7/21/2025 21:00,EDT,CAPITL,61757,54.23,2.14,0,1
7/21/2025 22:00,EDT,CAPITL,61757,49.79,1.82,0,1
7/21/2025 23:00,EDT,CAPITL,61757,44.82,1.51,0,1
7/22/2025 0:00,EDT,CAPITL,61757,40.01,1.35,0,1
7/22/2025 1:00,EDT,CAPITL,61757,37.29,1.23,0,1
7/22/2025 2:00,EDT,CAPITL,61757,36.22,1.26,0,1
7/22/2025 3:00,EDT,CAPITL,61757,33.43,1.19,0,1
7/22/2025 4:00,EDT,CAPITL,61757,32.34,1.12,0,1
7/22/2025 5:00,EDT,CAPITL,61757,35.27,1.26,0,1
7/22/2025 6:00,EDT,CAPITL,61757,39.21,1.14,0,1
7/22/2025 7:00,EDT,CAPITL,61757,37.89,0.89,0,1
7/22/2025 8:00,EDT,CAPITL,61757,36.6,0.57,0,1
7/22/2025 9:00,EDT,CAPITL,61757,34.52,0.48,0,1
7/22/2025 10:00,EDT,CAPITL,61757,34.39,0.34,0,1
7/22/2025 11:00,EDT,CAPITL,61757,36.39,0.33,0.26,1
7/22/2025 12:00,EDT,CAPITL,61757,37.37,0.26,0.27,1
7/22/2025 13:00,EDT,CAPITL,61757,38.84,0.27,0.32,1
7/22/2025 14:00,EDT,CAPITL,61757,42.12,0.3,0.72,1
7/22/2025 15:00,EDT,CAPITL,61757,44.03,0.44,0.58,1
7/22/2025 16:00,EDT,CAPITL,61757,48.44,0.43,0.06,1
7/22/2025 17:00,EDT,CAPITL,61757,58.09,0.75,0.29,1
7/22/2025 18:00,EDT,CAPITL,61757,64.89,1.09,0.45,1
7/22/2025 19:00,EDT,CAPITL,61757,67.54,1.45,0,1
7/22/2025 20:00,EDT,CAPITL,61757,64.88,1.64,0,1
7/22/2025 21:00,EDT,CAPITL,61757,54.86,1.34,0,1
7/22/2025 22:00,EDT,CAPITL,61757,49.54,1.4,0,1
7/22/2025 23:00,EDT,CAPITL,61757,41.94,1.26,0,1
7/23/2025 0:00,EDT,CAPITL,61757,40.16,1.43,0,1
7/23/2025 1:00,EDT,CAPITL,61757,36.28,1.4,0,1
7/23/2025 2:00,EDT,CAPITL,61757,34.15,1.38,0,1
7/23/2025 3:00,EDT,CAPITL,61757,31.24,1.26,0,1
7/23/2025 4:00,EDT,CAPITL,61757,31.16,1.31,0,1
7/23/2025 5:00,EDT,CAPITL,61757,35.03,1.28,0,1
7/23/2025 6:00,EDT,CAPITL,61757,39.85,1.31,0,1
7/23/2025 7:00,EDT,CAPITL,61757,40.88,1.27,0,1
7/23/2025 8:00,EDT,CAPITL,61757,39.51,1,0,1
7/23/2025 9:00,EDT,CAPITL,61757,39.06,0.88,0,1
7/23/2025 10:00,EDT,CAPITL,61757,41.66,0.74,0,1
7/23/2025 11:00,EDT,CAPITL,61757,44.29,0.57,0.03,1
7/23/2025 12:00,EDT,CAPITL,61757,45.81,0.41,0.07,1
7/23/2025 13:00,EDT,CAPITL,61757,49.46,0.54,0.16,1
7/23/2025 14:00,EDT,CAPITL,61757,52.56,0.73,0.24,1
7/23/2025 15:00,EDT,CAPITL,61757,54.96,0.92,0.3,1
7/23/2025 16:00,EDT,CAPITL,61757,61.79,1.22,0.47,1
7/23/2025 17:00,EDT,CAPITL,61757,77.1,1.66,0,1
7/23/2025 18:00,EDT,CAPITL,61757,79.82,2.63,0,1
7/23/2025 19:00,EDT,CAPITL,61757,79.41,2.46,0,1
7/23/2025 20:00,EDT,CAPITL,61757,75.27,2.19,0,1
7/23/2025 21:00,EDT,CAPITL,61757,63.28,2.14,0,1
7/23/2025 22:00,EDT,CAPITL,61757,53.02,1.6,0,1
7/23/2025 23:00,EDT,CAPITL,61757,47.59,1.25,0,1
7/24/2025 0:00,EDT,CAPITL,61757,43.99,1.28,0,1
7/24/2025 1:00,EDT,CAPITL,61757,38.48,1.16,0,1
7/24/2025 2:00,EDT,CAPITL,61757,35.2,1.22,0,1
7/24/2025 3:00,EDT,CAPITL,61757,31.4,1.18,0,1
7/24/2025 4:00,EDT,CAPITL,61757,32.56,1.19,0,1
7/24/2025 5:00,EDT,CAPITL,61757,35.61,1.34,0,1
7/24/2025 6:00,EDT,CAPITL,61757,36.16,1.52,0,1
7/24/2025 7:00,EDT,CAPITL,61757,39.31,1.65,0,1
7/24/2025 8:00,EDT,CAPITL,61757,42.66,1.64,0,1
7/24/2025 9:00,EDT,CAPITL,61757,44.47,1.59,0.02,1
7/24/2025 10:00,EDT,CAPITL,61757,48.22,1.59,0,1
7/24/2025 11:00,EDT,CAPITL,61757,52.84,1.79,0,1
7/24/2025 12:00,EDT,CAPITL,61757,57.77,2.06,0,1
7/24/2025 13:00,EDT,CAPITL,61757,66.25,2.3,0,1
7/24/2025 14:00,EDT,CAPITL,61757,80.78,2.89,0.29,1
7/24/2025 15:00,EDT,CAPITL,61757,89.05,3.36,0.53,1
7/24/2025 16:00,EDT,CAPITL,61757,112.08,5.42,-2.28,1
7/24/2025 17:00,EDT,CAPITL,61757,142.85,7.57,-0.1,1
7/24/2025 18:00,EDT,CAPITL,61757,161.98,9.26,-0.99,1
7/24/2025 19:00,EDT,CAPITL,61757,157.13,7.47,-25.2,1
7/24/2025 20:00,EDT,CAPITL,61757,144,5.54,-41.27,1
7/24/2025 21:00,EDT,CAPITL,61757,87.55,4.17,0,1
7/24/2025 22:00,EDT,CAPITL,61757,70.22,2.83,0,1
7/24/2025 23:00,EDT,CAPITL,61757,60.3,2.21,0,1
7/25/2025 0:00,EDT,CAPITL,61757,61.7,2.38,0,1
7/25/2025 1:00,EDT,CAPITL,61757,55.03,2.22,0,1
7/25/2025 2:00,EDT,CAPITL,61757,51.35,2.07,0,1
7/25/2025 3:00,EDT,CAPITL,61757,50.95,2.05,0,1
7/25/2025 4:00,EDT,CAPITL,61757,51.61,2.08,0,1
7/25/2025 5:00,EDT,CAPITL,61757,51.24,2.39,0,1
7/25/2025 6:00,EDT,CAPITL,61757,50.87,2.42,0,1
7/25/2025 7:00,EDT,CAPITL,61757,51.92,2.47,0,1
7/25/2025 8:00,EDT,CAPITL,61757,56.6,2.54,0,1
7/25/2025 9:00,EDT,CAPITL,61757,62.79,2.87,-0.12,1
7/25/2025 10:00,EDT,CAPITL,61757,68.64,3.14,0,1
7/25/2025 11:00,EDT,CAPITL,61757,86.67,3.89,0,1
7/25/2025 12:00,EDT,CAPITL,61757,100.03,4.89,-2.79,1
7/25/2025 13:00,EDT,CAPITL,61757,124.54,5.14,-24.14,1
7/25/2025 14:00,EDT,CAPITL,61757,137.41,5.58,-30.27,1
7/25/2025 15:00,EDT,CAPITL,61757,206.1,5.68,-98.88,1
7/25/2025 16:00,EDT,CAPITL,61757,171.2,6.33,-51.71,1
7/25/2025 17:00,EDT,CAPITL,61757,176,7.59,-35.25,1
7/25/2025 18:00,EDT,CAPITL,61757,310.27,8.46,-155.94,1
7/25/2025 19:00,EDT,CAPITL,61757,293.66,8.47,-141.53,1
7/25/2025 20:00,EDT,CAPITL,61757,209.46,6.77,-87.97,1
7/25/2025 21:00,EDT,CAPITL,61757,107.05,5.57,-5.48,1
7/25/2025 22:00,EDT,CAPITL,61757,85.65,4.23,0,1
7/25/2025 23:00,EDT,CAPITL,61757,68.59,3.33,0,1
7/26/2025 0:00,EDT,CAPITL,61757,58.18,2.4,0,1
7/26/2025 1:00,EDT,CAPITL,61757,50.1,2.16,0,1
7/26/2025 2:00,EDT,CAPITL,61757,44.18,2.02,0,1
7/26/2025 3:00,EDT,CAPITL,61757,42.64,1.95,0,1
7/26/2025 4:00,EDT,CAPITL,61757,42.4,1.94,0,1
7/26/2025 5:00,EDT,CAPITL,61757,41.92,1.92,0,1
7/26/2025 6:00,EDT,CAPITL,61757,44.7,2.01,0,1
7/26/2025 7:00,EDT,CAPITL,61757,40.71,1.71,0,1
7/26/2025 8:00,EDT,CAPITL,61757,43.88,1.36,0,1
7/26/2025 9:00,EDT,CAPITL,61757,48.32,1.22,0,1
7/26/2025 10:00,EDT,CAPITL,61757,49.78,1.03,0,1
7/26/2025 11:00,EDT,CAPITL,61757,53.44,0.95,0,1
7/26/2025 12:00,EDT,CAPITL,61757,55.83,0.93,0,1
7/26/2025 13:00,EDT,CAPITL,61757,58.46,1.03,0,1
7/26/2025 14:00,EDT,CAPITL,61757,62.55,1.04,0,1
7/26/2025 15:00,EDT,CAPITL,61757,65.53,1.28,0,1
7/26/2025 16:00,EDT,CAPITL,61757,78.06,1.98,0,1
7/26/2025 17:00,EDT,CAPITL,61757,85.85,2.9,0,1
7/26/2025 18:00,EDT,CAPITL,61757,90.87,3.41,0,1
7/26/2025 19:00,EDT,CAPITL,61757,83.76,3.14,0,1
7/26/2025 20:00,EDT,CAPITL,61757,79.72,2.92,0,1
7/26/2025 21:00,EDT,CAPITL,61757,69.98,2.3,0,1
7/26/2025 22:00,EDT,CAPITL,61757,58.99,1.88,0,1
7/26/2025 23:00,EDT,CAPITL,61757,55.53,1.77,0,1
7/27/2025 0:00,EDT,CAPITL,61757,45.52,1.58,0,1
7/27/2025 1:00,EDT,CAPITL,61757,40.43,1.52,0,1
7/27/2025 2:00,EDT,CAPITL,61757,37.95,1.46,0,1
7/27/2025 3:00,EDT,CAPITL,61757,36.2,1.43,0,1
7/27/2025 4:00,EDT,CAPITL,61757,35.96,1.45,0,1
7/27/2025 5:00,EDT,CAPITL,61757,34.97,1.38,0,1
7/27/2025 6:00,EDT,CAPITL,61757,35.36,1.23,0,1
7/27/2025 7:00,EDT,CAPITL,61757,36.31,1.33,0,1
7/27/2025 8:00,EDT,CAPITL,61757,38.94,1.24,0,1
7/27/2025 9:00,EDT,CAPITL,61757,43.48,0.81,0,1
7/27/2025 10:00,EDT,CAPITL,61757,46.72,0.64,0,1
7/27/2025 11:00,EDT,CAPITL,61757,49.11,1.01,0,1
7/27/2025 12:00,EDT,CAPITL,61757,50.91,0.95,0.01,1
7/27/2025 13:00,EDT,CAPITL,61757,53.67,0.9,0.11,1
7/27/2025 14:00,EDT,CAPITL,61757,56.76,0.45,0.5,1
7/27/2025 15:00,EDT,CAPITL,61757,59.15,0.36,0.51,1
7/27/2025 16:00,EDT,CAPITL,61757,68.07,0.48,0.88,1
7/27/2025 17:00,EDT,CAPITL,61757,76.68,0.92,0.89,1
7/27/2025 18:00,EDT,CAPITL,61757,79.25,1.95,0.8,1
7/27/2025 19:00,EDT,CAPITL,61757,80.33,2.13,0.82,1
7/27/2025 20:00,EDT,CAPITL,61757,76.68,1.74,0.72,1
7/27/2025 21:00,EDT,CAPITL,61757,70.65,1.59,0,1
7/27/2025 22:00,EDT,CAPITL,61757,59.45,1.56,0,1
7/27/2025 23:00,EDT,CAPITL,61757,50.82,1.14,0.03,1
7/28/2025 0:00,EDT,CAPITL,61757,50.66,1.04,0,1
7/28/2025 1:00,EDT,CAPITL,61757,45.03,1.14,0,1
7/28/2025 2:00,EDT,CAPITL,61757,39.4,1.22,0,1
7/28/2025 3:00,EDT,CAPITL,61757,36.85,1.18,0,1
7/28/2025 4:00,EDT,CAPITL,61757,36.79,1.17,0,1
7/28/2025 5:00,EDT,CAPITL,61757,39.49,1.11,0,1
7/28/2025 6:00,EDT,CAPITL,61757,44.53,1.13,0,1
7/28/2025 7:00,EDT,CAPITL,61757,49.41,0.92,0,1
7/28/2025 8:00,EDT,CAPITL,61757,50.7,0.8,0,1
7/28/2025 9:00,EDT,CAPITL,61757,55.19,0.77,0.26,1
7/28/2025 10:00,EDT,CAPITL,61757,61.83,0.61,0.22,1
7/28/2025 11:00,EDT,CAPITL,61757,72.08,0.79,0.57,1
7/28/2025 12:00,EDT,CAPITL,61757,79.84,1.59,1.09,1
7/28/2025 13:00,EDT,CAPITL,61757,93.32,2.48,1.14,1
7/28/2025 14:00,EDT,CAPITL,61757,100.12,3.43,1.27,1
7/28/2025 15:00,EDT,CAPITL,61757,123.79,4.88,2.94,1
7/28/2025 16:00,EDT,CAPITL,61757,151.72,6.66,6.49,1
7/28/2025 17:00,EDT,CAPITL,61757,228.76,9.88,5.94,1
7/28/2025 18:00,EDT,CAPITL,61757,253.01,12.22,3.75,1
7/28/2025 19:00,EDT,CAPITL,61757,226.03,11.37,0,1
7/28/2025 20:00,EDT,CAPITL,61757,160.92,8.67,0,1
7/28/2025 21:00,EDT,CAPITL,61757,100.32,4.69,0.21,1
7/28/2025 22:00,EDT,CAPITL,61757,80,2.78,0,1
7/28/2025 23:00,EDT,CAPITL,61757,65.6,1.6,0,1
7/29/2025 0:00,EDT,CAPITL,61757,59.48,1.96,0,1
7/29/2025 1:00,EDT,CAPITL,61757,55.11,1.71,0,1
7/29/2025 2:00,EDT,CAPITL,61757,49.85,1.59,0,1
7/29/2025 3:00,EDT,CAPITL,61757,48.01,1.58,0,1
7/29/2025 4:00,EDT,CAPITL,61757,47.7,1.48,0,1
7/29/2025 5:00,EDT,CAPITL,61757,50.43,1.47,0,1
7/29/2025 6:00,EDT,CAPITL,61757,53.94,1.67,0,1
7/29/2025 7:00,EDT,CAPITL,61757,56.93,1.39,0,1
7/29/2025 8:00,EDT,CAPITL,61757,60.66,1.3,0,1
7/29/2025 9:00,EDT,CAPITL,61757,66.27,1.11,0,1
7/29/2025 10:00,EDT,CAPITL,61757,78.49,1.62,0,1
7/29/2025 11:00,EDT,CAPITL,61757,89.51,2.35,0.02,1
7/29/2025 12:00,EDT,CAPITL,61757,98.45,3.34,0.3,1
7/29/2025 13:00,EDT,CAPITL,61757,126.79,5.13,0.43,1
7/29/2025 14:00,EDT,CAPITL,61757,153.06,6.22,1.24,1
7/29/2025 15:00,EDT,CAPITL,61757,225.24,9.88,-5.25,1
7/29/2025 16:00,EDT,CAPITL,61757,262.23,11.88,-2.9,1
7/29/2025 17:00,EDT,CAPITL,61757,325,15.37,-2.11,1
7/29/2025 18:00,EDT,CAPITL,61757,368.34,19.45,-1.37,1
7/29/2025 19:00,EDT,CAPITL,61757,329.07,17.74,0,1
7/29/2025 20:00,EDT,CAPITL,61757,232.8,12.55,0,1
7/29/2025 21:00,EDT,CAPITL,61757,149.73,7.98,0.78,1
7/29/2025 22:00,EDT,CAPITL,61757,94.47,3.72,0,1
7/29/2025 23:00,EDT,CAPITL,61757,75.9,2.21,0,1
7/30/2025 0:00,EDT,CAPITL,61757,75.63,2.2,0,1
7/30/2025 1:00,EDT,CAPITL,61757,64.92,2.25,0,1
7/30/2025 2:00,EDT,CAPITL,61757,60.51,2.33,0,1
7/30/2025 3:00,EDT,CAPITL,61757,53.64,2.16,0,1
7/30/2025 4:00,EDT,CAPITL,61757,53.87,2.07,0,1
7/30/2025 5:00,EDT,CAPITL,61757,58.87,2.04,0,1
7/30/2025 6:00,EDT,CAPITL,61757,60.85,2.51,0,1
7/30/2025 7:00,EDT,CAPITL,61757,61.82,2.49,0,1
7/30/2025 8:00,EDT,CAPITL,61757,63.52,2.32,0,1
7/30/2025 9:00,EDT,CAPITL,61757,66.69,2.13,0,1
7/30/2025 10:00,EDT,CAPITL,61757,68.79,2,0,1
7/30/2025 11:00,EDT,CAPITL,61757,85.46,2.49,0.02,1
7/30/2025 12:00,EDT,CAPITL,61757,96.91,3.56,0.36,1
7/30/2025 13:00,EDT,CAPITL,61757,114.26,5.03,0.1,1
7/30/2025 14:00,EDT,CAPITL,61757,136.73,6.19,1.08,1
7/30/2025 15:00,EDT,CAPITL,61757,159.41,7.74,-5.48,1
7/30/2025 16:00,EDT,CAPITL,61757,200.17,10.54,-4.58,1
7/30/2025 17:00,EDT,CAPITL,61757,258.94,13.84,-2.19,1
7/30/2025 18:00,EDT,CAPITL,61757,365.58,16.85,-67.9,1
7/30/2025 19:00,EDT,CAPITL,61757,314.48,14.38,-68.21,1
7/30/2025 20:00,EDT,CAPITL,61757,234.57,10.04,-65.25,1
7/30/2025 21:00,EDT,CAPITL,61757,108.84,5.97,-3.38,1
7/30/2025 22:00,EDT,CAPITL,61757,85.21,3.59,0,1
7/30/2025 23:00,EDT,CAPITL,61757,71.44,2.28,0,1
7/31/2025 0:00,EDT,CAPITL,61757,66.11,2.36,0,1
7/31/2025 1:00,EDT,CAPITL,61757,56.47,2.17,0,1
7/31/2025 2:00,EDT,CAPITL,61757,48.73,2.1,0,1
7/31/2025 3:00,EDT,CAPITL,61757,47.75,2.1,0,1
7/31/2025 4:00,EDT,CAPITL,61757,46.43,1.95,0,1
7/31/2025 5:00,EDT,CAPITL,61757,50.3,2.12,0,1
7/31/2025 6:00,EDT,CAPITL,61757,54.9,1.96,0,1
7/31/2025 7:00,EDT,CAPITL,61757,57,1.82,0,1
7/31/2025 8:00,EDT,CAPITL,61757,57.45,1.67,0,1
7/31/2025 9:00,EDT,CAPITL,61757,57.97,1.63,0,1
7/31/2025 10:00,EDT,CAPITL,61757,57.51,1.46,0,1
7/31/2025 11:00,EDT,CAPITL,61757,60.36,1.41,0,1
7/31/2025 12:00,EDT,CAPITL,61757,63.51,1.49,0,1
7/31/2025 13:00,EDT,CAPITL,61757,67.74,1.65,0,1
7/31/2025 14:00,EDT,CAPITL,61757,69.53,1.76,0,1
7/31/2025 15:00,EDT,CAPITL,61757,72.47,1.97,0,1
7/31/2025 16:00,EDT,CAPITL,61757,74.18,1.88,0,1
7/31/2025 17:00,EDT,CAPITL,61757,75.97,2.14,0,1
7/31/2025 18:00,EDT,CAPITL,61757,70.98,2.07,0,1
7/31/2025 19:00,EDT,CAPITL,61757,65.53,1.85,0,1
7/31/2025 20:00,EDT,CAPITL,61757,60.04,2.03,0,1
7/31/2025 21:00,EDT,CAPITL,61757,58.15,1.91,0,1
7/31/2025 22:00,EDT,CAPITL,61757,55.43,1.67,0,1
7/31/2025 23:00,EDT,CAPITL,61757,51.32,1.4,0,1
8/1/2025 0:00,EDT,CAPITL,61757,43.71,1.56,0,1
8/1/2025 1:00,EDT,CAPITL,61757,39.13,1.4,0,1
8/1/2025 2:00,EDT,CAPITL,61757,35.67,1.31,0,1
8/1/2025 3:00,EDT,CAPITL,61757,32.09,1.24,0,1
8/1/2025 4:00,EDT,CAPITL,61757,32.37,1.25,0,1
8/1/2025 5:00,EDT,CAPITL,61757,34.04,1.34,0,1
8/1/2025 6:00,EDT,CAPITL,61757,38.96,1.43,0,1
8/1/2025 7:00,EDT,CAPITL,61757,42.22,1.43,0,1
8/1/2025 8:00,EDT,CAPITL,61757,43.88,1.4,0,1
8/1/2025 9:00,EDT,CAPITL,61757,41.63,1.17,0,1
8/1/2025 10:00,EDT,CAPITL,61757,39.57,1,0,1
8/1/2025 11:00,EDT,CAPITL,61757,39.45,0.89,0,1
8/1/2025 12:00,EDT,CAPITL,61757,39.91,0.86,0,1
8/1/2025 13:00,EDT,CAPITL,61757,41.78,0.86,0,1
8/1/2025 14:00,EDT,CAPITL,61757,42.29,0.75,0,1
8/1/2025 15:00,EDT,CAPITL,61757,45.06,0.84,0,1
8/1/2025 16:00,EDT,CAPITL,61757,47.8,0.98,0,1
8/1/2025 17:00,EDT,CAPITL,61757,51.26,1.1,0,1
8/1/2025 18:00,EDT,CAPITL,61757,57.6,1.46,0,1
8/1/2025 19:00,EDT,CAPITL,61757,57.64,1.52,0,1
8/1/2025 20:00,EDT,CAPITL,61757,54.45,1.79,0,1
8/1/2025 21:00,EDT,CAPITL,61757,47.53,1.52,0,1
8/1/2025 22:00,EDT,CAPITL,61757,41.15,1.2,0,1
8/1/2025 23:00,EDT,CAPITL,61757,37.58,1.09,0,1
8/2/2025 0:00,EDT,CAPITL,61757,40.33,1.36,0,1
8/2/2025 1:00,EDT,CAPITL,61757,36.3,1.19,0,1
8/2/2025 2:00,EDT,CAPITL,61757,32.41,1,0,1
8/2/2025 3:00,EDT,CAPITL,61757,30.16,0.91,0,1
8/2/2025 4:00,EDT,CAPITL,61757,30.54,0.92,0,1
8/2/2025 5:00,EDT,CAPITL,61757,30.71,0.92,0,1
8/2/2025 6:00,EDT,CAPITL,61757,32.78,0.95,0,1
8/2/2025 7:00,EDT,CAPITL,61757,33.16,0.97,0,1
8/2/2025 8:00,EDT,CAPITL,61757,30.78,0.57,0,1
8/2/2025 9:00,EDT,CAPITL,61757,30.19,0.42,0,1
8/2/2025 10:00,EDT,CAPITL,61757,29.02,0.26,0,1
8/2/2025 11:00,EDT,CAPITL,61757,29.97,0.24,0,1
8/2/2025 12:00,EDT,CAPITL,61757,31.24,0.31,0,1
8/2/2025 13:00,EDT,CAPITL,61757,33.31,0.4,0,1
8/2/2025 14:00,EDT,CAPITL,61757,35.45,0.49,0,1
8/2/2025 15:00,EDT,CAPITL,61757,38.24,0.57,0,1
8/2/2025 16:00,EDT,CAPITL,61757,45.39,0.89,0,1
8/2/2025 17:00,EDT,CAPITL,61757,54.86,1.13,0,1
8/2/2025 18:00,EDT,CAPITL,61757,62.1,1.93,0,1
8/2/2025 19:00,EDT,CAPITL,61757,60.42,2.1,0,1
8/2/2025 20:00,EDT,CAPITL,61757,54.98,2.22,0,1
8/2/2025 21:00,EDT,CAPITL,61757,47.61,1.88,0,1
8/2/2025 22:00,EDT,CAPITL,61757,43.4,1.83,0,1
8/2/2025 23:00,EDT,CAPITL,61757,38.31,1.44,0,1
8/3/2025 0:00,EDT,CAPITL,61757,36.29,1.26,0,1
8/3/2025 1:00,EDT,CAPITL,61757,31.1,1.23,0,1
8/3/2025 2:00,EDT,CAPITL,61757,28.55,1.12,0,1
8/3/2025 3:00,EDT,CAPITL,61757,26.64,1.07,0,1
8/3/2025 4:00,EDT,CAPITL,61757,26.3,1.08,0,1
8/3/2025 5:00,EDT,CAPITL,61757,26.82,1.1,0,1
8/3/2025 6:00,EDT,CAPITL,61757,26.95,1.13,0,1
8/3/2025 7:00,EDT,CAPITL,61757,27.21,0.97,0,1
8/3/2025 8:00,EDT,CAPITL,61757,26.97,0.61,0,1
8/3/2025 9:00,EDT,CAPITL,61757,26.85,0.48,0,1
8/3/2025 10:00,EDT,CAPITL,61757,28.41,0.45,0,1
8/3/2025 11:00,EDT,CAPITL,61757,30.35,0.45,0,1
8/3/2025 12:00,EDT,CAPITL,61757,31.27,0.52,0,1
8/3/2025 13:00,EDT,CAPITL,61757,34.58,0.58,0,1
8/3/2025 14:00,EDT,CAPITL,61757,37.77,0.7,0,1
8/3/2025 15:00,EDT,CAPITL,61757,42.7,0.76,0,1
8/3/2025 16:00,EDT,CAPITL,61757,51.15,1,0,1
8/3/2025 17:00,EDT,CAPITL,61757,64.86,1.64,0,1
8/3/2025 18:00,EDT,CAPITL,61757,76.72,2.38,0,1
8/3/2025 19:00,EDT,CAPITL,61757,79.25,2.53,0,1
8/3/2025 20:00,EDT,CAPITL,61757,71.22,2.47,0,1
8/3/2025 21:00,EDT,CAPITL,61757,59.06,2,0,1
8/3/2025 22:00,EDT,CAPITL,61757,51.42,1.64,0,1
8/3/2025 23:00,EDT,CAPITL,61757,44.93,1.27,0,1
8/4/2025 0:00,EDT,CAPITL,61757,38.51,1.27,0,1
8/4/2025 1:00,EDT,CAPITL,61757,34.86,1.11,0,1
8/4/2025 2:00,EDT,CAPITL,61757,31.86,1.08,0,1
8/4/2025 3:00,EDT,CAPITL,61757,29.5,1,0,1
8/4/2025 4:00,EDT,CAPITL,61757,29.8,0.95,0,1
8/4/2025 5:00,EDT,CAPITL,61757,33.83,0.98,0,1
8/4/2025 6:00,EDT,CAPITL,61757,37.14,0.91,0,1
8/4/2025 7:00,EDT,CAPITL,61757,39.58,0.97,0,1
8/4/2025 8:00,EDT,CAPITL,61757,38.09,0.93,0,1
8/4/2025 9:00,EDT,CAPITL,61757,37.27,0.8,0,1
8/4/2025 10:00,EDT,CAPITL,61757,41.27,0.81,0,1
8/4/2025 11:00,EDT,CAPITL,61757,45.39,0.76,0.27,1
8/4/2025 12:00,EDT,CAPITL,61757,48.18,0.76,0.03,1
8/4/2025 13:00,EDT,CAPITL,61757,51.99,0.82,0,1
8/4/2025 14:00,EDT,CAPITL,61757,53.55,0.89,0,1
8/4/2025 15:00,EDT,CAPITL,61757,57.44,1.02,0,1
8/4/2025 16:00,EDT,CAPITL,61757,70.14,1.58,0,1
8/4/2025 17:00,EDT,CAPITL,61757,82.54,2.95,0,1
8/4/2025 18:00,EDT,CAPITL,61757,84.33,3.32,0,1
8/4/2025 19:00,EDT,CAPITL,61757,83.03,3.5,0,1
8/4/2025 20:00,EDT,CAPITL,61757,77.88,3,0,1
8/4/2025 21:00,EDT,CAPITL,61757,64.09,2.11,0,1
8/4/2025 22:00,EDT,CAPITL,61757,56.34,1.59,0,1
8/4/2025 23:00,EDT,CAPITL,61757,48.91,1.24,0,1
8/5/2025 0:00,EDT,CAPITL,61757,45.53,1.02,0,1
8/5/2025 1:00,EDT,CAPITL,61757,40.19,0.83,0,1
8/5/2025 2:00,EDT,CAPITL,61757,35.91,0.94,0,1
8/5/2025 3:00,EDT,CAPITL,61757,34.87,0.92,0,1
8/5/2025 4:00,EDT,CAPITL,61757,33.19,0.97,0,1
8/5/2025 5:00,EDT,CAPITL,61757,34.54,1.3,0,1
8/5/2025 6:00,EDT,CAPITL,61757,39.29,1.22,0,1
8/5/2025 7:00,EDT,CAPITL,61757,43.43,1.35,0,1
8/5/2025 8:00,EDT,CAPITL,61757,44.19,1.16,0,1
8/5/2025 9:00,EDT,CAPITL,61757,43.85,0.86,0,1
8/5/2025 10:00,EDT,CAPITL,61757,44.48,0.61,0,1
8/5/2025 11:00,EDT,CAPITL,61757,46.81,0.65,0.12,1
8/5/2025 12:00,EDT,CAPITL,61757,51.44,0.81,0.17,1
8/5/2025 13:00,EDT,CAPITL,61757,56.77,0.79,0.33,1
8/5/2025 14:00,EDT,CAPITL,61757,60.31,0.84,0.47,1
8/5/2025 15:00,EDT,CAPITL,61757,66.66,1.32,0.46,1
8/5/2025 16:00,EDT,CAPITL,61757,82.35,2.24,0.04,1
8/5/2025 17:00,EDT,CAPITL,61757,98.3,4.07,0.39,1
8/5/2025 18:00,EDT,CAPITL,61757,95.59,4.04,0.31,1
8/5/2025 19:00,EDT,CAPITL,61757,86.11,3.4,0.1,1
8/5/2025 20:00,EDT,CAPITL,61757,77.74,2.56,0,1
8/5/2025 21:00,EDT,CAPITL,61757,64.33,1.69,0,1
8/5/2025 22:00,EDT,CAPITL,61757,54.96,1.34,0,1
8/5/2025 23:00,EDT,CAPITL,61757,48.21,1.13,0,1
8/6/2025 0:00,EDT,CAPITL,61757,46.03,0.99,0.05,1
8/6/2025 1:00,EDT,CAPITL,61757,42.72,0.92,0,1
8/6/2025 2:00,EDT,CAPITL,61757,38.66,0.9,0,1
8/6/2025 3:00,EDT,CAPITL,61757,36.68,0.89,0,1
8/6/2025 4:00,EDT,CAPITL,61757,37.13,0.94,0,1
8/6/2025 5:00,EDT,CAPITL,61757,38.82,0.91,0,1
8/6/2025 6:00,EDT,CAPITL,61757,43.18,0.97,0,1
8/6/2025 7:00,EDT,CAPITL,61757,44.83,0.96,0.02,1
8/6/2025 8:00,EDT,CAPITL,61757,44.73,0.88,0.02,1
8/6/2025 9:00,EDT,CAPITL,61757,43.79,0.73,0.16,1
8/6/2025 10:00,EDT,CAPITL,61757,43.16,0.6,0.37,1
8/6/2025 11:00,EDT,CAPITL,61757,45.23,0.68,0.57,1
8/6/2025 12:00,EDT,CAPITL,61757,47.89,0.58,0.77,1
8/6/2025 13:00,EDT,CAPITL,61757,52.23,0.53,0.8,1
8/6/2025 14:00,EDT,CAPITL,61757,55.92,0.4,0.85,1
8/6/2025 15:00,EDT,CAPITL,61757,57.35,0.57,0.59,1
8/6/2025 16:00,EDT,CAPITL,61757,69.29,0.77,1.08,1
8/6/2025 17:00,EDT,CAPITL,61757,77.35,1.08,0.69,1
8/6/2025 18:00,EDT,CAPITL,61757,76.05,1.28,0.63,1
8/6/2025 19:00,EDT,CAPITL,61757,73.3,1.36,0,1
8/6/2025 20:00,EDT,CAPITL,61757,66.36,1.49,0,1
8/6/2025 21:00,EDT,CAPITL,61757,58.5,1.26,0,1
8/6/2025 22:00,EDT,CAPITL,61757,49.14,0.87,0.08,1
8/6/2025 23:00,EDT,CAPITL,61757,45.02,0.8,0,1
8/7/2025 0:00,EDT,CAPITL,61757,46.63,1.14,0,1
8/7/2025 1:00,EDT,CAPITL,61757,42.18,1.03,0,1
8/7/2025 2:00,EDT,CAPITL,61757,38.67,0.94,0,1
8/7/2025 3:00,EDT,CAPITL,61757,37.4,0.91,0,1
8/7/2025 4:00,EDT,CAPITL,61757,36.85,0.93,0,1
8/7/2025 5:00,EDT,CAPITL,61757,39.47,0.96,0,1
8/7/2025 6:00,EDT,CAPITL,61757,43.76,1.07,0,1
8/7/2025 7:00,EDT,CAPITL,61757,45.91,1.12,0,1
8/7/2025 8:00,EDT,CAPITL,61757,46.16,1.08,0,1
8/7/2025 9:00,EDT,CAPITL,61757,44.46,0.83,0,1
8/7/2025 10:00,EDT,CAPITL,61757,44.11,0.65,0,1
8/7/2025 11:00,EDT,CAPITL,61757,46.39,0.55,0.14,1
8/7/2025 12:00,EDT,CAPITL,61757,47.75,0.48,0.24,1
8/7/2025 13:00,EDT,CAPITL,61757,52.04,0.47,0.4,1
8/7/2025 14:00,EDT,CAPITL,61757,53.89,0.38,0.32,1
8/7/2025 15:00,EDT,CAPITL,61757,58.5,0.41,0.39,1
8/7/2025 16:00,EDT,CAPITL,61757,65.65,0.33,0.06,1
8/7/2025 17:00,EDT,CAPITL,61757,77.8,1.07,0,1
8/7/2025 18:00,EDT,CAPITL,61757,78.11,1.45,0,1
8/7/2025 19:00,EDT,CAPITL,61757,78.1,1.53,0,1
8/7/2025 20:00,EDT,CAPITL,61757,73,1.64,0,1
8/7/2025 21:00,EDT,CAPITL,61757,61.88,1.1,0,1
8/7/2025 22:00,EDT,CAPITL,61757,53.84,1.11,0,1
8/7/2025 23:00,EDT,CAPITL,61757,47.78,1.03,0,1
8/8/2025 0:00,EDT,CAPITL,61757,47.16,1.01,0,1
8/8/2025 1:00,EDT,CAPITL,61757,43.23,1.05,0,1
8/8/2025 2:00,EDT,CAPITL,61757,37.35,0.98,0,1
8/8/2025 3:00,EDT,CAPITL,61757,35.44,0.96,0,1
8/8/2025 4:00,EDT,CAPITL,61757,35.49,1.03,0,1
8/8/2025 5:00,EDT,CAPITL,61757,37.48,1.06,0,1
8/8/2025 6:00,EDT,CAPITL,61757,43.32,1.1,0,1
8/8/2025 7:00,EDT,CAPITL,61757,44.8,0.96,0,1
8/8/2025 8:00,EDT,CAPITL,61757,42.77,0.8,0,1
8/8/2025 9:00,EDT,CAPITL,61757,40.06,0.51,0,1
8/8/2025 10:00,EDT,CAPITL,61757,39.75,0.24,0,1
8/8/2025 11:00,EDT,CAPITL,61757,41.82,0.17,0,1
8/8/2025 12:00,EDT,CAPITL,61757,43.76,-0.04,0.12,1
8/8/2025 13:00,EDT,CAPITL,61757,47.24,-0.05,0.19,1
8/8/2025 14:00,EDT,CAPITL,61757,51.02,0.15,0.09,1
8/8/2025 15:00,EDT,CAPITL,61757,54.99,0.27,0,1
8/8/2025 16:00,EDT,CAPITL,61757,62.42,0.37,0,1
8/8/2025 17:00,EDT,CAPITL,61757,72.21,0.92,0,1
8/8/2025 18:00,EDT,CAPITL,61757,77,1.51,0,1
8/8/2025 19:00,EDT,CAPITL,61757,77.78,1.6,0,1
8/8/2025 20:00,EDT,CAPITL,61757,69.64,1.63,0,1
8/8/2025 21:00,EDT,CAPITL,61757,60.17,1.35,0,1
8/8/2025 22:00,EDT,CAPITL,61757,52.05,1.22,0,1
8/8/2025 23:00,EDT,CAPITL,61757,45.23,0.97,0,1
8/9/2025 0:00,EDT,CAPITL,61757,41.18,0.96,0,1
8/9/2025 1:00,EDT,CAPITL,61757,36.43,0.99,0,1
8/9/2025 2:00,EDT,CAPITL,61757,34.17,0.93,0,1
8/9/2025 3:00,EDT,CAPITL,61757,31.82,0.87,0,1
8/9/2025 4:00,EDT,CAPITL,61757,32.81,0.95,0,1
8/9/2025 5:00,EDT,CAPITL,61757,33.29,1,0,1
8/9/2025 6:00,EDT,CAPITL,61757,33.01,0.96,0,1
8/9/2025 7:00,EDT,CAPITL,61757,33.01,0.77,0,1
8/9/2025 8:00,EDT,CAPITL,61757,30.87,0.48,0,1
8/9/2025 9:00,EDT,CAPITL,61757,30.45,0.3,0,1
8/9/2025 10:00,EDT,CAPITL,61757,33.04,0.2,0,1
8/9/2025 11:00,EDT,CAPITL,61757,36.72,0.04,0.25,1
8/9/2025 12:00,EDT,CAPITL,61757,39.46,-0.04,0.46,1
8/9/2025 13:00,EDT,CAPITL,61757,42.37,-0.22,0.66,1
8/9/2025 14:00,EDT,CAPITL,61757,44.68,-0.14,0.69,1
8/9/2025 15:00,EDT,CAPITL,61757,47.5,-0.1,0.45,1
8/9/2025 16:00,EDT,CAPITL,61757,55.72,0.11,0.23,1
8/9/2025 17:00,EDT,CAPITL,61757,65.02,0.65,0.43,1
8/9/2025 18:00,EDT,CAPITL,61757,73.5,1.37,0,1
8/9/2025 19:00,EDT,CAPITL,61757,74.49,1.74,0,1
8/9/2025 20:00,EDT,CAPITL,61757,66.45,1.5,0,1
8/9/2025 21:00,EDT,CAPITL,61757,58.04,1.25,0,1
8/9/2025 22:00,EDT,CAPITL,61757,49.56,0.97,0.07,1
8/9/2025 23:00,EDT,CAPITL,61757,45.13,0.88,0,1
8/10/2025 0:00,EDT,CAPITL,61757,41.82,1.02,0,1
8/10/2025 1:00,EDT,CAPITL,61757,38.67,0.98,0,1
8/10/2025 2:00,EDT,CAPITL,61757,35.41,1.03,0,1
8/10/2025 3:00,EDT,CAPITL,61757,34.37,1,0,1
8/10/2025 4:00,EDT,CAPITL,61757,33.88,1.05,0,1
8/10/2025 5:00,EDT,CAPITL,61757,34.06,1.03,0,1
8/10/2025 6:00,EDT,CAPITL,61757,33.48,1.01,0,1
8/10/2025 7:00,EDT,CAPITL,61757,32.69,0.92,0,1
8/10/2025 8:00,EDT,CAPITL,61757,32.35,0.63,0,1
8/10/2025 9:00,EDT,CAPITL,61757,33.14,0.36,0,1
8/10/2025 10:00,EDT,CAPITL,61757,35.95,0.25,0,1
8/10/2025 11:00,EDT,CAPITL,61757,41.79,0.17,0,1
8/10/2025 12:00,EDT,CAPITL,61757,47.51,-0.1,0,1
8/10/2025 13:00,EDT,CAPITL,61757,51.58,0.05,0.01,1
8/10/2025 14:00,EDT,CAPITL,61757,55.71,-0.22,0.12,1
8/10/2025 15:00,EDT,CAPITL,61757,58.85,0.3,0.2,1
8/10/2025 16:00,EDT,CAPITL,61757,69.15,0.69,0.48,1
8/10/2025 17:00,EDT,CAPITL,61757,87.29,1.37,0.1,1
8/10/2025 18:00,EDT,CAPITL,61757,98.13,2.49,0.38,1
8/10/2025 19:00,EDT,CAPITL,61757,97.39,2.66,0.35,1
8/10/2025 20:00,EDT,CAPITL,61757,91.11,2.48,0.18,1
8/10/2025 21:00,EDT,CAPITL,61757,70.58,1.86,0,1
8/10/2025 22:00,EDT,CAPITL,61757,60.2,1.47,0,1
8/10/2025 23:00,EDT,CAPITL,61757,50.11,1.13,0,1
8/11/2025 0:00,EDT,CAPITL,61757,51.52,1.79,0,1
8/11/2025 1:00,EDT,CAPITL,61757,44.71,1.51,0,1
8/11/2025 2:00,EDT,CAPITL,61757,41.33,1.43,0,1
8/11/2025 3:00,EDT,CAPITL,61757,37.42,1.3,0,1
8/11/2025 4:00,EDT,CAPITL,61757,37.31,1.33,0,1
8/11/2025 5:00,EDT,CAPITL,61757,40.71,1.49,0,1
8/11/2025 6:00,EDT,CAPITL,61757,45.42,1.58,0,1
8/11/2025 7:00,EDT,CAPITL,61757,48.87,1.65,0,1
8/11/2025 8:00,EDT,CAPITL,61757,50.05,1.41,0,1
8/11/2025 9:00,EDT,CAPITL,61757,51.95,0.97,0,1
8/11/2025 10:00,EDT,CAPITL,61757,55.95,0.72,0,1
8/11/2025 11:00,EDT,CAPITL,61757,64.51,0.7,0,1
8/11/2025 12:00,EDT,CAPITL,61757,72.95,0.72,0,1
8/11/2025 13:00,EDT,CAPITL,61757,97.69,1.54,0.12,1
8/11/2025 14:00,EDT,CAPITL,61757,106.37,2.29,0.36,1
8/11/2025 15:00,EDT,CAPITL,61757,113.95,3.77,0.57,1
8/11/2025 16:00,EDT,CAPITL,61757,141.28,5.97,0.61,1
8/11/2025 17:00,EDT,CAPITL,61757,237.92,8.52,-65.44,1
8/11/2025 18:00,EDT,CAPITL,61757,366.96,8.36,-200.68,1
8/11/2025 19:00,EDT,CAPITL,61757,349.29,6.91,-214.28,1
8/11/2025 20:00,EDT,CAPITL,61757,264.82,6.18,-132.52,1
8/11/2025 21:00,EDT,CAPITL,61757,163.98,4.33,-61.24,1
8/11/2025 22:00,EDT,CAPITL,61757,78.47,2.8,0,1
8/11/2025 23:00,EDT,CAPITL,61757,66.18,2.24,0,1
8/12/2025 0:00,EDT,CAPITL,61757,62.94,2.13,0,1
8/12/2025 1:00,EDT,CAPITL,61757,56.29,1.95,0,1
8/12/2025 2:00,EDT,CAPITL,61757,50.78,1.72,0,1
8/12/2025 3:00,EDT,CAPITL,61757,47.5,1.61,0,1
8/12/2025 4:00,EDT,CAPITL,61757,48.2,1.67,0,1
8/12/2025 5:00,EDT,CAPITL,61757,50.66,1.76,0,1
8/12/2025 6:00,EDT,CAPITL,61757,55.32,1.87,0,1
8/12/2025 7:00,EDT,CAPITL,61757,58.04,1.75,0,1
8/12/2025 8:00,EDT,CAPITL,61757,61.8,1.45,0,1
8/12/2025 9:00,EDT,CAPITL,61757,65.32,1.03,0,1
8/12/2025 10:00,EDT,CAPITL,61757,72.55,0.72,0,1
8/12/2025 11:00,EDT,CAPITL,61757,82.32,0.82,0,1
8/12/2025 12:00,EDT,CAPITL,61757,95.93,1.32,0,1
8/12/2025 13:00,EDT,CAPITL,61757,111.2,3.14,0,1
8/12/2025 14:00,EDT,CAPITL,61757,127.24,4.77,0,1
8/12/2025 15:00,EDT,CAPITL,61757,139.35,6.38,0,1
8/12/2025 16:00,EDT,CAPITL,61757,189.77,9.37,0,1
8/12/2025 17:00,EDT,CAPITL,61757,316.99,11.72,-75.24,1
8/12/2025 18:00,EDT,CAPITL,61757,449.02,10.57,-231.03,1
8/12/2025 19:00,EDT,CAPITL,61757,441.12,8.38,-274.54,1
8/12/2025 20:00,EDT,CAPITL,61757,375,7.25,-230.91,1
8/12/2025 21:00,EDT,CAPITL,61757,234.81,5.61,-116.96,1
8/12/2025 22:00,EDT,CAPITL,61757,127.69,4.01,-28.16,1
8/12/2025 23:00,EDT,CAPITL,61757,82.23,2.55,0,1
8/13/2025 0:00,EDT,CAPITL,61757,64.08,1.56,0,1
8/13/2025 1:00,EDT,CAPITL,61757,54.57,1.38,0,1
8/13/2025 2:00,EDT,CAPITL,61757,50.18,1.27,0,1
8/13/2025 3:00,EDT,CAPITL,61757,50.12,1.32,0,1
8/13/2025 4:00,EDT,CAPITL,61757,50.12,1.36,0,1
8/13/2025 5:00,EDT,CAPITL,61757,51.11,1.39,0,1
8/13/2025 6:00,EDT,CAPITL,61757,57.31,1.56,0,1
8/13/2025 7:00,EDT,CAPITL,61757,60.79,1.37,0,1
8/13/2025 8:00,EDT,CAPITL,61757,63.25,1.18,0,1
8/13/2025 9:00,EDT,CAPITL,61757,66.2,1.3,0,1
8/13/2025 10:00,EDT,CAPITL,61757,73.7,1.66,0,1
8/13/2025 11:00,EDT,CAPITL,61757,78.95,2.6,0,1
8/13/2025 12:00,EDT,CAPITL,61757,85.54,3.29,0,1
8/13/2025 13:00,EDT,CAPITL,61757,96.35,3.88,0,1
8/13/2025 14:00,EDT,CAPITL,61757,103.88,4.19,0,1
8/13/2025 15:00,EDT,CAPITL,61757,121.15,4.99,-5.38,1
8/13/2025 16:00,EDT,CAPITL,61757,147.23,6.47,-5.93,1
8/13/2025 17:00,EDT,CAPITL,61757,180.66,8.65,-8.68,1
8/13/2025 18:00,EDT,CAPITL,61757,160.89,8.24,0,1
8/13/2025 19:00,EDT,CAPITL,61757,121.01,6.2,0,1
8/13/2025 20:00,EDT,CAPITL,61757,96.35,4.76,0,1
8/13/2025 21:00,EDT,CAPITL,61757,87,3.51,0,1
8/13/2025 22:00,EDT,CAPITL,61757,72.59,2.52,0,1
8/13/2025 23:00,EDT,CAPITL,61757,64.1,1.74,0,1
8/14/2025 0:00,EDT,CAPITL,61757,56.98,1.44,0,1
8/14/2025 1:00,EDT,CAPITL,61757,52.15,1.27,0,1
8/14/2025 2:00,EDT,CAPITL,61757,47.9,1.21,0,1
8/14/2025 3:00,EDT,CAPITL,61757,44.17,1.12,0,1
8/14/2025 4:00,EDT,CAPITL,61757,43.93,1.16,0,1
8/14/2025 5:00,EDT,CAPITL,61757,47.43,1.34,0,1
8/14/2025 6:00,EDT,CAPITL,61757,53.75,1.52,0,1
8/14/2025 7:00,EDT,CAPITL,61757,55.05,1.5,0,1
8/14/2025 8:00,EDT,CAPITL,61757,55.53,1.46,0,1
8/14/2025 9:00,EDT,CAPITL,61757,58.11,1.31,0,1
8/14/2025 10:00,EDT,CAPITL,61757,56.99,0.95,0,1
8/14/2025 11:00,EDT,CAPITL,61757,62.53,0.98,0,1
8/14/2025 12:00,EDT,CAPITL,61757,69.17,1.29,0,1
8/14/2025 13:00,EDT,CAPITL,61757,74.26,2.24,0,1
8/14/2025 14:00,EDT,CAPITL,61757,76.24,2.97,-0.97,1
8/14/2025 15:00,EDT,CAPITL,61757,78.68,3.17,0,1
8/14/2025 16:00,EDT,CAPITL,61757,88.87,3.88,-2.55,1
8/14/2025 17:00,EDT,CAPITL,61757,97.6,4.44,-0.59,1
8/14/2025 18:00,EDT,CAPITL,61757,93.54,4.61,-0.24,1
8/14/2025 19:00,EDT,CAPITL,61757,80.97,4,0,1
8/14/2025 20:00,EDT,CAPITL,61757,75.74,3.19,0,1
8/14/2025 21:00,EDT,CAPITL,61757,66.74,2.2,0,1
8/14/2025 22:00,EDT,CAPITL,61757,59.42,1.56,0,1
8/14/2025 23:00,EDT,CAPITL,61757,51.71,1.21,0,1
8/15/2025 0:00,EDT,CAPITL,61757,47.5,0.93,0,1
8/15/2025 1:00,EDT,CAPITL,61757,44.1,0.74,0,1
8/15/2025 2:00,EDT,CAPITL,61757,39.91,0.74,0,1
8/15/2025 3:00,EDT,CAPITL,61757,36.11,0.71,0,1
8/15/2025 4:00,EDT,CAPITL,61757,36.29,0.75,0,1
8/15/2025 5:00,EDT,CAPITL,61757,38.85,0.8,0,1
8/15/2025 6:00,EDT,CAPITL,61757,43.17,0.8,0,1
8/15/2025 7:00,EDT,CAPITL,61757,45.5,0.76,0,1
8/15/2025 8:00,EDT,CAPITL,61757,45.82,0.68,0,1
8/15/2025 9:00,EDT,CAPITL,61757,45.68,0.41,0,1
8/15/2025 10:00,EDT,CAPITL,61757,45.39,0.09,0.17,1
8/15/2025 11:00,EDT,CAPITL,61757,50.91,-0.05,0.37,1
8/15/2025 12:00,EDT,CAPITL,61757,51.56,-0.16,0.36,1
8/15/2025 13:00,EDT,CAPITL,61757,59.11,-0.18,0.63,1
8/15/2025 14:00,EDT,CAPITL,61757,62.19,0,0.87,1
8/15/2025 15:00,EDT,CAPITL,61757,65.49,0.47,1.07,1
8/15/2025 16:00,EDT,CAPITL,61757,76.63,1.36,0.08,1
8/15/2025 17:00,EDT,CAPITL,61757,80.51,2.57,0,1
8/15/2025 18:00,EDT,CAPITL,61757,79.13,3.05,0,1
8/15/2025 19:00,EDT,CAPITL,61757,75.33,2.34,0,1
8/15/2025 20:00,EDT,CAPITL,61757,69.01,1.55,0,1
8/15/2025 21:00,EDT,CAPITL,61757,60.74,0.9,0,1
8/15/2025 22:00,EDT,CAPITL,61757,53.36,0.79,0,1
8/15/2025 23:00,EDT,CAPITL,61757,48.83,0.58,0,1
8/16/2025 0:00,EDT,CAPITL,61757,43.63,0.9,0.06,1
8/16/2025 1:00,EDT,CAPITL,61757,40.03,0.82,0,1
8/16/2025 2:00,EDT,CAPITL,61757,37.09,0.76,0,1
8/16/2025 3:00,EDT,CAPITL,61757,33.93,0.83,0,1
8/16/2025 4:00,EDT,CAPITL,61757,33.07,0.84,0,1
8/16/2025 5:00,EDT,CAPITL,61757,34.46,0.87,0,1
8/16/2025 6:00,EDT,CAPITL,61757,35.15,0.82,0,1
8/16/2025 7:00,EDT,CAPITL,61757,34.2,0.74,0,1
8/16/2025 8:00,EDT,CAPITL,61757,33.79,0.66,0,1
8/16/2025 9:00,EDT,CAPITL,61757,36.77,0.52,0.6,1
8/16/2025 10:00,EDT,CAPITL,61757,39.49,0.4,0.74,1
8/16/2025 11:00,EDT,CAPITL,61757,43.06,0.09,0.97,1
8/16/2025 12:00,EDT,CAPITL,61757,45.73,0.14,1.15,1
8/16/2025 13:00,EDT,CAPITL,61757,50.44,0.16,1.26,1
8/16/2025 14:00,EDT,CAPITL,61757,53.46,0.28,1.56,1
8/16/2025 15:00,EDT,CAPITL,61757,61.34,0.5,1.85,1
8/16/2025 16:00,EDT,CAPITL,61757,71.26,0.79,1.21,1
8/16/2025 17:00,EDT,CAPITL,61757,81.2,1.12,0.1,1
8/16/2025 18:00,EDT,CAPITL,61757,82.08,1.69,0,1
8/16/2025 19:00,EDT,CAPITL,61757,75.94,1.78,0,1
8/16/2025 20:00,EDT,CAPITL,61757,68.23,1.47,0,1
8/16/2025 21:00,EDT,CAPITL,61757,61.53,1.44,0,1
8/16/2025 22:00,EDT,CAPITL,61757,54.97,1.13,0,1
8/16/2025 23:00,EDT,CAPITL,61757,48.31,0.86,0,1
8/17/2025 0:00,EDT,CAPITL,61757,46.31,1.35,0,1
8/17/2025 1:00,EDT,CAPITL,61757,41.77,1.29,0,1
8/17/2025 2:00,EDT,CAPITL,61757,36.94,1.22,0,1
8/17/2025 3:00,EDT,CAPITL,61757,33.92,1.18,0,1
8/17/2025 4:00,EDT,CAPITL,61757,32.71,1.17,0,1
8/17/2025 5:00,EDT,CAPITL,61757,34.86,1.21,0,1
8/17/2025 6:00,EDT,CAPITL,61757,34.94,1.15,0,1
8/17/2025 7:00,EDT,CAPITL,61757,35.06,1.06,0,1
8/17/2025 8:00,EDT,CAPITL,61757,35.4,1.03,0,1
8/17/2025 9:00,EDT,CAPITL,61757,37.78,0.85,0,1
8/17/2025 10:00,EDT,CAPITL,61757,41.72,0.66,0.2,1
8/17/2025 11:00,EDT,CAPITL,61757,46.46,0.78,0.3,1
8/17/2025 12:00,EDT,CAPITL,61757,50.43,0.8,0.51,1
8/17/2025 13:00,EDT,CAPITL,61757,55.45,1.09,0.37,1
8/17/2025 14:00,EDT,CAPITL,61757,59.61,1.29,0.42,1
8/17/2025 15:00,EDT,CAPITL,61757,67.13,1.7,0,1
8/17/2025 16:00,EDT,CAPITL,61757,85.18,2.48,0.08,1
8/17/2025 17:00,EDT,CAPITL,61757,100.65,3.6,0.12,1
8/17/2025 18:00,EDT,CAPITL,61757,104.96,4.05,0.21,1
8/17/2025 19:00,EDT,CAPITL,61757,93.21,3.5,0,1
8/17/2025 20:00,EDT,CAPITL,61757,75.22,2.47,0,1
8/17/2025 21:00,EDT,CAPITL,61757,64.65,2,0,1
8/17/2025 22:00,EDT,CAPITL,61757,54.73,1.54,0,1
8/17/2025 23:00,EDT,CAPITL,61757,48.15,1.4,0,1
8/18/2025 0:00,EDT,CAPITL,61757,41.76,1.26,0,1
8/18/2025 1:00,EDT,CAPITL,61757,37.9,1.17,0,1
8/18/2025 2:00,EDT,CAPITL,61757,34.76,1.21,0,1
8/18/2025 3:00,EDT,CAPITL,61757,31.98,1.08,0,1
8/18/2025 4:00,EDT,CAPITL,61757,32.09,1.02,0,1
8/18/2025 5:00,EDT,CAPITL,61757,35.69,0.97,0,1
8/18/2025 6:00,EDT,CAPITL,61757,39.89,1.01,0,1
8/18/2025 7:00,EDT,CAPITL,61757,42.73,1.04,0,1
8/18/2025 8:00,EDT,CAPITL,61757,41.54,1.05,0.03,1
8/18/2025 9:00,EDT,CAPITL,61757,37.55,0.75,0.66,1
8/18/2025 10:00,EDT,CAPITL,61757,36.25,0.55,0.61,1
8/18/2025 11:00,EDT,CAPITL,61757,36.65,0.44,0.65,1
8/18/2025 12:00,EDT,CAPITL,61757,39.95,0.44,0.87,1
8/18/2025 13:00,EDT,CAPITL,61757,41.46,0.42,0.97,1
8/18/2025 14:00,EDT,CAPITL,61757,43.98,0.36,1.11,1
8/18/2025 15:00,EDT,CAPITL,61757,46.93,0.57,1.22,1
8/18/2025 16:00,EDT,CAPITL,61757,53.82,0.82,1.33,1
8/18/2025 17:00,EDT,CAPITL,61757,63.66,0.82,0.53,1
8/18/2025 18:00,EDT,CAPITL,61757,65.97,1.23,0,1
8/18/2025 19:00,EDT,CAPITL,61757,58.95,1.44,0.18,1
8/18/2025 20:00,EDT,CAPITL,61757,50.85,1.38,0,1
8/18/2025 21:00,EDT,CAPITL,61757,45.99,1.16,0,1
8/18/2025 22:00,EDT,CAPITL,61757,43.31,0.97,0,1
8/18/2025 23:00,EDT,CAPITL,61757,39.16,0.88,0,1
8/19/2025 0:00,EDT,CAPITL,61757,34.75,0.75,0,1
8/19/2025 1:00,EDT,CAPITL,61757,30.34,0.65,0,1
8/19/2025 2:00,EDT,CAPITL,61757,29.32,0.69,0,1
8/19/2025 3:00,EDT,CAPITL,61757,28.19,0.61,0,1
8/19/2025 4:00,EDT,CAPITL,61757,28.37,0.66,0,1
8/19/2025 5:00,EDT,CAPITL,61757,29.21,0.66,0,1
8/19/2025 6:00,EDT,CAPITL,61757,33.93,0.83,0,1
8/19/2025 7:00,EDT,CAPITL,61757,35.87,0.84,0,1
8/19/2025 8:00,EDT,CAPITL,61757,33.75,0.7,0,1
8/19/2025 9:00,EDT,CAPITL,61757,31.6,0.47,0.25,1
8/19/2025 10:00,EDT,CAPITL,61757,31.91,0.32,0.23,1
8/19/2025 11:00,EDT,CAPITL,61757,33.54,0.27,0.36,1
8/19/2025 12:00,EDT,CAPITL,61757,35.79,0.32,0.59,1
8/19/2025 13:00,EDT,CAPITL,61757,38.2,0.23,0.86,1
8/19/2025 14:00,EDT,CAPITL,61757,41.69,0.26,0.92,1
8/19/2025 15:00,EDT,CAPITL,61757,43.61,0.31,1.03,1
8/19/2025 16:00,EDT,CAPITL,61757,48.09,0.59,1.23,1
8/19/2025 17:00,EDT,CAPITL,61757,53.22,0.84,0.22,1
8/19/2025 18:00,EDT,CAPITL,61757,58.78,1.21,0,1
8/19/2025 19:00,EDT,CAPITL,61757,58.49,1.32,0,1
8/19/2025 20:00,EDT,CAPITL,61757,54.63,1.44,0,1
8/19/2025 21:00,EDT,CAPITL,61757,46.51,0.96,0.3,1
8/19/2025 22:00,EDT,CAPITL,61757,40.04,0.76,0.59,1
8/19/2025 23:00,EDT,CAPITL,61757,35.73,0.67,0.05,1
8/20/2025 0:00,EDT,CAPITL,61757,33.26,0.78,0,1
8/20/2025 1:00,EDT,CAPITL,61757,29.9,0.7,0,1
8/20/2025 2:00,EDT,CAPITL,61757,28.95,0.71,0,1
8/20/2025 3:00,EDT,CAPITL,61757,28.1,0.66,0,1
8/20/2025 4:00,EDT,CAPITL,61757,28.51,0.7,0,1
8/20/2025 5:00,EDT,CAPITL,61757,29.99,0.76,0,1
8/20/2025 6:00,EDT,CAPITL,61757,36.36,0.85,0,1
8/20/2025 7:00,EDT,CAPITL,61757,40.99,0.8,0,1
8/20/2025 8:00,EDT,CAPITL,61757,40.59,0.87,0.07,1
8/20/2025 9:00,EDT,CAPITL,61757,41.3,0.69,0.25,1
8/20/2025 10:00,EDT,CAPITL,61757,39.88,0.44,0.36,1
8/20/2025 11:00,EDT,CAPITL,61757,41.4,0.37,0.68,1
8/20/2025 12:00,EDT,CAPITL,61757,41.73,0.42,0.65,1
8/20/2025 13:00,EDT,CAPITL,61757,47.76,0.39,1.19,1
8/20/2025 14:00,EDT,CAPITL,61757,48.73,0.35,1.19,1
8/20/2025 15:00,EDT,CAPITL,61757,50.33,0.4,0.93,1
8/20/2025 16:00,EDT,CAPITL,61757,54.07,0.54,0.77,1
8/20/2025 17:00,EDT,CAPITL,61757,59.07,0.71,0.58,1
8/20/2025 18:00,EDT,CAPITL,61757,60.04,1.07,0.38,1
8/20/2025 19:00,EDT,CAPITL,61757,57.81,1.03,0.22,1
8/20/2025 20:00,EDT,CAPITL,61757,53.7,0.95,0,1
8/20/2025 21:00,EDT,CAPITL,61757,50.46,0.65,0,1
8/20/2025 22:00,EDT,CAPITL,61757,41.69,0.66,0.11,1
8/20/2025 23:00,EDT,CAPITL,61757,37.05,0.59,0.27,1
8/21/2025 0:00,EDT,CAPITL,61757,33.64,0.72,0,1
8/21/2025 1:00,EDT,CAPITL,61757,31.06,0.61,0,1
8/21/2025 2:00,EDT,CAPITL,61757,28.63,0.62,0,1
8/21/2025 3:00,EDT,CAPITL,61757,27.32,0.56,0,1
8/21/2025 4:00,EDT,CAPITL,61757,27.11,0.58,0,1
8/21/2025 5:00,EDT,CAPITL,61757,30.11,0.68,0,1
8/21/2025 6:00,EDT,CAPITL,61757,36.3,0.75,0,1
8/21/2025 7:00,EDT,CAPITL,61757,38.71,0.94,0,1
8/21/2025 8:00,EDT,CAPITL,61757,39.61,0.97,0,1
8/21/2025 9:00,EDT,CAPITL,61757,36.4,0.65,0.1,1
8/21/2025 10:00,EDT,CAPITL,61757,36.86,0.55,0.15,1
8/21/2025 11:00,EDT,CAPITL,61757,36.76,0.48,0.49,1
8/21/2025 12:00,EDT,CAPITL,61757,37.34,0.41,0.6,1
8/21/2025 13:00,EDT,CAPITL,61757,39.65,0.4,0.34,1
8/21/2025 14:00,EDT,CAPITL,61757,39.77,0.4,0.39,1
8/21/2025 15:00,EDT,CAPITL,61757,40.69,0.4,0.18,1
8/21/2025 16:00,EDT,CAPITL,61757,42.36,0.58,0,1
8/21/2025 17:00,EDT,CAPITL,61757,47.87,0.85,0,1
8/21/2025 18:00,EDT,CAPITL,61757,52.43,1.23,0,1
8/21/2025 19:00,EDT,CAPITL,61757,51.55,1.21,0,1
8/21/2025 20:00,EDT,CAPITL,61757,50.2,1.17,0,1
8/21/2025 21:00,EDT,CAPITL,61757,44.19,0.99,0,1
8/21/2025 22:00,EDT,CAPITL,61757,37.96,0.82,0,1
8/21/2025 23:00,EDT,CAPITL,61757,34.15,0.6,0,1
8/22/2025 0:00,EDT,CAPITL,61757,32.16,0.5,0,1
8/22/2025 1:00,EDT,CAPITL,61757,29.52,0.52,0,1
8/22/2025 2:00,EDT,CAPITL,61757,27.07,0.53,0,1
8/22/2025 3:00,EDT,CAPITL,61757,25.88,0.51,0,1
8/22/2025 4:00,EDT,CAPITL,61757,26.49,0.52,0,1
8/22/2025 5:00,EDT,CAPITL,61757,28.87,0.62,0,1
8/22/2025 6:00,EDT,CAPITL,61757,33.58,0.69,0,1
8/22/2025 7:00,EDT,CAPITL,61757,36.39,0.71,0,1
8/22/2025 8:00,EDT,CAPITL,61757,30.78,0.46,0,1
8/22/2025 9:00,EDT,CAPITL,61757,27.17,0.35,0,1
8/22/2025 10:00,EDT,CAPITL,61757,27.7,0.22,0.14,1
8/22/2025 11:00,EDT,CAPITL,61757,29.48,0.18,0.25,1
8/22/2025 12:00,EDT,CAPITL,61757,30.98,0.16,0.36,1
8/22/2025 13:00,EDT,CAPITL,61757,33.91,0.21,0.57,1
8/22/2025 14:00,EDT,CAPITL,61757,36.31,0.11,0.72,1
8/22/2025 15:00,EDT,CAPITL,61757,39.06,0.2,0.85,1
8/22/2025 16:00,EDT,CAPITL,61757,44.79,0.45,0.67,1
8/22/2025 17:00,EDT,CAPITL,61757,59.02,0.93,0.5,1
8/22/2025 18:00,EDT,CAPITL,61757,67.11,1.39,0.35,1
8/22/2025 19:00,EDT,CAPITL,61757,64.69,1.39,0,1
8/22/2025 20:00,EDT,CAPITL,61757,54.44,1.38,0,1
8/22/2025 21:00,EDT,CAPITL,61757,50.75,1.09,0,1
8/22/2025 22:00,EDT,CAPITL,61757,44,0.86,0,1
8/22/2025 23:00,EDT,CAPITL,61757,37.68,0.7,0,1
8/23/2025 0:00,EDT,CAPITL,61757,30.06,0.62,0,1
8/23/2025 1:00,EDT,CAPITL,61757,28.92,0.57,0,1
8/23/2025 2:00,EDT,CAPITL,61757,27.55,0.57,0,1
8/23/2025 3:00,EDT,CAPITL,61757,25.9,0.53,0,1
8/23/2025 4:00,EDT,CAPITL,61757,25.63,0.58,0,1
8/23/2025 5:00,EDT,CAPITL,61757,25.9,0.58,0,1
8/23/2025 6:00,EDT,CAPITL,61757,27.08,0.66,0,1
8/23/2025 7:00,EDT,CAPITL,61757,26.27,0.64,0,1
8/23/2025 8:00,EDT,CAPITL,61757,25.86,0.41,0,1
8/23/2025 9:00,EDT,CAPITL,61757,24.63,0.24,0,1
8/23/2025 10:00,EDT,CAPITL,61757,26.07,0.16,0,1
8/23/2025 11:00,EDT,CAPITL,61757,27.32,0.11,0,1
8/23/2025 12:00,EDT,CAPITL,61757,28.39,0.06,0,1
8/23/2025 13:00,EDT,CAPITL,61757,30.42,0.39,0.24,1
8/23/2025 14:00,EDT,CAPITL,61757,33.18,0.43,0.4,1
8/23/2025 15:00,EDT,CAPITL,61757,36.18,0.61,0.56,1
8/23/2025 16:00,EDT,CAPITL,61757,43.1,0.82,0.8,1
8/23/2025 17:00,EDT,CAPITL,61757,51.3,1.1,0,1
8/23/2025 18:00,EDT,CAPITL,61757,57.19,1.61,0,1
8/23/2025 19:00,EDT,CAPITL,61757,52.01,1.61,0,1
8/23/2025 20:00,EDT,CAPITL,61757,47.54,1.52,0,1
8/23/2025 21:00,EDT,CAPITL,61757,42.16,1.15,0,1
8/23/2025 22:00,EDT,CAPITL,61757,36.76,0.97,0,1
8/23/2025 23:00,EDT,CAPITL,61757,32.34,0.85,0,1
8/24/2025 0:00,EDT,CAPITL,61757,28.07,0.82,0,1
8/24/2025 1:00,EDT,CAPITL,61757,26.15,0.81,0,1
8/24/2025 2:00,EDT,CAPITL,61757,24.08,0.77,0,1
8/24/2025 3:00,EDT,CAPITL,61757,22.69,0.77,0,1
8/24/2025 4:00,EDT,CAPITL,61757,22.54,0.72,0,1
8/24/2025 5:00,EDT,CAPITL,61757,23.7,0.78,0,1
8/24/2025 6:00,EDT,CAPITL,61757,23.99,0.77,0,1
8/24/2025 7:00,EDT,CAPITL,61757,23.17,0.72,0,1
8/24/2025 8:00,EDT,CAPITL,61757,23.05,0.63,0,1
8/24/2025 9:00,EDT,CAPITL,61757,23.52,0.53,0,1
8/24/2025 10:00,EDT,CAPITL,61757,24.93,0.51,0.03,1
8/24/2025 11:00,EDT,CAPITL,61757,26.47,0.65,0.15,1
8/24/2025 12:00,EDT,CAPITL,61757,28.85,0.68,0.33,1
8/24/2025 13:00,EDT,CAPITL,61757,32.11,0.76,0.55,1
8/24/2025 14:00,EDT,CAPITL,61757,34.14,0.85,0.66,1
8/24/2025 15:00,EDT,CAPITL,61757,35.65,0.85,0.76,1
8/24/2025 16:00,EDT,CAPITL,61757,42.34,1.13,0.49,1
8/24/2025 17:00,EDT,CAPITL,61757,49.92,1.41,0,1
8/24/2025 18:00,EDT,CAPITL,61757,53.61,1.71,0,1
8/24/2025 19:00,EDT,CAPITL,61757,50.26,1.66,0.23,1
8/24/2025 20:00,EDT,CAPITL,61757,48.37,1.65,0.34,1
8/24/2025 21:00,EDT,CAPITL,61757,40.73,1.31,0.21,1
8/24/2025 22:00,EDT,CAPITL,61757,36.41,1.11,0.42,1
8/24/2025 23:00,EDT,CAPITL,61757,32.99,1,0.15,1
8/25/2025 0:00,EDT,CAPITL,61757,31.77,0.84,0,1
8/25/2025 1:00,EDT,CAPITL,61757,28.14,0.79,0,1
8/25/2025 2:00,EDT,CAPITL,61757,26.32,0.77,0,1
8/25/2025 3:00,EDT,CAPITL,61757,25.44,0.77,0,1
8/25/2025 4:00,EDT,CAPITL,61757,25.55,0.79,0,1
8/25/2025 5:00,EDT,CAPITL,61757,27.14,0.82,0,1
8/25/2025 6:00,EDT,CAPITL,61757,31.46,0.92,0,1
8/25/2025 7:00,EDT,CAPITL,61757,33.97,1.05,0,1
8/25/2025 8:00,EDT,CAPITL,61757,33.14,1.11,-0.18,1
8/25/2025 9:00,EDT,CAPITL,61757,29.97,1.01,0,1
8/25/2025 10:00,EDT,CAPITL,61757,29.97,0.9,0,1
8/25/2025 11:00,EDT,CAPITL,61757,31.49,0.86,0,1
8/25/2025 12:00,EDT,CAPITL,61757,32.64,0.82,-0.16,1
8/25/2025 13:00,EDT,CAPITL,61757,36.37,1.05,-0.13,1
8/25/2025 14:00,EDT,CAPITL,61757,36.31,1.06,-0.04,1
8/25/2025 15:00,EDT,CAPITL,61757,39,1.24,-0.02,1
8/25/2025 16:00,EDT,CAPITL,61757,44.37,1.37,-0.07,1
8/25/2025 17:00,EDT,CAPITL,61757,51.09,1.87,-0.01,1
8/25/2025 18:00,EDT,CAPITL,61757,54.68,2.15,0,1
8/25/2025 19:00,EDT,CAPITL,61757,53.41,2.25,0,1
8/25/2025 20:00,EDT,CAPITL,61757,47.1,2.03,0,1
8/25/2025 21:00,EDT,CAPITL,61757,40.79,1.68,0,1
8/25/2025 22:00,EDT,CAPITL,61757,33.25,1.34,0,1
8/25/2025 23:00,EDT,CAPITL,61757,29.81,1.15,0,1
8/26/2025 0:00,EDT,CAPITL,61757,27.3,1.08,0,1
8/26/2025 1:00,EDT,CAPITL,61757,24.18,0.88,0,1
8/26/2025 2:00,EDT,CAPITL,61757,22.14,0.77,0,1
8/26/2025 3:00,EDT,CAPITL,61757,21.09,0.75,0,1
8/26/2025 4:00,EDT,CAPITL,61757,20.99,0.73,0,1
8/26/2025 5:00,EDT,CAPITL,61757,22.74,0.79,0,1
8/26/2025 6:00,EDT,CAPITL,61757,27.83,0.73,0,1
8/26/2025 7:00,EDT,CAPITL,61757,29.65,0.81,0,1
8/26/2025 8:00,EDT,CAPITL,61757,27.43,0.69,0,1
8/26/2025 9:00,EDT,CAPITL,61757,25.48,0.53,0.09,1
8/26/2025 10:00,EDT,CAPITL,61757,25.86,0.48,0.03,1
8/26/2025 11:00,EDT,CAPITL,61757,25.94,0.48,0.06,1
8/26/2025 12:00,EDT,CAPITL,61757,26.8,0.5,0.1,1
8/26/2025 13:00,EDT,CAPITL,61757,28.42,0.59,0.15,1
8/26/2025 14:00,EDT,CAPITL,61757,30.87,0.67,0.25,1
8/26/2025 15:00,EDT,CAPITL,61757,31.52,0.68,0.15,1
8/26/2025 16:00,EDT,CAPITL,61757,36.7,0.83,0.1,1
8/26/2025 17:00,EDT,CAPITL,61757,43.29,1.14,0,1
8/26/2025 18:00,EDT,CAPITL,61757,47.15,1.46,0,1
8/26/2025 19:00,EDT,CAPITL,61757,45.84,1.38,0,1
8/26/2025 20:00,EDT,CAPITL,61757,42.16,1.23,0,1
8/26/2025 21:00,EDT,CAPITL,61757,37.65,0.99,0,1
8/26/2025 22:00,EDT,CAPITL,61757,31.76,0.8,0,1
8/26/2025 23:00,EDT,CAPITL,61757,29.86,0.73,0,1
8/27/2025 0:00,EDT,CAPITL,61757,27.43,0.77,0,1
8/27/2025 1:00,EDT,CAPITL,61757,25.82,0.7,0,1
8/27/2025 2:00,EDT,CAPITL,61757,24.34,0.75,0,1
8/27/2025 3:00,EDT,CAPITL,61757,23.58,0.69,0,1
8/27/2025 4:00,EDT,CAPITL,61757,23.82,0.69,0,1
8/27/2025 5:00,EDT,CAPITL,61757,25.83,0.73,0,1
8/27/2025 6:00,EDT,CAPITL,61757,31.32,0.88,0,1
8/27/2025 7:00,EDT,CAPITL,61757,31.82,0.87,0.12,1
8/27/2025 8:00,EDT,CAPITL,61757,28.28,0.75,0.22,1
8/27/2025 9:00,EDT,CAPITL,61757,26.11,0.56,0.14,1
8/27/2025 10:00,EDT,CAPITL,61757,24.99,0.47,0.06,1
8/27/2025 11:00,EDT,CAPITL,61757,25.19,0.47,0.05,1
8/27/2025 12:00,EDT,CAPITL,61757,25.08,0.52,0.18,1
8/27/2025 13:00,EDT,CAPITL,61757,27.07,0.67,0.31,1
8/27/2025 14:00,EDT,CAPITL,61757,28.06,0.72,0.32,1
8/27/2025 15:00,EDT,CAPITL,61757,29.36,0.75,0.33,1
8/27/2025 16:00,EDT,CAPITL,61757,33.1,0.88,0.48,1
8/27/2025 17:00,EDT,CAPITL,61757,40.34,1.25,0,1
8/27/2025 18:00,EDT,CAPITL,61757,42.5,1.67,0,1
8/27/2025 19:00,EDT,CAPITL,61757,42.26,1.78,0,1
8/27/2025 20:00,EDT,CAPITL,61757,40.3,1.36,0,1
8/27/2025 21:00,EDT,CAPITL,61757,34.61,1.11,0.08,1
8/27/2025 22:00,EDT,CAPITL,61757,29.07,0.87,0,1
8/27/2025 23:00,EDT,CAPITL,61757,26.76,0.81,0,1
8/28/2025 0:00,EDT,CAPITL,61757,26.79,0.83,0,1
8/28/2025 1:00,EDT,CAPITL,61757,23.43,0.79,0,1
8/28/2025 2:00,EDT,CAPITL,61757,21.95,0.74,0,1
8/28/2025 3:00,EDT,CAPITL,61757,20.97,0.73,0,1
8/28/2025 4:00,EDT,CAPITL,61757,21.86,0.78,0,1
8/28/2025 5:00,EDT,CAPITL,61757,23.14,0.89,0,1
8/28/2025 6:00,EDT,CAPITL,61757,27.1,1.02,0,1
8/28/2025 7:00,EDT,CAPITL,61757,29.78,1.09,0,1
8/28/2025 8:00,EDT,CAPITL,61757,26.82,0.91,0,1
8/28/2025 9:00,EDT,CAPITL,61757,23.32,0.63,0,1
8/28/2025 10:00,EDT,CAPITL,61757,23.12,0.56,0,1
8/28/2025 11:00,EDT,CAPITL,61757,23.98,0.54,0,1
8/28/2025 12:00,EDT,CAPITL,61757,24.26,0.55,0,1
8/28/2025 13:00,EDT,CAPITL,61757,25.97,0.63,0.03,1
8/28/2025 14:00,EDT,CAPITL,61757,27.53,0.73,0.09,1
8/28/2025 15:00,EDT,CAPITL,61757,29.32,0.94,0.17,1
8/28/2025 16:00,EDT,CAPITL,61757,33.79,1.38,-0.19,1
8/28/2025 17:00,EDT,CAPITL,61757,36.49,1.83,-0.06,1
8/28/2025 18:00,EDT,CAPITL,61757,43.28,2.14,-5.49,1
8/28/2025 19:00,EDT,CAPITL,61757,42.35,2.13,-4.69,1
8/28/2025 20:00,EDT,CAPITL,61757,37.45,2.12,-0.01,1
8/28/2025 21:00,EDT,CAPITL,61757,34.6,1.65,0,1
8/28/2025 22:00,EDT,CAPITL,61757,30.57,1.15,0,1
8/28/2025 23:00,EDT,CAPITL,61757,28.12,0.85,0,1
8/29/2025 0:00,EDT,CAPITL,61757,27.23,0.87,0,1
8/29/2025 1:00,EDT,CAPITL,61757,24.64,0.81,0,1
8/29/2025 2:00,EDT,CAPITL,61757,22.7,0.79,0,1
8/29/2025 3:00,EDT,CAPITL,61757,21.59,0.69,0,1
8/29/2025 4:00,EDT,CAPITL,61757,22.63,0.74,0,1
8/29/2025 5:00,EDT,CAPITL,61757,25.17,0.83,0,1
8/29/2025 6:00,EDT,CAPITL,61757,30.38,1.03,0,1
8/29/2025 7:00,EDT,CAPITL,61757,33.16,1,0,1
8/29/2025 8:00,EDT,CAPITL,61757,33.37,0.94,0,1
8/29/2025 9:00,EDT,CAPITL,61757,29.78,0.78,0.05,1
8/29/2025 10:00,EDT,CAPITL,61757,29.94,0.65,0.15,1
8/29/2025 11:00,EDT,CAPITL,61757,29.49,0.67,0.11,1
8/29/2025 12:00,EDT,CAPITL,61757,29.11,0.59,-0.33,1
8/29/2025 13:00,EDT,CAPITL,61757,31.06,0.69,-0.18,1
8/29/2025 14:00,EDT,CAPITL,61757,31.19,0.7,-0.2,1
8/29/2025 15:00,EDT,CAPITL,61757,31.34,0.79,-0.23,1
8/29/2025 16:00,EDT,CAPITL,61757,35.29,0.94,0.49,1
8/29/2025 17:00,EDT,CAPITL,61757,39.39,1.11,0,1
8/29/2025 18:00,EDT,CAPITL,61757,41.51,1.29,0.1,1
8/29/2025 19:00,EDT,CAPITL,61757,41.41,1.28,0,1
8/29/2025 20:00,EDT,CAPITL,61757,39.57,1.26,0,1
8/29/2025 21:00,EDT,CAPITL,61757,34.96,1.06,0.14,1
8/29/2025 22:00,EDT,CAPITL,61757,30,0.93,0,1
8/29/2025 23:00,EDT,CAPITL,61757,27.42,0.83,0,1
8/30/2025 0:00,EDT,CAPITL,61757,28.63,0.83,0,1
8/30/2025 1:00,EDT,CAPITL,61757,26.92,0.71,0,1
8/30/2025 2:00,EDT,CAPITL,61757,23.47,0.59,0,1
8/30/2025 3:00,EDT,CAPITL,61757,21.48,0.56,0,1
8/30/2025 4:00,EDT,CAPITL,61757,21.82,0.59,0,1
8/30/2025 5:00,EDT,CAPITL,61757,23.82,0.63,0,1
8/30/2025 6:00,EDT,CAPITL,61757,24.3,0.59,0,1
8/30/2025 7:00,EDT,CAPITL,61757,24.2,0.59,0,1
8/30/2025 8:00,EDT,CAPITL,61757,21.37,0.52,0,1
8/30/2025 9:00,EDT,CAPITL,61757,18.48,0.4,0,1
8/30/2025 10:00,EDT,CAPITL,61757,17.67,0.35,0,1
8/30/2025 11:00,EDT,CAPITL,61757,17.96,0.33,0,1
8/30/2025 12:00,EDT,CAPITL,61757,18.81,0.3,0,1
8/30/2025 13:00,EDT,CAPITL,61757,19.79,0.37,0,1
8/30/2025 14:00,EDT,CAPITL,61757,20.47,0.38,0,1
8/30/2025 15:00,EDT,CAPITL,61757,21.86,0.47,0,1
8/30/2025 16:00,EDT,CAPITL,61757,24.41,0.57,0,1
8/30/2025 17:00,EDT,CAPITL,61757,30.66,0.86,0,1
8/30/2025 18:00,EDT,CAPITL,61757,36.96,1.11,0,1
8/30/2025 19:00,EDT,CAPITL,61757,38.38,1.26,0,1
8/30/2025 20:00,EDT,CAPITL,61757,37.74,1.17,0,1
8/30/2025 21:00,EDT,CAPITL,61757,32.28,0.91,0,1
8/30/2025 22:00,EDT,CAPITL,61757,27.51,0.8,0,1
8/30/2025 23:00,EDT,CAPITL,61757,25.31,0.69,0,1
8/31/2025 0:00,EDT,CAPITL,61757,27.24,0.69,0,1
8/31/2025 1:00,EDT,CAPITL,61757,24.89,0.65,0,1
8/31/2025 2:00,EDT,CAPITL,61757,21.79,0.57,0,1
8/31/2025 3:00,EDT,CAPITL,61757,20.38,0.52,0,1
8/31/2025 4:00,EDT,CAPITL,61757,19.75,0.5,0,1
8/31/2025 5:00,EDT,CAPITL,61757,20.53,0.56,0,1
8/31/2025 6:00,EDT,CAPITL,61757,22.31,0.54,0,1
8/31/2025 7:00,EDT,CAPITL,61757,20.45,0.46,0,1
8/31/2025 8:00,EDT,CAPITL,61757,16.37,0.29,0,1
8/31/2025 9:00,EDT,CAPITL,61757,15.38,0.2,0,1
8/31/2025 10:00,EDT,CAPITL,61757,15.74,0.16,0,1
8/31/2025 11:00,EDT,CAPITL,61757,16.62,0.18,0,1
8/31/2025 12:00,EDT,CAPITL,61757,17.11,0.15,0,1
8/31/2025 13:00,EDT,CAPITL,61757,19.33,0.19,0,1
8/31/2025 14:00,EDT,CAPITL,61757,20.08,0.26,0.04,1
8/31/2025 15:00,EDT,CAPITL,61757,22.56,0.34,0.12,1
8/31/2025 16:00,EDT,CAPITL,61757,25.58,0.5,0,1
8/31/2025 17:00,EDT,CAPITL,61757,34.25,0.9,0,1
8/31/2025 18:00,EDT,CAPITL,61757,43.12,1.34,0,1
8/31/2025 19:00,EDT,CAPITL,61757,45.53,1.5,0,1
8/31/2025 20:00,EDT,CAPITL,61757,40.47,1.29,0,1
8/31/2025 21:00,EDT,CAPITL,61757,37.75,1.06,0,1
8/31/2025 22:00,EDT,CAPITL,61757,31.69,0.83,0,1
8/31/2025 23:00,EDT,CAPITL,61757,27.59,0.7,0,1
9/1/2025 0:00,EDT,CAPITL,61757,26.67,0.65,0,1
9/1/2025 1:00,EDT,CAPITL,61757,24.75,0.6,0,1
9/1/2025 2:00,EDT,CAPITL,61757,22.48,0.61,0,1
9/1/2025 3:00,EDT,CAPITL,61757,21.75,0.55,0,1
9/1/2025 4:00,EDT,CAPITL,61757,20.92,0.49,0,1
9/1/2025 5:00,EDT,CAPITL,61757,22.72,0.57,0,1
9/1/2025 6:00,EDT,CAPITL,61757,24.19,0.61,0,1
9/1/2025 7:00,EDT,CAPITL,61757,23.86,0.6,0,1
9/1/2025 8:00,EDT,CAPITL,61757,19.96,0.43,0,1
9/1/2025 9:00,EDT,CAPITL,61757,17.85,0.32,0,1
9/1/2025 10:00,EDT,CAPITL,61757,18.87,0.26,0,1
9/1/2025 11:00,EDT,CAPITL,61757,19.29,0.25,0,1
9/1/2025 12:00,EDT,CAPITL,61757,21.02,0.25,0,1
9/1/2025 13:00,EDT,CAPITL,61757,22.89,0.32,0,1
9/1/2025 14:00,EDT,CAPITL,61757,24.07,0.4,0,1
9/1/2025 15:00,EDT,CAPITL,61757,28.02,0.47,0.03,1
9/1/2025 16:00,EDT,CAPITL,61757,33.21,0.75,0,1
9/1/2025 17:00,EDT,CAPITL,61757,44.05,1.24,0,1
9/1/2025 18:00,EDT,CAPITL,61757,49.77,1.5,0,1
9/1/2025 19:00,EDT,CAPITL,61757,50.61,1.47,0,1
9/1/2025 20:00,EDT,CAPITL,61757,45.3,1.32,0,1
9/1/2025 21:00,EDT,CAPITL,61757,40.63,1.15,0,1
9/1/2025 22:00,EDT,CAPITL,61757,34.36,0.87,0,1
9/1/2025 23:00,EDT,CAPITL,61757,29.08,0.63,0,1
9/2/2025 0:00,EDT,CAPITL,61757,31.46,0.95,0,1
9/2/2025 1:00,EDT,CAPITL,61757,28.93,0.87,0,1
9/2/2025 2:00,EDT,CAPITL,61757,26.65,0.83,0,1
9/2/2025 3:00,EDT,CAPITL,61757,23.5,0.73,0,1
9/2/2025 4:00,EDT,CAPITL,61757,24.07,0.75,0,1
9/2/2025 5:00,EDT,CAPITL,61757,27.92,0.92,0,1
9/2/2025 6:00,EDT,CAPITL,61757,35.8,1.34,0,1
9/2/2025 7:00,EDT,CAPITL,61757,37.22,1.33,0,1
9/2/2025 8:00,EDT,CAPITL,61757,33.79,1.14,0,1
9/2/2025 9:00,EDT,CAPITL,61757,26.32,0.8,0.17,1
9/2/2025 10:00,EDT,CAPITL,61757,27.41,0.73,0.41,1
9/2/2025 11:00,EDT,CAPITL,61757,27.8,0.74,0.45,1
9/2/2025 12:00,EDT,CAPITL,61757,29.92,0.78,0.82,1
9/2/2025 13:00,EDT,CAPITL,61757,32.56,0.84,0.78,1
9/2/2025 14:00,EDT,CAPITL,61757,33.74,0.94,0.81,1
9/2/2025 15:00,EDT,CAPITL,61757,36.24,0.9,0.72,1
9/2/2025 16:00,EDT,CAPITL,61757,42.14,1.03,0.2,1
9/2/2025 17:00,EDT,CAPITL,61757,55.62,1.52,0.37,1
9/2/2025 18:00,EDT,CAPITL,61757,60.89,1.89,0.08,1
9/2/2025 19:00,EDT,CAPITL,61757,59,2.11,0,1
9/2/2025 20:00,EDT,CAPITL,61757,51.9,1.71,0,1
9/2/2025 21:00,EDT,CAPITL,61757,40.88,1.38,0,1
9/2/2025 22:00,EDT,CAPITL,61757,35.29,1.09,0,1
9/2/2025 23:00,EDT,CAPITL,61757,31.52,1.07,0,1
9/3/2025 0:00,EDT,CAPITL,61757,30.42,0.8,0,1
9/3/2025 1:00,EDT,CAPITL,61757,26.23,0.71,0,1
9/3/2025 2:00,EDT,CAPITL,61757,24.16,0.75,0,1
9/3/2025 3:00,EDT,CAPITL,61757,22.23,0.71,0,1
9/3/2025 4:00,EDT,CAPITL,61757,22.63,0.72,0,1
9/3/2025 5:00,EDT,CAPITL,61757,26.56,0.85,0,1
9/3/2025 6:00,EDT,CAPITL,61757,34.26,1.25,0,1
9/3/2025 7:00,EDT,CAPITL,61757,36.26,1.29,0,1
9/3/2025 8:00,EDT,CAPITL,61757,31.1,1.2,0,1
9/3/2025 9:00,EDT,CAPITL,61757,25.59,0.89,0.17,1
9/3/2025 10:00,EDT,CAPITL,61757,26.41,0.8,0.05,1
9/3/2025 11:00,EDT,CAPITL,61757,27.32,0.83,0.1,1
9/3/2025 12:00,EDT,CAPITL,61757,29.2,0.55,0.23,1
9/3/2025 13:00,EDT,CAPITL,61757,31.46,0.62,0.3,1
9/3/2025 14:00,EDT,CAPITL,61757,31.74,0.72,0.29,1
9/3/2025 15:00,EDT,CAPITL,61757,34.27,0.64,0.33,1
9/3/2025 16:00,EDT,CAPITL,61757,39.46,0.77,0,1
9/3/2025 17:00,EDT,CAPITL,61757,46.12,1.13,0,1
9/3/2025 18:00,EDT,CAPITL,61757,50.7,1.48,0,1
9/3/2025 19:00,EDT,CAPITL,61757,50.58,1.52,0,1
9/3/2025 20:00,EDT,CAPITL,61757,44.15,1.37,0,1
9/3/2025 21:00,EDT,CAPITL,61757,36.99,1.15,0,1
9/3/2025 22:00,EDT,CAPITL,61757,31.88,1.05,0,1
9/3/2025 23:00,EDT,CAPITL,61757,29.14,0.98,0,1
9/4/2025 0:00,EDT,CAPITL,61757,27.92,1.18,0,1
9/4/2025 1:00,EDT,CAPITL,61757,25.46,1.1,0,1
9/4/2025 2:00,EDT,CAPITL,61757,23.68,1.08,0,1
9/4/2025 3:00,EDT,CAPITL,61757,22.33,1,0,1
9/4/2025 4:00,EDT,CAPITL,61757,22.56,1.01,0,1
9/4/2025 5:00,EDT,CAPITL,61757,24.87,1.14,0,1
9/4/2025 6:00,EDT,CAPITL,61757,30.9,1.36,0,1
9/4/2025 7:00,EDT,CAPITL,61757,33.03,1.51,0,1
9/4/2025 8:00,EDT,CAPITL,61757,29.67,1.25,0,1
9/4/2025 9:00,EDT,CAPITL,61757,26.46,0.94,0,1
9/4/2025 10:00,EDT,CAPITL,61757,27.01,0.84,0,1
9/4/2025 11:00,EDT,CAPITL,61757,26.83,0.81,0,1
9/4/2025 12:00,EDT,CAPITL,61757,27.69,0.83,0,1
9/4/2025 13:00,EDT,CAPITL,61757,30.6,0.89,0,1
9/4/2025 14:00,EDT,CAPITL,61757,32.67,1.08,0.21,1
9/4/2025 15:00,EDT,CAPITL,61757,34.84,1.19,0.49,1
9/4/2025 16:00,EDT,CAPITL,61757,39.84,1.47,0.26,1
9/4/2025 17:00,EDT,CAPITL,61757,45.28,1.78,0,1
9/4/2025 18:00,EDT,CAPITL,61757,50.82,2.14,0,1
9/4/2025 19:00,EDT,CAPITL,61757,50.47,2.22,0,1
9/4/2025 20:00,EDT,CAPITL,61757,45.13,1.95,0,1
9/4/2025 21:00,EDT,CAPITL,61757,38,1.57,0,1
9/4/2025 22:00,EDT,CAPITL,61757,33.56,1.32,0,1
9/4/2025 23:00,EDT,CAPITL,61757,32.72,1.27,0.16,1
9/5/2025 0:00,EDT,CAPITL,61757,33.48,1.04,0,1
9/5/2025 1:00,EDT,CAPITL,61757,30.61,1.01,0,1
9/5/2025 2:00,EDT,CAPITL,61757,28.92,1,0,1
9/5/2025 3:00,EDT,CAPITL,61757,27.37,0.95,0,1
9/5/2025 4:00,EDT,CAPITL,61757,27.2,0.94,0,1
9/5/2025 5:00,EDT,CAPITL,61757,30.73,1.1,0,1
9/5/2025 6:00,EDT,CAPITL,61757,37.57,1.3,0,1
9/5/2025 7:00,EDT,CAPITL,61757,42.5,1.52,0,1
9/5/2025 8:00,EDT,CAPITL,61757,39.34,1.48,0,1
9/5/2025 9:00,EDT,CAPITL,61757,36.07,1.29,0,1
9/5/2025 10:00,EDT,CAPITL,61757,35.96,1.08,0,1
9/5/2025 11:00,EDT,CAPITL,61757,35.1,1.09,0,1
9/5/2025 12:00,EDT,CAPITL,61757,35.07,1.02,0,1
9/5/2025 13:00,EDT,CAPITL,61757,36.99,1.08,0,1
9/5/2025 14:00,EDT,CAPITL,61757,39.25,1.18,0,1
9/5/2025 15:00,EDT,CAPITL,61757,40.98,1.04,0,1
9/5/2025 16:00,EDT,CAPITL,61757,47.12,1.19,0,1
9/5/2025 17:00,EDT,CAPITL,61757,55.21,1.66,0,1
9/5/2025 18:00,EDT,CAPITL,61757,61.85,2.15,0,1
9/5/2025 19:00,EDT,CAPITL,61757,61.12,2.29,0,1
9/5/2025 20:00,EDT,CAPITL,61757,51.98,1.86,0,1
9/5/2025 21:00,EDT,CAPITL,61757,44.42,1.75,0,1
9/5/2025 22:00,EDT,CAPITL,61757,41.46,1.6,0,1
9/5/2025 23:00,EDT,CAPITL,61757,38.45,1.41,0.01,1
9/6/2025 0:00,EDT,CAPITL,61757,40.77,1.98,0,1
9/6/2025 1:00,EDT,CAPITL,61757,34.32,1.66,0,1
9/6/2025 2:00,EDT,CAPITL,61757,31.4,1.49,0,1
9/6/2025 3:00,EDT,CAPITL,61757,30.16,1.46,0,1
9/6/2025 4:00,EDT,CAPITL,61757,29.7,1.39,0,1
9/6/2025 5:00,EDT,CAPITL,61757,30.65,1.46,0,1
9/6/2025 6:00,EDT,CAPITL,61757,35.63,1.4,0,1
9/6/2025 7:00,EDT,CAPITL,61757,35.47,1.37,0,1
9/6/2025 8:00,EDT,CAPITL,61757,37.46,1.37,0,1
9/6/2025 9:00,EDT,CAPITL,61757,37.84,1.35,0,1
9/6/2025 10:00,EDT,CAPITL,61757,35.84,1.21,0.09,1
9/6/2025 11:00,EDT,CAPITL,61757,37.8,1.32,0.15,1
9/6/2025 12:00,EDT,CAPITL,61757,40.63,1.45,0.08,1
9/6/2025 13:00,EDT,CAPITL,61757,40.64,1.29,-0.17,1
9/6/2025 14:00,EDT,CAPITL,61757,42.02,1.45,-0.15,1
9/6/2025 15:00,EDT,CAPITL,61757,42.68,1.44,-0.13,1
9/6/2025 16:00,EDT,CAPITL,61757,46.29,1.56,-0.19,1
9/6/2025 17:00,EDT,CAPITL,61757,49.26,1.9,-0.02,1
9/6/2025 18:00,EDT,CAPITL,61757,50.53,1.9,0,1
9/6/2025 19:00,EDT,CAPITL,61757,48.33,1.77,0,1
9/6/2025 20:00,EDT,CAPITL,61757,46.48,1.66,0,1
9/6/2025 21:00,EDT,CAPITL,61757,41.12,1.43,0,1
9/6/2025 22:00,EDT,CAPITL,61757,40.22,1.55,0,1
9/6/2025 23:00,EDT,CAPITL,61757,37.16,1.33,0,1
9/7/2025 0:00,EDT,CAPITL,61757,36.36,1.13,0,1
9/7/2025 1:00,EDT,CAPITL,61757,32.41,0.98,0,1
9/7/2025 2:00,EDT,CAPITL,61757,29.69,0.92,0,1
9/7/2025 3:00,EDT,CAPITL,61757,27.87,0.84,0,1
9/7/2025 4:00,EDT,CAPITL,61757,27.09,0.82,0,1
9/7/2025 5:00,EDT,CAPITL,61757,28.03,0.87,0,1
9/7/2025 6:00,EDT,CAPITL,61757,29.59,0.86,0,1
9/7/2025 7:00,EDT,CAPITL,61757,29.7,0.78,-1.87,1
9/7/2025 8:00,EDT,CAPITL,61757,29.31,0.91,0,1
9/7/2025 9:00,EDT,CAPITL,61757,29.83,0.81,0,1
9/7/2025 10:00,EDT,CAPITL,61757,29.72,0.7,0,1
9/7/2025 11:00,EDT,CAPITL,61757,28.93,0.68,0,1
9/7/2025 12:00,EDT,CAPITL,61757,31.59,0.53,-5.63,1
9/7/2025 13:00,EDT,CAPITL,61757,29.91,0.58,-4,1
9/7/2025 14:00,EDT,CAPITL,61757,31.61,0.63,-5.96,1
9/7/2025 15:00,EDT,CAPITL,61757,28.16,0.82,-0.01,1
9/7/2025 16:00,EDT,CAPITL,61757,33.11,0.97,-0.96,1
9/7/2025 17:00,EDT,CAPITL,61757,39.2,1.25,0,1
9/7/2025 18:00,EDT,CAPITL,61757,44.81,1.47,0,1
9/7/2025 19:00,EDT,CAPITL,61757,47.28,1.64,0,1
9/7/2025 20:00,EDT,CAPITL,61757,42.92,1.37,0,1
9/7/2025 21:00,EDT,CAPITL,61757,37.66,1.24,0,1
9/7/2025 22:00,EDT,CAPITL,61757,33.3,0.94,0,1
9/7/2025 23:00,EDT,CAPITL,61757,29.84,0.81,0,1
9/8/2025 0:00,EDT,CAPITL,61757,28.59,0.91,0,1
9/8/2025 1:00,EDT,CAPITL,61757,25.72,0.85,0,1
9/8/2025 2:00,EDT,CAPITL,61757,23.74,0.78,0,1
9/8/2025 3:00,EDT,CAPITL,61757,22.95,0.73,0,1
9/8/2025 4:00,EDT,CAPITL,61757,24.22,0.75,0,1
9/8/2025 5:00,EDT,CAPITL,61757,28.73,0.86,0,1
9/8/2025 6:00,EDT,CAPITL,61757,34.63,1.3,0,1
9/8/2025 7:00,EDT,CAPITL,61757,38.79,1.56,0,1
9/8/2025 8:00,EDT,CAPITL,61757,31.02,1.02,0,1
9/8/2025 9:00,EDT,CAPITL,61757,26.13,0.98,0,1
9/8/2025 10:00,EDT,CAPITL,61757,24.6,0.81,0,1
9/8/2025 11:00,EDT,CAPITL,61757,24.45,0.74,0,1
9/8/2025 12:00,EDT,CAPITL,61757,24.68,0.7,0,1
9/8/2025 13:00,EDT,CAPITL,61757,24.94,0.7,0,1
9/8/2025 14:00,EDT,CAPITL,61757,24.97,0.77,0,1
9/8/2025 15:00,EDT,CAPITL,61757,27.15,0.94,0,1
9/8/2025 16:00,EDT,CAPITL,61757,32.66,0.98,0,1
9/8/2025 17:00,EDT,CAPITL,61757,40.05,1.24,0,1
9/8/2025 18:00,EDT,CAPITL,61757,44.52,1.5,0,1
9/8/2025 19:00,EDT,CAPITL,61757,49.82,1.87,0,1
9/8/2025 20:00,EDT,CAPITL,61757,44.34,1.87,0,1
9/8/2025 21:00,EDT,CAPITL,61757,38.7,1.59,0,1
9/8/2025 22:00,EDT,CAPITL,61757,33.61,1.29,0,1
9/8/2025 23:00,EDT,CAPITL,61757,28.1,1,0,1
9/9/2025 0:00,EDT,CAPITL,61757,29.08,0.88,0,1
9/9/2025 1:00,EDT,CAPITL,61757,28.58,0.86,0,1
9/9/2025 2:00,EDT,CAPITL,61757,26.7,0.83,0,1
9/9/2025 3:00,EDT,CAPITL,61757,24.67,0.76,0,1
9/9/2025 4:00,EDT,CAPITL,61757,24.72,0.79,0,1
9/9/2025 5:00,EDT,CAPITL,61757,29.11,1.01,0,1
9/9/2025 6:00,EDT,CAPITL,61757,39.72,1.56,0,1
9/9/2025 7:00,EDT,CAPITL,61757,40.41,1.44,0,1
9/9/2025 8:00,EDT,CAPITL,61757,31.41,0.89,0.08,1
9/9/2025 9:00,EDT,CAPITL,61757,26.37,0.83,0.39,1
9/9/2025 10:00,EDT,CAPITL,61757,26.23,0.71,0.03,1
9/9/2025 11:00,EDT,CAPITL,61757,25.8,0.65,0.03,1
9/9/2025 12:00,EDT,CAPITL,61757,25.38,0.57,0,1
9/9/2025 13:00,EDT,CAPITL,61757,25.76,0.55,0,1
9/9/2025 14:00,EDT,CAPITL,61757,26.61,0.65,0.06,1
9/9/2025 15:00,EDT,CAPITL,61757,28.75,0.76,0.21,1
9/9/2025 16:00,EDT,CAPITL,61757,34.08,0.84,0.22,1
9/9/2025 17:00,EDT,CAPITL,61757,41.75,1.06,0,1
9/9/2025 18:00,EDT,CAPITL,61757,47.79,1.44,0,1
9/9/2025 19:00,EDT,CAPITL,61757,51.48,1.89,0.2,1
9/9/2025 20:00,EDT,CAPITL,61757,45.07,1.65,0,1
9/9/2025 21:00,EDT,CAPITL,61757,39.22,1.44,0,1
9/9/2025 22:00,EDT,CAPITL,61757,32.22,1.18,0,1
9/9/2025 23:00,EDT,CAPITL,61757,29.27,1.1,0,1
9/10/2025 0:00,EDT,CAPITL,61757,30.7,1.34,-2.53,1
9/10/2025 1:00,EDT,CAPITL,61757,27.82,1.32,-0.09,1
9/10/2025 2:00,EDT,CAPITL,61757,27.75,1.23,-2.77,1
9/10/2025 3:00,EDT,CAPITL,61757,24.97,1.2,-0.16,1
9/10/2025 4:00,EDT,CAPITL,61757,24.87,1.16,0,1
9/10/2025 5:00,EDT,CAPITL,61757,29.96,1.4,0,1
9/10/2025 6:00,EDT,CAPITL,61757,37.66,1.8,-0.56,1
9/10/2025 7:00,EDT,CAPITL,61757,41.11,1.92,0,1
9/10/2025 8:00,EDT,CAPITL,61757,36.65,1.48,0,1
9/10/2025 9:00,EDT,CAPITL,61757,32.93,1.18,0.17,1
9/10/2025 10:00,EDT,CAPITL,61757,33.09,1.18,0,1
9/10/2025 11:00,EDT,CAPITL,61757,32.95,1.11,0,1
9/10/2025 12:00,EDT,CAPITL,61757,32.43,1.1,0,1
9/10/2025 13:00,EDT,CAPITL,61757,33.14,1.09,0,1
9/10/2025 14:00,EDT,CAPITL,61757,33.29,1.19,0,1
9/10/2025 15:00,EDT,CAPITL,61757,33.61,1.17,0,1
9/10/2025 16:00,EDT,CAPITL,61757,38.93,1.39,0,1
9/10/2025 17:00,EDT,CAPITL,61757,43.92,1.69,0,1
9/10/2025 18:00,EDT,CAPITL,61757,49.6,2,0,1
9/10/2025 19:00,EDT,CAPITL,61757,54.59,2.31,0.18,1
9/10/2025 20:00,EDT,CAPITL,61757,47.54,1.92,0,1
9/10/2025 21:00,EDT,CAPITL,61757,41.35,1.74,0,1
9/10/2025 22:00,EDT,CAPITL,61757,35.84,1.44,0,1
9/10/2025 23:00,EDT,CAPITL,61757,32.54,1.37,0,1
9/11/2025 0:00,EDT,CAPITL,61757,27.89,1.25,0,1
9/11/2025 1:00,EDT,CAPITL,61757,26.48,1.02,0,1
9/11/2025 2:00,EDT,CAPITL,61757,25.13,0.99,0,1
9/11/2025 3:00,EDT,CAPITL,61757,24.72,1.04,0,1
9/11/2025 4:00,EDT,CAPITL,61757,25.57,0.98,0,1
9/11/2025 5:00,EDT,CAPITL,61757,29.23,1.13,0,1
9/11/2025 6:00,EDT,CAPITL,61757,35.34,1.42,0,1
9/11/2025 7:00,EDT,CAPITL,61757,39.05,1.51,0.26,1
9/11/2025 8:00,EDT,CAPITL,61757,32.8,0.94,0.42,1
9/11/2025 9:00,EDT,CAPITL,61757,27.29,0.61,0.92,1
9/11/2025 10:00,EDT,CAPITL,61757,27.86,0.5,0.12,1
9/11/2025 11:00,EDT,CAPITL,61757,27.09,0.43,0.33,1
9/11/2025 12:00,EDT,CAPITL,61757,27.22,0.43,0.34,1
9/11/2025 13:00,EDT,CAPITL,61757,30.38,0.46,0.74,1
9/11/2025 14:00,EDT,CAPITL,61757,32.6,0.69,0.67,1
9/11/2025 15:00,EDT,CAPITL,61757,35.72,0.92,0.73,1
9/11/2025 16:00,EDT,CAPITL,61757,41.54,1.27,0.78,1
9/11/2025 17:00,EDT,CAPITL,61757,48.12,1.78,0.51,1
9/11/2025 18:00,EDT,CAPITL,61757,52.11,2.27,0.59,1
9/11/2025 19:00,EDT,CAPITL,61757,54.97,2.3,0.82,1
9/11/2025 20:00,EDT,CAPITL,61757,46.33,2.04,0,1
9/11/2025 21:00,EDT,CAPITL,61757,39.9,1.61,0,1
9/11/2025 22:00,EDT,CAPITL,61757,35.13,1.35,0.03,1
9/11/2025 23:00,EDT,CAPITL,61757,32.5,1.28,0.05,1
9/12/2025 0:00,EDT,CAPITL,61757,28.88,1.11,0,1
9/12/2025 1:00,EDT,CAPITL,61757,26.9,1.04,0,1
9/12/2025 2:00,EDT,CAPITL,61757,25.07,0.99,0,1
9/12/2025 3:00,EDT,CAPITL,61757,23.75,0.94,0,1
9/12/2025 4:00,EDT,CAPITL,61757,23.37,0.92,0,1
9/12/2025 5:00,EDT,CAPITL,61757,28.29,1.11,0,1
9/12/2025 6:00,EDT,CAPITL,61757,34.9,1.25,0,1
9/12/2025 7:00,EDT,CAPITL,61757,35.85,1.31,0,1
9/12/2025 8:00,EDT,CAPITL,61757,29.97,0.8,0.43,1
9/12/2025 9:00,EDT,CAPITL,61757,25.07,0.47,0.18,1
9/12/2025 10:00,EDT,CAPITL,61757,25.3,0.37,0,1
9/12/2025 11:00,EDT,CAPITL,61757,25.13,0.32,0,1
9/12/2025 12:00,EDT,CAPITL,61757,25.36,0.25,0,1
9/12/2025 13:00,EDT,CAPITL,61757,27.51,0.33,0.18,1
9/12/2025 14:00,EDT,CAPITL,61757,29.52,0.5,0.31,1
9/12/2025 15:00,EDT,CAPITL,61757,31.64,0.61,1.23,1
9/12/2025 16:00,EDT,CAPITL,61757,37.46,0.96,0.61,1
9/12/2025 17:00,EDT,CAPITL,61757,46.89,1.7,0.69,1
9/12/2025 18:00,EDT,CAPITL,61757,48.32,2.01,0.37,1
9/12/2025 19:00,EDT,CAPITL,61757,47.44,2,0.09,1
9/12/2025 20:00,EDT,CAPITL,61757,42.85,1.89,0,1
9/12/2025 21:00,EDT,CAPITL,61757,36.09,1.52,0,1
9/12/2025 22:00,EDT,CAPITL,61757,32.05,1.29,0,1
9/12/2025 23:00,EDT,CAPITL,61757,30.38,1.08,0,1
9/13/2025 0:00,EDT,CAPITL,61757,29.31,1.02,0,1
9/13/2025 1:00,EDT,CAPITL,61757,26.32,0.89,0,1
9/13/2025 2:00,EDT,CAPITL,61757,25.22,0.8,0,1
9/13/2025 3:00,EDT,CAPITL,61757,24.02,0.86,0,1
9/13/2025 4:00,EDT,CAPITL,61757,23.98,0.83,0,1
9/13/2025 5:00,EDT,CAPITL,61757,25.21,0.92,0,1
9/13/2025 6:00,EDT,CAPITL,61757,27.86,0.94,0,1
9/13/2025 7:00,EDT,CAPITL,61757,27.28,0.9,0,1
9/13/2025 8:00,EDT,CAPITL,61757,24.57,0.65,0,1
9/13/2025 9:00,EDT,CAPITL,61757,22.99,0.52,0,1
9/13/2025 10:00,EDT,CAPITL,61757,23.43,0.3,0,1
9/13/2025 11:00,EDT,CAPITL,61757,25.09,0.27,0,1
9/13/2025 12:00,EDT,CAPITL,61757,25.85,0.31,0.11,1
9/13/2025 13:00,EDT,CAPITL,61757,27.55,0.49,0.09,1
9/13/2025 14:00,EDT,CAPITL,61757,29.24,0.58,0.16,1
9/13/2025 15:00,EDT,CAPITL,61757,31.33,0.65,0.25,1
9/13/2025 16:00,EDT,CAPITL,61757,36.92,0.98,0.22,1
9/13/2025 17:00,EDT,CAPITL,61757,43.09,1.3,0,1
9/13/2025 18:00,EDT,CAPITL,61757,49.22,1.76,0,1
9/13/2025 19:00,EDT,CAPITL,61757,46.12,1.73,0,1
9/13/2025 20:00,EDT,CAPITL,61757,42.1,1.77,0,1
9/13/2025 21:00,EDT,CAPITL,61757,36.51,1.37,0,1
9/13/2025 22:00,EDT,CAPITL,61757,33.28,1.25,0,1
9/13/2025 23:00,EDT,CAPITL,61757,30.12,1.08,0,1
9/14/2025 0:00,EDT,CAPITL,61757,30.17,1.16,0,1
9/14/2025 1:00,EDT,CAPITL,61757,28.72,1.11,0,1
9/14/2025 2:00,EDT,CAPITL,61757,26.7,1,0,1
9/14/2025 3:00,EDT,CAPITL,61757,26.19,1.03,0,1
9/14/2025 4:00,EDT,CAPITL,61757,25.5,1,0,1
9/14/2025 5:00,EDT,CAPITL,61757,26.13,1.01,0,1
9/14/2025 6:00,EDT,CAPITL,61757,28.21,1.09,0,1
9/14/2025 7:00,EDT,CAPITL,61757,26.91,1.01,0,1
9/14/2025 8:00,EDT,CAPITL,61757,25.18,0.8,0,1
9/14/2025 9:00,EDT,CAPITL,61757,23.43,0.66,0,1
9/14/2025 10:00,EDT,CAPITL,61757,25.07,0.52,0,1
9/14/2025 11:00,EDT,CAPITL,61757,26.67,0.52,0,1
9/14/2025 12:00,EDT,CAPITL,61757,28.12,0.5,0,1
9/14/2025 13:00,EDT,CAPITL,61757,30.41,0.65,0,1
9/14/2025 14:00,EDT,CAPITL,61757,29.85,0.7,0,1
9/14/2025 15:00,EDT,CAPITL,61757,32.58,0.89,0,1
9/14/2025 16:00,EDT,CAPITL,61757,40.54,1.22,0.12,1
9/14/2025 17:00,EDT,CAPITL,61757,49.76,1.68,0,1
9/14/2025 18:00,EDT,CAPITL,61757,57.14,2.3,0,1
9/14/2025 19:00,EDT,CAPITL,61757,56.23,2.37,0,1
9/14/2025 20:00,EDT,CAPITL,61757,46.9,2.15,0,1
9/14/2025 21:00,EDT,CAPITL,61757,41.94,1.88,0,1
9/14/2025 22:00,EDT,CAPITL,61757,36.62,1.58,0,1
9/14/2025 23:00,EDT,CAPITL,61757,31.81,1.25,0,1
9/15/2025 0:00,EDT,CAPITL,61757,32.27,1.33,0,1
9/15/2025 1:00,EDT,CAPITL,61757,30.16,1.24,0,1
9/15/2025 2:00,EDT,CAPITL,61757,28.84,1.21,0,1
9/15/2025 3:00,EDT,CAPITL,61757,28.19,1.19,0,1
9/15/2025 4:00,EDT,CAPITL,61757,28.92,1.27,0,1
9/15/2025 5:00,EDT,CAPITL,61757,29.39,1.27,0,1
9/15/2025 6:00,EDT,CAPITL,61757,38.07,1.71,0,1
9/15/2025 7:00,EDT,CAPITL,61757,42.61,1.79,0,1
9/15/2025 8:00,EDT,CAPITL,61757,39.21,1.27,0.47,1
9/15/2025 9:00,EDT,CAPITL,61757,34.25,0.94,0.49,1
9/15/2025 10:00,EDT,CAPITL,61757,33.58,0.77,0.73,1
9/15/2025 11:00,EDT,CAPITL,61757,35.49,0.81,0.57,1
9/15/2025 12:00,EDT,CAPITL,61757,36.23,0.76,0.45,1
9/15/2025 13:00,EDT,CAPITL,61757,38.56,0.54,0.56,1
9/15/2025 14:00,EDT,CAPITL,61757,40.94,0.65,0.73,1
9/15/2025 15:00,EDT,CAPITL,61757,44.53,0.89,0.9,1
9/15/2025 16:00,EDT,CAPITL,61757,51.82,1.29,0.85,1
9/15/2025 17:00,EDT,CAPITL,61757,63.99,1.83,0.94,1
9/15/2025 18:00,EDT,CAPITL,61757,67.4,2.12,0.99,1
9/15/2025 19:00,EDT,CAPITL,61757,60.96,2.02,0.43,1
9/15/2025 20:00,EDT,CAPITL,61757,52.46,1.87,0.02,1
9/15/2025 21:00,EDT,CAPITL,61757,44.44,1.5,0,1
9/15/2025 22:00,EDT,CAPITL,61757,38.32,1.26,0,1
9/15/2025 23:00,EDT,CAPITL,61757,34.92,1.38,0,1
9/16/2025 0:00,EDT,CAPITL,61757,30.06,1.02,0,1
9/16/2025 1:00,EDT,CAPITL,61757,29.11,0.93,0,1
9/16/2025 2:00,EDT,CAPITL,61757,26.5,0.85,0,1
9/16/2025 3:00,EDT,CAPITL,61757,25,0.82,0,1
9/16/2025 4:00,EDT,CAPITL,61757,25.17,0.85,0,1
9/16/2025 5:00,EDT,CAPITL,61757,29.5,0.94,0,1
9/16/2025 6:00,EDT,CAPITL,61757,38.57,1.28,0.34,1
9/16/2025 7:00,EDT,CAPITL,61757,39.68,1.2,0.21,1
9/16/2025 8:00,EDT,CAPITL,61757,35.88,0.71,0.47,1
9/16/2025 9:00,EDT,CAPITL,61757,31.21,0.49,1.72,1
9/16/2025 10:00,EDT,CAPITL,61757,32.17,0.24,1.4,1
9/16/2025 11:00,EDT,CAPITL,61757,32.24,0.2,1.35,1
9/16/2025 12:00,EDT,CAPITL,61757,33.24,0.07,0.99,1
9/16/2025 13:00,EDT,CAPITL,61757,34.63,0.18,0.45,1
9/16/2025 14:00,EDT,CAPITL,61757,35.64,0.22,0.38,1
9/16/2025 15:00,EDT,CAPITL,61757,36.38,0.44,0.59,1
9/16/2025 16:00,EDT,CAPITL,61757,41.15,0.7,0.54,1
9/16/2025 17:00,EDT,CAPITL,61757,50.04,1.13,0.39,1
9/16/2025 18:00,EDT,CAPITL,61757,56.39,1.44,0.49,1
9/16/2025 19:00,EDT,CAPITL,61757,56.85,1.57,0.94,1
9/16/2025 20:00,EDT,CAPITL,61757,44.57,1.48,0.29,1
9/16/2025 21:00,EDT,CAPITL,61757,39.46,1.27,0.24,1
9/16/2025 22:00,EDT,CAPITL,61757,34.53,1.01,0.3,1
9/16/2025 23:00,EDT,CAPITL,61757,32.33,0.88,0.21,1
9/17/2025 0:00,EDT,CAPITL,61757,34.34,1.04,0.34,1
9/17/2025 1:00,EDT,CAPITL,61757,30.55,0.89,0.14,1
9/17/2025 2:00,EDT,CAPITL,61757,30.53,0.92,0.13,1
9/17/2025 3:00,EDT,CAPITL,61757,29.33,0.91,0,1
9/17/2025 4:00,EDT,CAPITL,61757,30.02,0.93,0.02,1
9/17/2025 5:00,EDT,CAPITL,61757,32.19,1.03,0.14,1
9/17/2025 6:00,EDT,CAPITL,61757,40.93,1.32,0.56,1
9/17/2025 7:00,EDT,CAPITL,61757,44.66,1.41,0.82,1
9/17/2025 8:00,EDT,CAPITL,61757,41.31,0.87,0.82,1
9/17/2025 9:00,EDT,CAPITL,61757,37.01,0.64,1.42,1
9/17/2025 10:00,EDT,CAPITL,61757,36.42,0.22,0.57,1
9/17/2025 11:00,EDT,CAPITL,61757,36.34,0.15,0.63,1
9/17/2025 12:00,EDT,CAPITL,61757,37.96,0.19,0.84,1
9/17/2025 13:00,EDT,CAPITL,61757,39.15,0.12,0.76,1
9/17/2025 14:00,EDT,CAPITL,61757,40.46,0.21,0.83,1
9/17/2025 15:00,EDT,CAPITL,61757,43.85,0.49,0.95,1
9/17/2025 16:00,EDT,CAPITL,61757,48.16,0.87,0.75,1
9/17/2025 17:00,EDT,CAPITL,61757,54.92,1.45,0.23,1
9/17/2025 18:00,EDT,CAPITL,61757,61.65,1.81,0.63,1
9/17/2025 19:00,EDT,CAPITL,61757,59.65,1.81,0.52,1
9/17/2025 20:00,EDT,CAPITL,61757,50.33,1.53,0.37,1
9/17/2025 21:00,EDT,CAPITL,61757,44,1.3,0.75,1
9/17/2025 22:00,EDT,CAPITL,61757,38.96,1.19,0.54,1
9/17/2025 23:00,EDT,CAPITL,61757,35.38,0.94,0.31,1
9/18/2025 0:00,EDT,CAPITL,61757,33.38,0.91,0.18,1
9/18/2025 1:00,EDT,CAPITL,61757,31.51,0.77,0.1,1
9/18/2025 2:00,EDT,CAPITL,61757,29.82,0.75,0,1
9/18/2025 3:00,EDT,CAPITL,61757,28.54,0.78,0,1
9/18/2025 4:00,EDT,CAPITL,61757,29.79,0.81,0,1
9/18/2025 5:00,EDT,CAPITL,61757,32.16,0.94,0.11,1
9/18/2025 6:00,EDT,CAPITL,61757,40.08,1.14,0.48,1
9/18/2025 7:00,EDT,CAPITL,61757,45.47,1.43,0.54,1
9/18/2025 8:00,EDT,CAPITL,61757,42.78,0.86,0.93,1
9/18/2025 9:00,EDT,CAPITL,61757,39.45,0.6,1.21,1
9/18/2025 10:00,EDT,CAPITL,61757,37.72,0.27,0.55,1
9/18/2025 11:00,EDT,CAPITL,61757,37.08,0.26,0.61,1
9/18/2025 12:00,EDT,CAPITL,61757,39.58,-0.04,0.74,1
9/18/2025 13:00,EDT,CAPITL,61757,41.25,0.08,0.86,1
9/18/2025 14:00,EDT,CAPITL,61757,43.12,0.22,0.93,1
9/18/2025 15:00,EDT,CAPITL,61757,44.61,0.5,1.64,1
9/18/2025 16:00,EDT,CAPITL,61757,47.95,0.87,1.2,1
9/18/2025 17:00,EDT,CAPITL,61757,68.76,1.11,2.21,1
9/18/2025 18:00,EDT,CAPITL,61757,69.23,1.53,1.92,1
9/18/2025 19:00,EDT,CAPITL,61757,70.2,1.63,2.22,1
9/18/2025 20:00,EDT,CAPITL,61757,57.57,1.21,1.14,1
9/18/2025 21:00,EDT,CAPITL,61757,47.98,1.01,1,1
9/18/2025 22:00,EDT,CAPITL,61757,43.39,0.74,0.72,1
9/18/2025 23:00,EDT,CAPITL,61757,40.36,0.52,0.57,1
9/19/2025 0:00,EDT,CAPITL,61757,35.11,0.69,0,1
9/19/2025 1:00,EDT,CAPITL,61757,32.97,0.52,0.06,1
9/19/2025 2:00,EDT,CAPITL,61757,31.06,0.55,0.03,1
9/19/2025 3:00,EDT,CAPITL,61757,29.69,0.5,0,1
9/19/2025 4:00,EDT,CAPITL,61757,29.42,0.44,0,1
9/19/2025 5:00,EDT,CAPITL,61757,32.94,0.68,0,1
9/19/2025 6:00,EDT,CAPITL,61757,39.16,0.81,0,1
9/19/2025 7:00,EDT,CAPITL,61757,44.41,0.83,0,1
9/19/2025 8:00,EDT,CAPITL,61757,40.3,0.49,0.5,1
9/19/2025 9:00,EDT,CAPITL,61757,37.52,0.3,0.74,1
9/19/2025 10:00,EDT,CAPITL,61757,35.67,0.11,0.94,1
9/19/2025 11:00,EDT,CAPITL,61757,36.27,0.11,1,1
9/19/2025 12:00,EDT,CAPITL,61757,37.47,0.08,1.17,1
9/19/2025 13:00,EDT,CAPITL,61757,38.24,0.04,1.22,1
9/19/2025 14:00,EDT,CAPITL,61757,40.31,0.17,1.33,1
9/19/2025 15:00,EDT,CAPITL,61757,42,0.3,1.42,1
9/19/2025 16:00,EDT,CAPITL,61757,48.17,0.68,1.24,1
9/19/2025 17:00,EDT,CAPITL,61757,62.93,1.08,1.62,1
9/19/2025 18:00,EDT,CAPITL,61757,61.31,1.1,1.02,1
9/19/2025 19:00,EDT,CAPITL,61757,56.58,1.01,0.56,1
9/19/2025 20:00,EDT,CAPITL,61757,48.17,0.71,0.12,1
9/19/2025 21:00,EDT,CAPITL,61757,43.13,0.73,0.51,1
9/19/2025 22:00,EDT,CAPITL,61757,40.21,0.51,0.01,1
9/19/2025 23:00,EDT,CAPITL,61757,36.14,0.46,0,1
9/20/2025 0:00,EDT,CAPITL,61757,34.3,0.57,0,1
9/20/2025 1:00,EDT,CAPITL,61757,30.11,0.56,0,1
9/20/2025 2:00,EDT,CAPITL,61757,27.84,0.55,0,1
9/20/2025 3:00,EDT,CAPITL,61757,29.04,0.57,0,1
9/20/2025 4:00,EDT,CAPITL,61757,28.47,0.59,0,1
9/20/2025 5:00,EDT,CAPITL,61757,29.56,0.55,0,1
9/20/2025 6:00,EDT,CAPITL,61757,32.26,0.57,0,1
9/20/2025 7:00,EDT,CAPITL,61757,27.73,0.44,0,1
9/20/2025 8:00,EDT,CAPITL,61757,27.78,0.41,0,1
9/20/2025 9:00,EDT,CAPITL,61757,22.93,0.18,0,1
9/20/2025 10:00,EDT,CAPITL,61757,21.89,0.04,0,1
9/20/2025 11:00,EDT,CAPITL,61757,22.54,0.02,0.05,1
9/20/2025 12:00,EDT,CAPITL,61757,22.46,-0.02,0.05,1
9/20/2025 13:00,EDT,CAPITL,61757,23.53,-0.02,0.15,1
9/20/2025 14:00,EDT,CAPITL,61757,24.02,-0.05,0.07,1
9/20/2025 15:00,EDT,CAPITL,61757,27.74,0.08,0.13,1
9/20/2025 16:00,EDT,CAPITL,61757,32.05,0.13,0.34,1
9/20/2025 17:00,EDT,CAPITL,61757,40.86,0.45,0,1
9/20/2025 18:00,EDT,CAPITL,61757,46.45,0.64,0,1
9/20/2025 19:00,EDT,CAPITL,61757,46.28,0.77,0,1
9/20/2025 20:00,EDT,CAPITL,61757,40.68,0.72,0,1
9/20/2025 21:00,EDT,CAPITL,61757,34.3,0.64,0,1
9/20/2025 22:00,EDT,CAPITL,61757,32.28,0.57,0,1
9/20/2025 23:00,EDT,CAPITL,61757,28.33,0.53,0,1
9/21/2025 0:00,EDT,CAPITL,61757,29.41,0.77,0,1
9/21/2025 1:00,EDT,CAPITL,61757,27,0.71,0,1
9/21/2025 2:00,EDT,CAPITL,61757,24.67,0.72,0,1
9/21/2025 3:00,EDT,CAPITL,61757,23.42,0.68,0,1
9/21/2025 4:00,EDT,CAPITL,61757,23.08,0.65,0,1
9/21/2025 5:00,EDT,CAPITL,61757,23.58,0.66,0,1
9/21/2025 6:00,EDT,CAPITL,61757,26.54,0.7,0,1
9/21/2025 7:00,EDT,CAPITL,61757,25.9,0.58,0,1
9/21/2025 8:00,EDT,CAPITL,61757,24.35,0.41,0,1
9/21/2025 9:00,EDT,CAPITL,61757,20.21,0.26,0,1
9/21/2025 10:00,EDT,CAPITL,61757,19.45,0.14,0,1
9/21/2025 11:00,EDT,CAPITL,61757,19.86,0.02,0,1
9/21/2025 12:00,EDT,CAPITL,61757,20.36,0,0,1
9/21/2025 13:00,EDT,CAPITL,61757,22.11,0.02,0,1
9/21/2025 14:00,EDT,CAPITL,61757,22.19,0.07,0,1
9/21/2025 15:00,EDT,CAPITL,61757,26.22,0.18,0,1
9/21/2025 16:00,EDT,CAPITL,61757,31.17,0.4,0,1
9/21/2025 17:00,EDT,CAPITL,61757,42.3,0.79,0,1
9/21/2025 18:00,EDT,CAPITL,61757,50.14,1.27,0,1
9/21/2025 19:00,EDT,CAPITL,61757,46.17,1.34,0,1
9/21/2025 20:00,EDT,CAPITL,61757,43.45,1.23,0,1
9/21/2025 21:00,EDT,CAPITL,61757,34.65,0.98,0,1
9/21/2025 22:00,EDT,CAPITL,61757,29.73,0.81,0,1
9/21/2025 23:00,EDT,CAPITL,61757,26.69,0.68,0,1
9/22/2025 0:00,EDT,CAPITL,61757,28.15,0.82,0,1
9/22/2025 1:00,EDT,CAPITL,61757,26.5,0.77,0,1
9/22/2025 2:00,EDT,CAPITL,61757,24.7,0.77,0,1
9/22/2025 3:00,EDT,CAPITL,61757,23.71,0.76,0,1
9/22/2025 4:00,EDT,CAPITL,61757,24.35,0.73,0,1
9/22/2025 5:00,EDT,CAPITL,61757,25.69,0.82,0,1
9/22/2025 6:00,EDT,CAPITL,61757,33.26,1.22,0,1
9/22/2025 7:00,EDT,CAPITL,61757,36.67,1.34,0,1
9/22/2025 8:00,EDT,CAPITL,61757,31.69,0.83,0,1
9/22/2025 9:00,EDT,CAPITL,61757,26.95,0.63,0,1
9/22/2025 10:00,EDT,CAPITL,61757,26.24,0.49,0,1
9/22/2025 11:00,EDT,CAPITL,61757,26.59,0.42,0,1
9/22/2025 12:00,EDT,CAPITL,61757,27.93,0.42,0.12,1
9/22/2025 13:00,EDT,CAPITL,61757,32.46,0.32,0.14,1
9/22/2025 14:00,EDT,CAPITL,61757,34.53,0.35,0.47,1
9/22/2025 15:00,EDT,CAPITL,61757,36.2,0.29,0.33,1
9/22/2025 16:00,EDT,CAPITL,61757,44.73,0.49,0.36,1
9/22/2025 17:00,EDT,CAPITL,61757,59.62,0.76,0,1
9/22/2025 18:00,EDT,CAPITL,61757,61.75,1.15,0,1
9/22/2025 19:00,EDT,CAPITL,61757,58.42,1.03,0,1
9/22/2025 20:00,EDT,CAPITL,61757,50.16,1.08,0,1
9/22/2025 21:00,EDT,CAPITL,61757,39.57,0.74,0,1
9/22/2025 22:00,EDT,CAPITL,61757,35.77,0.6,0,1
9/22/2025 23:00,EDT,CAPITL,61757,31.86,0.72,0,1
9/23/2025 0:00,EDT,CAPITL,61757,34.85,0.65,0,1
9/23/2025 1:00,EDT,CAPITL,61757,31.12,0.58,0,1
9/23/2025 2:00,EDT,CAPITL,61757,31.03,0.58,0,1
9/23/2025 3:00,EDT,CAPITL,61757,30.04,0.56,0,1
9/23/2025 4:00,EDT,CAPITL,61757,30.62,0.6,0,1
9/23/2025 5:00,EDT,CAPITL,61757,34.61,0.68,0,1
9/23/2025 6:00,EDT,CAPITL,61757,45.82,1.03,0,1
9/23/2025 7:00,EDT,CAPITL,61757,50.43,1.04,0,1
9/23/2025 8:00,EDT,CAPITL,61757,46.4,0.77,0,1
9/23/2025 9:00,EDT,CAPITL,61757,39.15,0.59,0.49,1
9/23/2025 10:00,EDT,CAPITL,61757,39.02,0.39,0.61,1
9/23/2025 11:00,EDT,CAPITL,61757,39.07,0.51,0.65,1
9/23/2025 12:00,EDT,CAPITL,61757,42.03,0.52,1.38,1
9/23/2025 13:00,EDT,CAPITL,61757,46.1,0.71,2.06,1
9/23/2025 14:00,EDT,CAPITL,61757,51.24,0.88,1.74,1
9/23/2025 15:00,EDT,CAPITL,61757,57.1,1.22,2.23,1
9/23/2025 16:00,EDT,CAPITL,61757,68.32,1.76,3.91,1
9/23/2025 17:00,EDT,CAPITL,61757,80.92,2.4,4.05,1
9/23/2025 18:00,EDT,CAPITL,61757,67.54,2.01,3.74,1
9/23/2025 19:00,EDT,CAPITL,61757,64.89,1.72,3,1
9/23/2025 20:00,EDT,CAPITL,61757,57.94,1.31,0.35,1
9/23/2025 21:00,EDT,CAPITL,61757,48.43,0.9,0.12,1
9/23/2025 22:00,EDT,CAPITL,61757,43.2,0.6,0,1
9/23/2025 23:00,EDT,CAPITL,61757,39.3,0.5,0,1
9/24/2025 0:00,EDT,CAPITL,61757,40.67,0.44,0,1
9/24/2025 1:00,EDT,CAPITL,61757,36,0.43,0,1
9/24/2025 2:00,EDT,CAPITL,61757,33.69,0.4,0,1
9/24/2025 3:00,EDT,CAPITL,61757,31.99,0.38,0,1
9/24/2025 4:00,EDT,CAPITL,61757,32.19,0.44,0,1
9/24/2025 5:00,EDT,CAPITL,61757,33.95,0.43,0,1
9/24/2025 6:00,EDT,CAPITL,61757,44.93,0.71,0,1
9/24/2025 7:00,EDT,CAPITL,61757,50.14,0.93,0,1
9/24/2025 8:00,EDT,CAPITL,61757,50.23,0.64,0,1
9/24/2025 9:00,EDT,CAPITL,61757,48.62,0.49,0.8,1
9/24/2025 10:00,EDT,CAPITL,61757,48.42,0.3,0.87,1
9/24/2025 11:00,EDT,CAPITL,61757,48.8,0.35,0.77,1
9/24/2025 12:00,EDT,CAPITL,61757,51.25,0.31,1.13,1
9/24/2025 13:00,EDT,CAPITL,61757,51.45,0.32,1.1,1
9/24/2025 14:00,EDT,CAPITL,61757,55.22,0.34,1.34,1
9/24/2025 15:00,EDT,CAPITL,61757,63.62,0.65,1.84,1
9/24/2025 16:00,EDT,CAPITL,61757,68.42,0.84,2.23,1
9/24/2025 17:00,EDT,CAPITL,61757,79.31,1.58,1.33,1
9/24/2025 18:00,EDT,CAPITL,61757,69.39,1.05,1.48,1
9/24/2025 19:00,EDT,CAPITL,61757,66.01,0.79,0.76,1
9/24/2025 20:00,EDT,CAPITL,61757,53.5,0.84,0.19,1
9/24/2025 21:00,EDT,CAPITL,61757,46.4,0.78,0.51,1
9/24/2025 22:00,EDT,CAPITL,61757,41.81,0.71,0.53,1
9/24/2025 23:00,EDT,CAPITL,61757,38.09,0.53,0.43,1
9/25/2025 0:00,EDT,CAPITL,61757,36.43,0.47,0,1
9/25/2025 1:00,EDT,CAPITL,61757,32.69,0.39,0,1
9/25/2025 2:00,EDT,CAPITL,61757,31.47,0.43,0,1
9/25/2025 3:00,EDT,CAPITL,61757,30,0.41,0,1
9/25/2025 4:00,EDT,CAPITL,61757,30.66,0.45,0,1
9/25/2025 5:00,EDT,CAPITL,61757,32.29,0.51,0,1
9/25/2025 6:00,EDT,CAPITL,61757,41.1,0.73,0,1
9/25/2025 7:00,EDT,CAPITL,61757,45.04,0.84,0.09,1
9/25/2025 8:00,EDT,CAPITL,61757,45.74,0.77,0.54,1
9/25/2025 9:00,EDT,CAPITL,61757,45.45,0.86,0.64,1
9/25/2025 10:00,EDT,CAPITL,61757,46.8,0.57,0.7,1
9/25/2025 11:00,EDT,CAPITL,61757,48.28,0.58,0.64,1
9/25/2025 12:00,EDT,CAPITL,61757,48.6,0.54,0.63,1
9/25/2025 13:00,EDT,CAPITL,61757,52.82,0.58,0.65,1
9/25/2025 14:00,EDT,CAPITL,61757,52.55,0.64,1.07,1
9/25/2025 15:00,EDT,CAPITL,61757,55.09,0.78,1.12,1
9/25/2025 16:00,EDT,CAPITL,61757,58.06,0.93,1.01,1
9/25/2025 17:00,EDT,CAPITL,61757,64.42,1.16,1.22,1
9/25/2025 18:00,EDT,CAPITL,61757,59.29,1.11,0.21,1
9/25/2025 19:00,EDT,CAPITL,61757,58.48,0.98,0.34,1
9/25/2025 20:00,EDT,CAPITL,61757,49.8,0.93,0.05,1
9/25/2025 21:00,EDT,CAPITL,61757,44.84,0.83,0,1
9/25/2025 22:00,EDT,CAPITL,61757,40.18,0.84,0.48,1
9/25/2025 23:00,EDT,CAPITL,61757,36.03,0.68,0.29,1
9/26/2025 0:00,EDT,CAPITL,61757,42.21,0.72,0.64,1
9/26/2025 1:00,EDT,CAPITL,61757,37.14,0.66,0.38,1
9/26/2025 2:00,EDT,CAPITL,61757,33.89,0.6,0.21,1
9/26/2025 3:00,EDT,CAPITL,61757,32.27,0.57,0.12,1
9/26/2025 4:00,EDT,CAPITL,61757,33.59,0.63,0.17,1
9/26/2025 5:00,EDT,CAPITL,61757,35.69,0.67,0.29,1
9/26/2025 6:00,EDT,CAPITL,61757,44.61,0.93,0.44,1
9/26/2025 7:00,EDT,CAPITL,61757,48.67,1.05,0.23,1
9/26/2025 8:00,EDT,CAPITL,61757,48.93,0.78,0.84,1
9/26/2025 9:00,EDT,CAPITL,61757,45.61,0.55,0.88,1
9/26/2025 10:00,EDT,CAPITL,61757,43.05,0.35,0.71,1
9/26/2025 11:00,EDT,CAPITL,61757,42.15,0.26,0.68,1
9/26/2025 12:00,EDT,CAPITL,61757,41.16,0.13,0.67,1
9/26/2025 13:00,EDT,CAPITL,61757,43.58,0.13,0.77,1
9/26/2025 14:00,EDT,CAPITL,61757,44.69,0.14,0.82,1
9/26/2025 15:00,EDT,CAPITL,61757,46.55,0.47,0.88,1
9/26/2025 16:00,EDT,CAPITL,61757,53.25,0.75,1.01,1
9/26/2025 17:00,EDT,CAPITL,61757,65.25,1.17,0.57,1
9/26/2025 18:00,EDT,CAPITL,61757,65.67,1.37,0.99,1
9/26/2025 19:00,EDT,CAPITL,61757,58.43,1.15,0.35,1
9/26/2025 20:00,EDT,CAPITL,61757,49.39,1.02,0.29,1
9/26/2025 21:00,EDT,CAPITL,61757,46,1,0.39,1
9/26/2025 22:00,EDT,CAPITL,61757,44.38,0.75,0.7,1
9/26/2025 23:00,EDT,CAPITL,61757,41.55,0.58,0.58,1
9/27/2025 0:00,EDT,CAPITL,61757,38.83,0.62,0.63,1
9/27/2025 1:00,EDT,CAPITL,61757,34.48,0.58,0.36,1
9/27/2025 2:00,EDT,CAPITL,61757,33.28,0.56,0.3,1
9/27/2025 3:00,EDT,CAPITL,61757,29.56,0.5,0.08,1
9/27/2025 4:00,EDT,CAPITL,61757,30.89,0.55,0.17,1
9/27/2025 5:00,EDT,CAPITL,61757,32.75,0.55,0.23,1
9/27/2025 6:00,EDT,CAPITL,61757,34.29,0.61,0.26,1
9/27/2025 7:00,EDT,CAPITL,61757,37.46,0.7,0.35,1
9/27/2025 8:00,EDT,CAPITL,61757,36.99,0.48,0.9,1
9/27/2025 9:00,EDT,CAPITL,61757,34.98,0.36,1.29,1
9/27/2025 10:00,EDT,CAPITL,61757,34.68,0.14,0.83,1
9/27/2025 11:00,EDT,CAPITL,61757,35.46,0.18,1,1
9/27/2025 12:00,EDT,CAPITL,61757,36.88,0,0.97,1
9/27/2025 13:00,EDT,CAPITL,61757,37.85,0.08,0.83,1
9/27/2025 14:00,EDT,CAPITL,61757,39.28,0.28,0.59,1
9/27/2025 15:00,EDT,CAPITL,61757,41.79,0.3,0.7,1
9/27/2025 16:00,EDT,CAPITL,61757,47.16,0.48,0.89,1
9/27/2025 17:00,EDT,CAPITL,61757,57.59,0.86,0.33,1
9/27/2025 18:00,EDT,CAPITL,61757,57.68,0.91,0.3,1
9/27/2025 19:00,EDT,CAPITL,61757,54.65,0.86,0.42,1
9/27/2025 20:00,EDT,CAPITL,61757,48.98,0.88,0.56,1
9/27/2025 21:00,EDT,CAPITL,61757,44.73,0.85,0.72,1
9/27/2025 22:00,EDT,CAPITL,61757,40.95,0.73,0.39,1
9/27/2025 23:00,EDT,CAPITL,61757,37.93,0.56,0,1
9/28/2025 0:00,EDT,CAPITL,61757,34.84,0.82,0,1
9/28/2025 1:00,EDT,CAPITL,61757,30.89,0.75,0,1
9/28/2025 2:00,EDT,CAPITL,61757,27.49,0.67,0,1
9/28/2025 3:00,EDT,CAPITL,61757,27.27,0.79,0,1
9/28/2025 4:00,EDT,CAPITL,61757,26.86,0.73,0,1
9/28/2025 5:00,EDT,CAPITL,61757,27.93,0.73,0,1
9/28/2025 6:00,EDT,CAPITL,61757,29.93,0.76,0,1
9/28/2025 7:00,EDT,CAPITL,61757,29.77,0.67,0,1
9/28/2025 8:00,EDT,CAPITL,61757,28.74,0.43,0,1
9/28/2025 9:00,EDT,CAPITL,61757,29.68,0.32,0,1
9/28/2025 10:00,EDT,CAPITL,61757,29.74,0.23,0,1
9/28/2025 11:00,EDT,CAPITL,61757,31.45,0.25,0.11,1
9/28/2025 12:00,EDT,CAPITL,61757,33.47,0.27,0.27,1
9/28/2025 13:00,EDT,CAPITL,61757,35.27,0.25,0.36,1
9/28/2025 14:00,EDT,CAPITL,61757,37.03,0.33,0.42,1
9/28/2025 15:00,EDT,CAPITL,61757,41.99,0.55,0.68,1
9/28/2025 16:00,EDT,CAPITL,61757,46.8,0.66,0.94,1
9/28/2025 17:00,EDT,CAPITL,61757,61.05,1.2,0.13,1
9/28/2025 18:00,EDT,CAPITL,61757,66.7,1.69,0.11,1
9/28/2025 19:00,EDT,CAPITL,61757,66.8,1.76,0,1
9/28/2025 20:00,EDT,CAPITL,61757,52.77,1.23,0,1
9/28/2025 21:00,EDT,CAPITL,61757,47.66,0.93,0,1
9/28/2025 22:00,EDT,CAPITL,61757,40.38,0.84,0.39,1
9/28/2025 23:00,EDT,CAPITL,61757,36.33,0.61,0.12,1
9/29/2025 0:00,EDT,CAPITL,61757,35.34,0.63,0.28,1
9/29/2025 1:00,EDT,CAPITL,61757,31.53,0.47,0.09,1
9/29/2025 2:00,EDT,CAPITL,61757,29.29,0.46,0,1
9/29/2025 3:00,EDT,CAPITL,61757,27.31,0.48,0,1
9/29/2025 4:00,EDT,CAPITL,61757,28.09,0.42,0,1
9/29/2025 5:00,EDT,CAPITL,61757,32.02,0.54,0.08,1
9/29/2025 6:00,EDT,CAPITL,61757,40.65,0.84,0.28,1
9/29/2025 7:00,EDT,CAPITL,61757,41.11,1.32,0.22,1
9/29/2025 8:00,EDT,CAPITL,61757,38.05,0.94,0.56,1
9/29/2025 9:00,EDT,CAPITL,61757,31.88,0.64,0.98,1
9/29/2025 10:00,EDT,CAPITL,61757,33.27,0.53,0.33,1
9/29/2025 11:00,EDT,CAPITL,61757,33.71,0.51,0.7,1
9/29/2025 12:00,EDT,CAPITL,61757,35.02,0.49,0.78,1
9/29/2025 13:00,EDT,CAPITL,61757,37.32,0.52,0.7,1
9/29/2025 14:00,EDT,CAPITL,61757,39.08,0.7,0.64,1
9/29/2025 15:00,EDT,CAPITL,61757,43.71,0.96,1.15,1
9/29/2025 16:00,EDT,CAPITL,61757,48.52,1.06,0.85,1
9/29/2025 17:00,EDT,CAPITL,61757,67.94,1.85,0.2,1
9/29/2025 18:00,EDT,CAPITL,61757,70.42,2.13,0.19,1
9/29/2025 19:00,EDT,CAPITL,61757,67.2,1.32,0,1
9/29/2025 20:00,EDT,CAPITL,61757,52.74,0.98,0,1
9/29/2025 21:00,EDT,CAPITL,61757,45.96,0.78,0.6,1
9/29/2025 22:00,EDT,CAPITL,61757,41.22,0.74,0.6,1
9/29/2025 23:00,EDT,CAPITL,61757,37.54,0.49,0.41,1
9/30/2025 0:00,EDT,CAPITL,61757,33.38,0.62,0.12,1
9/30/2025 1:00,EDT,CAPITL,61757,31.2,0.46,0.02,1
9/30/2025 2:00,EDT,CAPITL,61757,28.95,0.48,0,1
9/30/2025 3:00,EDT,CAPITL,61757,28.09,0.5,0,1
9/30/2025 4:00,EDT,CAPITL,61757,28.8,0.45,0,1
9/30/2025 5:00,EDT,CAPITL,61757,30.93,0.49,0,1
9/30/2025 6:00,EDT,CAPITL,61757,41.79,0.92,0.83,1
9/30/2025 7:00,EDT,CAPITL,61757,44.73,0.79,0.06,1
9/30/2025 8:00,EDT,CAPITL,61757,40.07,0.55,0,1
9/30/2025 9:00,EDT,CAPITL,61757,31.86,0.29,0.38,1
9/30/2025 10:00,EDT,CAPITL,61757,32.24,0.13,0.33,1
9/30/2025 11:00,EDT,CAPITL,61757,33.17,0.07,0.5,1
9/30/2025 12:00,EDT,CAPITL,61757,34,0.07,3.1,1
9/30/2025 13:00,EDT,CAPITL,61757,36.37,0.12,2.18,1
9/30/2025 14:00,EDT,CAPITL,61757,39.01,0.2,0.83,1
9/30/2025 15:00,EDT,CAPITL,61757,40.61,0.33,0.87,1
9/30/2025 16:00,EDT,CAPITL,61757,47.24,0.67,1.22,1
9/30/2025 17:00,EDT,CAPITL,61757,63.74,1.28,1.57,1
9/30/2025 18:00,EDT,CAPITL,61757,66.84,1.59,1.06,1
9/30/2025 19:00,EDT,CAPITL,61757,60.96,1.32,0.66,1
9/30/2025 20:00,EDT,CAPITL,61757,49.21,1.12,0.41,1
9/30/2025 21:00,EDT,CAPITL,61757,40.19,0.87,0.27,1
9/30/2025 22:00,EDT,CAPITL,61757,35.37,0.77,0.38,1
9/30/2025 23:00,EDT,CAPITL,61757,32.34,0.7,0.05,1
10/1/2025 0:00,EDT,CAPITL,61757,29.87,0.73,0,1
10/1/2025 1:00,EDT,CAPITL,61757,27.54,0.62,0,1
10/1/2025 2:00,EDT,CAPITL,61757,25.73,0.63,0,1
10/1/2025 3:00,EDT,CAPITL,61757,25.37,0.57,0,1
10/1/2025 4:00,EDT,CAPITL,61757,26.62,0.62,0,1
10/1/2025 5:00,EDT,CAPITL,61757,31.08,0.82,0,1
10/1/2025 6:00,EDT,CAPITL,61757,41.1,1.12,0,1
10/1/2025 7:00,EDT,CAPITL,61757,44.16,1.08,0,1
10/1/2025 8:00,EDT,CAPITL,61757,36.43,0.55,0.42,1
10/1/2025 9:00,EDT,CAPITL,61757,30.18,0.42,0.15,1
10/1/2025 10:00,EDT,CAPITL,61757,26.9,0.27,0,1
10/1/2025 11:00,EDT,CAPITL,61757,26.03,0.21,0.07,1
10/1/2025 12:00,EDT,CAPITL,61757,25.32,0.1,0.17,1
10/1/2025 13:00,EDT,CAPITL,61757,26.71,0.21,0.31,1
10/1/2025 14:00,EDT,CAPITL,61757,26.2,0.26,0.17,1
10/1/2025 15:00,EDT,CAPITL,61757,29.4,0.32,0.22,1
10/1/2025 16:00,EDT,CAPITL,61757,35.34,0.46,0.34,1
10/1/2025 17:00,EDT,CAPITL,61757,44.25,0.82,0,1
10/1/2025 18:00,EDT,CAPITL,61757,50.56,1.14,0,1
10/1/2025 19:00,EDT,CAPITL,61757,50.83,1.14,0,1
10/1/2025 20:00,EDT,CAPITL,61757,43.17,1.14,0.02,1
10/1/2025 21:00,EDT,CAPITL,61757,37.13,0.94,0,1
10/1/2025 22:00,EDT,CAPITL,61757,32.72,0.74,0.17,1
10/1/2025 23:00,EDT,CAPITL,61757,30.15,0.68,0,1
10/2/2025 0:00,EDT,CAPITL,61757,29.6,1,0,1
10/2/2025 1:00,EDT,CAPITL,61757,27.33,0.85,0,1
10/2/2025 2:00,EDT,CAPITL,61757,26.33,0.82,0,1
10/2/2025 3:00,EDT,CAPITL,61757,26.04,0.86,0,1
10/2/2025 4:00,EDT,CAPITL,61757,27.39,0.95,0,1
10/2/2025 5:00,EDT,CAPITL,61757,31.48,1,0,1
10/2/2025 6:00,EDT,CAPITL,61757,44.91,1.48,0,1
10/2/2025 7:00,EDT,CAPITL,61757,48.86,1.47,0,1
10/2/2025 8:00,EDT,CAPITL,61757,39.56,0.89,0,1
10/2/2025 9:00,EDT,CAPITL,61757,30.22,0.39,0,1
10/2/2025 10:00,EDT,CAPITL,61757,28.17,0.31,0,1
10/2/2025 11:00,EDT,CAPITL,61757,26.29,0.18,0,1
10/2/2025 12:00,EDT,CAPITL,61757,25.92,0.18,0,1
10/2/2025 13:00,EDT,CAPITL,61757,27.17,0.21,0,1
10/2/2025 14:00,EDT,CAPITL,61757,27.53,0.22,0,1
10/2/2025 15:00,EDT,CAPITL,61757,28.79,0.48,0,1
10/2/2025 16:00,EDT,CAPITL,61757,34.59,0.74,0,1
10/2/2025 17:00,EDT,CAPITL,61757,46.39,1.35,0,1
10/2/2025 18:00,EDT,CAPITL,61757,58.32,1.97,0,1
10/2/2025 19:00,EDT,CAPITL,61757,57.53,1.78,0,1
10/2/2025 20:00,EDT,CAPITL,61757,45.93,1.59,0,1
10/2/2025 21:00,EDT,CAPITL,61757,39.99,1.43,0,1
10/2/2025 22:00,EDT,CAPITL,61757,33.64,1.14,0,1
10/2/2025 23:00,EDT,CAPITL,61757,31.7,1.07,0,1
10/3/2025 0:00,EDT,CAPITL,61757,30.31,1.17,0,1
10/3/2025 1:00,EDT,CAPITL,61757,28.19,1.14,0,1
10/3/2025 2:00,EDT,CAPITL,61757,26.98,1.09,0,1
10/3/2025 3:00,EDT,CAPITL,61757,27,1.11,0,1
10/3/2025 4:00,EDT,CAPITL,61757,28.36,1.14,0,1
10/3/2025 5:00,EDT,CAPITL,61757,31.61,1.13,0,1
10/3/2025 6:00,EDT,CAPITL,61757,42.66,1.52,0,1
10/3/2025 7:00,EDT,CAPITL,61757,48.88,1.79,0,1
10/3/2025 8:00,EDT,CAPITL,61757,37.43,1.06,0,1
10/3/2025 9:00,EDT,CAPITL,61757,29.89,0.59,0,1
10/3/2025 10:00,EDT,CAPITL,61757,26.78,0.27,0,1
10/3/2025 11:00,EDT,CAPITL,61757,25.97,0.21,0,1
10/3/2025 12:00,EDT,CAPITL,61757,25.8,0.08,0.04,1
10/3/2025 13:00,EDT,CAPITL,61757,26.76,0.13,0.04,1
10/3/2025 14:00,EDT,CAPITL,61757,28,0.2,0.14,1
10/3/2025 15:00,EDT,CAPITL,61757,30.53,0.22,0.18,1
10/3/2025 16:00,EDT,CAPITL,61757,37.02,0.52,0.5,1
10/3/2025 17:00,EDT,CAPITL,61757,46.82,0.92,0,1
10/3/2025 18:00,EDT,CAPITL,61757,58.57,1.43,0,1
10/3/2025 19:00,EDT,CAPITL,61757,62.4,1.46,0.14,1
10/3/2025 20:00,EDT,CAPITL,61757,45.47,1.15,0,1
10/3/2025 21:00,EDT,CAPITL,61757,39.71,1.08,0,1
10/3/2025 22:00,EDT,CAPITL,61757,34.76,1.01,0,1
10/3/2025 23:00,EDT,CAPITL,61757,32.63,0.92,0,1
10/4/2025 0:00,EDT,CAPITL,61757,32.39,0.82,0,1
10/4/2025 1:00,EDT,CAPITL,61757,28.61,0.7,0,1
10/4/2025 2:00,EDT,CAPITL,61757,27.5,0.7,0,1
10/4/2025 3:00,EDT,CAPITL,61757,25.85,0.63,0,1
10/4/2025 4:00,EDT,CAPITL,61757,26.15,0.64,0,1
10/4/2025 5:00,EDT,CAPITL,61757,28.6,0.72,0,1
10/4/2025 6:00,EDT,CAPITL,61757,38.11,1.07,0,1
10/4/2025 7:00,EDT,CAPITL,61757,39.58,1.12,0,1
10/4/2025 8:00,EDT,CAPITL,61757,33.59,0.66,0,1
10/4/2025 9:00,EDT,CAPITL,61757,27.43,0.35,0,1
10/4/2025 10:00,EDT,CAPITL,61757,26.6,0.24,0,1
10/4/2025 11:00,EDT,CAPITL,61757,26.33,0.13,0,1
10/4/2025 12:00,EDT,CAPITL,61757,27.44,0.11,0,1
10/4/2025 13:00,EDT,CAPITL,61757,29.47,0.18,0.13,1
10/4/2025 14:00,EDT,CAPITL,61757,31.87,0.32,0.16,1
10/4/2025 15:00,EDT,CAPITL,61757,35.64,0.46,0.28,1
10/4/2025 16:00,EDT,CAPITL,61757,44.53,0.74,0,1
10/4/2025 17:00,EDT,CAPITL,61757,64.71,1.39,0,1
10/4/2025 18:00,EDT,CAPITL,61757,74.91,1.76,0.15,1
10/4/2025 19:00,EDT,CAPITL,61757,71.64,1.61,0.05,1
10/4/2025 20:00,EDT,CAPITL,61757,50.52,1.14,0,1
10/4/2025 21:00,EDT,CAPITL,61757,43.44,1.02,0,1
10/4/2025 22:00,EDT,CAPITL,61757,38.06,0.96,0,1
10/4/2025 23:00,EDT,CAPITL,61757,34.56,0.71,0,1
10/5/2025 0:00,EDT,CAPITL,61757,40.48,1.11,-2.17,1
10/5/2025 1:00,EDT,CAPITL,61757,35.54,0.97,-2.06,1
10/5/2025 2:00,EDT,CAPITL,61757,31.32,0.93,-1.37,1
10/5/2025 3:00,EDT,CAPITL,61757,28.33,0.88,0,1
10/5/2025 4:00,EDT,CAPITL,61757,28.72,0.91,-0.2,1
10/5/2025 5:00,EDT,CAPITL,61757,31.32,0.84,-2.6,1
10/5/2025 6:00,EDT,CAPITL,61757,38.87,0.96,-5.85,1
10/5/2025 7:00,EDT,CAPITL,61757,41.01,0.86,-7.07,1
10/5/2025 8:00,EDT,CAPITL,61757,30.19,0.51,-1.54,1
10/5/2025 9:00,EDT,CAPITL,61757,26.38,0.34,0,1
10/5/2025 10:00,EDT,CAPITL,61757,26.33,0.18,0,1
10/5/2025 11:00,EDT,CAPITL,61757,28.36,0.22,0,1
10/5/2025 12:00,EDT,CAPITL,61757,31.63,0.22,0,1
10/5/2025 13:00,EDT,CAPITL,61757,33.49,0.2,0,1
10/5/2025 14:00,EDT,CAPITL,61757,35.75,0.39,0.18,1
10/5/2025 15:00,EDT,CAPITL,61757,42.86,0.55,0.07,1
10/5/2025 16:00,EDT,CAPITL,61757,56.91,1.39,0,1
10/5/2025 17:00,EDT,CAPITL,61757,87.06,3.05,-3.73,1
10/5/2025 18:00,EDT,CAPITL,61757,98.75,3.64,-10.4,1
10/5/2025 19:00,EDT,CAPITL,61757,87.42,2.85,-7.55,1
10/5/2025 20:00,EDT,CAPITL,61757,66.34,1.99,-2.1,1
10/5/2025 21:00,EDT,CAPITL,61757,50.08,1.49,-3.44,1
10/5/2025 22:00,EDT,CAPITL,61757,44.58,1.39,-2.46,1
10/5/2025 23:00,EDT,CAPITL,61757,37.66,1.19,-1.4,1
10/6/2025 0:00,EDT,CAPITL,61757,34.55,0.91,0,1
10/6/2025 1:00,EDT,CAPITL,61757,30.7,0.87,0,1
10/6/2025 2:00,EDT,CAPITL,61757,28.46,0.8,0,1
10/6/2025 3:00,EDT,CAPITL,61757,27.5,0.8,0,1
10/6/2025 4:00,EDT,CAPITL,61757,29,0.84,0,1
10/6/2025 5:00,EDT,CAPITL,61757,32.84,1.02,0,1
10/6/2025 6:00,EDT,CAPITL,61757,44.29,1.43,-6.06,1
10/6/2025 7:00,EDT,CAPITL,61757,49.29,1.58,-3.73,1
10/6/2025 8:00,EDT,CAPITL,61757,45.26,1.3,-0.5,1
10/6/2025 9:00,EDT,CAPITL,61757,38.74,0.83,0,1
10/6/2025 10:00,EDT,CAPITL,61757,41.31,0.65,0.02,1
10/6/2025 11:00,EDT,CAPITL,61757,42.27,0.63,0.06,1
10/6/2025 12:00,EDT,CAPITL,61757,43.45,0.52,0.1,1
10/6/2025 13:00,EDT,CAPITL,61757,48.08,0.38,0.27,1
10/6/2025 14:00,EDT,CAPITL,61757,50.68,0.45,0.37,1
10/6/2025 15:00,EDT,CAPITL,61757,57.37,0.8,0.6,1
10/6/2025 16:00,EDT,CAPITL,61757,77.88,1.98,0.35,1
10/6/2025 17:00,EDT,CAPITL,61757,112.06,3.96,-6.49,1
10/6/2025 18:00,EDT,CAPITL,61757,126.25,4.82,-11.83,1
10/6/2025 19:00,EDT,CAPITL,61757,107.79,3.68,-12.22,1
10/6/2025 20:00,EDT,CAPITL,61757,74.93,2.1,-7.22,1
10/6/2025 21:00,EDT,CAPITL,61757,52.46,1.31,-2.69,1
10/6/2025 22:00,EDT,CAPITL,61757,46.09,1.19,-0.93,1
10/6/2025 23:00,EDT,CAPITL,61757,40.6,1.04,-0.92,1
10/7/2025 0:00,EDT,CAPITL,61757,36.53,1.12,-0.33,1
10/7/2025 1:00,EDT,CAPITL,61757,31.68,0.95,0,1
10/7/2025 2:00,EDT,CAPITL,61757,31.03,1.02,0,1
10/7/2025 3:00,EDT,CAPITL,61757,29.89,1.04,0,1
10/7/2025 4:00,EDT,CAPITL,61757,29.83,1.01,0,1
10/7/2025 5:00,EDT,CAPITL,61757,33.55,1.14,-0.63,1
10/7/2025 6:00,EDT,CAPITL,61757,46.94,1.41,-5.31,1
10/7/2025 7:00,EDT,CAPITL,61757,53.76,1.7,-6.2,1
10/7/2025 8:00,EDT,CAPITL,61757,44.99,1.18,0,1
10/7/2025 9:00,EDT,CAPITL,61757,39.59,0.74,0,1
10/7/2025 10:00,EDT,CAPITL,61757,39.27,0.58,0,1
10/7/2025 11:00,EDT,CAPITL,61757,39.63,0.85,0,1
10/7/2025 12:00,EDT,CAPITL,61757,41.93,0.66,0,1
10/7/2025 13:00,EDT,CAPITL,61757,44.21,0.69,0,1
10/7/2025 14:00,EDT,CAPITL,61757,48,1.03,0,1
10/7/2025 15:00,EDT,CAPITL,61757,56.44,1.38,0,1
10/7/2025 16:00,EDT,CAPITL,61757,76.11,2.65,0.12,1
10/7/2025 17:00,EDT,CAPITL,61757,112.28,4.87,-9.92,1
10/7/2025 18:00,EDT,CAPITL,61757,120.44,5.66,-7.99,1
10/7/2025 19:00,EDT,CAPITL,61757,92.21,3.68,-2.89,1
10/7/2025 20:00,EDT,CAPITL,61757,70.16,2.31,0,1
10/7/2025 21:00,EDT,CAPITL,61757,50.66,1.57,0,1
10/7/2025 22:00,EDT,CAPITL,61757,44.42,1.21,0,1
10/7/2025 23:00,EDT,CAPITL,61757,40.68,1.11,0,1
10/8/2025 0:00,EDT,CAPITL,61757,42.27,1.03,0,1
10/8/2025 1:00,EDT,CAPITL,61757,38.93,0.95,0,1
10/8/2025 2:00,EDT,CAPITL,61757,35.63,0.87,0,1
10/8/2025 3:00,EDT,CAPITL,61757,35.66,0.9,0,1
10/8/2025 4:00,EDT,CAPITL,61757,36.06,0.91,0,1
10/8/2025 5:00,EDT,CAPITL,61757,38.98,1.1,0,1
10/8/2025 6:00,EDT,CAPITL,61757,50.99,1.53,0,1
10/8/2025 7:00,EDT,CAPITL,61757,61.15,1.78,0,1
10/8/2025 8:00,EDT,CAPITL,61757,59.08,1.78,0,1
10/8/2025 9:00,EDT,CAPITL,61757,50.44,1.18,0,1
10/8/2025 10:00,EDT,CAPITL,61757,46.29,1.13,0,1
10/8/2025 11:00,EDT,CAPITL,61757,44.19,0.87,0,1
10/8/2025 12:00,EDT,CAPITL,61757,42.28,0.83,0,1
10/8/2025 13:00,EDT,CAPITL,61757,41.55,0.81,0,1
10/8/2025 14:00,EDT,CAPITL,61757,39.08,0.8,-0.03,1
10/8/2025 15:00,EDT,CAPITL,61757,40.74,0.92,0,1
10/8/2025 16:00,EDT,CAPITL,61757,45.05,1.1,0,1
10/8/2025 17:00,EDT,CAPITL,61757,64.94,1.97,-3.15,1
10/8/2025 18:00,EDT,CAPITL,61757,71.35,2.17,-3.32,1
10/8/2025 19:00,EDT,CAPITL,61757,60.97,1.6,0,1
10/8/2025 20:00,EDT,CAPITL,61757,47.08,1.24,0,1
10/8/2025 21:00,EDT,CAPITL,61757,43.11,1.05,0,1
10/8/2025 22:00,EDT,CAPITL,61757,39.11,0.95,0,1
10/8/2025 23:00,EDT,CAPITL,61757,34.97,0.72,0,1
10/9/2025 0:00,EDT,CAPITL,61757,32.57,0.73,0,1
10/9/2025 1:00,EDT,CAPITL,61757,28.59,0.56,0,1
10/9/2025 2:00,EDT,CAPITL,61757,27.76,0.57,0,1
10/9/2025 3:00,EDT,CAPITL,61757,27.23,0.56,0,1
10/9/2025 4:00,EDT,CAPITL,61757,28.27,0.61,0,1
10/9/2025 5:00,EDT,CAPITL,61757,32.82,0.71,0,1
10/9/2025 6:00,EDT,CAPITL,61757,50.38,1.23,0,1
10/9/2025 7:00,EDT,CAPITL,61757,58.56,1.48,0,1
10/9/2025 8:00,EDT,CAPITL,61757,44.21,0.82,0,1
10/9/2025 9:00,EDT,CAPITL,61757,31.46,0.22,0,1
10/9/2025 10:00,EDT,CAPITL,61757,29.44,0.18,0,1
10/9/2025 11:00,EDT,CAPITL,61757,27.28,0.11,0,1
10/9/2025 12:00,EDT,CAPITL,61757,27.72,0,0,1
10/9/2025 13:00,EDT,CAPITL,61757,28.43,0.06,0,1
10/9/2025 14:00,EDT,CAPITL,61757,27.11,0.16,-0.67,1
10/9/2025 15:00,EDT,CAPITL,61757,29.3,0.37,-0.33,1
10/9/2025 16:00,EDT,CAPITL,61757,34.81,0.38,0,1
10/9/2025 17:00,EDT,CAPITL,61757,49.78,1.03,0,1
10/9/2025 18:00,EDT,CAPITL,61757,62.57,1.41,0,1
10/9/2025 19:00,EDT,CAPITL,61757,62.87,1.47,0,1
10/9/2025 20:00,EDT,CAPITL,61757,47.78,1.08,0,1
10/9/2025 21:00,EDT,CAPITL,61757,42.3,0.83,0,1
10/9/2025 22:00,EDT,CAPITL,61757,39.62,0.74,0,1
10/9/2025 23:00,EDT,CAPITL,61757,35.57,0.63,0,1
10/10/2025 0:00,EDT,CAPITL,61757,37.84,0.67,0,1
10/10/2025 1:00,EDT,CAPITL,61757,34.98,0.72,0,1
10/10/2025 2:00,EDT,CAPITL,61757,33.35,0.75,0,1
10/10/2025 3:00,EDT,CAPITL,61757,32.67,0.76,0,1
10/10/2025 4:00,EDT,CAPITL,61757,33.2,0.78,0,1
10/10/2025 5:00,EDT,CAPITL,61757,37.74,0.99,0,1
10/10/2025 6:00,EDT,CAPITL,61757,56.96,1.55,0,1
10/10/2025 7:00,EDT,CAPITL,61757,71.22,1.87,0,1
10/10/2025 8:00,EDT,CAPITL,61757,46.87,0.87,0,1
10/10/2025 9:00,EDT,CAPITL,61757,35.49,0.53,0,1
10/10/2025 10:00,EDT,CAPITL,61757,30.97,0.24,-0.1,1
10/10/2025 11:00,EDT,CAPITL,61757,30.83,0.15,0,1
10/10/2025 12:00,EDT,CAPITL,61757,28.21,0.06,-0.63,1
10/10/2025 13:00,EDT,CAPITL,61757,26.02,0.08,-1.02,1
10/10/2025 14:00,EDT,CAPITL,61757,26.34,0.1,-1.58,1
10/10/2025 15:00,EDT,CAPITL,61757,29.04,0.24,-2.34,1
10/10/2025 16:00,EDT,CAPITL,61757,34.47,0.52,-1.3,1
10/10/2025 17:00,EDT,CAPITL,61757,48.74,1,0,1
10/10/2025 18:00,EDT,CAPITL,61757,59.99,1.29,0,1
10/10/2025 19:00,EDT,CAPITL,61757,58.81,1.6,0,1
10/10/2025 20:00,EDT,CAPITL,61757,46.63,1.31,0,1
10/10/2025 21:00,EDT,CAPITL,61757,40.72,1.18,0,1
10/10/2025 22:00,EDT,CAPITL,61757,37.31,1.16,0,1
10/10/2025 23:00,EDT,CAPITL,61757,34.14,1.03,0,1
10/11/2025 0:00,EDT,CAPITL,61757,35.48,1.03,0,1
10/11/2025 1:00,EDT,CAPITL,61757,30.26,0.88,0,1
10/11/2025 2:00,EDT,CAPITL,61757,29.12,0.82,0,1
10/11/2025 3:00,EDT,CAPITL,61757,28.02,0.76,0,1
10/11/2025 4:00,EDT,CAPITL,61757,29.28,0.77,0,1
10/11/2025 5:00,EDT,CAPITL,61757,31.59,0.83,0,1
10/11/2025 6:00,EDT,CAPITL,61757,38.87,1.21,0,1
10/11/2025 7:00,EDT,CAPITL,61757,42.54,1.36,0,1
10/11/2025 8:00,EDT,CAPITL,61757,38.01,0.96,0,1
10/11/2025 9:00,EDT,CAPITL,61757,32.81,0.68,0,1
10/11/2025 10:00,EDT,CAPITL,61757,30.93,0.46,0,1
10/11/2025 11:00,EDT,CAPITL,61757,32.56,0.42,0,1
10/11/2025 12:00,EDT,CAPITL,61757,32.72,0.45,0,1
10/11/2025 13:00,EDT,CAPITL,61757,32.89,0.45,0,1
10/11/2025 14:00,EDT,CAPITL,61757,33.84,0.63,0,1
10/11/2025 15:00,EDT,CAPITL,61757,37.33,0.69,0,1
10/11/2025 16:00,EDT,CAPITL,61757,42.46,0.99,0,1
10/11/2025 17:00,EDT,CAPITL,61757,50.32,1.23,0,1
10/11/2025 18:00,EDT,CAPITL,61757,61.1,1.61,0,1
10/11/2025 19:00,EDT,CAPITL,61757,56.26,1.37,0,1
10/11/2025 20:00,EDT,CAPITL,61757,45.25,1.14,0,1
10/11/2025 21:00,EDT,CAPITL,61757,39.63,1,0,1
10/11/2025 22:00,EDT,CAPITL,61757,37.43,0.88,0,1
10/11/2025 23:00,EDT,CAPITL,61757,33.89,0.83,0,1
10/12/2025 0:00,EDT,CAPITL,61757,38.15,1.04,0,1
10/12/2025 1:00,EDT,CAPITL,61757,34.37,0.93,0,1
10/12/2025 2:00,EDT,CAPITL,61757,32.05,0.9,0,1
10/12/2025 3:00,EDT,CAPITL,61757,31.01,0.78,0,1
10/12/2025 4:00,EDT,CAPITL,61757,31.46,0.8,0,1
10/12/2025 5:00,EDT,CAPITL,61757,33.07,0.9,0,1
10/12/2025 6:00,EDT,CAPITL,61757,37.04,0.94,0,1
10/12/2025 7:00,EDT,CAPITL,61757,39.21,0.92,0,1
10/12/2025 8:00,EDT,CAPITL,61757,37.78,0.78,0,1
10/12/2025 9:00,EDT,CAPITL,61757,38.23,0.75,0,1
10/12/2025 10:00,EDT,CAPITL,61757,38.45,0.75,0,1
10/12/2025 11:00,EDT,CAPITL,61757,38.7,0.69,0,1
10/12/2025 12:00,EDT,CAPITL,61757,38.42,0.6,0,1
10/12/2025 13:00,EDT,CAPITL,61757,39.71,0.74,0,1
10/12/2025 14:00,EDT,CAPITL,61757,39.38,0.81,0,1
10/12/2025 15:00,EDT,CAPITL,61757,40.41,0.91,0,1
10/12/2025 16:00,EDT,CAPITL,61757,45.59,1.33,0,1
10/12/2025 17:00,EDT,CAPITL,61757,57.39,1.83,0,1
10/12/2025 18:00,EDT,CAPITL,61757,66.73,2.2,0,1
10/12/2025 19:00,EDT,CAPITL,61757,63.63,1.97,0,1
10/12/2025 20:00,EDT,CAPITL,61757,47.6,1.57,0,1
10/12/2025 21:00,EDT,CAPITL,61757,42.58,1.24,0,1
10/12/2025 22:00,EDT,CAPITL,61757,40.09,1.05,0,1
10/12/2025 23:00,EDT,CAPITL,61757,36.49,0.85,0,1
10/13/2025 0:00,EDT,CAPITL,61757,35.53,0.87,0,1
10/13/2025 1:00,EDT,CAPITL,61757,33.92,0.79,0,1
10/13/2025 2:00,EDT,CAPITL,61757,31.99,0.78,0,1
10/13/2025 3:00,EDT,CAPITL,61757,31.54,0.77,0,1
10/13/2025 4:00,EDT,CAPITL,61757,31.62,0.77,0,1
10/13/2025 5:00,EDT,CAPITL,61757,33.48,0.85,0,1
10/13/2025 6:00,EDT,CAPITL,61757,41.88,1.06,0,1
10/13/2025 7:00,EDT,CAPITL,61757,48.09,1.2,0.92,1
10/13/2025 8:00,EDT,CAPITL,61757,50.86,1.09,0,1
10/13/2025 9:00,EDT,CAPITL,61757,48.05,0.94,0,1
10/13/2025 10:00,EDT,CAPITL,61757,49.64,0.88,0,1
10/13/2025 11:00,EDT,CAPITL,61757,48.49,0.76,0,1
10/13/2025 12:00,EDT,CAPITL,61757,47.47,0.79,0,1
10/13/2025 13:00,EDT,CAPITL,61757,47.45,0.79,0,1
10/13/2025 14:00,EDT,CAPITL,61757,47.17,0.88,0,1
10/13/2025 15:00,EDT,CAPITL,61757,48.2,0.85,0,1
10/13/2025 16:00,EDT,CAPITL,61757,52.44,1.03,0,1
10/13/2025 17:00,EDT,CAPITL,61757,60.98,1.13,0,1
10/13/2025 18:00,EDT,CAPITL,61757,67.56,1.32,0,1
10/13/2025 19:00,EDT,CAPITL,61757,65.93,1.29,0,1
10/13/2025 20:00,EDT,CAPITL,61757,51.25,0.95,0,1
10/13/2025 21:00,EDT,CAPITL,61757,43.63,0.86,0.18,1
10/13/2025 22:00,EDT,CAPITL,61757,41.41,0.74,0.47,1
10/13/2025 23:00,EDT,CAPITL,61757,38.47,0.5,0.54,1
10/14/2025 0:00,EDT,CAPITL,61757,37.76,0.63,0,1
10/14/2025 1:00,EDT,CAPITL,61757,35.75,0.56,0,1
10/14/2025 2:00,EDT,CAPITL,61757,34.03,0.5,0,1
10/14/2025 3:00,EDT,CAPITL,61757,33.98,0.57,0,1
10/14/2025 4:00,EDT,CAPITL,61757,34.37,0.54,0,1
10/14/2025 5:00,EDT,CAPITL,61757,37.42,0.66,0,1
10/14/2025 6:00,EDT,CAPITL,61757,49.92,1.17,0,1
10/14/2025 7:00,EDT,CAPITL,61757,64.39,1.51,0,1
10/14/2025 8:00,EDT,CAPITL,61757,62.19,1.46,0,1
10/14/2025 9:00,EDT,CAPITL,61757,49.87,0.98,0,1
10/14/2025 10:00,EDT,CAPITL,61757,48.92,1.01,0,1
10/14/2025 11:00,EDT,CAPITL,61757,48.32,0.86,0,1
10/14/2025 12:00,EDT,CAPITL,61757,43.39,0.86,3.05,1
10/14/2025 13:00,EDT,CAPITL,61757,43.59,0.96,3.06,1
10/14/2025 14:00,EDT,CAPITL,61757,41.71,0.92,2.94,1
10/14/2025 15:00,EDT,CAPITL,61757,44.62,0.92,0,1
10/14/2025 16:00,EDT,CAPITL,61757,50.36,1.18,0,1
10/14/2025 17:00,EDT,CAPITL,61757,63.86,1.49,0,1
10/14/2025 18:00,EDT,CAPITL,61757,79.68,2.02,0,1
10/14/2025 19:00,EDT,CAPITL,61757,73.15,1.65,0,1
10/14/2025 20:00,EDT,CAPITL,61757,54.79,1.39,0,1
10/14/2025 21:00,EDT,CAPITL,61757,45.56,1.11,0,1
10/14/2025 22:00,EDT,CAPITL,61757,39.99,0.9,0,1
10/14/2025 23:00,EDT,CAPITL,61757,38.18,0.82,0,1
10/15/2025 0:00,EDT,CAPITL,61757,36.43,0.75,0,1
10/15/2025 1:00,EDT,CAPITL,61757,34.26,0.71,0,1
10/15/2025 2:00,EDT,CAPITL,61757,33.94,0.73,0,1
10/15/2025 3:00,EDT,CAPITL,61757,32.99,0.9,0,1
10/15/2025 4:00,EDT,CAPITL,61757,34.19,0.96,0,1
10/15/2025 5:00,EDT,CAPITL,61757,35.74,0.97,0,1
10/15/2025 6:00,EDT,CAPITL,61757,44.95,1.73,0,1
10/15/2025 7:00,EDT,CAPITL,61757,54.4,2.29,0,1
10/15/2025 8:00,EDT,CAPITL,61757,49.31,1.71,0,1
10/15/2025 9:00,EDT,CAPITL,61757,39.07,1.29,0,1
10/15/2025 10:00,EDT,CAPITL,61757,37.59,0.81,0,1
10/15/2025 11:00,EDT,CAPITL,61757,36.49,0.85,0,1
10/15/2025 12:00,EDT,CAPITL,61757,35.94,0.77,0,1
10/15/2025 13:00,EDT,CAPITL,61757,36.44,0.54,0,1
10/15/2025 14:00,EDT,CAPITL,61757,35.74,0.49,0,1
10/15/2025 15:00,EDT,CAPITL,61757,37.43,0.63,0,1
10/15/2025 16:00,EDT,CAPITL,61757,42.06,0.74,0,1
10/15/2025 17:00,EDT,CAPITL,61757,55.83,1.36,0,1
10/15/2025 18:00,EDT,CAPITL,61757,71.5,1.88,0,1
10/15/2025 19:00,EDT,CAPITL,61757,71.17,1.8,0,1
10/15/2025 20:00,EDT,CAPITL,61757,52.91,1.34,0,1
10/15/2025 21:00,EDT,CAPITL,61757,43.73,1.07,0,1
10/15/2025 22:00,EDT,CAPITL,61757,39.12,0.73,0,1
10/15/2025 23:00,EDT,CAPITL,61757,35.26,0.59,0.04,1
10/16/2025 0:00,EDT,CAPITL,61757,36.24,0.78,0.1,1
10/16/2025 1:00,EDT,CAPITL,61757,35.51,0.7,0,1
10/16/2025 2:00,EDT,CAPITL,61757,35.22,0.69,0,1
10/16/2025 3:00,EDT,CAPITL,61757,34.84,0.72,0,1
10/16/2025 4:00,EDT,CAPITL,61757,34.63,0.64,0,1
10/16/2025 5:00,EDT,CAPITL,61757,36.7,0.86,0,1
10/16/2025 6:00,EDT,CAPITL,61757,51.71,1.16,0,1
10/16/2025 7:00,EDT,CAPITL,61757,71.97,1.82,0,1
10/16/2025 8:00,EDT,CAPITL,61757,51.22,0.8,0,1
10/16/2025 9:00,EDT,CAPITL,61757,41.04,0.41,0,1
10/16/2025 10:00,EDT,CAPITL,61757,33.91,0.3,0.18,1
10/16/2025 11:00,EDT,CAPITL,61757,33.05,0.23,0.38,1
10/16/2025 12:00,EDT,CAPITL,61757,30.99,0.25,0.25,1
10/16/2025 13:00,EDT,CAPITL,61757,30.11,0.27,0.19,1
10/16/2025 14:00,EDT,CAPITL,61757,30.04,0.33,0.19,1
10/16/2025 15:00,EDT,CAPITL,61757,32.13,0.41,0,1
10/16/2025 16:00,EDT,CAPITL,61757,37.84,0.59,0,1
10/16/2025 17:00,EDT,CAPITL,61757,53.24,0.99,0,1
10/16/2025 18:00,EDT,CAPITL,61757,68.98,1.48,0,1
10/16/2025 19:00,EDT,CAPITL,61757,70.02,1.64,0,1
10/16/2025 20:00,EDT,CAPITL,61757,51.41,1.16,0,1
10/16/2025 21:00,EDT,CAPITL,61757,44.15,0.99,0,1
10/16/2025 22:00,EDT,CAPITL,61757,41.74,0.9,0,1
10/16/2025 23:00,EDT,CAPITL,61757,38.67,0.68,0,1
10/17/2025 0:00,EDT,CAPITL,61757,39.45,0.77,0,1
10/17/2025 1:00,EDT,CAPITL,61757,36.98,0.76,0,1
10/17/2025 2:00,EDT,CAPITL,61757,35.72,0.74,0,1
10/17/2025 3:00,EDT,CAPITL,61757,35.03,0.69,0,1
10/17/2025 4:00,EDT,CAPITL,61757,35.51,0.7,0,1
10/17/2025 5:00,EDT,CAPITL,61757,38.6,0.8,0.27,1
10/17/2025 6:00,EDT,CAPITL,61757,53.03,0.99,0,1
10/17/2025 7:00,EDT,CAPITL,61757,68.65,1.5,1.03,1
10/17/2025 8:00,EDT,CAPITL,61757,51.31,0.66,0,1
10/17/2025 9:00,EDT,CAPITL,61757,36.48,0.29,0.64,1
10/17/2025 10:00,EDT,CAPITL,61757,32.63,0.17,0.68,1
10/17/2025 11:00,EDT,CAPITL,61757,31.48,0.16,0.74,1
10/17/2025 12:00,EDT,CAPITL,61757,29.79,0.15,0.64,1
10/17/2025 13:00,EDT,CAPITL,61757,29.94,0.21,0.51,1
10/17/2025 14:00,EDT,CAPITL,61757,29.55,0.24,0.52,1
10/17/2025 15:00,EDT,CAPITL,61757,31.92,0.35,0.44,1
10/17/2025 16:00,EDT,CAPITL,61757,38.7,0.58,0.17,1
10/17/2025 17:00,EDT,CAPITL,61757,53.16,1.14,0,1
10/17/2025 18:00,EDT,CAPITL,61757,61.79,1.56,0,1
10/17/2025 19:00,EDT,CAPITL,61757,60.12,1.47,0,1
10/17/2025 20:00,EDT,CAPITL,61757,47.9,1.17,0,1
10/17/2025 21:00,EDT,CAPITL,61757,43.62,0.98,0,1
10/17/2025 22:00,EDT,CAPITL,61757,40.35,0.83,0,1
10/17/2025 23:00,EDT,CAPITL,61757,36.91,0.76,0.14,1
10/18/2025 0:00,EDT,CAPITL,61757,38.75,1.05,0,1
10/18/2025 1:00,EDT,CAPITL,61757,37.21,1.01,0,1
10/18/2025 2:00,EDT,CAPITL,61757,34.13,1,0.13,1
10/18/2025 3:00,EDT,CAPITL,61757,33.04,0.99,0,1
10/18/2025 4:00,EDT,CAPITL,61757,33.93,0.99,0,1
10/18/2025 5:00,EDT,CAPITL,61757,36.54,1.17,0,1
10/18/2025 6:00,EDT,CAPITL,61757,42.55,1.28,0,1
10/18/2025 7:00,EDT,CAPITL,61757,47.42,1.56,0,1
10/18/2025 8:00,EDT,CAPITL,61757,44.12,1.16,0,1
10/18/2025 9:00,EDT,CAPITL,61757,34.27,0.57,0,1
10/18/2025 10:00,EDT,CAPITL,61757,31.89,0.44,0,1
10/18/2025 11:00,EDT,CAPITL,61757,29.16,0.35,0,1
10/18/2025 12:00,EDT,CAPITL,61757,27.98,0.3,0,1
10/18/2025 13:00,EDT,CAPITL,61757,28.39,0.36,0,1
10/18/2025 14:00,EDT,CAPITL,61757,28.23,0.39,0,1
10/18/2025 15:00,EDT,CAPITL,61757,33.18,0.62,0,1
10/18/2025 16:00,EDT,CAPITL,61757,40.29,1.02,0.03,1
10/18/2025 17:00,EDT,CAPITL,61757,54.89,1.81,0.24,1
10/18/2025 18:00,EDT,CAPITL,61757,59.16,2.12,0.27,1
10/18/2025 19:00,EDT,CAPITL,61757,57.36,2.16,0.32,1
10/18/2025 20:00,EDT,CAPITL,61757,44.07,1.75,0.29,1
10/18/2025 21:00,EDT,CAPITL,61757,40.01,1.55,0.15,1
10/18/2025 22:00,EDT,CAPITL,61757,36.49,1.44,0.06,1
10/18/2025 23:00,EDT,CAPITL,61757,33.43,1.22,0,1
10/19/2025 0:00,EDT,CAPITL,61757,38.12,1.25,0,1
10/19/2025 1:00,EDT,CAPITL,61757,35.55,1.2,0,1
10/19/2025 2:00,EDT,CAPITL,61757,33.49,1.16,0,1
10/19/2025 3:00,EDT,CAPITL,61757,31.2,1.08,0,1
10/19/2025 4:00,EDT,CAPITL,61757,30.59,1.06,0,1
10/19/2025 5:00,EDT,CAPITL,61757,32.56,1.13,0,1
10/19/2025 6:00,EDT,CAPITL,61757,33.46,1.13,0,1
10/19/2025 7:00,EDT,CAPITL,61757,34.99,1.28,0,1
10/19/2025 8:00,EDT,CAPITL,61757,31.88,0.99,0,1
10/19/2025 9:00,EDT,CAPITL,61757,27.25,0.69,0,1
10/19/2025 10:00,EDT,CAPITL,61757,25.91,0.58,0,1
10/19/2025 11:00,EDT,CAPITL,61757,25.08,0.49,0,1
10/19/2025 12:00,EDT,CAPITL,61757,25.64,0.53,0,1
10/19/2025 13:00,EDT,CAPITL,61757,26.83,0.53,0,1
10/19/2025 14:00,EDT,CAPITL,61757,29.06,0.65,0,1
10/19/2025 15:00,EDT,CAPITL,61757,32.6,0.86,0,1
10/19/2025 16:00,EDT,CAPITL,61757,39.9,1.2,0,1
10/19/2025 17:00,EDT,CAPITL,61757,50.55,1.9,0,1
10/19/2025 18:00,EDT,CAPITL,61757,61.45,2.53,0,1
10/19/2025 19:00,EDT,CAPITL,61757,58.08,2.24,0,1
10/19/2025 20:00,EDT,CAPITL,61757,46.3,1.78,0,1
10/19/2025 21:00,EDT,CAPITL,61757,41.33,1.48,0,1
10/19/2025 22:00,EDT,CAPITL,61757,36.53,1.34,0,1
10/19/2025 23:00,EDT,CAPITL,61757,33.24,1.12,0,1
10/20/2025 0:00,EDT,CAPITL,61757,33.88,1.21,0,1
10/20/2025 1:00,EDT,CAPITL,61757,31.8,1.1,0,1
10/20/2025 2:00,EDT,CAPITL,61757,30.95,1.02,0,1
10/20/2025 3:00,EDT,CAPITL,61757,30.7,0.98,0,1
10/20/2025 4:00,EDT,CAPITL,61757,30.71,1.01,0,1
10/20/2025 5:00,EDT,CAPITL,61757,35.69,1.21,0,1
10/20/2025 6:00,EDT,CAPITL,61757,45.4,1.41,0,1
10/20/2025 7:00,EDT,CAPITL,61757,56.21,1.85,0.05,1
10/20/2025 8:00,EDT,CAPITL,61757,56.75,1.65,0.07,1
10/20/2025 9:00,EDT,CAPITL,61757,53.78,1.46,0,1
10/20/2025 10:00,EDT,CAPITL,61757,52.15,1.32,0.19,1
10/20/2025 11:00,EDT,CAPITL,61757,48.48,1.09,0,1
10/20/2025 12:00,EDT,CAPITL,61757,45.4,1.02,0,1
10/20/2025 13:00,EDT,CAPITL,61757,44.09,1.03,0,1
10/20/2025 14:00,EDT,CAPITL,61757,43.45,1.1,0,1
10/20/2025 15:00,EDT,CAPITL,61757,44.45,1.17,0,1
10/20/2025 16:00,EDT,CAPITL,61757,50.56,1.47,0,1
10/20/2025 17:00,EDT,CAPITL,61757,61,1.95,0,1
10/20/2025 18:00,EDT,CAPITL,61757,69.9,2.17,0,1
10/20/2025 19:00,EDT,CAPITL,61757,67.93,2.05,0.21,1
10/20/2025 20:00,EDT,CAPITL,61757,52.54,1.48,0,1
10/20/2025 21:00,EDT,CAPITL,61757,44.59,1.26,0,1
10/20/2025 22:00,EDT,CAPITL,61757,38.61,1.12,0,1
10/20/2025 23:00,EDT,CAPITL,61757,35.69,1.07,0,1
10/21/2025 0:00,EDT,CAPITL,61757,34.16,1.28,0,1
10/21/2025 1:00,EDT,CAPITL,61757,31.43,1.18,0,1
10/21/2025 2:00,EDT,CAPITL,61757,31.39,1.09,0,1
10/21/2025 3:00,EDT,CAPITL,61757,30.27,1.11,0,1
10/21/2025 4:00,EDT,CAPITL,61757,31.51,1.18,0,1
10/21/2025 5:00,EDT,CAPITL,61757,36.82,1.35,0,1
10/21/2025 6:00,EDT,CAPITL,61757,54.38,2.34,0,1
10/21/2025 7:00,EDT,CAPITL,61757,76.43,3.37,0.1,1
10/21/2025 8:00,EDT,CAPITL,61757,54.32,2.04,0.04,1
10/21/2025 9:00,EDT,CAPITL,61757,40.06,1.17,0,1
10/21/2025 10:00,EDT,CAPITL,61757,35.94,0.91,0,1
10/21/2025 11:00,EDT,CAPITL,61757,32.79,0.77,0.25,1
10/21/2025 12:00,EDT,CAPITL,61757,34.37,0.68,0.48,1
10/21/2025 13:00,EDT,CAPITL,61757,30.04,0.77,0.41,1
10/21/2025 14:00,EDT,CAPITL,61757,35.14,0.81,0.64,1
10/21/2025 15:00,EDT,CAPITL,61757,38.43,0.88,0.54,1
10/21/2025 16:00,EDT,CAPITL,61757,48.54,1.28,0.03,1
10/21/2025 17:00,EDT,CAPITL,61757,67.82,2.42,0.08,1
10/21/2025 18:00,EDT,CAPITL,61757,80.02,3.21,-0.43,1
10/21/2025 19:00,EDT,CAPITL,61757,73.84,2.77,0.11,1
10/21/2025 20:00,EDT,CAPITL,61757,57.05,2.14,0.03,1
10/21/2025 21:00,EDT,CAPITL,61757,47.52,1.7,0,1
10/21/2025 22:00,EDT,CAPITL,61757,40.21,1.32,0,1
10/21/2025 23:00,EDT,CAPITL,61757,37.09,1.26,0.14,1
10/22/2025 0:00,EDT,CAPITL,61757,38.99,0.99,0,1
10/22/2025 1:00,EDT,CAPITL,61757,36.54,0.92,0,1
10/22/2025 2:00,EDT,CAPITL,61757,35.58,0.83,0,1
10/22/2025 3:00,EDT,CAPITL,61757,35,0.89,0,1
10/22/2025 4:00,EDT,CAPITL,61757,35.16,0.92,0,1
10/22/2025 5:00,EDT,CAPITL,61757,38.03,1.15,0.33,1
10/22/2025 6:00,EDT,CAPITL,61757,54.16,1.56,1.27,1
10/22/2025 7:00,EDT,CAPITL,61757,68.48,1.96,1.04,1
10/22/2025 8:00,EDT,CAPITL,61757,66.22,1.2,1.44,1
10/22/2025 9:00,EDT,CAPITL,61757,47.6,0.62,0.57,1
10/22/2025 10:00,EDT,CAPITL,61757,44.35,0.49,0.49,1
10/22/2025 11:00,EDT,CAPITL,61757,40.58,0.49,0.33,1
10/22/2025 12:00,EDT,CAPITL,61757,40.24,0.08,0.18,1
10/22/2025 13:00,EDT,CAPITL,61757,39.19,0.04,0.43,1
10/22/2025 14:00,EDT,CAPITL,61757,39.34,0.28,0.42,1
10/22/2025 15:00,EDT,CAPITL,61757,41.44,0.42,0.49,1
10/22/2025 16:00,EDT,CAPITL,61757,46.27,0.74,0.91,1
10/22/2025 17:00,EDT,CAPITL,61757,62.39,1.38,1.79,1
10/22/2025 18:00,EDT,CAPITL,61757,67.87,1.7,1.9,1
10/22/2025 19:00,EDT,CAPITL,61757,66.84,1.39,0.49,1
10/22/2025 20:00,EDT,CAPITL,61757,54.59,1.23,0,1
10/22/2025 21:00,EDT,CAPITL,61757,48.16,1.08,0,1
10/22/2025 22:00,EDT,CAPITL,61757,41.29,0.97,0,1
10/22/2025 23:00,EDT,CAPITL,61757,39.2,1.03,0,1
10/23/2025 0:00,EDT,CAPITL,61757,34.87,1.11,0,1
10/23/2025 1:00,EDT,CAPITL,61757,33.75,0.95,0,1
10/23/2025 2:00,EDT,CAPITL,61757,34.3,1.03,0,1
10/23/2025 3:00,EDT,CAPITL,61757,33.71,1.04,0,1
10/23/2025 4:00,EDT,CAPITL,61757,33.76,1.05,0,1
10/23/2025 5:00,EDT,CAPITL,61757,37.29,1.19,0,1
10/23/2025 6:00,EDT,CAPITL,61757,51.72,1.75,0,1
10/23/2025 7:00,EDT,CAPITL,61757,66.6,2.44,0,1
10/23/2025 8:00,EDT,CAPITL,61757,55.24,1.71,0,1
10/23/2025 9:00,EDT,CAPITL,61757,45.27,1.1,0,1
10/23/2025 10:00,EDT,CAPITL,61757,42.05,0.66,0,1
10/23/2025 11:00,EDT,CAPITL,61757,39.43,0.43,0.08,1
10/23/2025 12:00,EDT,CAPITL,61757,39.93,0.44,0.03,1
10/23/2025 13:00,EDT,CAPITL,61757,38.42,0.42,0.15,1
10/23/2025 14:00,EDT,CAPITL,61757,38.64,0.72,0.16,1
10/23/2025 15:00,EDT,CAPITL,61757,40.89,0.84,0.03,1
10/23/2025 16:00,EDT,CAPITL,61757,49.22,1.39,0,1
10/23/2025 17:00,EDT,CAPITL,61757,64.61,2,0,1
10/23/2025 18:00,EDT,CAPITL,61757,76.02,2.21,0.01,1
10/23/2025 19:00,EDT,CAPITL,61757,76.14,1.93,0,1
10/23/2025 20:00,EDT,CAPITL,61757,59.73,1.46,0,1
10/23/2025 21:00,EDT,CAPITL,61757,50.88,1.09,0,1
10/23/2025 22:00,EDT,CAPITL,61757,45.14,0.93,0,1
10/23/2025 23:00,EDT,CAPITL,61757,41.34,0.89,0,1
10/24/2025 0:00,EDT,CAPITL,61757,39.38,0.81,0,1
10/24/2025 1:00,EDT,CAPITL,61757,37.47,0.81,0,1
10/24/2025 2:00,EDT,CAPITL,61757,37.36,0.8,0,1
10/24/2025 3:00,EDT,CAPITL,61757,36.82,0.79,0,1
10/24/2025 4:00,EDT,CAPITL,61757,37.12,0.87,0,1
10/24/2025 5:00,EDT,CAPITL,61757,42.68,1.04,0,1
10/24/2025 6:00,EDT,CAPITL,61757,64.1,1.74,0,1
10/24/2025 7:00,EDT,CAPITL,61757,84.3,2.22,0,1
10/24/2025 8:00,EDT,CAPITL,61757,72.39,1.49,0,1
10/24/2025 9:00,EDT,CAPITL,61757,51.22,0.51,0,1
10/24/2025 10:00,EDT,CAPITL,61757,44.79,0.22,0,1
10/24/2025 11:00,EDT,CAPITL,61757,41.87,0.21,0,1
10/24/2025 12:00,EDT,CAPITL,61757,40.87,0.2,0,1
10/24/2025 13:00,EDT,CAPITL,61757,41.91,0.29,0,1
10/24/2025 14:00,EDT,CAPITL,61757,41.43,0.41,0,1
10/24/2025 15:00,EDT,CAPITL,61757,43.22,0.51,0,1
10/24/2025 16:00,EDT,CAPITL,61757,52.18,1.07,0,1
10/24/2025 17:00,EDT,CAPITL,61757,65.63,1.73,0,1
10/24/2025 18:00,EDT,CAPITL,61757,83.35,2.27,0.04,1
10/24/2025 19:00,EDT,CAPITL,61757,72.99,1.64,0.01,1
10/24/2025 20:00,EDT,CAPITL,61757,62.3,1.4,0,1
10/24/2025 21:00,EDT,CAPITL,61757,51.34,0.91,0,1
10/24/2025 22:00,EDT,CAPITL,61757,47.61,0.89,0,1
10/24/2025 23:00,EDT,CAPITL,61757,44.9,0.92,0,1
10/25/2025 0:00,EDT,CAPITL,61757,46.73,0.96,0,1
10/25/2025 1:00,EDT,CAPITL,61757,45.59,0.94,0,1
10/25/2025 2:00,EDT,CAPITL,61757,42.25,0.83,0,1
10/25/2025 3:00,EDT,CAPITL,61757,40.34,0.79,0,1
10/25/2025 4:00,EDT,CAPITL,61757,41.06,0.8,0,1
10/25/2025 5:00,EDT,CAPITL,61757,42.91,0.97,0,1
10/25/2025 6:00,EDT,CAPITL,61757,57.16,1.06,0,1
10/25/2025 7:00,EDT,CAPITL,61757,72.18,1.55,0,1
10/25/2025 8:00,EDT,CAPITL,61757,63.14,0.87,0,1
10/25/2025 9:00,EDT,CAPITL,61757,44.68,0.13,0,1
10/25/2025 10:00,EDT,CAPITL,61757,40.18,0.04,0,1
10/25/2025 11:00,EDT,CAPITL,61757,38.89,-0.04,0,1
10/25/2025 12:00,EDT,CAPITL,61757,38.05,-0.04,0,1
10/25/2025 13:00,EDT,CAPITL,61757,38.76,0.04,0,1
10/25/2025 14:00,EDT,CAPITL,61757,39.32,0.12,0,1
10/25/2025 15:00,EDT,CAPITL,61757,42.59,0.38,0,1
10/25/2025 16:00,EDT,CAPITL,61757,49.37,0.68,0,1
10/25/2025 17:00,EDT,CAPITL,61757,64.43,1.26,0,1
10/25/2025 18:00,EDT,CAPITL,61757,75.82,1.77,0,1
10/25/2025 19:00,EDT,CAPITL,61757,71.55,1.47,0,1
10/25/2025 20:00,EDT,CAPITL,61757,59.83,1.23,0,1
10/25/2025 21:00,EDT,CAPITL,61757,52.66,1.03,0,1
10/25/2025 22:00,EDT,CAPITL,61757,47.84,0.8,0,1
10/25/2025 23:00,EDT,CAPITL,61757,45.04,0.84,0,1
10/26/2025 0:00,EDT,CAPITL,61757,48.6,1.04,0,1
10/26/2025 1:00,EDT,CAPITL,61757,46.99,1.06,0,1
10/26/2025 2:00,EDT,CAPITL,61757,44.9,1.01,0,1
10/26/2025 3:00,EDT,CAPITL,61757,42.47,0.87,0,1
10/26/2025 4:00,EDT,CAPITL,61757,42.21,0.87,0,1
10/26/2025 5:00,EDT,CAPITL,61757,43.78,0.9,0,1
10/26/2025 6:00,EDT,CAPITL,61757,49.84,0.88,0,1
10/26/2025 7:00,EDT,CAPITL,61757,59.43,0.99,0,1
10/26/2025 8:00,EDT,CAPITL,61757,57.19,0.79,0,1
10/26/2025 9:00,EDT,CAPITL,61757,47.58,0.42,0,1
10/26/2025 10:00,EDT,CAPITL,61757,45.06,0.27,0,1
10/26/2025 11:00,EDT,CAPITL,61757,41.93,0.17,0,1
10/26/2025 12:00,EDT,CAPITL,61757,40.7,0.16,0,1
10/26/2025 13:00,EDT,CAPITL,61757,40.7,0.32,0,1
10/26/2025 14:00,EDT,CAPITL,61757,42.45,0.38,0,1
10/26/2025 15:00,EDT,CAPITL,61757,44.25,0.53,0,1
10/26/2025 16:00,EDT,CAPITL,61757,53.48,0.95,0,1
10/26/2025 17:00,EDT,CAPITL,61757,66.47,1.43,0,1
10/26/2025 18:00,EDT,CAPITL,61757,82.58,1.78,0,1
10/26/2025 19:00,EDT,CAPITL,61757,80.06,1.8,0,1
10/26/2025 20:00,EDT,CAPITL,61757,64.53,1.45,0,1
10/26/2025 21:00,EDT,CAPITL,61757,57.99,1.19,0,1
10/26/2025 22:00,EDT,CAPITL,61757,53.2,1.04,0,1
10/26/2025 23:00,EDT,CAPITL,61757,48.37,0.9,0,1
10/27/2025 0:00,EDT,CAPITL,61757,45.91,1.03,0,1
10/27/2025 1:00,EDT,CAPITL,61757,44.92,0.97,0,1
10/27/2025 2:00,EDT,CAPITL,61757,42.94,0.92,0,1
10/27/2025 3:00,EDT,CAPITL,61757,42.11,0.87,0,1
10/27/2025 4:00,EDT,CAPITL,61757,43.99,0.95,0,1
10/27/2025 5:00,EDT,CAPITL,61757,47.58,1.07,0,1
10/27/2025 6:00,EDT,CAPITL,61757,74.55,1.96,0,1
10/27/2025 7:00,EDT,CAPITL,61757,99.37,3.17,0,1
10/27/2025 8:00,EDT,CAPITL,61757,81.48,1.44,0,1
10/27/2025 9:00,EDT,CAPITL,61757,53.51,0.48,0,1
10/27/2025 10:00,EDT,CAPITL,61757,46.34,0.05,0,1
10/27/2025 11:00,EDT,CAPITL,61757,44.69,0.09,0,1
10/27/2025 12:00,EDT,CAPITL,61757,44.03,0.13,0,1
10/27/2025 13:00,EDT,CAPITL,61757,44.66,0.18,0,1
10/27/2025 14:00,EDT,CAPITL,61757,44.94,0.31,0,1
10/27/2025 15:00,EDT,CAPITL,61757,49.63,0.59,0,1
10/27/2025 16:00,EDT,CAPITL,61757,57.87,1.08,0,1
10/27/2025 17:00,EDT,CAPITL,61757,80.31,1.81,0,1
10/27/2025 18:00,EDT,CAPITL,61757,97.56,2.65,0,1
10/27/2025 19:00,EDT,CAPITL,61757,92.31,2.08,0,1
10/27/2025 20:00,EDT,CAPITL,61757,72.99,1.78,0,1
10/27/2025 21:00,EDT,CAPITL,61757,58.02,1.31,0,1
10/27/2025 22:00,EDT,CAPITL,61757,53.51,1.1,0,1
10/27/2025 23:00,EDT,CAPITL,61757,49.72,0.88,0,1
10/28/2025 0:00,EDT,CAPITL,61757,47.4,0.93,0,1
10/28/2025 1:00,EDT,CAPITL,61757,44.15,0.82,0,1
10/28/2025 2:00,EDT,CAPITL,61757,41.11,0.76,0,1
10/28/2025 3:00,EDT,CAPITL,61757,40.95,0.8,0,1
10/28/2025 4:00,EDT,CAPITL,61757,42.12,0.83,0,1
10/28/2025 5:00,EDT,CAPITL,61757,49.54,1.11,0,1
10/28/2025 6:00,EDT,CAPITL,61757,73.43,1.79,0,1
10/28/2025 7:00,EDT,CAPITL,61757,98.14,2.95,0,1
10/28/2025 8:00,EDT,CAPITL,61757,80.29,1.34,0,1
10/28/2025 9:00,EDT,CAPITL,61757,49.12,0.44,0,1
10/28/2025 10:00,EDT,CAPITL,61757,42.26,0.21,0,1
10/28/2025 11:00,EDT,CAPITL,61757,39.6,0.16,0,1
10/28/2025 12:00,EDT,CAPITL,61757,37.78,0.15,0,1
10/28/2025 13:00,EDT,CAPITL,61757,38.36,0.27,0,1
10/28/2025 14:00,EDT,CAPITL,61757,38.83,0.31,0,1
10/28/2025 15:00,EDT,CAPITL,61757,42.35,0.33,0,1
10/28/2025 16:00,EDT,CAPITL,61757,52.11,0.77,0,1
10/28/2025 17:00,EDT,CAPITL,61757,72.15,1.55,0,1
10/28/2025 18:00,EDT,CAPITL,61757,89.86,2.19,0,1
10/28/2025 19:00,EDT,CAPITL,61757,83.04,1.47,0,1
10/28/2025 20:00,EDT,CAPITL,61757,64.85,1.46,0,1
10/28/2025 21:00,EDT,CAPITL,61757,54.32,1.17,0,1
10/28/2025 22:00,EDT,CAPITL,61757,48.03,0.75,0,1
10/28/2025 23:00,EDT,CAPITL,61757,44.75,0.53,0,1
10/29/2025 0:00,EDT,CAPITL,61757,43.73,1.11,0,1
10/29/2025 1:00,EDT,CAPITL,61757,42.51,1.08,0,1
10/29/2025 2:00,EDT,CAPITL,61757,41.12,1,0,1
10/29/2025 3:00,EDT,CAPITL,61757,40.65,1.03,0,1
10/29/2025 4:00,EDT,CAPITL,61757,41.22,1.01,0,1
10/29/2025 5:00,EDT,CAPITL,61757,44.64,1,0,1
10/29/2025 6:00,EDT,CAPITL,61757,64.05,1.62,0,1
10/29/2025 7:00,EDT,CAPITL,61757,90.88,1.87,0,1
10/29/2025 8:00,EDT,CAPITL,61757,78.55,1.46,0,1
10/29/2025 9:00,EDT,CAPITL,61757,52.54,0.78,0,1
10/29/2025 10:00,EDT,CAPITL,61757,46.29,0.82,0,1
10/29/2025 11:00,EDT,CAPITL,61757,45.02,0.75,0,1
10/29/2025 12:00,EDT,CAPITL,61757,43.78,0.73,0,1
10/29/2025 13:00,EDT,CAPITL,61757,43.07,0.68,0,1
10/29/2025 14:00,EDT,CAPITL,61757,43.57,0.81,0,1
10/29/2025 15:00,EDT,CAPITL,61757,45.8,0.85,0,1
10/29/2025 16:00,EDT,CAPITL,61757,54.66,1.28,0,1
10/29/2025 17:00,EDT,CAPITL,61757,69.05,1.88,0,1
10/29/2025 18:00,EDT,CAPITL,61757,87.68,2.56,0.21,1
10/29/2025 19:00,EDT,CAPITL,61757,77.23,1.81,0,1
10/29/2025 20:00,EDT,CAPITL,61757,60.98,1.72,0,1
10/29/2025 21:00,EDT,CAPITL,61757,52.58,1.43,0,1
10/29/2025 22:00,EDT,CAPITL,61757,46.27,0.99,0,1
10/29/2025 23:00,EDT,CAPITL,61757,44.18,0.91,0,1
10/30/2025 0:00,EDT,CAPITL,61757,41.22,1.12,0,1
10/30/2025 1:00,EDT,CAPITL,61757,39.3,1.03,0,1
10/30/2025 2:00,EDT,CAPITL,61757,38.48,1.01,0,1
10/30/2025 3:00,EDT,CAPITL,61757,38.07,1,0,1
10/30/2025 4:00,EDT,CAPITL,61757,38.98,1.06,0,1
10/30/2025 5:00,EDT,CAPITL,61757,41.88,1.14,0,1
10/30/2025 6:00,EDT,CAPITL,61757,55.2,1.29,0,1
10/30/2025 7:00,EDT,CAPITL,61757,65.88,1.79,0,1
10/30/2025 8:00,EDT,CAPITL,61757,73.35,1.72,0,1
10/30/2025 9:00,EDT,CAPITL,61757,62.48,1.34,0,1
10/30/2025 10:00,EDT,CAPITL,61757,63.76,1.43,0,1
10/30/2025 11:00,EDT,CAPITL,61757,61.19,1.26,0,1
10/30/2025 12:00,EDT,CAPITL,61757,58.78,1.21,0,1
10/30/2025 13:00,EDT,CAPITL,61757,58.7,1.32,0,1
10/30/2025 14:00,EDT,CAPITL,61757,55.43,1.3,0,1
10/30/2025 15:00,EDT,CAPITL,61757,59.21,1.67,0,1
10/30/2025 16:00,EDT,CAPITL,61757,61.33,1.78,0,1
10/30/2025 17:00,EDT,CAPITL,61757,69.56,2.29,0,1
10/30/2025 18:00,EDT,CAPITL,61757,76.17,2.29,0,1
10/30/2025 19:00,EDT,CAPITL,61757,69.27,1.95,0,1
10/30/2025 20:00,EDT,CAPITL,61757,61.08,2.01,0,1
10/30/2025 21:00,EDT,CAPITL,61757,51.95,1.61,0,1
10/30/2025 22:00,EDT,CAPITL,61757,45.81,1.2,0,1
10/30/2025 23:00,EDT,CAPITL,61757,42.41,1.07,0,1
10/31/2025 0:00,EDT,CAPITL,61757,41.32,1.01,0,1
10/31/2025 1:00,EDT,CAPITL,61757,38.06,0.96,0,1
10/31/2025 2:00,EDT,CAPITL,61757,37.59,0.92,0,1
10/31/2025 3:00,EDT,CAPITL,61757,36.48,0.96,0,1
10/31/2025 4:00,EDT,CAPITL,61757,36.92,0.93,0,1
10/31/2025 5:00,EDT,CAPITL,61757,39.15,1.03,0,1
10/31/2025 6:00,EDT,CAPITL,61757,50.08,1.32,0,1
10/31/2025 7:00,EDT,CAPITL,61757,60.6,1.53,0,1
10/31/2025 8:00,EDT,CAPITL,61757,64.41,1.38,0,1
10/31/2025 9:00,EDT,CAPITL,61757,52.69,1.09,0,1
10/31/2025 10:00,EDT,CAPITL,61757,50.02,0.89,0,1
10/31/2025 11:00,EDT,CAPITL,61757,49.01,0.82,0,1
10/31/2025 12:00,EDT,CAPITL,61757,47.08,0.83,0,1
10/31/2025 13:00,EDT,CAPITL,61757,47.95,0.94,0,1
10/31/2025 14:00,EDT,CAPITL,61757,46.68,1.09,0,1
10/31/2025 15:00,EDT,CAPITL,61757,49.38,1.3,0,1
10/31/2025 16:00,EDT,CAPITL,61757,54.27,1.58,0,1
10/31/2025 17:00,EDT,CAPITL,61757,56.58,1.91,0,1
10/31/2025 18:00,EDT,CAPITL,61757,62.67,2.12,0,1
10/31/2025 19:00,EDT,CAPITL,61757,57.13,1.88,0,1
10/31/2025 20:00,EDT,CAPITL,61757,50.46,1.8,0,1
10/31/2025 21:00,EDT,CAPITL,61757,44.19,1.49,0,1
10/31/2025 22:00,EDT,CAPITL,61757,42.72,1.53,0,1
10/31/2025 23:00,EDT,CAPITL,61757,39.94,1.2,0,1
11/1/2025 0:00,EDT,CAPITL,61757,41.8,1.53,0,1
11/1/2025 1:00,EDT,CAPITL,61757,39.59,1.3,0,1
11/1/2025 2:00,EDT,CAPITL,61757,37.64,1.17,0,1
11/1/2025 3:00,EDT,CAPITL,61757,37.64,1.24,0,1
11/1/2025 4:00,EDT,CAPITL,61757,38.07,1.21,0,1
11/1/2025 5:00,EDT,CAPITL,61757,39.09,1.36,0,1
11/1/2025 6:00,EDT,CAPITL,61757,46.53,1.57,0,1
11/1/2025 7:00,EDT,CAPITL,61757,53.85,1.92,0,1
11/1/2025 8:00,EDT,CAPITL,61757,54.75,1.8,0,1
11/1/2025 9:00,EDT,CAPITL,61757,43.38,1.22,0,1
11/1/2025 10:00,EDT,CAPITL,61757,39.28,1.11,0,1
11/1/2025 11:00,EDT,CAPITL,61757,37.94,0.85,0,1
11/1/2025 12:00,EDT,CAPITL,61757,36.02,0.77,0,1
11/1/2025 13:00,EDT,CAPITL,61757,35.81,0.74,0,1
11/1/2025 14:00,EDT,CAPITL,61757,35.95,0.91,0,1
11/1/2025 15:00,EDT,CAPITL,61757,37.17,1.01,0,1
11/1/2025 16:00,EDT,CAPITL,61757,44.98,1.22,0,1
11/1/2025 17:00,EDT,CAPITL,61757,61.61,1.97,0,1
11/1/2025 18:00,EDT,CAPITL,61757,72.43,2.31,0,1
11/1/2025 19:00,EDT,CAPITL,61757,66.48,1.87,0,1
11/1/2025 20:00,EDT,CAPITL,61757,59.1,1.61,0,1
11/1/2025 21:00,EDT,CAPITL,61757,52.55,1.38,0,1
11/1/2025 22:00,EDT,CAPITL,61757,50,1.07,0,1
11/1/2025 23:00,EDT,CAPITL,61757,45.18,0.84,0,1
11/2/2025 0:00,EDT,CAPITL,61757,49.96,1.36,0,1
11/2/2025 1:00,EDT,CAPITL,61757,52.73,1.29,0,1
11/2/2025 1:00,EST,CAPITL,61757,51.44,1.35,0,1
11/2/2025 2:00,EST,CAPITL,61757,42.62,1,0,1
11/2/2025 3:00,EST,CAPITL,61757,40.49,0.95,0,1
11/2/2025 4:00,EST,CAPITL,61757,38.97,0.8,0,1
11/2/2025 5:00,EST,CAPITL,61757,42.17,1.03,0,1
11/2/2025 6:00,EST,CAPITL,61757,49.31,1.15,0,1
11/2/2025 7:00,EST,CAPITL,61757,51.29,1.3,0,1
11/2/2025 8:00,EST,CAPITL,61757,45.85,0.99,0,1
11/2/2025 9:00,EST,CAPITL,61757,37.74,0.63,0,1
11/2/2025 10:00,EST,CAPITL,61757,32.97,0.39,0,1
11/2/2025 11:00,EST,CAPITL,61757,33.02,0.36,0,1
11/2/2025 12:00,EST,CAPITL,61757,34.11,0.41,0,1
11/2/2025 13:00,EST,CAPITL,61757,34.83,0.58,0,1
11/2/2025 14:00,EST,CAPITL,61757,36.5,0.75,0,1
11/2/2025 15:00,EST,CAPITL,61757,42.92,1.09,0,1
11/2/2025 16:00,EST,CAPITL,61757,57.48,1.73,0,1
11/2/2025 17:00,EST,CAPITL,61757,73.87,2.43,0,1
11/2/2025 18:00,EST,CAPITL,61757,75.25,2.48,0,1
11/2/2025 19:00,EST,CAPITL,61757,67.81,2.35,0,1
11/2/2025 20:00,EST,CAPITL,61757,59.78,2.02,0,1
11/2/2025 21:00,EST,CAPITL,61757,54.37,1.89,0,1
11/2/2025 22:00,EST,CAPITL,61757,48.41,1.37,0,1
11/2/2025 23:00,EST,CAPITL,61757,44.65,1.26,0,1
11/3/2025 0:00,EST,CAPITL,61757,45.27,1.66,0,1
11/3/2025 1:00,EST,CAPITL,61757,39.52,1.45,0,1
11/3/2025 2:00,EST,CAPITL,61757,38.07,1.43,0,1
11/3/2025 3:00,EST,CAPITL,61757,37.56,1.48,0,1
11/3/2025 4:00,EST,CAPITL,61757,37.52,1.44,0,1
11/3/2025 5:00,EST,CAPITL,61757,44.46,1.71,0,1
11/3/2025 6:00,EST,CAPITL,61757,62.64,2.58,0,1
11/3/2025 7:00,EST,CAPITL,61757,66.97,2.58,0,1
11/3/2025 8:00,EST,CAPITL,61757,58.96,2.05,0,1
11/3/2025 9:00,EST,CAPITL,61757,48.5,1.37,0,1
11/3/2025 10:00,EST,CAPITL,61757,46.03,1.34,0,1
11/3/2025 11:00,EST,CAPITL,61757,45.92,1.25,0,1
11/3/2025 12:00,EST,CAPITL,61757,46.46,1.18,0,1
11/3/2025 13:00,EST,CAPITL,61757,49.9,1.55,0,1
11/3/2025 14:00,EST,CAPITL,61757,53.27,1.9,0,1
11/3/2025 15:00,EST,CAPITL,61757,57.97,2.3,-0.81,1
11/3/2025 16:00,EST,CAPITL,61757,74,3.03,-2.06,1
11/3/2025 17:00,EST,CAPITL,61757,84.4,3.55,0,1
11/3/2025 18:00,EST,CAPITL,61757,80.62,3.55,0,1
11/3/2025 19:00,EST,CAPITL,61757,71.07,3.13,0,1
11/3/2025 20:00,EST,CAPITL,61757,64.02,2.63,-3.09,1
11/3/2025 21:00,EST,CAPITL,61757,55.62,2.17,-3.04,1
11/3/2025 22:00,EST,CAPITL,61757,47.76,1.85,-1.93,1
11/3/2025 23:00,EST,CAPITL,61757,42.81,1.65,0,1
11/4/2025 0:00,EST,CAPITL,61757,39.69,1.49,0,1
11/4/2025 1:00,EST,CAPITL,61757,36.81,1.38,0,1
11/4/2025 2:00,EST,CAPITL,61757,36.05,1.35,0,1
11/4/2025 3:00,EST,CAPITL,61757,35.43,1.27,0,1
11/4/2025 4:00,EST,CAPITL,61757,36.99,1.32,0,1
11/4/2025 5:00,EST,CAPITL,61757,41.03,1.62,0,1
11/4/2025 6:00,EST,CAPITL,61757,59.07,2.27,0,1
11/4/2025 7:00,EST,CAPITL,61757,68.25,2.5,0,1
11/4/2025 8:00,EST,CAPITL,61757,46.16,0.64,0,1
11/4/2025 9:00,EST,CAPITL,61757,38.73,0.34,0,1
11/4/2025 10:00,EST,CAPITL,61757,34.77,0.24,0,1
11/4/2025 11:00,EST,CAPITL,61757,34.2,0.21,0,1
11/4/2025 12:00,EST,CAPITL,61757,34.35,0.51,0,1
11/4/2025 13:00,EST,CAPITL,61757,35.95,0.6,0,1
11/4/2025 14:00,EST,CAPITL,61757,39.44,0.81,0,1
11/4/2025 15:00,EST,CAPITL,61757,46.75,1.14,0,1
11/4/2025 16:00,EST,CAPITL,61757,66.26,2.05,0,1
11/4/2025 17:00,EST,CAPITL,61757,90.11,2.79,0,1
11/4/2025 18:00,EST,CAPITL,61757,83.67,2.43,0,1
11/4/2025 19:00,EST,CAPITL,61757,69.85,2.1,0,1
11/4/2025 20:00,EST,CAPITL,61757,61.24,1.95,0,1
11/4/2025 21:00,EST,CAPITL,61757,53.13,1.45,0,1
11/4/2025 22:00,EST,CAPITL,61757,48.46,1.41,0,1
11/4/2025 23:00,EST,CAPITL,61757,44.8,1.22,0,1
11/5/2025 0:00,EST,CAPITL,61757,42.67,0.96,0,1
11/5/2025 1:00,EST,CAPITL,61757,39.12,0.95,0,1
11/5/2025 2:00,EST,CAPITL,61757,39.06,0.91,0,1
11/5/2025 3:00,EST,CAPITL,61757,37.85,0.85,0,1
11/5/2025 4:00,EST,CAPITL,61757,39.92,0.97,0,1
11/5/2025 5:00,EST,CAPITL,61757,47.11,1.37,0,1
11/5/2025 6:00,EST,CAPITL,61757,60.09,1.75,0,1
11/5/2025 7:00,EST,CAPITL,61757,68.82,1.94,0,1
11/5/2025 8:00,EST,CAPITL,61757,58.42,1.43,0,1
11/5/2025 9:00,EST,CAPITL,61757,49.54,1.11,0,1
11/5/2025 10:00,EST,CAPITL,61757,44.98,1.1,0,1
11/5/2025 11:00,EST,CAPITL,61757,45.23,0.97,0,1
11/5/2025 12:00,EST,CAPITL,61757,43.73,0.9,0,1
11/5/2025 13:00,EST,CAPITL,61757,45.09,0.93,0,1
11/5/2025 14:00,EST,CAPITL,61757,48.81,1.19,0,1
11/5/2025 15:00,EST,CAPITL,61757,55.4,1.51,0,1
11/5/2025 16:00,EST,CAPITL,61757,69.74,2.1,0,1
11/5/2025 17:00,EST,CAPITL,61757,79.79,2.32,0,1
11/5/2025 18:00,EST,CAPITL,61757,69.56,2.16,0,1
11/5/2025 19:00,EST,CAPITL,61757,58.58,1.65,0,1
11/5/2025 20:00,EST,CAPITL,61757,53.65,1.56,0,1
11/5/2025 21:00,EST,CAPITL,61757,48.28,1.4,0,1
11/5/2025 22:00,EST,CAPITL,61757,44.07,1.28,0,1
11/5/2025 23:00,EST,CAPITL,61757,38.95,1.1,0,1
11/6/2025 0:00,EST,CAPITL,61757,38.07,1.21,0,1
11/6/2025 1:00,EST,CAPITL,61757,35.26,1.22,0,1
11/6/2025 2:00,EST,CAPITL,61757,34.99,1.15,0,1
11/6/2025 3:00,EST,CAPITL,61757,34.84,1.15,0,1
11/6/2025 4:00,EST,CAPITL,61757,36.1,1.12,0,1
11/6/2025 5:00,EST,CAPITL,61757,41.23,1.36,0,1
11/6/2025 6:00,EST,CAPITL,61757,58.76,1.87,0,1
11/6/2025 7:00,EST,CAPITL,61757,67.08,2.08,0,1
11/6/2025 8:00,EST,CAPITL,61757,52.39,0.93,0,1
11/6/2025 9:00,EST,CAPITL,61757,41.99,0.58,0,1
11/6/2025 10:00,EST,CAPITL,61757,39.41,0.31,0,1
11/6/2025 11:00,EST,CAPITL,61757,37.09,0.44,0,1
11/6/2025 12:00,EST,CAPITL,61757,39.19,0.35,0,1
11/6/2025 13:00,EST,CAPITL,61757,39.26,0.39,0,1
11/6/2025 14:00,EST,CAPITL,61757,41.93,0.5,0,1
11/6/2025 15:00,EST,CAPITL,61757,50.68,0.9,0,1
11/6/2025 16:00,EST,CAPITL,61757,72.29,1.83,0,1
11/6/2025 17:00,EST,CAPITL,61757,87.27,2.13,0,1
11/6/2025 18:00,EST,CAPITL,61757,84.2,2.21,0,1
11/6/2025 19:00,EST,CAPITL,61757,71.56,1.75,0,1
11/6/2025 20:00,EST,CAPITL,61757,60.77,1.54,0,1
11/6/2025 21:00,EST,CAPITL,61757,52.62,1.13,0,1
11/6/2025 22:00,EST,CAPITL,61757,46.53,0.91,0,1
11/6/2025 23:00,EST,CAPITL,61757,44.92,1.01,0,1
11/7/2025 0:00,EST,CAPITL,61757,44.21,1.03,0,1
11/7/2025 1:00,EST,CAPITL,61757,40.85,1,0,1
11/7/2025 2:00,EST,CAPITL,61757,40.78,1,0,1
11/7/2025 3:00,EST,CAPITL,61757,39.75,1.05,0,1
11/7/2025 4:00,EST,CAPITL,61757,39.41,1.04,0,1
11/7/2025 5:00,EST,CAPITL,61757,45.63,1.46,0,1
11/7/2025 6:00,EST,CAPITL,61757,61.8,1.97,0,1
11/7/2025 7:00,EST,CAPITL,61757,70.83,2.26,0,1
11/7/2025 8:00,EST,CAPITL,61757,56.91,1.55,0,1
11/7/2025 9:00,EST,CAPITL,61757,50.03,1.27,0,1
11/7/2025 10:00,EST,CAPITL,61757,45.55,1.11,0,1
11/7/2025 11:00,EST,CAPITL,61757,44.42,1.04,0,1
11/7/2025 12:00,EST,CAPITL,61757,43.53,1.02,0,1
11/7/2025 13:00,EST,CAPITL,61757,45.68,1.16,0,1
11/7/2025 14:00,EST,CAPITL,61757,49.91,1.45,0,1
11/7/2025 15:00,EST,CAPITL,61757,54.73,1.7,0,1
11/7/2025 16:00,EST,CAPITL,61757,57.26,1.56,0,1
11/7/2025 17:00,EST,CAPITL,61757,74.31,2.37,0,1
11/7/2025 18:00,EST,CAPITL,61757,65.18,2.14,0,1
11/7/2025 19:00,EST,CAPITL,61757,57.84,1.9,0,1
11/7/2025 20:00,EST,CAPITL,61757,53.6,1.86,0,1
11/7/2025 21:00,EST,CAPITL,61757,46.73,1.62,0,1
11/7/2025 22:00,EST,CAPITL,61757,42.82,1.49,0,1
11/7/2025 23:00,EST,CAPITL,61757,41.55,1.37,0,1
11/8/2025 0:00,EST,CAPITL,61757,40.03,1.24,0,1
11/8/2025 1:00,EST,CAPITL,61757,36.86,1.11,0,1
11/8/2025 2:00,EST,CAPITL,61757,35.92,1.01,0,1
11/8/2025 3:00,EST,CAPITL,61757,35.18,1.09,0,1
11/8/2025 4:00,EST,CAPITL,61757,35.99,1.01,0,1
11/8/2025 5:00,EST,CAPITL,61757,39.37,1.22,0,1
11/8/2025 6:00,EST,CAPITL,61757,46.25,1.3,0,1
11/8/2025 7:00,EST,CAPITL,61757,47.31,1.33,0,1
11/8/2025 8:00,EST,CAPITL,61757,45.41,1.02,0,1
11/8/2025 9:00,EST,CAPITL,61757,39.68,0.62,0,1
11/8/2025 10:00,EST,CAPITL,61757,38.24,0.57,0,1
11/8/2025 11:00,EST,CAPITL,61757,36.64,0.4,0,1
11/8/2025 12:00,EST,CAPITL,61757,35.65,0.28,0,1
11/8/2025 13:00,EST,CAPITL,61757,37.01,0.4,0,1
11/8/2025 14:00,EST,CAPITL,61757,37.76,0.45,0,1
11/8/2025 15:00,EST,CAPITL,61757,47.5,0.88,0,1
11/8/2025 16:00,EST,CAPITL,61757,59.21,1.27,0,1
11/8/2025 17:00,EST,CAPITL,61757,75.82,1.56,0,1
11/8/2025 18:00,EST,CAPITL,61757,71.65,1.54,0,1
11/8/2025 19:00,EST,CAPITL,61757,66.62,1.69,0,1
11/8/2025 20:00,EST,CAPITL,61757,56.05,1.26,0,1
11/8/2025 21:00,EST,CAPITL,61757,48.49,0.9,0,1
11/8/2025 22:00,EST,CAPITL,61757,43.55,0.9,0,1
11/8/2025 23:00,EST,CAPITL,61757,41.9,0.94,0,1
11/9/2025 0:00,EST,CAPITL,61757,49.69,1.21,0,1
11/9/2025 1:00,EST,CAPITL,61757,46.58,1.23,0,1
11/9/2025 2:00,EST,CAPITL,61757,42.12,1.15,0,1
11/9/2025 3:00,EST,CAPITL,61757,40.58,1.1,0,1
11/9/2025 4:00,EST,CAPITL,61757,39.7,1.16,0,1
11/9/2025 5:00,EST,CAPITL,61757,43.2,1.42,0,1
11/9/2025 6:00,EST,CAPITL,61757,48.89,1.52,0,1
11/9/2025 7:00,EST,CAPITL,61757,50.09,1.41,0,1
11/9/2025 8:00,EST,CAPITL,61757,44.11,1.12,0,1
11/9/2025 9:00,EST,CAPITL,61757,50.24,1.46,0,1
11/9/2025 10:00,EST,CAPITL,61757,50.83,1.38,0,1
11/9/2025 11:00,EST,CAPITL,61757,49.8,1.5,0,1
11/9/2025 12:00,EST,CAPITL,61757,52.8,1.83,0,1
11/9/2025 13:00,EST,CAPITL,61757,55.19,1.82,0,1
11/9/2025 14:00,EST,CAPITL,61757,57.08,2.09,0,1
11/9/2025 15:00,EST,CAPITL,61757,60.99,2.35,0,1
11/9/2025 16:00,EST,CAPITL,61757,63.76,2.51,0,1
11/9/2025 17:00,EST,CAPITL,61757,81.43,2.91,0,1
11/9/2025 18:00,EST,CAPITL,61757,79.7,2.99,0,1
11/9/2025 19:00,EST,CAPITL,61757,67.46,2.41,0,1
11/9/2025 20:00,EST,CAPITL,61757,59.92,2.08,0,1
11/9/2025 21:00,EST,CAPITL,61757,50.89,1.44,0,1
11/9/2025 22:00,EST,CAPITL,61757,45.47,1.28,0,1
11/9/2025 23:00,EST,CAPITL,61757,42.04,1.14,0,1
11/10/2025 0:00,EST,CAPITL,61757,44.94,1.05,0,1
11/10/2025 1:00,EST,CAPITL,61757,40.98,1.04,0,1
11/10/2025 2:00,EST,CAPITL,61757,40.15,1.02,0,1
11/10/2025 3:00,EST,CAPITL,61757,38.56,1.01,0,1
11/10/2025 4:00,EST,CAPITL,61757,39.46,1.11,0,1
11/10/2025 5:00,EST,CAPITL,61757,45.89,1.46,0,1
11/10/2025 6:00,EST,CAPITL,61757,59.69,1.9,0,1
11/10/2025 7:00,EST,CAPITL,61757,69.41,1.96,0,1
11/10/2025 8:00,EST,CAPITL,61757,63.4,1.48,0,1
11/10/2025 9:00,EST,CAPITL,61757,60.91,1.25,0,1
11/10/2025 10:00,EST,CAPITL,61757,60.01,1.4,0,1
11/10/2025 11:00,EST,CAPITL,61757,59.31,1.22,0,1
11/10/2025 12:00,EST,CAPITL,61757,59.31,1.33,0,1
11/10/2025 13:00,EST,CAPITL,61757,61.58,1.39,0,1
11/10/2025 14:00,EST,CAPITL,61757,60.88,1.49,0,1
11/10/2025 15:00,EST,CAPITL,61757,68.87,1.87,0,1
11/10/2025 16:00,EST,CAPITL,61757,86.28,2.27,0,1
11/10/2025 17:00,EST,CAPITL,61757,107.83,2.84,0,1
11/10/2025 18:00,EST,CAPITL,61757,96.01,2.71,0,1
11/10/2025 19:00,EST,CAPITL,61757,83.49,2.2,0,1
11/10/2025 20:00,EST,CAPITL,61757,69.05,1.88,0,1
11/10/2025 21:00,EST,CAPITL,61757,62.33,1.76,0,1
11/10/2025 22:00,EST,CAPITL,61757,53.67,1.81,0,1
11/10/2025 23:00,EST,CAPITL,61757,50.92,1.58,0,1
11/11/2025 0:00,EST,CAPITL,61757,47.29,1.29,0,1
11/11/2025 1:00,EST,CAPITL,61757,46.69,1.45,0,1
11/11/2025 2:00,EST,CAPITL,61757,43.85,1.4,0,1
11/11/2025 3:00,EST,CAPITL,61757,43.39,1.35,0,1
11/11/2025 4:00,EST,CAPITL,61757,46.15,1.52,0,1
11/11/2025 5:00,EST,CAPITL,61757,50.92,1.82,0,1
11/11/2025 6:00,EST,CAPITL,61757,67.59,2.6,0,1
11/11/2025 7:00,EST,CAPITL,61757,77.91,2.85,0,1
11/11/2025 8:00,EST,CAPITL,61757,65.67,2.04,0,1
11/11/2025 9:00,EST,CAPITL,61757,61.75,1.8,0,1
11/11/2025 10:00,EST,CAPITL,61757,61.87,1.86,0,1
11/11/2025 11:00,EST,CAPITL,61757,59.18,1.89,0,1
11/11/2025 12:00,EST,CAPITL,61757,57.78,1.84,0,1
11/11/2025 13:00,EST,CAPITL,61757,58.25,1.92,0,1
11/11/2025 14:00,EST,CAPITL,61757,58.96,2.11,0,1
11/11/2025 15:00,EST,CAPITL,61757,63.55,2.33,0,1
11/11/2025 16:00,EST,CAPITL,61757,84.52,3.56,0,1
11/11/2025 17:00,EST,CAPITL,61757,110.82,3.96,0,1
11/11/2025 18:00,EST,CAPITL,61757,97.63,3.66,0,1
11/11/2025 19:00,EST,CAPITL,61757,87.58,2.96,0,1
11/11/2025 20:00,EST,CAPITL,61757,71.82,2.63,0,1
11/11/2025 21:00,EST,CAPITL,61757,64.27,2.29,0,1
11/11/2025 22:00,EST,CAPITL,61757,55.65,1.88,0,1
11/11/2025 23:00,EST,CAPITL,61757,51.35,1.64,0,1
11/12/2025 0:00,EST,CAPITL,61757,49.42,1.76,0,1
11/12/2025 1:00,EST,CAPITL,61757,45.63,1.67,0,1
11/12/2025 2:00,EST,CAPITL,61757,44.45,1.67,0,1
11/12/2025 3:00,EST,CAPITL,61757,44.2,1.7,0,1
11/12/2025 4:00,EST,CAPITL,61757,44.71,1.6,0,1
11/12/2025 5:00,EST,CAPITL,61757,48.29,1.81,0,1
11/12/2025 6:00,EST,CAPITL,61757,70.14,2.17,0,1
11/12/2025 7:00,EST,CAPITL,61757,88.91,2.68,0,1
11/12/2025 8:00,EST,CAPITL,61757,79.93,2.25,0,1
11/12/2025 9:00,EST,CAPITL,61757,69.36,1.89,0,1
11/12/2025 10:00,EST,CAPITL,61757,65.06,1.4,0,1
11/12/2025 11:00,EST,CAPITL,61757,63.65,1.49,0,1
11/12/2025 12:00,EST,CAPITL,61757,61.65,1.21,0,1
11/12/2025 13:00,EST,CAPITL,61757,63.33,1.48,0,1
11/12/2025 14:00,EST,CAPITL,61757,63.77,1.68,0,1
11/12/2025 15:00,EST,CAPITL,61757,66.37,1.68,0,1
11/12/2025 16:00,EST,CAPITL,61757,75.14,2.04,0,1
11/12/2025 17:00,EST,CAPITL,61757,87.57,2.47,0,1
11/12/2025 18:00,EST,CAPITL,61757,82.57,2.33,0,1
11/12/2025 19:00,EST,CAPITL,61757,74.99,2.04,0,1
11/12/2025 20:00,EST,CAPITL,61757,65.87,1.86,0,1
11/12/2025 21:00,EST,CAPITL,61757,59.1,1.61,0,1
11/12/2025 22:00,EST,CAPITL,61757,52.64,1.73,0,1
11/12/2025 23:00,EST,CAPITL,61757,47.13,1.42,0,1
11/13/2025 0:00,EST,CAPITL,61757,45.65,1.54,0,1
11/13/2025 1:00,EST,CAPITL,61757,44.85,1.6,0,1
11/13/2025 2:00,EST,CAPITL,61757,42.71,1.52,0,1
11/13/2025 3:00,EST,CAPITL,61757,42.66,1.48,0,1
11/13/2025 4:00,EST,CAPITL,61757,42.48,1.44,0,1
11/13/2025 5:00,EST,CAPITL,61757,44.89,1.56,0,1
11/13/2025 6:00,EST,CAPITL,61757,65.21,2.2,0,1
11/13/2025 7:00,EST,CAPITL,61757,78.09,2.2,0,1
11/13/2025 8:00,EST,CAPITL,61757,63.26,1.66,0,1
11/13/2025 9:00,EST,CAPITL,61757,57.72,1.35,0,1
11/13/2025 10:00,EST,CAPITL,61757,54.43,1.38,0,1
11/13/2025 11:00,EST,CAPITL,61757,52.46,1.23,0,1
11/13/2025 12:00,EST,CAPITL,61757,52.26,1.22,0,1
11/13/2025 13:00,EST,CAPITL,61757,53.05,1.24,0,1
11/13/2025 14:00,EST,CAPITL,61757,54.07,1.32,0,1
11/13/2025 15:00,EST,CAPITL,61757,61.89,1.63,0,1
11/13/2025 16:00,EST,CAPITL,61757,71.6,2.28,0,1
11/13/2025 17:00,EST,CAPITL,61757,90.79,2.56,0,1
11/13/2025 18:00,EST,CAPITL,61757,80.98,2.44,0,1
11/13/2025 19:00,EST,CAPITL,61757,68.64,1.94,0,1
11/13/2025 20:00,EST,CAPITL,61757,61.66,1.68,0,1
11/13/2025 21:00,EST,CAPITL,61757,57.78,1.57,0,1
11/13/2025 22:00,EST,CAPITL,61757,53.03,1.6,0,1
11/13/2025 23:00,EST,CAPITL,61757,49.41,1.44,0,1
11/14/2025 0:00,EST,CAPITL,61757,52,1.41,0,1
11/14/2025 1:00,EST,CAPITL,61757,46.39,1.31,0,1
11/14/2025 2:00,EST,CAPITL,61757,45.25,1.23,0,1
11/14/2025 3:00,EST,CAPITL,61757,44.45,1.25,0,1
11/14/2025 4:00,EST,CAPITL,61757,46.43,1.26,0,1
11/14/2025 5:00,EST,CAPITL,61757,51.83,1.61,0,1
11/14/2025 6:00,EST,CAPITL,61757,71.05,2.27,0,1
11/14/2025 7:00,EST,CAPITL,61757,90.32,2.55,0,1
11/14/2025 8:00,EST,CAPITL,61757,67.47,1.19,0,1
11/14/2025 9:00,EST,CAPITL,61757,56.45,0.62,0,1
11/14/2025 10:00,EST,CAPITL,61757,52.82,0.21,0,1
11/14/2025 11:00,EST,CAPITL,61757,49.72,0.35,0,1
11/14/2025 12:00,EST,CAPITL,61757,52.35,0.37,0,1
11/14/2025 13:00,EST,CAPITL,61757,54.73,0.76,0,1
11/14/2025 14:00,EST,CAPITL,61757,59.73,0.94,0,1
11/14/2025 15:00,EST,CAPITL,61757,66.01,1.1,0,1
11/14/2025 16:00,EST,CAPITL,61757,84.02,1.97,0,1
11/14/2025 17:00,EST,CAPITL,61757,97.57,2.57,0,1
11/14/2025 18:00,EST,CAPITL,61757,86.2,2.18,0,1
11/14/2025 19:00,EST,CAPITL,61757,75.83,1.99,0,1
11/14/2025 20:00,EST,CAPITL,61757,65.06,1.65,0,1
11/14/2025 21:00,EST,CAPITL,61757,60.17,1.29,0,1
11/14/2025 22:00,EST,CAPITL,61757,54.63,0.91,0,1
11/14/2025 23:00,EST,CAPITL,61757,50.73,0.85,0,1
11/15/2025 0:00,EST,CAPITL,61757,55.79,0.99,0,1
11/15/2025 1:00,EST,CAPITL,61757,55.25,1.03,0,1
11/15/2025 2:00,EST,CAPITL,61757,51.4,1.01,0,1
11/15/2025 3:00,EST,CAPITL,61757,51.46,0.96,0,1
11/15/2025 4:00,EST,CAPITL,61757,50.95,0.95,0,1
11/15/2025 5:00,EST,CAPITL,61757,53.01,1.09,0,1
11/15/2025 6:00,EST,CAPITL,61757,65.09,1.46,0,1
11/15/2025 7:00,EST,CAPITL,61757,65.85,1.54,0,1
11/15/2025 8:00,EST,CAPITL,61757,56.98,1.06,0,1
11/15/2025 9:00,EST,CAPITL,61757,51.8,0.71,0,1
11/15/2025 10:00,EST,CAPITL,61757,47.93,0.52,0,1
11/15/2025 11:00,EST,CAPITL,61757,45.49,0.4,0,1
11/15/2025 12:00,EST,CAPITL,61757,45.64,0.54,0,1
11/15/2025 13:00,EST,CAPITL,61757,48.01,0.71,0,1
11/15/2025 14:00,EST,CAPITL,61757,52.95,1.19,0,1
11/15/2025 15:00,EST,CAPITL,61757,60.98,1.77,0,1
11/15/2025 16:00,EST,CAPITL,61757,65.92,2.1,0,1
11/15/2025 17:00,EST,CAPITL,61757,73.54,2.35,0,1
11/15/2025 18:00,EST,CAPITL,61757,68.19,2.24,0,1
11/15/2025 19:00,EST,CAPITL,61757,62.53,2.06,0,1
11/15/2025 20:00,EST,CAPITL,61757,54.95,1.86,0,1
11/15/2025 21:00,EST,CAPITL,61757,49.78,1.68,0,1
11/15/2025 22:00,EST,CAPITL,61757,47.03,1.55,0,1
11/15/2025 23:00,EST,CAPITL,61757,45.6,1.54,0,1
11/16/2025 0:00,EST,CAPITL,61757,41.26,1.7,0,1
11/16/2025 1:00,EST,CAPITL,61757,39.3,1.65,0,1
11/16/2025 2:00,EST,CAPITL,61757,38.36,1.65,0,1
11/16/2025 3:00,EST,CAPITL,61757,37.34,1.61,0,1
11/16/2025 4:00,EST,CAPITL,61757,35.51,1.49,0,1
11/16/2025 5:00,EST,CAPITL,61757,36.45,1.6,0,1
11/16/2025 6:00,EST,CAPITL,61757,39.14,1.65,0,1
11/16/2025 7:00,EST,CAPITL,61757,41.4,1.71,0,1
11/16/2025 8:00,EST,CAPITL,61757,39.59,1.52,0,1
11/16/2025 9:00,EST,CAPITL,61757,38.73,1.42,0,1
11/16/2025 10:00,EST,CAPITL,61757,37.7,1.41,0,1
11/16/2025 11:00,EST,CAPITL,61757,37.36,1.44,0,1
11/16/2025 12:00,EST,CAPITL,61757,39.74,1.57,0,1
11/16/2025 13:00,EST,CAPITL,61757,40.34,1.66,0,1
11/16/2025 14:00,EST,CAPITL,61757,42.42,1.79,0,1
11/16/2025 15:00,EST,CAPITL,61757,46.97,2.11,0,1
11/16/2025 16:00,EST,CAPITL,61757,54.47,2.49,0,1
11/16/2025 17:00,EST,CAPITL,61757,64.28,2.83,0,1
11/16/2025 18:00,EST,CAPITL,61757,60.92,2.63,0,1
11/16/2025 19:00,EST,CAPITL,61757,54.09,2.28,0,1
11/16/2025 20:00,EST,CAPITL,61757,48.66,2.05,0,1
11/16/2025 21:00,EST,CAPITL,61757,45.25,2.03,0,1
11/16/2025 22:00,EST,CAPITL,61757,41.8,1.8,0,1
11/16/2025 23:00,EST,CAPITL,61757,41.22,1.89,0,1
11/17/2025 0:00,EST,CAPITL,61757,41.83,1.76,0,1
11/17/2025 1:00,EST,CAPITL,61757,38.49,1.55,0,1
11/17/2025 2:00,EST,CAPITL,61757,36.83,1.48,0,1
11/17/2025 3:00,EST,CAPITL,61757,36.51,1.47,0,1
11/17/2025 4:00,EST,CAPITL,61757,38.53,1.55,0,1
11/17/2025 5:00,EST,CAPITL,61757,42.04,1.77,0,1
11/17/2025 6:00,EST,CAPITL,61757,58.41,2.41,0,1
11/17/2025 7:00,EST,CAPITL,61757,70.04,2.95,0,1
11/17/2025 8:00,EST,CAPITL,61757,58.18,2.18,0,1
11/17/2025 9:00,EST,CAPITL,61757,54.05,1.83,0,1
11/17/2025 10:00,EST,CAPITL,61757,53.18,1.6,0,1
11/17/2025 11:00,EST,CAPITL,61757,51.98,1.56,0,1
11/17/2025 12:00,EST,CAPITL,61757,51.72,1.56,0,1
11/17/2025 13:00,EST,CAPITL,61757,52.67,1.63,0,1
11/17/2025 14:00,EST,CAPITL,61757,54.06,1.83,0,1
11/17/2025 15:00,EST,CAPITL,61757,57.62,2.11,0,1
11/17/2025 16:00,EST,CAPITL,61757,69.95,2.69,0,1
11/17/2025 17:00,EST,CAPITL,61757,91.1,3.84,0,1
11/17/2025 18:00,EST,CAPITL,61757,81.17,3.2,0,1
11/17/2025 19:00,EST,CAPITL,61757,69.3,2.73,0,1
11/17/2025 20:00,EST,CAPITL,61757,63.76,2.63,0,1
11/17/2025 21:00,EST,CAPITL,61757,58.24,2.29,0,1
11/17/2025 22:00,EST,CAPITL,61757,52.67,1.88,0,1
11/17/2025 23:00,EST,CAPITL,61757,49.74,1.82,0,1
11/18/2025 0:00,EST,CAPITL,61757,44.98,1.65,0,1
11/18/2025 1:00,EST,CAPITL,61757,43,1.61,0,1
11/18/2025 2:00,EST,CAPITL,61757,42.84,1.57,0,1
11/18/2025 3:00,EST,CAPITL,61757,42.76,1.6,0,1
11/18/2025 4:00,EST,CAPITL,61757,43.6,1.51,0,1
11/18/2025 5:00,EST,CAPITL,61757,45.48,1.58,0,1
11/18/2025 6:00,EST,CAPITL,61757,63.03,2.43,0,1
11/18/2025 7:00,EST,CAPITL,61757,79.35,2.83,0,1
11/18/2025 8:00,EST,CAPITL,61757,57.22,1.72,0,1
11/18/2025 9:00,EST,CAPITL,61757,51.41,1.3,0,1
11/18/2025 10:00,EST,CAPITL,61757,47.2,1.1,0,1
11/18/2025 11:00,EST,CAPITL,61757,45.7,1.03,0,1
11/18/2025 12:00,EST,CAPITL,61757,45,0.97,0,1
11/18/2025 13:00,EST,CAPITL,61757,47.07,1.06,0,1
11/18/2025 14:00,EST,CAPITL,61757,48.6,1.19,0,1
11/18/2025 15:00,EST,CAPITL,61757,57.26,1.67,0,1
11/18/2025 16:00,EST,CAPITL,61757,71.68,2.56,0,1
11/18/2025 17:00,EST,CAPITL,61757,95.78,3.32,0,1
11/18/2025 18:00,EST,CAPITL,61757,84.19,2.77,0,1
11/18/2025 19:00,EST,CAPITL,61757,73.83,2.29,0,1
11/18/2025 20:00,EST,CAPITL,61757,66.46,2.12,0,1
11/18/2025 21:00,EST,CAPITL,61757,58.47,1.76,0,1
11/18/2025 22:00,EST,CAPITL,61757,54.43,1.74,0,1
11/18/2025 23:00,EST,CAPITL,61757,49.64,1.54,0,1
11/19/2025 0:00,EST,CAPITL,61757,54.56,1.59,0,1
11/19/2025 1:00,EST,CAPITL,61757,52.23,1.62,0,1
11/19/2025 2:00,EST,CAPITL,61757,50.71,1.53,0,1
11/19/2025 3:00,EST,CAPITL,61757,51.42,1.55,0,1
11/19/2025 4:00,EST,CAPITL,61757,52.2,1.62,0,1
11/19/2025 5:00,EST,CAPITL,61757,55.45,1.92,0,1
11/19/2025 6:00,EST,CAPITL,61757,77.51,2.84,0,1
11/19/2025 7:00,EST,CAPITL,61757,91.37,3.34,0,1
11/19/2025 8:00,EST,CAPITL,61757,63.8,1.86,0,1
11/19/2025 9:00,EST,CAPITL,61757,56.72,1.22,0,1
11/19/2025 10:00,EST,CAPITL,61757,48.34,0.86,0,1
11/19/2025 11:00,EST,CAPITL,61757,47.78,0.94,0,1
11/19/2025 12:00,EST,CAPITL,61757,47.06,0.97,0,1
11/19/2025 13:00,EST,CAPITL,61757,48.05,0.89,0,1
11/19/2025 14:00,EST,CAPITL,61757,51.05,1.15,0,1
11/19/2025 15:00,EST,CAPITL,61757,62.32,1.81,0,1
11/19/2025 16:00,EST,CAPITL,61757,81.07,2.81,0,1
11/19/2025 17:00,EST,CAPITL,61757,98.86,3.53,0,1
11/19/2025 18:00,EST,CAPITL,61757,86.47,3.16,0,1
11/19/2025 19:00,EST,CAPITL,61757,79.73,3.07,0,1
11/19/2025 20:00,EST,CAPITL,61757,70.21,2.63,0,1
11/19/2025 21:00,EST,CAPITL,61757,62.22,2.28,0,1
11/19/2025 22:00,EST,CAPITL,61757,57.28,1.99,0,1
11/19/2025 23:00,EST,CAPITL,61757,54.74,1.85,0,1
11/20/2025 0:00,EST,CAPITL,61757,52.52,1.73,0,1
11/20/2025 1:00,EST,CAPITL,61757,48.99,1.7,0,1
11/20/2025 2:00,EST,CAPITL,61757,46.63,1.58,0,1
11/20/2025 3:00,EST,CAPITL,61757,46.05,1.6,0,1
11/20/2025 4:00,EST,CAPITL,61757,47.34,1.64,0,1
11/20/2025 5:00,EST,CAPITL,61757,52.5,1.97,0,1
11/20/2025 6:00,EST,CAPITL,61757,76.29,3.14,0,1
11/20/2025 7:00,EST,CAPITL,61757,89.28,3.6,0,1
11/20/2025 8:00,EST,CAPITL,61757,66.4,2.43,0,1
11/20/2025 9:00,EST,CAPITL,61757,57.96,1.8,0,1
11/20/2025 10:00,EST,CAPITL,61757,51.67,1.36,0,1
11/20/2025 11:00,EST,CAPITL,61757,47.02,1.19,0,1
11/20/2025 12:00,EST,CAPITL,61757,47.49,1.16,0,1
11/20/2025 13:00,EST,CAPITL,61757,49.39,1.16,0,1
11/20/2025 14:00,EST,CAPITL,61757,49.76,1.21,0,1
11/20/2025 15:00,EST,CAPITL,61757,57.17,1.82,0,1
11/20/2025 16:00,EST,CAPITL,61757,73.83,2.64,0,1
11/20/2025 17:00,EST,CAPITL,61757,84.57,3.33,0,1
11/20/2025 18:00,EST,CAPITL,61757,74.99,2.95,0,1
11/20/2025 19:00,EST,CAPITL,61757,69.16,2.58,-0.28,1
11/20/2025 20:00,EST,CAPITL,61757,62.74,2.46,-0.26,1
11/20/2025 21:00,EST,CAPITL,61757,58.35,2.18,-1.82,1
11/20/2025 22:00,EST,CAPITL,61757,51.23,1.97,0,1
11/20/2025 23:00,EST,CAPITL,61757,49.04,1.7,-2.61,1
11/21/2025 0:00,EST,CAPITL,61757,50.33,1.92,-0.52,1
11/21/2025 1:00,EST,CAPITL,61757,46.49,1.92,0,1
11/21/2025 2:00,EST,CAPITL,61757,43.96,1.85,-0.08,1
11/21/2025 3:00,EST,CAPITL,61757,43.16,1.86,0,1
11/21/2025 4:00,EST,CAPITL,61757,43.97,1.85,0,1
11/21/2025 5:00,EST,CAPITL,61757,52.95,1.84,-9.18,1
11/21/2025 6:00,EST,CAPITL,61757,71.77,3.06,-0.69,1
11/21/2025 7:00,EST,CAPITL,61757,77.92,3.46,-0.79,1
11/21/2025 8:00,EST,CAPITL,61757,69.71,2.92,-0.34,1
11/21/2025 9:00,EST,CAPITL,61757,61.24,2.24,0,1
11/21/2025 10:00,EST,CAPITL,61757,58.69,2.1,0,1
11/21/2025 11:00,EST,CAPITL,61757,55.81,1.89,0,1
11/21/2025 12:00,EST,CAPITL,61757,54.46,1.84,0,1
11/21/2025 13:00,EST,CAPITL,61757,54.07,1.83,0,1
11/21/2025 14:00,EST,CAPITL,61757,57.04,1.98,0,1
11/21/2025 15:00,EST,CAPITL,61757,63.93,2.2,-6.82,1
11/21/2025 16:00,EST,CAPITL,61757,74.71,2.76,-6.31,1
11/21/2025 17:00,EST,CAPITL,61757,83.55,3.52,0,1
11/21/2025 18:00,EST,CAPITL,61757,75.93,3.27,0,1
11/21/2025 19:00,EST,CAPITL,61757,68.55,2.89,0,1
11/21/2025 20:00,EST,CAPITL,61757,64.94,2.62,0,1
11/21/2025 21:00,EST,CAPITL,61757,59.15,2.22,0,1
11/21/2025 22:00,EST,CAPITL,61757,55.5,1.93,0,1
11/21/2025 23:00,EST,CAPITL,61757,48.95,1.65,0,1
11/22/2025 0:00,EST,CAPITL,61757,51.04,1.91,0,1
11/22/2025 1:00,EST,CAPITL,61757,49.31,1.9,0,1
11/22/2025 2:00,EST,CAPITL,61757,45.5,1.83,0,1
11/22/2025 3:00,EST,CAPITL,61757,43.87,1.73,0,1
11/22/2025 4:00,EST,CAPITL,61757,43.22,1.7,0,1
11/22/2025 5:00,EST,CAPITL,61757,45.9,1.85,0,1
11/22/2025 6:00,EST,CAPITL,61757,55.46,2.29,0,1
11/22/2025 7:00,EST,CAPITL,61757,60.51,2.55,0,1
11/22/2025 8:00,EST,CAPITL,61757,58.16,2.34,0,1
11/22/2025 9:00,EST,CAPITL,61757,54.21,1.88,0,1
11/22/2025 10:00,EST,CAPITL,61757,52.9,1.74,0,1
11/22/2025 11:00,EST,CAPITL,61757,50.16,1.56,0,1
11/22/2025 12:00,EST,CAPITL,61757,48.01,1.44,0,1
11/22/2025 13:00,EST,CAPITL,61757,48.02,1.35,0,1
11/22/2025 14:00,EST,CAPITL,61757,51.37,1.59,0,1
11/22/2025 15:00,EST,CAPITL,61757,56.81,2.08,0,1
11/22/2025 16:00,EST,CAPITL,61757,69.53,2.93,0,1
11/22/2025 17:00,EST,CAPITL,61757,82.85,3.49,0,1
11/22/2025 18:00,EST,CAPITL,61757,75.14,3.31,0,1
11/22/2025 19:00,EST,CAPITL,61757,69.34,2.86,0,1
11/22/2025 20:00,EST,CAPITL,61757,67.22,2.77,0,1
11/22/2025 21:00,EST,CAPITL,61757,60.57,2.44,0,1
11/22/2025 22:00,EST,CAPITL,61757,56.4,2.17,0,1
11/22/2025 23:00,EST,CAPITL,61757,51.99,1.95,0,1
11/23/2025 0:00,EST,CAPITL,61757,52.22,2.2,0,1
11/23/2025 1:00,EST,CAPITL,61757,48.11,2.11,-0.2,1
11/23/2025 2:00,EST,CAPITL,61757,48.44,1.93,-3.62,1
11/23/2025 3:00,EST,CAPITL,61757,46.17,1.89,-2.32,1
11/23/2025 4:00,EST,CAPITL,61757,46.23,1.87,-3.83,1
11/23/2025 5:00,EST,CAPITL,61757,47.49,1.83,-6,1
11/23/2025 6:00,EST,CAPITL,61757,54.46,2.03,-8.28,1
11/23/2025 7:00,EST,CAPITL,61757,58.84,2.04,-13.47,1
11/23/2025 8:00,EST,CAPITL,61757,57.34,2.09,-11.6,1
11/23/2025 9:00,EST,CAPITL,61757,57.09,2.12,-10.89,1
11/23/2025 10:00,EST,CAPITL,61757,55.2,2.4,-3.72,1
11/23/2025 11:00,EST,CAPITL,61757,57.58,2.29,-5.65,1
11/23/2025 12:00,EST,CAPITL,61757,60.5,2.24,-8.61,1
11/23/2025 13:00,EST,CAPITL,61757,61.66,2.03,-13.37,1
11/23/2025 14:00,EST,CAPITL,61757,65.64,2.24,-15.84,1
11/23/2025 15:00,EST,CAPITL,61757,69.69,2.61,-13.79,1
11/23/2025 16:00,EST,CAPITL,61757,77.83,2.65,-21.05,1
11/23/2025 17:00,EST,CAPITL,61757,93.8,3.16,-24.87,1
11/23/2025 18:00,EST,CAPITL,61757,88.47,2.62,-30.14,1
11/23/2025 19:00,EST,CAPITL,61757,83.99,2.62,-27.88,1
11/23/2025 20:00,EST,CAPITL,61757,77.94,2.5,-23.26,1
11/23/2025 21:00,EST,CAPITL,61757,66.66,2.2,-16.64,1
11/23/2025 22:00,EST,CAPITL,61757,59.03,2.27,-8.4,1
11/23/2025 23:00,EST,CAPITL,61757,53.77,1.89,-8,1
11/24/2025 0:00,EST,CAPITL,61757,50.65,2,0,1
11/24/2025 1:00,EST,CAPITL,61757,47.96,1.93,0,1
11/24/2025 2:00,EST,CAPITL,61757,48.3,1.95,0,1
11/24/2025 3:00,EST,CAPITL,61757,47.89,1.84,0,1
11/24/2025 4:00,EST,CAPITL,61757,49.8,2.01,0,1
11/24/2025 5:00,EST,CAPITL,61757,54.33,2.24,0,1
11/24/2025 6:00,EST,CAPITL,61757,74.24,3.2,0,1
11/24/2025 7:00,EST,CAPITL,61757,88.15,3.31,0,1
11/24/2025 8:00,EST,CAPITL,61757,67.68,2.54,0,1
11/24/2025 9:00,EST,CAPITL,61757,54.09,1.53,0,1
11/24/2025 10:00,EST,CAPITL,61757,52.03,1.37,0,1
11/24/2025 11:00,EST,CAPITL,61757,50.56,1.23,0,1
11/24/2025 12:00,EST,CAPITL,61757,49.68,1.35,0,1
11/24/2025 13:00,EST,CAPITL,61757,50.71,1.43,0,1
11/24/2025 14:00,EST,CAPITL,61757,54.81,1.7,0,1
11/24/2025 15:00,EST,CAPITL,61757,65.23,2.57,0,1
11/24/2025 16:00,EST,CAPITL,61757,81.24,3.5,0,1
11/24/2025 17:00,EST,CAPITL,61757,89.54,3.77,0,1
11/24/2025 18:00,EST,CAPITL,61757,81.04,3.64,0,1
11/24/2025 19:00,EST,CAPITL,61757,72.09,3.15,-0.52,1
11/24/2025 20:00,EST,CAPITL,61757,68.19,2.72,-5.06,1
11/24/2025 21:00,EST,CAPITL,61757,63.51,2.3,-7.66,1
11/24/2025 22:00,EST,CAPITL,61757,59.38,1.96,-9.63,1
11/24/2025 23:00,EST,CAPITL,61757,57.04,1.72,-12.4,1
11/25/2025 0:00,EST,CAPITL,61757,47.91,2.02,0,1
11/25/2025 1:00,EST,CAPITL,61757,44.6,1.88,0,1
11/25/2025 2:00,EST,CAPITL,61757,44.66,1.88,0,1
11/25/2025 3:00,EST,CAPITL,61757,44.12,1.86,0,1
11/25/2025 4:00,EST,CAPITL,61757,45.61,1.92,0,1
11/25/2025 5:00,EST,CAPITL,61757,46.99,2.07,0,1
11/25/2025 6:00,EST,CAPITL,61757,61.41,2.36,0,1
11/25/2025 7:00,EST,CAPITL,61757,72.35,2.65,0,1
11/25/2025 8:00,EST,CAPITL,61757,70.44,2.51,0,1
11/25/2025 9:00,EST,CAPITL,61757,65.83,2.04,0,1
11/25/2025 10:00,EST,CAPITL,61757,64.55,1.94,0,1
11/25/2025 11:00,EST,CAPITL,61757,63.87,1.74,0,1
11/25/2025 12:00,EST,CAPITL,61757,65.11,1.84,0,1
11/25/2025 13:00,EST,CAPITL,61757,65.98,1.86,0,1
11/25/2025 14:00,EST,CAPITL,61757,70.06,1.98,0,1
11/25/2025 15:00,EST,CAPITL,61757,76.46,2.3,0,1
11/25/2025 16:00,EST,CAPITL,61757,80.35,2.64,0,1
11/25/2025 17:00,EST,CAPITL,61757,84.71,2.94,0,1
11/25/2025 18:00,EST,CAPITL,61757,76.71,2.81,0,1
11/25/2025 19:00,EST,CAPITL,61757,69.67,2.49,0,1
11/25/2025 20:00,EST,CAPITL,61757,65.13,2.51,0,1
11/25/2025 21:00,EST,CAPITL,61757,59.25,2.42,-0.59,1
11/25/2025 22:00,EST,CAPITL,61757,51.67,2.08,0,1
11/25/2025 23:00,EST,CAPITL,61757,46.55,1.83,0,1
11/26/2025 0:00,EST,CAPITL,61757,44.6,1.63,0,1
11/26/2025 1:00,EST,CAPITL,61757,41.02,1.5,0,1
11/26/2025 2:00,EST,CAPITL,61757,40.62,1.45,0,1
11/26/2025 3:00,EST,CAPITL,61757,40.42,1.48,0,1
11/26/2025 4:00,EST,CAPITL,61757,40.36,1.4,0,1
11/26/2025 5:00,EST,CAPITL,61757,40.07,1.54,0,1
11/26/2025 6:00,EST,CAPITL,61757,51.92,1.82,-3.47,1
11/26/2025 7:00,EST,CAPITL,61757,58.23,2.24,0,1
11/26/2025 8:00,EST,CAPITL,61757,60.26,2.32,0,1
11/26/2025 9:00,EST,CAPITL,61757,62.56,2.23,0,1
11/26/2025 10:00,EST,CAPITL,61757,61.24,2.24,0,1
11/26/2025 11:00,EST,CAPITL,61757,58.47,2.09,0,1
11/26/2025 12:00,EST,CAPITL,61757,57.33,1.99,0,1
11/26/2025 13:00,EST,CAPITL,61757,56.53,1.9,-0.19,1
11/26/2025 14:00,EST,CAPITL,61757,62.16,1.89,-7.83,1
11/26/2025 15:00,EST,CAPITL,61757,69.53,1.86,-15.85,1
11/26/2025 16:00,EST,CAPITL,61757,75.19,1.97,-19.96,1
11/26/2025 17:00,EST,CAPITL,61757,77.29,2.11,-16.53,1
11/26/2025 18:00,EST,CAPITL,61757,74.33,1.99,-18.48,1
11/26/2025 19:00,EST,CAPITL,61757,73.2,1.47,-31.9,1
11/26/2025 20:00,EST,CAPITL,61757,66.43,1.4,-27.24,1
11/26/2025 21:00,EST,CAPITL,61757,64.33,1.07,-30.74,1
11/26/2025 22:00,EST,CAPITL,61757,57.81,0.89,-28.97,1
11/26/2025 23:00,EST,CAPITL,61757,49.3,0.87,-20.4,1
11/27/2025 0:00,EST,CAPITL,61757,42.61,1.99,0,1
11/27/2025 1:00,EST,CAPITL,61757,38.35,1.72,0,1
11/27/2025 2:00,EST,CAPITL,61757,36.85,1.69,0,1
11/27/2025 3:00,EST,CAPITL,61757,35.92,1.58,0,1
11/27/2025 4:00,EST,CAPITL,61757,35.74,1.57,0,1
11/27/2025 5:00,EST,CAPITL,61757,36.38,1.67,0,1
11/27/2025 6:00,EST,CAPITL,61757,40.01,1.87,0,1
11/27/2025 7:00,EST,CAPITL,61757,42.8,2,0,1
11/27/2025 8:00,EST,CAPITL,61757,42.3,1.9,0,1
11/27/2025 9:00,EST,CAPITL,61757,43,1.85,0,1
11/27/2025 10:00,EST,CAPITL,61757,46.27,2.04,0,1
11/27/2025 11:00,EST,CAPITL,61757,47.86,2.19,0,1
11/27/2025 12:00,EST,CAPITL,61757,47.86,2.15,0,1
11/27/2025 13:00,EST,CAPITL,61757,46.68,2.1,0,1
11/27/2025 14:00,EST,CAPITL,61757,45,2.06,0,1
11/27/2025 15:00,EST,CAPITL,61757,46.42,2.13,0,1
11/27/2025 16:00,EST,CAPITL,61757,54.03,2.57,0,1
11/27/2025 17:00,EST,CAPITL,61757,57.67,2.69,0,1
11/27/2025 18:00,EST,CAPITL,61757,54.85,2.66,0,1
11/27/2025 19:00,EST,CAPITL,61757,51.78,2.51,0,1
11/27/2025 20:00,EST,CAPITL,61757,47.77,2.32,0,1
11/27/2025 21:00,EST,CAPITL,61757,46.75,2.31,0,1
11/27/2025 22:00,EST,CAPITL,61757,44.54,2.2,0,1
11/27/2025 23:00,EST,CAPITL,61757,45.6,2.25,0,1
11/28/2025 0:00,EST,CAPITL,61757,44.8,1.97,0,1
11/28/2025 1:00,EST,CAPITL,61757,42.54,1.91,0,1
11/28/2025 2:00,EST,CAPITL,61757,41.25,1.81,0,1
11/28/2025 3:00,EST,CAPITL,61757,41.19,1.81,0,1
11/28/2025 4:00,EST,CAPITL,61757,42.02,1.81,0,1
11/28/2025 5:00,EST,CAPITL,61757,44.92,2.06,0,1
11/28/2025 6:00,EST,CAPITL,61757,51.23,2.25,0,1
11/28/2025 7:00,EST,CAPITL,61757,57.84,2.65,0,1
11/28/2025 8:00,EST,CAPITL,61757,53.97,2.52,0,1
11/28/2025 9:00,EST,CAPITL,61757,48.7,2.27,0,1
11/28/2025 10:00,EST,CAPITL,61757,52.1,2.48,0,1
11/28/2025 11:00,EST,CAPITL,61757,51.41,2.4,0,1
11/28/2025 12:00,EST,CAPITL,61757,48.93,2.24,0,1
11/28/2025 13:00,EST,CAPITL,61757,50.48,2.36,0,1
11/28/2025 14:00,EST,CAPITL,61757,51.59,2.5,0,1
11/28/2025 15:00,EST,CAPITL,61757,57.83,2.86,0,1
11/28/2025 16:00,EST,CAPITL,61757,67,3.03,-5.58,1
11/28/2025 17:00,EST,CAPITL,61757,75.13,3.58,0,1
11/28/2025 18:00,EST,CAPITL,61757,73.04,3.61,0,1
11/28/2025 19:00,EST,CAPITL,61757,68.83,3.34,0,1
11/28/2025 20:00,EST,CAPITL,61757,61.08,3.02,0,1
11/28/2025 21:00,EST,CAPITL,61757,56.79,2.75,0,1
11/28/2025 22:00,EST,CAPITL,61757,54.74,2.66,0,1
11/28/2025 23:00,EST,CAPITL,61757,52.39,2.54,0,1
11/29/2025 0:00,EST,CAPITL,61757,50.01,2.29,0,1
11/29/2025 1:00,EST,CAPITL,61757,47.06,2.07,0,1
11/29/2025 2:00,EST,CAPITL,61757,45.27,1.95,0,1
11/29/2025 3:00,EST,CAPITL,61757,45.11,1.94,0,1
11/29/2025 4:00,EST,CAPITL,61757,45.5,1.87,0,1
11/29/2025 5:00,EST,CAPITL,61757,48.04,1.98,0,1
11/29/2025 6:00,EST,CAPITL,61757,57.98,2.39,0,1
11/29/2025 7:00,EST,CAPITL,61757,58.69,2.47,0,1
11/29/2025 8:00,EST,CAPITL,61757,52.02,1.9,0,1
11/29/2025 9:00,EST,CAPITL,61757,43.97,1.4,0,1
11/29/2025 10:00,EST,CAPITL,61757,44.44,1.42,0,1
11/29/2025 11:00,EST,CAPITL,61757,44.21,1.29,0,1
11/29/2025 12:00,EST,CAPITL,61757,44.28,1.25,0,1
11/29/2025 13:00,EST,CAPITL,61757,45.54,1.33,0,1
11/29/2025 14:00,EST,CAPITL,61757,50.22,1.6,0,1
11/29/2025 15:00,EST,CAPITL,61757,58.68,1.98,0,1
11/29/2025 16:00,EST,CAPITL,61757,75.19,2.75,0,1
11/29/2025 17:00,EST,CAPITL,61757,85.86,3.14,0,1
11/29/2025 18:00,EST,CAPITL,61757,84.97,3.19,0,1
11/29/2025 19:00,EST,CAPITL,61757,75.69,2.77,0,1
11/29/2025 20:00,EST,CAPITL,61757,69.16,2.59,0,1
11/29/2025 21:00,EST,CAPITL,61757,61.83,2.49,0,1
11/29/2025 22:00,EST,CAPITL,61757,57.63,2.22,0,1
11/29/2025 23:00,EST,CAPITL,61757,58.3,2.35,0,1
11/30/2025 0:00,EST,CAPITL,61757,53.31,2.24,0,1
11/30/2025 1:00,EST,CAPITL,61757,49.74,2.09,0,1
11/30/2025 2:00,EST,CAPITL,61757,46.02,1.98,0,1
11/30/2025 3:00,EST,CAPITL,61757,43.08,1.81,0,1
11/30/2025 4:00,EST,CAPITL,61757,42.75,1.88,0,1
11/30/2025 5:00,EST,CAPITL,61757,40.94,1.8,0,1
11/30/2025 6:00,EST,CAPITL,61757,42.18,1.78,0,1
11/30/2025 7:00,EST,CAPITL,61757,44.1,1.94,0,1
11/30/2025 8:00,EST,CAPITL,61757,43.38,2.06,0,1
11/30/2025 9:00,EST,CAPITL,61757,48.16,2.51,0,1
11/30/2025 10:00,EST,CAPITL,61757,52.15,2.86,0,1
11/30/2025 11:00,EST,CAPITL,61757,54.87,2.96,0,1
11/30/2025 12:00,EST,CAPITL,61757,59.11,3.13,0,1
11/30/2025 13:00,EST,CAPITL,61757,61.96,3.23,0,1
11/30/2025 14:00,EST,CAPITL,61757,58.68,3,0,1
11/30/2025 15:00,EST,CAPITL,61757,56.89,3.02,0,1
11/30/2025 16:00,EST,CAPITL,61757,65.37,3.52,0,1
11/30/2025 17:00,EST,CAPITL,61757,72.57,3.65,0,1
11/30/2025 18:00,EST,CAPITL,61757,72.86,3.66,0,1
11/30/2025 19:00,EST,CAPITL,61757,64.12,3.28,0,1
11/30/2025 20:00,EST,CAPITL,61757,53.94,2.62,0,1
11/30/2025 21:00,EST,CAPITL,61757,49.02,2.33,0,1
11/30/2025 22:00,EST,CAPITL,61757,45.59,2.13,0,1
11/30/2025 23:00,EST,CAPITL,61757,44.57,2.16,0,1
12/1/2025 0:00,EST,CAPITL,61757,50.35,2.03,0,1
12/1/2025 1:00,EST,CAPITL,61757,47.08,1.81,0,1
12/1/2025 2:00,EST,CAPITL,61757,45.39,1.7,0,1
12/1/2025 3:00,EST,CAPITL,61757,47.42,1.83,0,1
12/1/2025 4:00,EST,CAPITL,61757,51.61,1.94,0,1
12/1/2025 5:00,EST,CAPITL,61757,54.94,2.21,0,1
12/1/2025 6:00,EST,CAPITL,61757,76.02,2.57,0,1
12/1/2025 7:00,EST,CAPITL,61757,87.25,2.87,0,1
12/1/2025 8:00,EST,CAPITL,61757,83.96,1.56,0,1
12/1/2025 9:00,EST,CAPITL,61757,68.32,0.68,0,1
12/1/2025 10:00,EST,CAPITL,61757,65.65,0.46,0,1
12/1/2025 11:00,EST,CAPITL,61757,60.79,0.18,0,1
12/1/2025 12:00,EST,CAPITL,61757,60.85,0.06,0,1
12/1/2025 13:00,EST,CAPITL,61757,65.65,0.07,0,1
12/1/2025 14:00,EST,CAPITL,61757,70.23,0.14,0,1
12/1/2025 15:00,EST,CAPITL,61757,77.59,1.67,0,1
12/1/2025 16:00,EST,CAPITL,61757,100.45,2.73,0,1
12/1/2025 17:00,EST,CAPITL,61757,139.96,4.21,0,1
12/1/2025 18:00,EST,CAPITL,61757,120.25,3.62,0,1
12/1/2025 19:00,EST,CAPITL,61757,108.54,3.16,0,1
12/1/2025 20:00,EST,CAPITL,61757,90.99,2.57,0,1
12/1/2025 21:00,EST,CAPITL,61757,81.31,2.06,0,1
12/1/2025 22:00,EST,CAPITL,61757,73.75,1.94,0,1
12/1/2025 23:00,EST,CAPITL,61757,68.41,1.99,0,1
12/2/2025 0:00,EST,CAPITL,61757,74.73,2.11,0,1
12/2/2025 1:00,EST,CAPITL,61757,70.55,2.05,0,1
12/2/2025 2:00,EST,CAPITL,61757,68.31,1.99,0,1
12/2/2025 3:00,EST,CAPITL,61757,67.91,2.04,0,1
12/2/2025 4:00,EST,CAPITL,61757,66.97,2.08,0,1
12/2/2025 5:00,EST,CAPITL,61757,71.42,2.28,0,1
12/2/2025 6:00,EST,CAPITL,61757,92.96,3.14,0,1
12/2/2025 7:00,EST,CAPITL,61757,103.99,3.13,0,1
12/2/2025 8:00,EST,CAPITL,61757,103.35,3.69,0,1
12/2/2025 9:00,EST,CAPITL,61757,118.55,4.01,0,1
12/2/2025 10:00,EST,CAPITL,61757,119.5,3.93,0,1
12/2/2025 11:00,EST,CAPITL,61757,119.99,3.95,0,1
12/2/2025 12:00,EST,CAPITL,61757,116.7,3.29,0,1
12/2/2025 13:00,EST,CAPITL,61757,112.19,3.16,0,1
12/2/2025 14:00,EST,CAPITL,61757,110.76,3.01,0,1
12/2/2025 15:00,EST,CAPITL,61757,106.24,3.5,0,1
12/2/2025 16:00,EST,CAPITL,61757,120.77,3.74,0,1
12/2/2025 17:00,EST,CAPITL,61757,150.16,4.79,0,1
12/2/2025 18:00,EST,CAPITL,61757,128.86,3.99,0,1
12/2/2025 19:00,EST,CAPITL,61757,116.61,3.51,0,1
12/2/2025 20:00,EST,CAPITL,61757,104.19,3.23,0,1
12/2/2025 21:00,EST,CAPITL,61757,93.71,2.55,0,1
12/2/2025 22:00,EST,CAPITL,61757,89.63,2.36,0,1
12/2/2025 23:00,EST,CAPITL,61757,81.35,1.83,0,1
12/3/2025 0:00,EST,CAPITL,61757,90.52,3.65,0,1
12/3/2025 1:00,EST,CAPITL,61757,86.63,3.49,0,1
12/3/2025 2:00,EST,CAPITL,61757,88.01,3.47,0,1
12/3/2025 3:00,EST,CAPITL,61757,88.23,3.64,0,1
12/3/2025 4:00,EST,CAPITL,61757,88.5,3.65,0,1
12/3/2025 5:00,EST,CAPITL,61757,87.32,3.6,0,1
12/3/2025 6:00,EST,CAPITL,61757,122.58,5.72,0,1
12/3/2025 7:00,EST,CAPITL,61757,138.52,6.22,0,1
12/3/2025 8:00,EST,CAPITL,61757,130.34,5.97,0,1
12/3/2025 9:00,EST,CAPITL,61757,109.18,4.71,0,1
12/3/2025 10:00,EST,CAPITL,61757,95.87,4.04,0,1
12/3/2025 11:00,EST,CAPITL,61757,93.39,3.93,0,1
12/3/2025 12:00,EST,CAPITL,61757,94.09,3.62,0,1
12/3/2025 13:00,EST,CAPITL,61757,91.05,3.51,0,1
12/3/2025 14:00,EST,CAPITL,61757,92.02,3.37,0,1
12/3/2025 15:00,EST,CAPITL,61757,107.47,4.52,0,1
12/3/2025 16:00,EST,CAPITL,61757,130.24,5.61,0,1
12/3/2025 17:00,EST,CAPITL,61757,151.3,6.66,0,1
12/3/2025 18:00,EST,CAPITL,61757,132.2,5.94,0,1
12/3/2025 19:00,EST,CAPITL,61757,123.53,5.77,0,1
12/3/2025 20:00,EST,CAPITL,61757,103.76,4.85,0,1
12/3/2025 21:00,EST,CAPITL,61757,97.22,4.37,0,1
12/3/2025 22:00,EST,CAPITL,61757,91.19,4.09,0,1
12/3/2025 23:00,EST,CAPITL,61757,83.69,3.68,0,1
12/4/2025 0:00,EST,CAPITL,61757,93.49,3.71,-14.06,1
12/4/2025 1:00,EST,CAPITL,61757,81.45,3.6,-7.27,1
12/4/2025 2:00,EST,CAPITL,61757,78.38,3.32,-4.43,1
12/4/2025 3:00,EST,CAPITL,61757,74.96,3.43,0,1
12/4/2025 4:00,EST,CAPITL,61757,74.36,3.34,0,1
12/4/2025 5:00,EST,CAPITL,61757,77.05,3.64,-2.09,1
12/4/2025 6:00,EST,CAPITL,61757,97.81,4.66,0,1
12/4/2025 7:00,EST,CAPITL,61757,128.66,6.01,0,1
12/4/2025 8:00,EST,CAPITL,61757,124.1,5.46,0,1
12/4/2025 9:00,EST,CAPITL,61757,117.84,5.08,0,1
12/4/2025 10:00,EST,CAPITL,61757,116.67,5.13,0,1
12/4/2025 11:00,EST,CAPITL,61757,107.61,4.64,0,1
12/4/2025 12:00,EST,CAPITL,61757,105.38,4.44,0,1
12/4/2025 13:00,EST,CAPITL,61757,111.28,4.34,-5.98,1
12/4/2025 14:00,EST,CAPITL,61757,107.77,4.44,0,1
12/4/2025 15:00,EST,CAPITL,61757,127.05,5.59,0,1
12/4/2025 16:00,EST,CAPITL,61757,163.2,7.62,0,1
12/4/2025 17:00,EST,CAPITL,61757,182.92,8.05,0,1
12/4/2025 18:00,EST,CAPITL,61757,176.55,8.24,0,1
12/4/2025 19:00,EST,CAPITL,61757,164.8,7.7,0,1
12/4/2025 20:00,EST,CAPITL,61757,160.49,7.49,0,1
12/4/2025 21:00,EST,CAPITL,61757,144.16,6.6,0,1
12/4/2025 22:00,EST,CAPITL,61757,140.18,6.29,0,1
12/4/2025 23:00,EST,CAPITL,61757,130.22,5.85,0,1
12/5/2025 0:00,EST,CAPITL,61757,177.33,8.92,0,1
12/5/2025 1:00,EST,CAPITL,61757,150.98,7.32,0,1
12/5/2025 2:00,EST,CAPITL,61757,134.11,6.14,0,1
12/5/2025 3:00,EST,CAPITL,61757,131.19,6.13,0,1
12/5/2025 4:00,EST,CAPITL,61757,129.79,5.94,0,1
12/5/2025 5:00,EST,CAPITL,61757,140.08,7.05,0,1
12/5/2025 6:00,EST,CAPITL,61757,176.5,9.19,-0.07,1
12/5/2025 7:00,EST,CAPITL,61757,215.2,10.82,0,1
12/5/2025 8:00,EST,CAPITL,61757,189.99,9.39,0,1
12/5/2025 9:00,EST,CAPITL,61757,180.39,8.26,-10.17,1
12/5/2025 10:00,EST,CAPITL,61757,151.71,6.89,-9.74,1
12/5/2025 11:00,EST,CAPITL,61757,149.15,6.09,-18.77,1
12/5/2025 12:00,EST,CAPITL,61757,140.43,5.48,-18.37,1
12/5/2025 13:00,EST,CAPITL,61757,135.01,5.32,-16.44,1
12/5/2025 14:00,EST,CAPITL,61757,150.92,6.2,-18.08,1
12/5/2025 15:00,EST,CAPITL,61757,185.16,8.13,-20.63,1
12/5/2025 16:00,EST,CAPITL,61757,195.85,9.83,-0.37,1
12/5/2025 17:00,EST,CAPITL,61757,233.93,11.98,0,1
12/5/2025 18:00,EST,CAPITL,61757,206.87,10.78,0,1
12/5/2025 19:00,EST,CAPITL,61757,188.02,9.8,0,1
12/5/2025 20:00,EST,CAPITL,61757,172.11,8.91,-1.09,1
12/5/2025 21:00,EST,CAPITL,61757,165.91,7.03,-26.13,1
12/5/2025 22:00,EST,CAPITL,61757,147.85,7.57,0,1
12/5/2025 23:00,EST,CAPITL,61757,140.81,7.21,0,1
12/6/2025 0:00,EST,CAPITL,61757,149.16,6.96,-17.8,1
12/6/2025 1:00,EST,CAPITL,61757,121.42,6.37,-1.3,1
12/6/2025 2:00,EST,CAPITL,61757,112.62,5.87,0,1
12/6/2025 3:00,EST,CAPITL,61757,103.94,5.42,0,1
12/6/2025 4:00,EST,CAPITL,61757,109.48,5.8,0,1
12/6/2025 5:00,EST,CAPITL,61757,136.3,5.72,-28.38,1
12/6/2025 6:00,EST,CAPITL,61757,185.47,6.34,-67.91,1
12/6/2025 7:00,EST,CAPITL,61757,192.52,6.72,-67.91,1
12/6/2025 8:00,EST,CAPITL,61757,155.59,7.52,-16.03,1
12/6/2025 9:00,EST,CAPITL,61757,137.07,7.26,0,1
12/6/2025 10:00,EST,CAPITL,61757,128.6,6.58,0,1
12/6/2025 11:00,EST,CAPITL,61757,126.22,6.35,0,1
12/6/2025 12:00,EST,CAPITL,61757,122.24,6.15,0,1
12/6/2025 13:00,EST,CAPITL,61757,118.86,6.09,0,1
12/6/2025 14:00,EST,CAPITL,61757,115.7,5.61,0,1
12/6/2025 15:00,EST,CAPITL,61757,123.34,6.09,0,1
12/6/2025 16:00,EST,CAPITL,61757,154.44,8.15,-3.2,1
12/6/2025 17:00,EST,CAPITL,61757,162.31,8.87,-0.44,1
12/6/2025 18:00,EST,CAPITL,61757,167.15,8.64,-9.45,1
12/6/2025 19:00,EST,CAPITL,61757,161.22,7.84,-15.73,1
12/6/2025 20:00,EST,CAPITL,61757,140.14,7.55,0,1
12/6/2025 21:00,EST,CAPITL,61757,127.29,6.63,0,1
12/6/2025 22:00,EST,CAPITL,61757,125.72,6.44,0,1
12/6/2025 23:00,EST,CAPITL,61757,119.41,5.9,0,1
12/7/2025 0:00,EST,CAPITL,61757,128.49,6.35,0,1
12/7/2025 1:00,EST,CAPITL,61757,121.17,5.88,0,1
12/7/2025 2:00,EST,CAPITL,61757,116.2,5.64,0,1
12/7/2025 3:00,EST,CAPITL,61757,114.6,5.35,0,1
12/7/2025 4:00,EST,CAPITL,61757,120.63,5.74,0,1
12/7/2025 5:00,EST,CAPITL,61757,118.26,5.74,0,1
12/7/2025 6:00,EST,CAPITL,61757,120.66,5.53,0,1
12/7/2025 7:00,EST,CAPITL,61757,125.76,5.65,0,1
12/7/2025 8:00,EST,CAPITL,61757,125.77,5.42,0,1
12/7/2025 9:00,EST,CAPITL,61757,127,5.47,0,1
12/7/2025 10:00,EST,CAPITL,61757,129.2,5.8,0,1
12/7/2025 11:00,EST,CAPITL,61757,130.46,5.86,0,1
12/7/2025 12:00,EST,CAPITL,61757,137.26,6.53,0,1
12/7/2025 13:00,EST,CAPITL,61757,139.51,6.64,0,1
12/7/2025 14:00,EST,CAPITL,61757,139.64,6.4,0,1
12/7/2025 15:00,EST,CAPITL,61757,143.81,7.1,0,1
12/7/2025 16:00,EST,CAPITL,61757,164.14,8.26,0,1
12/7/2025 17:00,EST,CAPITL,61757,185.98,9.35,0,1
12/7/2025 18:00,EST,CAPITL,61757,173.74,8.9,0,1
12/7/2025 19:00,EST,CAPITL,61757,156.93,8.32,0,1
12/7/2025 20:00,EST,CAPITL,61757,145.48,7.58,0,1
12/7/2025 21:00,EST,CAPITL,61757,133.45,6.83,0,1
12/7/2025 22:00,EST,CAPITL,61757,132.42,6.66,0,1
12/7/2025 23:00,EST,CAPITL,61757,127,6.27,0,1
12/8/2025 0:00,EST,CAPITL,61757,120.04,5.28,0,1
12/8/2025 1:00,EST,CAPITL,61757,120.99,5.09,0,1
12/8/2025 2:00,EST,CAPITL,61757,119.44,5.15,0,1
12/8/2025 3:00,EST,CAPITL,61757,121.57,5.35,0,1
12/8/2025 4:00,EST,CAPITL,61757,121.75,5.36,0,1
12/8/2025 5:00,EST,CAPITL,61757,122.74,6.06,0,1
12/8/2025 6:00,EST,CAPITL,61757,149.87,7.8,-0.07,1
12/8/2025 7:00,EST,CAPITL,61757,179.49,8.92,-5.29,1
12/8/2025 8:00,EST,CAPITL,61757,161.86,6.81,0,1
12/8/2025 9:00,EST,CAPITL,61757,147.66,5.27,0,1
12/8/2025 10:00,EST,CAPITL,61757,150.8,5.81,0,1
12/8/2025 11:00,EST,CAPITL,61757,144.25,5.28,0,1
12/8/2025 12:00,EST,CAPITL,61757,137.95,5.05,0,1
12/8/2025 13:00,EST,CAPITL,61757,138.97,4.96,0,1
12/8/2025 14:00,EST,CAPITL,61757,147.99,5.42,0,1
12/8/2025 15:00,EST,CAPITL,61757,172.36,6.95,0,1
12/8/2025 16:00,EST,CAPITL,61757,204.97,9.57,0,1
12/8/2025 17:00,EST,CAPITL,61757,250.95,12.4,0,1
12/8/2025 18:00,EST,CAPITL,61757,245,11.66,0,1
12/8/2025 19:00,EST,CAPITL,61757,207.15,10.23,0,1
12/8/2025 20:00,EST,CAPITL,61757,195,9.63,0,1
12/8/2025 21:00,EST,CAPITL,61757,184.56,9.28,0,1
12/8/2025 22:00,EST,CAPITL,61757,171.3,8.31,0,1
12/8/2025 23:00,EST,CAPITL,61757,164.33,7.67,0,1
12/9/2025 0:00,EST,CAPITL,61757,155.9,7.28,0,1
12/9/2025 1:00,EST,CAPITL,61757,142.06,6.63,0,1
12/9/2025 2:00,EST,CAPITL,61757,137.66,6.3,0,1
12/9/2025 3:00,EST,CAPITL,61757,139.28,6.63,0,1
12/9/2025 4:00,EST,CAPITL,61757,137.96,6.32,0,1
12/9/2025 5:00,EST,CAPITL,61757,149.5,7.44,-4.12,1
12/9/2025 6:00,EST,CAPITL,61757,211.99,8.89,-38.32,1
12/9/2025 7:00,EST,CAPITL,61757,237.57,11.03,-18.22,1
12/9/2025 8:00,EST,CAPITL,61757,203.23,9.51,-3.51,1
12/9/2025 9:00,EST,CAPITL,61757,171.49,8.32,0,1
12/9/2025 10:00,EST,CAPITL,61757,162.39,8.02,0,1
12/9/2025 11:00,EST,CAPITL,61757,150.33,7.39,-0.79,1
12/9/2025 12:00,EST,CAPITL,61757,149,7.17,-3.92,1
12/9/2025 13:00,EST,CAPITL,61757,153.89,6.63,-17.14,1
12/9/2025 14:00,EST,CAPITL,61757,146.22,6.99,-2.1,1
12/9/2025 15:00,EST,CAPITL,61757,158.3,7.37,-11.75,1
12/9/2025 16:00,EST,CAPITL,61757,225,8.5,-61.92,1
12/9/2025 17:00,EST,CAPITL,61757,261.09,9.78,-70.03,1
12/9/2025 18:00,EST,CAPITL,61757,268,9.08,-96.73,1
12/9/2025 19:00,EST,CAPITL,61757,229.4,7.89,-77.94,1
12/9/2025 20:00,EST,CAPITL,61757,213.82,7.73,-68.03,1
12/9/2025 21:00,EST,CAPITL,61757,155.14,6.93,-22.05,1
12/9/2025 22:00,EST,CAPITL,61757,135.32,6.92,-0.21,1
12/9/2025 23:00,EST,CAPITL,61757,124.41,6.37,0,1
12/10/2025 0:00,EST,CAPITL,61757,122.64,6.28,0,1
12/10/2025 1:00,EST,CAPITL,61757,116.59,5.65,0,1
12/10/2025 2:00,EST,CAPITL,61757,115.14,5.58,0,1
12/10/2025 3:00,EST,CAPITL,61757,108.94,5.28,0,1
12/10/2025 4:00,EST,CAPITL,61757,108.63,5.37,0,1
12/10/2025 5:00,EST,CAPITL,61757,112.81,5.67,0,1
12/10/2025 6:00,EST,CAPITL,61757,138.51,6.17,-13.69,1
12/10/2025 7:00,EST,CAPITL,61757,261.51,8.07,-103.93,1
12/10/2025 8:00,EST,CAPITL,61757,275.01,7.84,-124.56,1
12/10/2025 9:00,EST,CAPITL,61757,225.25,8.11,-69.51,1
12/10/2025 10:00,EST,CAPITL,61757,215.53,7.02,-80.83,1
12/10/2025 11:00,EST,CAPITL,61757,211,7.17,-73.39,1
12/10/2025 12:00,EST,CAPITL,61757,202.29,6.6,-73.39,1
12/10/2025 13:00,EST,CAPITL,61757,228.93,6.32,-107.63,1
12/10/2025 14:00,EST,CAPITL,61757,123.13,6.3,-0.07,1
12/10/2025 15:00,EST,CAPITL,61757,123.33,6.2,0,1
12/10/2025 16:00,EST,CAPITL,61757,154.02,7.06,-18.42,1
12/10/2025 17:00,EST,CAPITL,61757,158.87,7.98,-5.77,1
12/10/2025 18:00,EST,CAPITL,61757,134.14,7.11,-0.07,1
12/10/2025 19:00,EST,CAPITL,61757,126.63,6.6,0,1
12/10/2025 20:00,EST,CAPITL,61757,119.01,6.09,0,1
12/10/2025 21:00,EST,CAPITL,61757,107.91,5.39,-0.85,1
12/10/2025 22:00,EST,CAPITL,61757,101.52,5.2,0,1
12/10/2025 23:00,EST,CAPITL,61757,98.04,4.84,0,1
12/11/2025 0:00,EST,CAPITL,61757,88.07,4.03,0,1
12/11/2025 1:00,EST,CAPITL,61757,85.16,3.98,0,1
12/11/2025 2:00,EST,CAPITL,61757,82.21,3.77,0,1
12/11/2025 3:00,EST,CAPITL,61757,82.25,3.77,0,1
12/11/2025 4:00,EST,CAPITL,61757,86.31,4.11,0,1
12/11/2025 5:00,EST,CAPITL,61757,86.04,4.02,0,1
12/11/2025 6:00,EST,CAPITL,61757,112.47,5.76,0,1
12/11/2025 7:00,EST,CAPITL,61757,126.13,6.23,0,1
12/11/2025 8:00,EST,CAPITL,61757,124.02,6.13,0,1
12/11/2025 9:00,EST,CAPITL,61757,118.68,5.44,0,1
12/11/2025 10:00,EST,CAPITL,61757,123.08,5.75,0,1
12/11/2025 11:00,EST,CAPITL,61757,118.55,5.43,0,1
12/11/2025 12:00,EST,CAPITL,61757,117,5.36,0,1
12/11/2025 13:00,EST,CAPITL,61757,115.89,5.52,0,1
12/11/2025 14:00,EST,CAPITL,61757,120.31,5.94,0,1
12/11/2025 15:00,EST,CAPITL,61757,127.85,6.2,0,1
12/11/2025 16:00,EST,CAPITL,61757,169.83,8.87,-5.25,1
12/11/2025 17:00,EST,CAPITL,61757,191.44,10.32,0,1
12/11/2025 18:00,EST,CAPITL,61757,179.88,9.53,0,1
12/11/2025 19:00,EST,CAPITL,61757,166.56,8.98,0,1
12/11/2025 20:00,EST,CAPITL,61757,153.63,8.19,-1.69,1
12/11/2025 21:00,EST,CAPITL,61757,135.91,7.45,0,1
12/11/2025 22:00,EST,CAPITL,61757,137.27,6.62,-14.5,1
12/11/2025 23:00,EST,CAPITL,61757,118.04,6.47,0,1
12/12/2025 0:00,EST,CAPITL,61757,112.67,5.06,0,1
12/12/2025 1:00,EST,CAPITL,61757,108.95,4.99,0,1
12/12/2025 2:00,EST,CAPITL,61757,104.19,4.77,0,1
12/12/2025 3:00,EST,CAPITL,61757,107.02,5,0,1
12/12/2025 4:00,EST,CAPITL,61757,106.46,4.88,0,1
12/12/2025 5:00,EST,CAPITL,61757,103.8,4.75,0,1
12/12/2025 6:00,EST,CAPITL,61757,133.03,6.45,0,1
12/12/2025 7:00,EST,CAPITL,61757,180.25,8.42,0,1
12/12/2025 8:00,EST,CAPITL,61757,167.29,7.36,0,1
12/12/2025 9:00,EST,CAPITL,61757,138.6,5.97,0,1
12/12/2025 10:00,EST,CAPITL,61757,127.78,5.51,0,1
12/12/2025 11:00,EST,CAPITL,61757,125.78,5.07,0,1
12/12/2025 12:00,EST,CAPITL,61757,120.57,4.97,0,1
12/12/2025 13:00,EST,CAPITL,61757,125.05,5.15,0,1
12/12/2025 14:00,EST,CAPITL,61757,126.25,5.09,0,1
12/12/2025 15:00,EST,CAPITL,61757,142.03,5.72,0,1
12/12/2025 16:00,EST,CAPITL,61757,161.76,7.99,0,1
12/12/2025 17:00,EST,CAPITL,61757,175.11,8.81,0,1
12/12/2025 18:00,EST,CAPITL,61757,165.02,8.3,0,1
12/12/2025 19:00,EST,CAPITL,61757,164.59,8.13,0,1
12/12/2025 20:00,EST,CAPITL,61757,156.77,6.9,0,1
12/12/2025 21:00,EST,CAPITL,61757,138.15,5.69,0,1
12/12/2025 22:00,EST,CAPITL,61757,140.57,6.06,0,1
12/12/2025 23:00,EST,CAPITL,61757,134.46,5.66,0,1
12/13/2025 0:00,EST,CAPITL,61757,115.21,5.38,0,1
12/13/2025 1:00,EST,CAPITL,61757,111.39,5.2,0,1
12/13/2025 2:00,EST,CAPITL,61757,97.79,4.48,0,1
12/13/2025 3:00,EST,CAPITL,61757,96.02,4.22,0,1
12/13/2025 4:00,EST,CAPITL,61757,95.06,4.61,0,1
12/13/2025 5:00,EST,CAPITL,61757,96.32,4.76,0,1
12/13/2025 6:00,EST,CAPITL,61757,101.92,5.03,0,1
12/13/2025 7:00,EST,CAPITL,61757,105.18,5.1,0,1
12/13/2025 8:00,EST,CAPITL,61757,107.39,5.21,0,1
12/13/2025 9:00,EST,CAPITL,61757,109.15,5.49,0,1
12/13/2025 10:00,EST,CAPITL,61757,119.15,5.89,0,1
12/13/2025 11:00,EST,CAPITL,61757,114.78,5.77,0,1
12/13/2025 12:00,EST,CAPITL,61757,112.27,5.75,0,1
12/13/2025 13:00,EST,CAPITL,61757,115.71,5.92,0,1
12/13/2025 14:00,EST,CAPITL,61757,110.64,5.37,0,1
12/13/2025 15:00,EST,CAPITL,61757,113.38,5.5,0,1
12/13/2025 16:00,EST,CAPITL,61757,130.83,6.82,0,1
12/13/2025 17:00,EST,CAPITL,61757,144.18,7.25,0,1
12/13/2025 18:00,EST,CAPITL,61757,134.07,6.74,0,1
12/13/2025 19:00,EST,CAPITL,61757,126.79,6.15,0,1
12/13/2025 20:00,EST,CAPITL,61757,127.15,5.94,0,1
12/13/2025 21:00,EST,CAPITL,61757,122.83,5.74,0,1
12/13/2025 22:00,EST,CAPITL,61757,119.93,5.49,0,1
12/13/2025 23:00,EST,CAPITL,61757,117.09,5.47,0,1
12/14/2025 0:00,EST,CAPITL,61757,122.19,5.82,0,1
12/14/2025 1:00,EST,CAPITL,61757,118.29,5.31,0,1
12/14/2025 2:00,EST,CAPITL,61757,113.01,5.07,0,1
12/14/2025 3:00,EST,CAPITL,61757,106.51,4.69,0,1
12/14/2025 4:00,EST,CAPITL,61757,109.46,4.72,0,1
12/14/2025 5:00,EST,CAPITL,61757,112.74,4.96,0,1
12/14/2025 6:00,EST,CAPITL,61757,112.12,4.93,0,1
12/14/2025 7:00,EST,CAPITL,61757,118.15,5.2,0,1
12/14/2025 8:00,EST,CAPITL,61757,120.97,5.32,0,1
12/14/2025 9:00,EST,CAPITL,61757,121.83,5.02,0,1
12/14/2025 10:00,EST,CAPITL,61757,136.17,5.61,0,1
12/14/2025 11:00,EST,CAPITL,61757,135.36,5.46,0,1
12/14/2025 12:00,EST,CAPITL,61757,132.07,5.32,0,1
12/14/2025 13:00,EST,CAPITL,61757,136.42,5.62,0,1
12/14/2025 14:00,EST,CAPITL,61757,140.69,5.8,0,1
12/14/2025 15:00,EST,CAPITL,61757,152.49,6.98,0,1
12/14/2025 16:00,EST,CAPITL,61757,168.89,8.46,-0.64,1
12/14/2025 17:00,EST,CAPITL,61757,202.47,10.27,-5.41,1
12/14/2025 18:00,EST,CAPITL,61757,191.89,9.74,-4.92,1
12/14/2025 19:00,EST,CAPITL,61757,176.3,8.75,-2.44,1
12/14/2025 20:00,EST,CAPITL,61757,165.35,8.28,-0.76,1
12/14/2025 21:00,EST,CAPITL,61757,150.8,7.45,0,1
12/14/2025 22:00,EST,CAPITL,61757,151.43,7.75,0,1
12/14/2025 23:00,EST,CAPITL,61757,142.54,7.04,0,1
12/15/2025 0:00,EST,CAPITL,61757,140.81,7.21,0,1
12/15/2025 1:00,EST,CAPITL,61757,134.88,6.66,0,1
12/15/2025 2:00,EST,CAPITL,61757,132.47,6.54,0,1
12/15/2025 3:00,EST,CAPITL,61757,132.85,6.68,0,1
12/15/2025 4:00,EST,CAPITL,61757,132.2,6.53,0,1
12/15/2025 5:00,EST,CAPITL,61757,140.42,7.06,0,1
12/15/2025 6:00,EST,CAPITL,61757,222,8.56,-60.44,1
12/15/2025 7:00,EST,CAPITL,61757,221.79,10.71,-12.68,1
12/15/2025 8:00,EST,CAPITL,61757,180.52,8.92,0,1
12/15/2025 9:00,EST,CAPITL,61757,159.33,7.58,0,1
12/15/2025 10:00,EST,CAPITL,61757,158.29,7.11,0,1
12/15/2025 11:00,EST,CAPITL,61757,151.67,6.81,0,1
12/15/2025 12:00,EST,CAPITL,61757,148.96,6.82,0,1
12/15/2025 13:00,EST,CAPITL,61757,150.16,7.15,0,1
12/15/2025 14:00,EST,CAPITL,61757,152.98,7.01,0,1
12/15/2025 15:00,EST,CAPITL,61757,159.76,7.32,0,1
12/15/2025 16:00,EST,CAPITL,61757,187.83,8.94,0,1
12/15/2025 17:00,EST,CAPITL,61757,217.34,9.56,0,1
12/15/2025 18:00,EST,CAPITL,61757,197.44,9.04,0,1
12/15/2025 19:00,EST,CAPITL,61757,188.36,8.8,0,1
12/15/2025 20:00,EST,CAPITL,61757,162.83,8.34,0,1
12/15/2025 21:00,EST,CAPITL,61757,152.95,7.28,0,1
12/15/2025 22:00,EST,CAPITL,61757,153.23,7.43,0,1
12/15/2025 23:00,EST,CAPITL,61757,145.07,6.91,0,1
12/16/2025 0:00,EST,CAPITL,61757,137.81,6.93,0,1
12/16/2025 1:00,EST,CAPITL,61757,131.83,6.39,0,1
12/16/2025 2:00,EST,CAPITL,61757,129.63,6.29,0,1
12/16/2025 3:00,EST,CAPITL,61757,130.3,6.44,0,1
12/16/2025 4:00,EST,CAPITL,61757,130.41,6.21,0,1
12/16/2025 5:00,EST,CAPITL,61757,132.8,6.68,0,1
12/16/2025 6:00,EST,CAPITL,61757,206.84,7.28,-59.53,1
12/16/2025 7:00,EST,CAPITL,61757,205.15,9.95,0,1
12/16/2025 8:00,EST,CAPITL,61757,175.46,7.56,0,1
12/16/2025 9:00,EST,CAPITL,61757,151.88,6.39,0,1
12/16/2025 10:00,EST,CAPITL,61757,130.31,4.89,0,1
12/16/2025 11:00,EST,CAPITL,61757,123.53,4.76,0,1
12/16/2025 12:00,EST,CAPITL,61757,122.44,5.04,0,1
12/16/2025 13:00,EST,CAPITL,61757,121.66,5.01,0,1
12/16/2025 14:00,EST,CAPITL,61757,124.53,4.79,0,1
12/16/2025 15:00,EST,CAPITL,61757,130.5,5.38,0,1
12/16/2025 16:00,EST,CAPITL,61757,165.45,7.28,0,1
12/16/2025 17:00,EST,CAPITL,61757,183.06,8.05,0,1
12/16/2025 18:00,EST,CAPITL,61757,166.31,6.96,-17.19,1
12/16/2025 19:00,EST,CAPITL,61757,158.86,6.13,-27.64,1
12/16/2025 20:00,EST,CAPITL,61757,159.72,5.29,-44.22,1
12/16/2025 21:00,EST,CAPITL,61757,147.11,4.19,-51.91,1
12/16/2025 22:00,EST,CAPITL,61757,137.21,4.43,-40.4,1
12/16/2025 23:00,EST,CAPITL,61757,140.68,4.47,-42.99,1
12/17/2025 0:00,EST,CAPITL,61757,103.18,4.6,-11.63,1
12/17/2025 1:00,EST,CAPITL,61757,91.83,4.54,0,1
12/17/2025 2:00,EST,CAPITL,61757,84.79,3.94,-3.54,1
12/17/2025 3:00,EST,CAPITL,61757,89.05,4.18,-7.37,1
12/17/2025 4:00,EST,CAPITL,61757,86.64,4.36,0,1
12/17/2025 5:00,EST,CAPITL,61757,98.22,3.79,-24.21,1
12/17/2025 6:00,EST,CAPITL,61757,126.09,5.09,-28.39,1
12/17/2025 7:00,EST,CAPITL,61757,131.01,4.31,-43.76,1
12/17/2025 8:00,EST,CAPITL,61757,124.04,4.44,-30.77,1
12/17/2025 9:00,EST,CAPITL,61757,120.61,4.42,-22.15,1
12/17/2025 10:00,EST,CAPITL,61757,88.61,4.3,0,1
12/17/2025 11:00,EST,CAPITL,61757,86.86,4.13,0,1
12/17/2025 12:00,EST,CAPITL,61757,83.42,3.75,0,1
12/17/2025 13:00,EST,CAPITL,61757,82.32,3.77,0,1
12/17/2025 14:00,EST,CAPITL,61757,82.86,3.57,0,1
12/17/2025 15:00,EST,CAPITL,61757,97.4,4.29,0,1
12/17/2025 16:00,EST,CAPITL,61757,108.19,4.76,0,1
12/17/2025 17:00,EST,CAPITL,61757,127.19,5.6,0,1
12/17/2025 18:00,EST,CAPITL,61757,121.69,5.57,0,1
12/17/2025 19:00,EST,CAPITL,61757,116.5,5.34,0,1
12/17/2025 20:00,EST,CAPITL,61757,114.98,5.27,0,1
12/17/2025 21:00,EST,CAPITL,61757,94.72,4.59,0,1
12/17/2025 22:00,EST,CAPITL,61757,98.83,4.62,0,1
12/17/2025 23:00,EST,CAPITL,61757,83.55,3.68,0,1
12/18/2025 0:00,EST,CAPITL,61757,68.32,2.56,0,1
12/18/2025 1:00,EST,CAPITL,61757,64.31,2.35,0,1
12/18/2025 2:00,EST,CAPITL,61757,59.17,2.11,0,1
12/18/2025 3:00,EST,CAPITL,61757,59.73,2.24,0,1
12/18/2025 4:00,EST,CAPITL,61757,58.75,2.26,0,1
12/18/2025 5:00,EST,CAPITL,61757,60.87,2.62,0,1
12/18/2025 6:00,EST,CAPITL,61757,65.7,2.77,0,1
12/18/2025 7:00,EST,CAPITL,61757,75.65,2.91,0,1
12/18/2025 8:00,EST,CAPITL,61757,66.75,2.5,0,1
12/18/2025 9:00,EST,CAPITL,61757,59.79,1.8,0,1
12/18/2025 10:00,EST,CAPITL,61757,58.25,1.75,0,1
12/18/2025 11:00,EST,CAPITL,61757,54.62,1.54,0,1
12/18/2025 12:00,EST,CAPITL,61757,51.63,1.4,0,1
12/18/2025 13:00,EST,CAPITL,61757,52.38,1.48,0,1
12/18/2025 14:00,EST,CAPITL,61757,56.04,1.74,0,1
12/18/2025 15:00,EST,CAPITL,61757,61.69,2.14,0,1
12/18/2025 16:00,EST,CAPITL,61757,69.26,2.67,0,1
12/18/2025 17:00,EST,CAPITL,61757,74.7,2.73,0,1
12/18/2025 18:00,EST,CAPITL,61757,71.74,2.83,0,1
12/18/2025 19:00,EST,CAPITL,61757,65.31,2.63,0,1
12/18/2025 20:00,EST,CAPITL,61757,62.75,2.53,0,1
12/18/2025 21:00,EST,CAPITL,61757,58.44,2.36,0,1
12/18/2025 22:00,EST,CAPITL,61757,52.33,2.11,0,1
12/18/2025 23:00,EST,CAPITL,61757,47.46,2.17,0,1
12/19/2025 0:00,EST,CAPITL,61757,41.34,1.67,0,1
12/19/2025 1:00,EST,CAPITL,61757,39.7,1.56,0,1
12/19/2025 2:00,EST,CAPITL,61757,38.72,1.53,0,1
12/19/2025 3:00,EST,CAPITL,61757,38.11,1.5,0,1
12/19/2025 4:00,EST,CAPITL,61757,36.75,1.45,0,1
12/19/2025 5:00,EST,CAPITL,61757,38.65,1.63,0,1
12/19/2025 6:00,EST,CAPITL,61757,44.54,1.71,0,1
12/19/2025 7:00,EST,CAPITL,61757,50.97,1.82,0,1
12/19/2025 8:00,EST,CAPITL,61757,54.47,1.84,0,1
12/19/2025 9:00,EST,CAPITL,61757,56.07,1.9,0,1
12/19/2025 10:00,EST,CAPITL,61757,54.82,1.8,0,1
12/19/2025 11:00,EST,CAPITL,61757,53.56,1.76,0,1
12/19/2025 12:00,EST,CAPITL,61757,52.08,1.66,0,1
12/19/2025 13:00,EST,CAPITL,61757,49.45,1.53,0,1
12/19/2025 14:00,EST,CAPITL,61757,47.71,1.48,0,1
12/19/2025 15:00,EST,CAPITL,61757,52.6,1.68,0,1
12/19/2025 16:00,EST,CAPITL,61757,63.29,2.26,0,1
12/19/2025 17:00,EST,CAPITL,61757,74.2,2.65,0,1
12/19/2025 18:00,EST,CAPITL,61757,68.7,2.58,0,1
12/19/2025 19:00,EST,CAPITL,61757,63.06,2.31,0,1
12/19/2025 20:00,EST,CAPITL,61757,61.87,2.44,0,1
12/19/2025 21:00,EST,CAPITL,61757,58.33,2.25,0,1
12/19/2025 22:00,EST,CAPITL,61757,54.58,2,0,1
12/19/2025 23:00,EST,CAPITL,61757,52.11,1.86,0,1
12/20/2025 0:00,EST,CAPITL,61757,50.73,1.86,0,1
12/20/2025 1:00,EST,CAPITL,61757,49,1.89,0,1
12/20/2025 2:00,EST,CAPITL,61757,47.27,1.77,0,1
12/20/2025 3:00,EST,CAPITL,61757,46.61,1.75,0,1
12/20/2025 4:00,EST,CAPITL,61757,48.19,1.86,0,1
12/20/2025 5:00,EST,CAPITL,61757,47.78,1.88,0,1
12/20/2025 6:00,EST,CAPITL,61757,55.65,2.09,0,1
12/20/2025 7:00,EST,CAPITL,61757,61.15,2.46,0,1
12/20/2025 8:00,EST,CAPITL,61757,63.84,2.16,0,1
12/20/2025 9:00,EST,CAPITL,61757,52.87,1.54,0,1
12/20/2025 10:00,EST,CAPITL,61757,59.97,1.97,0,1
12/20/2025 11:00,EST,CAPITL,61757,54.11,1.78,0,1
12/20/2025 12:00,EST,CAPITL,61757,54.65,1.9,0,1
12/20/2025 13:00,EST,CAPITL,61757,55.48,1.88,0,1
12/20/2025 14:00,EST,CAPITL,61757,57.55,2.16,0,1
12/20/2025 15:00,EST,CAPITL,61757,64.17,2.46,-4.4,1
12/20/2025 16:00,EST,CAPITL,61757,72.22,2.91,0,1
12/20/2025 17:00,EST,CAPITL,61757,78.87,3.18,0,1
12/20/2025 18:00,EST,CAPITL,61757,70.84,3.05,0,1
12/20/2025 19:00,EST,CAPITL,61757,67.23,2.88,-0.34,1
12/20/2025 20:00,EST,CAPITL,61757,63.91,2.41,-6.62,1
12/20/2025 21:00,EST,CAPITL,61757,65.87,2.29,-11.54,1
12/20/2025 22:00,EST,CAPITL,61757,55.8,2.5,-0.01,1
12/20/2025 23:00,EST,CAPITL,61757,55.8,2.59,-0.42,1
12/21/2025 0:00,EST,CAPITL,61757,53.55,2.4,0,1
12/21/2025 1:00,EST,CAPITL,61757,49.99,2.2,0,1
12/21/2025 2:00,EST,CAPITL,61757,46.94,2.11,0,1
12/21/2025 3:00,EST,CAPITL,61757,44.52,2,0,1
12/21/2025 4:00,EST,CAPITL,61757,44.84,1.97,0,1
12/21/2025 5:00,EST,CAPITL,61757,45.31,2.03,0,1
12/21/2025 6:00,EST,CAPITL,61757,48.33,2.03,0,1
12/21/2025 7:00,EST,CAPITL,61757,53,2.04,0,1
12/21/2025 8:00,EST,CAPITL,61757,52.86,1.98,0,1
12/21/2025 9:00,EST,CAPITL,61757,51.16,1.87,0,1
12/21/2025 10:00,EST,CAPITL,61757,49.97,1.73,0,1
12/21/2025 11:00,EST,CAPITL,61757,48.28,1.68,0,1
12/21/2025 12:00,EST,CAPITL,61757,47.83,1.71,0,1
12/21/2025 13:00,EST,CAPITL,61757,47.7,1.79,0,1
12/21/2025 14:00,EST,CAPITL,61757,55.55,2.14,0,1
12/21/2025 15:00,EST,CAPITL,61757,60.46,2.38,0,1
12/21/2025 16:00,EST,CAPITL,61757,72.65,2.93,0,1
12/21/2025 17:00,EST,CAPITL,61757,82.65,3.1,0,1
12/21/2025 18:00,EST,CAPITL,61757,75.69,2.98,0,1
12/21/2025 19:00,EST,CAPITL,61757,74,2.98,0,1
12/21/2025 20:00,EST,CAPITL,61757,69.34,2.73,0,1
12/21/2025 21:00,EST,CAPITL,61757,65.98,2.6,0,1
12/21/2025 22:00,EST,CAPITL,61757,70.79,2.73,0,1
12/21/2025 23:00,EST,CAPITL,61757,64.08,2.22,0,1
12/22/2025 0:00,EST,CAPITL,61757,65.45,2.34,0,1
12/22/2025 1:00,EST,CAPITL,61757,62.57,2.35,0,1
12/22/2025 2:00,EST,CAPITL,61757,60.26,2.15,0,1
12/22/2025 3:00,EST,CAPITL,61757,60.68,2.55,0,1
12/22/2025 4:00,EST,CAPITL,61757,61.58,2.31,0,1
12/22/2025 5:00,EST,CAPITL,61757,62.99,2.36,0,1
12/22/2025 6:00,EST,CAPITL,61757,84.23,3.55,0,1
12/22/2025 7:00,EST,CAPITL,61757,102.04,4.2,0,1
12/22/2025 8:00,EST,CAPITL,61757,95.8,3.59,0,1
12/22/2025 9:00,EST,CAPITL,61757,69.1,2.01,0,1
12/22/2025 10:00,EST,CAPITL,61757,69.32,1.89,0,1
12/22/2025 11:00,EST,CAPITL,61757,64.64,1.7,0,1
12/22/2025 12:00,EST,CAPITL,61757,62.64,1.65,0,1
12/22/2025 13:00,EST,CAPITL,61757,63.74,1.73,0,1
12/22/2025 14:00,EST,CAPITL,61757,72.4,1.97,0,1
12/22/2025 15:00,EST,CAPITL,61757,79.7,2.54,0,1
12/22/2025 16:00,EST,CAPITL,61757,98.94,3.43,0,1
12/22/2025 17:00,EST,CAPITL,61757,109.79,3.4,0,1
12/22/2025 18:00,EST,CAPITL,61757,103.04,3.39,0,1
12/22/2025 19:00,EST,CAPITL,61757,98.58,3.14,0,1
12/22/2025 20:00,EST,CAPITL,61757,79.84,2.47,0,1
12/22/2025 21:00,EST,CAPITL,61757,76.01,2.64,0,1
12/22/2025 22:00,EST,CAPITL,61757,73.97,2.57,0,1
12/22/2025 23:00,EST,CAPITL,61757,70.16,2.43,0,1
12/23/2025 0:00,EST,CAPITL,61757,60.13,2.25,0,1
12/23/2025 1:00,EST,CAPITL,61757,57.99,2.23,0,1
12/23/2025 2:00,EST,CAPITL,61757,53.68,1.92,0,1
12/23/2025 3:00,EST,CAPITL,61757,51.79,1.94,0,1
12/23/2025 4:00,EST,CAPITL,61757,54.35,1.99,0,1
12/23/2025 5:00,EST,CAPITL,61757,59.2,2.49,0,1
12/23/2025 6:00,EST,CAPITL,61757,66.47,2.8,0,1
12/23/2025 7:00,EST,CAPITL,61757,72.7,2.73,0,1
12/23/2025 8:00,EST,CAPITL,61757,75.01,3.02,0,1
12/23/2025 9:00,EST,CAPITL,61757,82.26,3.17,0,1
12/23/2025 10:00,EST,CAPITL,61757,78.16,3.15,0,1
12/23/2025 11:00,EST,CAPITL,61757,75.39,2.97,0,1
12/23/2025 12:00,EST,CAPITL,61757,69.73,2.61,0,1
12/23/2025 13:00,EST,CAPITL,61757,69.41,2.54,0,1
12/23/2025 14:00,EST,CAPITL,61757,70.55,2.58,0,1
12/23/2025 15:00,EST,CAPITL,61757,67.05,2.39,0,1
12/23/2025 16:00,EST,CAPITL,61757,71.47,2.68,0,1
12/23/2025 17:00,EST,CAPITL,61757,78.78,3.1,0,1
12/23/2025 18:00,EST,CAPITL,61757,70.43,2.71,0,1
12/23/2025 19:00,EST,CAPITL,61757,63.84,2.39,0,1
12/23/2025 20:00,EST,CAPITL,61757,62.89,2.36,0,1
12/23/2025 21:00,EST,CAPITL,61757,59.64,2.3,0,1
12/23/2025 22:00,EST,CAPITL,61757,54.79,2.11,0,1
12/23/2025 23:00,EST,CAPITL,61757,52.83,1.98,0,1
12/24/2025 0:00,EST,CAPITL,61757,47.6,1.88,0,1
12/24/2025 1:00,EST,CAPITL,61757,43.42,1.59,0,1
12/24/2025 2:00,EST,CAPITL,61757,40.32,1.48,0,1
12/24/2025 3:00,EST,CAPITL,61757,39.67,1.45,0,1
12/24/2025 4:00,EST,CAPITL,61757,39.66,1.45,0,1
12/24/2025 5:00,EST,CAPITL,61757,44.5,1.79,0,1
12/24/2025 6:00,EST,CAPITL,61757,55.05,2.22,0,1
12/24/2025 7:00,EST,CAPITL,61757,61.07,2.24,0,1
12/24/2025 8:00,EST,CAPITL,61757,60.85,2.11,0,1
12/24/2025 9:00,EST,CAPITL,61757,57.72,1.79,0,1
12/24/2025 10:00,EST,CAPITL,61757,57.32,1.67,0,1
12/24/2025 11:00,EST,CAPITL,61757,55.47,1.51,0,1
12/24/2025 12:00,EST,CAPITL,61757,53.41,1.3,0,1
12/24/2025 13:00,EST,CAPITL,61757,56.57,1.43,0,1
12/24/2025 14:00,EST,CAPITL,61757,60.81,1.48,0,1
12/24/2025 15:00,EST,CAPITL,61757,62.6,1.82,0,1
12/24/2025 16:00,EST,CAPITL,61757,70.45,1.92,0,1
12/24/2025 17:00,EST,CAPITL,61757,85.09,2.64,0,1
12/24/2025 18:00,EST,CAPITL,61757,71.57,2.42,0,1
12/24/2025 19:00,EST,CAPITL,61757,68.32,2.25,0,1
12/24/2025 20:00,EST,CAPITL,61757,64.81,2.31,0,1
12/24/2025 21:00,EST,CAPITL,61757,61.84,2.26,0,1
12/24/2025 22:00,EST,CAPITL,61757,61.2,2.24,0,1
12/24/2025 23:00,EST,CAPITL,61757,57.63,1.95,0,1
12/25/2025 0:00,EST,CAPITL,61757,51.83,2,0,1
12/25/2025 1:00,EST,CAPITL,61757,48.08,1.94,0,1
12/25/2025 2:00,EST,CAPITL,61757,46.66,1.88,0,1
12/25/2025 3:00,EST,CAPITL,61757,43.27,1.67,0,1
12/25/2025 4:00,EST,CAPITL,61757,42.94,1.61,0,1
12/25/2025 5:00,EST,CAPITL,61757,44.69,1.76,0,1
12/25/2025 6:00,EST,CAPITL,61757,48.55,2,0,1
12/25/2025 7:00,EST,CAPITL,61757,49.16,1.84,0,1
12/25/2025 8:00,EST,CAPITL,61757,51.56,1.84,0,1
12/25/2025 9:00,EST,CAPITL,61757,49.7,1.96,0,1
12/25/2025 10:00,EST,CAPITL,61757,54.18,2.03,0,1
12/25/2025 11:00,EST,CAPITL,61757,49.33,1.71,0,1
12/25/2025 12:00,EST,CAPITL,61757,48.79,1.74,0,1
12/25/2025 13:00,EST,CAPITL,61757,46.59,1.62,0,1
12/25/2025 14:00,EST,CAPITL,61757,46.61,1.62,0,1
12/25/2025 15:00,EST,CAPITL,61757,51.39,1.93,0,1
12/25/2025 16:00,EST,CAPITL,61757,56.51,2.23,0,1
12/25/2025 17:00,EST,CAPITL,61757,61.79,2.6,0,1
12/25/2025 18:00,EST,CAPITL,61757,58.52,2.52,0,1
12/25/2025 19:00,EST,CAPITL,61757,57.02,2.35,0,1
12/25/2025 20:00,EST,CAPITL,61757,56.83,2.29,0,1
12/25/2025 21:00,EST,CAPITL,61757,56.25,2.22,0,1
12/25/2025 22:00,EST,CAPITL,61757,58.62,2.2,0,1
12/25/2025 23:00,EST,CAPITL,61757,55.57,1.98,0,1
12/26/2025 0:00,EST,CAPITL,61757,67.05,2.7,0,1
12/26/2025 1:00,EST,CAPITL,61757,60.76,2.39,0,1
12/26/2025 2:00,EST,CAPITL,61757,56.19,2.16,0,1
12/26/2025 3:00,EST,CAPITL,61757,56.22,2.21,0,1
12/26/2025 4:00,EST,CAPITL,61757,55.72,2.09,0,1
12/26/2025 5:00,EST,CAPITL,61757,63.45,2.61,0,1
12/26/2025 6:00,EST,CAPITL,61757,71.27,2.81,0,1
12/26/2025 7:00,EST,CAPITL,61757,81.21,3.42,0,1
12/26/2025 8:00,EST,CAPITL,61757,82.42,3.55,0,1
12/26/2025 9:00,EST,CAPITL,61757,79.2,3.33,0,1
12/26/2025 10:00,EST,CAPITL,61757,79.69,2.92,0,1
12/26/2025 11:00,EST,CAPITL,61757,90.5,3.57,0,1
12/26/2025 12:00,EST,CAPITL,61757,86.21,3.16,0,1
12/26/2025 13:00,EST,CAPITL,61757,83.7,3.3,0,1
12/26/2025 14:00,EST,CAPITL,61757,85.59,3.53,0,1
12/26/2025 15:00,EST,CAPITL,61757,85.84,3.78,0,1
12/26/2025 16:00,EST,CAPITL,61757,96.2,4.15,0,1
12/26/2025 17:00,EST,CAPITL,61757,112,5.03,0,1
12/26/2025 18:00,EST,CAPITL,61757,105.78,4.94,0,1
12/26/2025 19:00,EST,CAPITL,61757,98.09,4.49,0,1
12/26/2025 20:00,EST,CAPITL,61757,96.46,4.42,0,1
12/26/2025 21:00,EST,CAPITL,61757,85.78,3.85,0,1
12/26/2025 22:00,EST,CAPITL,61757,81.29,3.58,0,1
12/26/2025 23:00,EST,CAPITL,61757,83.33,3.97,0,1
12/27/2025 0:00,EST,CAPITL,61757,85.08,3.74,0,1
12/27/2025 1:00,EST,CAPITL,61757,73.18,3.15,0,1
12/27/2025 2:00,EST,CAPITL,61757,71.27,2.87,0,1
12/27/2025 3:00,EST,CAPITL,61757,68.71,2.77,0,1
12/27/2025 4:00,EST,CAPITL,61757,69.53,2.93,0,1
12/27/2025 5:00,EST,CAPITL,61757,72.27,3.18,0,1
12/27/2025 6:00,EST,CAPITL,61757,74.61,3.28,0,1
12/27/2025 7:00,EST,CAPITL,61757,73.63,2.9,0,1
12/27/2025 8:00,EST,CAPITL,61757,82.56,3.33,0,1
12/27/2025 9:00,EST,CAPITL,61757,96.07,3.79,0,1
12/27/2025 10:00,EST,CAPITL,61757,92.63,3.39,0,1
12/27/2025 11:00,EST,CAPITL,61757,97.76,3.58,0,1
12/27/2025 12:00,EST,CAPITL,61757,86.48,2.92,0,1
12/27/2025 13:00,EST,CAPITL,61757,78.66,2.51,0,1
12/27/2025 14:00,EST,CAPITL,61757,78.71,2.51,0,1
12/27/2025 15:00,EST,CAPITL,61757,85.07,2.95,0,1
12/27/2025 16:00,EST,CAPITL,61757,98.41,3.97,0,1
12/27/2025 17:00,EST,CAPITL,61757,113.58,4.68,0,1
12/27/2025 18:00,EST,CAPITL,61757,102.12,4.12,0,1
12/27/2025 19:00,EST,CAPITL,61757,94.87,3.82,0,1
12/27/2025 20:00,EST,CAPITL,61757,90.89,3.58,0,1
12/27/2025 21:00,EST,CAPITL,61757,86.23,3.32,0,1
12/27/2025 22:00,EST,CAPITL,61757,90.11,3.22,0,1
12/27/2025 23:00,EST,CAPITL,61757,90.4,3.64,0,1
12/28/2025 0:00,EST,CAPITL,61757,112.91,5.27,0,1
12/28/2025 1:00,EST,CAPITL,61757,95.97,4.4,0,1
12/28/2025 2:00,EST,CAPITL,61757,82.86,3.57,0,1
12/28/2025 3:00,EST,CAPITL,61757,82.85,3.65,0,1
12/28/2025 4:00,EST,CAPITL,61757,82.93,3.72,0,1
12/28/2025 5:00,EST,CAPITL,61757,90.67,4.15,0,1
12/28/2025 6:00,EST,CAPITL,61757,91.36,3.94,0,1
12/28/2025 7:00,EST,CAPITL,61757,90.96,3.58,0,1
12/28/2025 8:00,EST,CAPITL,61757,78.51,3.02,0,1
12/28/2025 9:00,EST,CAPITL,61757,77.38,3.05,0,1
12/28/2025 10:00,EST,CAPITL,61757,71.62,3.02,0,1
12/28/2025 11:00,EST,CAPITL,61757,68.3,2.63,0,1
12/28/2025 12:00,EST,CAPITL,61757,66.86,2.51,0,1
12/28/2025 13:00,EST,CAPITL,61757,67.54,2.6,0,1
12/28/2025 14:00,EST,CAPITL,61757,71.53,2.82,0,1
12/28/2025 15:00,EST,CAPITL,61757,71.83,2.96,0,1
12/28/2025 16:00,EST,CAPITL,61757,88.28,3.8,0,1
12/28/2025 17:00,EST,CAPITL,61757,97.7,4.11,0,1
12/28/2025 18:00,EST,CAPITL,61757,86.51,3.81,0,1
12/28/2025 19:00,EST,CAPITL,61757,73.18,3.15,0,1
12/28/2025 20:00,EST,CAPITL,61757,71.12,3.13,0,1
12/28/2025 21:00,EST,CAPITL,61757,65.81,2.9,0,1
12/28/2025 22:00,EST,CAPITL,61757,60.1,2.53,0,1
12/28/2025 23:00,EST,CAPITL,61757,59.99,2.91,0,1
12/29/2025 0:00,EST,CAPITL,61757,58.68,2.85,0,1
12/29/2025 1:00,EST,CAPITL,61757,57.76,2.79,-0.22,1
12/29/2025 2:00,EST,CAPITL,61757,58.98,2.72,-1.87,1
12/29/2025 3:00,EST,CAPITL,61757,58.04,2.59,-2.5,1
12/29/2025 4:00,EST,CAPITL,61757,54.63,2.55,-0.06,1
12/29/2025 5:00,EST,CAPITL,61757,59.32,2.35,-9.94,1
12/29/2025 6:00,EST,CAPITL,61757,59.1,2.96,-1.23,1
12/29/2025 7:00,EST,CAPITL,61757,65.02,3.27,0,1
12/29/2025 8:00,EST,CAPITL,61757,66.3,3.22,0,1
12/29/2025 9:00,EST,CAPITL,61757,74.58,3.28,-8.27,1
12/29/2025 10:00,EST,CAPITL,61757,97.86,3.29,-31.26,1
12/29/2025 11:00,EST,CAPITL,61757,76.65,3.05,-14.86,1
12/29/2025 12:00,EST,CAPITL,61757,70.45,2.93,-11.08,1
12/29/2025 13:00,EST,CAPITL,61757,70.55,2.56,-14.62,1
12/29/2025 14:00,EST,CAPITL,61757,64.12,2.59,-6.37,1
12/29/2025 15:00,EST,CAPITL,61757,64.01,2.79,-4.18,1
12/29/2025 16:00,EST,CAPITL,61757,67.54,3.4,0,1
12/29/2025 17:00,EST,CAPITL,61757,88.29,4.45,-1.38,1
12/29/2025 18:00,EST,CAPITL,61757,75.56,3.87,0,1
12/29/2025 19:00,EST,CAPITL,61757,68.14,3.37,0,1
12/29/2025 20:00,EST,CAPITL,61757,69.44,3.43,0,1
12/29/2025 21:00,EST,CAPITL,61757,67,3.12,-3.82,1
12/29/2025 22:00,EST,CAPITL,61757,61,2.85,0,1
12/29/2025 23:00,EST,CAPITL,61757,61.94,3.17,0,1
12/30/2025 0:00,EST,CAPITL,61757,65.56,3.3,0,1
12/30/2025 1:00,EST,CAPITL,61757,62.09,3.07,0,1
12/30/2025 2:00,EST,CAPITL,61757,57.32,2.83,0,1
12/30/2025 3:00,EST,CAPITL,61757,59.83,2.96,0,1
12/30/2025 4:00,EST,CAPITL,61757,53.05,2.57,0,1
12/30/2025 5:00,EST,CAPITL,61757,60.74,2.84,-4.34,1
12/30/2025 6:00,EST,CAPITL,61757,73.3,3.16,-11.66,1
12/30/2025 7:00,EST,CAPITL,61757,92.19,3.45,-29.29,1
12/30/2025 8:00,EST,CAPITL,61757,91.61,3.42,-24.75,1
12/30/2025 9:00,EST,CAPITL,61757,90.42,3.51,-19.29,1
12/30/2025 10:00,EST,CAPITL,61757,94.32,3.34,-24.13,1
12/30/2025 11:00,EST,CAPITL,61757,94.17,3.27,-24.2,1
12/30/2025 12:00,EST,CAPITL,61757,94.2,3.35,-21.1,1
12/30/2025 13:00,EST,CAPITL,61757,90.98,3.35,-19.18,1
12/30/2025 14:00,EST,CAPITL,61757,94.77,3.42,-21.45,1
12/30/2025 15:00,EST,CAPITL,61757,100.44,3.9,-22.85,1
12/30/2025 16:00,EST,CAPITL,61757,112.45,5.03,-20.6,1
12/30/2025 17:00,EST,CAPITL,61757,125.17,6.52,0,1
12/30/2025 18:00,EST,CAPITL,61757,126.41,6.59,0,1
12/30/2025 19:00,EST,CAPITL,61757,115.02,5.89,0,1
12/30/2025 20:00,EST,CAPITL,61757,104.59,5.54,0,1
12/30/2025 21:00,EST,CAPITL,61757,99.75,4.08,-22.83,1
12/30/2025 22:00,EST,CAPITL,61757,91.12,3.87,-16.93,1
12/30/2025 23:00,EST,CAPITL,61757,85.03,4.58,-0.06,1
12/31/2025 0:00,EST,CAPITL,61757,82.9,3.52,-10.42,1
12/31/2025 1:00,EST,CAPITL,61757,77.96,3.85,-1.36,1
12/31/2025 2:00,EST,CAPITL,61757,73.71,3.77,0,1
12/31/2025 3:00,EST,CAPITL,61757,75.4,3.93,-0.06,1
12/31/2025 4:00,EST,CAPITL,61757,75.46,4,0,1
12/31/2025 5:00,EST,CAPITL,61757,77.22,4.08,-0.22,1
12/31/2025 6:00,EST,CAPITL,61757,86.25,4.42,0,1
12/31/2025 7:00,EST,CAPITL,61757,113.51,5.06,-11.14,1
12/31/2025 8:00,EST,CAPITL,61757,122.73,5.26,-18.16,1
12/31/2025 9:00,EST,CAPITL,61757,119.81,5.92,0,1
12/31/2025 10:00,EST,CAPITL,61757,102.64,4.89,0,1
12/31/2025 11:00,EST,CAPITL,61757,93.11,4.34,-0.28,1
12/31/2025 12:00,EST,CAPITL,61757,93.43,4.19,0,1
12/31/2025 13:00,EST,CAPITL,61757,93.48,4.2,0,1
12/31/2025 14:00,EST,CAPITL,61757,96.79,4.43,0,1
12/31/2025 15:00,EST,CAPITL,61757,103.29,4.82,0,1
12/31/2025 16:00,EST,CAPITL,61757,118.86,5.66,0,1
12/31/2025 17:00,EST,CAPITL,61757,143.21,6.43,0,1
12/31/2025 18:00,EST,CAPITL,61757,124.98,5.61,0,1
12/31/2025 19:00,EST,CAPITL,61757,107.11,4.81,0,1
12/31/2025 20:00,EST,CAPITL,61757,96.57,4.6,0,1
12/31/2025 21:00,EST,CAPITL,61757,94.12,4.48,0,1
12/31/2025 22:00,EST,CAPITL,61757,93.18,4.27,0,1
12/31/2025 23:00,EST,CAPITL,61757,94.03,4.31,0,1
1/1/2026 0:00,EST,CAPITL,61757,105.89,4.85,0,1
1/1/2026 1:00,EST,CAPITL,61757,96.73,4.52,0,1
1/1/2026 2:00,EST,CAPITL,61757,79.26,3.77,0,1
1/1/2026 3:00,EST,CAPITL,61757,73.08,3.48,0,1
1/1/2026 4:00,EST,CAPITL,61757,73.31,3.49,0,1
1/1/2026 5:00,EST,CAPITL,61757,90.94,4.41,0,1
1/1/2026 6:00,EST,CAPITL,61757,113.38,5.09,0,1
1/1/2026 7:00,EST,CAPITL,61757,109.88,5.13,0,1
1/1/2026 8:00,EST,CAPITL,61757,115.12,5.07,0,1
1/1/2026 9:00,EST,CAPITL,61757,116.05,4.78,0,1
1/1/2026 10:00,EST,CAPITL,61757,115.15,4.85,0,1
1/1/2026 11:00,EST,CAPITL,61757,107.99,4.25,0,1
1/1/2026 12:00,EST,CAPITL,61757,106.47,4.1,0,1
1/1/2026 13:00,EST,CAPITL,61757,109.5,4.41,0,1
1/1/2026 14:00,EST,CAPITL,61757,123.38,4.97,0,1
1/1/2026 15:00,EST,CAPITL,61757,122.74,5.17,0,1
1/1/2026 16:00,EST,CAPITL,61757,143.64,6.45,0,1
1/1/2026 17:00,EST,CAPITL,61757,158.51,7.26,0,1
1/1/2026 18:00,EST,CAPITL,61757,163.84,7.65,0,1
1/1/2026 19:00,EST,CAPITL,61757,147.9,6.91,0,1
1/1/2026 20:00,EST,CAPITL,61757,134.6,6.16,0,1
1/1/2026 21:00,EST,CAPITL,61757,131.84,6.16,0,1
1/1/2026 22:00,EST,CAPITL,61757,129.53,5.82,0,1
1/1/2026 23:00,EST,CAPITL,61757,133.39,5.87,0,1
1/2/2026 0:00,EST,CAPITL,61757,136.21,6.73,0,1
1/2/2026 1:00,EST,CAPITL,61757,126.52,6.36,0,1
1/2/2026 2:00,EST,CAPITL,61757,117.68,5.81,0,1
1/2/2026 3:00,EST,CAPITL,61757,118.93,5.98,0,1
1/2/2026 4:00,EST,CAPITL,61757,119.16,5.99,0,1
1/2/2026 5:00,EST,CAPITL,61757,124.17,6.47,0,1
1/2/2026 6:00,EST,CAPITL,61757,140.3,7.44,0,1
1/2/2026 7:00,EST,CAPITL,61757,145,7.55,0,1
1/2/2026 8:00,EST,CAPITL,61757,156.54,7.73,0,1
1/2/2026 9:00,EST,CAPITL,61757,138.57,6.47,0,1
1/2/2026 10:00,EST,CAPITL,61757,149.54,6.58,0,1
1/2/2026 11:00,EST,CAPITL,61757,134.6,5.67,0,1
1/2/2026 12:00,EST,CAPITL,61757,127.96,5.39,0,1
1/2/2026 13:00,EST,CAPITL,61757,127.45,5.37,0,1
1/2/2026 14:00,EST,CAPITL,61757,131.34,5.66,0,1
1/2/2026 15:00,EST,CAPITL,61757,141.68,6.49,0,1
1/2/2026 16:00,EST,CAPITL,61757,165.19,7.27,0,1
1/2/2026 17:00,EST,CAPITL,61757,180.23,8.25,0,1
1/2/2026 18:00,EST,CAPITL,61757,160.41,7.35,0,1
1/2/2026 19:00,EST,CAPITL,61757,143.62,6.71,0,1
1/2/2026 20:00,EST,CAPITL,61757,141.05,6.97,0,1
1/2/2026 21:00,EST,CAPITL,61757,132,5.42,-20.2,1
1/2/2026 22:00,EST,CAPITL,61757,129.82,6.76,0,1
1/2/2026 23:00,EST,CAPITL,61757,128.17,6.45,0,1
1/3/2026 0:00,EST,CAPITL,61757,133.76,7.09,0,1
1/3/2026 1:00,EST,CAPITL,61757,131.8,7.1,0,1
1/3/2026 2:00,EST,CAPITL,61757,126.99,6.62,0,1
1/3/2026 3:00,EST,CAPITL,61757,122.87,6.18,0,1
1/3/2026 4:00,EST,CAPITL,61757,123.75,6.45,0,1
1/3/2026 5:00,EST,CAPITL,61757,130.66,6.81,0,1
1/3/2026 6:00,EST,CAPITL,61757,137.22,6.78,0,1
1/3/2026 7:00,EST,CAPITL,61757,128.36,6.34,0,1
1/3/2026 8:00,EST,CAPITL,61757,145.69,6.8,0,1
1/3/2026 9:00,EST,CAPITL,61757,136.29,6.12,0,1
1/3/2026 10:00,EST,CAPITL,61757,131.3,5.66,0,1
1/3/2026 11:00,EST,CAPITL,61757,127.32,5.13,0,1
1/3/2026 12:00,EST,CAPITL,61757,126.88,5.11,0,1
1/3/2026 13:00,EST,CAPITL,61757,128.6,5.07,0,1
1/3/2026 14:00,EST,CAPITL,61757,129.89,5,0,1
1/3/2026 15:00,EST,CAPITL,61757,135.26,5.83,0,1
1/3/2026 16:00,EST,CAPITL,61757,156.12,6.87,0,1
1/3/2026 17:00,EST,CAPITL,61757,166.95,7.5,0,1
1/3/2026 18:00,EST,CAPITL,61757,161.79,7.41,0,1
1/3/2026 19:00,EST,CAPITL,61757,146.03,6.43,0,1
1/3/2026 20:00,EST,CAPITL,61757,135.51,6.33,0,1
1/3/2026 21:00,EST,CAPITL,61757,126.02,5.77,0,1
1/3/2026 22:00,EST,CAPITL,61757,127.76,5.97,0,1
1/3/2026 23:00,EST,CAPITL,61757,126.82,5.58,0,1
1/4/2026 0:00,EST,CAPITL,61757,141.74,6.87,0,1
1/4/2026 1:00,EST,CAPITL,61757,130.3,6.44,0,1
1/4/2026 2:00,EST,CAPITL,61757,125.42,6.08,0,1
1/4/2026 3:00,EST,CAPITL,61757,121.65,5.68,0,1
1/4/2026 4:00,EST,CAPITL,61757,116.33,5.54,0,1
1/4/2026 5:00,EST,CAPITL,61757,117.47,5.59,0,1
1/4/2026 6:00,EST,CAPITL,61757,112.86,5.17,0,1
1/4/2026 7:00,EST,CAPITL,61757,107.8,5.33,0,1
1/4/2026 8:00,EST,CAPITL,61757,116.47,5.65,0,1
1/4/2026 9:00,EST,CAPITL,61757,120.69,5.53,0,1
1/4/2026 10:00,EST,CAPITL,61757,123.7,5.78,0,1
1/4/2026 11:00,EST,CAPITL,61757,124.43,5.36,0,1
1/4/2026 12:00,EST,CAPITL,61757,121.99,5.14,0,1
1/4/2026 13:00,EST,CAPITL,61757,122.59,5.16,0,1
1/4/2026 14:00,EST,CAPITL,61757,123.98,5.45,0,1
1/4/2026 15:00,EST,CAPITL,61757,130.04,6.07,0,1
1/4/2026 16:00,EST,CAPITL,61757,155.78,7.7,0,1
1/4/2026 17:00,EST,CAPITL,61757,188.16,9.46,0,1
1/4/2026 18:00,EST,CAPITL,61757,171.76,8.79,0,1
1/4/2026 19:00,EST,CAPITL,61757,168.5,8.63,0,1
1/4/2026 20:00,EST,CAPITL,61757,139.43,6.76,0,1
1/4/2026 21:00,EST,CAPITL,61757,132.99,6.69,0,1
1/4/2026 22:00,EST,CAPITL,61757,127.31,6.29,0,1
1/4/2026 23:00,EST,CAPITL,61757,126.92,6.16,0,1
1/5/2026 0:00,EST,CAPITL,61757,141.56,6.48,0,1
1/5/2026 1:00,EST,CAPITL,61757,129.24,6.15,0,1
1/5/2026 2:00,EST,CAPITL,61757,123.08,5.86,0,1
1/5/2026 3:00,EST,CAPITL,61757,124.56,5.93,0,1
1/5/2026 4:00,EST,CAPITL,61757,127.28,6.06,0,1
1/5/2026 5:00,EST,CAPITL,61757,131.61,6.74,0,1
1/5/2026 6:00,EST,CAPITL,61757,148.79,7.2,-8.13,1
1/5/2026 7:00,EST,CAPITL,61757,168.82,8.04,-8.97,1
1/5/2026 8:00,EST,CAPITL,61757,168.68,8.33,0,1
1/5/2026 9:00,EST,CAPITL,61757,180.65,8.44,0,1
1/5/2026 10:00,EST,CAPITL,61757,163.22,7.62,0,1
1/5/2026 11:00,EST,CAPITL,61757,151.87,6.96,0,1
1/5/2026 12:00,EST,CAPITL,61757,146.13,6.82,0,1
1/5/2026 13:00,EST,CAPITL,61757,143.2,6.43,0,1
1/5/2026 14:00,EST,CAPITL,61757,145.58,6.67,0,1
1/5/2026 15:00,EST,CAPITL,61757,143.72,6.71,0,1
1/5/2026 16:00,EST,CAPITL,61757,168.08,7.55,0,1
1/5/2026 17:00,EST,CAPITL,61757,190.4,8.89,0,1
1/5/2026 18:00,EST,CAPITL,61757,177.31,8.12,0,1
1/5/2026 19:00,EST,CAPITL,61757,164.25,7.52,0,1
1/5/2026 20:00,EST,CAPITL,61757,145.95,6.82,0,1
1/5/2026 21:00,EST,CAPITL,61757,134.2,6.63,0,1
1/5/2026 22:00,EST,CAPITL,61757,131.25,6.37,0,1
1/5/2026 23:00,EST,CAPITL,61757,130.91,6,0,1
1/6/2026 0:00,EST,CAPITL,61757,128.81,6.02,0,1
1/6/2026 1:00,EST,CAPITL,61757,117.87,5.4,0,1
1/6/2026 2:00,EST,CAPITL,61757,111.1,4.99,0,1
1/6/2026 3:00,EST,CAPITL,61757,112.49,5.35,0,1
1/6/2026 4:00,EST,CAPITL,61757,116.84,5.56,0,1
1/6/2026 5:00,EST,CAPITL,61757,121.96,6.13,0,1
1/6/2026 6:00,EST,CAPITL,61757,136.11,6.72,0,1
1/6/2026 7:00,EST,CAPITL,61757,159.67,7.89,0,1
1/6/2026 8:00,EST,CAPITL,61757,147.14,7.27,-2.59,1
1/6/2026 9:00,EST,CAPITL,61757,153.24,7.16,0,1
1/6/2026 10:00,EST,CAPITL,61757,124.28,5.12,0,1
1/6/2026 11:00,EST,CAPITL,61757,120.08,4.73,0,1
1/6/2026 12:00,EST,CAPITL,61757,116.86,4.6,0,1
1/6/2026 13:00,EST,CAPITL,61757,115.94,4.67,0,1
1/6/2026 14:00,EST,CAPITL,61757,114.47,4.29,0,1
1/6/2026 15:00,EST,CAPITL,61757,99.1,3.99,0,1
1/6/2026 16:00,EST,CAPITL,61757,114.62,4.94,0,1
1/6/2026 17:00,EST,CAPITL,61757,122.98,5.52,0,1
1/6/2026 18:00,EST,CAPITL,61757,111.61,5.01,0,1
1/6/2026 19:00,EST,CAPITL,61757,95.33,4.28,0,1
1/6/2026 20:00,EST,CAPITL,61757,86.88,3.9,0,1
1/6/2026 21:00,EST,CAPITL,61757,81.56,3.59,0,1
1/6/2026 22:00,EST,CAPITL,61757,81.38,3.87,0,1
1/6/2026 23:00,EST,CAPITL,61757,76.6,3.51,0,1
1/7/2026 0:00,EST,CAPITL,61757,62.39,2.51,0,1
1/7/2026 1:00,EST,CAPITL,61757,57.22,2.09,0,1
1/7/2026 2:00,EST,CAPITL,61757,57.01,1.98,0,1
1/7/2026 3:00,EST,CAPITL,61757,57.23,2.09,0,1
1/7/2026 4:00,EST,CAPITL,61757,57.29,2.15,0,1
1/7/2026 5:00,EST,CAPITL,61757,55.46,2.14,0,1
1/7/2026 6:00,EST,CAPITL,61757,62.82,2.53,0,1
1/7/2026 7:00,EST,CAPITL,61757,72.41,2.51,0,1
1/7/2026 8:00,EST,CAPITL,61757,69.57,2.41,0,1
1/7/2026 9:00,EST,CAPITL,61757,69.87,2.3,0,1
1/7/2026 10:00,EST,CAPITL,61757,61.95,2.04,0,1
1/7/2026 11:00,EST,CAPITL,61757,61.46,1.79,0,1
1/7/2026 12:00,EST,CAPITL,61757,57.8,1.63,0,1
1/7/2026 13:00,EST,CAPITL,61757,56.33,1.43,0,1
1/7/2026 14:00,EST,CAPITL,61757,55.28,1.5,0,1
1/7/2026 15:00,EST,CAPITL,61757,57.62,1.73,0,1
1/7/2026 16:00,EST,CAPITL,61757,67.19,2.27,0,1
1/7/2026 17:00,EST,CAPITL,61757,81.79,2.76,0,1
1/7/2026 18:00,EST,CAPITL,61757,72.94,2.53,0,1
1/7/2026 19:00,EST,CAPITL,61757,62.12,2.1,0,1
1/7/2026 20:00,EST,CAPITL,61757,56.63,2.12,0,1
1/7/2026 21:00,EST,CAPITL,61757,55.08,1.97,0,1
1/7/2026 22:00,EST,CAPITL,61757,52.62,1.83,0,1
1/7/2026 23:00,EST,CAPITL,61757,52.24,1.72,0,1
1/8/2026 0:00,EST,CAPITL,61757,51.77,1.8,0,1
1/8/2026 1:00,EST,CAPITL,61757,51.41,1.84,0,1
1/8/2026 2:00,EST,CAPITL,61757,50,1.69,0,1
1/8/2026 3:00,EST,CAPITL,61757,48.43,1.68,0,1
1/8/2026 4:00,EST,CAPITL,61757,49.92,1.69,0,1
1/8/2026 5:00,EST,CAPITL,61757,51.64,1.94,0,1
1/8/2026 6:00,EST,CAPITL,61757,62.5,2.34,0,1
1/8/2026 7:00,EST,CAPITL,61757,72.1,2.96,1.33,1
1/8/2026 8:00,EST,CAPITL,61757,68.49,2.8,1.07,1
1/8/2026 9:00,EST,CAPITL,61757,54.51,1.9,0.23,1
1/8/2026 10:00,EST,CAPITL,61757,50.03,1.51,0,1
1/8/2026 11:00,EST,CAPITL,61757,45.7,1.33,0,1
1/8/2026 12:00,EST,CAPITL,61757,43.47,1.1,0,1
1/8/2026 13:00,EST,CAPITL,61757,43.7,1.11,0,1
1/8/2026 14:00,EST,CAPITL,61757,46.31,1.17,0,1
1/8/2026 15:00,EST,CAPITL,61757,50.63,1.47,0,1
1/8/2026 16:00,EST,CAPITL,61757,59.17,1.84,0.31,1
1/8/2026 17:00,EST,CAPITL,61757,66.7,2.25,0,1
1/8/2026 18:00,EST,CAPITL,61757,57.93,2.07,0,1
1/8/2026 19:00,EST,CAPITL,61757,53.19,1.85,0,1
1/8/2026 20:00,EST,CAPITL,61757,50.37,1.89,0,1
1/8/2026 21:00,EST,CAPITL,61757,48.1,1.8,0,1
1/8/2026 22:00,EST,CAPITL,61757,46.91,1.76,0,1
1/8/2026 23:00,EST,CAPITL,61757,45.75,1.63,0,1
1/9/2026 0:00,EST,CAPITL,61757,49.81,2.01,0,1
1/9/2026 1:00,EST,CAPITL,61757,45.4,1.96,0,1
1/9/2026 2:00,EST,CAPITL,61757,42.21,1.86,0,1
1/9/2026 3:00,EST,CAPITL,61757,42.17,1.86,0,1
1/9/2026 4:00,EST,CAPITL,61757,41.33,1.78,0,1
1/9/2026 5:00,EST,CAPITL,61757,41.9,1.92,-0.06,1
1/9/2026 6:00,EST,CAPITL,61757,53.2,2.28,-1.48,1
1/9/2026 7:00,EST,CAPITL,61757,56.74,2.5,0,1
1/9/2026 8:00,EST,CAPITL,61757,51.88,2.24,0,1
1/9/2026 9:00,EST,CAPITL,61757,50.59,1.95,0,1
1/9/2026 10:00,EST,CAPITL,61757,44.7,1.72,0,1
1/9/2026 11:00,EST,CAPITL,61757,43.79,1.69,0,1
1/9/2026 12:00,EST,CAPITL,61757,41.96,1.57,0,1
1/9/2026 13:00,EST,CAPITL,61757,41.3,1.59,0,1
1/9/2026 14:00,EST,CAPITL,61757,43.73,1.72,0,1
1/9/2026 15:00,EST,CAPITL,61757,46.25,1.69,0,1
1/9/2026 16:00,EST,CAPITL,61757,54.67,2.15,0,1
1/9/2026 17:00,EST,CAPITL,61757,64.84,2.55,0,1
1/9/2026 18:00,EST,CAPITL,61757,56.41,2.22,0,1
1/9/2026 19:00,EST,CAPITL,61757,47.8,1.93,0,1
1/9/2026 20:00,EST,CAPITL,61757,44.18,1.66,0,1
1/9/2026 21:00,EST,CAPITL,61757,41.6,1.52,0,1
1/9/2026 22:00,EST,CAPITL,61757,40.93,1.53,0,1
1/9/2026 23:00,EST,CAPITL,61757,40.69,1.41,0,1
1/10/2026 0:00,EST,CAPITL,61757,38.16,1.5,0,1
1/10/2026 1:00,EST,CAPITL,61757,39.63,1.53,0,1
1/10/2026 2:00,EST,CAPITL,61757,38.78,1.42,0,1
1/10/2026 3:00,EST,CAPITL,61757,37.68,1.38,0,1
1/10/2026 4:00,EST,CAPITL,61757,38.09,1.36,0,1
1/10/2026 5:00,EST,CAPITL,61757,38.3,1.4,0,1
1/10/2026 6:00,EST,CAPITL,61757,41.23,1.43,0,1
1/10/2026 7:00,EST,CAPITL,61757,45.16,1.27,0,1
1/10/2026 8:00,EST,CAPITL,61757,45.8,1.25,0,1
1/10/2026 9:00,EST,CAPITL,61757,49.85,1.26,0,1
1/10/2026 10:00,EST,CAPITL,61757,48.65,1.09,0,1
1/10/2026 11:00,EST,CAPITL,61757,51.17,1.29,0,1
1/10/2026 12:00,EST,CAPITL,61757,51.14,1.15,0,1
1/10/2026 13:00,EST,CAPITL,61757,52.07,1.27,0,1
1/10/2026 14:00,EST,CAPITL,61757,51.19,1.49,0,1
1/10/2026 15:00,EST,CAPITL,61757,51.72,1.6,0,1
1/10/2026 16:00,EST,CAPITL,61757,56.59,1.86,0,1
1/10/2026 17:00,EST,CAPITL,61757,60.14,2.26,0,1
1/10/2026 18:00,EST,CAPITL,61757,57.21,2.09,0,1
1/10/2026 19:00,EST,CAPITL,61757,51.69,1.89,0,1
1/10/2026 20:00,EST,CAPITL,61757,44.28,1.62,0,1
1/10/2026 21:00,EST,CAPITL,61757,41.79,1.53,0,1
1/10/2026 22:00,EST,CAPITL,61757,41.7,1.53,0,1
1/10/2026 23:00,EST,CAPITL,61757,39.26,1.4,0,1
1/11/2026 0:00,EST,CAPITL,61757,35.76,1.54,0,1
1/11/2026 1:00,EST,CAPITL,61757,34.21,1.47,0,1
1/11/2026 2:00,EST,CAPITL,61757,31.49,1.27,0,1
1/11/2026 3:00,EST,CAPITL,61757,29.18,1.15,0,1
1/11/2026 4:00,EST,CAPITL,61757,29.02,1.14,0,1
1/11/2026 5:00,EST,CAPITL,61757,29.97,1.23,0,1
1/11/2026 6:00,EST,CAPITL,61757,32.59,1.34,0,1
1/11/2026 7:00,EST,CAPITL,61757,34.37,1.29,0,1
1/11/2026 8:00,EST,CAPITL,61757,33.32,1.28,0,1
1/11/2026 9:00,EST,CAPITL,61757,33.4,1.13,0,1
1/11/2026 10:00,EST,CAPITL,61757,32.53,1.01,0,1
1/11/2026 11:00,EST,CAPITL,61757,32.37,0.97,0,1
1/11/2026 12:00,EST,CAPITL,61757,32.29,0.91,0,1
1/11/2026 13:00,EST,CAPITL,61757,33.08,0.93,0,1
1/11/2026 14:00,EST,CAPITL,61757,40.18,1.28,0,1
1/11/2026 15:00,EST,CAPITL,61757,43.15,1.46,0,1
1/11/2026 16:00,EST,CAPITL,61757,50.91,1.96,0,1
1/11/2026 17:00,EST,CAPITL,61757,62.19,2.51,0,1
1/11/2026 18:00,EST,CAPITL,61757,57.49,2.21,0,1
1/11/2026 19:00,EST,CAPITL,61757,54.89,2.21,0,1
1/11/2026 20:00,EST,CAPITL,61757,50.96,2.05,0,1
1/11/2026 21:00,EST,CAPITL,61757,41.72,1.68,0,1
1/11/2026 22:00,EST,CAPITL,61757,41.76,1.68,0,1
1/11/2026 23:00,EST,CAPITL,61757,35.88,1.35,0,1
1/12/2026 0:00,EST,CAPITL,61757,47.11,1.93,-0.21,1
1/12/2026 1:00,EST,CAPITL,61757,44.03,1.81,-0.21,1
1/12/2026 2:00,EST,CAPITL,61757,42.6,1.78,-0.21,1
1/12/2026 3:00,EST,CAPITL,61757,41.49,1.75,0,1
1/12/2026 4:00,EST,CAPITL,61757,44.88,1.89,0,1
1/12/2026 5:00,EST,CAPITL,61757,44.9,1.98,0,1
1/12/2026 6:00,EST,CAPITL,61757,58.87,2.13,-14.17,1
1/12/2026 7:00,EST,CAPITL,61757,80.15,3.45,0,1
1/12/2026 8:00,EST,CAPITL,61757,73.06,2.94,0,1
1/12/2026 9:00,EST,CAPITL,61757,57.03,2.09,0,1
1/12/2026 10:00,EST,CAPITL,61757,52.54,1.82,0,1
1/12/2026 11:00,EST,CAPITL,61757,49.53,1.72,0,1
1/12/2026 12:00,EST,CAPITL,61757,47.23,1.55,0,1
1/12/2026 13:00,EST,CAPITL,61757,48.45,1.64,0,1
1/12/2026 14:00,EST,CAPITL,61757,50.79,1.62,0,1
1/12/2026 15:00,EST,CAPITL,61757,56.44,1.91,0,1
1/12/2026 16:00,EST,CAPITL,61757,63.49,2.32,0,1
1/12/2026 17:00,EST,CAPITL,61757,77.4,3.12,0,1
1/12/2026 18:00,EST,CAPITL,61757,78.96,3.18,0,1
1/12/2026 19:00,EST,CAPITL,61757,67.86,2.61,0,1
1/12/2026 20:00,EST,CAPITL,61757,61.67,2.31,0,1
1/12/2026 21:00,EST,CAPITL,61757,50.73,1.81,0,1
1/12/2026 22:00,EST,CAPITL,61757,49.9,1.83,0,1
1/12/2026 23:00,EST,CAPITL,61757,44.37,1.58,0,1
1/13/2026 0:00,EST,CAPITL,61757,43.84,1.89,0,1
1/13/2026 1:00,EST,CAPITL,61757,43.09,1.9,0,1
1/13/2026 2:00,EST,CAPITL,61757,42.97,1.85,0,1
1/13/2026 3:00,EST,CAPITL,61757,40.75,1.68,0,1
1/13/2026 4:00,EST,CAPITL,61757,42.24,1.82,0,1
1/13/2026 5:00,EST,CAPITL,61757,47.05,1.81,0,1
1/13/2026 6:00,EST,CAPITL,61757,63.24,2.26,0,1
1/13/2026 7:00,EST,CAPITL,61757,79.06,2.82,0,1
1/13/2026 8:00,EST,CAPITL,61757,67.37,2.41,0,1
1/13/2026 9:00,EST,CAPITL,61757,52.49,1.63,0,1
1/13/2026 10:00,EST,CAPITL,61757,44.57,1.59,0,1
1/13/2026 11:00,EST,CAPITL,61757,42.84,1.41,0,1
1/13/2026 12:00,EST,CAPITL,61757,41.75,1.26,0,1
1/13/2026 13:00,EST,CAPITL,61757,41.66,1.25,0,1
1/13/2026 14:00,EST,CAPITL,61757,41.76,1.26,0,1
1/13/2026 15:00,EST,CAPITL,61757,50.98,1.44,0,1
1/13/2026 16:00,EST,CAPITL,61757,54.8,1.8,0,1
1/13/2026 17:00,EST,CAPITL,61757,68.89,2.65,0,1
1/13/2026 18:00,EST,CAPITL,61757,60.72,2.28,0,1
1/13/2026 19:00,EST,CAPITL,61757,52.8,2.28,0,1
1/13/2026 20:00,EST,CAPITL,61757,50.46,1.89,0,1
1/13/2026 21:00,EST,CAPITL,61757,45.43,1.83,0,1
1/13/2026 22:00,EST,CAPITL,61757,43.33,1.79,0,1
1/13/2026 23:00,EST,CAPITL,61757,41.77,1.67,-0.26,1
1/14/2026 0:00,EST,CAPITL,61757,33.17,1.49,0,1
1/14/2026 1:00,EST,CAPITL,61757,32.42,1.43,0,1
1/14/2026 2:00,EST,CAPITL,61757,31.05,1.37,0,1
1/14/2026 3:00,EST,CAPITL,61757,30.87,1.39,0,1
1/14/2026 4:00,EST,CAPITL,61757,32.45,1.43,0,1
1/14/2026 5:00,EST,CAPITL,61757,35.46,1.53,-0.79,1
1/14/2026 6:00,EST,CAPITL,61757,49.32,1.76,-7.56,1
1/14/2026 7:00,EST,CAPITL,61757,54.02,2.13,0,1
1/14/2026 8:00,EST,CAPITL,61757,51.12,1.87,0,1
1/14/2026 9:00,EST,CAPITL,61757,52.7,1.88,0,1
1/14/2026 10:00,EST,CAPITL,61757,51.72,1.75,0,1
1/14/2026 11:00,EST,CAPITL,61757,50.69,1.71,0,1
1/14/2026 12:00,EST,CAPITL,61757,49.5,1.44,0,1
1/14/2026 13:00,EST,CAPITL,61757,48.07,1.53,0,1
1/14/2026 14:00,EST,CAPITL,61757,50.44,1.61,0,1
1/14/2026 15:00,EST,CAPITL,61757,54.66,1.74,0,1
1/14/2026 16:00,EST,CAPITL,61757,58.6,1.82,0,1
1/14/2026 17:00,EST,CAPITL,61757,69.67,2.1,0,1
1/14/2026 18:00,EST,CAPITL,61757,60.07,2.2,0,1
1/14/2026 19:00,EST,CAPITL,61757,58.74,1.82,0,1
1/14/2026 20:00,EST,CAPITL,61757,53.85,1.72,0,1
1/14/2026 21:00,EST,CAPITL,61757,46.77,1.45,0,1
1/14/2026 22:00,EST,CAPITL,61757,45.83,1.51,0,1
1/14/2026 23:00,EST,CAPITL,61757,41.82,1.38,0,1
1/15/2026 0:00,EST,CAPITL,61757,45.62,1.88,0,1
1/15/2026 1:00,EST,CAPITL,61757,43.71,1.92,0,1
1/15/2026 2:00,EST,CAPITL,61757,41.78,1.84,0,1
1/15/2026 3:00,EST,CAPITL,61757,41.37,1.82,0,1
1/15/2026 4:00,EST,CAPITL,61757,42.05,1.85,0,1
1/15/2026 5:00,EST,CAPITL,61757,45.85,2.02,0,1
1/15/2026 6:00,EST,CAPITL,61757,54.73,2.46,0,1
1/15/2026 7:00,EST,CAPITL,61757,65.39,2.88,0,1
1/15/2026 8:00,EST,CAPITL,61757,62.02,2.56,0,1
1/15/2026 9:00,EST,CAPITL,61757,60.37,2.43,0,1
1/15/2026 10:00,EST,CAPITL,61757,68.21,2.94,0,1
1/15/2026 11:00,EST,CAPITL,61757,68.07,2.93,0,1
1/15/2026 12:00,EST,CAPITL,61757,67.92,2.68,0,1
1/15/2026 13:00,EST,CAPITL,61757,68.85,2.65,0,1
1/15/2026 14:00,EST,CAPITL,61757,69.7,2.81,0,1
1/15/2026 15:00,EST,CAPITL,61757,74.69,3.08,0,1
1/15/2026 16:00,EST,CAPITL,61757,83.86,3.61,0,1
1/15/2026 17:00,EST,CAPITL,61757,101.1,4.54,0,1
1/15/2026 18:00,EST,CAPITL,61757,100.56,4.33,0,1
1/15/2026 19:00,EST,CAPITL,61757,89.87,3.87,0,1
1/15/2026 20:00,EST,CAPITL,61757,85.81,3.78,0,1
1/15/2026 21:00,EST,CAPITL,61757,78.03,3.43,0,1
1/15/2026 22:00,EST,CAPITL,61757,71.64,3.15,0,1
1/15/2026 23:00,EST,CAPITL,61757,69.47,3.24,0,1
1/16/2026 0:00,EST,CAPITL,61757,84.38,3.74,-15.03,1
1/16/2026 1:00,EST,CAPITL,61757,80.3,3.46,-16.12,1
1/16/2026 2:00,EST,CAPITL,61757,77.11,3.3,-16.93,1
1/16/2026 3:00,EST,CAPITL,61757,71.84,3.24,-11.75,1
1/16/2026 4:00,EST,CAPITL,61757,66.84,3.53,-2.41,1
1/16/2026 5:00,EST,CAPITL,61757,78.67,3.82,-11.1,1
1/16/2026 6:00,EST,CAPITL,61757,94.06,4.81,-10.4,1
1/16/2026 7:00,EST,CAPITL,61757,107.9,6.11,0,1
1/16/2026 8:00,EST,CAPITL,61757,86.52,4.43,0,1
1/16/2026 9:00,EST,CAPITL,61757,76.89,3.45,0,1
1/16/2026 10:00,EST,CAPITL,61757,73.92,2.91,-0.15,1
1/16/2026 11:00,EST,CAPITL,61757,68.71,2.71,0,1
1/16/2026 12:00,EST,CAPITL,61757,66.67,2.25,0,1
1/16/2026 13:00,EST,CAPITL,61757,66.52,2.12,0,1
1/16/2026 14:00,EST,CAPITL,61757,75.26,2.69,0,1
1/16/2026 15:00,EST,CAPITL,61757,84.3,3.4,0,1
1/16/2026 16:00,EST,CAPITL,61757,86.68,3.81,0,1
1/16/2026 17:00,EST,CAPITL,61757,103.13,4.72,0,1
1/16/2026 18:00,EST,CAPITL,61757,97.7,4.39,0,1
1/16/2026 19:00,EST,CAPITL,61757,86.15,3.87,0,1
1/16/2026 20:00,EST,CAPITL,61757,85.45,3.91,0,1
1/16/2026 21:00,EST,CAPITL,61757,82.93,3.87,0,1
1/16/2026 22:00,EST,CAPITL,61757,80.1,3.81,0,1
1/16/2026 23:00,EST,CAPITL,61757,73.2,3.62,0,1
1/17/2026 0:00,EST,CAPITL,61757,59.94,2.96,0,1
1/17/2026 1:00,EST,CAPITL,61757,61.68,3.05,0,1
1/17/2026 2:00,EST,CAPITL,61757,57.67,2.85,0,1
1/17/2026 3:00,EST,CAPITL,61757,54.51,2.69,0,1
1/17/2026 4:00,EST,CAPITL,61757,53.15,2.63,0,1
1/17/2026 5:00,EST,CAPITL,61757,50.81,2.46,0,1
1/17/2026 6:00,EST,CAPITL,61757,57.29,2.78,0,1
1/17/2026 7:00,EST,CAPITL,61757,56.37,2.43,0,1
1/17/2026 8:00,EST,CAPITL,61757,59.99,2.59,0,1
1/17/2026 9:00,EST,CAPITL,61757,75.81,3.27,0,1
1/17/2026 10:00,EST,CAPITL,61757,87.53,3.77,0,1
1/17/2026 11:00,EST,CAPITL,61757,89.6,3.61,0,1
1/17/2026 12:00,EST,CAPITL,61757,90.23,3.55,0,1
1/17/2026 13:00,EST,CAPITL,61757,91.85,3.62,0,1
1/17/2026 14:00,EST,CAPITL,61757,90.19,3.72,0,1
1/17/2026 15:00,EST,CAPITL,61757,94.11,3.79,0,1
1/17/2026 16:00,EST,CAPITL,61757,105.2,4.43,0,1
1/17/2026 17:00,EST,CAPITL,61757,108.34,4.67,0,1
1/17/2026 18:00,EST,CAPITL,61757,109.72,4.62,0,1
1/17/2026 19:00,EST,CAPITL,61757,85.86,3.93,0,1
1/17/2026 20:00,EST,CAPITL,61757,80.22,3.75,0,1
1/17/2026 21:00,EST,CAPITL,61757,74.26,3.4,0,1
1/17/2026 22:00,EST,CAPITL,61757,72.09,3.43,0,1
1/17/2026 23:00,EST,CAPITL,61757,66.09,3.15,0,1
1/18/2026 0:00,EST,CAPITL,61757,66.4,3.16,0,1
1/18/2026 1:00,EST,CAPITL,61757,63.58,3.02,-2.39,1
1/18/2026 2:00,EST,CAPITL,61757,58.18,2.86,-0.24,1
1/18/2026 3:00,EST,CAPITL,61757,54.53,2.69,-0.16,1
1/18/2026 4:00,EST,CAPITL,61757,55.21,2.49,-4.84,1
1/18/2026 5:00,EST,CAPITL,61757,54.56,2.59,-1.2,1
1/18/2026 6:00,EST,CAPITL,61757,56.31,2.51,-2.47,1
1/18/2026 7:00,EST,CAPITL,61757,55.68,2.55,0,1
1/18/2026 8:00,EST,CAPITL,61757,67.39,3.15,0,1
1/18/2026 9:00,EST,CAPITL,61757,68.94,3.1,0,1
1/18/2026 10:00,EST,CAPITL,61757,88.03,2.89,-23.6,1
1/18/2026 11:00,EST,CAPITL,61757,91.4,3.1,-23.65,1
1/18/2026 12:00,EST,CAPITL,61757,88.33,3.17,-16.3,1
1/18/2026 13:00,EST,CAPITL,61757,88.06,3.81,-4.92,1
1/18/2026 14:00,EST,CAPITL,61757,89.3,4.17,0,1
1/18/2026 15:00,EST,CAPITL,61757,91.96,4.29,0,1
1/18/2026 16:00,EST,CAPITL,61757,103.99,5.04,0,1
1/18/2026 17:00,EST,CAPITL,61757,116.13,5.95,-1.85,1
1/18/2026 18:00,EST,CAPITL,61757,113.61,5.61,0,1
1/18/2026 19:00,EST,CAPITL,61757,105.53,5.02,0,1
1/18/2026 20:00,EST,CAPITL,61757,103.08,5.09,0,1
1/18/2026 21:00,EST,CAPITL,61757,94.3,4.57,0,1
1/18/2026 22:00,EST,CAPITL,61757,88.95,4.23,0,1
1/18/2026 23:00,EST,CAPITL,61757,84.38,4.09,0,1
1/19/2026 0:00,EST,CAPITL,61757,87.85,4.02,0,1
1/19/2026 1:00,EST,CAPITL,61757,82.39,3.92,0,1
1/19/2026 2:00,EST,CAPITL,61757,80.13,3.81,0,1
1/19/2026 3:00,EST,CAPITL,61757,74.79,3.56,0,1
1/19/2026 4:00,EST,CAPITL,61757,76.54,3.71,0,1
1/19/2026 5:00,EST,CAPITL,61757,82.18,4.06,0,1
1/19/2026 6:00,EST,CAPITL,61757,106.21,5.15,0,1
1/19/2026 7:00,EST,CAPITL,61757,118.56,4.88,0,1
1/19/2026 8:00,EST,CAPITL,61757,119.33,4.7,0,1
1/19/2026 9:00,EST,CAPITL,61757,114.69,4.52,0,1
1/19/2026 10:00,EST,CAPITL,61757,126.06,4.37,0,1
1/19/2026 11:00,EST,CAPITL,61757,117.8,4.75,0,1
1/19/2026 12:00,EST,CAPITL,61757,119.36,4.92,0,1
1/19/2026 13:00,EST,CAPITL,61757,120.44,5.19,0,1
1/19/2026 14:00,EST,CAPITL,61757,120.1,4.95,0,1
1/19/2026 15:00,EST,CAPITL,61757,121.09,5.22,0,1
1/19/2026 16:00,EST,CAPITL,61757,150.72,6.5,0,1
1/19/2026 17:00,EST,CAPITL,61757,169.5,7.46,0,1
1/19/2026 18:00,EST,CAPITL,61757,160.92,7.08,0,1
1/19/2026 19:00,EST,CAPITL,61757,156.18,6.73,0,1
1/19/2026 20:00,EST,CAPITL,61757,132.72,5.96,0,1
1/19/2026 21:00,EST,CAPITL,61757,121.88,5.47,-6.99,1
1/19/2026 22:00,EST,CAPITL,61757,122.98,5.69,-7.76,1
1/19/2026 23:00,EST,CAPITL,61757,118.45,5.9,-3.25,1
1/20/2026 0:00,EST,CAPITL,61757,131.93,3.61,-54.53,1
1/20/2026 1:00,EST,CAPITL,61757,130.04,3.66,-54.62,1
1/20/2026 2:00,EST,CAPITL,61757,128.64,3.76,-49.62,1
1/20/2026 3:00,EST,CAPITL,61757,122.06,4.11,-38.89,1
1/20/2026 4:00,EST,CAPITL,61757,126.62,4.29,-41.24,1
1/20/2026 5:00,EST,CAPITL,61757,133.43,4.85,-43.4,1
1/20/2026 6:00,EST,CAPITL,61757,154.95,6.57,-26.68,1
1/20/2026 7:00,EST,CAPITL,61757,162.84,8.63,0,1
1/20/2026 8:00,EST,CAPITL,61757,155.12,7.66,0,1
1/20/2026 9:00,EST,CAPITL,61757,140.4,6.43,0,1
1/20/2026 10:00,EST,CAPITL,61757,149.49,6.29,0,1
1/20/2026 11:00,EST,CAPITL,61757,137.37,4.88,-24.06,1
1/20/2026 12:00,EST,CAPITL,61757,131.76,4.99,-18.45,1
1/20/2026 13:00,EST,CAPITL,61757,131.92,4.83,-22.16,1
1/20/2026 14:00,EST,CAPITL,61757,131.69,4.41,-29.27,1
1/20/2026 15:00,EST,CAPITL,61757,136.59,5.67,-7.76,1
1/20/2026 16:00,EST,CAPITL,61757,160.03,7.47,0,1
1/20/2026 17:00,EST,CAPITL,61757,188.78,9.16,0,1
1/20/2026 18:00,EST,CAPITL,61757,181.2,8.63,0,1
1/20/2026 19:00,EST,CAPITL,61757,175.65,8.36,0,1
1/20/2026 20:00,EST,CAPITL,61757,161.76,7.7,0,1
1/20/2026 21:00,EST,CAPITL,61757,142.95,7.06,0,1
1/20/2026 22:00,EST,CAPITL,61757,145.28,5.41,-31.54,1
1/20/2026 23:00,EST,CAPITL,61757,141.36,5.62,-27.52,1
1/21/2026 0:00,EST,CAPITL,61757,134.14,5.39,-20.86,1
1/21/2026 1:00,EST,CAPITL,61757,130.54,5.24,-20.4,1
1/21/2026 2:00,EST,CAPITL,61757,132.06,5.06,-29.69,1
1/21/2026 3:00,EST,CAPITL,61757,133.37,5.06,-30.89,1
1/21/2026 4:00,EST,CAPITL,61757,136.56,5.32,-30.74,1
1/21/2026 5:00,EST,CAPITL,61757,140.79,5.93,-24.97,1
1/21/2026 6:00,EST,CAPITL,61757,165.34,6.96,-31.8,1
1/21/2026 7:00,EST,CAPITL,61757,174.9,9.27,0,1
1/21/2026 8:00,EST,CAPITL,61757,164.73,8.12,-3.21,1
1/21/2026 9:00,EST,CAPITL,61757,145.01,6.64,0,1
1/21/2026 10:00,EST,CAPITL,61757,129.92,5.72,0,1
1/21/2026 11:00,EST,CAPITL,61757,120.37,4.97,-7.4,1
1/21/2026 12:00,EST,CAPITL,61757,121.3,4.73,-11.56,1
1/21/2026 13:00,EST,CAPITL,61757,122.65,4.84,-14.82,1
1/21/2026 14:00,EST,CAPITL,61757,123.07,5.15,-14.82,1
1/21/2026 15:00,EST,CAPITL,61757,128.72,5.45,-20.44,1
1/21/2026 16:00,EST,CAPITL,61757,136.96,6.06,-18.61,1
1/21/2026 17:00,EST,CAPITL,61757,167.64,7.98,-17.1,1
1/21/2026 18:00,EST,CAPITL,61757,160.48,7.2,-24.72,1
1/21/2026 19:00,EST,CAPITL,61757,146.46,6.19,-25.5,1
1/21/2026 20:00,EST,CAPITL,61757,135.57,5.66,-25.01,1
1/21/2026 21:00,EST,CAPITL,61757,127.5,4.71,-32.13,1
1/21/2026 22:00,EST,CAPITL,61757,119.44,4.27,-31.45,1
1/21/2026 23:00,EST,CAPITL,61757,113.89,3.97,-30.42,1
1/22/2026 0:00,EST,CAPITL,61757,74.34,3.67,0,1
1/22/2026 1:00,EST,CAPITL,61757,72.72,3.72,0,1
1/22/2026 2:00,EST,CAPITL,61757,73.79,3.84,-0.16,1
1/22/2026 3:00,EST,CAPITL,61757,70.91,3.63,0,1
1/22/2026 4:00,EST,CAPITL,61757,73.78,3.62,-4.33,1
1/22/2026 5:00,EST,CAPITL,61757,78.63,3.91,-4.93,1
1/22/2026 6:00,EST,CAPITL,61757,100.11,4.39,-15.8,1
1/22/2026 7:00,EST,CAPITL,61757,103.7,5.31,0,1
1/22/2026 8:00,EST,CAPITL,61757,92.11,4.47,0,1
1/22/2026 9:00,EST,CAPITL,61757,72.93,3,0,1
1/22/2026 10:00,EST,CAPITL,61757,72.55,3.05,0,1
1/22/2026 11:00,EST,CAPITL,61757,61.81,2.44,0,1
1/22/2026 12:00,EST,CAPITL,61757,61.4,2.47,0,1
1/22/2026 13:00,EST,CAPITL,61757,59.75,2.41,0,1
1/22/2026 14:00,EST,CAPITL,61757,59.99,2.42,0,1
1/22/2026 15:00,EST,CAPITL,61757,70.32,3.03,0,1
1/22/2026 16:00,EST,CAPITL,61757,89.33,4.17,0,1
1/22/2026 17:00,EST,CAPITL,61757,107.66,5.32,0,1
1/22/2026 18:00,EST,CAPITL,61757,103.3,5.01,0,1
1/22/2026 19:00,EST,CAPITL,61757,95.28,4.62,0,1
1/22/2026 20:00,EST,CAPITL,61757,85.29,4.17,-0.83,1
1/22/2026 21:00,EST,CAPITL,61757,72.76,3.66,0,1
1/22/2026 22:00,EST,CAPITL,61757,71.05,3.32,0,1
1/22/2026 23:00,EST,CAPITL,61757,64.32,3,0,1
1/23/2026 0:00,EST,CAPITL,61757,85.5,3.99,0,1
1/23/2026 1:00,EST,CAPITL,61757,85.68,4.16,0,1
1/23/2026 2:00,EST,CAPITL,61757,83,3.95,0,1
1/23/2026 3:00,EST,CAPITL,61757,82.74,3.86,0,1
1/23/2026 4:00,EST,CAPITL,61757,85,4.05,0,1
1/23/2026 5:00,EST,CAPITL,61757,87.85,4.18,0,1
1/23/2026 6:00,EST,CAPITL,61757,100.69,5.34,0,1
1/23/2026 7:00,EST,CAPITL,61757,131.24,5.53,0,1
1/23/2026 8:00,EST,CAPITL,61757,131.82,5.43,0,1
1/23/2026 9:00,EST,CAPITL,61757,107.34,4.33,-2.33,1
1/23/2026 10:00,EST,CAPITL,61757,121.95,3.93,-24.54,1
1/23/2026 11:00,EST,CAPITL,61757,124.01,3.83,-26.69,1
1/23/2026 12:00,EST,CAPITL,61757,119.63,3.64,-22.5,1
1/23/2026 13:00,EST,CAPITL,61757,120.94,3.65,-23.72,1
1/23/2026 14:00,EST,CAPITL,61757,126.4,3.93,-28.88,1
1/23/2026 15:00,EST,CAPITL,61757,127.45,5.15,-8.01,1
1/23/2026 16:00,EST,CAPITL,61757,146.74,7.38,0,1
1/23/2026 17:00,EST,CAPITL,61757,192.93,8.12,0,1
1/23/2026 18:00,EST,CAPITL,61757,183.21,7.55,0,1
1/23/2026 19:00,EST,CAPITL,61757,175.25,7.38,0,1
1/23/2026 20:00,EST,CAPITL,61757,170.24,7.49,0,1
1/23/2026 21:00,EST,CAPITL,61757,150.11,7.03,-12.85,1
1/23/2026 22:00,EST,CAPITL,61757,141.98,6.91,-9.31,1
1/23/2026 23:00,EST,CAPITL,61757,135.11,7.53,0,1
1/24/2026 0:00,EST,CAPITL,61757,201.08,9.93,0,1
1/24/2026 1:00,EST,CAPITL,61757,198.93,8.93,0,1
1/24/2026 2:00,EST,CAPITL,61757,197.57,8.14,0,1
1/24/2026 3:00,EST,CAPITL,61757,197.56,8.32,0,1
1/24/2026 4:00,EST,CAPITL,61757,198.92,9.11,0,1
1/24/2026 5:00,EST,CAPITL,61757,210.22,8.85,0,1
1/24/2026 6:00,EST,CAPITL,61757,245.43,9.67,0,1
1/24/2026 7:00,EST,CAPITL,61757,291.62,12.01,0,1
1/24/2026 8:00,EST,CAPITL,61757,277.38,11.18,0,1
1/24/2026 9:00,EST,CAPITL,61757,251.36,8.97,0,1
1/24/2026 10:00,EST,CAPITL,61757,269.49,9.62,0,1
1/24/2026 11:00,EST,CAPITL,61757,252.03,8.29,0,1
1/24/2026 12:00,EST,CAPITL,61757,232.67,9.17,0,1
1/24/2026 13:00,EST,CAPITL,61757,230.84,9.95,0,1
1/24/2026 14:00,EST,CAPITL,61757,230.83,9.95,0,1
1/24/2026 15:00,EST,CAPITL,61757,285.48,10.45,0,1
1/24/2026 16:00,EST,CAPITL,61757,256.28,11.74,0,1
1/24/2026 17:00,EST,CAPITL,61757,317.31,15.68,0,1
1/24/2026 18:00,EST,CAPITL,61757,310.41,15.05,0,1
1/24/2026 19:00,EST,CAPITL,61757,291.68,14.15,0,1
1/24/2026 20:00,EST,CAPITL,61757,271,13.14,0,1
1/24/2026 21:00,EST,CAPITL,61757,239.66,10.76,0,1
1/24/2026 22:00,EST,CAPITL,61757,273.08,10.76,0,1
1/24/2026 23:00,EST,CAPITL,61757,273.93,11.53,0,1
1/25/2026 0:00,EST,CAPITL,61757,382.25,11.85,0,1
1/25/2026 1:00,EST,CAPITL,61757,358.19,10.78,0,1
1/25/2026 2:00,EST,CAPITL,61757,349.57,11.15,0,1
1/25/2026 3:00,EST,CAPITL,61757,334.09,10.66,0,1
1/25/2026 4:00,EST,CAPITL,61757,338.56,10.8,0,1
1/25/2026 5:00,EST,CAPITL,61757,357.23,11.4,0,1
1/25/2026 6:00,EST,CAPITL,61757,418.85,13.36,0,1
1/25/2026 7:00,EST,CAPITL,61757,380.85,14.66,0,1
1/25/2026 8:00,EST,CAPITL,61757,378.6,16.66,0,1
1/25/2026 9:00,EST,CAPITL,61757,385.28,16.22,0,1
1/25/2026 10:00,EST,CAPITL,61757,409.09,16.85,0,1
1/25/2026 11:00,EST,CAPITL,61757,414.02,16.69,0,1
1/25/2026 12:00,EST,CAPITL,61757,411.51,16.95,0,1
1/25/2026 13:00,EST,CAPITL,61757,407.32,17.15,0,1
1/25/2026 14:00,EST,CAPITL,61757,407.19,17.14,0,1
1/25/2026 15:00,EST,CAPITL,61757,436.73,17.6,0,1
1/25/2026 16:00,EST,CAPITL,61757,375.46,16.86,0,1
1/25/2026 17:00,EST,CAPITL,61757,433.75,19.48,0,1
1/25/2026 18:00,EST,CAPITL,61757,418.09,19.15,0,1
1/25/2026 19:00,EST,CAPITL,61757,393.31,17.66,0,1
1/25/2026 20:00,EST,CAPITL,61757,358.57,14.77,0,1
1/25/2026 21:00,EST,CAPITL,61757,321.18,13.52,0,1
1/25/2026 22:00,EST,CAPITL,61757,321.73,12.39,0,1
1/25/2026 23:00,EST,CAPITL,61757,329.74,13.29,0,1
1/26/2026 0:00,EST,CAPITL,61757,418.05,14.13,0,1
1/26/2026 1:00,EST,CAPITL,61757,379.92,12.84,0,1
1/26/2026 2:00,EST,CAPITL,61757,358.26,11.79,0,1
1/26/2026 3:00,EST,CAPITL,61757,353.7,11.28,0,1
1/26/2026 4:00,EST,CAPITL,61757,371.78,12.23,0,1
1/26/2026 5:00,EST,CAPITL,61757,427.9,14.46,0,1
1/26/2026 6:00,EST,CAPITL,61757,518.91,20.91,0,1
1/26/2026 7:00,EST,CAPITL,61757,524,24,0,1
1/26/2026 8:00,EST,CAPITL,61757,551.02,27.22,0,1
1/26/2026 9:00,EST,CAPITL,61757,554.03,26.87,0,1
1/26/2026 10:00,EST,CAPITL,61757,538.35,24.17,0,1
1/26/2026 11:00,EST,CAPITL,61757,542.37,24.35,0,1
1/26/2026 12:00,EST,CAPITL,61757,533.67,23.48,0,1
1/26/2026 13:00,EST,CAPITL,61757,522.5,22,0,1
1/26/2026 14:00,EST,CAPITL,61757,536.33,21.61,0,1
1/26/2026 15:00,EST,CAPITL,61757,554.21,23.33,0,1
1/26/2026 16:00,EST,CAPITL,61757,444.14,20.74,0,1
1/26/2026 17:00,EST,CAPITL,61757,533.83,26.37,0,1
1/26/2026 18:00,EST,CAPITL,61757,512.02,24.83,0,1
1/26/2026 19:00,EST,CAPITL,61757,499.88,23.79,0,1
1/26/2026 20:00,EST,CAPITL,61757,469.68,22.36,0,1
1/26/2026 21:00,EST,CAPITL,61757,456.59,17.99,0,1
1/26/2026 22:00,EST,CAPITL,61757,526,19.25,0,1
1/26/2026 23:00,EST,CAPITL,61757,484.21,16.8,0,1
1/27/2026 0:00,EST,CAPITL,61757,595.89,26.22,0,1
1/27/2026 1:00,EST,CAPITL,61757,603.08,27.62,0,1
1/27/2026 2:00,EST,CAPITL,61757,598.19,26.86,0,1
1/27/2026 3:00,EST,CAPITL,61757,599.34,26.37,0,1
1/27/2026 4:00,EST,CAPITL,61757,612.58,28.61,0,1
1/27/2026 5:00,EST,CAPITL,61757,608.89,27.34,0,1
1/27/2026 6:00,EST,CAPITL,61757,761.52,35.56,0,1
1/27/2026 7:00,EST,CAPITL,61757,839,42.2,0,1
1/27/2026 8:00,EST,CAPITL,61757,837.41,40.61,0,1
1/27/2026 9:00,EST,CAPITL,61757,787.04,35.34,0,1
1/27/2026 10:00,EST,CAPITL,61757,669.01,28.17,0,1
1/27/2026 11:00,EST,CAPITL,61757,664.74,29.25,0,1
1/27/2026 12:00,EST,CAPITL,61757,628.1,26.44,0,1
1/27/2026 13:00,EST,CAPITL,61757,619.05,27.8,0,1
1/27/2026 14:00,EST,CAPITL,61757,616.2,27.67,0,1
1/27/2026 15:00,EST,CAPITL,61757,658.98,29.59,0,1
1/27/2026 16:00,EST,CAPITL,61757,559.89,28.16,0,1
1/27/2026 17:00,EST,CAPITL,61757,718.13,36.12,0,1
1/27/2026 18:00,EST,CAPITL,61757,726.21,36.53,0,1
1/27/2026 19:00,EST,CAPITL,61757,658.7,33.13,0,1
1/27/2026 20:00,EST,CAPITL,61757,606.85,32.71,0,1
1/27/2026 21:00,EST,CAPITL,61757,597.99,29.54,0,1
1/27/2026 22:00,EST,CAPITL,61757,608.11,27.85,0,1
1/27/2026 23:00,EST,CAPITL,61757,603.87,26.57,0,1
1/28/2026 0:00,EST,CAPITL,61757,658.83,33.14,0,1
1/28/2026 1:00,EST,CAPITL,61757,609.65,31.21,0,1
1/28/2026 2:00,EST,CAPITL,61757,581.05,29.75,0,1
1/28/2026 3:00,EST,CAPITL,61757,582.66,30.36,0,1
1/28/2026 4:00,EST,CAPITL,61757,639.82,33.91,0,1
1/28/2026 5:00,EST,CAPITL,61757,841.33,43.08,0,1
1/28/2026 6:00,EST,CAPITL,61757,1022.29,51.42,0,1
1/28/2026 7:00,EST,CAPITL,61757,1024.32,51.52,0,1
1/28/2026 8:00,EST,CAPITL,61757,1022.3,50.5,0,1
1/28/2026 9:00,EST,CAPITL,61757,1015.43,50.16,0,1
1/28/2026 10:00,EST,CAPITL,61757,989.54,48.88,0,1
1/28/2026 11:00,EST,CAPITL,61757,965.48,46.83,0,1
1/28/2026 12:00,EST,CAPITL,61757,918.28,42.88,0,1
1/28/2026 13:00,EST,CAPITL,61757,898.99,43.6,0,1
1/28/2026 14:00,EST,CAPITL,61757,915.24,45.21,0,1
1/28/2026 15:00,EST,CAPITL,61757,1059.28,53.28,0,1
1/28/2026 16:00,EST,CAPITL,61757,550.49,31.65,0,1
1/28/2026 17:00,EST,CAPITL,61757,907.37,48.22,-68.76,1
1/28/2026 18:00,EST,CAPITL,61757,905.74,48.08,-69.55,1
1/28/2026 19:00,EST,CAPITL,61757,812.01,45.96,-0.07,1
1/28/2026 20:00,EST,CAPITL,61757,665.52,36.29,-34.33,1
1/28/2026 21:00,EST,CAPITL,61757,630.26,33.4,0,1
1/28/2026 22:00,EST,CAPITL,61757,962.43,47.54,0,1
1/28/2026 23:00,EST,CAPITL,61757,902.54,42.96,0,1
1/29/2026 0:00,EST,CAPITL,61757,405.53,19.3,0,1
1/29/2026 1:00,EST,CAPITL,61757,371.73,17.36,0,1
1/29/2026 2:00,EST,CAPITL,61757,337.49,15.76,0,1
1/29/2026 3:00,EST,CAPITL,61757,341.29,15.94,0,1
1/29/2026 4:00,EST,CAPITL,61757,391.77,18.3,0,1
1/29/2026 5:00,EST,CAPITL,61757,491.32,20.24,0,1
1/29/2026 6:00,EST,CAPITL,61757,666.69,28.07,0,1
1/29/2026 7:00,EST,CAPITL,61757,712.73,32,0,1
1/29/2026 8:00,EST,CAPITL,61757,706.74,31.73,0,1
1/29/2026 9:00,EST,CAPITL,61757,640.8,28.2,0,1
1/29/2026 10:00,EST,CAPITL,61757,571.35,24.05,0,1
1/29/2026 11:00,EST,CAPITL,61757,544.21,25.9,0,1
1/29/2026 12:00,EST,CAPITL,61757,473.43,22.96,0,1
1/29/2026 13:00,EST,CAPITL,61757,466.82,22.64,0,1
1/29/2026 14:00,EST,CAPITL,61757,475.69,24.36,0,1
1/29/2026 15:00,EST,CAPITL,61757,481.88,24.24,0,1
1/29/2026 16:00,EST,CAPITL,61757,512.2,23.46,0,1
1/29/2026 17:00,EST,CAPITL,61757,693.46,33.01,0,1
1/29/2026 18:00,EST,CAPITL,61757,691.59,32.92,0,1
1/29/2026 19:00,EST,CAPITL,61757,624.16,29.15,0,1
1/29/2026 20:00,EST,CAPITL,61757,578.98,26.52,0,1
1/29/2026 21:00,EST,CAPITL,61757,543.62,23.92,0,1
1/29/2026 22:00,EST,CAPITL,61757,602.88,25.98,0,1
1/29/2026 23:00,EST,CAPITL,61757,443.11,21.89,0,1
1/30/2026 0:00,EST,CAPITL,61757,306.24,12.62,0,1
1/30/2026 1:00,EST,CAPITL,61757,284.56,12.78,0,1
1/30/2026 2:00,EST,CAPITL,61757,267.42,11.77,0,1
1/30/2026 3:00,EST,CAPITL,61757,259.54,11.42,0,1
1/30/2026 4:00,EST,CAPITL,61757,280.48,13.1,0,1
1/30/2026 5:00,EST,CAPITL,61757,340.47,14.67,0,1
1/30/2026 6:00,EST,CAPITL,61757,474.31,19.11,0,1
1/30/2026 7:00,EST,CAPITL,61757,513.46,19.77,0,1
1/30/2026 8:00,EST,CAPITL,61757,497.61,18.66,0,1
1/30/2026 9:00,EST,CAPITL,61757,455.95,16.28,0,1
1/30/2026 10:00,EST,CAPITL,61757,403.43,15.9,0,1
1/30/2026 11:00,EST,CAPITL,61757,374.2,14.74,0,1
1/30/2026 12:00,EST,CAPITL,61757,328.94,12.96,0,1
1/30/2026 13:00,EST,CAPITL,61757,301.82,11.89,0,1
1/30/2026 14:00,EST,CAPITL,61757,303.94,12.52,0,1
1/30/2026 15:00,EST,CAPITL,61757,325.82,14.63,0,1
1/30/2026 16:00,EST,CAPITL,61757,420.78,20.03,0,1
1/30/2026 17:00,EST,CAPITL,61757,484.6,24.81,0,1
1/30/2026 18:00,EST,CAPITL,61757,505.96,24.54,0,1
1/30/2026 19:00,EST,CAPITL,61757,459.63,22.71,0,1
1/30/2026 20:00,EST,CAPITL,61757,424.29,22.49,0,1
1/30/2026 21:00,EST,CAPITL,61757,411.5,19.59,0,1
1/30/2026 22:00,EST,CAPITL,61757,401.46,18.03,0,1
1/30/2026 23:00,EST,CAPITL,61757,374.33,16.13,0,1
1/31/2026 0:00,EST,CAPITL,61757,252.47,14.29,0,1
1/31/2026 1:00,EST,CAPITL,61757,240.2,13.81,0,1
1/31/2026 2:00,EST,CAPITL,61757,222.27,12.58,0,1
1/31/2026 3:00,EST,CAPITL,61757,217.16,12.29,0,1
1/31/2026 4:00,EST,CAPITL,61757,222.79,13.01,0,1
1/31/2026 5:00,EST,CAPITL,61757,234.66,13.28,0,1
1/31/2026 6:00,EST,CAPITL,61757,271.94,15.15,0,1
1/31/2026 7:00,EST,CAPITL,61757,305.46,17.01,0,1
1/31/2026 8:00,EST,CAPITL,61757,317.15,15.95,0,1
1/31/2026 9:00,EST,CAPITL,61757,285.56,13.85,0,1
1/31/2026 10:00,EST,CAPITL,61757,261.5,12.68,0,1
1/31/2026 11:00,EST,CAPITL,61757,232.96,11.09,0,1
1/31/2026 12:00,EST,CAPITL,61757,218.52,11.19,0,1
1/31/2026 13:00,EST,CAPITL,61757,209.31,11.09,0,1
1/31/2026 14:00,EST,CAPITL,61757,213.41,11.69,0,1
1/31/2026 15:00,EST,CAPITL,61757,222.37,12.19,0,1
1/31/2026 16:00,EST,CAPITL,61757,255.08,14.9,0,1
1/31/2026 17:00,EST,CAPITL,61757,314.31,18.64,0,1
1/31/2026 18:00,EST,CAPITL,61757,305.17,18.1,0,1
1/31/2026 19:00,EST,CAPITL,61757,292.7,17.62,0,1
1/31/2026 20:00,EST,CAPITL,61757,262.96,16.04,0,1
1/31/2026 21:00,EST,CAPITL,61757,262.29,14.37,0,1
1/31/2026 22:00,EST,CAPITL,61757,238.44,12.85,0,1
1/31/2026 23:00,EST,CAPITL,61757,241.23,13.44,0,1
2/1/2026 0:00,EST,CAPITL,61757,300.99,16.49,0,1
2/1/2026 1:00,EST,CAPITL,61757,277.76,14.97,0,1
2/1/2026 2:00,EST,CAPITL,61757,254.15,13.93,0,1
2/1/2026 3:00,EST,CAPITL,61757,238.7,13.08,0,1
2/1/2026 4:00,EST,CAPITL,61757,248.49,12.95,0,1
2/1/2026 5:00,EST,CAPITL,61757,258.26,13.92,0,1
2/1/2026 6:00,EST,CAPITL,61757,272.97,14.96,0,1
2/1/2026 7:00,EST,CAPITL,61757,288.41,15.8,0,1
2/1/2026 8:00,EST,CAPITL,61757,303.79,16.65,0,1
2/1/2026 9:00,EST,CAPITL,61757,329.49,17.76,0,1
2/1/2026 10:00,EST,CAPITL,61757,295.96,15.69,0,1
2/1/2026 11:00,EST,CAPITL,61757,277.55,14.96,0,1
2/1/2026 12:00,EST,CAPITL,61757,251.99,13.74,-9.28,1
2/1/2026 13:00,EST,CAPITL,61757,245.68,10.62,-48.73,1
2/1/2026 14:00,EST,CAPITL,61757,245.74,10.33,-54.15,1
2/1/2026 15:00,EST,CAPITL,61757,225.48,12.34,-0.2,1
2/1/2026 16:00,EST,CAPITL,61757,280.25,13.84,0,1
2/1/2026 17:00,EST,CAPITL,61757,327.48,17.06,0,1
2/1/2026 18:00,EST,CAPITL,61757,322.36,16.8,0,1
2/1/2026 19:00,EST,CAPITL,61757,299.75,15.08,0,1
2/1/2026 20:00,EST,CAPITL,61757,288.62,14.52,0,1
2/1/2026 21:00,EST,CAPITL,61757,262.41,13.2,0,1
2/1/2026 22:00,EST,CAPITL,61757,247.82,12.24,0,1
2/1/2026 23:00,EST,CAPITL,61757,235.19,12.47,0,1
2/2/2026 0:00,EST,CAPITL,61757,228.53,12.73,0,1
2/2/2026 1:00,EST,CAPITL,61757,201.72,11.42,0,1
2/2/2026 2:00,EST,CAPITL,61757,200.8,11,0,1
2/2/2026 3:00,EST,CAPITL,61757,199.18,11.27,0,1
2/2/2026 4:00,EST,CAPITL,61757,202.06,11.8,0,1
2/2/2026 5:00,EST,CAPITL,61757,210.91,12.51,0,1
2/2/2026 6:00,EST,CAPITL,61757,282.7,15.24,0,1
2/2/2026 7:00,EST,CAPITL,61757,309.75,16.42,0,1
2/2/2026 8:00,EST,CAPITL,61757,311.98,15.13,0,1
2/2/2026 9:00,EST,CAPITL,61757,289.13,12.98,0,1
2/2/2026 10:00,EST,CAPITL,61757,247.03,12.65,0,1
2/2/2026 11:00,EST,CAPITL,61757,208.81,10.32,0,1
2/2/2026 12:00,EST,CAPITL,61757,198.51,8.67,-19.72,1
2/2/2026 13:00,EST,CAPITL,61757,185.86,8.34,-13.86,1
2/2/2026 14:00,EST,CAPITL,61757,174.29,8.23,-4.6,1
2/2/2026 15:00,EST,CAPITL,61757,188.53,9.14,0,1
2/2/2026 16:00,EST,CAPITL,61757,227.13,11.83,0,1
2/2/2026 17:00,EST,CAPITL,61757,297.29,15.49,0,1
2/2/2026 18:00,EST,CAPITL,61757,302.57,16.04,0,1
2/2/2026 19:00,EST,CAPITL,61757,269.8,14.3,0,1
2/2/2026 20:00,EST,CAPITL,61757,251.9,13.35,0,1
2/2/2026 21:00,EST,CAPITL,61757,211.48,11.02,0,1
2/2/2026 22:00,EST,CAPITL,61757,223.18,11.63,0,1
2/2/2026 23:00,EST,CAPITL,61757,208.21,10.66,0,1
2/3/2026 0:00,EST,CAPITL,61757,211.37,11.39,0,1
2/3/2026 1:00,EST,CAPITL,61757,201.49,10.68,0,1
2/3/2026 2:00,EST,CAPITL,61757,199.76,10.41,0,1
2/3/2026 3:00,EST,CAPITL,61757,198.62,10.35,0,1
2/3/2026 4:00,EST,CAPITL,61757,205.2,10.69,0,1
2/3/2026 5:00,EST,CAPITL,61757,240.07,11.21,0,1
2/3/2026 6:00,EST,CAPITL,61757,334.83,15.34,0,1
2/3/2026 7:00,EST,CAPITL,61757,325.95,14.93,0,1
2/3/2026 8:00,EST,CAPITL,61757,292.19,12.86,0,1
2/3/2026 9:00,EST,CAPITL,61757,273.83,11.8,0,1
2/3/2026 10:00,EST,CAPITL,61757,228.57,10.88,0,1
2/3/2026 11:00,EST,CAPITL,61757,204.38,9.73,0,1
2/3/2026 12:00,EST,CAPITL,61757,192.2,9.15,0,1
2/3/2026 13:00,EST,CAPITL,61757,182.12,8.18,0,1
2/3/2026 14:00,EST,CAPITL,61757,181.43,7.82,0,1
2/3/2026 15:00,EST,CAPITL,61757,194.97,7.86,0,1
2/3/2026 16:00,EST,CAPITL,61757,239.18,8.97,0,1
2/3/2026 17:00,EST,CAPITL,61757,304.81,11.43,0,1
2/3/2026 18:00,EST,CAPITL,61757,297.39,11.72,0,1
2/3/2026 19:00,EST,CAPITL,61757,262.48,10.81,0,1
2/3/2026 20:00,EST,CAPITL,61757,242.39,10.88,0,1
2/3/2026 21:00,EST,CAPITL,61757,225.13,10.31,0,1
2/3/2026 22:00,EST,CAPITL,61757,206.81,9.29,0,1
2/3/2026 23:00,EST,CAPITL,61757,204.77,9.56,0,1
2/4/2026 0:00,EST,CAPITL,61757,159.66,9.04,0,1
2/4/2026 1:00,EST,CAPITL,61757,148.99,8.43,0,1
2/4/2026 2:00,EST,CAPITL,61757,135.74,7.56,0,1
2/4/2026 3:00,EST,CAPITL,61757,138.43,7.83,0,1
2/4/2026 4:00,EST,CAPITL,61757,141.4,8.13,0,1
2/4/2026 5:00,EST,CAPITL,61757,152.2,8.2,0,1
2/4/2026 6:00,EST,CAPITL,61757,203.36,11.33,0,1
2/4/2026 7:00,EST,CAPITL,61757,266.14,12.67,0,1
2/4/2026 8:00,EST,CAPITL,61757,254.72,11.67,0,1
2/4/2026 9:00,EST,CAPITL,61757,210.51,10.02,0,1
2/4/2026 10:00,EST,CAPITL,61757,186.03,9.02,0,1
2/4/2026 11:00,EST,CAPITL,61757,171.9,8.34,0,1
2/4/2026 12:00,EST,CAPITL,61757,159.21,7.44,0,1
2/4/2026 13:00,EST,CAPITL,61757,157.41,8.2,0,1
2/4/2026 14:00,EST,CAPITL,61757,159.05,8.43,0,1
2/4/2026 15:00,EST,CAPITL,61757,158.85,8.13,0,1
2/4/2026 16:00,EST,CAPITL,61757,186.95,9.57,0,1
2/4/2026 17:00,EST,CAPITL,61757,255.1,13.75,0,1
2/4/2026 18:00,EST,CAPITL,61757,254.35,13.71,0,1
2/4/2026 19:00,EST,CAPITL,61757,230.4,12.63,0,1
2/4/2026 20:00,EST,CAPITL,61757,207.98,11.21,0,1
2/4/2026 21:00,EST,CAPITL,61757,186.66,9.72,0,1
2/4/2026 22:00,EST,CAPITL,61757,174.73,9.26,0,1
2/4/2026 23:00,EST,CAPITL,61757,170.8,9.51,0,1
2/5/2026 0:00,EST,CAPITL,61757,160.74,9.53,0,1
2/5/2026 1:00,EST,CAPITL,61757,150.07,8.9,0,1
2/5/2026 2:00,EST,CAPITL,61757,143.32,8.37,0,1
2/5/2026 3:00,EST,CAPITL,61757,141.43,8.39,0,1
2/5/2026 4:00,EST,CAPITL,61757,150.18,8.91,0,1
2/5/2026 5:00,EST,CAPITL,61757,164.84,9.92,0,1
2/5/2026 6:00,EST,CAPITL,61757,212.25,12.59,0,1
2/5/2026 7:00,EST,CAPITL,61757,226.28,11.79,0,1
2/5/2026 8:00,EST,CAPITL,61757,209.4,10.72,0,1
2/5/2026 9:00,EST,CAPITL,61757,184.68,9.46,0,1
2/5/2026 10:00,EST,CAPITL,61757,168.68,8.79,0,1
2/5/2026 11:00,EST,CAPITL,61757,155.85,7.98,0,1
2/5/2026 12:00,EST,CAPITL,61757,139.05,6.62,0,1
2/5/2026 13:00,EST,CAPITL,61757,131.9,6.16,0,1
2/5/2026 14:00,EST,CAPITL,61757,129.4,6.28,0,1
2/5/2026 15:00,EST,CAPITL,61757,139.99,7.04,0,1
2/5/2026 16:00,EST,CAPITL,61757,166.36,8.97,0,1
2/5/2026 17:00,EST,CAPITL,61757,219.27,11.82,0,1
2/5/2026 18:00,EST,CAPITL,61757,217.61,11.92,0,1
2/5/2026 19:00,EST,CAPITL,61757,200.76,10.82,0,1
2/5/2026 20:00,EST,CAPITL,61757,184.24,10.1,0,1
2/5/2026 21:00,EST,CAPITL,61757,164.44,9.16,0,1
2/5/2026 22:00,EST,CAPITL,61757,163.66,9.26,0,1
2/5/2026 23:00,EST,CAPITL,61757,153.11,9.22,0,1
2/6/2026 0:00,EST,CAPITL,61757,217.43,13.09,0,1
2/6/2026 1:00,EST,CAPITL,61757,183.5,10.87,-2.94,1
2/6/2026 2:00,EST,CAPITL,61757,165.66,9.81,-0.23,1
2/6/2026 3:00,EST,CAPITL,61757,178.91,10.29,0,1
2/6/2026 4:00,EST,CAPITL,61757,187.17,10.26,0,1
2/6/2026 5:00,EST,CAPITL,61757,191.74,9.64,0,1
2/6/2026 6:00,EST,CAPITL,61757,249.64,10.98,0,1
2/6/2026 7:00,EST,CAPITL,61757,287.43,13.16,0,1
2/6/2026 8:00,EST,CAPITL,61757,275.59,12.62,0,1
2/6/2026 9:00,EST,CAPITL,61757,258.91,10.9,0,1
2/6/2026 10:00,EST,CAPITL,61757,240.25,9.9,0,1
2/6/2026 11:00,EST,CAPITL,61757,221.84,9.76,0,1
2/6/2026 12:00,EST,CAPITL,61757,203.59,8.93,-15.99,1
2/6/2026 13:00,EST,CAPITL,61757,200.61,7.54,-39.26,1
2/6/2026 14:00,EST,CAPITL,61757,190.22,7.82,-28.93,1
2/6/2026 15:00,EST,CAPITL,61757,200.69,9.27,-16.42,1
2/6/2026 16:00,EST,CAPITL,61757,240.87,11.03,0,1
2/6/2026 17:00,EST,CAPITL,61757,277.63,13.72,0,1
2/6/2026 18:00,EST,CAPITL,61757,268.06,12.52,0,1
2/6/2026 19:00,EST,CAPITL,61757,227.16,11.84,0,1
2/6/2026 20:00,EST,CAPITL,61757,215.25,11.6,0,1
2/6/2026 21:00,EST,CAPITL,61757,207.36,11.18,0,1
2/6/2026 22:00,EST,CAPITL,61757,192.39,10.29,-7.59,1
2/6/2026 23:00,EST,CAPITL,61757,196.21,9,-37.26,1
2/7/2026 0:00,EST,CAPITL,61757,181.21,10.75,0,1
2/7/2026 1:00,EST,CAPITL,61757,169.29,10.19,0,1
2/7/2026 2:00,EST,CAPITL,61757,151.92,8.42,-7.69,1
2/7/2026 3:00,EST,CAPITL,61757,145.5,7.61,-17.11,1
2/7/2026 4:00,EST,CAPITL,61757,133.41,7.91,0,1
2/7/2026 5:00,EST,CAPITL,61757,140.62,8.21,0,1
2/7/2026 6:00,EST,CAPITL,61757,154.92,8.63,0,1
2/7/2026 7:00,EST,CAPITL,61757,168.32,8.32,0,1
2/7/2026 8:00,EST,CAPITL,61757,189.3,9.18,0,1
2/7/2026 9:00,EST,CAPITL,61757,205.14,10.13,0,1
2/7/2026 10:00,EST,CAPITL,61757,254.27,13.93,0,1
2/7/2026 11:00,EST,CAPITL,61757,232.26,13.98,0,1
2/7/2026 12:00,EST,CAPITL,61757,218.3,12.51,-10.44,1
2/7/2026 13:00,EST,CAPITL,61757,225.98,10.51,-48.81,1
2/7/2026 14:00,EST,CAPITL,61757,228.98,9.8,-63.78,1
2/7/2026 15:00,EST,CAPITL,61757,221.86,9.7,-55.75,1
2/7/2026 16:00,EST,CAPITL,61757,267.12,15.36,0,1
2/7/2026 17:00,EST,CAPITL,61757,334.36,18.02,0,1
2/7/2026 18:00,EST,CAPITL,61757,328.47,17.11,0,1
2/7/2026 19:00,EST,CAPITL,61757,312.61,16.85,0,1
2/7/2026 20:00,EST,CAPITL,61757,259.77,16.08,0,1
2/7/2026 21:00,EST,CAPITL,61757,252.11,13.43,-25.64,1
2/7/2026 22:00,EST,CAPITL,61757,252.45,15.2,0,1
2/7/2026 23:00,EST,CAPITL,61757,256.18,16.09,0,1
2/8/2026 0:00,EST,CAPITL,61757,227.08,13.67,0,1
2/8/2026 1:00,EST,CAPITL,61757,218.16,13.13,0,1
2/8/2026 2:00,EST,CAPITL,61757,206.24,12.23,0,1
2/8/2026 3:00,EST,CAPITL,61757,204.75,12.49,0,1
2/8/2026 4:00,EST,CAPITL,61757,207.02,12.46,0,1
2/8/2026 5:00,EST,CAPITL,61757,210.92,12.87,0,1
2/8/2026 6:00,EST,CAPITL,61757,242.61,14.17,0,1
2/8/2026 7:00,EST,CAPITL,61757,250.39,12.59,0,1
2/8/2026 8:00,EST,CAPITL,61757,256.07,12.19,0,1
2/8/2026 9:00,EST,CAPITL,61757,237.34,12.15,0,1
2/8/2026 10:00,EST,CAPITL,61757,220.42,11.48,0,1
2/8/2026 11:00,EST,CAPITL,61757,205.29,10.51,0,1
2/8/2026 12:00,EST,CAPITL,61757,204.99,10.5,0,1
2/8/2026 13:00,EST,CAPITL,61757,197.37,10.28,0,1
2/8/2026 14:00,EST,CAPITL,61757,205.25,10.51,0,1
2/8/2026 15:00,EST,CAPITL,61757,209.44,10.53,0,1
2/8/2026 16:00,EST,CAPITL,61757,248.31,12.71,0,1
2/8/2026 17:00,EST,CAPITL,61757,331.29,17.86,0,1
2/8/2026 18:00,EST,CAPITL,61757,327.12,17.04,0,1
2/8/2026 19:00,EST,CAPITL,61757,313.43,16.33,0,1
2/8/2026 20:00,EST,CAPITL,61757,298.49,16.36,0,1
2/8/2026 21:00,EST,CAPITL,61757,269.3,15.73,0,1
2/8/2026 22:00,EST,CAPITL,61757,243.06,14.19,0,1
2/8/2026 23:00,EST,CAPITL,61757,242.4,15.44,0,1
2/9/2026 0:00,EST,CAPITL,61757,214.23,13.26,0,1
2/9/2026 1:00,EST,CAPITL,61757,204.6,12.85,0,1
2/9/2026 2:00,EST,CAPITL,61757,200.93,12.62,0,1
2/9/2026 3:00,EST,CAPITL,61757,203.67,12.97,0,1
2/9/2026 4:00,EST,CAPITL,61757,207.37,12.48,0,1
2/9/2026 5:00,EST,CAPITL,61757,242.41,14.37,0,1
2/9/2026 6:00,EST,CAPITL,61757,317.93,18.57,0,1
2/9/2026 7:00,EST,CAPITL,61757,332.11,17.6,0,1
2/9/2026 8:00,EST,CAPITL,61757,310.45,14.78,0,1
2/9/2026 9:00,EST,CAPITL,61757,250.24,11.01,0,1
2/9/2026 10:00,EST,CAPITL,61757,230,9.48,0,1
2/9/2026 11:00,EST,CAPITL,61757,193.74,9.92,0,1
2/9/2026 12:00,EST,CAPITL,61757,185.15,9.31,0,1
2/9/2026 13:00,EST,CAPITL,61757,174.38,8.61,0,1
2/9/2026 14:00,EST,CAPITL,61757,181.47,8.8,0,1
2/9/2026 15:00,EST,CAPITL,61757,188.76,10,0,1
2/9/2026 16:00,EST,CAPITL,61757,225.08,11.73,0,1
2/9/2026 17:00,EST,CAPITL,61757,293.64,14.51,0,1
2/9/2026 18:00,EST,CAPITL,61757,310.76,15.91,0,1
2/9/2026 19:00,EST,CAPITL,61757,264.65,13.31,0,1
2/9/2026 20:00,EST,CAPITL,61757,248.37,12.27,0,1
2/9/2026 21:00,EST,CAPITL,61757,218.61,10.8,0,1
2/9/2026 22:00,EST,CAPITL,61757,206.75,10.21,0,1
2/9/2026 23:00,EST,CAPITL,61757,195.9,11.44,0,1
2/10/2026 0:00,EST,CAPITL,61757,179.84,11.29,0,1
2/10/2026 1:00,EST,CAPITL,61757,164.52,10.21,-4.29,1
2/10/2026 2:00,EST,CAPITL,61757,151.46,9.51,0,1
2/10/2026 3:00,EST,CAPITL,61757,150.28,9.44,0,1
2/10/2026 4:00,EST,CAPITL,61757,162.48,10.2,0,1
2/10/2026 5:00,EST,CAPITL,61757,201.69,11.78,0,1
2/10/2026 6:00,EST,CAPITL,61757,243.25,13.77,0,1
2/10/2026 7:00,EST,CAPITL,61757,253.57,13.44,0,1
2/10/2026 8:00,EST,CAPITL,61757,235.73,12.07,0,1
2/10/2026 9:00,EST,CAPITL,61757,219.21,10.63,0,1
2/10/2026 10:00,EST,CAPITL,61757,151.45,8.3,0,1
2/10/2026 11:00,EST,CAPITL,61757,152.6,7.47,-20.66,1
2/10/2026 12:00,EST,CAPITL,61757,153.56,6.78,-31.74,1
2/10/2026 13:00,EST,CAPITL,61757,153.78,6.59,-35.56,1
2/10/2026 14:00,EST,CAPITL,61757,149.88,6.23,-38.03,1
2/10/2026 15:00,EST,CAPITL,61757,146.92,6.06,-39.94,1
2/10/2026 16:00,EST,CAPITL,61757,153.75,8.56,0,1
2/10/2026 17:00,EST,CAPITL,61757,179.7,9.69,0,1
2/10/2026 18:00,EST,CAPITL,61757,175.58,9.31,0,1
2/10/2026 19:00,EST,CAPITL,61757,172.23,8.97,0,1
2/10/2026 20:00,EST,CAPITL,61757,160.7,8.37,0,1
2/10/2026 21:00,EST,CAPITL,61757,145.72,7.59,0,1
2/10/2026 22:00,EST,CAPITL,61757,131.87,7.11,0,1
2/10/2026 23:00,EST,CAPITL,61757,128.28,6.27,-19.32,1
2/11/2026 0:00,EST,CAPITL,61757,90.71,4.89,0,1
2/11/2026 1:00,EST,CAPITL,61757,87.82,4.73,0,1
2/11/2026 2:00,EST,CAPITL,61757,81,4.29,0,1
2/11/2026 3:00,EST,CAPITL,61757,78.68,4.1,0,1
2/11/2026 4:00,EST,CAPITL,61757,73.4,3.82,0,1
2/11/2026 5:00,EST,CAPITL,61757,87.09,4.77,0,1
2/11/2026 6:00,EST,CAPITL,61757,103.23,5.94,0,1
2/11/2026 7:00,EST,CAPITL,61757,121.41,6.43,0,1
2/11/2026 8:00,EST,CAPITL,61757,116.44,5.75,0,1
2/11/2026 9:00,EST,CAPITL,61757,102.76,5.08,0,1
2/11/2026 10:00,EST,CAPITL,61757,92.43,4.48,0,1
2/11/2026 11:00,EST,CAPITL,61757,90.43,4.39,0,1
2/11/2026 12:00,EST,CAPITL,61757,84.6,4.03,0,1
2/11/2026 13:00,EST,CAPITL,61757,85.65,4.08,0,1
2/11/2026 14:00,EST,CAPITL,61757,86.86,4.06,0,1
2/11/2026 15:00,EST,CAPITL,61757,89.32,4.25,0,1
2/11/2026 16:00,EST,CAPITL,61757,102.39,5.24,0,1
2/11/2026 17:00,EST,CAPITL,61757,139.2,7.7,-12.89,1
2/11/2026 18:00,EST,CAPITL,61757,144.44,7.68,-20.37,1
2/11/2026 19:00,EST,CAPITL,61757,129.37,6.48,-23.08,1
2/11/2026 20:00,EST,CAPITL,61757,103.28,5.85,0,1
2/11/2026 21:00,EST,CAPITL,61757,102.02,5.22,0,1
2/11/2026 22:00,EST,CAPITL,61757,85.49,4.07,0,1
2/11/2026 23:00,EST,CAPITL,61757,87.79,4.57,-0.05,1
2/12/2026 0:00,EST,CAPITL,61757,87.66,4.25,0,1
2/12/2026 1:00,EST,CAPITL,61757,76.61,3.72,0,1
2/12/2026 2:00,EST,CAPITL,61757,70.02,3.4,0,1
2/12/2026 3:00,EST,CAPITL,61757,67.42,3.27,0,1
2/12/2026 4:00,EST,CAPITL,61757,72.12,3.5,0,1
2/12/2026 5:00,EST,CAPITL,61757,89.02,3.92,0,1
2/12/2026 6:00,EST,CAPITL,61757,115.05,6.93,0,1
2/12/2026 7:00,EST,CAPITL,61757,123.17,7.51,0,1
2/12/2026 8:00,EST,CAPITL,61757,110.16,6.33,0,1
2/12/2026 9:00,EST,CAPITL,61757,101.5,4.74,0,1
2/12/2026 10:00,EST,CAPITL,61757,97.91,4.03,0,1
2/12/2026 11:00,EST,CAPITL,61757,93.81,3.7,0,1
2/12/2026 12:00,EST,CAPITL,61757,85.49,3.37,0,1
2/12/2026 13:00,EST,CAPITL,61757,85.14,3.51,0,1
2/12/2026 14:00,EST,CAPITL,61757,85.05,3.58,0,1
2/12/2026 15:00,EST,CAPITL,61757,96.5,4.06,0,1
2/12/2026 16:00,EST,CAPITL,61757,105.6,5.79,0,1
2/12/2026 17:00,EST,CAPITL,61757,128.26,7.14,0,1
2/12/2026 18:00,EST,CAPITL,61757,129.63,8.02,0,1
2/12/2026 19:00,EST,CAPITL,61757,117.07,6.63,0,1
2/12/2026 20:00,EST,CAPITL,61757,105.39,6.06,0,1
2/12/2026 21:00,EST,CAPITL,61757,102.37,5.52,0,1
2/12/2026 22:00,EST,CAPITL,61757,94.64,4.25,0,1
2/12/2026 23:00,EST,CAPITL,61757,93.12,4.52,0,1
2/13/2026 0:00,EST,CAPITL,61757,96.88,5.79,-10.65,1
2/13/2026 1:00,EST,CAPITL,61757,85.88,5.77,0,1
2/13/2026 2:00,EST,CAPITL,61757,85.54,5.59,0,1
2/13/2026 3:00,EST,CAPITL,61757,85.71,5.76,0,1
2/13/2026 4:00,EST,CAPITL,61757,90.79,5.69,-4.9,1
2/13/2026 5:00,EST,CAPITL,61757,100.94,5.71,-14.87,1
2/13/2026 6:00,EST,CAPITL,61757,126.28,7.6,-11.62,1
2/13/2026 7:00,EST,CAPITL,61757,143.23,9.37,0,1
2/13/2026 8:00,EST,CAPITL,61757,123.63,7.54,0,1
2/13/2026 9:00,EST,CAPITL,61757,90.05,5.29,-0.89,1
2/13/2026 10:00,EST,CAPITL,61757,83.92,4.52,0,1
2/13/2026 11:00,EST,CAPITL,61757,75.48,3.59,0,1
2/13/2026 12:00,EST,CAPITL,61757,69.43,3.37,0,1
2/13/2026 13:00,EST,CAPITL,61757,67.79,3.23,0,1
2/13/2026 14:00,EST,CAPITL,61757,68.3,3.31,0,1
2/13/2026 15:00,EST,CAPITL,61757,69.48,3.49,0,1
2/13/2026 16:00,EST,CAPITL,61757,88.54,5.25,-1.38,1
2/13/2026 17:00,EST,CAPITL,61757,123.44,6.36,-23.62,1
2/13/2026 18:00,EST,CAPITL,61757,108.96,6.27,0,1
2/13/2026 19:00,EST,CAPITL,61757,93.52,5.29,0,1
2/13/2026 20:00,EST,CAPITL,61757,85.44,4.84,0,1
2/13/2026 21:00,EST,CAPITL,61757,84.6,4.41,0,1
2/13/2026 22:00,EST,CAPITL,61757,82.95,4.17,0,1
2/13/2026 23:00,EST,CAPITL,61757,80.57,4.34,0,1
2/14/2026 0:00,EST,CAPITL,61757,81.05,4.15,0,1
2/14/2026 1:00,EST,CAPITL,61757,72.86,3.73,0,1
2/14/2026 2:00,EST,CAPITL,61757,69.24,3.54,0,1
2/14/2026 3:00,EST,CAPITL,61757,68.92,3.47,0,1
2/14/2026 4:00,EST,CAPITL,61757,69.64,3.5,0,1
2/14/2026 5:00,EST,CAPITL,61757,74.53,3.68,0,1
2/14/2026 6:00,EST,CAPITL,61757,80.07,3.81,0,1
2/14/2026 7:00,EST,CAPITL,61757,84.01,4.3,0,1
2/14/2026 8:00,EST,CAPITL,61757,83.86,4.07,0,1
2/14/2026 9:00,EST,CAPITL,61757,76.42,3.5,0,1
2/14/2026 10:00,EST,CAPITL,61757,68.78,2.96,0,1
2/14/2026 11:00,EST,CAPITL,61757,63.22,2.66,0,1
2/14/2026 12:00,EST,CAPITL,61757,57.39,2.42,0,1
2/14/2026 13:00,EST,CAPITL,61757,56.36,2.06,0,1
2/14/2026 14:00,EST,CAPITL,61757,55.99,2.05,0,1
2/14/2026 15:00,EST,CAPITL,61757,59.42,2.23,0,1
2/14/2026 16:00,EST,CAPITL,61757,71.66,2.89,0,1
2/14/2026 17:00,EST,CAPITL,61757,84.19,4.08,0,1
2/14/2026 18:00,EST,CAPITL,61757,84.36,4.17,0,1
2/14/2026 19:00,EST,CAPITL,61757,83.3,3.59,0,1
2/14/2026 20:00,EST,CAPITL,61757,78.43,3.16,0,1
2/14/2026 21:00,EST,CAPITL,61757,72.64,2.99,0,1
2/14/2026 22:00,EST,CAPITL,61757,72.33,2.85,0,1
2/14/2026 23:00,EST,CAPITL,61757,67.28,2.46,0,1
2/15/2026 0:00,EST,CAPITL,61757,68.6,2.38,0,1
2/15/2026 1:00,EST,CAPITL,61757,63.75,2.21,0,1
2/15/2026 2:00,EST,CAPITL,61757,58.55,2.03,0,1
2/15/2026 3:00,EST,CAPITL,61757,57.46,2.05,0,1
2/15/2026 4:00,EST,CAPITL,61757,55.87,1.94,0,1
2/15/2026 5:00,EST,CAPITL,61757,60.68,2.11,0,1
2/15/2026 6:00,EST,CAPITL,61757,68.98,2.52,0,1
2/15/2026 7:00,EST,CAPITL,61757,66.27,2.3,0,1
2/15/2026 8:00,EST,CAPITL,61757,64.07,1.99,0,1
2/15/2026 9:00,EST,CAPITL,61757,56.46,1.59,0,1
2/15/2026 10:00,EST,CAPITL,61757,52.24,1.42,0,1
2/15/2026 11:00,EST,CAPITL,61757,50.79,1.28,0,1
2/15/2026 12:00,EST,CAPITL,61757,49.58,1.25,0,1
2/15/2026 13:00,EST,CAPITL,61757,49.94,1.36,0,1
2/15/2026 14:00,EST,CAPITL,61757,52.07,1.61,0,1
2/15/2026 15:00,EST,CAPITL,61757,56.99,1.98,0,1
2/15/2026 16:00,EST,CAPITL,61757,71.03,2.73,0,1
2/15/2026 17:00,EST,CAPITL,61757,82.96,3.49,0,1
2/15/2026 18:00,EST,CAPITL,61757,86.35,4.11,0,1
2/15/2026 19:00,EST,CAPITL,61757,81.1,3.57,0,1
2/15/2026 20:00,EST,CAPITL,61757,77.11,3.46,0,1
2/15/2026 21:00,EST,CAPITL,61757,67,2.82,0,1
2/15/2026 22:00,EST,CAPITL,61757,62.33,2.46,0,1
2/15/2026 23:00,EST,CAPITL,61757,60.17,2.32,0,1
2/16/2026 0:00,EST,CAPITL,61757,60.5,2.1,0,1
2/16/2026 1:00,EST,CAPITL,61757,55.25,1.92,0,1
2/16/2026 2:00,EST,CAPITL,61757,53.88,1.82,0,1
2/16/2026 3:00,EST,CAPITL,61757,52.39,1.77,0,1
2/16/2026 4:00,EST,CAPITL,61757,53.11,1.8,0,1
2/16/2026 5:00,EST,CAPITL,61757,57.38,1.89,0,1
2/16/2026 6:00,EST,CAPITL,61757,68.43,2.44,0,1
2/16/2026 7:00,EST,CAPITL,61757,74.55,2.8,0,1
2/16/2026 8:00,EST,CAPITL,61757,73.81,2.77,0,1
2/16/2026 9:00,EST,CAPITL,61757,75.48,2.76,0,1
2/16/2026 10:00,EST,CAPITL,61757,71.88,2.57,0,1
2/16/2026 11:00,EST,CAPITL,61757,70.23,2.37,0,1
2/16/2026 12:00,EST,CAPITL,61757,64.34,2.12,0,1
2/16/2026 13:00,EST,CAPITL,61757,63.67,2.15,0,1
2/16/2026 14:00,EST,CAPITL,61757,59.76,2.02,0,1
2/16/2026 15:00,EST,CAPITL,61757,60.22,2.09,0,1
2/16/2026 16:00,EST,CAPITL,61757,69.56,2.41,0,1
2/16/2026 17:00,EST,CAPITL,61757,83.3,3.51,0,1
2/16/2026 18:00,EST,CAPITL,61757,87.45,4.08,0,1
2/16/2026 19:00,EST,CAPITL,61757,77.85,3.14,0,1
2/16/2026 20:00,EST,CAPITL,61757,65.13,2.51,0,1
2/16/2026 21:00,EST,CAPITL,61757,61.41,2.25,0,1
2/16/2026 22:00,EST,CAPITL,61757,57.39,2.05,0,1
2/16/2026 23:00,EST,CAPITL,61757,54.85,1.9,0,1
2/17/2026 0:00,EST,CAPITL,61757,53.94,2.13,0,1
2/17/2026 1:00,EST,CAPITL,61757,49.2,1.94,0,1
2/17/2026 2:00,EST,CAPITL,61757,47.08,1.85,0,1
2/17/2026 3:00,EST,CAPITL,61757,46.51,1.79,0,1
2/17/2026 4:00,EST,CAPITL,61757,48.6,1.82,0,1
2/17/2026 5:00,EST,CAPITL,61757,52.9,2.08,0,1
2/17/2026 6:00,EST,CAPITL,61757,69.94,2.5,0,1
2/17/2026 7:00,EST,CAPITL,61757,79.14,3.05,0,1
2/17/2026 8:00,EST,CAPITL,61757,78.15,3.01,0,1
2/17/2026 9:00,EST,CAPITL,61757,78.36,2.94,0,1
2/17/2026 10:00,EST,CAPITL,61757,72.79,2.73,0,1
2/17/2026 11:00,EST,CAPITL,61757,69.77,2.49,0,1
2/17/2026 12:00,EST,CAPITL,61757,63.57,2.15,0,1
2/17/2026 13:00,EST,CAPITL,61757,57.11,1.93,0,1
2/17/2026 14:00,EST,CAPITL,61757,54.15,1.63,0,1
2/17/2026 15:00,EST,CAPITL,61757,54.17,1.63,0,1
2/17/2026 16:00,EST,CAPITL,61757,67.04,2.27,0,1
2/17/2026 17:00,EST,CAPITL,61757,83.23,3.28,0,1
2/17/2026 18:00,EST,CAPITL,61757,87.93,3.95,0,1
2/17/2026 19:00,EST,CAPITL,61757,77.5,3.05,0,1
2/17/2026 20:00,EST,CAPITL,61757,68.06,2.62,0,1
2/17/2026 21:00,EST,CAPITL,61757,61,2.57,0,1
2/17/2026 22:00,EST,CAPITL,61757,57.9,2.28,0,1
2/17/2026 23:00,EST,CAPITL,61757,55.43,2.13,0,1
2/18/2026 0:00,EST,CAPITL,61757,56.67,1.97,0,1
2/18/2026 1:00,EST,CAPITL,61757,52.48,1.87,0,1
2/18/2026 2:00,EST,CAPITL,61757,51.39,1.83,0,1
2/18/2026 3:00,EST,CAPITL,61757,49.85,1.78,0,1
2/18/2026 4:00,EST,CAPITL,61757,51.52,1.89,0,1
2/18/2026 5:00,EST,CAPITL,61757,54.82,2.01,0,1
2/18/2026 6:00,EST,CAPITL,61757,61.39,2.36,0,1
2/18/2026 7:00,EST,CAPITL,61757,72.43,3.19,0,1
2/18/2026 8:00,EST,CAPITL,61757,74.5,3.48,0,1
2/18/2026 9:00,EST,CAPITL,61757,76.34,3.36,0,1
2/18/2026 10:00,EST,CAPITL,61757,69.11,2.72,0,1
2/18/2026 11:00,EST,CAPITL,61757,70.69,2.19,0,1
2/18/2026 12:00,EST,CAPITL,61757,68.52,2.06,0,1
2/18/2026 13:00,EST,CAPITL,61757,66.34,1.93,0,1
2/18/2026 14:00,EST,CAPITL,61757,62.7,1.82,0,1
2/18/2026 15:00,EST,CAPITL,61757,64.24,2.05,0,1
2/18/2026 16:00,EST,CAPITL,61757,70.35,2.18,0,1
2/18/2026 17:00,EST,CAPITL,61757,77.98,2.78,0,1
2/18/2026 18:00,EST,CAPITL,61757,79.47,2.98,0,1
2/18/2026 19:00,EST,CAPITL,61757,72.41,2.51,0,1
2/18/2026 20:00,EST,CAPITL,61757,67.72,2.23,0,1
2/18/2026 21:00,EST,CAPITL,61757,58.36,1.92,0,1
2/18/2026 22:00,EST,CAPITL,61757,56.17,1.69,0,1
2/18/2026 23:00,EST,CAPITL,61757,53.46,1.51,0,1
2/19/2026 0:00,EST,CAPITL,61757,52.45,1.97,0,1
2/19/2026 1:00,EST,CAPITL,61757,50.24,1.93,0,1
2/19/2026 2:00,EST,CAPITL,61757,48.09,1.8,0,1
2/19/2026 3:00,EST,CAPITL,61757,48.05,1.85,0,1
2/19/2026 4:00,EST,CAPITL,61757,48.68,1.96,0,1
2/19/2026 5:00,EST,CAPITL,61757,49.47,1.95,0,1
2/19/2026 6:00,EST,CAPITL,61757,59.86,2.41,0,1
2/19/2026 7:00,EST,CAPITL,61757,70.4,2.9,0,1
2/19/2026 8:00,EST,CAPITL,61757,67.86,2.54,0,1
2/19/2026 9:00,EST,CAPITL,61757,62.79,2.3,0,1
2/19/2026 10:00,EST,CAPITL,61757,56.69,1.87,0,1
2/19/2026 11:00,EST,CAPITL,61757,54.34,1.79,0,1
2/19/2026 12:00,EST,CAPITL,61757,52.14,1.66,0,1
2/19/2026 13:00,EST,CAPITL,61757,50.19,1.65,0,1
2/19/2026 14:00,EST,CAPITL,61757,51.87,1.75,0,1
2/19/2026 15:00,EST,CAPITL,61757,51.21,1.78,0,1
2/19/2026 16:00,EST,CAPITL,61757,58.86,2.15,0,1
2/19/2026 17:00,EST,CAPITL,61757,72.52,2.92,0,1
2/19/2026 18:00,EST,CAPITL,61757,77.15,3.46,0,1
2/19/2026 19:00,EST,CAPITL,61757,65.42,2.75,0,1
2/19/2026 20:00,EST,CAPITL,61757,58.44,2.46,0,1
2/19/2026 21:00,EST,CAPITL,61757,51.58,2.22,0,1
2/19/2026 22:00,EST,CAPITL,61757,49.67,2.05,0,1
2/19/2026 23:00,EST,CAPITL,61757,47.25,1.9,0,1
2/20/2026 0:00,EST,CAPITL,61757,47.8,2.15,0,1
2/20/2026 1:00,EST,CAPITL,61757,45.42,2.08,0,1
2/20/2026 2:00,EST,CAPITL,61757,45.33,2.04,0,1
2/20/2026 3:00,EST,CAPITL,61757,42.24,1.9,0,1
2/20/2026 4:00,EST,CAPITL,61757,42.03,1.96,0,1
2/20/2026 5:00,EST,CAPITL,61757,47.88,2.32,0,1
2/20/2026 6:00,EST,CAPITL,61757,57.66,2.74,0,1
2/20/2026 7:00,EST,CAPITL,61757,62.15,2.62,0,1
2/20/2026 8:00,EST,CAPITL,61757,67.27,2.9,0,1
2/20/2026 9:00,EST,CAPITL,61757,73.41,3.09,0,1
2/20/2026 10:00,EST,CAPITL,61757,79.57,3.5,0,1
2/20/2026 11:00,EST,CAPITL,61757,80.8,3.4,0,1
2/20/2026 12:00,EST,CAPITL,61757,79.17,3.41,0,1
2/20/2026 13:00,EST,CAPITL,61757,75.36,3.32,0,1
2/20/2026 14:00,EST,CAPITL,61757,73.33,3.16,0,1
2/20/2026 15:00,EST,CAPITL,61757,70.12,3.09,0,1
2/20/2026 16:00,EST,CAPITL,61757,70.45,3.1,0,1
2/20/2026 17:00,EST,CAPITL,61757,76.07,3.42,0,1
2/20/2026 18:00,EST,CAPITL,61757,70.58,3.23,0,1
2/20/2026 19:00,EST,CAPITL,61757,64.31,2.95,0,1
2/20/2026 20:00,EST,CAPITL,61757,57.77,2.7,0,1
2/20/2026 21:00,EST,CAPITL,61757,56.23,2.58,0,1
2/20/2026 22:00,EST,CAPITL,61757,48.75,2.19,0,1
2/20/2026 23:00,EST,CAPITL,61757,48.95,2.24,0,1
2/21/2026 0:00,EST,CAPITL,61757,43.74,1.64,0,1
2/21/2026 1:00,EST,CAPITL,61757,43.53,1.63,0,1
2/21/2026 2:00,EST,CAPITL,61757,43.57,1.63,0,1
2/21/2026 3:00,EST,CAPITL,61757,43.09,1.58,0,1
2/21/2026 4:00,EST,CAPITL,61757,43.01,1.66,0,1
2/21/2026 5:00,EST,CAPITL,61757,43.66,1.68,0,1
2/21/2026 6:00,EST,CAPITL,61757,46.13,1.73,0,1
2/21/2026 7:00,EST,CAPITL,61757,49.22,1.71,0,1
2/21/2026 8:00,EST,CAPITL,61757,52.47,1.67,0,1
2/21/2026 9:00,EST,CAPITL,61757,50.53,1.61,0,1
2/21/2026 10:00,EST,CAPITL,61757,53.76,1.82,0,1
2/21/2026 11:00,EST,CAPITL,61757,52.73,1.83,0,1
2/21/2026 12:00,EST,CAPITL,61757,50.47,1.71,0,1
2/21/2026 13:00,EST,CAPITL,61757,51.58,1.7,0,1
2/21/2026 14:00,EST,CAPITL,61757,50.81,1.72,0,1
2/21/2026 15:00,EST,CAPITL,61757,54.19,1.83,0,1
2/21/2026 16:00,EST,CAPITL,61757,60.36,2.09,0,1
2/21/2026 17:00,EST,CAPITL,61757,70.82,2.66,0,1
2/21/2026 18:00,EST,CAPITL,61757,75.65,2.98,0,1
2/21/2026 19:00,EST,CAPITL,61757,68.6,2.7,0,1
2/21/2026 20:00,EST,CAPITL,61757,62.31,2.4,0,1
2/21/2026 21:00,EST,CAPITL,61757,56.82,2.24,0,1
2/21/2026 22:00,EST,CAPITL,61757,57.98,2.17,0,1
2/21/2026 23:00,EST,CAPITL,61757,56.45,2.27,0,1
2/22/2026 0:00,EST,CAPITL,61757,51.37,2.21,0,1
2/22/2026 1:00,EST,CAPITL,61757,49.55,2.18,0,1
2/22/2026 2:00,EST,CAPITL,61757,46.6,2.05,0,1
2/22/2026 3:00,EST,CAPITL,61757,45.39,2,0,1
2/22/2026 4:00,EST,CAPITL,61757,45.01,1.98,0,1
2/22/2026 5:00,EST,CAPITL,61757,43.91,1.97,0,1
2/22/2026 6:00,EST,CAPITL,61757,44.7,1.88,0,1
2/22/2026 7:00,EST,CAPITL,61757,43.01,1.69,0,1
2/22/2026 8:00,EST,CAPITL,61757,45.14,1.69,0,1
2/22/2026 9:00,EST,CAPITL,61757,49.82,1.96,0,1
2/22/2026 10:00,EST,CAPITL,61757,55.58,2.29,0,1
2/22/2026 11:00,EST,CAPITL,61757,58.13,2.34,0,1
2/22/2026 12:00,EST,CAPITL,61757,58.73,2.04,0,1
2/22/2026 13:00,EST,CAPITL,61757,57.62,2,0,1
2/22/2026 14:00,EST,CAPITL,61757,57.14,2.04,0,1
2/22/2026 15:00,EST,CAPITL,61757,58.71,2.26,0,1
2/22/2026 16:00,EST,CAPITL,61757,63.01,2.48,0,1
2/22/2026 17:00,EST,CAPITL,61757,69.58,2.74,0,1
2/22/2026 18:00,EST,CAPITL,61757,71.32,2.87,0,1
2/22/2026 19:00,EST,CAPITL,61757,63.76,2.57,0,1
2/22/2026 20:00,EST,CAPITL,61757,62.43,2.46,0,1
2/22/2026 21:00,EST,CAPITL,61757,59.97,2.25,0,1
2/22/2026 22:00,EST,CAPITL,61757,57.68,1.9,0,1
2/22/2026 23:00,EST,CAPITL,61757,56.43,1.91,0,1
2/23/2026 0:00,EST,CAPITL,61757,53.58,2.21,0,1
2/23/2026 1:00,EST,CAPITL,61757,52.06,2.19,0,1
2/23/2026 2:00,EST,CAPITL,61757,49.4,2.08,0,1
2/23/2026 3:00,EST,CAPITL,61757,47.92,2.07,0,1
2/23/2026 4:00,EST,CAPITL,61757,49.62,2.23,0,1
2/23/2026 5:00,EST,CAPITL,61757,54.32,2.59,0,1
2/23/2026 6:00,EST,CAPITL,61757,66.83,3.18,0,1
2/23/2026 7:00,EST,CAPITL,61757,69.72,3.19,0,1
2/23/2026 8:00,EST,CAPITL,61757,74.96,3.3,0,1
2/23/2026 9:00,EST,CAPITL,61757,76.21,3.42,0,1
2/23/2026 10:00,EST,CAPITL,61757,82.46,3.78,0,1
2/23/2026 11:00,EST,CAPITL,61757,81.58,3.59,0,1
2/23/2026 12:00,EST,CAPITL,61757,74.82,3.29,0,1
2/23/2026 13:00,EST,CAPITL,61757,71.23,2.93,0,1
2/23/2026 14:00,EST,CAPITL,61757,66.93,2.88,0,1
2/23/2026 15:00,EST,CAPITL,61757,69.12,2.98,0,1
2/23/2026 16:00,EST,CAPITL,61757,70.03,3.08,0,1
2/23/2026 17:00,EST,CAPITL,61757,83.7,3.91,0,1
2/23/2026 18:00,EST,CAPITL,61757,83.78,3.91,0,1
2/23/2026 19:00,EST,CAPITL,61757,74.6,3.48,0,1
2/23/2026 20:00,EST,CAPITL,61757,65.93,3.02,0,1
2/23/2026 21:00,EST,CAPITL,61757,62.66,2.87,0,1
2/23/2026 22:00,EST,CAPITL,61757,60.76,2.56,0,1
2/23/2026 23:00,EST,CAPITL,61757,59.36,2.72,0,1
2/24/2026 0:00,EST,CAPITL,61757,70.44,2.78,0,1
2/24/2026 1:00,EST,CAPITL,61757,66.93,2.7,0,1
2/24/2026 2:00,EST,CAPITL,61757,66.79,2.63,0,1
2/24/2026 3:00,EST,CAPITL,61757,64.34,2.54,0,1
2/24/2026 4:00,EST,CAPITL,61757,69.03,2.78,0,1
2/24/2026 5:00,EST,CAPITL,61757,71.76,2.83,0,1
2/24/2026 6:00,EST,CAPITL,61757,87.63,3.21,0,1
2/24/2026 7:00,EST,CAPITL,61757,114.67,4.72,0,1
2/24/2026 8:00,EST,CAPITL,61757,90.78,4.08,0,1
2/24/2026 9:00,EST,CAPITL,61757,73.09,2.61,0,1
2/24/2026 10:00,EST,CAPITL,61757,79.49,3.13,0,1
2/24/2026 11:00,EST,CAPITL,61757,73.59,2.9,0,1
2/24/2026 12:00,EST,CAPITL,61757,70.22,2.57,0,1
2/24/2026 13:00,EST,CAPITL,61757,66.89,2.51,0,1
2/24/2026 14:00,EST,CAPITL,61757,68.04,2.68,0,1
2/24/2026 15:00,EST,CAPITL,61757,68.09,2.81,0,1
2/24/2026 16:00,EST,CAPITL,61757,83.22,3.43,0,1
2/24/2026 17:00,EST,CAPITL,61757,101.98,4.02,0,1
2/24/2026 18:00,EST,CAPITL,61757,124.46,4.9,0,1
2/24/2026 19:00,EST,CAPITL,61757,99.93,4.03,0,1
2/24/2026 20:00,EST,CAPITL,61757,91.92,3.87,0,1
2/24/2026 21:00,EST,CAPITL,61757,84.7,3.65,0,1
2/24/2026 22:00,EST,CAPITL,61757,79.17,3.41,0,1
2/24/2026 23:00,EST,CAPITL,61757,75.87,3.54,0,1
2/25/2026 0:00,EST,CAPITL,61757,82.29,4.07,0,1
2/25/2026 1:00,EST,CAPITL,61757,81.6,4.03,0,1
2/25/2026 2:00,EST,CAPITL,61757,77.03,3.87,0,1
2/25/2026 3:00,EST,CAPITL,61757,73.09,3.68,0,1
2/25/2026 4:00,EST,CAPITL,61757,74.02,3.79,0,1
2/25/2026 5:00,EST,CAPITL,61757,83.06,4.25,0,1
2/25/2026 6:00,EST,CAPITL,61757,101.9,4.85,0,1
2/25/2026 7:00,EST,CAPITL,61757,107.89,4.75,0,1
2/25/2026 8:00,EST,CAPITL,61757,102.71,4.7,0,1
2/25/2026 9:00,EST,CAPITL,61757,101.35,4.37,0,1
2/25/2026 10:00,EST,CAPITL,61757,82.34,3.55,0,1
2/25/2026 11:00,EST,CAPITL,61757,73.8,3.04,0,1
2/25/2026 12:00,EST,CAPITL,61757,69.42,2.8,0,1
2/25/2026 13:00,EST,CAPITL,61757,65.54,2.64,0,1
2/25/2026 14:00,EST,CAPITL,61757,63.13,2.6,0,1
2/25/2026 15:00,EST,CAPITL,61757,63.07,2.66,0,1
2/25/2026 16:00,EST,CAPITL,61757,71.4,2.94,0,1
2/25/2026 17:00,EST,CAPITL,61757,93.23,3.84,0,1
2/25/2026 18:00,EST,CAPITL,61757,87,3.75,0,1
2/25/2026 19:00,EST,CAPITL,61757,83.76,3.76,0,1
2/25/2026 20:00,EST,CAPITL,61757,73.86,3.32,0,1
2/25/2026 21:00,EST,CAPITL,61757,72.01,3.17,0,1
2/25/2026 22:00,EST,CAPITL,61757,67.57,2.84,0,1
2/25/2026 23:00,EST,CAPITL,61757,68.01,2.99,0,1
2/26/2026 0:00,EST,CAPITL,61757,56.48,2.07,0,1
2/26/2026 1:00,EST,CAPITL,61757,52.99,1.89,0,1
2/26/2026 2:00,EST,CAPITL,61757,52.78,1.88,0,1
2/26/2026 3:00,EST,CAPITL,61757,51.35,1.74,0,1
2/26/2026 4:00,EST,CAPITL,61757,54.89,1.86,0,1
2/26/2026 5:00,EST,CAPITL,61757,58.79,1.99,0,1
2/26/2026 6:00,EST,CAPITL,61757,78.28,2.58,0,1
2/26/2026 7:00,EST,CAPITL,61757,80.05,2.48,0,1
2/26/2026 8:00,EST,CAPITL,61757,73.38,2.34,0,1
2/26/2026 9:00,EST,CAPITL,61757,52.88,1.64,0,1
2/26/2026 10:00,EST,CAPITL,61757,53.01,1.54,0,1
2/26/2026 11:00,EST,CAPITL,61757,50.65,1.28,0,1
2/26/2026 12:00,EST,CAPITL,61757,50.57,1.23,0,1
2/26/2026 13:00,EST,CAPITL,61757,50.23,1.27,0,1
2/26/2026 14:00,EST,CAPITL,61757,50.56,1.18,0,1
2/26/2026 15:00,EST,CAPITL,61757,51.39,1.4,0,1
2/26/2026 16:00,EST,CAPITL,61757,59.6,1.79,0,1
2/26/2026 17:00,EST,CAPITL,61757,82.27,2.55,0,1
2/26/2026 18:00,EST,CAPITL,61757,88.49,2.74,0,1
2/26/2026 19:00,EST,CAPITL,61757,82.51,2.71,0,1
2/26/2026 20:00,EST,CAPITL,61757,73.56,2.49,0,1
2/26/2026 21:00,EST,CAPITL,61757,67.8,2.16,0,1
2/26/2026 22:00,EST,CAPITL,61757,64.96,1.89,0,1
2/26/2026 23:00,EST,CAPITL,61757,66.74,1.88,0,1
2/27/2026 0:00,EST,CAPITL,61757,52.76,1.78,0,1
2/27/2026 1:00,EST,CAPITL,61757,49.06,1.7,0,1
2/27/2026 2:00,EST,CAPITL,61757,48.02,1.62,0,1
2/27/2026 3:00,EST,CAPITL,61757,47,1.63,0,1
2/27/2026 4:00,EST,CAPITL,61757,48.1,1.76,0,1
2/27/2026 5:00,EST,CAPITL,61757,52.37,1.96,0,1
2/27/2026 6:00,EST,CAPITL,61757,68.86,2.65,0,1
2/27/2026 7:00,EST,CAPITL,61757,71.23,2.81,0,1
2/27/2026 8:00,EST,CAPITL,61757,55.83,1.84,0,1
2/27/2026 9:00,EST,CAPITL,61757,47.75,1.66,0,1
2/27/2026 10:00,EST,CAPITL,61757,45.18,1.44,0,1
2/27/2026 11:00,EST,CAPITL,61757,41.52,1.29,0,1
2/27/2026 12:00,EST,CAPITL,61757,40.95,1.31,0,1
2/27/2026 13:00,EST,CAPITL,61757,39.92,1.27,0,1
2/27/2026 14:00,EST,CAPITL,61757,40.1,1.36,0,1
2/27/2026 15:00,EST,CAPITL,61757,41.09,1.47,0,1
2/27/2026 16:00,EST,CAPITL,61757,49.74,2,0,1
2/27/2026 17:00,EST,CAPITL,61757,62.38,2.8,0,1
2/27/2026 18:00,EST,CAPITL,61757,66.77,3.24,0,1
2/27/2026 19:00,EST,CAPITL,61757,55.83,2.71,0,1
2/27/2026 20:00,EST,CAPITL,61757,49.2,2.39,0,1
2/27/2026 21:00,EST,CAPITL,61757,47.32,2.38,0,1
2/27/2026 22:00,EST,CAPITL,61757,46.02,2.19,0,1
2/27/2026 23:00,EST,CAPITL,61757,44.53,2.28,0,1
2/28/2026 0:00,EST,CAPITL,61757,41.32,2.12,0,1
2/28/2026 1:00,EST,CAPITL,61757,40.41,2.14,0,1
2/28/2026 2:00,EST,CAPITL,61757,37.77,1.97,0,1
2/28/2026 3:00,EST,CAPITL,61757,38.8,2.02,0,1
2/28/2026 4:00,EST,CAPITL,61757,38.57,2.01,0,1
2/28/2026 5:00,EST,CAPITL,61757,51.9,1.99,-13.75,1
2/28/2026 6:00,EST,CAPITL,61757,42.09,2.16,0,1
2/28/2026 7:00,EST,CAPITL,61757,44.74,2.29,0,1
2/28/2026 8:00,EST,CAPITL,61757,42.45,2.06,0,1
2/28/2026 9:00,EST,CAPITL,61757,40.66,1.94,0,1
2/28/2026 10:00,EST,CAPITL,61757,38.1,1.74,0,1
2/28/2026 11:00,EST,CAPITL,61757,36.18,1.59,0,1
2/28/2026 12:00,EST,CAPITL,61757,34.59,1.49,0,1
2/28/2026 13:00,EST,CAPITL,61757,34.02,1.43,0,1
2/28/2026 14:00,EST,CAPITL,61757,34.01,1.4,0,1
2/28/2026 15:00,EST,CAPITL,61757,34.31,1.41,0,1
2/28/2026 16:00,EST,CAPITL,61757,42.49,1.95,0,1
2/28/2026 17:00,EST,CAPITL,61757,56.62,2.8,0,1
2/28/2026 18:00,EST,CAPITL,61757,67.8,3.36,-1.07,1
2/28/2026 19:00,EST,CAPITL,61757,58.58,2.79,0,1
2/28/2026 20:00,EST,CAPITL,61757,56.71,2.7,0,1
2/28/2026 21:00,EST,CAPITL,61757,56.63,2.64,0,1
2/28/2026 22:00,EST,CAPITL,61757,53.4,2.2,0,1
2/28/2026 23:00,EST,CAPITL,61757,50.7,2.04,0,1
3/1/2026 0:00,EST,CAPITL,61757,50.65,1.9,0,1
3/1/2026 1:00,EST,CAPITL,61757,48.83,1.88,0,1
3/1/2026 2:00,EST,CAPITL,61757,47.26,1.82,0,1
3/1/2026 3:00,EST,CAPITL,61757,45.31,1.74,0,1
3/1/2026 4:00,EST,CAPITL,61757,45.31,1.7,0,1
3/1/2026 5:00,EST,CAPITL,61757,44.29,1.75,0,1
3/1/2026 6:00,EST,CAPITL,61757,49.43,1.99,0,1
3/1/2026 7:00,EST,CAPITL,61757,49.51,2,0,1
3/1/2026 8:00,EST,CAPITL,61757,52.24,2.15,0,1
3/1/2026 9:00,EST,CAPITL,61757,52.23,2.25,0,1
3/1/2026 10:00,EST,CAPITL,61757,66.62,3.11,0,1
3/1/2026 11:00,EST,CAPITL,61757,66.21,2.97,0,1
3/1/2026 12:00,EST,CAPITL,61757,64.49,3.01,0,1
3/1/2026 13:00,EST,CAPITL,61757,61.96,2.89,0,1
3/1/2026 14:00,EST,CAPITL,61757,61.43,2.81,0,1
3/1/2026 15:00,EST,CAPITL,61757,59.36,2.77,0,1
3/1/2026 16:00,EST,CAPITL,61757,67.03,3.37,0,1
3/1/2026 17:00,EST,CAPITL,61757,143.97,4.78,-53.7,1
3/1/2026 18:00,EST,CAPITL,61757,176.71,4.68,-91.31,1
3/1/2026 19:00,EST,CAPITL,61757,154.04,4.48,-72.38,1
3/1/2026 20:00,EST,CAPITL,61757,149.06,4.19,-68.7,1
3/1/2026 21:00,EST,CAPITL,61757,101.37,4.26,-21.01,1
3/1/2026 22:00,EST,CAPITL,61757,79.89,4.02,0,1
3/1/2026 23:00,EST,CAPITL,61757,74.71,3.49,0,1
3/2/2026 0:00,EST,CAPITL,61757,82.2,3.91,0,1
3/2/2026 1:00,EST,CAPITL,61757,79.55,3.86,0,1
3/2/2026 2:00,EST,CAPITL,61757,76.51,3.5,0,1
3/2/2026 3:00,EST,CAPITL,61757,82.86,3.79,0,1
3/2/2026 4:00,EST,CAPITL,61757,87.28,4.23,0,1
3/2/2026 5:00,EST,CAPITL,61757,103.67,5.12,0,1
3/2/2026 6:00,EST,CAPITL,61757,144.57,7.01,0,1
3/2/2026 7:00,EST,CAPITL,61757,166.26,7.91,0,1
3/2/2026 8:00,EST,CAPITL,61757,107.69,4.64,0,1
3/2/2026 9:00,EST,CAPITL,61757,74.84,3.02,0,1
3/2/2026 10:00,EST,CAPITL,61757,73.34,3,-0.56,1
3/2/2026 11:00,EST,CAPITL,61757,66.86,2.68,-0.35,1
3/2/2026 12:00,EST,CAPITL,61757,61.28,2.4,-0.33,1
3/2/2026 13:00,EST,CAPITL,61757,58.46,2.22,-0.85,1
3/2/2026 14:00,EST,CAPITL,61757,56.79,2.11,-0.61,1
3/2/2026 15:00,EST,CAPITL,61757,62.3,2.27,-4.58,1
3/2/2026 16:00,EST,CAPITL,61757,74.15,3.31,-0.39,1
3/2/2026 17:00,EST,CAPITL,61757,127.33,5.95,0,1
3/2/2026 18:00,EST,CAPITL,61757,165.67,7.89,0,1
3/2/2026 19:00,EST,CAPITL,61757,138.58,6.6,0,1
3/2/2026 20:00,EST,CAPITL,61757,105.09,4.79,-6.23,1
3/2/2026 21:00,EST,CAPITL,61757,85.95,4.25,0,1
3/2/2026 22:00,EST,CAPITL,61757,77.8,3.84,0,1
3/2/2026 23:00,EST,CAPITL,61757,75.34,3.79,0,1
3/3/2026 0:00,EST,CAPITL,61757,64.82,3.03,0,1
3/3/2026 1:00,EST,CAPITL,61757,62.5,2.98,0,1
3/3/2026 2:00,EST,CAPITL,61757,59.57,2.78,0,1
3/3/2026 3:00,EST,CAPITL,61757,59.26,2.82,0,1
3/3/2026 4:00,EST,CAPITL,61757,58.77,2.74,0,1
3/3/2026 5:00,EST,CAPITL,61757,65.75,3.06,-1.54,1
3/3/2026 6:00,EST,CAPITL,61757,76.36,3.14,-1.66,1
3/3/2026 7:00,EST,CAPITL,61757,83.16,3.67,-1.42,1
3/3/2026 8:00,EST,CAPITL,61757,83.04,3.57,-3.52,1
3/3/2026 9:00,EST,CAPITL,61757,82.34,3.68,-3.57,1
3/3/2026 10:00,EST,CAPITL,61757,71.23,3.02,-1.15,1
3/3/2026 11:00,EST,CAPITL,61757,70.84,2.87,-1.17,1
3/3/2026 12:00,EST,CAPITL,61757,69.2,2.87,-1.1,1
3/3/2026 13:00,EST,CAPITL,61757,67.75,2.93,-1.05,1
3/3/2026 14:00,EST,CAPITL,61757,69.04,2.8,-1.2,1
3/3/2026 15:00,EST,CAPITL,61757,74.95,2.97,-1.24,1
3/3/2026 16:00,EST,CAPITL,61757,70.28,2.66,-1.18,1
3/3/2026 17:00,EST,CAPITL,61757,80.64,3.33,-1.59,1
3/3/2026 18:00,EST,CAPITL,61757,81.11,3.5,-1.58,1
3/3/2026 19:00,EST,CAPITL,61757,79.04,3.13,-1.36,1
3/3/2026 20:00,EST,CAPITL,61757,73.19,3.31,-0.82,1
3/3/2026 21:00,EST,CAPITL,61757,67.21,2.93,-0.53,1
3/3/2026 22:00,EST,CAPITL,61757,63.55,2.79,-0.11,1
3/3/2026 23:00,EST,CAPITL,61757,59.67,2.46,0,1
3/4/2026 0:00,EST,CAPITL,61757,50.69,1.86,0,1
3/4/2026 1:00,EST,CAPITL,61757,46.38,1.61,0,1
3/4/2026 2:00,EST,CAPITL,61757,45.52,1.63,0,1
3/4/2026 3:00,EST,CAPITL,61757,42.85,1.45,0,1
3/4/2026 4:00,EST,CAPITL,61757,42.7,1.48,0,1
3/4/2026 5:00,EST,CAPITL,61757,49.71,1.86,0,1
3/4/2026 6:00,EST,CAPITL,61757,63.11,2.6,0,1
3/4/2026 7:00,EST,CAPITL,61757,69.65,2.68,0,1
3/4/2026 8:00,EST,CAPITL,61757,60.94,2.11,0,1
3/4/2026 9:00,EST,CAPITL,61757,50.92,1.48,0,1
3/4/2026 10:00,EST,CAPITL,61757,46.87,1.36,0,1
3/4/2026 11:00,EST,CAPITL,61757,42.83,1.16,0,1
3/4/2026 12:00,EST,CAPITL,61757,38.69,0.94,0,1
3/4/2026 13:00,EST,CAPITL,61757,34.87,0.82,0,1
3/4/2026 14:00,EST,CAPITL,61757,35.45,0.83,0,1
3/4/2026 15:00,EST,CAPITL,61757,39.8,1.01,0,1
3/4/2026 16:00,EST,CAPITL,61757,48.21,1.4,0,1
3/4/2026 17:00,EST,CAPITL,61757,61.02,2.23,0,1
3/4/2026 18:00,EST,CAPITL,61757,70.47,2.64,0,1
3/4/2026 19:00,EST,CAPITL,61757,62.1,2.39,0,1
3/4/2026 20:00,EST,CAPITL,61757,55.35,2.13,0,1
3/4/2026 21:00,EST,CAPITL,61757,51.09,1.92,0,1
3/4/2026 22:00,EST,CAPITL,61757,50.75,1.81,0,1
3/4/2026 23:00,EST,CAPITL,61757,45.16,1.49,0,1
3/5/2026 0:00,EST,CAPITL,61757,44.28,1.5,0,1
3/5/2026 1:00,EST,CAPITL,61757,41.89,1.38,0,1
3/5/2026 2:00,EST,CAPITL,61757,41.04,1.31,0,1
3/5/2026 3:00,EST,CAPITL,61757,40.08,1.28,0,1
3/5/2026 4:00,EST,CAPITL,61757,41.24,1.36,0,1
3/5/2026 5:00,EST,CAPITL,61757,43.61,1.51,0,1
3/5/2026 6:00,EST,CAPITL,61757,55.05,2.12,0,1
3/5/2026 7:00,EST,CAPITL,61757,60.54,2.39,0,1
3/5/2026 8:00,EST,CAPITL,61757,57.94,2.07,0,1
3/5/2026 9:00,EST,CAPITL,61757,51.28,1.63,-0.15,1
3/5/2026 10:00,EST,CAPITL,61757,50.74,1.47,-0.26,1
3/5/2026 11:00,EST,CAPITL,61757,49.13,1.51,-0.29,1
3/5/2026 12:00,EST,CAPITL,61757,48.29,1.44,-0.34,1
3/5/2026 13:00,EST,CAPITL,61757,46.75,1.44,-0.35,1
3/5/2026 14:00,EST,CAPITL,61757,46.48,1.47,-0.36,1
3/5/2026 15:00,EST,CAPITL,61757,50.38,1.69,-0.25,1
3/5/2026 16:00,EST,CAPITL,61757,54.86,2.05,-0.06,1
3/5/2026 17:00,EST,CAPITL,61757,60.21,2.42,-0.25,1
3/5/2026 18:00,EST,CAPITL,61757,61.7,2.6,0,1
3/5/2026 19:00,EST,CAPITL,61757,57.97,2.38,-0.13,1
3/5/2026 20:00,EST,CAPITL,61757,53.1,2.19,-0.03,1
3/5/2026 21:00,EST,CAPITL,61757,51.77,2.04,-0.03,1
3/5/2026 22:00,EST,CAPITL,61757,46.06,1.69,0,1
3/5/2026 23:00,EST,CAPITL,61757,41.94,1.5,0,1
3/6/2026 0:00,EST,CAPITL,61757,47.08,1.72,0,1
3/6/2026 1:00,EST,CAPITL,61757,44.44,1.67,0,1
3/6/2026 2:00,EST,CAPITL,61757,44.18,1.62,0,1
3/6/2026 3:00,EST,CAPITL,61757,44.28,1.62,0,1
3/6/2026 4:00,EST,CAPITL,61757,44.42,1.63,0,1
3/6/2026 5:00,EST,CAPITL,61757,48.05,1.85,0,1
3/6/2026 6:00,EST,CAPITL,61757,57.44,2.31,0,1
3/6/2026 7:00,EST,CAPITL,61757,69.26,3.17,0,1
3/6/2026 8:00,EST,CAPITL,61757,69.2,3.04,0,1
3/6/2026 9:00,EST,CAPITL,61757,64.25,2.94,0,1
3/6/2026 10:00,EST,CAPITL,61757,73.65,3.03,0,1
3/6/2026 11:00,EST,CAPITL,61757,59.08,2.43,0,1
3/6/2026 12:00,EST,CAPITL,61757,54,2.18,0,1
3/6/2026 13:00,EST,CAPITL,61757,52.59,1.97,0,1
3/6/2026 14:00,EST,CAPITL,61757,50.03,1.88,0,1
3/6/2026 15:00,EST,CAPITL,61757,53.06,2.29,0,1
3/6/2026 16:00,EST,CAPITL,61757,55.53,2.79,0,1
3/6/2026 17:00,EST,CAPITL,61757,64.03,3.22,0,1
3/6/2026 18:00,EST,CAPITL,61757,63.12,3.17,0,1
3/6/2026 19:00,EST,CAPITL,61757,55.2,2.63,0,1
3/6/2026 20:00,EST,CAPITL,61757,51.15,2.48,0,1
3/6/2026 21:00,EST,CAPITL,61757,49.83,2.24,0,1
3/6/2026 22:00,EST,CAPITL,61757,48.99,2.02,0,1
3/6/2026 23:00,EST,CAPITL,61757,41.02,1.65,0,1
3/7/2026 0:00,EST,CAPITL,61757,46.01,1.94,0,1
3/7/2026 1:00,EST,CAPITL,61757,40.46,1.7,0,1
3/7/2026 2:00,EST,CAPITL,61757,39.87,1.68,0,1
3/7/2026 3:00,EST,CAPITL,61757,37.45,1.58,0,1
3/7/2026 4:00,EST,CAPITL,61757,35.18,1.48,0,1
3/7/2026 5:00,EST,CAPITL,61757,38.54,1.77,0,1
3/7/2026 6:00,EST,CAPITL,61757,44.64,2.04,0,1
3/7/2026 7:00,EST,CAPITL,61757,47,2.15,0,1
3/7/2026 8:00,EST,CAPITL,61757,47.36,2.04,0,1
3/7/2026 9:00,EST,CAPITL,61757,44.6,1.92,0,1
3/7/2026 10:00,EST,CAPITL,61757,43.49,1.79,0,1
3/7/2026 11:00,EST,CAPITL,61757,41.48,1.6,0,1
3/7/2026 12:00,EST,CAPITL,61757,38,1.36,0,1
3/7/2026 13:00,EST,CAPITL,61757,37.87,1.31,0,1
3/7/2026 14:00,EST,CAPITL,61757,37.87,1.31,0,1
3/7/2026 15:00,EST,CAPITL,61757,37.56,1.45,0,1
3/7/2026 16:00,EST,CAPITL,61757,42.91,1.69,0,1
3/7/2026 17:00,EST,CAPITL,61757,53.94,2.37,0,1
3/7/2026 18:00,EST,CAPITL,61757,57.19,2.62,0,1
3/7/2026 19:00,EST,CAPITL,61757,50.65,2.23,0,1
3/7/2026 20:00,EST,CAPITL,61757,47.08,1.98,0,1
3/7/2026 21:00,EST,CAPITL,61757,43.13,1.78,0,1
3/7/2026 22:00,EST,CAPITL,61757,39.48,1.59,0,1
3/7/2026 23:00,EST,CAPITL,61757,34.08,1.47,0,1
3/8/2026 0:00,EST,CAPITL,61757,39.49,1.66,0,1
3/8/2026 1:00,EST,CAPITL,61757,36.57,1.51,0,1
3/8/2026 3:00,EDT,CAPITL,61757,35.72,1.31,0,1
3/8/2026 4:00,EDT,CAPITL,61757,31.22,1.26,0,1
3/8/2026 5:00,EDT,CAPITL,61757,31.81,1.37,0,1
3/8/2026 6:00,EDT,CAPITL,61757,35.1,1.58,0,1
3/8/2026 7:00,EDT,CAPITL,61757,38.23,1.68,0,1
3/8/2026 8:00,EDT,CAPITL,61757,38.62,1.66,0,1
3/8/2026 9:00,EDT,CAPITL,61757,38.22,1.72,0,1
3/8/2026 10:00,EDT,CAPITL,61757,37.49,1.62,0,1
3/8/2026 11:00,EDT,CAPITL,61757,33.62,1.39,0,1
3/8/2026 12:00,EDT,CAPITL,61757,30.85,1.39,0,1
3/8/2026 13:00,EDT,CAPITL,61757,27.57,1.14,0,1
3/8/2026 14:00,EDT,CAPITL,61757,24.13,0.95,0,1
3/8/2026 15:00,EDT,CAPITL,61757,22.99,0.91,0,1
3/8/2026 16:00,EDT,CAPITL,61757,29.03,1.2,0,1
3/8/2026 17:00,EDT,CAPITL,61757,35.25,1.42,0,1
3/8/2026 18:00,EDT,CAPITL,61757,51.22,2.3,0,1
3/8/2026 19:00,EDT,CAPITL,61757,56.52,2.59,0,1
3/8/2026 20:00,EDT,CAPITL,61757,51.45,2.22,0,1
3/8/2026 21:00,EDT,CAPITL,61757,42.24,1.74,0,1
3/8/2026 22:00,EDT,CAPITL,61757,37.92,1.46,0,1
3/8/2026 23:00,EDT,CAPITL,61757,34,1.21,0,1
3/9/2026 0:00,EDT,CAPITL,61757,35.14,1.16,0,1
3/9/2026 1:00,EDT,CAPITL,61757,32.17,1.03,0,1
3/9/2026 2:00,EDT,CAPITL,61757,30.95,0.96,0,1
3/9/2026 3:00,EDT,CAPITL,61757,31.55,1.01,0,1
3/9/2026 4:00,EDT,CAPITL,61757,32.93,1.02,0,1
3/9/2026 5:00,EDT,CAPITL,61757,36.78,1.31,0,1
3/9/2026 6:00,EDT,CAPITL,61757,53.03,1.99,0,1
3/9/2026 7:00,EDT,CAPITL,61757,72.79,2.8,0,1
3/9/2026 8:00,EDT,CAPITL,61757,55.46,1.92,0,1
3/9/2026 9:00,EDT,CAPITL,61757,32.88,0.89,0,1
3/9/2026 10:00,EDT,CAPITL,61757,31.02,0.73,0,1
3/9/2026 11:00,EDT,CAPITL,61757,29.52,0.69,0,1
3/9/2026 12:00,EDT,CAPITL,61757,26.5,0.55,0,1
3/9/2026 13:00,EDT,CAPITL,61757,24.24,0.45,0,1
3/9/2026 14:00,EDT,CAPITL,61757,24.25,0.43,0,1
3/9/2026 15:00,EDT,CAPITL,61757,25.1,0.54,0,1
3/9/2026 16:00,EDT,CAPITL,61757,31.14,0.73,0,1
3/9/2026 17:00,EDT,CAPITL,61757,42.43,1.15,0,1
3/9/2026 18:00,EDT,CAPITL,61757,57.99,2.12,0,1
3/9/2026 19:00,EDT,CAPITL,61757,64.25,2.41,0,1
3/9/2026 20:00,EDT,CAPITL,61757,55.53,2.03,0,1
3/9/2026 21:00,EDT,CAPITL,61757,45.68,1.5,0,1
3/9/2026 22:00,EDT,CAPITL,61757,39.84,1.16,0,1
3/9/2026 23:00,EDT,CAPITL,61757,35.78,1.04,0,1
3/10/2026 0:00,EDT,CAPITL,61757,33.55,0.82,0,1
3/10/2026 1:00,EDT,CAPITL,61757,30.89,0.75,0,1
3/10/2026 2:00,EDT,CAPITL,61757,30.03,0.62,0,1
3/10/2026 3:00,EDT,CAPITL,61757,29.46,0.61,0,1
3/10/2026 4:00,EDT,CAPITL,61757,31.87,0.69,0,1
3/10/2026 5:00,EDT,CAPITL,61757,38.23,0.89,0,1
3/10/2026 6:00,EDT,CAPITL,61757,51.27,1.3,0,1
3/10/2026 7:00,EDT,CAPITL,61757,83.57,2.43,0,1
3/10/2026 8:00,EDT,CAPITL,61757,58.21,1.53,0,1
3/10/2026 9:00,EDT,CAPITL,61757,39.76,0.7,0,1
3/10/2026 10:00,EDT,CAPITL,61757,34.09,0.47,0,1
3/10/2026 11:00,EDT,CAPITL,61757,31.59,0.38,0,1
3/10/2026 12:00,EDT,CAPITL,61757,30.68,0.3,0,1
3/10/2026 13:00,EDT,CAPITL,61757,29.82,0.24,0,1
3/10/2026 14:00,EDT,CAPITL,61757,29.71,0.26,0,1
3/10/2026 15:00,EDT,CAPITL,61757,32.69,0.36,0,1
3/10/2026 16:00,EDT,CAPITL,61757,38.65,0.61,0,1
3/10/2026 17:00,EDT,CAPITL,61757,45.76,0.81,0,1
3/10/2026 18:00,EDT,CAPITL,61757,58.03,1.25,0,1
3/10/2026 19:00,EDT,CAPITL,61757,70.29,1.64,0,1
3/10/2026 20:00,EDT,CAPITL,61757,57.47,1.34,0,1
3/10/2026 21:00,EDT,CAPITL,61757,47.47,1.11,0,1
3/10/2026 22:00,EDT,CAPITL,61757,44.34,0.91,0,1
3/10/2026 23:00,EDT,CAPITL,61757,37.18,0.77,0,1
3/11/2026 0:00,EDT,CAPITL,61757,35.47,1.07,0,1
3/11/2026 1:00,EDT,CAPITL,61757,33.25,1.03,0,1
3/11/2026 2:00,EDT,CAPITL,61757,31.67,0.98,0,1
3/11/2026 3:00,EDT,CAPITL,61757,30.68,1.01,0,1
3/11/2026 4:00,EDT,CAPITL,61757,30.7,1.01,0,1
3/11/2026 5:00,EDT,CAPITL,61757,33.87,1.21,0,1
3/11/2026 6:00,EDT,CAPITL,61757,47.28,1.95,0,1
3/11/2026 7:00,EDT,CAPITL,61757,56.99,2.4,0,1
3/11/2026 8:00,EDT,CAPITL,61757,50.68,1.9,0,1
3/11/2026 9:00,EDT,CAPITL,61757,42.37,1.28,0,1
3/11/2026 10:00,EDT,CAPITL,61757,42.09,1.14,0,1
3/11/2026 11:00,EDT,CAPITL,61757,37.71,0.99,0,1
3/11/2026 12:00,EDT,CAPITL,61757,36.97,0.9,0,1
3/11/2026 13:00,EDT,CAPITL,61757,36.24,0.78,0,1
3/11/2026 14:00,EDT,CAPITL,61757,38.15,0.86,0,1
3/11/2026 15:00,EDT,CAPITL,61757,41.32,1.12,0,1
3/11/2026 16:00,EDT,CAPITL,61757,45.4,1.32,0,1
3/11/2026 17:00,EDT,CAPITL,61757,47.75,1.57,0,1
3/11/2026 18:00,EDT,CAPITL,61757,55.15,2.02,0,1
3/11/2026 19:00,EDT,CAPITL,61757,56.34,2.27,0,1
3/11/2026 20:00,EDT,CAPITL,61757,54.57,2.1,0,1
3/11/2026 21:00,EDT,CAPITL,61757,48.49,1.82,0,1
3/11/2026 22:00,EDT,CAPITL,61757,39.83,1.42,0,1
3/11/2026 23:00,EDT,CAPITL,61757,34.62,1.24,0,1
3/12/2026 0:00,EDT,CAPITL,61757,31.22,1.17,0,1
3/12/2026 1:00,EDT,CAPITL,61757,29.59,1.11,0,1
3/12/2026 2:00,EDT,CAPITL,61757,28.04,1.05,0,1
3/12/2026 3:00,EDT,CAPITL,61757,27.62,1.04,0,1
3/12/2026 4:00,EDT,CAPITL,61757,28.05,1,0,1
3/12/2026 5:00,EDT,CAPITL,61757,30.27,1.17,0,1
3/12/2026 6:00,EDT,CAPITL,61757,36.89,1.52,0,1
3/12/2026 7:00,EDT,CAPITL,61757,48.75,2.01,0,1
3/12/2026 8:00,EDT,CAPITL,61757,47.45,1.74,0,1
3/12/2026 9:00,EDT,CAPITL,61757,46.64,1.67,0,1
3/12/2026 10:00,EDT,CAPITL,61757,43.94,1.49,0,1
3/12/2026 11:00,EDT,CAPITL,61757,43.2,1.5,0,1
3/12/2026 12:00,EDT,CAPITL,61757,42.6,1.52,0,1
3/12/2026 13:00,EDT,CAPITL,61757,38.19,1.29,0,1
3/12/2026 14:00,EDT,CAPITL,61757,37.74,1.24,0,1
3/12/2026 15:00,EDT,CAPITL,61757,36.78,1.35,0,1
3/12/2026 16:00,EDT,CAPITL,61757,42.5,1.56,0,1
3/12/2026 17:00,EDT,CAPITL,61757,51.21,1.97,0,1
3/12/2026 18:00,EDT,CAPITL,61757,54.74,2.11,0,1
3/12/2026 19:00,EDT,CAPITL,61757,59.98,2.36,0,1
3/12/2026 20:00,EDT,CAPITL,61757,61.66,2.6,0,1
3/12/2026 21:00,EDT,CAPITL,61757,48.8,1.79,0,1
3/12/2026 22:00,EDT,CAPITL,61757,43.98,1.53,0,1
3/12/2026 23:00,EDT,CAPITL,61757,39.32,1.11,0,1
3/13/2026 0:00,EDT,CAPITL,61757,47.26,1.02,0,1
3/13/2026 1:00,EDT,CAPITL,61757,40.9,0.88,0,1
3/13/2026 2:00,EDT,CAPITL,61757,39.47,0.85,0,1
3/13/2026 3:00,EDT,CAPITL,61757,39.95,0.9,0,1
3/13/2026 4:00,EDT,CAPITL,61757,40.6,0.87,0,1
3/13/2026 5:00,EDT,CAPITL,61757,45.04,1.05,0,1
3/13/2026 6:00,EDT,CAPITL,61757,62.27,1.76,0,1
3/13/2026 7:00,EDT,CAPITL,61757,75.77,2.2,0,1
3/13/2026 8:00,EDT,CAPITL,61757,59.34,1.45,0,1
3/13/2026 9:00,EDT,CAPITL,61757,46.29,0.82,0,1
3/13/2026 10:00,EDT,CAPITL,61757,41.77,0.58,0,1
3/13/2026 11:00,EDT,CAPITL,61757,42.5,0.63,0,1
3/13/2026 12:00,EDT,CAPITL,61757,39.71,0.7,0,1
3/13/2026 13:00,EDT,CAPITL,61757,42.7,0.79,0,1
3/13/2026 14:00,EDT,CAPITL,61757,42.47,0.71,0,1
3/13/2026 15:00,EDT,CAPITL,61757,43.64,0.94,0,1
3/13/2026 16:00,EDT,CAPITL,61757,48.54,1.18,0,1
3/13/2026 17:00,EDT,CAPITL,61757,54.15,1.47,0,1
3/13/2026 18:00,EDT,CAPITL,61757,60.88,1.83,0,1
3/13/2026 19:00,EDT,CAPITL,61757,67.22,2.21,0,1
3/13/2026 20:00,EDT,CAPITL,61757,57.46,1.83,0,1
3/13/2026 21:00,EDT,CAPITL,61757,54.79,1.49,0,1
3/13/2026 22:00,EDT,CAPITL,61757,49.86,1.45,0,1
3/13/2026 23:00,EDT,CAPITL,61757,45.4,1.19,0,1
3/14/2026 0:00,EDT,CAPITL,61757,42.21,1.07,0,1
3/14/2026 1:00,EDT,CAPITL,61757,41.48,1.09,0,1
3/14/2026 2:00,EDT,CAPITL,61757,37.91,0.96,0,1
3/14/2026 3:00,EDT,CAPITL,61757,37.5,0.91,0,1
3/14/2026 4:00,EDT,CAPITL,61757,38,0.86,0,1
3/14/2026 5:00,EDT,CAPITL,61757,40.24,1.06,0,1
3/14/2026 6:00,EDT,CAPITL,61757,46.32,1.13,0,1
3/14/2026 7:00,EDT,CAPITL,61757,51.67,1.31,0,1
3/14/2026 8:00,EDT,CAPITL,61757,48.26,1.18,0,1
3/14/2026 9:00,EDT,CAPITL,61757,42.67,0.84,0,1
3/14/2026 10:00,EDT,CAPITL,61757,39.07,0.73,0,1
3/14/2026 11:00,EDT,CAPITL,61757,36.93,0.76,0,1
3/14/2026 12:00,EDT,CAPITL,61757,33.24,0.65,0,1
3/14/2026 13:00,EDT,CAPITL,61757,29.55,0.66,0,1
3/14/2026 14:00,EDT,CAPITL,61757,28.01,0.55,0,1
3/14/2026 15:00,EDT,CAPITL,61757,29.89,0.76,0,1
3/14/2026 16:00,EDT,CAPITL,61757,33.12,0.87,0,1
3/14/2026 17:00,EDT,CAPITL,61757,42.54,1.16,0,1
3/14/2026 18:00,EDT,CAPITL,61757,56.56,1.7,0,1
3/14/2026 19:00,EDT,CAPITL,61757,61.63,1.97,0,1
3/14/2026 20:00,EDT,CAPITL,61757,56.98,1.66,0,1
3/14/2026 21:00,EDT,CAPITL,61757,52.71,1.39,0,1
3/14/2026 22:00,EDT,CAPITL,61757,49.26,1.11,0,1
3/14/2026 23:00,EDT,CAPITL,61757,43.64,0.77,0,1
3/15/2026 0:00,EDT,CAPITL,61757,49.66,1.02,0,1
3/15/2026 1:00,EDT,CAPITL,61757,47.72,0.98,0,1
3/15/2026 2:00,EDT,CAPITL,61757,44.48,0.92,0,1
3/15/2026 3:00,EDT,CAPITL,61757,43.65,0.86,0,1
3/15/2026 4:00,EDT,CAPITL,61757,44.82,0.88,0,1
3/15/2026 5:00,EDT,CAPITL,61757,45.45,0.89,0,1
3/15/2026 6:00,EDT,CAPITL,61757,47.39,1.07,0,1
3/15/2026 7:00,EDT,CAPITL,61757,52.62,1.23,0,1
3/15/2026 8:00,EDT,CAPITL,61757,49.39,1.11,0,1
3/15/2026 9:00,EDT,CAPITL,61757,46.82,0.83,0,1
3/15/2026 10:00,EDT,CAPITL,61757,42.19,0.75,0,1
3/15/2026 11:00,EDT,CAPITL,61757,40.16,0.67,0,1
3/15/2026 12:00,EDT,CAPITL,61757,37.46,0.7,0,1
3/15/2026 13:00,EDT,CAPITL,61757,34.17,0.7,0,1
3/15/2026 14:00,EDT,CAPITL,61757,34.17,0.67,0,1
3/15/2026 15:00,EDT,CAPITL,61757,34.95,0.72,0,1
3/15/2026 16:00,EDT,CAPITL,61757,40.61,0.87,0,1
3/15/2026 17:00,EDT,CAPITL,61757,50.61,1.33,0,1
3/15/2026 18:00,EDT,CAPITL,61757,61.24,1.73,0,1
3/15/2026 19:00,EDT,CAPITL,61757,74.65,2.25,0,1
3/15/2026 20:00,EDT,CAPITL,61757,64.47,2,0,1
3/15/2026 21:00,EDT,CAPITL,61757,54.79,1.59,0,1
3/15/2026 22:00,EDT,CAPITL,61757,48.34,1.36,0,1
3/15/2026 23:00,EDT,CAPITL,61757,43.06,1.25,0,1
3/16/2026 0:00,EDT,CAPITL,61757,41.75,1.33,0,1
3/16/2026 1:00,EDT,CAPITL,61757,39.91,1.35,0,1
3/16/2026 2:00,EDT,CAPITL,61757,39.05,1.32,0,1
3/16/2026 3:00,EDT,CAPITL,61757,37.71,1.24,0,1
3/16/2026 4:00,EDT,CAPITL,61757,37.6,1.2,0,1
3/16/2026 5:00,EDT,CAPITL,61757,40.56,1.37,0,1
3/16/2026 6:00,EDT,CAPITL,61757,50.57,1.61,0,1
3/16/2026 7:00,EDT,CAPITL,61757,57.56,1.5,-9.17,1
3/16/2026 8:00,EDT,CAPITL,61757,58.58,1.87,0,1
3/16/2026 9:00,EDT,CAPITL,61757,58.28,1.75,0,1
3/16/2026 10:00,EDT,CAPITL,61757,55.31,1.53,-1.18,1
3/16/2026 11:00,EDT,CAPITL,61757,51.73,1.31,-1.75,1
3/16/2026 12:00,EDT,CAPITL,61757,51.26,1.26,-1.65,1
3/16/2026 13:00,EDT,CAPITL,61757,50.36,1.27,-2.04,1
3/16/2026 14:00,EDT,CAPITL,61757,49.33,1.3,-1.7,1
3/16/2026 15:00,EDT,CAPITL,61757,50.42,1.43,-1.15,1
3/16/2026 16:00,EDT,CAPITL,61757,52.69,1.4,-1.1,1
3/16/2026 17:00,EDT,CAPITL,61757,59.87,1.69,-3.77,1
3/16/2026 18:00,EDT,CAPITL,61757,63.52,2.06,-2.5,1
3/16/2026 19:00,EDT,CAPITL,61757,65.55,2.12,-4.54,1
3/16/2026 20:00,EDT,CAPITL,61757,60.96,1.92,-0.86,1
3/16/2026 21:00,EDT,CAPITL,61757,54.47,1.58,0,1
3/16/2026 22:00,EDT,CAPITL,61757,47.52,1.38,0,1
3/16/2026 23:00,EDT,CAPITL,61757,42.02,1.3,0,1
3/17/2026 0:00,EDT,CAPITL,61757,43.12,1.25,0,1
3/17/2026 1:00,EDT,CAPITL,61757,39.65,1.23,0,1
3/17/2026 2:00,EDT,CAPITL,61757,38.99,1.21,0,1
3/17/2026 3:00,EDT,CAPITL,61757,38.51,1.19,0,1
3/17/2026 4:00,EDT,CAPITL,61757,39.5,1.15,0,1
3/17/2026 5:00,EDT,CAPITL,61757,44.73,1.43,0,1
3/17/2026 6:00,EDT,CAPITL,61757,55.68,1.68,0,1
3/17/2026 7:00,EDT,CAPITL,61757,68.3,1.41,-10.71,1
3/17/2026 8:00,EDT,CAPITL,61757,59.7,1.4,0,1
3/17/2026 9:00,EDT,CAPITL,61757,46.39,0.86,-0.41,1
3/17/2026 10:00,EDT,CAPITL,61757,41.25,0.69,-2.24,1
3/17/2026 11:00,EDT,CAPITL,61757,40.92,0.72,-2.23,1
3/17/2026 12:00,EDT,CAPITL,61757,38.03,0.6,-1.96,1
3/17/2026 13:00,EDT,CAPITL,61757,38.37,0.47,-2.02,1
3/17/2026 14:00,EDT,CAPITL,61757,38.52,0.55,-1.3,1
3/17/2026 15:00,EDT,CAPITL,61757,43.81,0.75,-1.22,1
3/17/2026 16:00,EDT,CAPITL,61757,48.01,0.96,-1.27,1
3/17/2026 17:00,EDT,CAPITL,61757,61.25,1.61,0,1
3/17/2026 18:00,EDT,CAPITL,61757,70.46,1.99,0,1
3/17/2026 19:00,EDT,CAPITL,61757,81.98,2.62,0,1
3/17/2026 20:00,EDT,CAPITL,61757,71.99,1.96,0,1
3/17/2026 21:00,EDT,CAPITL,61757,66.9,1.69,0,1
3/17/2026 22:00,EDT,CAPITL,61757,58.53,1.48,0,1
3/17/2026 23:00,EDT,CAPITL,61757,54.17,1.27,0,1
3/18/2026 0:00,EDT,CAPITL,61757,62.3,1.22,0,1
3/18/2026 1:00,EDT,CAPITL,61757,55.28,1.14,0,1
3/18/2026 2:00,EDT,CAPITL,61757,55.86,1.2,0,1
3/18/2026 3:00,EDT,CAPITL,61757,56.38,1.21,0,1
3/18/2026 4:00,EDT,CAPITL,61757,56.76,1.06,0,1
3/18/2026 5:00,EDT,CAPITL,61757,69.61,1.57,0,1
3/18/2026 6:00,EDT,CAPITL,61757,91.46,2.58,0,1
3/18/2026 7:00,EDT,CAPITL,61757,130.8,3.56,0,1
3/18/2026 8:00,EDT,CAPITL,61757,92.74,2.09,0,1
3/18/2026 9:00,EDT,CAPITL,61757,65.25,1.15,0,1
3/18/2026 10:00,EDT,CAPITL,61757,50.57,0.5,0,1
3/18/2026 11:00,EDT,CAPITL,61757,46.42,0.51,0,1
3/18/2026 12:00,EDT,CAPITL,61757,46.31,0.55,0,1
3/18/2026 13:00,EDT,CAPITL,61757,44.5,0.57,0,1
3/18/2026 14:00,EDT,CAPITL,61757,41.58,0.53,0,1
3/18/2026 15:00,EDT,CAPITL,61757,45,0.71,0,1
3/18/2026 16:00,EDT,CAPITL,61757,52.08,1.12,0,1
3/18/2026 17:00,EDT,CAPITL,61757,65.8,1.91,-0.07,1
3/18/2026 18:00,EDT,CAPITL,61757,90.72,2.89,0,1
3/18/2026 19:00,EDT,CAPITL,61757,106.95,3.22,0,1
3/18/2026 20:00,EDT,CAPITL,61757,93.83,2.99,0,1
3/18/2026 21:00,EDT,CAPITL,61757,72.31,2.31,0,1
3/18/2026 22:00,EDT,CAPITL,61757,68,2.11,0,1
3/18/2026 23:00,EDT,CAPITL,61757,58.24,1.53,0,1
3/19/2026 0:00,EDT,CAPITL,61757,54.67,1.23,0,1
3/19/2026 1:00,EDT,CAPITL,61757,51.59,1.26,0,1
3/19/2026 2:00,EDT,CAPITL,61757,49.89,1.26,0,1
3/19/2026 3:00,EDT,CAPITL,61757,47.88,1.3,0,1
3/19/2026 4:00,EDT,CAPITL,61757,51.66,1.36,0,1
3/19/2026 5:00,EDT,CAPITL,61757,53.94,1.62,0,1
3/19/2026 6:00,EDT,CAPITL,61757,67.35,2.09,0,1
3/19/2026 7:00,EDT,CAPITL,61757,91.72,2.84,0,1
3/19/2026 8:00,EDT,CAPITL,61757,74.11,1.81,0,1
3/19/2026 9:00,EDT,CAPITL,61757,58.64,1.26,0,1
3/19/2026 10:00,EDT,CAPITL,61757,50.42,0.7,0,1
3/19/2026 11:00,EDT,CAPITL,61757,45.81,0.59,0,1
3/19/2026 12:00,EDT,CAPITL,61757,43.05,0.59,0,1
3/19/2026 13:00,EDT,CAPITL,61757,41.89,0.54,0,1
3/19/2026 14:00,EDT,CAPITL,61757,41.16,0.61,0,1
3/19/2026 15:00,EDT,CAPITL,61757,42.53,0.79,0,1
3/19/2026 16:00,EDT,CAPITL,61757,50.02,1.17,0,1
3/19/2026 17:00,EDT,CAPITL,61757,57.83,1.63,0,1
3/19/2026 18:00,EDT,CAPITL,61757,66.19,1.8,0,1
3/19/2026 19:00,EDT,CAPITL,61757,76.52,2.23,0,1
3/19/2026 20:00,EDT,CAPITL,61757,68.2,1.85,0,1
3/19/2026 21:00,EDT,CAPITL,61757,60.12,1.64,0,1
3/19/2026 22:00,EDT,CAPITL,61757,51.93,1.37,0,1
3/19/2026 23:00,EDT,CAPITL,61757,49.08,1.06,0,1
3/20/2026 0:00,EDT,CAPITL,61757,46.73,0.92,0,1
3/20/2026 1:00,EDT,CAPITL,61757,42.99,0.92,0,1
3/20/2026 2:00,EDT,CAPITL,61757,40.42,0.87,0,1
3/20/2026 3:00,EDT,CAPITL,61757,40.53,0.87,0,1
3/20/2026 4:00,EDT,CAPITL,61757,41.69,0.82,0,1
3/20/2026 5:00,EDT,CAPITL,61757,44.81,1.05,0,1
3/20/2026 6:00,EDT,CAPITL,61757,54.88,1.55,0,1
3/20/2026 7:00,EDT,CAPITL,61757,68.79,1.94,0,1
3/20/2026 8:00,EDT,CAPITL,61757,56.7,1.49,-0.03,1
3/20/2026 9:00,EDT,CAPITL,61757,46.26,0.81,-0.32,1
3/20/2026 10:00,EDT,CAPITL,61757,39.07,0.58,0,1
3/20/2026 11:00,EDT,CAPITL,61757,37.17,0.48,0,1
3/20/2026 12:00,EDT,CAPITL,61757,36.81,0.58,0,1
3/20/2026 13:00,EDT,CAPITL,61757,37.93,0.63,0,1
3/20/2026 14:00,EDT,CAPITL,61757,39.01,0.73,0,1
3/20/2026 15:00,EDT,CAPITL,61757,39.55,0.85,0,1
3/20/2026 16:00,EDT,CAPITL,61757,44.34,1.03,-0.2,1
3/20/2026 17:00,EDT,CAPITL,61757,49.68,1.39,-0.39,1
3/20/2026 18:00,EDT,CAPITL,61757,55.7,1.61,-0.38,1
3/20/2026 19:00,EDT,CAPITL,61757,61.46,1.73,-0.23,1
3/20/2026 20:00,EDT,CAPITL,61757,55.34,1.45,-0.07,1
3/20/2026 21:00,EDT,CAPITL,61757,48.78,1.23,-0.03,1
3/20/2026 22:00,EDT,CAPITL,61757,45.14,1.14,0,1
3/20/2026 23:00,EDT,CAPITL,61757,40.06,0.83,0,1
3/21/2026 0:00,EDT,CAPITL,61757,42.11,1.03,0,1
3/21/2026 1:00,EDT,CAPITL,61757,40.38,0.83,0,1
3/21/2026 2:00,EDT,CAPITL,61757,38.66,0.83,0,1
3/21/2026 3:00,EDT,CAPITL,61757,37.14,0.8,0,1
3/21/2026 4:00,EDT,CAPITL,61757,37.5,0.77,0,1
3/21/2026 5:00,EDT,CAPITL,61757,39.28,0.92,0,1
3/21/2026 6:00,EDT,CAPITL,61757,43.9,1.28,0,1
3/21/2026 7:00,EDT,CAPITL,61757,51.58,1.45,0,1
3/21/2026 8:00,EDT,CAPITL,61757,48.99,1.15,0,1
3/21/2026 9:00,EDT,CAPITL,61757,44.05,0.91,0,1
3/21/2026 10:00,EDT,CAPITL,61757,37.06,0.58,0,1
3/21/2026 11:00,EDT,CAPITL,61757,34.32,0.61,0,1
3/21/2026 12:00,EDT,CAPITL,61757,30.59,0.39,0,1
3/21/2026 13:00,EDT,CAPITL,61757,29.45,0.32,0,1
3/21/2026 14:00,EDT,CAPITL,61757,28.03,0.28,0,1
3/21/2026 15:00,EDT,CAPITL,61757,29.1,0.32,0,1
3/21/2026 16:00,EDT,CAPITL,61757,32.66,0.55,0,1
3/21/2026 17:00,EDT,CAPITL,61757,43.38,0.93,0,1
3/21/2026 18:00,EDT,CAPITL,61757,54.49,1.38,0,1
3/21/2026 19:00,EDT,CAPITL,61757,58.95,1.72,0,1
3/21/2026 20:00,EDT,CAPITL,61757,56.03,1.58,0,1
3/21/2026 21:00,EDT,CAPITL,61757,48.78,1.33,0,1
3/21/2026 22:00,EDT,CAPITL,61757,42.9,1.17,0,1
3/21/2026 23:00,EDT,CAPITL,61757,39.22,1.03,0,1
3/22/2026 0:00,EDT,CAPITL,61757,40.31,1.21,0,1
3/22/2026 1:00,EDT,CAPITL,61757,37.99,1.14,0,1
3/22/2026 2:00,EDT,CAPITL,61757,36.54,1.24,0,1
3/22/2026 3:00,EDT,CAPITL,61757,35.22,1.22,0,1
3/22/2026 4:00,EDT,CAPITL,61757,35.13,1.22,0,1
3/22/2026 5:00,EDT,CAPITL,61757,36.23,1.29,0,1
3/22/2026 6:00,EDT,CAPITL,61757,38.63,1.45,0,1
3/22/2026 7:00,EDT,CAPITL,61757,38.47,1.3,0,1
3/22/2026 8:00,EDT,CAPITL,61757,41.07,1.27,0,1
3/22/2026 9:00,EDT,CAPITL,61757,46.25,1.39,0,1
3/22/2026 10:00,EDT,CAPITL,61757,40.16,1.24,0,1
3/22/2026 11:00,EDT,CAPITL,61757,39.35,1.18,0,1
3/22/2026 12:00,EDT,CAPITL,61757,38.43,1.12,0,1
3/22/2026 13:00,EDT,CAPITL,61757,39.13,1.06,0,1
3/22/2026 14:00,EDT,CAPITL,61757,38.07,1,0,1
3/22/2026 15:00,EDT,CAPITL,61757,40.07,0.98,0,1
3/22/2026 16:00,EDT,CAPITL,61757,45.58,1.24,0,1
3/22/2026 17:00,EDT,CAPITL,61757,49.28,1.57,0,1
3/22/2026 18:00,EDT,CAPITL,61757,53.88,1.82,0,1
3/22/2026 19:00,EDT,CAPITL,61757,55.87,1.94,0,1
3/22/2026 20:00,EDT,CAPITL,61757,55.42,1.82,0,1
3/22/2026 21:00,EDT,CAPITL,61757,48.58,1.6,0,1
3/22/2026 22:00,EDT,CAPITL,61757,42.55,1.32,0,1
3/22/2026 23:00,EDT,CAPITL,61757,38.97,1.06,0,1
3/23/2026 0:00,EDT,CAPITL,61757,38.04,1,0,1
3/23/2026 1:00,EDT,CAPITL,61757,36.29,0.95,0,1
3/23/2026 2:00,EDT,CAPITL,61757,36.21,0.95,0,1
3/23/2026 3:00,EDT,CAPITL,61757,35.45,0.86,0,1
3/23/2026 4:00,EDT,CAPITL,61757,36.19,0.85,0,1
3/23/2026 5:00,EDT,CAPITL,61757,39.48,1.26,0,1
3/23/2026 6:00,EDT,CAPITL,61757,48.53,1.78,0,1
3/23/2026 7:00,EDT,CAPITL,61757,56.45,1.96,0,1
3/23/2026 8:00,EDT,CAPITL,61757,64.68,2.19,0,1
3/23/2026 9:00,EDT,CAPITL,61757,60.8,1.88,0,1
3/23/2026 10:00,EDT,CAPITL,61757,54.51,1.68,-0.15,1
3/23/2026 11:00,EDT,CAPITL,61757,52.49,1.42,-0.27,1
3/23/2026 12:00,EDT,CAPITL,61757,49.53,1.3,-0.12,1
3/23/2026 13:00,EDT,CAPITL,61757,46.6,1.22,-0.24,1
3/23/2026 14:00,EDT,CAPITL,61757,44.12,1.15,-0.53,1
3/23/2026 15:00,EDT,CAPITL,61757,45.19,1.21,-0.61,1
3/23/2026 16:00,EDT,CAPITL,61757,50,1.45,0,1
3/23/2026 17:00,EDT,CAPITL,61757,54.92,1.75,0,1
3/23/2026 18:00,EDT,CAPITL,61757,59.76,2.3,0,1
3/23/2026 19:00,EDT,CAPITL,61757,71.6,2.62,0,1
3/23/2026 20:00,EDT,CAPITL,61757,67.12,2.58,0,1
3/23/2026 21:00,EDT,CAPITL,61757,58.67,2.36,0,1
3/23/2026 22:00,EDT,CAPITL,61757,50.44,1.7,0,1
3/23/2026 23:00,EDT,CAPITL,61757,44.17,1.29,0,1
3/24/2026 0:00,EDT,CAPITL,61757,48.19,1.13,0,1
3/24/2026 1:00,EDT,CAPITL,61757,45.65,1.15,0,1
3/24/2026 2:00,EDT,CAPITL,61757,43.96,1.07,0,1
3/24/2026 3:00,EDT,CAPITL,61757,43.8,1.02,0,1
3/24/2026 4:00,EDT,CAPITL,61757,45.8,0.94,0,1
3/24/2026 5:00,EDT,CAPITL,61757,49.66,1.12,0,1
3/24/2026 6:00,EDT,CAPITL,61757,71.6,1.95,0,1
3/24/2026 7:00,EDT,CAPITL,61757,110.45,3,0,1
3/24/2026 8:00,EDT,CAPITL,61757,65.57,1.48,0,1
3/24/2026 9:00,EDT,CAPITL,61757,42.69,0.78,-0.85,1
3/24/2026 10:00,EDT,CAPITL,61757,38.81,0.41,-1.04,1
3/24/2026 11:00,EDT,CAPITL,61757,37.27,0.37,-0.29,1
3/24/2026 12:00,EDT,CAPITL,61757,35.3,0.38,-0.23,1
3/24/2026 13:00,EDT,CAPITL,61757,34.02,0.4,-0.62,1
3/24/2026 14:00,EDT,CAPITL,61757,30.19,0.35,-0.67,1
3/24/2026 15:00,EDT,CAPITL,61757,32.64,0.51,-0.37,1
3/24/2026 16:00,EDT,CAPITL,61757,37.33,0.82,-0.8,1
3/24/2026 17:00,EDT,CAPITL,61757,45.76,1.2,-1.49,1
3/24/2026 18:00,EDT,CAPITL,61757,62.47,2.2,-0.79,1
3/24/2026 19:00,EDT,CAPITL,61757,72.58,2.68,-1.09,1
3/24/2026 20:00,EDT,CAPITL,61757,71.32,2.55,0,1
3/24/2026 21:00,EDT,CAPITL,61757,56,2,0,1
3/24/2026 22:00,EDT,CAPITL,61757,50.44,1.89,0,1
3/24/2026 23:00,EDT,CAPITL,61757,45,1.35,0,1
